@nix {"action":"start","id":148021752889344,"level":6,"parent":0,"text":"querying info about missing paths","type":0}
@nix {"action":"msg","level":1,"msg":"\u001b[35;1mwarning:\u001b[0m Ignoring dynamic derivation /tmp/obrador-shared-pins-linux/round-3-retry-after/chain-round-1-jobs-8/store/sghzf8454ds01ambbjxm76670774hd93-leaf-31.drv.drv^out while querying missing paths; not yet implemented"}
@nix {"action":"stop","id":148021752889344}
@nix {"action":"start","id":148021752889345,"level":0,"parent":0,"text":"","type":102}
@nix {"action":"start","id":148021752889346,"level":0,"parent":0,"text":"","type":104}
@nix {"action":"start","id":148021752889347,"level":0,"parent":0,"text":"","type":103}
@nix {"action":"result","fields":[0,0,0,0],"id":148021752889346,"type":105}
@nix {"action":"result","fields":[0,0,0,0],"id":148021752889347,"type":105}
@nix {"action":"result","fields":[101,0],"id":148021752889345,"type":106}
@nix {"action":"result","fields":[100,0],"id":148021752889345,"type":106}
@nix {"action":"result","fields":[0,0,0,0],"id":148021752889346,"type":105}
@nix {"action":"result","fields":[0,0,0,0],"id":148021752889347,"type":105}
@nix {"action":"result","fields":[101,0],"id":148021752889345,"type":106}
@nix {"action":"result","fields":[100,0],"id":148021752889345,"type":106}
@nix {"action":"result","fields":[0,1,0,0],"id":148021752889346,"type":105}
@nix {"action":"result","fields":[0,0,0,0],"id":148021752889347,"type":105}
@nix {"action":"result","fields":[101,0],"id":148021752889345,"type":106}
@nix {"action":"result","fields":[100,0],"id":148021752889345,"type":106}
@nix {"action":"result","fields":[0,1,0,0],"id":148021752889346,"type":105}
@nix {"action":"result","fields":[0,0,0,0],"id":148021752889347,"type":105}
@nix {"action":"result","fields":[101,0],"id":148021752889345,"type":106}
@nix {"action":"result","fields":[100,0],"id":148021752889345,"type":106}
@nix {"action":"result","fields":[0,1,0,0],"id":148021752889346,"type":105}
@nix {"action":"result","fields":[0,0,0,0],"id":148021752889347,"type":105}
@nix {"action":"result","fields":[101,0],"id":148021752889345,"type":106}
@nix {"action":"result","fields":[100,0],"id":148021752889345,"type":106}
@nix {"action":"result","fields":[0,2,0,0],"id":148021752889346,"type":105}
@nix {"action":"result","fields":[0,0,0,0],"id":148021752889347,"type":105}
@nix {"action":"result","fields":[101,0],"id":148021752889345,"type":106}
@nix {"action":"result","fields":[100,0],"id":148021752889345,"type":106}
@nix {"action":"result","fields":[0,2,0,0],"id":148021752889346,"type":105}
@nix {"action":"result","fields":[0,0,0,0],"id":148021752889347,"type":105}
@nix {"action":"result","fields":[101,0],"id":148021752889345,"type":106}
@nix {"action":"result","fields":[100,0],"id":148021752889345,"type":106}
@nix {"action":"result","fields":[0,2,0,0],"id":148021752889346,"type":105}
@nix {"action":"result","fields":[0,0,0,0],"id":148021752889347,"type":105}
@nix {"action":"result","fields":[101,0],"id":148021752889345,"type":106}
@nix {"action":"result","fields":[100,0],"id":148021752889345,"type":106}
@nix {"action":"result","fields":[0,3,0,0],"id":148021752889346,"type":105}
@nix {"action":"result","fields":[0,0,0,0],"id":148021752889347,"type":105}
@nix {"action":"result","fields":[101,0],"id":148021752889345,"type":106}
@nix {"action":"result","fields":[100,0],"id":148021752889345,"type":106}
@nix {"action":"result","fields":[0,3,0,0],"id":148021752889346,"type":105}
@nix {"action":"result","fields":[0,0,0,0],"id":148021752889347,"type":105}
@nix {"action":"result","fields":[101,0],"id":148021752889345,"type":106}
@nix {"action":"result","fields":[100,0],"id":148021752889345,"type":106}
@nix {"action":"result","fields":[0,3,0,0],"id":148021752889346,"type":105}
@nix {"action":"result","fields":[0,0,0,0],"id":148021752889347,"type":105}
@nix {"action":"result","fields":[101,0],"id":148021752889345,"type":106}
@nix {"action":"result","fields":[100,0],"id":148021752889345,"type":106}
@nix {"action":"result","fields":[0,4,0,0],"id":148021752889346,"type":105}
@nix {"action":"result","fields":[0,0,0,0],"id":148021752889347,"type":105}
@nix {"action":"result","fields":[101,0],"id":148021752889345,"type":106}
@nix {"action":"result","fields":[100,0],"id":148021752889345,"type":106}
@nix {"action":"result","fields":[0,4,0,0],"id":148021752889346,"type":105}
@nix {"action":"result","fields":[0,0,0,0],"id":148021752889347,"type":105}
@nix {"action":"result","fields":[101,0],"id":148021752889345,"type":106}
@nix {"action":"result","fields":[100,0],"id":148021752889345,"type":106}
@nix {"action":"result","fields":[0,4,0,0],"id":148021752889346,"type":105}
@nix {"action":"result","fields":[0,0,0,0],"id":148021752889347,"type":105}
@nix {"action":"result","fields":[101,0],"id":148021752889345,"type":106}
@nix {"action":"result","fields":[100,0],"id":148021752889345,"type":106}
@nix {"action":"result","fields":[0,5,0,0],"id":148021752889346,"type":105}
@nix {"action":"result","fields":[0,0,0,0],"id":148021752889347,"type":105}
@nix {"action":"result","fields":[101,0],"id":148021752889345,"type":106}
@nix {"action":"result","fields":[100,0],"id":148021752889345,"type":106}
@nix {"action":"result","fields":[0,5,0,0],"id":148021752889346,"type":105}
@nix {"action":"result","fields":[0,0,0,0],"id":148021752889347,"type":105}
@nix {"action":"result","fields":[101,0],"id":148021752889345,"type":106}
@nix {"action":"result","fields":[100,0],"id":148021752889345,"type":106}
@nix {"action":"result","fields":[0,5,0,0],"id":148021752889346,"type":105}
@nix {"action":"result","fields":[0,0,0,0],"id":148021752889347,"type":105}
@nix {"action":"result","fields":[101,0],"id":148021752889345,"type":106}
@nix {"action":"result","fields":[100,0],"id":148021752889345,"type":106}
@nix {"action":"result","fields":[0,6,0,0],"id":148021752889346,"type":105}
@nix {"action":"result","fields":[0,0,0,0],"id":148021752889347,"type":105}
@nix {"action":"result","fields":[101,0],"id":148021752889345,"type":106}
@nix {"action":"result","fields":[100,0],"id":148021752889345,"type":106}
@nix {"action":"result","fields":[0,6,0,0],"id":148021752889346,"type":105}
@nix {"action":"result","fields":[0,0,0,0],"id":148021752889347,"type":105}
@nix {"action":"result","fields":[101,0],"id":148021752889345,"type":106}
@nix {"action":"result","fields":[100,0],"id":148021752889345,"type":106}
@nix {"action":"result","fields":[0,6,0,0],"id":148021752889346,"type":105}
@nix {"action":"result","fields":[0,0,0,0],"id":148021752889347,"type":105}
@nix {"action":"result","fields":[101,0],"id":148021752889345,"type":106}
@nix {"action":"result","fields":[100,0],"id":148021752889345,"type":106}
@nix {"action":"result","fields":[0,7,0,0],"id":148021752889346,"type":105}
@nix {"action":"result","fields":[0,0,0,0],"id":148021752889347,"type":105}
@nix {"action":"result","fields":[101,0],"id":148021752889345,"type":106}
@nix {"action":"result","fields":[100,0],"id":148021752889345,"type":106}
@nix {"action":"result","fields":[0,7,0,0],"id":148021752889346,"type":105}
@nix {"action":"result","fields":[0,0,0,0],"id":148021752889347,"type":105}
@nix {"action":"result","fields":[101,0],"id":148021752889345,"type":106}
@nix {"action":"result","fields":[100,0],"id":148021752889345,"type":106}
@nix {"action":"result","fields":[0,7,0,0],"id":148021752889346,"type":105}
@nix {"action":"result","fields":[0,0,0,0],"id":148021752889347,"type":105}
@nix {"action":"result","fields":[101,0],"id":148021752889345,"type":106}
@nix {"action":"result","fields":[100,0],"id":148021752889345,"type":106}
@nix {"action":"result","fields":[0,8,0,0],"id":148021752889346,"type":105}
@nix {"action":"result","fields":[0,0,0,0],"id":148021752889347,"type":105}
@nix {"action":"result","fields":[101,0],"id":148021752889345,"type":106}
@nix {"action":"result","fields":[100,0],"id":148021752889345,"type":106}
@nix {"action":"result","fields":[0,8,0,0],"id":148021752889346,"type":105}
@nix {"action":"result","fields":[0,0,0,0],"id":148021752889347,"type":105}
@nix {"action":"result","fields":[101,0],"id":148021752889345,"type":106}
@nix {"action":"result","fields":[100,0],"id":148021752889345,"type":106}
@nix {"action":"result","fields":[0,8,0,0],"id":148021752889346,"type":105}
@nix {"action":"result","fields":[0,0,0,0],"id":148021752889347,"type":105}
@nix {"action":"result","fields":[101,0],"id":148021752889345,"type":106}
@nix {"action":"result","fields":[100,0],"id":148021752889345,"type":106}
@nix {"action":"result","fields":[0,9,0,0],"id":148021752889346,"type":105}
@nix {"action":"result","fields":[0,0,0,0],"id":148021752889347,"type":105}
@nix {"action":"result","fields":[101,0],"id":148021752889345,"type":106}
@nix {"action":"result","fields":[100,0],"id":148021752889345,"type":106}
@nix {"action":"result","fields":[0,9,0,0],"id":148021752889346,"type":105}
@nix {"action":"result","fields":[0,0,0,0],"id":148021752889347,"type":105}
@nix {"action":"result","fields":[101,0],"id":148021752889345,"type":106}
@nix {"action":"result","fields":[100,0],"id":148021752889345,"type":106}
@nix {"action":"result","fields":[0,9,0,0],"id":148021752889346,"type":105}
@nix {"action":"result","fields":[0,0,0,0],"id":148021752889347,"type":105}
@nix {"action":"result","fields":[101,0],"id":148021752889345,"type":106}
@nix {"action":"result","fields":[100,0],"id":148021752889345,"type":106}
@nix {"action":"result","fields":[0,10,0,0],"id":148021752889346,"type":105}
@nix {"action":"result","fields":[0,0,0,0],"id":148021752889347,"type":105}
@nix {"action":"result","fields":[101,0],"id":148021752889345,"type":106}
@nix {"action":"result","fields":[100,0],"id":148021752889345,"type":106}
@nix {"action":"result","fields":[0,10,0,0],"id":148021752889346,"type":105}
@nix {"action":"result","fields":[0,0,0,0],"id":148021752889347,"type":105}
@nix {"action":"result","fields":[101,0],"id":148021752889345,"type":106}
@nix {"action":"result","fields":[100,0],"id":148021752889345,"type":106}
@nix {"action":"result","fields":[0,10,0,0],"id":148021752889346,"type":105}
@nix {"action":"result","fields":[0,0,0,0],"id":148021752889347,"type":105}
@nix {"action":"result","fields":[101,0],"id":148021752889345,"type":106}
@nix {"action":"result","fields":[100,0],"id":148021752889345,"type":106}
@nix {"action":"result","fields":[0,11,0,0],"id":148021752889346,"type":105}
@nix {"action":"result","fields":[0,0,0,0],"id":148021752889347,"type":105}
@nix {"action":"result","fields":[101,0],"id":148021752889345,"type":106}
@nix {"action":"result","fields":[100,0],"id":148021752889345,"type":106}
@nix {"action":"result","fields":[0,11,0,0],"id":148021752889346,"type":105}
@nix {"action":"result","fields":[0,0,0,0],"id":148021752889347,"type":105}
@nix {"action":"result","fields":[101,0],"id":148021752889345,"type":106}
@nix {"action":"result","fields":[100,0],"id":148021752889345,"type":106}
@nix {"action":"result","fields":[0,11,0,0],"id":148021752889346,"type":105}
@nix {"action":"result","fields":[0,0,0,0],"id":148021752889347,"type":105}
@nix {"action":"result","fields":[101,0],"id":148021752889345,"type":106}
@nix {"action":"result","fields":[100,0],"id":148021752889345,"type":106}
@nix {"action":"result","fields":[0,12,0,0],"id":148021752889346,"type":105}
@nix {"action":"result","fields":[0,0,0,0],"id":148021752889347,"type":105}
@nix {"action":"result","fields":[101,0],"id":148021752889345,"type":106}
@nix {"action":"result","fields":[100,0],"id":148021752889345,"type":106}
@nix {"action":"result","fields":[0,12,0,0],"id":148021752889346,"type":105}
@nix {"action":"result","fields":[0,0,0,0],"id":148021752889347,"type":105}
@nix {"action":"result","fields":[101,0],"id":148021752889345,"type":106}
@nix {"action":"result","fields":[100,0],"id":148021752889345,"type":106}
@nix {"action":"result","fields":[0,12,0,0],"id":148021752889346,"type":105}
@nix {"action":"result","fields":[0,0,0,0],"id":148021752889347,"type":105}
@nix {"action":"result","fields":[101,0],"id":148021752889345,"type":106}
@nix {"action":"result","fields":[100,0],"id":148021752889345,"type":106}
@nix {"action":"result","fields":[0,13,0,0],"id":148021752889346,"type":105}
@nix {"action":"result","fields":[0,0,0,0],"id":148021752889347,"type":105}
@nix {"action":"result","fields":[101,0],"id":148021752889345,"type":106}
@nix {"action":"result","fields":[100,0],"id":148021752889345,"type":106}
@nix {"action":"result","fields":[0,13,0,0],"id":148021752889346,"type":105}
@nix {"action":"result","fields":[0,0,0,0],"id":148021752889347,"type":105}
@nix {"action":"result","fields":[101,0],"id":148021752889345,"type":106}
@nix {"action":"result","fields":[100,0],"id":148021752889345,"type":106}
@nix {"action":"result","fields":[0,13,0,0],"id":148021752889346,"type":105}
@nix {"action":"result","fields":[0,0,0,0],"id":148021752889347,"type":105}
@nix {"action":"result","fields":[101,0],"id":148021752889345,"type":106}
@nix {"action":"result","fields":[100,0],"id":148021752889345,"type":106}
@nix {"action":"result","fields":[0,14,0,0],"id":148021752889346,"type":105}
@nix {"action":"result","fields":[0,0,0,0],"id":148021752889347,"type":105}
@nix {"action":"result","fields":[101,0],"id":148021752889345,"type":106}
@nix {"action":"result","fields":[100,0],"id":148021752889345,"type":106}
@nix {"action":"result","fields":[0,14,0,0],"id":148021752889346,"type":105}
@nix {"action":"result","fields":[0,0,0,0],"id":148021752889347,"type":105}
@nix {"action":"result","fields":[101,0],"id":148021752889345,"type":106}
@nix {"action":"result","fields":[100,0],"id":148021752889345,"type":106}
@nix {"action":"result","fields":[0,14,0,0],"id":148021752889346,"type":105}
@nix {"action":"result","fields":[0,0,0,0],"id":148021752889347,"type":105}
@nix {"action":"result","fields":[101,0],"id":148021752889345,"type":106}
@nix {"action":"result","fields":[100,0],"id":148021752889345,"type":106}
@nix {"action":"result","fields":[0,15,0,0],"id":148021752889346,"type":105}
@nix {"action":"result","fields":[0,0,0,0],"id":148021752889347,"type":105}
@nix {"action":"result","fields":[101,0],"id":148021752889345,"type":106}
@nix {"action":"result","fields":[100,0],"id":148021752889345,"type":106}
@nix {"action":"result","fields":[0,15,0,0],"id":148021752889346,"type":105}
@nix {"action":"result","fields":[0,0,0,0],"id":148021752889347,"type":105}
@nix {"action":"result","fields":[101,0],"id":148021752889345,"type":106}
@nix {"action":"result","fields":[100,0],"id":148021752889345,"type":106}
@nix {"action":"result","fields":[0,15,0,0],"id":148021752889346,"type":105}
@nix {"action":"result","fields":[0,0,0,0],"id":148021752889347,"type":105}
@nix {"action":"result","fields":[101,0],"id":148021752889345,"type":106}
@nix {"action":"result","fields":[100,0],"id":148021752889345,"type":106}
@nix {"action":"result","fields":[0,16,0,0],"id":148021752889346,"type":105}
@nix {"action":"result","fields":[0,0,0,0],"id":148021752889347,"type":105}
@nix {"action":"result","fields":[101,0],"id":148021752889345,"type":106}
@nix {"action":"result","fields":[100,0],"id":148021752889345,"type":106}
@nix {"action":"result","fields":[0,16,0,0],"id":148021752889346,"type":105}
@nix {"action":"result","fields":[0,0,0,0],"id":148021752889347,"type":105}
@nix {"action":"result","fields":[101,0],"id":148021752889345,"type":106}
@nix {"action":"result","fields":[100,0],"id":148021752889345,"type":106}
@nix {"action":"result","fields":[0,16,0,0],"id":148021752889346,"type":105}
@nix {"action":"result","fields":[0,0,0,0],"id":148021752889347,"type":105}
@nix {"action":"result","fields":[101,0],"id":148021752889345,"type":106}
@nix {"action":"result","fields":[100,0],"id":148021752889345,"type":106}
@nix {"action":"result","fields":[0,17,0,0],"id":148021752889346,"type":105}
@nix {"action":"result","fields":[0,0,0,0],"id":148021752889347,"type":105}
@nix {"action":"result","fields":[101,0],"id":148021752889345,"type":106}
@nix {"action":"result","fields":[100,0],"id":148021752889345,"type":106}
@nix {"action":"result","fields":[0,17,0,0],"id":148021752889346,"type":105}
@nix {"action":"result","fields":[0,0,0,0],"id":148021752889347,"type":105}
@nix {"action":"result","fields":[101,0],"id":148021752889345,"type":106}
@nix {"action":"result","fields":[100,0],"id":148021752889345,"type":106}
@nix {"action":"result","fields":[0,17,0,0],"id":148021752889346,"type":105}
@nix {"action":"result","fields":[0,0,0,0],"id":148021752889347,"type":105}
@nix {"action":"result","fields":[101,0],"id":148021752889345,"type":106}
@nix {"action":"result","fields":[100,0],"id":148021752889345,"type":106}
@nix {"action":"result","fields":[0,18,0,0],"id":148021752889346,"type":105}
@nix {"action":"result","fields":[0,0,0,0],"id":148021752889347,"type":105}
@nix {"action":"result","fields":[101,0],"id":148021752889345,"type":106}
@nix {"action":"result","fields":[100,0],"id":148021752889345,"type":106}
@nix {"action":"result","fields":[0,18,0,0],"id":148021752889346,"type":105}
@nix {"action":"result","fields":[0,0,0,0],"id":148021752889347,"type":105}
@nix {"action":"result","fields":[101,0],"id":148021752889345,"type":106}
@nix {"action":"result","fields":[100,0],"id":148021752889345,"type":106}
@nix {"action":"result","fields":[0,18,0,0],"id":148021752889346,"type":105}
@nix {"action":"result","fields":[0,0,0,0],"id":148021752889347,"type":105}
@nix {"action":"result","fields":[101,0],"id":148021752889345,"type":106}
@nix {"action":"result","fields":[100,0],"id":148021752889345,"type":106}
@nix {"action":"result","fields":[0,19,0,0],"id":148021752889346,"type":105}
@nix {"action":"result","fields":[0,0,0,0],"id":148021752889347,"type":105}
@nix {"action":"result","fields":[101,0],"id":148021752889345,"type":106}
@nix {"action":"result","fields":[100,0],"id":148021752889345,"type":106}
@nix {"action":"result","fields":[0,19,0,0],"id":148021752889346,"type":105}
@nix {"action":"result","fields":[0,0,0,0],"id":148021752889347,"type":105}
@nix {"action":"result","fields":[101,0],"id":148021752889345,"type":106}
@nix {"action":"result","fields":[100,0],"id":148021752889345,"type":106}
@nix {"action":"result","fields":[0,19,0,0],"id":148021752889346,"type":105}
@nix {"action":"result","fields":[0,0,0,0],"id":148021752889347,"type":105}
@nix {"action":"result","fields":[101,0],"id":148021752889345,"type":106}
@nix {"action":"result","fields":[100,0],"id":148021752889345,"type":106}
@nix {"action":"result","fields":[0,20,0,0],"id":148021752889346,"type":105}
@nix {"action":"result","fields":[0,0,0,0],"id":148021752889347,"type":105}
@nix {"action":"result","fields":[101,0],"id":148021752889345,"type":106}
@nix {"action":"result","fields":[100,0],"id":148021752889345,"type":106}
@nix {"action":"result","fields":[0,20,0,0],"id":148021752889346,"type":105}
@nix {"action":"result","fields":[0,0,0,0],"id":148021752889347,"type":105}
@nix {"action":"result","fields":[101,0],"id":148021752889345,"type":106}
@nix {"action":"result","fields":[100,0],"id":148021752889345,"type":106}
@nix {"action":"result","fields":[0,20,0,0],"id":148021752889346,"type":105}
@nix {"action":"result","fields":[0,0,0,0],"id":148021752889347,"type":105}
@nix {"action":"result","fields":[101,0],"id":148021752889345,"type":106}
@nix {"action":"result","fields":[100,0],"id":148021752889345,"type":106}
@nix {"action":"result","fields":[0,21,0,0],"id":148021752889346,"type":105}
@nix {"action":"result","fields":[0,0,0,0],"id":148021752889347,"type":105}
@nix {"action":"result","fields":[101,0],"id":148021752889345,"type":106}
@nix {"action":"result","fields":[100,0],"id":148021752889345,"type":106}
@nix {"action":"result","fields":[0,21,0,0],"id":148021752889346,"type":105}
@nix {"action":"result","fields":[0,0,0,0],"id":148021752889347,"type":105}
@nix {"action":"result","fields":[101,0],"id":148021752889345,"type":106}
@nix {"action":"result","fields":[100,0],"id":148021752889345,"type":106}
@nix {"action":"result","fields":[0,21,0,0],"id":148021752889346,"type":105}
@nix {"action":"result","fields":[0,0,0,0],"id":148021752889347,"type":105}
@nix {"action":"result","fields":[101,0],"id":148021752889345,"type":106}
@nix {"action":"result","fields":[100,0],"id":148021752889345,"type":106}
@nix {"action":"result","fields":[0,22,0,0],"id":148021752889346,"type":105}
@nix {"action":"result","fields":[0,0,0,0],"id":148021752889347,"type":105}
@nix {"action":"result","fields":[101,0],"id":148021752889345,"type":106}
@nix {"action":"result","fields":[100,0],"id":148021752889345,"type":106}
@nix {"action":"result","fields":[0,22,0,0],"id":148021752889346,"type":105}
@nix {"action":"result","fields":[0,0,0,0],"id":148021752889347,"type":105}
@nix {"action":"result","fields":[101,0],"id":148021752889345,"type":106}
@nix {"action":"result","fields":[100,0],"id":148021752889345,"type":106}
@nix {"action":"result","fields":[0,22,0,0],"id":148021752889346,"type":105}
@nix {"action":"result","fields":[0,0,0,0],"id":148021752889347,"type":105}
@nix {"action":"result","fields":[101,0],"id":148021752889345,"type":106}
@nix {"action":"result","fields":[100,0],"id":148021752889345,"type":106}
@nix {"action":"result","fields":[0,23,0,0],"id":148021752889346,"type":105}
@nix {"action":"result","fields":[0,0,0,0],"id":148021752889347,"type":105}
@nix {"action":"result","fields":[101,0],"id":148021752889345,"type":106}
@nix {"action":"result","fields":[100,0],"id":148021752889345,"type":106}
@nix {"action":"result","fields":[0,23,0,0],"id":148021752889346,"type":105}
@nix {"action":"result","fields":[0,0,0,0],"id":148021752889347,"type":105}
@nix {"action":"result","fields":[101,0],"id":148021752889345,"type":106}
@nix {"action":"result","fields":[100,0],"id":148021752889345,"type":106}
@nix {"action":"result","fields":[0,23,0,0],"id":148021752889346,"type":105}
@nix {"action":"result","fields":[0,0,0,0],"id":148021752889347,"type":105}
@nix {"action":"result","fields":[101,0],"id":148021752889345,"type":106}
@nix {"action":"result","fields":[100,0],"id":148021752889345,"type":106}
@nix {"action":"result","fields":[0,24,0,0],"id":148021752889346,"type":105}
@nix {"action":"result","fields":[0,0,0,0],"id":148021752889347,"type":105}
@nix {"action":"result","fields":[101,0],"id":148021752889345,"type":106}
@nix {"action":"result","fields":[100,0],"id":148021752889345,"type":106}
@nix {"action":"result","fields":[0,24,0,0],"id":148021752889346,"type":105}
@nix {"action":"result","fields":[0,0,0,0],"id":148021752889347,"type":105}
@nix {"action":"result","fields":[101,0],"id":148021752889345,"type":106}
@nix {"action":"result","fields":[100,0],"id":148021752889345,"type":106}
@nix {"action":"result","fields":[0,24,0,0],"id":148021752889346,"type":105}
@nix {"action":"result","fields":[0,0,0,0],"id":148021752889347,"type":105}
@nix {"action":"result","fields":[101,0],"id":148021752889345,"type":106}
@nix {"action":"result","fields":[100,0],"id":148021752889345,"type":106}
@nix {"action":"result","fields":[0,25,0,0],"id":148021752889346,"type":105}
@nix {"action":"result","fields":[0,0,0,0],"id":148021752889347,"type":105}
@nix {"action":"result","fields":[101,0],"id":148021752889345,"type":106}
@nix {"action":"result","fields":[100,0],"id":148021752889345,"type":106}
@nix {"action":"result","fields":[0,25,0,0],"id":148021752889346,"type":105}
@nix {"action":"result","fields":[0,0,0,0],"id":148021752889347,"type":105}
@nix {"action":"result","fields":[101,0],"id":148021752889345,"type":106}
@nix {"action":"result","fields":[100,0],"id":148021752889345,"type":106}
@nix {"action":"result","fields":[0,25,0,0],"id":148021752889346,"type":105}
@nix {"action":"result","fields":[0,0,0,0],"id":148021752889347,"type":105}
@nix {"action":"result","fields":[101,0],"id":148021752889345,"type":106}
@nix {"action":"result","fields":[100,0],"id":148021752889345,"type":106}
@nix {"action":"result","fields":[0,26,0,0],"id":148021752889346,"type":105}
@nix {"action":"result","fields":[0,0,0,0],"id":148021752889347,"type":105}
@nix {"action":"result","fields":[101,0],"id":148021752889345,"type":106}
@nix {"action":"result","fields":[100,0],"id":148021752889345,"type":106}
@nix {"action":"result","fields":[0,26,0,0],"id":148021752889346,"type":105}
@nix {"action":"result","fields":[0,0,0,0],"id":148021752889347,"type":105}
@nix {"action":"result","fields":[101,0],"id":148021752889345,"type":106}
@nix {"action":"result","fields":[100,0],"id":148021752889345,"type":106}
@nix {"action":"result","fields":[0,26,0,0],"id":148021752889346,"type":105}
@nix {"action":"result","fields":[0,0,0,0],"id":148021752889347,"type":105}
@nix {"action":"result","fields":[101,0],"id":148021752889345,"type":106}
@nix {"action":"result","fields":[100,0],"id":148021752889345,"type":106}
@nix {"action":"result","fields":[0,27,0,0],"id":148021752889346,"type":105}
@nix {"action":"result","fields":[0,0,0,0],"id":148021752889347,"type":105}
@nix {"action":"result","fields":[101,0],"id":148021752889345,"type":106}
@nix {"action":"result","fields":[100,0],"id":148021752889345,"type":106}
@nix {"action":"result","fields":[0,27,0,0],"id":148021752889346,"type":105}
@nix {"action":"result","fields":[0,0,0,0],"id":148021752889347,"type":105}
@nix {"action":"result","fields":[101,0],"id":148021752889345,"type":106}
@nix {"action":"result","fields":[100,0],"id":148021752889345,"type":106}
@nix {"action":"result","fields":[0,27,0,0],"id":148021752889346,"type":105}
@nix {"action":"result","fields":[0,0,0,0],"id":148021752889347,"type":105}
@nix {"action":"result","fields":[101,0],"id":148021752889345,"type":106}
@nix {"action":"result","fields":[100,0],"id":148021752889345,"type":106}
@nix {"action":"result","fields":[0,28,0,0],"id":148021752889346,"type":105}
@nix {"action":"result","fields":[0,0,0,0],"id":148021752889347,"type":105}
@nix {"action":"result","fields":[101,0],"id":148021752889345,"type":106}
@nix {"action":"result","fields":[100,0],"id":148021752889345,"type":106}
@nix {"action":"result","fields":[0,28,0,0],"id":148021752889346,"type":105}
@nix {"action":"result","fields":[0,0,0,0],"id":148021752889347,"type":105}
@nix {"action":"result","fields":[101,0],"id":148021752889345,"type":106}
@nix {"action":"result","fields":[100,0],"id":148021752889345,"type":106}
@nix {"action":"result","fields":[0,28,0,0],"id":148021752889346,"type":105}
@nix {"action":"result","fields":[0,0,0,0],"id":148021752889347,"type":105}
@nix {"action":"result","fields":[101,0],"id":148021752889345,"type":106}
@nix {"action":"result","fields":[100,0],"id":148021752889345,"type":106}
@nix {"action":"result","fields":[0,29,0,0],"id":148021752889346,"type":105}
@nix {"action":"result","fields":[0,0,0,0],"id":148021752889347,"type":105}
@nix {"action":"result","fields":[101,0],"id":148021752889345,"type":106}
@nix {"action":"result","fields":[100,0],"id":148021752889345,"type":106}
@nix {"action":"result","fields":[0,29,0,0],"id":148021752889346,"type":105}
@nix {"action":"result","fields":[0,0,0,0],"id":148021752889347,"type":105}
@nix {"action":"result","fields":[101,0],"id":148021752889345,"type":106}
@nix {"action":"result","fields":[100,0],"id":148021752889345,"type":106}
@nix {"action":"result","fields":[0,29,0,0],"id":148021752889346,"type":105}
@nix {"action":"result","fields":[0,0,0,0],"id":148021752889347,"type":105}
@nix {"action":"result","fields":[101,0],"id":148021752889345,"type":106}
@nix {"action":"result","fields":[100,0],"id":148021752889345,"type":106}
@nix {"action":"result","fields":[0,30,0,0],"id":148021752889346,"type":105}
@nix {"action":"result","fields":[0,0,0,0],"id":148021752889347,"type":105}
@nix {"action":"result","fields":[101,0],"id":148021752889345,"type":106}
@nix {"action":"result","fields":[100,0],"id":148021752889345,"type":106}
@nix {"action":"result","fields":[0,30,0,0],"id":148021752889346,"type":105}
@nix {"action":"result","fields":[0,0,0,0],"id":148021752889347,"type":105}
@nix {"action":"result","fields":[101,0],"id":148021752889345,"type":106}
@nix {"action":"result","fields":[100,0],"id":148021752889345,"type":106}
@nix {"action":"result","fields":[0,30,0,0],"id":148021752889346,"type":105}
@nix {"action":"result","fields":[0,0,0,0],"id":148021752889347,"type":105}
@nix {"action":"result","fields":[101,0],"id":148021752889345,"type":106}
@nix {"action":"result","fields":[100,0],"id":148021752889345,"type":106}
@nix {"action":"result","fields":[0,31,0,0],"id":148021752889346,"type":105}
@nix {"action":"result","fields":[0,0,0,0],"id":148021752889347,"type":105}
@nix {"action":"result","fields":[101,0],"id":148021752889345,"type":106}
@nix {"action":"result","fields":[100,0],"id":148021752889345,"type":106}
@nix {"action":"result","fields":[0,31,0,0],"id":148021752889346,"type":105}
@nix {"action":"result","fields":[0,0,0,0],"id":148021752889347,"type":105}
@nix {"action":"result","fields":[101,0],"id":148021752889345,"type":106}
@nix {"action":"result","fields":[100,0],"id":148021752889345,"type":106}
@nix {"action":"result","fields":[0,31,0,0],"id":148021752889346,"type":105}
@nix {"action":"result","fields":[0,0,0,0],"id":148021752889347,"type":105}
@nix {"action":"result","fields":[101,0],"id":148021752889345,"type":106}
@nix {"action":"result","fields":[100,0],"id":148021752889345,"type":106}
@nix {"action":"result","fields":[0,32,0,0],"id":148021752889346,"type":105}
@nix {"action":"result","fields":[0,0,0,0],"id":148021752889347,"type":105}
@nix {"action":"result","fields":[101,0],"id":148021752889345,"type":106}
@nix {"action":"result","fields":[100,0],"id":148021752889345,"type":106}
@nix {"action":"start","fields":["/tmp/obrador-shared-pins-linux/round-3-retry-after/chain-round-1-jobs-8/store/94977yj37r4y789gq3fb2am8adl125n9-leaf-0.drv.drv","",1,1],"id":148021752889348,"level":3,"parent":0,"text":"building '/tmp/obrador-shared-pins-linux/round-3-retry-after/chain-round-1-jobs-8/store/94977yj37r4y789gq3fb2am8adl125n9-leaf-0.drv.drv'","type":105}
@nix {"action":"result","fields":[0,32,1,0],"id":148021752889346,"type":105}
@nix {"action":"result","fields":[0,0,0,0],"id":148021752889347,"type":105}
@nix {"action":"result","fields":[101,0],"id":148021752889345,"type":106}
@nix {"action":"result","fields":[100,0],"id":148021752889345,"type":106}
@nix {"action":"result","fields":[1,33,0,0],"id":148021752889346,"type":105}
@nix {"action":"result","fields":[0,0,0,0],"id":148021752889347,"type":105}
@nix {"action":"result","fields":[101,0],"id":148021752889345,"type":106}
@nix {"action":"result","fields":[100,0],"id":148021752889345,"type":106}
@nix {"action":"stop","id":148021752889348}
@nix {"action":"result","fields":[1,33,0,0],"id":148021752889346,"type":105}
@nix {"action":"result","fields":[0,0,0,0],"id":148021752889347,"type":105}
@nix {"action":"result","fields":[101,0],"id":148021752889345,"type":106}
@nix {"action":"result","fields":[100,0],"id":148021752889345,"type":106}
@nix {"action":"start","fields":["/tmp/obrador-shared-pins-linux/round-3-retry-after/chain-round-1-jobs-8/store/daa9194rd8w2p6dnylxwmjmr9wcf352n-leaf-0.drv","",1,1],"id":148021752889349,"level":3,"parent":0,"text":"building '/tmp/obrador-shared-pins-linux/round-3-retry-after/chain-round-1-jobs-8/store/daa9194rd8w2p6dnylxwmjmr9wcf352n-leaf-0.drv'","type":105}
@nix {"action":"result","fields":[1,33,1,0],"id":148021752889346,"type":105}
@nix {"action":"result","fields":[0,0,0,0],"id":148021752889347,"type":105}
@nix {"action":"result","fields":[101,0],"id":148021752889345,"type":106}
@nix {"action":"result","fields":[100,0],"id":148021752889345,"type":106}
@nix {"action":"result","fields":[2,34,0,0],"id":148021752889346,"type":105}
@nix {"action":"result","fields":[0,0,0,0],"id":148021752889347,"type":105}
@nix {"action":"result","fields":[101,0],"id":148021752889345,"type":106}
@nix {"action":"result","fields":[100,0],"id":148021752889345,"type":106}
@nix {"action":"stop","id":148021752889349}
@nix {"action":"start","fields":["/tmp/obrador-shared-pins-linux/round-3-retry-after/chain-round-1-jobs-8/store/lcljayh6i9kxwiq2qb6alsjb4a4714f7-leaf-1.drv.drv","/tmp/obrador-shared-pins-linux/round-3-retry-after/chain-round-1-jobs-8/store/j730f9hl68z1pbm5zlm0sr8n43f2xrd5-leaf-1.drv.drv"],"id":148021752889350,"level":3,"parent":0,"text":"resolved derivation: '/tmp/obrador-shared-pins-linux/round-3-retry-after/chain-round-1-jobs-8/store/lcljayh6i9kxwiq2qb6alsjb4a4714f7-leaf-1.drv.drv' -> '/tmp/obrador-shared-pins-linux/round-3-retry-after/chain-round-1-jobs-8/store/j730f9hl68z1pbm5zlm0sr8n43f2xrd5-leaf-1.drv.drv'","type":111}
@nix {"action":"result","fields":[2,34,0,0],"id":148021752889346,"type":105}
@nix {"action":"result","fields":[0,0,0,0],"id":148021752889347,"type":105}
@nix {"action":"result","fields":[101,0],"id":148021752889345,"type":106}
@nix {"action":"result","fields":[100,0],"id":148021752889345,"type":106}
@nix {"action":"start","fields":["/tmp/obrador-shared-pins-linux/round-3-retry-after/chain-round-1-jobs-8/store/j730f9hl68z1pbm5zlm0sr8n43f2xrd5-leaf-1.drv.drv","",1,1],"id":148021752889351,"level":3,"parent":0,"text":"building '/tmp/obrador-shared-pins-linux/round-3-retry-after/chain-round-1-jobs-8/store/j730f9hl68z1pbm5zlm0sr8n43f2xrd5-leaf-1.drv.drv'","type":105}
@nix {"action":"result","fields":[2,34,1,0],"id":148021752889346,"type":105}
@nix {"action":"result","fields":[0,0,0,0],"id":148021752889347,"type":105}
@nix {"action":"result","fields":[101,0],"id":148021752889345,"type":106}
@nix {"action":"result","fields":[100,0],"id":148021752889345,"type":106}
@nix {"action":"result","fields":[3,35,0,0],"id":148021752889346,"type":105}
@nix {"action":"result","fields":[0,0,0,0],"id":148021752889347,"type":105}
@nix {"action":"result","fields":[101,0],"id":148021752889345,"type":106}
@nix {"action":"result","fields":[100,0],"id":148021752889345,"type":106}
@nix {"action":"stop","id":148021752889351}
@nix {"action":"result","fields":[4,35,0,0],"id":148021752889346,"type":105}
@nix {"action":"result","fields":[0,0,0,0],"id":148021752889347,"type":105}
@nix {"action":"result","fields":[101,0],"id":148021752889345,"type":106}
@nix {"action":"result","fields":[100,0],"id":148021752889345,"type":106}
@nix {"action":"stop","id":148021752889350}
@nix {"action":"result","fields":[4,35,0,0],"id":148021752889346,"type":105}
@nix {"action":"result","fields":[0,0,0,0],"id":148021752889347,"type":105}
@nix {"action":"result","fields":[101,0],"id":148021752889345,"type":106}
@nix {"action":"result","fields":[100,0],"id":148021752889345,"type":106}
@nix {"action":"start","fields":["/tmp/obrador-shared-pins-linux/round-3-retry-after/chain-round-1-jobs-8/store/xhgmzcn8f5l8d1q9raa9pmjnl7z4d4q1-leaf-1.drv","",1,1],"id":148021752889352,"level":3,"parent":0,"text":"building '/tmp/obrador-shared-pins-linux/round-3-retry-after/chain-round-1-jobs-8/store/xhgmzcn8f5l8d1q9raa9pmjnl7z4d4q1-leaf-1.drv'","type":105}
@nix {"action":"result","fields":[4,35,1,0],"id":148021752889346,"type":105}
@nix {"action":"result","fields":[0,0,0,0],"id":148021752889347,"type":105}
@nix {"action":"result","fields":[101,0],"id":148021752889345,"type":106}
@nix {"action":"result","fields":[100,0],"id":148021752889345,"type":106}
@nix {"action":"result","fields":[5,36,0,0],"id":148021752889346,"type":105}
@nix {"action":"result","fields":[0,0,0,0],"id":148021752889347,"type":105}
@nix {"action":"result","fields":[101,0],"id":148021752889345,"type":106}
@nix {"action":"result","fields":[100,0],"id":148021752889345,"type":106}
@nix {"action":"stop","id":148021752889352}
@nix {"action":"start","fields":["/tmp/obrador-shared-pins-linux/round-3-retry-after/chain-round-1-jobs-8/store/sjzmpm4vdppq1zj7pqxsjiqmr4y31plm-leaf-2.drv.drv","/tmp/obrador-shared-pins-linux/round-3-retry-after/chain-round-1-jobs-8/store/g3kyzij0iyjkpiqjaaw3j90hn6s4llvh-leaf-2.drv.drv"],"id":148021752889353,"level":3,"parent":0,"text":"resolved derivation: '/tmp/obrador-shared-pins-linux/round-3-retry-after/chain-round-1-jobs-8/store/sjzmpm4vdppq1zj7pqxsjiqmr4y31plm-leaf-2.drv.drv' -> '/tmp/obrador-shared-pins-linux/round-3-retry-after/chain-round-1-jobs-8/store/g3kyzij0iyjkpiqjaaw3j90hn6s4llvh-leaf-2.drv.drv'","type":111}
@nix {"action":"result","fields":[5,36,0,0],"id":148021752889346,"type":105}
@nix {"action":"result","fields":[0,0,0,0],"id":148021752889347,"type":105}
@nix {"action":"result","fields":[101,0],"id":148021752889345,"type":106}
@nix {"action":"result","fields":[100,0],"id":148021752889345,"type":106}
@nix {"action":"start","fields":["/tmp/obrador-shared-pins-linux/round-3-retry-after/chain-round-1-jobs-8/store/g3kyzij0iyjkpiqjaaw3j90hn6s4llvh-leaf-2.drv.drv","",1,1],"id":148021752889354,"level":3,"parent":0,"text":"building '/tmp/obrador-shared-pins-linux/round-3-retry-after/chain-round-1-jobs-8/store/g3kyzij0iyjkpiqjaaw3j90hn6s4llvh-leaf-2.drv.drv'","type":105}
@nix {"action":"result","fields":[5,36,1,0],"id":148021752889346,"type":105}
@nix {"action":"result","fields":[0,0,0,0],"id":148021752889347,"type":105}
@nix {"action":"result","fields":[101,0],"id":148021752889345,"type":106}
@nix {"action":"result","fields":[100,0],"id":148021752889345,"type":106}
@nix {"action":"result","fields":[6,37,0,0],"id":148021752889346,"type":105}
@nix {"action":"result","fields":[0,0,0,0],"id":148021752889347,"type":105}
@nix {"action":"result","fields":[101,0],"id":148021752889345,"type":106}
@nix {"action":"result","fields":[100,0],"id":148021752889345,"type":106}
@nix {"action":"stop","id":148021752889354}
@nix {"action":"result","fields":[7,37,0,0],"id":148021752889346,"type":105}
@nix {"action":"result","fields":[0,0,0,0],"id":148021752889347,"type":105}
@nix {"action":"result","fields":[101,0],"id":148021752889345,"type":106}
@nix {"action":"result","fields":[100,0],"id":148021752889345,"type":106}
@nix {"action":"stop","id":148021752889353}
@nix {"action":"result","fields":[7,37,0,0],"id":148021752889346,"type":105}
@nix {"action":"result","fields":[0,0,0,0],"id":148021752889347,"type":105}
@nix {"action":"result","fields":[101,0],"id":148021752889345,"type":106}
@nix {"action":"result","fields":[100,0],"id":148021752889345,"type":106}
@nix {"action":"start","fields":["/tmp/obrador-shared-pins-linux/round-3-retry-after/chain-round-1-jobs-8/store/qg0i0q2zpf98kxv1slr34ipz5n41kdq7-leaf-2.drv","",1,1],"id":148021752889355,"level":3,"parent":0,"text":"building '/tmp/obrador-shared-pins-linux/round-3-retry-after/chain-round-1-jobs-8/store/qg0i0q2zpf98kxv1slr34ipz5n41kdq7-leaf-2.drv'","type":105}
@nix {"action":"result","fields":[7,37,1,0],"id":148021752889346,"type":105}
@nix {"action":"result","fields":[0,0,0,0],"id":148021752889347,"type":105}
@nix {"action":"result","fields":[101,0],"id":148021752889345,"type":106}
@nix {"action":"result","fields":[100,0],"id":148021752889345,"type":106}
@nix {"action":"result","fields":[8,38,0,0],"id":148021752889346,"type":105}
@nix {"action":"result","fields":[0,0,0,0],"id":148021752889347,"type":105}
@nix {"action":"result","fields":[101,0],"id":148021752889345,"type":106}
@nix {"action":"result","fields":[100,0],"id":148021752889345,"type":106}
@nix {"action":"stop","id":148021752889355}
@nix {"action":"start","fields":["/tmp/obrador-shared-pins-linux/round-3-retry-after/chain-round-1-jobs-8/store/90w1niahj0vxwrv3cmg4jwqwrmrn5ibs-leaf-3.drv.drv","/tmp/obrador-shared-pins-linux/round-3-retry-after/chain-round-1-jobs-8/store/s40lw1dmn0vzk4qczd1hmxzaqlbmv645-leaf-3.drv.drv"],"id":148021752889356,"level":3,"parent":0,"text":"resolved derivation: '/tmp/obrador-shared-pins-linux/round-3-retry-after/chain-round-1-jobs-8/store/90w1niahj0vxwrv3cmg4jwqwrmrn5ibs-leaf-3.drv.drv' -> '/tmp/obrador-shared-pins-linux/round-3-retry-after/chain-round-1-jobs-8/store/s40lw1dmn0vzk4qczd1hmxzaqlbmv645-leaf-3.drv.drv'","type":111}
@nix {"action":"result","fields":[8,38,0,0],"id":148021752889346,"type":105}
@nix {"action":"result","fields":[0,0,0,0],"id":148021752889347,"type":105}
@nix {"action":"result","fields":[101,0],"id":148021752889345,"type":106}
@nix {"action":"result","fields":[100,0],"id":148021752889345,"type":106}
@nix {"action":"start","fields":["/tmp/obrador-shared-pins-linux/round-3-retry-after/chain-round-1-jobs-8/store/s40lw1dmn0vzk4qczd1hmxzaqlbmv645-leaf-3.drv.drv","",1,1],"id":148021752889357,"level":3,"parent":0,"text":"building '/tmp/obrador-shared-pins-linux/round-3-retry-after/chain-round-1-jobs-8/store/s40lw1dmn0vzk4qczd1hmxzaqlbmv645-leaf-3.drv.drv'","type":105}
@nix {"action":"result","fields":[8,38,1,0],"id":148021752889346,"type":105}
@nix {"action":"result","fields":[0,0,0,0],"id":148021752889347,"type":105}
@nix {"action":"result","fields":[101,0],"id":148021752889345,"type":106}
@nix {"action":"result","fields":[100,0],"id":148021752889345,"type":106}
@nix {"action":"result","fields":[9,39,0,0],"id":148021752889346,"type":105}
@nix {"action":"result","fields":[0,0,0,0],"id":148021752889347,"type":105}
@nix {"action":"result","fields":[101,0],"id":148021752889345,"type":106}
@nix {"action":"result","fields":[100,0],"id":148021752889345,"type":106}
@nix {"action":"stop","id":148021752889357}
@nix {"action":"result","fields":[10,39,0,0],"id":148021752889346,"type":105}
@nix {"action":"result","fields":[0,0,0,0],"id":148021752889347,"type":105}
@nix {"action":"result","fields":[101,0],"id":148021752889345,"type":106}
@nix {"action":"result","fields":[100,0],"id":148021752889345,"type":106}
@nix {"action":"stop","id":148021752889356}
@nix {"action":"result","fields":[10,39,0,0],"id":148021752889346,"type":105}
@nix {"action":"result","fields":[0,0,0,0],"id":148021752889347,"type":105}
@nix {"action":"result","fields":[101,0],"id":148021752889345,"type":106}
@nix {"action":"result","fields":[100,0],"id":148021752889345,"type":106}
@nix {"action":"start","fields":["/tmp/obrador-shared-pins-linux/round-3-retry-after/chain-round-1-jobs-8/store/3di3q7nvcrw4kdn6vlvjyq2dky6cmwmc-leaf-3.drv","",1,1],"id":148021752889358,"level":3,"parent":0,"text":"building '/tmp/obrador-shared-pins-linux/round-3-retry-after/chain-round-1-jobs-8/store/3di3q7nvcrw4kdn6vlvjyq2dky6cmwmc-leaf-3.drv'","type":105}
@nix {"action":"result","fields":[10,39,1,0],"id":148021752889346,"type":105}
@nix {"action":"result","fields":[0,0,0,0],"id":148021752889347,"type":105}
@nix {"action":"result","fields":[101,0],"id":148021752889345,"type":106}
@nix {"action":"result","fields":[100,0],"id":148021752889345,"type":106}
@nix {"action":"result","fields":[11,40,0,0],"id":148021752889346,"type":105}
@nix {"action":"result","fields":[0,0,0,0],"id":148021752889347,"type":105}
@nix {"action":"result","fields":[101,0],"id":148021752889345,"type":106}
@nix {"action":"result","fields":[100,0],"id":148021752889345,"type":106}
@nix {"action":"stop","id":148021752889358}
@nix {"action":"start","fields":["/tmp/obrador-shared-pins-linux/round-3-retry-after/chain-round-1-jobs-8/store/yyiryydjixvmay510y57fnnhbr6siivf-leaf-4.drv.drv","/tmp/obrador-shared-pins-linux/round-3-retry-after/chain-round-1-jobs-8/store/kzml3gsiwb8jz1j41l1gbnd0wyfiijj1-leaf-4.drv.drv"],"id":148021752889359,"level":3,"parent":0,"text":"resolved derivation: '/tmp/obrador-shared-pins-linux/round-3-retry-after/chain-round-1-jobs-8/store/yyiryydjixvmay510y57fnnhbr6siivf-leaf-4.drv.drv' -> '/tmp/obrador-shared-pins-linux/round-3-retry-after/chain-round-1-jobs-8/store/kzml3gsiwb8jz1j41l1gbnd0wyfiijj1-leaf-4.drv.drv'","type":111}
@nix {"action":"result","fields":[11,40,0,0],"id":148021752889346,"type":105}
@nix {"action":"result","fields":[0,0,0,0],"id":148021752889347,"type":105}
@nix {"action":"result","fields":[101,0],"id":148021752889345,"type":106}
@nix {"action":"result","fields":[100,0],"id":148021752889345,"type":106}
@nix {"action":"start","fields":["/tmp/obrador-shared-pins-linux/round-3-retry-after/chain-round-1-jobs-8/store/kzml3gsiwb8jz1j41l1gbnd0wyfiijj1-leaf-4.drv.drv","",1,1],"id":148021752889360,"level":3,"parent":0,"text":"building '/tmp/obrador-shared-pins-linux/round-3-retry-after/chain-round-1-jobs-8/store/kzml3gsiwb8jz1j41l1gbnd0wyfiijj1-leaf-4.drv.drv'","type":105}
@nix {"action":"result","fields":[11,40,1,0],"id":148021752889346,"type":105}
@nix {"action":"result","fields":[0,0,0,0],"id":148021752889347,"type":105}
@nix {"action":"result","fields":[101,0],"id":148021752889345,"type":106}
@nix {"action":"result","fields":[100,0],"id":148021752889345,"type":106}
@nix {"action":"result","fields":[12,41,0,0],"id":148021752889346,"type":105}
@nix {"action":"result","fields":[0,0,0,0],"id":148021752889347,"type":105}
@nix {"action":"result","fields":[101,0],"id":148021752889345,"type":106}
@nix {"action":"result","fields":[100,0],"id":148021752889345,"type":106}
@nix {"action":"stop","id":148021752889360}
@nix {"action":"result","fields":[13,41,0,0],"id":148021752889346,"type":105}
@nix {"action":"result","fields":[0,0,0,0],"id":148021752889347,"type":105}
@nix {"action":"result","fields":[101,0],"id":148021752889345,"type":106}
@nix {"action":"result","fields":[100,0],"id":148021752889345,"type":106}
@nix {"action":"stop","id":148021752889359}
@nix {"action":"result","fields":[13,41,0,0],"id":148021752889346,"type":105}
@nix {"action":"result","fields":[0,0,0,0],"id":148021752889347,"type":105}
@nix {"action":"result","fields":[101,0],"id":148021752889345,"type":106}
@nix {"action":"result","fields":[100,0],"id":148021752889345,"type":106}
@nix {"action":"start","fields":["/tmp/obrador-shared-pins-linux/round-3-retry-after/chain-round-1-jobs-8/store/p610hv0l8a4grwkwyacz9m1bjwd3nqza-leaf-4.drv","",1,1],"id":148021752889361,"level":3,"parent":0,"text":"building '/tmp/obrador-shared-pins-linux/round-3-retry-after/chain-round-1-jobs-8/store/p610hv0l8a4grwkwyacz9m1bjwd3nqza-leaf-4.drv'","type":105}
@nix {"action":"result","fields":[13,41,1,0],"id":148021752889346,"type":105}
@nix {"action":"result","fields":[0,0,0,0],"id":148021752889347,"type":105}
@nix {"action":"result","fields":[101,0],"id":148021752889345,"type":106}
@nix {"action":"result","fields":[100,0],"id":148021752889345,"type":106}
@nix {"action":"result","fields":[14,42,0,0],"id":148021752889346,"type":105}
@nix {"action":"result","fields":[0,0,0,0],"id":148021752889347,"type":105}
@nix {"action":"result","fields":[101,0],"id":148021752889345,"type":106}
@nix {"action":"result","fields":[100,0],"id":148021752889345,"type":106}
@nix {"action":"stop","id":148021752889361}
@nix {"action":"start","fields":["/tmp/obrador-shared-pins-linux/round-3-retry-after/chain-round-1-jobs-8/store/95wmrrphkijy2yrzrd0kl313j08x4pyh-leaf-5.drv.drv","/tmp/obrador-shared-pins-linux/round-3-retry-after/chain-round-1-jobs-8/store/qf6zxjlznj6lmkf49y581c0dv204rsrh-leaf-5.drv.drv"],"id":148021752889362,"level":3,"parent":0,"text":"resolved derivation: '/tmp/obrador-shared-pins-linux/round-3-retry-after/chain-round-1-jobs-8/store/95wmrrphkijy2yrzrd0kl313j08x4pyh-leaf-5.drv.drv' -> '/tmp/obrador-shared-pins-linux/round-3-retry-after/chain-round-1-jobs-8/store/qf6zxjlznj6lmkf49y581c0dv204rsrh-leaf-5.drv.drv'","type":111}
@nix {"action":"result","fields":[14,42,0,0],"id":148021752889346,"type":105}
@nix {"action":"result","fields":[0,0,0,0],"id":148021752889347,"type":105}
@nix {"action":"result","fields":[101,0],"id":148021752889345,"type":106}
@nix {"action":"result","fields":[100,0],"id":148021752889345,"type":106}
@nix {"action":"start","fields":["/tmp/obrador-shared-pins-linux/round-3-retry-after/chain-round-1-jobs-8/store/qf6zxjlznj6lmkf49y581c0dv204rsrh-leaf-5.drv.drv","",1,1],"id":148021752889363,"level":3,"parent":0,"text":"building '/tmp/obrador-shared-pins-linux/round-3-retry-after/chain-round-1-jobs-8/store/qf6zxjlznj6lmkf49y581c0dv204rsrh-leaf-5.drv.drv'","type":105}
@nix {"action":"result","fields":[14,42,1,0],"id":148021752889346,"type":105}
@nix {"action":"result","fields":[0,0,0,0],"id":148021752889347,"type":105}
@nix {"action":"result","fields":[101,0],"id":148021752889345,"type":106}
@nix {"action":"result","fields":[100,0],"id":148021752889345,"type":106}
@nix {"action":"result","fields":[15,43,0,0],"id":148021752889346,"type":105}
@nix {"action":"result","fields":[0,0,0,0],"id":148021752889347,"type":105}
@nix {"action":"result","fields":[101,0],"id":148021752889345,"type":106}
@nix {"action":"result","fields":[100,0],"id":148021752889345,"type":106}
@nix {"action":"stop","id":148021752889363}
@nix {"action":"result","fields":[16,43,0,0],"id":148021752889346,"type":105}
@nix {"action":"result","fields":[0,0,0,0],"id":148021752889347,"type":105}
@nix {"action":"result","fields":[101,0],"id":148021752889345,"type":106}
@nix {"action":"result","fields":[100,0],"id":148021752889345,"type":106}
@nix {"action":"stop","id":148021752889362}
@nix {"action":"result","fields":[16,43,0,0],"id":148021752889346,"type":105}
@nix {"action":"result","fields":[0,0,0,0],"id":148021752889347,"type":105}
@nix {"action":"result","fields":[101,0],"id":148021752889345,"type":106}
@nix {"action":"result","fields":[100,0],"id":148021752889345,"type":106}
@nix {"action":"start","fields":["/tmp/obrador-shared-pins-linux/round-3-retry-after/chain-round-1-jobs-8/store/7jvc5l84b4hxgyy6hcjc8jamxa54zvcx-leaf-5.drv","",1,1],"id":148021752889364,"level":3,"parent":0,"text":"building '/tmp/obrador-shared-pins-linux/round-3-retry-after/chain-round-1-jobs-8/store/7jvc5l84b4hxgyy6hcjc8jamxa54zvcx-leaf-5.drv'","type":105}
@nix {"action":"result","fields":[16,43,1,0],"id":148021752889346,"type":105}
@nix {"action":"result","fields":[0,0,0,0],"id":148021752889347,"type":105}
@nix {"action":"result","fields":[101,0],"id":148021752889345,"type":106}
@nix {"action":"result","fields":[100,0],"id":148021752889345,"type":106}
@nix {"action":"result","fields":[17,44,0,0],"id":148021752889346,"type":105}
@nix {"action":"result","fields":[0,0,0,0],"id":148021752889347,"type":105}
@nix {"action":"result","fields":[101,0],"id":148021752889345,"type":106}
@nix {"action":"result","fields":[100,0],"id":148021752889345,"type":106}
@nix {"action":"stop","id":148021752889364}
@nix {"action":"start","fields":["/tmp/obrador-shared-pins-linux/round-3-retry-after/chain-round-1-jobs-8/store/32fi4rgii5shggj3b633b4pi8vg5rms5-leaf-6.drv.drv","/tmp/obrador-shared-pins-linux/round-3-retry-after/chain-round-1-jobs-8/store/s696h978h8pkc1ghxcbyhlmxra9wndz1-leaf-6.drv.drv"],"id":148021752889365,"level":3,"parent":0,"text":"resolved derivation: '/tmp/obrador-shared-pins-linux/round-3-retry-after/chain-round-1-jobs-8/store/32fi4rgii5shggj3b633b4pi8vg5rms5-leaf-6.drv.drv' -> '/tmp/obrador-shared-pins-linux/round-3-retry-after/chain-round-1-jobs-8/store/s696h978h8pkc1ghxcbyhlmxra9wndz1-leaf-6.drv.drv'","type":111}
@nix {"action":"result","fields":[17,44,0,0],"id":148021752889346,"type":105}
@nix {"action":"result","fields":[0,0,0,0],"id":148021752889347,"type":105}
@nix {"action":"result","fields":[101,0],"id":148021752889345,"type":106}
@nix {"action":"result","fields":[100,0],"id":148021752889345,"type":106}
@nix {"action":"start","fields":["/tmp/obrador-shared-pins-linux/round-3-retry-after/chain-round-1-jobs-8/store/s696h978h8pkc1ghxcbyhlmxra9wndz1-leaf-6.drv.drv","",1,1],"id":148021752889366,"level":3,"parent":0,"text":"building '/tmp/obrador-shared-pins-linux/round-3-retry-after/chain-round-1-jobs-8/store/s696h978h8pkc1ghxcbyhlmxra9wndz1-leaf-6.drv.drv'","type":105}
@nix {"action":"result","fields":[17,44,1,0],"id":148021752889346,"type":105}
@nix {"action":"result","fields":[0,0,0,0],"id":148021752889347,"type":105}
@nix {"action":"result","fields":[101,0],"id":148021752889345,"type":106}
@nix {"action":"result","fields":[100,0],"id":148021752889345,"type":106}
@nix {"action":"result","fields":[18,45,0,0],"id":148021752889346,"type":105}
@nix {"action":"result","fields":[0,0,0,0],"id":148021752889347,"type":105}
@nix {"action":"result","fields":[101,0],"id":148021752889345,"type":106}
@nix {"action":"result","fields":[100,0],"id":148021752889345,"type":106}
@nix {"action":"stop","id":148021752889366}
@nix {"action":"result","fields":[19,45,0,0],"id":148021752889346,"type":105}
@nix {"action":"result","fields":[0,0,0,0],"id":148021752889347,"type":105}
@nix {"action":"result","fields":[101,0],"id":148021752889345,"type":106}
@nix {"action":"result","fields":[100,0],"id":148021752889345,"type":106}
@nix {"action":"stop","id":148021752889365}
@nix {"action":"result","fields":[19,45,0,0],"id":148021752889346,"type":105}
@nix {"action":"result","fields":[0,0,0,0],"id":148021752889347,"type":105}
@nix {"action":"result","fields":[101,0],"id":148021752889345,"type":106}
@nix {"action":"result","fields":[100,0],"id":148021752889345,"type":106}
@nix {"action":"start","fields":["/tmp/obrador-shared-pins-linux/round-3-retry-after/chain-round-1-jobs-8/store/z2xdhivwqj4dv1mlqcrazxy4pmjwhkm3-leaf-6.drv","",1,1],"id":148021752889367,"level":3,"parent":0,"text":"building '/tmp/obrador-shared-pins-linux/round-3-retry-after/chain-round-1-jobs-8/store/z2xdhivwqj4dv1mlqcrazxy4pmjwhkm3-leaf-6.drv'","type":105}
@nix {"action":"result","fields":[19,45,1,0],"id":148021752889346,"type":105}
@nix {"action":"result","fields":[0,0,0,0],"id":148021752889347,"type":105}
@nix {"action":"result","fields":[101,0],"id":148021752889345,"type":106}
@nix {"action":"result","fields":[100,0],"id":148021752889345,"type":106}
@nix {"action":"result","fields":[20,46,0,0],"id":148021752889346,"type":105}
@nix {"action":"result","fields":[0,0,0,0],"id":148021752889347,"type":105}
@nix {"action":"result","fields":[101,0],"id":148021752889345,"type":106}
@nix {"action":"result","fields":[100,0],"id":148021752889345,"type":106}
@nix {"action":"stop","id":148021752889367}
@nix {"action":"start","fields":["/tmp/obrador-shared-pins-linux/round-3-retry-after/chain-round-1-jobs-8/store/wp6v85s6l9068cncpiba7n13qxv1bdif-leaf-7.drv.drv","/tmp/obrador-shared-pins-linux/round-3-retry-after/chain-round-1-jobs-8/store/f08nqdgwrnhcxkhlad7yiv01g61f80sj-leaf-7.drv.drv"],"id":148021752889368,"level":3,"parent":0,"text":"resolved derivation: '/tmp/obrador-shared-pins-linux/round-3-retry-after/chain-round-1-jobs-8/store/wp6v85s6l9068cncpiba7n13qxv1bdif-leaf-7.drv.drv' -> '/tmp/obrador-shared-pins-linux/round-3-retry-after/chain-round-1-jobs-8/store/f08nqdgwrnhcxkhlad7yiv01g61f80sj-leaf-7.drv.drv'","type":111}
@nix {"action":"result","fields":[20,46,0,0],"id":148021752889346,"type":105}
@nix {"action":"result","fields":[0,0,0,0],"id":148021752889347,"type":105}
@nix {"action":"result","fields":[101,0],"id":148021752889345,"type":106}
@nix {"action":"result","fields":[100,0],"id":148021752889345,"type":106}
@nix {"action":"start","fields":["/tmp/obrador-shared-pins-linux/round-3-retry-after/chain-round-1-jobs-8/store/f08nqdgwrnhcxkhlad7yiv01g61f80sj-leaf-7.drv.drv","",1,1],"id":148021752889369,"level":3,"parent":0,"text":"building '/tmp/obrador-shared-pins-linux/round-3-retry-after/chain-round-1-jobs-8/store/f08nqdgwrnhcxkhlad7yiv01g61f80sj-leaf-7.drv.drv'","type":105}
@nix {"action":"result","fields":[20,46,1,0],"id":148021752889346,"type":105}
@nix {"action":"result","fields":[0,0,0,0],"id":148021752889347,"type":105}
@nix {"action":"result","fields":[101,0],"id":148021752889345,"type":106}
@nix {"action":"result","fields":[100,0],"id":148021752889345,"type":106}
@nix {"action":"result","fields":[21,47,0,0],"id":148021752889346,"type":105}
@nix {"action":"result","fields":[0,0,0,0],"id":148021752889347,"type":105}
@nix {"action":"result","fields":[101,0],"id":148021752889345,"type":106}
@nix {"action":"result","fields":[100,0],"id":148021752889345,"type":106}
@nix {"action":"stop","id":148021752889369}
@nix {"action":"result","fields":[22,47,0,0],"id":148021752889346,"type":105}
@nix {"action":"result","fields":[0,0,0,0],"id":148021752889347,"type":105}
@nix {"action":"result","fields":[101,0],"id":148021752889345,"type":106}
@nix {"action":"result","fields":[100,0],"id":148021752889345,"type":106}
@nix {"action":"stop","id":148021752889368}
@nix {"action":"result","fields":[22,47,0,0],"id":148021752889346,"type":105}
@nix {"action":"result","fields":[0,0,0,0],"id":148021752889347,"type":105}
@nix {"action":"result","fields":[101,0],"id":148021752889345,"type":106}
@nix {"action":"result","fields":[100,0],"id":148021752889345,"type":106}
@nix {"action":"start","fields":["/tmp/obrador-shared-pins-linux/round-3-retry-after/chain-round-1-jobs-8/store/2va2mff5csspcapcisg21kgyrlmmnicx-leaf-7.drv","",1,1],"id":148021752889370,"level":3,"parent":0,"text":"building '/tmp/obrador-shared-pins-linux/round-3-retry-after/chain-round-1-jobs-8/store/2va2mff5csspcapcisg21kgyrlmmnicx-leaf-7.drv'","type":105}
@nix {"action":"result","fields":[22,47,1,0],"id":148021752889346,"type":105}
@nix {"action":"result","fields":[0,0,0,0],"id":148021752889347,"type":105}
@nix {"action":"result","fields":[101,0],"id":148021752889345,"type":106}
@nix {"action":"result","fields":[100,0],"id":148021752889345,"type":106}
@nix {"action":"result","fields":[23,48,0,0],"id":148021752889346,"type":105}
@nix {"action":"result","fields":[0,0,0,0],"id":148021752889347,"type":105}
@nix {"action":"result","fields":[101,0],"id":148021752889345,"type":106}
@nix {"action":"result","fields":[100,0],"id":148021752889345,"type":106}
@nix {"action":"stop","id":148021752889370}
@nix {"action":"start","fields":["/tmp/obrador-shared-pins-linux/round-3-retry-after/chain-round-1-jobs-8/store/2qvf6grz3pa12vh11zmh1v2a8d74pw72-leaf-8.drv.drv","/tmp/obrador-shared-pins-linux/round-3-retry-after/chain-round-1-jobs-8/store/zk1h2jqafa01g7mbfv6m2yvv1c1xxbd6-leaf-8.drv.drv"],"id":148021752889371,"level":3,"parent":0,"text":"resolved derivation: '/tmp/obrador-shared-pins-linux/round-3-retry-after/chain-round-1-jobs-8/store/2qvf6grz3pa12vh11zmh1v2a8d74pw72-leaf-8.drv.drv' -> '/tmp/obrador-shared-pins-linux/round-3-retry-after/chain-round-1-jobs-8/store/zk1h2jqafa01g7mbfv6m2yvv1c1xxbd6-leaf-8.drv.drv'","type":111}
@nix {"action":"result","fields":[23,48,0,0],"id":148021752889346,"type":105}
@nix {"action":"result","fields":[0,0,0,0],"id":148021752889347,"type":105}
@nix {"action":"result","fields":[101,0],"id":148021752889345,"type":106}
@nix {"action":"result","fields":[100,0],"id":148021752889345,"type":106}
@nix {"action":"start","fields":["/tmp/obrador-shared-pins-linux/round-3-retry-after/chain-round-1-jobs-8/store/zk1h2jqafa01g7mbfv6m2yvv1c1xxbd6-leaf-8.drv.drv","",1,1],"id":148021752889372,"level":3,"parent":0,"text":"building '/tmp/obrador-shared-pins-linux/round-3-retry-after/chain-round-1-jobs-8/store/zk1h2jqafa01g7mbfv6m2yvv1c1xxbd6-leaf-8.drv.drv'","type":105}
@nix {"action":"result","fields":[23,48,1,0],"id":148021752889346,"type":105}
@nix {"action":"result","fields":[0,0,0,0],"id":148021752889347,"type":105}
@nix {"action":"result","fields":[101,0],"id":148021752889345,"type":106}
@nix {"action":"result","fields":[100,0],"id":148021752889345,"type":106}
@nix {"action":"result","fields":[24,49,0,0],"id":148021752889346,"type":105}
@nix {"action":"result","fields":[0,0,0,0],"id":148021752889347,"type":105}
@nix {"action":"result","fields":[101,0],"id":148021752889345,"type":106}
@nix {"action":"result","fields":[100,0],"id":148021752889345,"type":106}
@nix {"action":"stop","id":148021752889372}
@nix {"action":"result","fields":[25,49,0,0],"id":148021752889346,"type":105}
@nix {"action":"result","fields":[0,0,0,0],"id":148021752889347,"type":105}
@nix {"action":"result","fields":[101,0],"id":148021752889345,"type":106}
@nix {"action":"result","fields":[100,0],"id":148021752889345,"type":106}
@nix {"action":"stop","id":148021752889371}
@nix {"action":"result","fields":[25,49,0,0],"id":148021752889346,"type":105}
@nix {"action":"result","fields":[0,0,0,0],"id":148021752889347,"type":105}
@nix {"action":"result","fields":[101,0],"id":148021752889345,"type":106}
@nix {"action":"result","fields":[100,0],"id":148021752889345,"type":106}
@nix {"action":"start","fields":["/tmp/obrador-shared-pins-linux/round-3-retry-after/chain-round-1-jobs-8/store/ir75yvlzvjznavdlspjd5gybj0vl41yi-leaf-8.drv","",1,1],"id":148021752889373,"level":3,"parent":0,"text":"building '/tmp/obrador-shared-pins-linux/round-3-retry-after/chain-round-1-jobs-8/store/ir75yvlzvjznavdlspjd5gybj0vl41yi-leaf-8.drv'","type":105}
@nix {"action":"result","fields":[25,49,1,0],"id":148021752889346,"type":105}
@nix {"action":"result","fields":[0,0,0,0],"id":148021752889347,"type":105}
@nix {"action":"result","fields":[101,0],"id":148021752889345,"type":106}
@nix {"action":"result","fields":[100,0],"id":148021752889345,"type":106}
@nix {"action":"result","fields":[26,50,0,0],"id":148021752889346,"type":105}
@nix {"action":"result","fields":[0,0,0,0],"id":148021752889347,"type":105}
@nix {"action":"result","fields":[101,0],"id":148021752889345,"type":106}
@nix {"action":"result","fields":[100,0],"id":148021752889345,"type":106}
@nix {"action":"stop","id":148021752889373}
@nix {"action":"start","fields":["/tmp/obrador-shared-pins-linux/round-3-retry-after/chain-round-1-jobs-8/store/21nd7wv4a2chgk7d7rq4yzhizj20k9g6-leaf-9.drv.drv","/tmp/obrador-shared-pins-linux/round-3-retry-after/chain-round-1-jobs-8/store/bl5pmf5skvxv44ijryf422jpw8l4g1jn-leaf-9.drv.drv"],"id":148021752889374,"level":3,"parent":0,"text":"resolved derivation: '/tmp/obrador-shared-pins-linux/round-3-retry-after/chain-round-1-jobs-8/store/21nd7wv4a2chgk7d7rq4yzhizj20k9g6-leaf-9.drv.drv' -> '/tmp/obrador-shared-pins-linux/round-3-retry-after/chain-round-1-jobs-8/store/bl5pmf5skvxv44ijryf422jpw8l4g1jn-leaf-9.drv.drv'","type":111}
@nix {"action":"result","fields":[26,50,0,0],"id":148021752889346,"type":105}
@nix {"action":"result","fields":[0,0,0,0],"id":148021752889347,"type":105}
@nix {"action":"result","fields":[101,0],"id":148021752889345,"type":106}
@nix {"action":"result","fields":[100,0],"id":148021752889345,"type":106}
@nix {"action":"start","fields":["/tmp/obrador-shared-pins-linux/round-3-retry-after/chain-round-1-jobs-8/store/bl5pmf5skvxv44ijryf422jpw8l4g1jn-leaf-9.drv.drv","",1,1],"id":148021752889375,"level":3,"parent":0,"text":"building '/tmp/obrador-shared-pins-linux/round-3-retry-after/chain-round-1-jobs-8/store/bl5pmf5skvxv44ijryf422jpw8l4g1jn-leaf-9.drv.drv'","type":105}
@nix {"action":"result","fields":[26,50,1,0],"id":148021752889346,"type":105}
@nix {"action":"result","fields":[0,0,0,0],"id":148021752889347,"type":105}
@nix {"action":"result","fields":[101,0],"id":148021752889345,"type":106}
@nix {"action":"result","fields":[100,0],"id":148021752889345,"type":106}
@nix {"action":"result","fields":[27,51,0,0],"id":148021752889346,"type":105}
@nix {"action":"result","fields":[0,0,0,0],"id":148021752889347,"type":105}
@nix {"action":"result","fields":[101,0],"id":148021752889345,"type":106}
@nix {"action":"result","fields":[100,0],"id":148021752889345,"type":106}
@nix {"action":"stop","id":148021752889375}
@nix {"action":"result","fields":[28,51,0,0],"id":148021752889346,"type":105}
@nix {"action":"result","fields":[0,0,0,0],"id":148021752889347,"type":105}
@nix {"action":"result","fields":[101,0],"id":148021752889345,"type":106}
@nix {"action":"result","fields":[100,0],"id":148021752889345,"type":106}
@nix {"action":"stop","id":148021752889374}
@nix {"action":"result","fields":[28,51,0,0],"id":148021752889346,"type":105}
@nix {"action":"result","fields":[0,0,0,0],"id":148021752889347,"type":105}
@nix {"action":"result","fields":[101,0],"id":148021752889345,"type":106}
@nix {"action":"result","fields":[100,0],"id":148021752889345,"type":106}
@nix {"action":"start","fields":["/tmp/obrador-shared-pins-linux/round-3-retry-after/chain-round-1-jobs-8/store/ncwry47sfh2w30sgma0izg1aybr53gzh-leaf-9.drv","",1,1],"id":148021752889376,"level":3,"parent":0,"text":"building '/tmp/obrador-shared-pins-linux/round-3-retry-after/chain-round-1-jobs-8/store/ncwry47sfh2w30sgma0izg1aybr53gzh-leaf-9.drv'","type":105}
@nix {"action":"result","fields":[28,51,1,0],"id":148021752889346,"type":105}
@nix {"action":"result","fields":[0,0,0,0],"id":148021752889347,"type":105}
@nix {"action":"result","fields":[101,0],"id":148021752889345,"type":106}
@nix {"action":"result","fields":[100,0],"id":148021752889345,"type":106}
@nix {"action":"result","fields":[29,52,0,0],"id":148021752889346,"type":105}
@nix {"action":"result","fields":[0,0,0,0],"id":148021752889347,"type":105}
@nix {"action":"result","fields":[101,0],"id":148021752889345,"type":106}
@nix {"action":"result","fields":[100,0],"id":148021752889345,"type":106}
@nix {"action":"stop","id":148021752889376}
@nix {"action":"start","fields":["/tmp/obrador-shared-pins-linux/round-3-retry-after/chain-round-1-jobs-8/store/1f7mn0ka3r5zk1rfrj2nmw9s3iqmjmlb-leaf-10.drv.drv","/tmp/obrador-shared-pins-linux/round-3-retry-after/chain-round-1-jobs-8/store/jzvdaqa379jjz0dksj6mzhy6agkjx1kj-leaf-10.drv.drv"],"id":148021752889377,"level":3,"parent":0,"text":"resolved derivation: '/tmp/obrador-shared-pins-linux/round-3-retry-after/chain-round-1-jobs-8/store/1f7mn0ka3r5zk1rfrj2nmw9s3iqmjmlb-leaf-10.drv.drv' -> '/tmp/obrador-shared-pins-linux/round-3-retry-after/chain-round-1-jobs-8/store/jzvdaqa379jjz0dksj6mzhy6agkjx1kj-leaf-10.drv.drv'","type":111}
@nix {"action":"result","fields":[29,52,0,0],"id":148021752889346,"type":105}
@nix {"action":"result","fields":[0,0,0,0],"id":148021752889347,"type":105}
@nix {"action":"result","fields":[101,0],"id":148021752889345,"type":106}
@nix {"action":"result","fields":[100,0],"id":148021752889345,"type":106}
@nix {"action":"start","fields":["/tmp/obrador-shared-pins-linux/round-3-retry-after/chain-round-1-jobs-8/store/jzvdaqa379jjz0dksj6mzhy6agkjx1kj-leaf-10.drv.drv","",1,1],"id":148021752889378,"level":3,"parent":0,"text":"building '/tmp/obrador-shared-pins-linux/round-3-retry-after/chain-round-1-jobs-8/store/jzvdaqa379jjz0dksj6mzhy6agkjx1kj-leaf-10.drv.drv'","type":105}
@nix {"action":"result","fields":[29,52,1,0],"id":148021752889346,"type":105}
@nix {"action":"result","fields":[0,0,0,0],"id":148021752889347,"type":105}
@nix {"action":"result","fields":[101,0],"id":148021752889345,"type":106}
@nix {"action":"result","fields":[100,0],"id":148021752889345,"type":106}
@nix {"action":"result","fields":[30,53,0,0],"id":148021752889346,"type":105}
@nix {"action":"result","fields":[0,0,0,0],"id":148021752889347,"type":105}
@nix {"action":"result","fields":[101,0],"id":148021752889345,"type":106}
@nix {"action":"result","fields":[100,0],"id":148021752889345,"type":106}
@nix {"action":"stop","id":148021752889378}
@nix {"action":"result","fields":[31,53,0,0],"id":148021752889346,"type":105}
@nix {"action":"result","fields":[0,0,0,0],"id":148021752889347,"type":105}
@nix {"action":"result","fields":[101,0],"id":148021752889345,"type":106}
@nix {"action":"result","fields":[100,0],"id":148021752889345,"type":106}
@nix {"action":"stop","id":148021752889377}
@nix {"action":"result","fields":[31,53,0,0],"id":148021752889346,"type":105}
@nix {"action":"result","fields":[0,0,0,0],"id":148021752889347,"type":105}
@nix {"action":"result","fields":[101,0],"id":148021752889345,"type":106}
@nix {"action":"result","fields":[100,0],"id":148021752889345,"type":106}
@nix {"action":"start","fields":["/tmp/obrador-shared-pins-linux/round-3-retry-after/chain-round-1-jobs-8/store/8wza3g117s9j92r2w4wc7cg2m9kzq7bm-leaf-10.drv","",1,1],"id":148021752889379,"level":3,"parent":0,"text":"building '/tmp/obrador-shared-pins-linux/round-3-retry-after/chain-round-1-jobs-8/store/8wza3g117s9j92r2w4wc7cg2m9kzq7bm-leaf-10.drv'","type":105}
@nix {"action":"result","fields":[31,53,1,0],"id":148021752889346,"type":105}
@nix {"action":"result","fields":[0,0,0,0],"id":148021752889347,"type":105}
@nix {"action":"result","fields":[101,0],"id":148021752889345,"type":106}
@nix {"action":"result","fields":[100,0],"id":148021752889345,"type":106}
@nix {"action":"result","fields":[32,54,0,0],"id":148021752889346,"type":105}
@nix {"action":"result","fields":[0,0,0,0],"id":148021752889347,"type":105}
@nix {"action":"result","fields":[101,0],"id":148021752889345,"type":106}
@nix {"action":"result","fields":[100,0],"id":148021752889345,"type":106}
@nix {"action":"stop","id":148021752889379}
@nix {"action":"start","fields":["/tmp/obrador-shared-pins-linux/round-3-retry-after/chain-round-1-jobs-8/store/65vdrsdpgb3hhdvwkwfxazs3iq3qahgn-leaf-11.drv.drv","/tmp/obrador-shared-pins-linux/round-3-retry-after/chain-round-1-jobs-8/store/csl9zf7nkx17ifbvbpvxqm3j7bd209x3-leaf-11.drv.drv"],"id":148021752889380,"level":3,"parent":0,"text":"resolved derivation: '/tmp/obrador-shared-pins-linux/round-3-retry-after/chain-round-1-jobs-8/store/65vdrsdpgb3hhdvwkwfxazs3iq3qahgn-leaf-11.drv.drv' -> '/tmp/obrador-shared-pins-linux/round-3-retry-after/chain-round-1-jobs-8/store/csl9zf7nkx17ifbvbpvxqm3j7bd209x3-leaf-11.drv.drv'","type":111}
@nix {"action":"result","fields":[32,54,0,0],"id":148021752889346,"type":105}
@nix {"action":"result","fields":[0,0,0,0],"id":148021752889347,"type":105}
@nix {"action":"result","fields":[101,0],"id":148021752889345,"type":106}
@nix {"action":"result","fields":[100,0],"id":148021752889345,"type":106}
@nix {"action":"start","fields":["/tmp/obrador-shared-pins-linux/round-3-retry-after/chain-round-1-jobs-8/store/csl9zf7nkx17ifbvbpvxqm3j7bd209x3-leaf-11.drv.drv","",1,1],"id":148021752889381,"level":3,"parent":0,"text":"building '/tmp/obrador-shared-pins-linux/round-3-retry-after/chain-round-1-jobs-8/store/csl9zf7nkx17ifbvbpvxqm3j7bd209x3-leaf-11.drv.drv'","type":105}
@nix {"action":"result","fields":[32,54,1,0],"id":148021752889346,"type":105}
@nix {"action":"result","fields":[0,0,0,0],"id":148021752889347,"type":105}
@nix {"action":"result","fields":[101,0],"id":148021752889345,"type":106}
@nix {"action":"result","fields":[100,0],"id":148021752889345,"type":106}
@nix {"action":"result","fields":[33,55,0,0],"id":148021752889346,"type":105}
@nix {"action":"result","fields":[0,0,0,0],"id":148021752889347,"type":105}
@nix {"action":"result","fields":[101,0],"id":148021752889345,"type":106}
@nix {"action":"result","fields":[100,0],"id":148021752889345,"type":106}
@nix {"action":"stop","id":148021752889381}
@nix {"action":"result","fields":[34,55,0,0],"id":148021752889346,"type":105}
@nix {"action":"result","fields":[0,0,0,0],"id":148021752889347,"type":105}
@nix {"action":"result","fields":[101,0],"id":148021752889345,"type":106}
@nix {"action":"result","fields":[100,0],"id":148021752889345,"type":106}
@nix {"action":"stop","id":148021752889380}
@nix {"action":"result","fields":[34,55,0,0],"id":148021752889346,"type":105}
@nix {"action":"result","fields":[0,0,0,0],"id":148021752889347,"type":105}
@nix {"action":"result","fields":[101,0],"id":148021752889345,"type":106}
@nix {"action":"result","fields":[100,0],"id":148021752889345,"type":106}
@nix {"action":"start","fields":["/tmp/obrador-shared-pins-linux/round-3-retry-after/chain-round-1-jobs-8/store/ml11sqicsk7gwcxxpfxz5y03m9b36mnr-leaf-11.drv","",1,1],"id":148021752889382,"level":3,"parent":0,"text":"building '/tmp/obrador-shared-pins-linux/round-3-retry-after/chain-round-1-jobs-8/store/ml11sqicsk7gwcxxpfxz5y03m9b36mnr-leaf-11.drv'","type":105}
@nix {"action":"result","fields":[34,55,1,0],"id":148021752889346,"type":105}
@nix {"action":"result","fields":[0,0,0,0],"id":148021752889347,"type":105}
@nix {"action":"result","fields":[101,0],"id":148021752889345,"type":106}
@nix {"action":"result","fields":[100,0],"id":148021752889345,"type":106}
@nix {"action":"result","fields":[35,56,0,0],"id":148021752889346,"type":105}
@nix {"action":"result","fields":[0,0,0,0],"id":148021752889347,"type":105}
@nix {"action":"result","fields":[101,0],"id":148021752889345,"type":106}
@nix {"action":"result","fields":[100,0],"id":148021752889345,"type":106}
@nix {"action":"stop","id":148021752889382}
@nix {"action":"start","fields":["/tmp/obrador-shared-pins-linux/round-3-retry-after/chain-round-1-jobs-8/store/5jyahq86lqkqa2syf8sjp8fbclfs13x7-leaf-12.drv.drv","/tmp/obrador-shared-pins-linux/round-3-retry-after/chain-round-1-jobs-8/store/7x7c5ww50v3xzf9plnk9lgzpfv2ix8r2-leaf-12.drv.drv"],"id":148021752889383,"level":3,"parent":0,"text":"resolved derivation: '/tmp/obrador-shared-pins-linux/round-3-retry-after/chain-round-1-jobs-8/store/5jyahq86lqkqa2syf8sjp8fbclfs13x7-leaf-12.drv.drv' -> '/tmp/obrador-shared-pins-linux/round-3-retry-after/chain-round-1-jobs-8/store/7x7c5ww50v3xzf9plnk9lgzpfv2ix8r2-leaf-12.drv.drv'","type":111}
@nix {"action":"result","fields":[35,56,0,0],"id":148021752889346,"type":105}
@nix {"action":"result","fields":[0,0,0,0],"id":148021752889347,"type":105}
@nix {"action":"result","fields":[101,0],"id":148021752889345,"type":106}
@nix {"action":"result","fields":[100,0],"id":148021752889345,"type":106}
@nix {"action":"start","fields":["/tmp/obrador-shared-pins-linux/round-3-retry-after/chain-round-1-jobs-8/store/7x7c5ww50v3xzf9plnk9lgzpfv2ix8r2-leaf-12.drv.drv","",1,1],"id":148021752889384,"level":3,"parent":0,"text":"building '/tmp/obrador-shared-pins-linux/round-3-retry-after/chain-round-1-jobs-8/store/7x7c5ww50v3xzf9plnk9lgzpfv2ix8r2-leaf-12.drv.drv'","type":105}
@nix {"action":"result","fields":[35,56,1,0],"id":148021752889346,"type":105}
@nix {"action":"result","fields":[0,0,0,0],"id":148021752889347,"type":105}
@nix {"action":"result","fields":[101,0],"id":148021752889345,"type":106}
@nix {"action":"result","fields":[100,0],"id":148021752889345,"type":106}
@nix {"action":"result","fields":[36,57,0,0],"id":148021752889346,"type":105}
@nix {"action":"result","fields":[0,0,0,0],"id":148021752889347,"type":105}
@nix {"action":"result","fields":[101,0],"id":148021752889345,"type":106}
@nix {"action":"result","fields":[100,0],"id":148021752889345,"type":106}
@nix {"action":"stop","id":148021752889384}
@nix {"action":"result","fields":[37,57,0,0],"id":148021752889346,"type":105}
@nix {"action":"result","fields":[0,0,0,0],"id":148021752889347,"type":105}
@nix {"action":"result","fields":[101,0],"id":148021752889345,"type":106}
@nix {"action":"result","fields":[100,0],"id":148021752889345,"type":106}
@nix {"action":"stop","id":148021752889383}
@nix {"action":"result","fields":[37,57,0,0],"id":148021752889346,"type":105}
@nix {"action":"result","fields":[0,0,0,0],"id":148021752889347,"type":105}
@nix {"action":"result","fields":[101,0],"id":148021752889345,"type":106}
@nix {"action":"result","fields":[100,0],"id":148021752889345,"type":106}
@nix {"action":"start","fields":["/tmp/obrador-shared-pins-linux/round-3-retry-after/chain-round-1-jobs-8/store/z25f7nxcby5r3b0wix4rrbp9ph7x587l-leaf-12.drv","",1,1],"id":148021752889385,"level":3,"parent":0,"text":"building '/tmp/obrador-shared-pins-linux/round-3-retry-after/chain-round-1-jobs-8/store/z25f7nxcby5r3b0wix4rrbp9ph7x587l-leaf-12.drv'","type":105}
@nix {"action":"result","fields":[37,57,1,0],"id":148021752889346,"type":105}
@nix {"action":"result","fields":[0,0,0,0],"id":148021752889347,"type":105}
@nix {"action":"result","fields":[101,0],"id":148021752889345,"type":106}
@nix {"action":"result","fields":[100,0],"id":148021752889345,"type":106}
@nix {"action":"result","fields":[38,58,0,0],"id":148021752889346,"type":105}
@nix {"action":"result","fields":[0,0,0,0],"id":148021752889347,"type":105}
@nix {"action":"result","fields":[101,0],"id":148021752889345,"type":106}
@nix {"action":"result","fields":[100,0],"id":148021752889345,"type":106}
@nix {"action":"stop","id":148021752889385}
@nix {"action":"start","fields":["/tmp/obrador-shared-pins-linux/round-3-retry-after/chain-round-1-jobs-8/store/5ihxx18s0bmzh10l41xk2xi4s4ph88sp-leaf-13.drv.drv","/tmp/obrador-shared-pins-linux/round-3-retry-after/chain-round-1-jobs-8/store/mvl1q3cy4m3mjkcjqf2ngvjh6cmgq5zm-leaf-13.drv.drv"],"id":148021752889386,"level":3,"parent":0,"text":"resolved derivation: '/tmp/obrador-shared-pins-linux/round-3-retry-after/chain-round-1-jobs-8/store/5ihxx18s0bmzh10l41xk2xi4s4ph88sp-leaf-13.drv.drv' -> '/tmp/obrador-shared-pins-linux/round-3-retry-after/chain-round-1-jobs-8/store/mvl1q3cy4m3mjkcjqf2ngvjh6cmgq5zm-leaf-13.drv.drv'","type":111}
@nix {"action":"result","fields":[38,58,0,0],"id":148021752889346,"type":105}
@nix {"action":"result","fields":[0,0,0,0],"id":148021752889347,"type":105}
@nix {"action":"result","fields":[101,0],"id":148021752889345,"type":106}
@nix {"action":"result","fields":[100,0],"id":148021752889345,"type":106}
@nix {"action":"start","fields":["/tmp/obrador-shared-pins-linux/round-3-retry-after/chain-round-1-jobs-8/store/mvl1q3cy4m3mjkcjqf2ngvjh6cmgq5zm-leaf-13.drv.drv","",1,1],"id":148021752889387,"level":3,"parent":0,"text":"building '/tmp/obrador-shared-pins-linux/round-3-retry-after/chain-round-1-jobs-8/store/mvl1q3cy4m3mjkcjqf2ngvjh6cmgq5zm-leaf-13.drv.drv'","type":105}
@nix {"action":"result","fields":[38,58,1,0],"id":148021752889346,"type":105}
@nix {"action":"result","fields":[0,0,0,0],"id":148021752889347,"type":105}
@nix {"action":"result","fields":[101,0],"id":148021752889345,"type":106}
@nix {"action":"result","fields":[100,0],"id":148021752889345,"type":106}
@nix {"action":"result","fields":[39,59,0,0],"id":148021752889346,"type":105}
@nix {"action":"result","fields":[0,0,0,0],"id":148021752889347,"type":105}
@nix {"action":"result","fields":[101,0],"id":148021752889345,"type":106}
@nix {"action":"result","fields":[100,0],"id":148021752889345,"type":106}
@nix {"action":"stop","id":148021752889387}
@nix {"action":"result","fields":[40,59,0,0],"id":148021752889346,"type":105}
@nix {"action":"result","fields":[0,0,0,0],"id":148021752889347,"type":105}
@nix {"action":"result","fields":[101,0],"id":148021752889345,"type":106}
@nix {"action":"result","fields":[100,0],"id":148021752889345,"type":106}
@nix {"action":"stop","id":148021752889386}
@nix {"action":"result","fields":[40,59,0,0],"id":148021752889346,"type":105}
@nix {"action":"result","fields":[0,0,0,0],"id":148021752889347,"type":105}
@nix {"action":"result","fields":[101,0],"id":148021752889345,"type":106}
@nix {"action":"result","fields":[100,0],"id":148021752889345,"type":106}
@nix {"action":"start","fields":["/tmp/obrador-shared-pins-linux/round-3-retry-after/chain-round-1-jobs-8/store/i7dlhmcbyaszdxihbni6w53x0ddr46ci-leaf-13.drv","",1,1],"id":148021752889388,"level":3,"parent":0,"text":"building '/tmp/obrador-shared-pins-linux/round-3-retry-after/chain-round-1-jobs-8/store/i7dlhmcbyaszdxihbni6w53x0ddr46ci-leaf-13.drv'","type":105}
@nix {"action":"result","fields":[40,59,1,0],"id":148021752889346,"type":105}
@nix {"action":"result","fields":[0,0,0,0],"id":148021752889347,"type":105}
@nix {"action":"result","fields":[101,0],"id":148021752889345,"type":106}
@nix {"action":"result","fields":[100,0],"id":148021752889345,"type":106}
@nix {"action":"result","fields":[41,60,0,0],"id":148021752889346,"type":105}
@nix {"action":"result","fields":[0,0,0,0],"id":148021752889347,"type":105}
@nix {"action":"result","fields":[101,0],"id":148021752889345,"type":106}
@nix {"action":"result","fields":[100,0],"id":148021752889345,"type":106}
@nix {"action":"stop","id":148021752889388}
@nix {"action":"start","fields":["/tmp/obrador-shared-pins-linux/round-3-retry-after/chain-round-1-jobs-8/store/wvcd2n0qk83db1cqfj58dmb8xas4zn33-leaf-14.drv.drv","/tmp/obrador-shared-pins-linux/round-3-retry-after/chain-round-1-jobs-8/store/kk7rni5fni0fshy2l5sz7bnbrdqkf8yy-leaf-14.drv.drv"],"id":148021752889389,"level":3,"parent":0,"text":"resolved derivation: '/tmp/obrador-shared-pins-linux/round-3-retry-after/chain-round-1-jobs-8/store/wvcd2n0qk83db1cqfj58dmb8xas4zn33-leaf-14.drv.drv' -> '/tmp/obrador-shared-pins-linux/round-3-retry-after/chain-round-1-jobs-8/store/kk7rni5fni0fshy2l5sz7bnbrdqkf8yy-leaf-14.drv.drv'","type":111}
@nix {"action":"result","fields":[41,60,0,0],"id":148021752889346,"type":105}
@nix {"action":"result","fields":[0,0,0,0],"id":148021752889347,"type":105}
@nix {"action":"result","fields":[101,0],"id":148021752889345,"type":106}
@nix {"action":"result","fields":[100,0],"id":148021752889345,"type":106}
@nix {"action":"start","fields":["/tmp/obrador-shared-pins-linux/round-3-retry-after/chain-round-1-jobs-8/store/kk7rni5fni0fshy2l5sz7bnbrdqkf8yy-leaf-14.drv.drv","",1,1],"id":148021752889390,"level":3,"parent":0,"text":"building '/tmp/obrador-shared-pins-linux/round-3-retry-after/chain-round-1-jobs-8/store/kk7rni5fni0fshy2l5sz7bnbrdqkf8yy-leaf-14.drv.drv'","type":105}
@nix {"action":"result","fields":[41,60,1,0],"id":148021752889346,"type":105}
@nix {"action":"result","fields":[0,0,0,0],"id":148021752889347,"type":105}
@nix {"action":"result","fields":[101,0],"id":148021752889345,"type":106}
@nix {"action":"result","fields":[100,0],"id":148021752889345,"type":106}
@nix {"action":"result","fields":[42,61,0,0],"id":148021752889346,"type":105}
@nix {"action":"result","fields":[0,0,0,0],"id":148021752889347,"type":105}
@nix {"action":"result","fields":[101,0],"id":148021752889345,"type":106}
@nix {"action":"result","fields":[100,0],"id":148021752889345,"type":106}
@nix {"action":"stop","id":148021752889390}
@nix {"action":"result","fields":[43,61,0,0],"id":148021752889346,"type":105}
@nix {"action":"result","fields":[0,0,0,0],"id":148021752889347,"type":105}
@nix {"action":"result","fields":[101,0],"id":148021752889345,"type":106}
@nix {"action":"result","fields":[100,0],"id":148021752889345,"type":106}
@nix {"action":"stop","id":148021752889389}
@nix {"action":"result","fields":[43,61,0,0],"id":148021752889346,"type":105}
@nix {"action":"result","fields":[0,0,0,0],"id":148021752889347,"type":105}
@nix {"action":"result","fields":[101,0],"id":148021752889345,"type":106}
@nix {"action":"result","fields":[100,0],"id":148021752889345,"type":106}
@nix {"action":"start","fields":["/tmp/obrador-shared-pins-linux/round-3-retry-after/chain-round-1-jobs-8/store/6nr8fhpr05hj51dbgafsdxnxx7p5l7ni-leaf-14.drv","",1,1],"id":148021752889391,"level":3,"parent":0,"text":"building '/tmp/obrador-shared-pins-linux/round-3-retry-after/chain-round-1-jobs-8/store/6nr8fhpr05hj51dbgafsdxnxx7p5l7ni-leaf-14.drv'","type":105}
@nix {"action":"result","fields":[43,61,1,0],"id":148021752889346,"type":105}
@nix {"action":"result","fields":[0,0,0,0],"id":148021752889347,"type":105}
@nix {"action":"result","fields":[101,0],"id":148021752889345,"type":106}
@nix {"action":"result","fields":[100,0],"id":148021752889345,"type":106}
@nix {"action":"result","fields":[44,62,0,0],"id":148021752889346,"type":105}
@nix {"action":"result","fields":[0,0,0,0],"id":148021752889347,"type":105}
@nix {"action":"result","fields":[101,0],"id":148021752889345,"type":106}
@nix {"action":"result","fields":[100,0],"id":148021752889345,"type":106}
@nix {"action":"stop","id":148021752889391}
@nix {"action":"start","fields":["/tmp/obrador-shared-pins-linux/round-3-retry-after/chain-round-1-jobs-8/store/1gn0av5jkzk8spzpyqga5cf185wikbkg-leaf-15.drv.drv","/tmp/obrador-shared-pins-linux/round-3-retry-after/chain-round-1-jobs-8/store/yjxc62gfr2hw9kr4n6ivf3ihhrp34489-leaf-15.drv.drv"],"id":148021752889392,"level":3,"parent":0,"text":"resolved derivation: '/tmp/obrador-shared-pins-linux/round-3-retry-after/chain-round-1-jobs-8/store/1gn0av5jkzk8spzpyqga5cf185wikbkg-leaf-15.drv.drv' -> '/tmp/obrador-shared-pins-linux/round-3-retry-after/chain-round-1-jobs-8/store/yjxc62gfr2hw9kr4n6ivf3ihhrp34489-leaf-15.drv.drv'","type":111}
@nix {"action":"result","fields":[44,62,0,0],"id":148021752889346,"type":105}
@nix {"action":"result","fields":[0,0,0,0],"id":148021752889347,"type":105}
@nix {"action":"result","fields":[101,0],"id":148021752889345,"type":106}
@nix {"action":"result","fields":[100,0],"id":148021752889345,"type":106}
@nix {"action":"start","fields":["/tmp/obrador-shared-pins-linux/round-3-retry-after/chain-round-1-jobs-8/store/yjxc62gfr2hw9kr4n6ivf3ihhrp34489-leaf-15.drv.drv","",1,1],"id":148021752889393,"level":3,"parent":0,"text":"building '/tmp/obrador-shared-pins-linux/round-3-retry-after/chain-round-1-jobs-8/store/yjxc62gfr2hw9kr4n6ivf3ihhrp34489-leaf-15.drv.drv'","type":105}
@nix {"action":"result","fields":[44,62,1,0],"id":148021752889346,"type":105}
@nix {"action":"result","fields":[0,0,0,0],"id":148021752889347,"type":105}
@nix {"action":"result","fields":[101,0],"id":148021752889345,"type":106}
@nix {"action":"result","fields":[100,0],"id":148021752889345,"type":106}
@nix {"action":"result","fields":[45,63,0,0],"id":148021752889346,"type":105}
@nix {"action":"result","fields":[0,0,0,0],"id":148021752889347,"type":105}
@nix {"action":"result","fields":[101,0],"id":148021752889345,"type":106}
@nix {"action":"result","fields":[100,0],"id":148021752889345,"type":106}
@nix {"action":"stop","id":148021752889393}
@nix {"action":"result","fields":[46,63,0,0],"id":148021752889346,"type":105}
@nix {"action":"result","fields":[0,0,0,0],"id":148021752889347,"type":105}
@nix {"action":"result","fields":[101,0],"id":148021752889345,"type":106}
@nix {"action":"result","fields":[100,0],"id":148021752889345,"type":106}
@nix {"action":"stop","id":148021752889392}
@nix {"action":"result","fields":[46,63,0,0],"id":148021752889346,"type":105}
@nix {"action":"result","fields":[0,0,0,0],"id":148021752889347,"type":105}
@nix {"action":"result","fields":[101,0],"id":148021752889345,"type":106}
@nix {"action":"result","fields":[100,0],"id":148021752889345,"type":106}
@nix {"action":"start","fields":["/tmp/obrador-shared-pins-linux/round-3-retry-after/chain-round-1-jobs-8/store/9y7p490ys3w2kqi4q6y6s0jlpr6631k8-leaf-15.drv","",1,1],"id":148021752889394,"level":3,"parent":0,"text":"building '/tmp/obrador-shared-pins-linux/round-3-retry-after/chain-round-1-jobs-8/store/9y7p490ys3w2kqi4q6y6s0jlpr6631k8-leaf-15.drv'","type":105}
@nix {"action":"result","fields":[46,63,1,0],"id":148021752889346,"type":105}
@nix {"action":"result","fields":[0,0,0,0],"id":148021752889347,"type":105}
@nix {"action":"result","fields":[101,0],"id":148021752889345,"type":106}
@nix {"action":"result","fields":[100,0],"id":148021752889345,"type":106}
@nix {"action":"result","fields":[47,64,0,0],"id":148021752889346,"type":105}
@nix {"action":"result","fields":[0,0,0,0],"id":148021752889347,"type":105}
@nix {"action":"result","fields":[101,0],"id":148021752889345,"type":106}
@nix {"action":"result","fields":[100,0],"id":148021752889345,"type":106}
@nix {"action":"stop","id":148021752889394}
@nix {"action":"start","fields":["/tmp/obrador-shared-pins-linux/round-3-retry-after/chain-round-1-jobs-8/store/d72lfq9a3l2gqfmr1yi06v0bv4h7737w-leaf-16.drv.drv","/tmp/obrador-shared-pins-linux/round-3-retry-after/chain-round-1-jobs-8/store/g1767m4lnvxclx42xacfrdsy5nysvq2y-leaf-16.drv.drv"],"id":148021752889395,"level":3,"parent":0,"text":"resolved derivation: '/tmp/obrador-shared-pins-linux/round-3-retry-after/chain-round-1-jobs-8/store/d72lfq9a3l2gqfmr1yi06v0bv4h7737w-leaf-16.drv.drv' -> '/tmp/obrador-shared-pins-linux/round-3-retry-after/chain-round-1-jobs-8/store/g1767m4lnvxclx42xacfrdsy5nysvq2y-leaf-16.drv.drv'","type":111}
@nix {"action":"result","fields":[47,64,0,0],"id":148021752889346,"type":105}
@nix {"action":"result","fields":[0,0,0,0],"id":148021752889347,"type":105}
@nix {"action":"result","fields":[101,0],"id":148021752889345,"type":106}
@nix {"action":"result","fields":[100,0],"id":148021752889345,"type":106}
@nix {"action":"start","fields":["/tmp/obrador-shared-pins-linux/round-3-retry-after/chain-round-1-jobs-8/store/g1767m4lnvxclx42xacfrdsy5nysvq2y-leaf-16.drv.drv","",1,1],"id":148021752889396,"level":3,"parent":0,"text":"building '/tmp/obrador-shared-pins-linux/round-3-retry-after/chain-round-1-jobs-8/store/g1767m4lnvxclx42xacfrdsy5nysvq2y-leaf-16.drv.drv'","type":105}
@nix {"action":"result","fields":[47,64,1,0],"id":148021752889346,"type":105}
@nix {"action":"result","fields":[0,0,0,0],"id":148021752889347,"type":105}
@nix {"action":"result","fields":[101,0],"id":148021752889345,"type":106}
@nix {"action":"result","fields":[100,0],"id":148021752889345,"type":106}
@nix {"action":"result","fields":[48,65,0,0],"id":148021752889346,"type":105}
@nix {"action":"result","fields":[0,0,0,0],"id":148021752889347,"type":105}
@nix {"action":"result","fields":[101,0],"id":148021752889345,"type":106}
@nix {"action":"result","fields":[100,0],"id":148021752889345,"type":106}
@nix {"action":"stop","id":148021752889396}
@nix {"action":"result","fields":[49,65,0,0],"id":148021752889346,"type":105}
@nix {"action":"result","fields":[0,0,0,0],"id":148021752889347,"type":105}
@nix {"action":"result","fields":[101,0],"id":148021752889345,"type":106}
@nix {"action":"result","fields":[100,0],"id":148021752889345,"type":106}
@nix {"action":"stop","id":148021752889395}
@nix {"action":"result","fields":[49,65,0,0],"id":148021752889346,"type":105}
@nix {"action":"result","fields":[0,0,0,0],"id":148021752889347,"type":105}
@nix {"action":"result","fields":[101,0],"id":148021752889345,"type":106}
@nix {"action":"result","fields":[100,0],"id":148021752889345,"type":106}
@nix {"action":"start","fields":["/tmp/obrador-shared-pins-linux/round-3-retry-after/chain-round-1-jobs-8/store/356pzgb4vp1qx6gbl1xfmqmzc763km77-leaf-16.drv","",1,1],"id":148021752889397,"level":3,"parent":0,"text":"building '/tmp/obrador-shared-pins-linux/round-3-retry-after/chain-round-1-jobs-8/store/356pzgb4vp1qx6gbl1xfmqmzc763km77-leaf-16.drv'","type":105}
@nix {"action":"result","fields":[49,65,1,0],"id":148021752889346,"type":105}
@nix {"action":"result","fields":[0,0,0,0],"id":148021752889347,"type":105}
@nix {"action":"result","fields":[101,0],"id":148021752889345,"type":106}
@nix {"action":"result","fields":[100,0],"id":148021752889345,"type":106}
@nix {"action":"result","fields":[50,66,0,0],"id":148021752889346,"type":105}
@nix {"action":"result","fields":[0,0,0,0],"id":148021752889347,"type":105}
@nix {"action":"result","fields":[101,0],"id":148021752889345,"type":106}
@nix {"action":"result","fields":[100,0],"id":148021752889345,"type":106}
@nix {"action":"stop","id":148021752889397}
@nix {"action":"start","fields":["/tmp/obrador-shared-pins-linux/round-3-retry-after/chain-round-1-jobs-8/store/w3kjd56n5nyw6v2bw26kxj3w6ic3mcgr-leaf-17.drv.drv","/tmp/obrador-shared-pins-linux/round-3-retry-after/chain-round-1-jobs-8/store/pkag1s0l03x1cy0n6x6ffsb2igyj7i6d-leaf-17.drv.drv"],"id":148021752889398,"level":3,"parent":0,"text":"resolved derivation: '/tmp/obrador-shared-pins-linux/round-3-retry-after/chain-round-1-jobs-8/store/w3kjd56n5nyw6v2bw26kxj3w6ic3mcgr-leaf-17.drv.drv' -> '/tmp/obrador-shared-pins-linux/round-3-retry-after/chain-round-1-jobs-8/store/pkag1s0l03x1cy0n6x6ffsb2igyj7i6d-leaf-17.drv.drv'","type":111}
@nix {"action":"result","fields":[50,66,0,0],"id":148021752889346,"type":105}
@nix {"action":"result","fields":[0,0,0,0],"id":148021752889347,"type":105}
@nix {"action":"result","fields":[101,0],"id":148021752889345,"type":106}
@nix {"action":"result","fields":[100,0],"id":148021752889345,"type":106}
@nix {"action":"start","fields":["/tmp/obrador-shared-pins-linux/round-3-retry-after/chain-round-1-jobs-8/store/pkag1s0l03x1cy0n6x6ffsb2igyj7i6d-leaf-17.drv.drv","",1,1],"id":148021752889399,"level":3,"parent":0,"text":"building '/tmp/obrador-shared-pins-linux/round-3-retry-after/chain-round-1-jobs-8/store/pkag1s0l03x1cy0n6x6ffsb2igyj7i6d-leaf-17.drv.drv'","type":105}
@nix {"action":"result","fields":[50,66,1,0],"id":148021752889346,"type":105}
@nix {"action":"result","fields":[0,0,0,0],"id":148021752889347,"type":105}
@nix {"action":"result","fields":[101,0],"id":148021752889345,"type":106}
@nix {"action":"result","fields":[100,0],"id":148021752889345,"type":106}
@nix {"action":"result","fields":[51,67,0,0],"id":148021752889346,"type":105}
@nix {"action":"result","fields":[0,0,0,0],"id":148021752889347,"type":105}
@nix {"action":"result","fields":[101,0],"id":148021752889345,"type":106}
@nix {"action":"result","fields":[100,0],"id":148021752889345,"type":106}
@nix {"action":"stop","id":148021752889399}
@nix {"action":"result","fields":[52,67,0,0],"id":148021752889346,"type":105}
@nix {"action":"result","fields":[0,0,0,0],"id":148021752889347,"type":105}
@nix {"action":"result","fields":[101,0],"id":148021752889345,"type":106}
@nix {"action":"result","fields":[100,0],"id":148021752889345,"type":106}
@nix {"action":"stop","id":148021752889398}
@nix {"action":"result","fields":[52,67,0,0],"id":148021752889346,"type":105}
@nix {"action":"result","fields":[0,0,0,0],"id":148021752889347,"type":105}
@nix {"action":"result","fields":[101,0],"id":148021752889345,"type":106}
@nix {"action":"result","fields":[100,0],"id":148021752889345,"type":106}
@nix {"action":"start","fields":["/tmp/obrador-shared-pins-linux/round-3-retry-after/chain-round-1-jobs-8/store/izw4rigslxa79zij548sl12p1aqjxdk8-leaf-17.drv","",1,1],"id":148021752889400,"level":3,"parent":0,"text":"building '/tmp/obrador-shared-pins-linux/round-3-retry-after/chain-round-1-jobs-8/store/izw4rigslxa79zij548sl12p1aqjxdk8-leaf-17.drv'","type":105}
@nix {"action":"result","fields":[52,67,1,0],"id":148021752889346,"type":105}
@nix {"action":"result","fields":[0,0,0,0],"id":148021752889347,"type":105}
@nix {"action":"result","fields":[101,0],"id":148021752889345,"type":106}
@nix {"action":"result","fields":[100,0],"id":148021752889345,"type":106}
@nix {"action":"result","fields":[53,68,0,0],"id":148021752889346,"type":105}
@nix {"action":"result","fields":[0,0,0,0],"id":148021752889347,"type":105}
@nix {"action":"result","fields":[101,0],"id":148021752889345,"type":106}
@nix {"action":"result","fields":[100,0],"id":148021752889345,"type":106}
@nix {"action":"stop","id":148021752889400}
@nix {"action":"start","fields":["/tmp/obrador-shared-pins-linux/round-3-retry-after/chain-round-1-jobs-8/store/11lsw7rqrxmscdzgwzck4bk1wbxn23am-leaf-18.drv.drv","/tmp/obrador-shared-pins-linux/round-3-retry-after/chain-round-1-jobs-8/store/qi057cvb11b3v91k5xirn3yr3764a3w2-leaf-18.drv.drv"],"id":148021752889401,"level":3,"parent":0,"text":"resolved derivation: '/tmp/obrador-shared-pins-linux/round-3-retry-after/chain-round-1-jobs-8/store/11lsw7rqrxmscdzgwzck4bk1wbxn23am-leaf-18.drv.drv' -> '/tmp/obrador-shared-pins-linux/round-3-retry-after/chain-round-1-jobs-8/store/qi057cvb11b3v91k5xirn3yr3764a3w2-leaf-18.drv.drv'","type":111}
@nix {"action":"result","fields":[53,68,0,0],"id":148021752889346,"type":105}
@nix {"action":"result","fields":[0,0,0,0],"id":148021752889347,"type":105}
@nix {"action":"result","fields":[101,0],"id":148021752889345,"type":106}
@nix {"action":"result","fields":[100,0],"id":148021752889345,"type":106}
@nix {"action":"start","fields":["/tmp/obrador-shared-pins-linux/round-3-retry-after/chain-round-1-jobs-8/store/qi057cvb11b3v91k5xirn3yr3764a3w2-leaf-18.drv.drv","",1,1],"id":148021752889402,"level":3,"parent":0,"text":"building '/tmp/obrador-shared-pins-linux/round-3-retry-after/chain-round-1-jobs-8/store/qi057cvb11b3v91k5xirn3yr3764a3w2-leaf-18.drv.drv'","type":105}
@nix {"action":"result","fields":[53,68,1,0],"id":148021752889346,"type":105}
@nix {"action":"result","fields":[0,0,0,0],"id":148021752889347,"type":105}
@nix {"action":"result","fields":[101,0],"id":148021752889345,"type":106}
@nix {"action":"result","fields":[100,0],"id":148021752889345,"type":106}
@nix {"action":"result","fields":[54,69,0,0],"id":148021752889346,"type":105}
@nix {"action":"result","fields":[0,0,0,0],"id":148021752889347,"type":105}
@nix {"action":"result","fields":[101,0],"id":148021752889345,"type":106}
@nix {"action":"result","fields":[100,0],"id":148021752889345,"type":106}
@nix {"action":"stop","id":148021752889402}
@nix {"action":"result","fields":[55,69,0,0],"id":148021752889346,"type":105}
@nix {"action":"result","fields":[0,0,0,0],"id":148021752889347,"type":105}
@nix {"action":"result","fields":[101,0],"id":148021752889345,"type":106}
@nix {"action":"result","fields":[100,0],"id":148021752889345,"type":106}
@nix {"action":"stop","id":148021752889401}
@nix {"action":"result","fields":[55,69,0,0],"id":148021752889346,"type":105}
@nix {"action":"result","fields":[0,0,0,0],"id":148021752889347,"type":105}
@nix {"action":"result","fields":[101,0],"id":148021752889345,"type":106}
@nix {"action":"result","fields":[100,0],"id":148021752889345,"type":106}
@nix {"action":"start","fields":["/tmp/obrador-shared-pins-linux/round-3-retry-after/chain-round-1-jobs-8/store/ksf3x70bsgf665sppyp00sc0wgfvrpkl-leaf-18.drv","",1,1],"id":148021752889403,"level":3,"parent":0,"text":"building '/tmp/obrador-shared-pins-linux/round-3-retry-after/chain-round-1-jobs-8/store/ksf3x70bsgf665sppyp00sc0wgfvrpkl-leaf-18.drv'","type":105}
@nix {"action":"result","fields":[55,69,1,0],"id":148021752889346,"type":105}
@nix {"action":"result","fields":[0,0,0,0],"id":148021752889347,"type":105}
@nix {"action":"result","fields":[101,0],"id":148021752889345,"type":106}
@nix {"action":"result","fields":[100,0],"id":148021752889345,"type":106}
@nix {"action":"result","fields":[56,70,0,0],"id":148021752889346,"type":105}
@nix {"action":"result","fields":[0,0,0,0],"id":148021752889347,"type":105}
@nix {"action":"result","fields":[101,0],"id":148021752889345,"type":106}
@nix {"action":"result","fields":[100,0],"id":148021752889345,"type":106}
@nix {"action":"stop","id":148021752889403}
@nix {"action":"start","fields":["/tmp/obrador-shared-pins-linux/round-3-retry-after/chain-round-1-jobs-8/store/l35g86hmlijf6xzysz42zxs1srpynlfy-leaf-19.drv.drv","/tmp/obrador-shared-pins-linux/round-3-retry-after/chain-round-1-jobs-8/store/avrfqiviij3mbag7lmd54gscsm2vmgl6-leaf-19.drv.drv"],"id":148021752889404,"level":3,"parent":0,"text":"resolved derivation: '/tmp/obrador-shared-pins-linux/round-3-retry-after/chain-round-1-jobs-8/store/l35g86hmlijf6xzysz42zxs1srpynlfy-leaf-19.drv.drv' -> '/tmp/obrador-shared-pins-linux/round-3-retry-after/chain-round-1-jobs-8/store/avrfqiviij3mbag7lmd54gscsm2vmgl6-leaf-19.drv.drv'","type":111}
@nix {"action":"result","fields":[56,70,0,0],"id":148021752889346,"type":105}
@nix {"action":"result","fields":[0,0,0,0],"id":148021752889347,"type":105}
@nix {"action":"result","fields":[101,0],"id":148021752889345,"type":106}
@nix {"action":"result","fields":[100,0],"id":148021752889345,"type":106}
@nix {"action":"start","fields":["/tmp/obrador-shared-pins-linux/round-3-retry-after/chain-round-1-jobs-8/store/avrfqiviij3mbag7lmd54gscsm2vmgl6-leaf-19.drv.drv","",1,1],"id":148021752889405,"level":3,"parent":0,"text":"building '/tmp/obrador-shared-pins-linux/round-3-retry-after/chain-round-1-jobs-8/store/avrfqiviij3mbag7lmd54gscsm2vmgl6-leaf-19.drv.drv'","type":105}
@nix {"action":"result","fields":[56,70,1,0],"id":148021752889346,"type":105}
@nix {"action":"result","fields":[0,0,0,0],"id":148021752889347,"type":105}
@nix {"action":"result","fields":[101,0],"id":148021752889345,"type":106}
@nix {"action":"result","fields":[100,0],"id":148021752889345,"type":106}
@nix {"action":"result","fields":[57,71,0,0],"id":148021752889346,"type":105}
@nix {"action":"result","fields":[0,0,0,0],"id":148021752889347,"type":105}
@nix {"action":"result","fields":[101,0],"id":148021752889345,"type":106}
@nix {"action":"result","fields":[100,0],"id":148021752889345,"type":106}
@nix {"action":"stop","id":148021752889405}
@nix {"action":"result","fields":[58,71,0,0],"id":148021752889346,"type":105}
@nix {"action":"result","fields":[0,0,0,0],"id":148021752889347,"type":105}
@nix {"action":"result","fields":[101,0],"id":148021752889345,"type":106}
@nix {"action":"result","fields":[100,0],"id":148021752889345,"type":106}
@nix {"action":"stop","id":148021752889404}
@nix {"action":"result","fields":[58,71,0,0],"id":148021752889346,"type":105}
@nix {"action":"result","fields":[0,0,0,0],"id":148021752889347,"type":105}
@nix {"action":"result","fields":[101,0],"id":148021752889345,"type":106}
@nix {"action":"result","fields":[100,0],"id":148021752889345,"type":106}
@nix {"action":"start","fields":["/tmp/obrador-shared-pins-linux/round-3-retry-after/chain-round-1-jobs-8/store/q3pxvsm50y68zq9w09mkpn1is8bps3yh-leaf-19.drv","",1,1],"id":148021752889406,"level":3,"parent":0,"text":"building '/tmp/obrador-shared-pins-linux/round-3-retry-after/chain-round-1-jobs-8/store/q3pxvsm50y68zq9w09mkpn1is8bps3yh-leaf-19.drv'","type":105}
@nix {"action":"result","fields":[58,71,1,0],"id":148021752889346,"type":105}
@nix {"action":"result","fields":[0,0,0,0],"id":148021752889347,"type":105}
@nix {"action":"result","fields":[101,0],"id":148021752889345,"type":106}
@nix {"action":"result","fields":[100,0],"id":148021752889345,"type":106}
@nix {"action":"result","fields":[59,72,0,0],"id":148021752889346,"type":105}
@nix {"action":"result","fields":[0,0,0,0],"id":148021752889347,"type":105}
@nix {"action":"result","fields":[101,0],"id":148021752889345,"type":106}
@nix {"action":"result","fields":[100,0],"id":148021752889345,"type":106}
@nix {"action":"stop","id":148021752889406}
@nix {"action":"start","fields":["/tmp/obrador-shared-pins-linux/round-3-retry-after/chain-round-1-jobs-8/store/39gcxvsfy3g9q3bql3c1jy9jxwdq4853-leaf-20.drv.drv","/tmp/obrador-shared-pins-linux/round-3-retry-after/chain-round-1-jobs-8/store/q85wh9rn9zwlpy0vd23rzsnsq5jpavcg-leaf-20.drv.drv"],"id":148021752889407,"level":3,"parent":0,"text":"resolved derivation: '/tmp/obrador-shared-pins-linux/round-3-retry-after/chain-round-1-jobs-8/store/39gcxvsfy3g9q3bql3c1jy9jxwdq4853-leaf-20.drv.drv' -> '/tmp/obrador-shared-pins-linux/round-3-retry-after/chain-round-1-jobs-8/store/q85wh9rn9zwlpy0vd23rzsnsq5jpavcg-leaf-20.drv.drv'","type":111}
@nix {"action":"result","fields":[59,72,0,0],"id":148021752889346,"type":105}
@nix {"action":"result","fields":[0,0,0,0],"id":148021752889347,"type":105}
@nix {"action":"result","fields":[101,0],"id":148021752889345,"type":106}
@nix {"action":"result","fields":[100,0],"id":148021752889345,"type":106}
@nix {"action":"start","fields":["/tmp/obrador-shared-pins-linux/round-3-retry-after/chain-round-1-jobs-8/store/q85wh9rn9zwlpy0vd23rzsnsq5jpavcg-leaf-20.drv.drv","",1,1],"id":148021752889408,"level":3,"parent":0,"text":"building '/tmp/obrador-shared-pins-linux/round-3-retry-after/chain-round-1-jobs-8/store/q85wh9rn9zwlpy0vd23rzsnsq5jpavcg-leaf-20.drv.drv'","type":105}
@nix {"action":"result","fields":[59,72,1,0],"id":148021752889346,"type":105}
@nix {"action":"result","fields":[0,0,0,0],"id":148021752889347,"type":105}
@nix {"action":"result","fields":[101,0],"id":148021752889345,"type":106}
@nix {"action":"result","fields":[100,0],"id":148021752889345,"type":106}
@nix {"action":"result","fields":[60,73,0,0],"id":148021752889346,"type":105}
@nix {"action":"result","fields":[0,0,0,0],"id":148021752889347,"type":105}
@nix {"action":"result","fields":[101,0],"id":148021752889345,"type":106}
@nix {"action":"result","fields":[100,0],"id":148021752889345,"type":106}
@nix {"action":"stop","id":148021752889408}
@nix {"action":"result","fields":[61,73,0,0],"id":148021752889346,"type":105}
@nix {"action":"result","fields":[0,0,0,0],"id":148021752889347,"type":105}
@nix {"action":"result","fields":[101,0],"id":148021752889345,"type":106}
@nix {"action":"result","fields":[100,0],"id":148021752889345,"type":106}
@nix {"action":"stop","id":148021752889407}
@nix {"action":"result","fields":[61,73,0,0],"id":148021752889346,"type":105}
@nix {"action":"result","fields":[0,0,0,0],"id":148021752889347,"type":105}
@nix {"action":"result","fields":[101,0],"id":148021752889345,"type":106}
@nix {"action":"result","fields":[100,0],"id":148021752889345,"type":106}
@nix {"action":"start","fields":["/tmp/obrador-shared-pins-linux/round-3-retry-after/chain-round-1-jobs-8/store/q2s23w7xbkvh4wvchfa18fd8c72azisn-leaf-20.drv","",1,1],"id":148021752889409,"level":3,"parent":0,"text":"building '/tmp/obrador-shared-pins-linux/round-3-retry-after/chain-round-1-jobs-8/store/q2s23w7xbkvh4wvchfa18fd8c72azisn-leaf-20.drv'","type":105}
@nix {"action":"result","fields":[61,73,1,0],"id":148021752889346,"type":105}
@nix {"action":"result","fields":[0,0,0,0],"id":148021752889347,"type":105}
@nix {"action":"result","fields":[101,0],"id":148021752889345,"type":106}
@nix {"action":"result","fields":[100,0],"id":148021752889345,"type":106}
@nix {"action":"result","fields":[62,74,0,0],"id":148021752889346,"type":105}
@nix {"action":"result","fields":[0,0,0,0],"id":148021752889347,"type":105}
@nix {"action":"result","fields":[101,0],"id":148021752889345,"type":106}
@nix {"action":"result","fields":[100,0],"id":148021752889345,"type":106}
@nix {"action":"stop","id":148021752889409}
@nix {"action":"start","fields":["/tmp/obrador-shared-pins-linux/round-3-retry-after/chain-round-1-jobs-8/store/26bm96bxmwpjs5cwhakynnymx85817j2-leaf-21.drv.drv","/tmp/obrador-shared-pins-linux/round-3-retry-after/chain-round-1-jobs-8/store/h7nz00yq8vkfln311va0zk4a5pxwaxcr-leaf-21.drv.drv"],"id":148021752889410,"level":3,"parent":0,"text":"resolved derivation: '/tmp/obrador-shared-pins-linux/round-3-retry-after/chain-round-1-jobs-8/store/26bm96bxmwpjs5cwhakynnymx85817j2-leaf-21.drv.drv' -> '/tmp/obrador-shared-pins-linux/round-3-retry-after/chain-round-1-jobs-8/store/h7nz00yq8vkfln311va0zk4a5pxwaxcr-leaf-21.drv.drv'","type":111}
@nix {"action":"result","fields":[62,74,0,0],"id":148021752889346,"type":105}
@nix {"action":"result","fields":[0,0,0,0],"id":148021752889347,"type":105}
@nix {"action":"result","fields":[101,0],"id":148021752889345,"type":106}
@nix {"action":"result","fields":[100,0],"id":148021752889345,"type":106}
@nix {"action":"start","fields":["/tmp/obrador-shared-pins-linux/round-3-retry-after/chain-round-1-jobs-8/store/h7nz00yq8vkfln311va0zk4a5pxwaxcr-leaf-21.drv.drv","",1,1],"id":148021752889411,"level":3,"parent":0,"text":"building '/tmp/obrador-shared-pins-linux/round-3-retry-after/chain-round-1-jobs-8/store/h7nz00yq8vkfln311va0zk4a5pxwaxcr-leaf-21.drv.drv'","type":105}
@nix {"action":"result","fields":[62,74,1,0],"id":148021752889346,"type":105}
@nix {"action":"result","fields":[0,0,0,0],"id":148021752889347,"type":105}
@nix {"action":"result","fields":[101,0],"id":148021752889345,"type":106}
@nix {"action":"result","fields":[100,0],"id":148021752889345,"type":106}
@nix {"action":"result","fields":[63,75,0,0],"id":148021752889346,"type":105}
@nix {"action":"result","fields":[0,0,0,0],"id":148021752889347,"type":105}
@nix {"action":"result","fields":[101,0],"id":148021752889345,"type":106}
@nix {"action":"result","fields":[100,0],"id":148021752889345,"type":106}
@nix {"action":"stop","id":148021752889411}
@nix {"action":"result","fields":[64,75,0,0],"id":148021752889346,"type":105}
@nix {"action":"result","fields":[0,0,0,0],"id":148021752889347,"type":105}
@nix {"action":"result","fields":[101,0],"id":148021752889345,"type":106}
@nix {"action":"result","fields":[100,0],"id":148021752889345,"type":106}
@nix {"action":"stop","id":148021752889410}
@nix {"action":"result","fields":[64,75,0,0],"id":148021752889346,"type":105}
@nix {"action":"result","fields":[0,0,0,0],"id":148021752889347,"type":105}
@nix {"action":"result","fields":[101,0],"id":148021752889345,"type":106}
@nix {"action":"result","fields":[100,0],"id":148021752889345,"type":106}
@nix {"action":"start","fields":["/tmp/obrador-shared-pins-linux/round-3-retry-after/chain-round-1-jobs-8/store/idwlpgbz7gbrz361b1bp1ml3nanz3ny6-leaf-21.drv","",1,1],"id":148021752889412,"level":3,"parent":0,"text":"building '/tmp/obrador-shared-pins-linux/round-3-retry-after/chain-round-1-jobs-8/store/idwlpgbz7gbrz361b1bp1ml3nanz3ny6-leaf-21.drv'","type":105}
@nix {"action":"result","fields":[64,75,1,0],"id":148021752889346,"type":105}
@nix {"action":"result","fields":[0,0,0,0],"id":148021752889347,"type":105}
@nix {"action":"result","fields":[101,0],"id":148021752889345,"type":106}
@nix {"action":"result","fields":[100,0],"id":148021752889345,"type":106}
@nix {"action":"result","fields":[65,76,0,0],"id":148021752889346,"type":105}
@nix {"action":"result","fields":[0,0,0,0],"id":148021752889347,"type":105}
@nix {"action":"result","fields":[101,0],"id":148021752889345,"type":106}
@nix {"action":"result","fields":[100,0],"id":148021752889345,"type":106}
@nix {"action":"stop","id":148021752889412}
@nix {"action":"start","fields":["/tmp/obrador-shared-pins-linux/round-3-retry-after/chain-round-1-jobs-8/store/4k02sf3cafp9hz0v7d0c91qiwsy099j2-leaf-22.drv.drv","/tmp/obrador-shared-pins-linux/round-3-retry-after/chain-round-1-jobs-8/store/hq82kfszdi7dgw604pinbv589l6dk09d-leaf-22.drv.drv"],"id":148021752889413,"level":3,"parent":0,"text":"resolved derivation: '/tmp/obrador-shared-pins-linux/round-3-retry-after/chain-round-1-jobs-8/store/4k02sf3cafp9hz0v7d0c91qiwsy099j2-leaf-22.drv.drv' -> '/tmp/obrador-shared-pins-linux/round-3-retry-after/chain-round-1-jobs-8/store/hq82kfszdi7dgw604pinbv589l6dk09d-leaf-22.drv.drv'","type":111}
@nix {"action":"result","fields":[65,76,0,0],"id":148021752889346,"type":105}
@nix {"action":"result","fields":[0,0,0,0],"id":148021752889347,"type":105}
@nix {"action":"result","fields":[101,0],"id":148021752889345,"type":106}
@nix {"action":"result","fields":[100,0],"id":148021752889345,"type":106}
@nix {"action":"start","fields":["/tmp/obrador-shared-pins-linux/round-3-retry-after/chain-round-1-jobs-8/store/hq82kfszdi7dgw604pinbv589l6dk09d-leaf-22.drv.drv","",1,1],"id":148021752889414,"level":3,"parent":0,"text":"building '/tmp/obrador-shared-pins-linux/round-3-retry-after/chain-round-1-jobs-8/store/hq82kfszdi7dgw604pinbv589l6dk09d-leaf-22.drv.drv'","type":105}
@nix {"action":"result","fields":[65,76,1,0],"id":148021752889346,"type":105}
@nix {"action":"result","fields":[0,0,0,0],"id":148021752889347,"type":105}
@nix {"action":"result","fields":[101,0],"id":148021752889345,"type":106}
@nix {"action":"result","fields":[100,0],"id":148021752889345,"type":106}
@nix {"action":"result","fields":[66,77,0,0],"id":148021752889346,"type":105}
@nix {"action":"result","fields":[0,0,0,0],"id":148021752889347,"type":105}
@nix {"action":"result","fields":[101,0],"id":148021752889345,"type":106}
@nix {"action":"result","fields":[100,0],"id":148021752889345,"type":106}
@nix {"action":"stop","id":148021752889414}
@nix {"action":"result","fields":[67,77,0,0],"id":148021752889346,"type":105}
@nix {"action":"result","fields":[0,0,0,0],"id":148021752889347,"type":105}
@nix {"action":"result","fields":[101,0],"id":148021752889345,"type":106}
@nix {"action":"result","fields":[100,0],"id":148021752889345,"type":106}
@nix {"action":"stop","id":148021752889413}
@nix {"action":"result","fields":[67,77,0,0],"id":148021752889346,"type":105}
@nix {"action":"result","fields":[0,0,0,0],"id":148021752889347,"type":105}
@nix {"action":"result","fields":[101,0],"id":148021752889345,"type":106}
@nix {"action":"result","fields":[100,0],"id":148021752889345,"type":106}
@nix {"action":"start","fields":["/tmp/obrador-shared-pins-linux/round-3-retry-after/chain-round-1-jobs-8/store/r7gzy838ady9330sj504gs115vqhvd46-leaf-22.drv","",1,1],"id":148021752889415,"level":3,"parent":0,"text":"building '/tmp/obrador-shared-pins-linux/round-3-retry-after/chain-round-1-jobs-8/store/r7gzy838ady9330sj504gs115vqhvd46-leaf-22.drv'","type":105}
@nix {"action":"result","fields":[67,77,1,0],"id":148021752889346,"type":105}
@nix {"action":"result","fields":[0,0,0,0],"id":148021752889347,"type":105}
@nix {"action":"result","fields":[101,0],"id":148021752889345,"type":106}
@nix {"action":"result","fields":[100,0],"id":148021752889345,"type":106}
@nix {"action":"result","fields":[68,78,0,0],"id":148021752889346,"type":105}
@nix {"action":"result","fields":[0,0,0,0],"id":148021752889347,"type":105}
@nix {"action":"result","fields":[101,0],"id":148021752889345,"type":106}
@nix {"action":"result","fields":[100,0],"id":148021752889345,"type":106}
@nix {"action":"stop","id":148021752889415}
@nix {"action":"start","fields":["/tmp/obrador-shared-pins-linux/round-3-retry-after/chain-round-1-jobs-8/store/y4p6nrqs97gsbb0w4rl4v1wv0i7vasha-leaf-23.drv.drv","/tmp/obrador-shared-pins-linux/round-3-retry-after/chain-round-1-jobs-8/store/7caxsyrx1y9jksynil9h1rr4i32vf4l3-leaf-23.drv.drv"],"id":148021752889416,"level":3,"parent":0,"text":"resolved derivation: '/tmp/obrador-shared-pins-linux/round-3-retry-after/chain-round-1-jobs-8/store/y4p6nrqs97gsbb0w4rl4v1wv0i7vasha-leaf-23.drv.drv' -> '/tmp/obrador-shared-pins-linux/round-3-retry-after/chain-round-1-jobs-8/store/7caxsyrx1y9jksynil9h1rr4i32vf4l3-leaf-23.drv.drv'","type":111}
@nix {"action":"result","fields":[68,78,0,0],"id":148021752889346,"type":105}
@nix {"action":"result","fields":[0,0,0,0],"id":148021752889347,"type":105}
@nix {"action":"result","fields":[101,0],"id":148021752889345,"type":106}
@nix {"action":"result","fields":[100,0],"id":148021752889345,"type":106}
@nix {"action":"start","fields":["/tmp/obrador-shared-pins-linux/round-3-retry-after/chain-round-1-jobs-8/store/7caxsyrx1y9jksynil9h1rr4i32vf4l3-leaf-23.drv.drv","",1,1],"id":148021752889417,"level":3,"parent":0,"text":"building '/tmp/obrador-shared-pins-linux/round-3-retry-after/chain-round-1-jobs-8/store/7caxsyrx1y9jksynil9h1rr4i32vf4l3-leaf-23.drv.drv'","type":105}
@nix {"action":"result","fields":[68,78,1,0],"id":148021752889346,"type":105}
@nix {"action":"result","fields":[0,0,0,0],"id":148021752889347,"type":105}
@nix {"action":"result","fields":[101,0],"id":148021752889345,"type":106}
@nix {"action":"result","fields":[100,0],"id":148021752889345,"type":106}
@nix {"action":"result","fields":[69,79,0,0],"id":148021752889346,"type":105}
@nix {"action":"result","fields":[0,0,0,0],"id":148021752889347,"type":105}
@nix {"action":"result","fields":[101,0],"id":148021752889345,"type":106}
@nix {"action":"result","fields":[100,0],"id":148021752889345,"type":106}
@nix {"action":"stop","id":148021752889417}
@nix {"action":"result","fields":[70,79,0,0],"id":148021752889346,"type":105}
@nix {"action":"result","fields":[0,0,0,0],"id":148021752889347,"type":105}
@nix {"action":"result","fields":[101,0],"id":148021752889345,"type":106}
@nix {"action":"result","fields":[100,0],"id":148021752889345,"type":106}
@nix {"action":"stop","id":148021752889416}
@nix {"action":"result","fields":[70,79,0,0],"id":148021752889346,"type":105}
@nix {"action":"result","fields":[0,0,0,0],"id":148021752889347,"type":105}
@nix {"action":"result","fields":[101,0],"id":148021752889345,"type":106}
@nix {"action":"result","fields":[100,0],"id":148021752889345,"type":106}
@nix {"action":"start","fields":["/tmp/obrador-shared-pins-linux/round-3-retry-after/chain-round-1-jobs-8/store/k29hvpkq7zymj1dvk09acswvwyjhixx2-leaf-23.drv","",1,1],"id":148021752889418,"level":3,"parent":0,"text":"building '/tmp/obrador-shared-pins-linux/round-3-retry-after/chain-round-1-jobs-8/store/k29hvpkq7zymj1dvk09acswvwyjhixx2-leaf-23.drv'","type":105}
@nix {"action":"result","fields":[70,79,1,0],"id":148021752889346,"type":105}
@nix {"action":"result","fields":[0,0,0,0],"id":148021752889347,"type":105}
@nix {"action":"result","fields":[101,0],"id":148021752889345,"type":106}
@nix {"action":"result","fields":[100,0],"id":148021752889345,"type":106}
@nix {"action":"result","fields":[71,80,0,0],"id":148021752889346,"type":105}
@nix {"action":"result","fields":[0,0,0,0],"id":148021752889347,"type":105}
@nix {"action":"result","fields":[101,0],"id":148021752889345,"type":106}
@nix {"action":"result","fields":[100,0],"id":148021752889345,"type":106}
@nix {"action":"stop","id":148021752889418}
@nix {"action":"start","fields":["/tmp/obrador-shared-pins-linux/round-3-retry-after/chain-round-1-jobs-8/store/aj42m0c3isk2qx2l147f4lj4cqv49d75-leaf-24.drv.drv","/tmp/obrador-shared-pins-linux/round-3-retry-after/chain-round-1-jobs-8/store/3grn4nnb6jz56h1galq9caa7ccjg4d3g-leaf-24.drv.drv"],"id":148021752889419,"level":3,"parent":0,"text":"resolved derivation: '/tmp/obrador-shared-pins-linux/round-3-retry-after/chain-round-1-jobs-8/store/aj42m0c3isk2qx2l147f4lj4cqv49d75-leaf-24.drv.drv' -> '/tmp/obrador-shared-pins-linux/round-3-retry-after/chain-round-1-jobs-8/store/3grn4nnb6jz56h1galq9caa7ccjg4d3g-leaf-24.drv.drv'","type":111}
@nix {"action":"result","fields":[71,80,0,0],"id":148021752889346,"type":105}
@nix {"action":"result","fields":[0,0,0,0],"id":148021752889347,"type":105}
@nix {"action":"result","fields":[101,0],"id":148021752889345,"type":106}
@nix {"action":"result","fields":[100,0],"id":148021752889345,"type":106}
@nix {"action":"start","fields":["/tmp/obrador-shared-pins-linux/round-3-retry-after/chain-round-1-jobs-8/store/3grn4nnb6jz56h1galq9caa7ccjg4d3g-leaf-24.drv.drv","",1,1],"id":148021752889420,"level":3,"parent":0,"text":"building '/tmp/obrador-shared-pins-linux/round-3-retry-after/chain-round-1-jobs-8/store/3grn4nnb6jz56h1galq9caa7ccjg4d3g-leaf-24.drv.drv'","type":105}
@nix {"action":"result","fields":[71,80,1,0],"id":148021752889346,"type":105}
@nix {"action":"result","fields":[0,0,0,0],"id":148021752889347,"type":105}
@nix {"action":"result","fields":[101,0],"id":148021752889345,"type":106}
@nix {"action":"result","fields":[100,0],"id":148021752889345,"type":106}
@nix {"action":"result","fields":[72,81,0,0],"id":148021752889346,"type":105}
@nix {"action":"result","fields":[0,0,0,0],"id":148021752889347,"type":105}
@nix {"action":"result","fields":[101,0],"id":148021752889345,"type":106}
@nix {"action":"result","fields":[100,0],"id":148021752889345,"type":106}
@nix {"action":"stop","id":148021752889420}
@nix {"action":"result","fields":[73,81,0,0],"id":148021752889346,"type":105}
@nix {"action":"result","fields":[0,0,0,0],"id":148021752889347,"type":105}
@nix {"action":"result","fields":[101,0],"id":148021752889345,"type":106}
@nix {"action":"result","fields":[100,0],"id":148021752889345,"type":106}
@nix {"action":"stop","id":148021752889419}
@nix {"action":"result","fields":[73,81,0,0],"id":148021752889346,"type":105}
@nix {"action":"result","fields":[0,0,0,0],"id":148021752889347,"type":105}
@nix {"action":"result","fields":[101,0],"id":148021752889345,"type":106}
@nix {"action":"result","fields":[100,0],"id":148021752889345,"type":106}
@nix {"action":"start","fields":["/tmp/obrador-shared-pins-linux/round-3-retry-after/chain-round-1-jobs-8/store/iyngcclczaw1zsx3d18asabn9vkzlid1-leaf-24.drv","",1,1],"id":148021752889421,"level":3,"parent":0,"text":"building '/tmp/obrador-shared-pins-linux/round-3-retry-after/chain-round-1-jobs-8/store/iyngcclczaw1zsx3d18asabn9vkzlid1-leaf-24.drv'","type":105}
@nix {"action":"result","fields":[73,81,1,0],"id":148021752889346,"type":105}
@nix {"action":"result","fields":[0,0,0,0],"id":148021752889347,"type":105}
@nix {"action":"result","fields":[101,0],"id":148021752889345,"type":106}
@nix {"action":"result","fields":[100,0],"id":148021752889345,"type":106}
@nix {"action":"result","fields":[74,82,0,0],"id":148021752889346,"type":105}
@nix {"action":"result","fields":[0,0,0,0],"id":148021752889347,"type":105}
@nix {"action":"result","fields":[101,0],"id":148021752889345,"type":106}
@nix {"action":"result","fields":[100,0],"id":148021752889345,"type":106}
@nix {"action":"stop","id":148021752889421}
@nix {"action":"start","fields":["/tmp/obrador-shared-pins-linux/round-3-retry-after/chain-round-1-jobs-8/store/2wp78p18mr48dyccbpd4m3787klliwk3-leaf-25.drv.drv","/tmp/obrador-shared-pins-linux/round-3-retry-after/chain-round-1-jobs-8/store/aza5qygphkfmkqbyi9w4jx9xfv53qydy-leaf-25.drv.drv"],"id":148021752889422,"level":3,"parent":0,"text":"resolved derivation: '/tmp/obrador-shared-pins-linux/round-3-retry-after/chain-round-1-jobs-8/store/2wp78p18mr48dyccbpd4m3787klliwk3-leaf-25.drv.drv' -> '/tmp/obrador-shared-pins-linux/round-3-retry-after/chain-round-1-jobs-8/store/aza5qygphkfmkqbyi9w4jx9xfv53qydy-leaf-25.drv.drv'","type":111}
@nix {"action":"result","fields":[74,82,0,0],"id":148021752889346,"type":105}
@nix {"action":"result","fields":[0,0,0,0],"id":148021752889347,"type":105}
@nix {"action":"result","fields":[101,0],"id":148021752889345,"type":106}
@nix {"action":"result","fields":[100,0],"id":148021752889345,"type":106}
@nix {"action":"start","fields":["/tmp/obrador-shared-pins-linux/round-3-retry-after/chain-round-1-jobs-8/store/aza5qygphkfmkqbyi9w4jx9xfv53qydy-leaf-25.drv.drv","",1,1],"id":148021752889423,"level":3,"parent":0,"text":"building '/tmp/obrador-shared-pins-linux/round-3-retry-after/chain-round-1-jobs-8/store/aza5qygphkfmkqbyi9w4jx9xfv53qydy-leaf-25.drv.drv'","type":105}
@nix {"action":"result","fields":[74,82,1,0],"id":148021752889346,"type":105}
@nix {"action":"result","fields":[0,0,0,0],"id":148021752889347,"type":105}
@nix {"action":"result","fields":[101,0],"id":148021752889345,"type":106}
@nix {"action":"result","fields":[100,0],"id":148021752889345,"type":106}
@nix {"action":"result","fields":[75,83,0,0],"id":148021752889346,"type":105}
@nix {"action":"result","fields":[0,0,0,0],"id":148021752889347,"type":105}
@nix {"action":"result","fields":[101,0],"id":148021752889345,"type":106}
@nix {"action":"result","fields":[100,0],"id":148021752889345,"type":106}
@nix {"action":"stop","id":148021752889423}
@nix {"action":"result","fields":[76,83,0,0],"id":148021752889346,"type":105}
@nix {"action":"result","fields":[0,0,0,0],"id":148021752889347,"type":105}
@nix {"action":"result","fields":[101,0],"id":148021752889345,"type":106}
@nix {"action":"result","fields":[100,0],"id":148021752889345,"type":106}
@nix {"action":"stop","id":148021752889422}
@nix {"action":"result","fields":[76,83,0,0],"id":148021752889346,"type":105}
@nix {"action":"result","fields":[0,0,0,0],"id":148021752889347,"type":105}
@nix {"action":"result","fields":[101,0],"id":148021752889345,"type":106}
@nix {"action":"result","fields":[100,0],"id":148021752889345,"type":106}
@nix {"action":"start","fields":["/tmp/obrador-shared-pins-linux/round-3-retry-after/chain-round-1-jobs-8/store/b01158853s15m99yamm7lk5xxkzvaj28-leaf-25.drv","",1,1],"id":148021752889424,"level":3,"parent":0,"text":"building '/tmp/obrador-shared-pins-linux/round-3-retry-after/chain-round-1-jobs-8/store/b01158853s15m99yamm7lk5xxkzvaj28-leaf-25.drv'","type":105}
@nix {"action":"result","fields":[76,83,1,0],"id":148021752889346,"type":105}
@nix {"action":"result","fields":[0,0,0,0],"id":148021752889347,"type":105}
@nix {"action":"result","fields":[101,0],"id":148021752889345,"type":106}
@nix {"action":"result","fields":[100,0],"id":148021752889345,"type":106}
@nix {"action":"result","fields":[77,84,0,0],"id":148021752889346,"type":105}
@nix {"action":"result","fields":[0,0,0,0],"id":148021752889347,"type":105}
@nix {"action":"result","fields":[101,0],"id":148021752889345,"type":106}
@nix {"action":"result","fields":[100,0],"id":148021752889345,"type":106}
@nix {"action":"stop","id":148021752889424}
@nix {"action":"start","fields":["/tmp/obrador-shared-pins-linux/round-3-retry-after/chain-round-1-jobs-8/store/6950yn34v46hr655pqgxp522wncnpilb-leaf-26.drv.drv","/tmp/obrador-shared-pins-linux/round-3-retry-after/chain-round-1-jobs-8/store/mk03hx5bvbznlw6r2984f4x3iwi61izl-leaf-26.drv.drv"],"id":148021752889425,"level":3,"parent":0,"text":"resolved derivation: '/tmp/obrador-shared-pins-linux/round-3-retry-after/chain-round-1-jobs-8/store/6950yn34v46hr655pqgxp522wncnpilb-leaf-26.drv.drv' -> '/tmp/obrador-shared-pins-linux/round-3-retry-after/chain-round-1-jobs-8/store/mk03hx5bvbznlw6r2984f4x3iwi61izl-leaf-26.drv.drv'","type":111}
@nix {"action":"result","fields":[77,84,0,0],"id":148021752889346,"type":105}
@nix {"action":"result","fields":[0,0,0,0],"id":148021752889347,"type":105}
@nix {"action":"result","fields":[101,0],"id":148021752889345,"type":106}
@nix {"action":"result","fields":[100,0],"id":148021752889345,"type":106}
@nix {"action":"start","fields":["/tmp/obrador-shared-pins-linux/round-3-retry-after/chain-round-1-jobs-8/store/mk03hx5bvbznlw6r2984f4x3iwi61izl-leaf-26.drv.drv","",1,1],"id":148021752889426,"level":3,"parent":0,"text":"building '/tmp/obrador-shared-pins-linux/round-3-retry-after/chain-round-1-jobs-8/store/mk03hx5bvbznlw6r2984f4x3iwi61izl-leaf-26.drv.drv'","type":105}
@nix {"action":"result","fields":[77,84,1,0],"id":148021752889346,"type":105}
@nix {"action":"result","fields":[0,0,0,0],"id":148021752889347,"type":105}
@nix {"action":"result","fields":[101,0],"id":148021752889345,"type":106}
@nix {"action":"result","fields":[100,0],"id":148021752889345,"type":106}
@nix {"action":"result","fields":[78,85,0,0],"id":148021752889346,"type":105}
@nix {"action":"result","fields":[0,0,0,0],"id":148021752889347,"type":105}
@nix {"action":"result","fields":[101,0],"id":148021752889345,"type":106}
@nix {"action":"result","fields":[100,0],"id":148021752889345,"type":106}
@nix {"action":"stop","id":148021752889426}
@nix {"action":"result","fields":[79,85,0,0],"id":148021752889346,"type":105}
@nix {"action":"result","fields":[0,0,0,0],"id":148021752889347,"type":105}
@nix {"action":"result","fields":[101,0],"id":148021752889345,"type":106}
@nix {"action":"result","fields":[100,0],"id":148021752889345,"type":106}
@nix {"action":"stop","id":148021752889425}
@nix {"action":"result","fields":[79,85,0,0],"id":148021752889346,"type":105}
@nix {"action":"result","fields":[0,0,0,0],"id":148021752889347,"type":105}
@nix {"action":"result","fields":[101,0],"id":148021752889345,"type":106}
@nix {"action":"result","fields":[100,0],"id":148021752889345,"type":106}
@nix {"action":"start","fields":["/tmp/obrador-shared-pins-linux/round-3-retry-after/chain-round-1-jobs-8/store/px57lsvjs2w7nh634yspl9wj2j0jl486-leaf-26.drv","",1,1],"id":148021752889427,"level":3,"parent":0,"text":"building '/tmp/obrador-shared-pins-linux/round-3-retry-after/chain-round-1-jobs-8/store/px57lsvjs2w7nh634yspl9wj2j0jl486-leaf-26.drv'","type":105}
@nix {"action":"result","fields":[79,85,1,0],"id":148021752889346,"type":105}
@nix {"action":"result","fields":[0,0,0,0],"id":148021752889347,"type":105}
@nix {"action":"result","fields":[101,0],"id":148021752889345,"type":106}
@nix {"action":"result","fields":[100,0],"id":148021752889345,"type":106}
@nix {"action":"result","fields":[80,86,0,0],"id":148021752889346,"type":105}
@nix {"action":"result","fields":[0,0,0,0],"id":148021752889347,"type":105}
@nix {"action":"result","fields":[101,0],"id":148021752889345,"type":106}
@nix {"action":"result","fields":[100,0],"id":148021752889345,"type":106}
@nix {"action":"stop","id":148021752889427}
@nix {"action":"start","fields":["/tmp/obrador-shared-pins-linux/round-3-retry-after/chain-round-1-jobs-8/store/07mjcg7xhwlgdkr20qpcnisw2z1wcj2v-leaf-27.drv.drv","/tmp/obrador-shared-pins-linux/round-3-retry-after/chain-round-1-jobs-8/store/cnbv7x5gm0imhx3qwyh65n9iw7611cji-leaf-27.drv.drv"],"id":148021752889428,"level":3,"parent":0,"text":"resolved derivation: '/tmp/obrador-shared-pins-linux/round-3-retry-after/chain-round-1-jobs-8/store/07mjcg7xhwlgdkr20qpcnisw2z1wcj2v-leaf-27.drv.drv' -> '/tmp/obrador-shared-pins-linux/round-3-retry-after/chain-round-1-jobs-8/store/cnbv7x5gm0imhx3qwyh65n9iw7611cji-leaf-27.drv.drv'","type":111}
@nix {"action":"result","fields":[80,86,0,0],"id":148021752889346,"type":105}
@nix {"action":"result","fields":[0,0,0,0],"id":148021752889347,"type":105}
@nix {"action":"result","fields":[101,0],"id":148021752889345,"type":106}
@nix {"action":"result","fields":[100,0],"id":148021752889345,"type":106}
@nix {"action":"start","fields":["/tmp/obrador-shared-pins-linux/round-3-retry-after/chain-round-1-jobs-8/store/cnbv7x5gm0imhx3qwyh65n9iw7611cji-leaf-27.drv.drv","",1,1],"id":148021752889429,"level":3,"parent":0,"text":"building '/tmp/obrador-shared-pins-linux/round-3-retry-after/chain-round-1-jobs-8/store/cnbv7x5gm0imhx3qwyh65n9iw7611cji-leaf-27.drv.drv'","type":105}
@nix {"action":"result","fields":[80,86,1,0],"id":148021752889346,"type":105}
@nix {"action":"result","fields":[0,0,0,0],"id":148021752889347,"type":105}
@nix {"action":"result","fields":[101,0],"id":148021752889345,"type":106}
@nix {"action":"result","fields":[100,0],"id":148021752889345,"type":106}
@nix {"action":"result","fields":[81,87,0,0],"id":148021752889346,"type":105}
@nix {"action":"result","fields":[0,0,0,0],"id":148021752889347,"type":105}
@nix {"action":"result","fields":[101,0],"id":148021752889345,"type":106}
@nix {"action":"result","fields":[100,0],"id":148021752889345,"type":106}
@nix {"action":"stop","id":148021752889429}
@nix {"action":"result","fields":[82,87,0,0],"id":148021752889346,"type":105}
@nix {"action":"result","fields":[0,0,0,0],"id":148021752889347,"type":105}
@nix {"action":"result","fields":[101,0],"id":148021752889345,"type":106}
@nix {"action":"result","fields":[100,0],"id":148021752889345,"type":106}
@nix {"action":"stop","id":148021752889428}
@nix {"action":"result","fields":[82,87,0,0],"id":148021752889346,"type":105}
@nix {"action":"result","fields":[0,0,0,0],"id":148021752889347,"type":105}
@nix {"action":"result","fields":[101,0],"id":148021752889345,"type":106}
@nix {"action":"result","fields":[100,0],"id":148021752889345,"type":106}
@nix {"action":"start","fields":["/tmp/obrador-shared-pins-linux/round-3-retry-after/chain-round-1-jobs-8/store/8kfv3gfq1y2sqsp357pncfpmd5pvxp0g-leaf-27.drv","",1,1],"id":148021752889430,"level":3,"parent":0,"text":"building '/tmp/obrador-shared-pins-linux/round-3-retry-after/chain-round-1-jobs-8/store/8kfv3gfq1y2sqsp357pncfpmd5pvxp0g-leaf-27.drv'","type":105}
@nix {"action":"result","fields":[82,87,1,0],"id":148021752889346,"type":105}
@nix {"action":"result","fields":[0,0,0,0],"id":148021752889347,"type":105}
@nix {"action":"result","fields":[101,0],"id":148021752889345,"type":106}
@nix {"action":"result","fields":[100,0],"id":148021752889345,"type":106}
@nix {"action":"result","fields":[83,88,0,0],"id":148021752889346,"type":105}
@nix {"action":"result","fields":[0,0,0,0],"id":148021752889347,"type":105}
@nix {"action":"result","fields":[101,0],"id":148021752889345,"type":106}
@nix {"action":"result","fields":[100,0],"id":148021752889345,"type":106}
@nix {"action":"stop","id":148021752889430}
@nix {"action":"start","fields":["/tmp/obrador-shared-pins-linux/round-3-retry-after/chain-round-1-jobs-8/store/iz0s7vdmz75x2shi24nm7av6g62avlyv-leaf-28.drv.drv","/tmp/obrador-shared-pins-linux/round-3-retry-after/chain-round-1-jobs-8/store/5bl2wwsfjfhhdi8rr2vi9yfr2pl66n63-leaf-28.drv.drv"],"id":148021752889431,"level":3,"parent":0,"text":"resolved derivation: '/tmp/obrador-shared-pins-linux/round-3-retry-after/chain-round-1-jobs-8/store/iz0s7vdmz75x2shi24nm7av6g62avlyv-leaf-28.drv.drv' -> '/tmp/obrador-shared-pins-linux/round-3-retry-after/chain-round-1-jobs-8/store/5bl2wwsfjfhhdi8rr2vi9yfr2pl66n63-leaf-28.drv.drv'","type":111}
@nix {"action":"result","fields":[83,88,0,0],"id":148021752889346,"type":105}
@nix {"action":"result","fields":[0,0,0,0],"id":148021752889347,"type":105}
@nix {"action":"result","fields":[101,0],"id":148021752889345,"type":106}
@nix {"action":"result","fields":[100,0],"id":148021752889345,"type":106}
@nix {"action":"start","fields":["/tmp/obrador-shared-pins-linux/round-3-retry-after/chain-round-1-jobs-8/store/5bl2wwsfjfhhdi8rr2vi9yfr2pl66n63-leaf-28.drv.drv","",1,1],"id":148021752889432,"level":3,"parent":0,"text":"building '/tmp/obrador-shared-pins-linux/round-3-retry-after/chain-round-1-jobs-8/store/5bl2wwsfjfhhdi8rr2vi9yfr2pl66n63-leaf-28.drv.drv'","type":105}
@nix {"action":"result","fields":[83,88,1,0],"id":148021752889346,"type":105}
@nix {"action":"result","fields":[0,0,0,0],"id":148021752889347,"type":105}
@nix {"action":"result","fields":[101,0],"id":148021752889345,"type":106}
@nix {"action":"result","fields":[100,0],"id":148021752889345,"type":106}
@nix {"action":"result","fields":[84,89,0,0],"id":148021752889346,"type":105}
@nix {"action":"result","fields":[0,0,0,0],"id":148021752889347,"type":105}
@nix {"action":"result","fields":[101,0],"id":148021752889345,"type":106}
@nix {"action":"result","fields":[100,0],"id":148021752889345,"type":106}
@nix {"action":"stop","id":148021752889432}
@nix {"action":"result","fields":[85,89,0,0],"id":148021752889346,"type":105}
@nix {"action":"result","fields":[0,0,0,0],"id":148021752889347,"type":105}
@nix {"action":"result","fields":[101,0],"id":148021752889345,"type":106}
@nix {"action":"result","fields":[100,0],"id":148021752889345,"type":106}
@nix {"action":"stop","id":148021752889431}
@nix {"action":"result","fields":[85,89,0,0],"id":148021752889346,"type":105}
@nix {"action":"result","fields":[0,0,0,0],"id":148021752889347,"type":105}
@nix {"action":"result","fields":[101,0],"id":148021752889345,"type":106}
@nix {"action":"result","fields":[100,0],"id":148021752889345,"type":106}
@nix {"action":"start","fields":["/tmp/obrador-shared-pins-linux/round-3-retry-after/chain-round-1-jobs-8/store/i5f4j9g66zzqyy3lrj3xga3v837z9apm-leaf-28.drv","",1,1],"id":148021752889433,"level":3,"parent":0,"text":"building '/tmp/obrador-shared-pins-linux/round-3-retry-after/chain-round-1-jobs-8/store/i5f4j9g66zzqyy3lrj3xga3v837z9apm-leaf-28.drv'","type":105}
@nix {"action":"result","fields":[85,89,1,0],"id":148021752889346,"type":105}
@nix {"action":"result","fields":[0,0,0,0],"id":148021752889347,"type":105}
@nix {"action":"result","fields":[101,0],"id":148021752889345,"type":106}
@nix {"action":"result","fields":[100,0],"id":148021752889345,"type":106}
@nix {"action":"result","fields":[86,90,0,0],"id":148021752889346,"type":105}
@nix {"action":"result","fields":[0,0,0,0],"id":148021752889347,"type":105}
@nix {"action":"result","fields":[101,0],"id":148021752889345,"type":106}
@nix {"action":"result","fields":[100,0],"id":148021752889345,"type":106}
@nix {"action":"stop","id":148021752889433}
@nix {"action":"start","fields":["/tmp/obrador-shared-pins-linux/round-3-retry-after/chain-round-1-jobs-8/store/37gwfj5drv8aksngjqvaxnadrjrsdz2m-leaf-29.drv.drv","/tmp/obrador-shared-pins-linux/round-3-retry-after/chain-round-1-jobs-8/store/zyr3wbpfirif0c5lh1gr7dwnx6qwnb0m-leaf-29.drv.drv"],"id":148021752889434,"level":3,"parent":0,"text":"resolved derivation: '/tmp/obrador-shared-pins-linux/round-3-retry-after/chain-round-1-jobs-8/store/37gwfj5drv8aksngjqvaxnadrjrsdz2m-leaf-29.drv.drv' -> '/tmp/obrador-shared-pins-linux/round-3-retry-after/chain-round-1-jobs-8/store/zyr3wbpfirif0c5lh1gr7dwnx6qwnb0m-leaf-29.drv.drv'","type":111}
@nix {"action":"result","fields":[86,90,0,0],"id":148021752889346,"type":105}
@nix {"action":"result","fields":[0,0,0,0],"id":148021752889347,"type":105}
@nix {"action":"result","fields":[101,0],"id":148021752889345,"type":106}
@nix {"action":"result","fields":[100,0],"id":148021752889345,"type":106}
@nix {"action":"start","fields":["/tmp/obrador-shared-pins-linux/round-3-retry-after/chain-round-1-jobs-8/store/zyr3wbpfirif0c5lh1gr7dwnx6qwnb0m-leaf-29.drv.drv","",1,1],"id":148021752889435,"level":3,"parent":0,"text":"building '/tmp/obrador-shared-pins-linux/round-3-retry-after/chain-round-1-jobs-8/store/zyr3wbpfirif0c5lh1gr7dwnx6qwnb0m-leaf-29.drv.drv'","type":105}
@nix {"action":"result","fields":[86,90,1,0],"id":148021752889346,"type":105}
@nix {"action":"result","fields":[0,0,0,0],"id":148021752889347,"type":105}
@nix {"action":"result","fields":[101,0],"id":148021752889345,"type":106}
@nix {"action":"result","fields":[100,0],"id":148021752889345,"type":106}
@nix {"action":"result","fields":[87,91,0,0],"id":148021752889346,"type":105}
@nix {"action":"result","fields":[0,0,0,0],"id":148021752889347,"type":105}
@nix {"action":"result","fields":[101,0],"id":148021752889345,"type":106}
@nix {"action":"result","fields":[100,0],"id":148021752889345,"type":106}
@nix {"action":"stop","id":148021752889435}
@nix {"action":"result","fields":[88,91,0,0],"id":148021752889346,"type":105}
@nix {"action":"result","fields":[0,0,0,0],"id":148021752889347,"type":105}
@nix {"action":"result","fields":[101,0],"id":148021752889345,"type":106}
@nix {"action":"result","fields":[100,0],"id":148021752889345,"type":106}
@nix {"action":"stop","id":148021752889434}
@nix {"action":"result","fields":[88,91,0,0],"id":148021752889346,"type":105}
@nix {"action":"result","fields":[0,0,0,0],"id":148021752889347,"type":105}
@nix {"action":"result","fields":[101,0],"id":148021752889345,"type":106}
@nix {"action":"result","fields":[100,0],"id":148021752889345,"type":106}
@nix {"action":"start","fields":["/tmp/obrador-shared-pins-linux/round-3-retry-after/chain-round-1-jobs-8/store/f1cwf4fj66bhm1rnycf7g7snf4qx5zjv-leaf-29.drv","",1,1],"id":148021752889436,"level":3,"parent":0,"text":"building '/tmp/obrador-shared-pins-linux/round-3-retry-after/chain-round-1-jobs-8/store/f1cwf4fj66bhm1rnycf7g7snf4qx5zjv-leaf-29.drv'","type":105}
@nix {"action":"result","fields":[88,91,1,0],"id":148021752889346,"type":105}
@nix {"action":"result","fields":[0,0,0,0],"id":148021752889347,"type":105}
@nix {"action":"result","fields":[101,0],"id":148021752889345,"type":106}
@nix {"action":"result","fields":[100,0],"id":148021752889345,"type":106}
@nix {"action":"result","fields":[89,92,0,0],"id":148021752889346,"type":105}
@nix {"action":"result","fields":[0,0,0,0],"id":148021752889347,"type":105}
@nix {"action":"result","fields":[101,0],"id":148021752889345,"type":106}
@nix {"action":"result","fields":[100,0],"id":148021752889345,"type":106}
@nix {"action":"stop","id":148021752889436}
@nix {"action":"start","fields":["/tmp/obrador-shared-pins-linux/round-3-retry-after/chain-round-1-jobs-8/store/11885p1gqz3jm79l75cwz445ryw62qs1-leaf-30.drv.drv","/tmp/obrador-shared-pins-linux/round-3-retry-after/chain-round-1-jobs-8/store/wzkm1gh26jzj1ykwv1f888c2m1y9i5d6-leaf-30.drv.drv"],"id":148021752889437,"level":3,"parent":0,"text":"resolved derivation: '/tmp/obrador-shared-pins-linux/round-3-retry-after/chain-round-1-jobs-8/store/11885p1gqz3jm79l75cwz445ryw62qs1-leaf-30.drv.drv' -> '/tmp/obrador-shared-pins-linux/round-3-retry-after/chain-round-1-jobs-8/store/wzkm1gh26jzj1ykwv1f888c2m1y9i5d6-leaf-30.drv.drv'","type":111}
@nix {"action":"result","fields":[89,92,0,0],"id":148021752889346,"type":105}
@nix {"action":"result","fields":[0,0,0,0],"id":148021752889347,"type":105}
@nix {"action":"result","fields":[101,0],"id":148021752889345,"type":106}
@nix {"action":"result","fields":[100,0],"id":148021752889345,"type":106}
@nix {"action":"start","fields":["/tmp/obrador-shared-pins-linux/round-3-retry-after/chain-round-1-jobs-8/store/wzkm1gh26jzj1ykwv1f888c2m1y9i5d6-leaf-30.drv.drv","",1,1],"id":148021752889438,"level":3,"parent":0,"text":"building '/tmp/obrador-shared-pins-linux/round-3-retry-after/chain-round-1-jobs-8/store/wzkm1gh26jzj1ykwv1f888c2m1y9i5d6-leaf-30.drv.drv'","type":105}
@nix {"action":"result","fields":[89,92,1,0],"id":148021752889346,"type":105}
@nix {"action":"result","fields":[0,0,0,0],"id":148021752889347,"type":105}
@nix {"action":"result","fields":[101,0],"id":148021752889345,"type":106}
@nix {"action":"result","fields":[100,0],"id":148021752889345,"type":106}
@nix {"action":"result","fields":[90,93,0,0],"id":148021752889346,"type":105}
@nix {"action":"result","fields":[0,0,0,0],"id":148021752889347,"type":105}
@nix {"action":"result","fields":[101,0],"id":148021752889345,"type":106}
@nix {"action":"result","fields":[100,0],"id":148021752889345,"type":106}
@nix {"action":"stop","id":148021752889438}
@nix {"action":"result","fields":[91,93,0,0],"id":148021752889346,"type":105}
@nix {"action":"result","fields":[0,0,0,0],"id":148021752889347,"type":105}
@nix {"action":"result","fields":[101,0],"id":148021752889345,"type":106}
@nix {"action":"result","fields":[100,0],"id":148021752889345,"type":106}
@nix {"action":"stop","id":148021752889437}
@nix {"action":"result","fields":[91,93,0,0],"id":148021752889346,"type":105}
@nix {"action":"result","fields":[0,0,0,0],"id":148021752889347,"type":105}
@nix {"action":"result","fields":[101,0],"id":148021752889345,"type":106}
@nix {"action":"result","fields":[100,0],"id":148021752889345,"type":106}
@nix {"action":"start","fields":["/tmp/obrador-shared-pins-linux/round-3-retry-after/chain-round-1-jobs-8/store/jlzpkqkgljdm9vkhnknbifk7ddybq1hb-leaf-30.drv","",1,1],"id":148021752889439,"level":3,"parent":0,"text":"building '/tmp/obrador-shared-pins-linux/round-3-retry-after/chain-round-1-jobs-8/store/jlzpkqkgljdm9vkhnknbifk7ddybq1hb-leaf-30.drv'","type":105}
@nix {"action":"result","fields":[91,93,1,0],"id":148021752889346,"type":105}
@nix {"action":"result","fields":[0,0,0,0],"id":148021752889347,"type":105}
@nix {"action":"result","fields":[101,0],"id":148021752889345,"type":106}
@nix {"action":"result","fields":[100,0],"id":148021752889345,"type":106}
@nix {"action":"result","fields":[92,94,0,0],"id":148021752889346,"type":105}
@nix {"action":"result","fields":[0,0,0,0],"id":148021752889347,"type":105}
@nix {"action":"result","fields":[101,0],"id":148021752889345,"type":106}
@nix {"action":"result","fields":[100,0],"id":148021752889345,"type":106}
@nix {"action":"stop","id":148021752889439}
@nix {"action":"start","fields":["/tmp/obrador-shared-pins-linux/round-3-retry-after/chain-round-1-jobs-8/store/sghzf8454ds01ambbjxm76670774hd93-leaf-31.drv.drv","/tmp/obrador-shared-pins-linux/round-3-retry-after/chain-round-1-jobs-8/store/gd7v258rxm5mbm3428c2hl2xsw8iixjr-leaf-31.drv.drv"],"id":148021752889440,"level":3,"parent":0,"text":"resolved derivation: '/tmp/obrador-shared-pins-linux/round-3-retry-after/chain-round-1-jobs-8/store/sghzf8454ds01ambbjxm76670774hd93-leaf-31.drv.drv' -> '/tmp/obrador-shared-pins-linux/round-3-retry-after/chain-round-1-jobs-8/store/gd7v258rxm5mbm3428c2hl2xsw8iixjr-leaf-31.drv.drv'","type":111}
@nix {"action":"result","fields":[92,94,0,0],"id":148021752889346,"type":105}
@nix {"action":"result","fields":[0,0,0,0],"id":148021752889347,"type":105}
@nix {"action":"result","fields":[101,0],"id":148021752889345,"type":106}
@nix {"action":"result","fields":[100,0],"id":148021752889345,"type":106}
@nix {"action":"start","fields":["/tmp/obrador-shared-pins-linux/round-3-retry-after/chain-round-1-jobs-8/store/gd7v258rxm5mbm3428c2hl2xsw8iixjr-leaf-31.drv.drv","",1,1],"id":148021752889441,"level":3,"parent":0,"text":"building '/tmp/obrador-shared-pins-linux/round-3-retry-after/chain-round-1-jobs-8/store/gd7v258rxm5mbm3428c2hl2xsw8iixjr-leaf-31.drv.drv'","type":105}
@nix {"action":"result","fields":[92,94,1,0],"id":148021752889346,"type":105}
@nix {"action":"result","fields":[0,0,0,0],"id":148021752889347,"type":105}
@nix {"action":"result","fields":[101,0],"id":148021752889345,"type":106}
@nix {"action":"result","fields":[100,0],"id":148021752889345,"type":106}
@nix {"action":"result","fields":[93,95,0,0],"id":148021752889346,"type":105}
@nix {"action":"result","fields":[0,0,0,0],"id":148021752889347,"type":105}
@nix {"action":"result","fields":[101,0],"id":148021752889345,"type":106}
@nix {"action":"result","fields":[100,0],"id":148021752889345,"type":106}
@nix {"action":"stop","id":148021752889441}
@nix {"action":"result","fields":[94,95,0,0],"id":148021752889346,"type":105}
@nix {"action":"result","fields":[0,0,0,0],"id":148021752889347,"type":105}
@nix {"action":"result","fields":[101,0],"id":148021752889345,"type":106}
@nix {"action":"result","fields":[100,0],"id":148021752889345,"type":106}
@nix {"action":"stop","id":148021752889440}
@nix {"action":"result","fields":[94,95,0,0],"id":148021752889346,"type":105}
@nix {"action":"result","fields":[0,0,0,0],"id":148021752889347,"type":105}
@nix {"action":"result","fields":[101,0],"id":148021752889345,"type":106}
@nix {"action":"result","fields":[100,0],"id":148021752889345,"type":106}
@nix {"action":"start","fields":["/tmp/obrador-shared-pins-linux/round-3-retry-after/chain-round-1-jobs-8/store/d59pk6ipjs1rkrg0hb2l0vj774cbrx1r-leaf-31.drv","",1,1],"id":148021752889442,"level":3,"parent":0,"text":"building '/tmp/obrador-shared-pins-linux/round-3-retry-after/chain-round-1-jobs-8/store/d59pk6ipjs1rkrg0hb2l0vj774cbrx1r-leaf-31.drv'","type":105}
@nix {"action":"result","fields":[94,95,1,0],"id":148021752889346,"type":105}
@nix {"action":"result","fields":[0,0,0,0],"id":148021752889347,"type":105}
@nix {"action":"result","fields":[101,0],"id":148021752889345,"type":106}
@nix {"action":"result","fields":[100,0],"id":148021752889345,"type":106}
@nix {"action":"result","fields":[95,96,0,0],"id":148021752889346,"type":105}
@nix {"action":"result","fields":[0,0,0,0],"id":148021752889347,"type":105}
@nix {"action":"result","fields":[101,0],"id":148021752889345,"type":106}
@nix {"action":"result","fields":[100,0],"id":148021752889345,"type":106}
@nix {"action":"stop","id":148021752889442}
@nix {"action":"stop","id":148021752889347}
@nix {"action":"stop","id":148021752889346}
@nix {"action":"stop","id":148021752889345}
