@nix {"action":"start","id":245324236980224,"level":6,"parent":0,"text":"querying info about missing paths","type":0}
@nix {"action":"msg","level":1,"msg":"\u001b[35;1mwarning:\u001b[0m Ignoring dynamic derivation /Users/hetzner/obrador-shared-pins-20260909/round-3-after/wide-round-1-jobs-8/store/0cpqng8g2ykl9bk1hi1999s7vpq14hdg-leaf-10.drv.drv^out while querying missing paths; not yet implemented"}
@nix {"action":"msg","level":1,"msg":"\u001b[35;1mwarning:\u001b[0m Ignoring dynamic derivation /Users/hetzner/obrador-shared-pins-20260909/round-3-after/wide-round-1-jobs-8/store/0rn9yh4y1xfc8f2psnz4vkg8d28flyhs-leaf-29.drv.drv^out while querying missing paths; not yet implemented"}
@nix {"action":"msg","level":1,"msg":"\u001b[35;1mwarning:\u001b[0m Ignoring dynamic derivation /Users/hetzner/obrador-shared-pins-20260909/round-3-after/wide-round-1-jobs-8/store/4wicma6x8dfx50b4r69hzvcqmvd0mmya-leaf-16.drv.drv^out while querying missing paths; not yet implemented"}
@nix {"action":"msg","level":1,"msg":"\u001b[35;1mwarning:\u001b[0m Ignoring dynamic derivation /Users/hetzner/obrador-shared-pins-20260909/round-3-after/wide-round-1-jobs-8/store/54dr77js4zlwqi7r9jcqv03xj09pgd5l-leaf-1.drv.drv^out while querying missing paths; not yet implemented"}
@nix {"action":"msg","level":1,"msg":"\u001b[35;1mwarning:\u001b[0m Ignoring dynamic derivation /Users/hetzner/obrador-shared-pins-20260909/round-3-after/wide-round-1-jobs-8/store/5b4334xn3nqwqa15z2ch8am49bf0fci6-leaf-22.drv.drv^out while querying missing paths; not yet implemented"}
@nix {"action":"msg","level":1,"msg":"\u001b[35;1mwarning:\u001b[0m Ignoring dynamic derivation /Users/hetzner/obrador-shared-pins-20260909/round-3-after/wide-round-1-jobs-8/store/6dsk0rbw3w8h68ajwbh45xr1dvka3fgx-leaf-5.drv.drv^out while querying missing paths; not yet implemented"}
@nix {"action":"msg","level":1,"msg":"\u001b[35;1mwarning:\u001b[0m Ignoring dynamic derivation /Users/hetzner/obrador-shared-pins-20260909/round-3-after/wide-round-1-jobs-8/store/9lnl0k11nb1yykldmmwvh7bblib8wsd4-leaf-14.drv.drv^out while querying missing paths; not yet implemented"}
@nix {"action":"msg","level":1,"msg":"\u001b[35;1mwarning:\u001b[0m Ignoring dynamic derivation /Users/hetzner/obrador-shared-pins-20260909/round-3-after/wide-round-1-jobs-8/store/9vydcf4z73qjc3ci5acpy2agrg53yvai-leaf-18.drv.drv^out while querying missing paths; not yet implemented"}
@nix {"action":"msg","level":1,"msg":"\u001b[35;1mwarning:\u001b[0m Ignoring dynamic derivation /Users/hetzner/obrador-shared-pins-20260909/round-3-after/wide-round-1-jobs-8/store/b3q2f16my8l0rpznx05c7xjp16mm3a89-leaf-2.drv.drv^out while querying missing paths; not yet implemented"}
@nix {"action":"msg","level":1,"msg":"\u001b[35;1mwarning:\u001b[0m Ignoring dynamic derivation /Users/hetzner/obrador-shared-pins-20260909/round-3-after/wide-round-1-jobs-8/store/d3k93f1ai331xs1ni154q9kp6g7s6smv-leaf-21.drv.drv^out while querying missing paths; not yet implemented"}
@nix {"action":"msg","level":1,"msg":"\u001b[35;1mwarning:\u001b[0m Ignoring dynamic derivation /Users/hetzner/obrador-shared-pins-20260909/round-3-after/wide-round-1-jobs-8/store/dv5lckjqcz1cdn9x6p7lr4nxmblaw06d-leaf-13.drv.drv^out while querying missing paths; not yet implemented"}
@nix {"action":"msg","level":1,"msg":"\u001b[35;1mwarning:\u001b[0m Ignoring dynamic derivation /Users/hetzner/obrador-shared-pins-20260909/round-3-after/wide-round-1-jobs-8/store/f05s1v9wrb7mrz46ps1i9s2f67v87aq8-leaf-12.drv.drv^out while querying missing paths; not yet implemented"}
@nix {"action":"msg","level":1,"msg":"\u001b[35;1mwarning:\u001b[0m Ignoring dynamic derivation /Users/hetzner/obrador-shared-pins-20260909/round-3-after/wide-round-1-jobs-8/store/fp2f1y49hzsh96m5fpbyc1hayngc9jlb-leaf-6.drv.drv^out while querying missing paths; not yet implemented"}
@nix {"action":"msg","level":1,"msg":"\u001b[35;1mwarning:\u001b[0m Ignoring dynamic derivation /Users/hetzner/obrador-shared-pins-20260909/round-3-after/wide-round-1-jobs-8/store/g1dsbh84fzvbyis18xccp7c07g1llila-leaf-28.drv.drv^out while querying missing paths; not yet implemented"}
@nix {"action":"msg","level":1,"msg":"\u001b[35;1mwarning:\u001b[0m Ignoring dynamic derivation /Users/hetzner/obrador-shared-pins-20260909/round-3-after/wide-round-1-jobs-8/store/hizvqy2yyqxdi1ssjgkm3xmkbandswcy-leaf-20.drv.drv^out while querying missing paths; not yet implemented"}
@nix {"action":"msg","level":1,"msg":"\u001b[35;1mwarning:\u001b[0m Ignoring dynamic derivation /Users/hetzner/obrador-shared-pins-20260909/round-3-after/wide-round-1-jobs-8/store/i7kb36jlkg6bag59vb4vwfsy3wx4ac1l-leaf-3.drv.drv^out while querying missing paths; not yet implemented"}
@nix {"action":"msg","level":1,"msg":"\u001b[35;1mwarning:\u001b[0m Ignoring dynamic derivation /Users/hetzner/obrador-shared-pins-20260909/round-3-after/wide-round-1-jobs-8/store/incsgnar9x56mar2plhizs8lgpmy9haw-leaf-24.drv.drv^out while querying missing paths; not yet implemented"}
@nix {"action":"msg","level":1,"msg":"\u001b[35;1mwarning:\u001b[0m Ignoring dynamic derivation /Users/hetzner/obrador-shared-pins-20260909/round-3-after/wide-round-1-jobs-8/store/k9s84l3anhrdvyl3xbgz5ng7gps2larb-leaf-7.drv.drv^out while querying missing paths; not yet implemented"}
@nix {"action":"msg","level":1,"msg":"\u001b[35;1mwarning:\u001b[0m Ignoring dynamic derivation /Users/hetzner/obrador-shared-pins-20260909/round-3-after/wide-round-1-jobs-8/store/kbmyg0lj2i56r7saff0jfy2smzkw69zi-leaf-25.drv.drv^out while querying missing paths; not yet implemented"}
@nix {"action":"msg","level":1,"msg":"\u001b[35;1mwarning:\u001b[0m Ignoring dynamic derivation /Users/hetzner/obrador-shared-pins-20260909/round-3-after/wide-round-1-jobs-8/store/kha5pcw70d17a5cbwpi850gky4blcimk-leaf-4.drv.drv^out while querying missing paths; not yet implemented"}
@nix {"action":"msg","level":1,"msg":"\u001b[35;1mwarning:\u001b[0m Ignoring dynamic derivation /Users/hetzner/obrador-shared-pins-20260909/round-3-after/wide-round-1-jobs-8/store/lhb3hy3xca8zsi6xax6p6g461lvs1468-leaf-27.drv.drv^out while querying missing paths; not yet implemented"}
@nix {"action":"msg","level":1,"msg":"\u001b[35;1mwarning:\u001b[0m Ignoring dynamic derivation /Users/hetzner/obrador-shared-pins-20260909/round-3-after/wide-round-1-jobs-8/store/lplmd9pgygiajvrixq59639k5inli39f-leaf-8.drv.drv^out while querying missing paths; not yet implemented"}
@nix {"action":"msg","level":1,"msg":"\u001b[35;1mwarning:\u001b[0m Ignoring dynamic derivation /Users/hetzner/obrador-shared-pins-20260909/round-3-after/wide-round-1-jobs-8/store/pdhmhz2mqlz33d9z2h1a50lc3w2aa68v-leaf-26.drv.drv^out while querying missing paths; not yet implemented"}
@nix {"action":"msg","level":1,"msg":"\u001b[35;1mwarning:\u001b[0m Ignoring dynamic derivation /Users/hetzner/obrador-shared-pins-20260909/round-3-after/wide-round-1-jobs-8/store/qvb9naz0mnyy2ksv2y67f0wnbrm0rsv7-leaf-19.drv.drv^out while querying missing paths; not yet implemented"}
@nix {"action":"msg","level":1,"msg":"\u001b[35;1mwarning:\u001b[0m Ignoring dynamic derivation /Users/hetzner/obrador-shared-pins-20260909/round-3-after/wide-round-1-jobs-8/store/svr26dvh4739hmcib2psdsrxak0f89xw-leaf-30.drv.drv^out while querying missing paths; not yet implemented"}
@nix {"action":"msg","level":1,"msg":"\u001b[35;1mwarning:\u001b[0m Ignoring dynamic derivation /Users/hetzner/obrador-shared-pins-20260909/round-3-after/wide-round-1-jobs-8/store/vimgwrkv9b1crfd3as337d15safyf3np-leaf-17.drv.drv^out while querying missing paths; not yet implemented"}
@nix {"action":"msg","level":1,"msg":"\u001b[35;1mwarning:\u001b[0m Ignoring dynamic derivation /Users/hetzner/obrador-shared-pins-20260909/round-3-after/wide-round-1-jobs-8/store/w3q3apckvqvr8pp98j4naw4khnqg59b1-leaf-9.drv.drv^out while querying missing paths; not yet implemented"}
@nix {"action":"msg","level":1,"msg":"\u001b[35;1mwarning:\u001b[0m Ignoring dynamic derivation /Users/hetzner/obrador-shared-pins-20260909/round-3-after/wide-round-1-jobs-8/store/whxa8iddpygs968nsjrv9rmy4rixf9qz-leaf-31.drv.drv^out while querying missing paths; not yet implemented"}
@nix {"action":"msg","level":1,"msg":"\u001b[35;1mwarning:\u001b[0m Ignoring dynamic derivation /Users/hetzner/obrador-shared-pins-20260909/round-3-after/wide-round-1-jobs-8/store/x8mgg0zrnjwh6hqp67kzdpzcz27bg8m3-leaf-15.drv.drv^out while querying missing paths; not yet implemented"}
@nix {"action":"msg","level":1,"msg":"\u001b[35;1mwarning:\u001b[0m Ignoring dynamic derivation /Users/hetzner/obrador-shared-pins-20260909/round-3-after/wide-round-1-jobs-8/store/yahcwxkxnl6vfb4q7xpxxy84kp0jjqns-leaf-0.drv.drv^out while querying missing paths; not yet implemented"}
@nix {"action":"msg","level":1,"msg":"\u001b[35;1mwarning:\u001b[0m Ignoring dynamic derivation /Users/hetzner/obrador-shared-pins-20260909/round-3-after/wide-round-1-jobs-8/store/yy4fxbaxs3v398id99m78c7v2977x58i-leaf-11.drv.drv^out while querying missing paths; not yet implemented"}
@nix {"action":"msg","level":1,"msg":"\u001b[35;1mwarning:\u001b[0m Ignoring dynamic derivation /Users/hetzner/obrador-shared-pins-20260909/round-3-after/wide-round-1-jobs-8/store/zqgdbwa72haxr5xgjwizwmil6js3cpsi-leaf-23.drv.drv^out while querying missing paths; not yet implemented"}
@nix {"action":"stop","id":245324236980224}
@nix {"action":"start","id":245324236980225,"level":0,"parent":0,"text":"","type":102}
@nix {"action":"start","id":245324236980226,"level":0,"parent":0,"text":"","type":104}
@nix {"action":"start","id":245324236980227,"level":0,"parent":0,"text":"","type":103}
@nix {"action":"result","fields":[0,0,0,0],"id":245324236980226,"type":105}
@nix {"action":"result","fields":[0,0,0,0],"id":245324236980227,"type":105}
@nix {"action":"result","fields":[101,0],"id":245324236980225,"type":106}
@nix {"action":"result","fields":[100,0],"id":245324236980225,"type":106}
@nix {"action":"result","fields":[0,0,0,0],"id":245324236980226,"type":105}
@nix {"action":"result","fields":[0,0,0,0],"id":245324236980227,"type":105}
@nix {"action":"result","fields":[101,0],"id":245324236980225,"type":106}
@nix {"action":"result","fields":[100,0],"id":245324236980225,"type":106}
@nix {"action":"result","fields":[0,0,0,0],"id":245324236980226,"type":105}
@nix {"action":"result","fields":[0,0,0,0],"id":245324236980227,"type":105}
@nix {"action":"result","fields":[101,0],"id":245324236980225,"type":106}
@nix {"action":"result","fields":[100,0],"id":245324236980225,"type":106}
@nix {"action":"result","fields":[0,0,0,0],"id":245324236980226,"type":105}
@nix {"action":"result","fields":[0,0,0,0],"id":245324236980227,"type":105}
@nix {"action":"result","fields":[101,0],"id":245324236980225,"type":106}
@nix {"action":"result","fields":[100,0],"id":245324236980225,"type":106}
@nix {"action":"result","fields":[0,0,0,0],"id":245324236980226,"type":105}
@nix {"action":"result","fields":[0,0,0,0],"id":245324236980227,"type":105}
@nix {"action":"result","fields":[101,0],"id":245324236980225,"type":106}
@nix {"action":"result","fields":[100,0],"id":245324236980225,"type":106}
@nix {"action":"result","fields":[0,0,0,0],"id":245324236980226,"type":105}
@nix {"action":"result","fields":[0,0,0,0],"id":245324236980227,"type":105}
@nix {"action":"result","fields":[101,0],"id":245324236980225,"type":106}
@nix {"action":"result","fields":[100,0],"id":245324236980225,"type":106}
@nix {"action":"result","fields":[0,0,0,0],"id":245324236980226,"type":105}
@nix {"action":"result","fields":[0,0,0,0],"id":245324236980227,"type":105}
@nix {"action":"result","fields":[101,0],"id":245324236980225,"type":106}
@nix {"action":"result","fields":[100,0],"id":245324236980225,"type":106}
@nix {"action":"result","fields":[0,0,0,0],"id":245324236980226,"type":105}
@nix {"action":"result","fields":[0,0,0,0],"id":245324236980227,"type":105}
@nix {"action":"result","fields":[101,0],"id":245324236980225,"type":106}
@nix {"action":"result","fields":[100,0],"id":245324236980225,"type":106}
@nix {"action":"result","fields":[0,0,0,0],"id":245324236980226,"type":105}
@nix {"action":"result","fields":[0,0,0,0],"id":245324236980227,"type":105}
@nix {"action":"result","fields":[101,0],"id":245324236980225,"type":106}
@nix {"action":"result","fields":[100,0],"id":245324236980225,"type":106}
@nix {"action":"result","fields":[0,0,0,0],"id":245324236980226,"type":105}
@nix {"action":"result","fields":[0,0,0,0],"id":245324236980227,"type":105}
@nix {"action":"result","fields":[101,0],"id":245324236980225,"type":106}
@nix {"action":"result","fields":[100,0],"id":245324236980225,"type":106}
@nix {"action":"result","fields":[0,0,0,0],"id":245324236980226,"type":105}
@nix {"action":"result","fields":[0,0,0,0],"id":245324236980227,"type":105}
@nix {"action":"result","fields":[101,0],"id":245324236980225,"type":106}
@nix {"action":"result","fields":[100,0],"id":245324236980225,"type":106}
@nix {"action":"result","fields":[0,0,0,0],"id":245324236980226,"type":105}
@nix {"action":"result","fields":[0,0,0,0],"id":245324236980227,"type":105}
@nix {"action":"result","fields":[101,0],"id":245324236980225,"type":106}
@nix {"action":"result","fields":[100,0],"id":245324236980225,"type":106}
@nix {"action":"result","fields":[0,0,0,0],"id":245324236980226,"type":105}
@nix {"action":"result","fields":[0,0,0,0],"id":245324236980227,"type":105}
@nix {"action":"result","fields":[101,0],"id":245324236980225,"type":106}
@nix {"action":"result","fields":[100,0],"id":245324236980225,"type":106}
@nix {"action":"result","fields":[0,0,0,0],"id":245324236980226,"type":105}
@nix {"action":"result","fields":[0,0,0,0],"id":245324236980227,"type":105}
@nix {"action":"result","fields":[101,0],"id":245324236980225,"type":106}
@nix {"action":"result","fields":[100,0],"id":245324236980225,"type":106}
@nix {"action":"result","fields":[0,0,0,0],"id":245324236980226,"type":105}
@nix {"action":"result","fields":[0,0,0,0],"id":245324236980227,"type":105}
@nix {"action":"result","fields":[101,0],"id":245324236980225,"type":106}
@nix {"action":"result","fields":[100,0],"id":245324236980225,"type":106}
@nix {"action":"result","fields":[0,0,0,0],"id":245324236980226,"type":105}
@nix {"action":"result","fields":[0,0,0,0],"id":245324236980227,"type":105}
@nix {"action":"result","fields":[101,0],"id":245324236980225,"type":106}
@nix {"action":"result","fields":[100,0],"id":245324236980225,"type":106}
@nix {"action":"result","fields":[0,0,0,0],"id":245324236980226,"type":105}
@nix {"action":"result","fields":[0,0,0,0],"id":245324236980227,"type":105}
@nix {"action":"result","fields":[101,0],"id":245324236980225,"type":106}
@nix {"action":"result","fields":[100,0],"id":245324236980225,"type":106}
@nix {"action":"result","fields":[0,0,0,0],"id":245324236980226,"type":105}
@nix {"action":"result","fields":[0,0,0,0],"id":245324236980227,"type":105}
@nix {"action":"result","fields":[101,0],"id":245324236980225,"type":106}
@nix {"action":"result","fields":[100,0],"id":245324236980225,"type":106}
@nix {"action":"result","fields":[0,0,0,0],"id":245324236980226,"type":105}
@nix {"action":"result","fields":[0,0,0,0],"id":245324236980227,"type":105}
@nix {"action":"result","fields":[101,0],"id":245324236980225,"type":106}
@nix {"action":"result","fields":[100,0],"id":245324236980225,"type":106}
@nix {"action":"result","fields":[0,0,0,0],"id":245324236980226,"type":105}
@nix {"action":"result","fields":[0,0,0,0],"id":245324236980227,"type":105}
@nix {"action":"result","fields":[101,0],"id":245324236980225,"type":106}
@nix {"action":"result","fields":[100,0],"id":245324236980225,"type":106}
@nix {"action":"result","fields":[0,0,0,0],"id":245324236980226,"type":105}
@nix {"action":"result","fields":[0,0,0,0],"id":245324236980227,"type":105}
@nix {"action":"result","fields":[101,0],"id":245324236980225,"type":106}
@nix {"action":"result","fields":[100,0],"id":245324236980225,"type":106}
@nix {"action":"result","fields":[0,0,0,0],"id":245324236980226,"type":105}
@nix {"action":"result","fields":[0,0,0,0],"id":245324236980227,"type":105}
@nix {"action":"result","fields":[101,0],"id":245324236980225,"type":106}
@nix {"action":"result","fields":[100,0],"id":245324236980225,"type":106}
@nix {"action":"result","fields":[0,0,0,0],"id":245324236980226,"type":105}
@nix {"action":"result","fields":[0,0,0,0],"id":245324236980227,"type":105}
@nix {"action":"result","fields":[101,0],"id":245324236980225,"type":106}
@nix {"action":"result","fields":[100,0],"id":245324236980225,"type":106}
@nix {"action":"result","fields":[0,0,0,0],"id":245324236980226,"type":105}
@nix {"action":"result","fields":[0,0,0,0],"id":245324236980227,"type":105}
@nix {"action":"result","fields":[101,0],"id":245324236980225,"type":106}
@nix {"action":"result","fields":[100,0],"id":245324236980225,"type":106}
@nix {"action":"result","fields":[0,0,0,0],"id":245324236980226,"type":105}
@nix {"action":"result","fields":[0,0,0,0],"id":245324236980227,"type":105}
@nix {"action":"result","fields":[101,0],"id":245324236980225,"type":106}
@nix {"action":"result","fields":[100,0],"id":245324236980225,"type":106}
@nix {"action":"result","fields":[0,0,0,0],"id":245324236980226,"type":105}
@nix {"action":"result","fields":[0,0,0,0],"id":245324236980227,"type":105}
@nix {"action":"result","fields":[101,0],"id":245324236980225,"type":106}
@nix {"action":"result","fields":[100,0],"id":245324236980225,"type":106}
@nix {"action":"result","fields":[0,0,0,0],"id":245324236980226,"type":105}
@nix {"action":"result","fields":[0,0,0,0],"id":245324236980227,"type":105}
@nix {"action":"result","fields":[101,0],"id":245324236980225,"type":106}
@nix {"action":"result","fields":[100,0],"id":245324236980225,"type":106}
@nix {"action":"result","fields":[0,0,0,0],"id":245324236980226,"type":105}
@nix {"action":"result","fields":[0,0,0,0],"id":245324236980227,"type":105}
@nix {"action":"result","fields":[101,0],"id":245324236980225,"type":106}
@nix {"action":"result","fields":[100,0],"id":245324236980225,"type":106}
@nix {"action":"result","fields":[0,0,0,0],"id":245324236980226,"type":105}
@nix {"action":"result","fields":[0,0,0,0],"id":245324236980227,"type":105}
@nix {"action":"result","fields":[101,0],"id":245324236980225,"type":106}
@nix {"action":"result","fields":[100,0],"id":245324236980225,"type":106}
@nix {"action":"result","fields":[0,0,0,0],"id":245324236980226,"type":105}
@nix {"action":"result","fields":[0,0,0,0],"id":245324236980227,"type":105}
@nix {"action":"result","fields":[101,0],"id":245324236980225,"type":106}
@nix {"action":"result","fields":[100,0],"id":245324236980225,"type":106}
@nix {"action":"result","fields":[0,0,0,0],"id":245324236980226,"type":105}
@nix {"action":"result","fields":[0,0,0,0],"id":245324236980227,"type":105}
@nix {"action":"result","fields":[101,0],"id":245324236980225,"type":106}
@nix {"action":"result","fields":[100,0],"id":245324236980225,"type":106}
@nix {"action":"result","fields":[0,0,0,0],"id":245324236980226,"type":105}
@nix {"action":"result","fields":[0,0,0,0],"id":245324236980227,"type":105}
@nix {"action":"result","fields":[101,0],"id":245324236980225,"type":106}
@nix {"action":"result","fields":[100,0],"id":245324236980225,"type":106}
@nix {"action":"result","fields":[0,0,0,0],"id":245324236980226,"type":105}
@nix {"action":"result","fields":[0,0,0,0],"id":245324236980227,"type":105}
@nix {"action":"result","fields":[101,0],"id":245324236980225,"type":106}
@nix {"action":"result","fields":[100,0],"id":245324236980225,"type":106}
@nix {"action":"result","fields":[0,0,0,0],"id":245324236980226,"type":105}
@nix {"action":"result","fields":[0,0,0,0],"id":245324236980227,"type":105}
@nix {"action":"result","fields":[101,0],"id":245324236980225,"type":106}
@nix {"action":"result","fields":[100,0],"id":245324236980225,"type":106}
@nix {"action":"result","fields":[0,0,0,0],"id":245324236980226,"type":105}
@nix {"action":"result","fields":[0,0,0,0],"id":245324236980227,"type":105}
@nix {"action":"result","fields":[101,0],"id":245324236980225,"type":106}
@nix {"action":"result","fields":[100,0],"id":245324236980225,"type":106}
@nix {"action":"result","fields":[0,0,0,0],"id":245324236980226,"type":105}
@nix {"action":"result","fields":[0,0,0,0],"id":245324236980227,"type":105}
@nix {"action":"result","fields":[101,0],"id":245324236980225,"type":106}
@nix {"action":"result","fields":[100,0],"id":245324236980225,"type":106}
@nix {"action":"result","fields":[0,0,0,0],"id":245324236980226,"type":105}
@nix {"action":"result","fields":[0,0,0,0],"id":245324236980227,"type":105}
@nix {"action":"result","fields":[101,0],"id":245324236980225,"type":106}
@nix {"action":"result","fields":[100,0],"id":245324236980225,"type":106}
@nix {"action":"result","fields":[0,0,0,0],"id":245324236980226,"type":105}
@nix {"action":"result","fields":[0,0,0,0],"id":245324236980227,"type":105}
@nix {"action":"result","fields":[101,0],"id":245324236980225,"type":106}
@nix {"action":"result","fields":[100,0],"id":245324236980225,"type":106}
@nix {"action":"result","fields":[0,0,0,0],"id":245324236980226,"type":105}
@nix {"action":"result","fields":[0,0,0,0],"id":245324236980227,"type":105}
@nix {"action":"result","fields":[101,0],"id":245324236980225,"type":106}
@nix {"action":"result","fields":[100,0],"id":245324236980225,"type":106}
@nix {"action":"result","fields":[0,0,0,0],"id":245324236980226,"type":105}
@nix {"action":"result","fields":[0,0,0,0],"id":245324236980227,"type":105}
@nix {"action":"result","fields":[101,0],"id":245324236980225,"type":106}
@nix {"action":"result","fields":[100,0],"id":245324236980225,"type":106}
@nix {"action":"result","fields":[0,0,0,0],"id":245324236980226,"type":105}
@nix {"action":"result","fields":[0,0,0,0],"id":245324236980227,"type":105}
@nix {"action":"result","fields":[101,0],"id":245324236980225,"type":106}
@nix {"action":"result","fields":[100,0],"id":245324236980225,"type":106}
@nix {"action":"result","fields":[0,0,0,0],"id":245324236980226,"type":105}
@nix {"action":"result","fields":[0,0,0,0],"id":245324236980227,"type":105}
@nix {"action":"result","fields":[101,0],"id":245324236980225,"type":106}
@nix {"action":"result","fields":[100,0],"id":245324236980225,"type":106}
@nix {"action":"result","fields":[0,0,0,0],"id":245324236980226,"type":105}
@nix {"action":"result","fields":[0,0,0,0],"id":245324236980227,"type":105}
@nix {"action":"result","fields":[101,0],"id":245324236980225,"type":106}
@nix {"action":"result","fields":[100,0],"id":245324236980225,"type":106}
@nix {"action":"result","fields":[0,0,0,0],"id":245324236980226,"type":105}
@nix {"action":"result","fields":[0,0,0,0],"id":245324236980227,"type":105}
@nix {"action":"result","fields":[101,0],"id":245324236980225,"type":106}
@nix {"action":"result","fields":[100,0],"id":245324236980225,"type":106}
@nix {"action":"result","fields":[0,0,0,0],"id":245324236980226,"type":105}
@nix {"action":"result","fields":[0,0,0,0],"id":245324236980227,"type":105}
@nix {"action":"result","fields":[101,0],"id":245324236980225,"type":106}
@nix {"action":"result","fields":[100,0],"id":245324236980225,"type":106}
@nix {"action":"result","fields":[0,0,0,0],"id":245324236980226,"type":105}
@nix {"action":"result","fields":[0,0,0,0],"id":245324236980227,"type":105}
@nix {"action":"result","fields":[101,0],"id":245324236980225,"type":106}
@nix {"action":"result","fields":[100,0],"id":245324236980225,"type":106}
@nix {"action":"result","fields":[0,0,0,0],"id":245324236980226,"type":105}
@nix {"action":"result","fields":[0,0,0,0],"id":245324236980227,"type":105}
@nix {"action":"result","fields":[101,0],"id":245324236980225,"type":106}
@nix {"action":"result","fields":[100,0],"id":245324236980225,"type":106}
@nix {"action":"result","fields":[0,0,0,0],"id":245324236980226,"type":105}
@nix {"action":"result","fields":[0,0,0,0],"id":245324236980227,"type":105}
@nix {"action":"result","fields":[101,0],"id":245324236980225,"type":106}
@nix {"action":"result","fields":[100,0],"id":245324236980225,"type":106}
@nix {"action":"result","fields":[0,0,0,0],"id":245324236980226,"type":105}
@nix {"action":"result","fields":[0,0,0,0],"id":245324236980227,"type":105}
@nix {"action":"result","fields":[101,0],"id":245324236980225,"type":106}
@nix {"action":"result","fields":[100,0],"id":245324236980225,"type":106}
@nix {"action":"result","fields":[0,0,0,0],"id":245324236980226,"type":105}
@nix {"action":"result","fields":[0,0,0,0],"id":245324236980227,"type":105}
@nix {"action":"result","fields":[101,0],"id":245324236980225,"type":106}
@nix {"action":"result","fields":[100,0],"id":245324236980225,"type":106}
@nix {"action":"result","fields":[0,0,0,0],"id":245324236980226,"type":105}
@nix {"action":"result","fields":[0,0,0,0],"id":245324236980227,"type":105}
@nix {"action":"result","fields":[101,0],"id":245324236980225,"type":106}
@nix {"action":"result","fields":[100,0],"id":245324236980225,"type":106}
@nix {"action":"result","fields":[0,0,0,0],"id":245324236980226,"type":105}
@nix {"action":"result","fields":[0,0,0,0],"id":245324236980227,"type":105}
@nix {"action":"result","fields":[101,0],"id":245324236980225,"type":106}
@nix {"action":"result","fields":[100,0],"id":245324236980225,"type":106}
@nix {"action":"result","fields":[0,0,0,0],"id":245324236980226,"type":105}
@nix {"action":"result","fields":[0,0,0,0],"id":245324236980227,"type":105}
@nix {"action":"result","fields":[101,0],"id":245324236980225,"type":106}
@nix {"action":"result","fields":[100,0],"id":245324236980225,"type":106}
@nix {"action":"result","fields":[0,0,0,0],"id":245324236980226,"type":105}
@nix {"action":"result","fields":[0,0,0,0],"id":245324236980227,"type":105}
@nix {"action":"result","fields":[101,0],"id":245324236980225,"type":106}
@nix {"action":"result","fields":[100,0],"id":245324236980225,"type":106}
@nix {"action":"result","fields":[0,0,0,0],"id":245324236980226,"type":105}
@nix {"action":"result","fields":[0,0,0,0],"id":245324236980227,"type":105}
@nix {"action":"result","fields":[101,0],"id":245324236980225,"type":106}
@nix {"action":"result","fields":[100,0],"id":245324236980225,"type":106}
@nix {"action":"result","fields":[0,0,0,0],"id":245324236980226,"type":105}
@nix {"action":"result","fields":[0,0,0,0],"id":245324236980227,"type":105}
@nix {"action":"result","fields":[101,0],"id":245324236980225,"type":106}
@nix {"action":"result","fields":[100,0],"id":245324236980225,"type":106}
@nix {"action":"result","fields":[0,0,0,0],"id":245324236980226,"type":105}
@nix {"action":"result","fields":[0,0,0,0],"id":245324236980227,"type":105}
@nix {"action":"result","fields":[101,0],"id":245324236980225,"type":106}
@nix {"action":"result","fields":[100,0],"id":245324236980225,"type":106}
@nix {"action":"result","fields":[0,0,0,0],"id":245324236980226,"type":105}
@nix {"action":"result","fields":[0,0,0,0],"id":245324236980227,"type":105}
@nix {"action":"result","fields":[101,0],"id":245324236980225,"type":106}
@nix {"action":"result","fields":[100,0],"id":245324236980225,"type":106}
@nix {"action":"result","fields":[0,0,0,0],"id":245324236980226,"type":105}
@nix {"action":"result","fields":[0,0,0,0],"id":245324236980227,"type":105}
@nix {"action":"result","fields":[101,0],"id":245324236980225,"type":106}
@nix {"action":"result","fields":[100,0],"id":245324236980225,"type":106}
@nix {"action":"result","fields":[0,0,0,0],"id":245324236980226,"type":105}
@nix {"action":"result","fields":[0,0,0,0],"id":245324236980227,"type":105}
@nix {"action":"result","fields":[101,0],"id":245324236980225,"type":106}
@nix {"action":"result","fields":[100,0],"id":245324236980225,"type":106}
@nix {"action":"result","fields":[0,0,0,0],"id":245324236980226,"type":105}
@nix {"action":"result","fields":[0,0,0,0],"id":245324236980227,"type":105}
@nix {"action":"result","fields":[101,0],"id":245324236980225,"type":106}
@nix {"action":"result","fields":[100,0],"id":245324236980225,"type":106}
@nix {"action":"result","fields":[0,0,0,0],"id":245324236980226,"type":105}
@nix {"action":"result","fields":[0,0,0,0],"id":245324236980227,"type":105}
@nix {"action":"result","fields":[101,0],"id":245324236980225,"type":106}
@nix {"action":"result","fields":[100,0],"id":245324236980225,"type":106}
@nix {"action":"result","fields":[0,0,0,0],"id":245324236980226,"type":105}
@nix {"action":"result","fields":[0,0,0,0],"id":245324236980227,"type":105}
@nix {"action":"result","fields":[101,0],"id":245324236980225,"type":106}
@nix {"action":"result","fields":[100,0],"id":245324236980225,"type":106}
@nix {"action":"result","fields":[0,0,0,0],"id":245324236980226,"type":105}
@nix {"action":"result","fields":[0,0,0,0],"id":245324236980227,"type":105}
@nix {"action":"result","fields":[101,0],"id":245324236980225,"type":106}
@nix {"action":"result","fields":[100,0],"id":245324236980225,"type":106}
@nix {"action":"result","fields":[0,1,0,0],"id":245324236980226,"type":105}
@nix {"action":"result","fields":[0,0,0,0],"id":245324236980227,"type":105}
@nix {"action":"result","fields":[101,0],"id":245324236980225,"type":106}
@nix {"action":"result","fields":[100,0],"id":245324236980225,"type":106}
@nix {"action":"result","fields":[0,2,0,0],"id":245324236980226,"type":105}
@nix {"action":"result","fields":[0,0,0,0],"id":245324236980227,"type":105}
@nix {"action":"result","fields":[101,0],"id":245324236980225,"type":106}
@nix {"action":"result","fields":[100,0],"id":245324236980225,"type":106}
@nix {"action":"result","fields":[0,3,0,0],"id":245324236980226,"type":105}
@nix {"action":"result","fields":[0,0,0,0],"id":245324236980227,"type":105}
@nix {"action":"result","fields":[101,0],"id":245324236980225,"type":106}
@nix {"action":"result","fields":[100,0],"id":245324236980225,"type":106}
@nix {"action":"result","fields":[0,4,0,0],"id":245324236980226,"type":105}
@nix {"action":"result","fields":[0,0,0,0],"id":245324236980227,"type":105}
@nix {"action":"result","fields":[101,0],"id":245324236980225,"type":106}
@nix {"action":"result","fields":[100,0],"id":245324236980225,"type":106}
@nix {"action":"result","fields":[0,5,0,0],"id":245324236980226,"type":105}
@nix {"action":"result","fields":[0,0,0,0],"id":245324236980227,"type":105}
@nix {"action":"result","fields":[101,0],"id":245324236980225,"type":106}
@nix {"action":"result","fields":[100,0],"id":245324236980225,"type":106}
@nix {"action":"result","fields":[0,6,0,0],"id":245324236980226,"type":105}
@nix {"action":"result","fields":[0,0,0,0],"id":245324236980227,"type":105}
@nix {"action":"result","fields":[101,0],"id":245324236980225,"type":106}
@nix {"action":"result","fields":[100,0],"id":245324236980225,"type":106}
@nix {"action":"result","fields":[0,7,0,0],"id":245324236980226,"type":105}
@nix {"action":"result","fields":[0,0,0,0],"id":245324236980227,"type":105}
@nix {"action":"result","fields":[101,0],"id":245324236980225,"type":106}
@nix {"action":"result","fields":[100,0],"id":245324236980225,"type":106}
@nix {"action":"result","fields":[0,8,0,0],"id":245324236980226,"type":105}
@nix {"action":"result","fields":[0,0,0,0],"id":245324236980227,"type":105}
@nix {"action":"result","fields":[101,0],"id":245324236980225,"type":106}
@nix {"action":"result","fields":[100,0],"id":245324236980225,"type":106}
@nix {"action":"result","fields":[0,9,0,0],"id":245324236980226,"type":105}
@nix {"action":"result","fields":[0,0,0,0],"id":245324236980227,"type":105}
@nix {"action":"result","fields":[101,0],"id":245324236980225,"type":106}
@nix {"action":"result","fields":[100,0],"id":245324236980225,"type":106}
@nix {"action":"result","fields":[0,10,0,0],"id":245324236980226,"type":105}
@nix {"action":"result","fields":[0,0,0,0],"id":245324236980227,"type":105}
@nix {"action":"result","fields":[101,0],"id":245324236980225,"type":106}
@nix {"action":"result","fields":[100,0],"id":245324236980225,"type":106}
@nix {"action":"result","fields":[0,11,0,0],"id":245324236980226,"type":105}
@nix {"action":"result","fields":[0,0,0,0],"id":245324236980227,"type":105}
@nix {"action":"result","fields":[101,0],"id":245324236980225,"type":106}
@nix {"action":"result","fields":[100,0],"id":245324236980225,"type":106}
@nix {"action":"result","fields":[0,12,0,0],"id":245324236980226,"type":105}
@nix {"action":"result","fields":[0,0,0,0],"id":245324236980227,"type":105}
@nix {"action":"result","fields":[101,0],"id":245324236980225,"type":106}
@nix {"action":"result","fields":[100,0],"id":245324236980225,"type":106}
@nix {"action":"result","fields":[0,13,0,0],"id":245324236980226,"type":105}
@nix {"action":"result","fields":[0,0,0,0],"id":245324236980227,"type":105}
@nix {"action":"result","fields":[101,0],"id":245324236980225,"type":106}
@nix {"action":"result","fields":[100,0],"id":245324236980225,"type":106}
@nix {"action":"result","fields":[0,14,0,0],"id":245324236980226,"type":105}
@nix {"action":"result","fields":[0,0,0,0],"id":245324236980227,"type":105}
@nix {"action":"result","fields":[101,0],"id":245324236980225,"type":106}
@nix {"action":"result","fields":[100,0],"id":245324236980225,"type":106}
@nix {"action":"result","fields":[0,15,0,0],"id":245324236980226,"type":105}
@nix {"action":"result","fields":[0,0,0,0],"id":245324236980227,"type":105}
@nix {"action":"result","fields":[101,0],"id":245324236980225,"type":106}
@nix {"action":"result","fields":[100,0],"id":245324236980225,"type":106}
@nix {"action":"result","fields":[0,16,0,0],"id":245324236980226,"type":105}
@nix {"action":"result","fields":[0,0,0,0],"id":245324236980227,"type":105}
@nix {"action":"result","fields":[101,0],"id":245324236980225,"type":106}
@nix {"action":"result","fields":[100,0],"id":245324236980225,"type":106}
@nix {"action":"result","fields":[0,17,0,0],"id":245324236980226,"type":105}
@nix {"action":"result","fields":[0,0,0,0],"id":245324236980227,"type":105}
@nix {"action":"result","fields":[101,0],"id":245324236980225,"type":106}
@nix {"action":"result","fields":[100,0],"id":245324236980225,"type":106}
@nix {"action":"result","fields":[0,18,0,0],"id":245324236980226,"type":105}
@nix {"action":"result","fields":[0,0,0,0],"id":245324236980227,"type":105}
@nix {"action":"result","fields":[101,0],"id":245324236980225,"type":106}
@nix {"action":"result","fields":[100,0],"id":245324236980225,"type":106}
@nix {"action":"result","fields":[0,19,0,0],"id":245324236980226,"type":105}
@nix {"action":"result","fields":[0,0,0,0],"id":245324236980227,"type":105}
@nix {"action":"result","fields":[101,0],"id":245324236980225,"type":106}
@nix {"action":"result","fields":[100,0],"id":245324236980225,"type":106}
@nix {"action":"result","fields":[0,20,0,0],"id":245324236980226,"type":105}
@nix {"action":"result","fields":[0,0,0,0],"id":245324236980227,"type":105}
@nix {"action":"result","fields":[101,0],"id":245324236980225,"type":106}
@nix {"action":"result","fields":[100,0],"id":245324236980225,"type":106}
@nix {"action":"result","fields":[0,21,0,0],"id":245324236980226,"type":105}
@nix {"action":"result","fields":[0,0,0,0],"id":245324236980227,"type":105}
@nix {"action":"result","fields":[101,0],"id":245324236980225,"type":106}
@nix {"action":"result","fields":[100,0],"id":245324236980225,"type":106}
@nix {"action":"result","fields":[0,22,0,0],"id":245324236980226,"type":105}
@nix {"action":"result","fields":[0,0,0,0],"id":245324236980227,"type":105}
@nix {"action":"result","fields":[101,0],"id":245324236980225,"type":106}
@nix {"action":"result","fields":[100,0],"id":245324236980225,"type":106}
@nix {"action":"result","fields":[0,23,0,0],"id":245324236980226,"type":105}
@nix {"action":"result","fields":[0,0,0,0],"id":245324236980227,"type":105}
@nix {"action":"result","fields":[101,0],"id":245324236980225,"type":106}
@nix {"action":"result","fields":[100,0],"id":245324236980225,"type":106}
@nix {"action":"result","fields":[0,24,0,0],"id":245324236980226,"type":105}
@nix {"action":"result","fields":[0,0,0,0],"id":245324236980227,"type":105}
@nix {"action":"result","fields":[101,0],"id":245324236980225,"type":106}
@nix {"action":"result","fields":[100,0],"id":245324236980225,"type":106}
@nix {"action":"result","fields":[0,25,0,0],"id":245324236980226,"type":105}
@nix {"action":"result","fields":[0,0,0,0],"id":245324236980227,"type":105}
@nix {"action":"result","fields":[101,0],"id":245324236980225,"type":106}
@nix {"action":"result","fields":[100,0],"id":245324236980225,"type":106}
@nix {"action":"result","fields":[0,26,0,0],"id":245324236980226,"type":105}
@nix {"action":"result","fields":[0,0,0,0],"id":245324236980227,"type":105}
@nix {"action":"result","fields":[101,0],"id":245324236980225,"type":106}
@nix {"action":"result","fields":[100,0],"id":245324236980225,"type":106}
@nix {"action":"result","fields":[0,27,0,0],"id":245324236980226,"type":105}
@nix {"action":"result","fields":[0,0,0,0],"id":245324236980227,"type":105}
@nix {"action":"result","fields":[101,0],"id":245324236980225,"type":106}
@nix {"action":"result","fields":[100,0],"id":245324236980225,"type":106}
@nix {"action":"result","fields":[0,28,0,0],"id":245324236980226,"type":105}
@nix {"action":"result","fields":[0,0,0,0],"id":245324236980227,"type":105}
@nix {"action":"result","fields":[101,0],"id":245324236980225,"type":106}
@nix {"action":"result","fields":[100,0],"id":245324236980225,"type":106}
@nix {"action":"result","fields":[0,29,0,0],"id":245324236980226,"type":105}
@nix {"action":"result","fields":[0,0,0,0],"id":245324236980227,"type":105}
@nix {"action":"result","fields":[101,0],"id":245324236980225,"type":106}
@nix {"action":"result","fields":[100,0],"id":245324236980225,"type":106}
@nix {"action":"result","fields":[0,30,0,0],"id":245324236980226,"type":105}
@nix {"action":"result","fields":[0,0,0,0],"id":245324236980227,"type":105}
@nix {"action":"result","fields":[101,0],"id":245324236980225,"type":106}
@nix {"action":"result","fields":[100,0],"id":245324236980225,"type":106}
@nix {"action":"result","fields":[0,31,0,0],"id":245324236980226,"type":105}
@nix {"action":"result","fields":[0,0,0,0],"id":245324236980227,"type":105}
@nix {"action":"result","fields":[101,0],"id":245324236980225,"type":106}
@nix {"action":"result","fields":[100,0],"id":245324236980225,"type":106}
@nix {"action":"result","fields":[0,32,0,0],"id":245324236980226,"type":105}
@nix {"action":"result","fields":[0,0,0,0],"id":245324236980227,"type":105}
@nix {"action":"result","fields":[101,0],"id":245324236980225,"type":106}
@nix {"action":"result","fields":[100,0],"id":245324236980225,"type":106}
@nix {"action":"start","fields":["/Users/hetzner/obrador-shared-pins-20260909/round-3-after/wide-round-1-jobs-8/store/yahcwxkxnl6vfb4q7xpxxy84kp0jjqns-leaf-0.drv.drv","",1,1],"id":245324236980228,"level":3,"parent":0,"text":"building '/Users/hetzner/obrador-shared-pins-20260909/round-3-after/wide-round-1-jobs-8/store/yahcwxkxnl6vfb4q7xpxxy84kp0jjqns-leaf-0.drv.drv'","type":105}
@nix {"action":"result","fields":[0,32,1,0],"id":245324236980226,"type":105}
@nix {"action":"result","fields":[0,0,0,0],"id":245324236980227,"type":105}
@nix {"action":"result","fields":[101,0],"id":245324236980225,"type":106}
@nix {"action":"result","fields":[100,0],"id":245324236980225,"type":106}
@nix {"action":"start","fields":["/Users/hetzner/obrador-shared-pins-20260909/round-3-after/wide-round-1-jobs-8/store/54dr77js4zlwqi7r9jcqv03xj09pgd5l-leaf-1.drv.drv","",1,1],"id":245324236980229,"level":3,"parent":0,"text":"building '/Users/hetzner/obrador-shared-pins-20260909/round-3-after/wide-round-1-jobs-8/store/54dr77js4zlwqi7r9jcqv03xj09pgd5l-leaf-1.drv.drv'","type":105}
@nix {"action":"result","fields":[0,32,2,0],"id":245324236980226,"type":105}
@nix {"action":"result","fields":[0,0,0,0],"id":245324236980227,"type":105}
@nix {"action":"result","fields":[101,0],"id":245324236980225,"type":106}
@nix {"action":"result","fields":[100,0],"id":245324236980225,"type":106}
@nix {"action":"start","fields":["/Users/hetzner/obrador-shared-pins-20260909/round-3-after/wide-round-1-jobs-8/store/0cpqng8g2ykl9bk1hi1999s7vpq14hdg-leaf-10.drv.drv","",1,1],"id":245324236980230,"level":3,"parent":0,"text":"building '/Users/hetzner/obrador-shared-pins-20260909/round-3-after/wide-round-1-jobs-8/store/0cpqng8g2ykl9bk1hi1999s7vpq14hdg-leaf-10.drv.drv'","type":105}
@nix {"action":"result","fields":[0,32,3,0],"id":245324236980226,"type":105}
@nix {"action":"result","fields":[0,0,0,0],"id":245324236980227,"type":105}
@nix {"action":"result","fields":[101,0],"id":245324236980225,"type":106}
@nix {"action":"result","fields":[100,0],"id":245324236980225,"type":106}
@nix {"action":"start","fields":["/Users/hetzner/obrador-shared-pins-20260909/round-3-after/wide-round-1-jobs-8/store/yy4fxbaxs3v398id99m78c7v2977x58i-leaf-11.drv.drv","",1,1],"id":245324236980231,"level":3,"parent":0,"text":"building '/Users/hetzner/obrador-shared-pins-20260909/round-3-after/wide-round-1-jobs-8/store/yy4fxbaxs3v398id99m78c7v2977x58i-leaf-11.drv.drv'","type":105}
@nix {"action":"result","fields":[0,32,4,0],"id":245324236980226,"type":105}
@nix {"action":"result","fields":[0,0,0,0],"id":245324236980227,"type":105}
@nix {"action":"result","fields":[101,0],"id":245324236980225,"type":106}
@nix {"action":"result","fields":[100,0],"id":245324236980225,"type":106}
@nix {"action":"start","fields":["/Users/hetzner/obrador-shared-pins-20260909/round-3-after/wide-round-1-jobs-8/store/f05s1v9wrb7mrz46ps1i9s2f67v87aq8-leaf-12.drv.drv","",1,1],"id":245324236980232,"level":3,"parent":0,"text":"building '/Users/hetzner/obrador-shared-pins-20260909/round-3-after/wide-round-1-jobs-8/store/f05s1v9wrb7mrz46ps1i9s2f67v87aq8-leaf-12.drv.drv'","type":105}
@nix {"action":"result","fields":[0,32,5,0],"id":245324236980226,"type":105}
@nix {"action":"result","fields":[0,0,0,0],"id":245324236980227,"type":105}
@nix {"action":"result","fields":[101,0],"id":245324236980225,"type":106}
@nix {"action":"result","fields":[100,0],"id":245324236980225,"type":106}
@nix {"action":"start","fields":["/Users/hetzner/obrador-shared-pins-20260909/round-3-after/wide-round-1-jobs-8/store/dv5lckjqcz1cdn9x6p7lr4nxmblaw06d-leaf-13.drv.drv","",1,1],"id":245324236980233,"level":3,"parent":0,"text":"building '/Users/hetzner/obrador-shared-pins-20260909/round-3-after/wide-round-1-jobs-8/store/dv5lckjqcz1cdn9x6p7lr4nxmblaw06d-leaf-13.drv.drv'","type":105}
@nix {"action":"result","fields":[0,32,6,0],"id":245324236980226,"type":105}
@nix {"action":"result","fields":[0,0,0,0],"id":245324236980227,"type":105}
@nix {"action":"result","fields":[101,0],"id":245324236980225,"type":106}
@nix {"action":"result","fields":[100,0],"id":245324236980225,"type":106}
@nix {"action":"start","fields":["/Users/hetzner/obrador-shared-pins-20260909/round-3-after/wide-round-1-jobs-8/store/9lnl0k11nb1yykldmmwvh7bblib8wsd4-leaf-14.drv.drv","",1,1],"id":245324236980234,"level":3,"parent":0,"text":"building '/Users/hetzner/obrador-shared-pins-20260909/round-3-after/wide-round-1-jobs-8/store/9lnl0k11nb1yykldmmwvh7bblib8wsd4-leaf-14.drv.drv'","type":105}
@nix {"action":"result","fields":[0,32,7,0],"id":245324236980226,"type":105}
@nix {"action":"result","fields":[0,0,0,0],"id":245324236980227,"type":105}
@nix {"action":"result","fields":[101,0],"id":245324236980225,"type":106}
@nix {"action":"result","fields":[100,0],"id":245324236980225,"type":106}
@nix {"action":"start","fields":["/Users/hetzner/obrador-shared-pins-20260909/round-3-after/wide-round-1-jobs-8/store/x8mgg0zrnjwh6hqp67kzdpzcz27bg8m3-leaf-15.drv.drv","",1,1],"id":245324236980235,"level":3,"parent":0,"text":"building '/Users/hetzner/obrador-shared-pins-20260909/round-3-after/wide-round-1-jobs-8/store/x8mgg0zrnjwh6hqp67kzdpzcz27bg8m3-leaf-15.drv.drv'","type":105}
@nix {"action":"result","fields":[0,32,8,0],"id":245324236980226,"type":105}
@nix {"action":"result","fields":[0,0,0,0],"id":245324236980227,"type":105}
@nix {"action":"result","fields":[101,0],"id":245324236980225,"type":106}
@nix {"action":"result","fields":[100,0],"id":245324236980225,"type":106}
@nix {"action":"result","fields":[1,33,7,0],"id":245324236980226,"type":105}
@nix {"action":"result","fields":[0,0,0,0],"id":245324236980227,"type":105}
@nix {"action":"result","fields":[101,0],"id":245324236980225,"type":106}
@nix {"action":"result","fields":[100,0],"id":245324236980225,"type":106}
@nix {"action":"stop","id":245324236980228}
@nix {"action":"result","fields":[2,34,6,0],"id":245324236980226,"type":105}
@nix {"action":"result","fields":[0,0,0,0],"id":245324236980227,"type":105}
@nix {"action":"result","fields":[101,0],"id":245324236980225,"type":106}
@nix {"action":"result","fields":[100,0],"id":245324236980225,"type":106}
@nix {"action":"stop","id":245324236980229}
@nix {"action":"result","fields":[3,35,5,0],"id":245324236980226,"type":105}
@nix {"action":"result","fields":[0,0,0,0],"id":245324236980227,"type":105}
@nix {"action":"result","fields":[101,0],"id":245324236980225,"type":106}
@nix {"action":"result","fields":[100,0],"id":245324236980225,"type":106}
@nix {"action":"stop","id":245324236980230}
@nix {"action":"result","fields":[4,36,4,0],"id":245324236980226,"type":105}
@nix {"action":"result","fields":[0,0,0,0],"id":245324236980227,"type":105}
@nix {"action":"result","fields":[101,0],"id":245324236980225,"type":106}
@nix {"action":"result","fields":[100,0],"id":245324236980225,"type":106}
@nix {"action":"stop","id":245324236980231}
@nix {"action":"result","fields":[5,37,3,0],"id":245324236980226,"type":105}
@nix {"action":"result","fields":[0,0,0,0],"id":245324236980227,"type":105}
@nix {"action":"result","fields":[101,0],"id":245324236980225,"type":106}
@nix {"action":"result","fields":[100,0],"id":245324236980225,"type":106}
@nix {"action":"stop","id":245324236980232}
@nix {"action":"result","fields":[6,38,2,0],"id":245324236980226,"type":105}
@nix {"action":"result","fields":[0,0,0,0],"id":245324236980227,"type":105}
@nix {"action":"result","fields":[101,0],"id":245324236980225,"type":106}
@nix {"action":"result","fields":[100,0],"id":245324236980225,"type":106}
@nix {"action":"stop","id":245324236980233}
@nix {"action":"result","fields":[7,39,1,0],"id":245324236980226,"type":105}
@nix {"action":"result","fields":[0,0,0,0],"id":245324236980227,"type":105}
@nix {"action":"result","fields":[101,0],"id":245324236980225,"type":106}
@nix {"action":"result","fields":[100,0],"id":245324236980225,"type":106}
@nix {"action":"stop","id":245324236980234}
@nix {"action":"start","fields":["/Users/hetzner/obrador-shared-pins-20260909/round-3-after/wide-round-1-jobs-8/store/whxa8iddpygs968nsjrv9rmy4rixf9qz-leaf-31.drv.drv","",1,1],"id":245324236980236,"level":3,"parent":0,"text":"building '/Users/hetzner/obrador-shared-pins-20260909/round-3-after/wide-round-1-jobs-8/store/whxa8iddpygs968nsjrv9rmy4rixf9qz-leaf-31.drv.drv'","type":105}
@nix {"action":"result","fields":[7,32,2,0],"id":245324236980226,"type":105}
@nix {"action":"result","fields":[0,0,0,0],"id":245324236980227,"type":105}
@nix {"action":"result","fields":[101,0],"id":245324236980225,"type":106}
@nix {"action":"result","fields":[100,0],"id":245324236980225,"type":106}
@nix {"action":"start","fields":["/Users/hetzner/obrador-shared-pins-20260909/round-3-after/wide-round-1-jobs-8/store/kha5pcw70d17a5cbwpi850gky4blcimk-leaf-4.drv.drv","",1,1],"id":245324236980237,"level":3,"parent":0,"text":"building '/Users/hetzner/obrador-shared-pins-20260909/round-3-after/wide-round-1-jobs-8/store/kha5pcw70d17a5cbwpi850gky4blcimk-leaf-4.drv.drv'","type":105}
@nix {"action":"result","fields":[7,32,3,0],"id":245324236980226,"type":105}
@nix {"action":"result","fields":[0,0,0,0],"id":245324236980227,"type":105}
@nix {"action":"result","fields":[101,0],"id":245324236980225,"type":106}
@nix {"action":"result","fields":[100,0],"id":245324236980225,"type":106}
@nix {"action":"start","fields":["/Users/hetzner/obrador-shared-pins-20260909/round-3-after/wide-round-1-jobs-8/store/6dsk0rbw3w8h68ajwbh45xr1dvka3fgx-leaf-5.drv.drv","",1,1],"id":245324236980238,"level":3,"parent":0,"text":"building '/Users/hetzner/obrador-shared-pins-20260909/round-3-after/wide-round-1-jobs-8/store/6dsk0rbw3w8h68ajwbh45xr1dvka3fgx-leaf-5.drv.drv'","type":105}
@nix {"action":"result","fields":[7,32,4,0],"id":245324236980226,"type":105}
@nix {"action":"result","fields":[0,0,0,0],"id":245324236980227,"type":105}
@nix {"action":"result","fields":[101,0],"id":245324236980225,"type":106}
@nix {"action":"result","fields":[100,0],"id":245324236980225,"type":106}
@nix {"action":"start","fields":["/Users/hetzner/obrador-shared-pins-20260909/round-3-after/wide-round-1-jobs-8/store/fp2f1y49hzsh96m5fpbyc1hayngc9jlb-leaf-6.drv.drv","",1,1],"id":245324236980239,"level":3,"parent":0,"text":"building '/Users/hetzner/obrador-shared-pins-20260909/round-3-after/wide-round-1-jobs-8/store/fp2f1y49hzsh96m5fpbyc1hayngc9jlb-leaf-6.drv.drv'","type":105}
@nix {"action":"result","fields":[7,32,5,0],"id":245324236980226,"type":105}
@nix {"action":"result","fields":[0,0,0,0],"id":245324236980227,"type":105}
@nix {"action":"result","fields":[101,0],"id":245324236980225,"type":106}
@nix {"action":"result","fields":[100,0],"id":245324236980225,"type":106}
@nix {"action":"start","fields":["/Users/hetzner/obrador-shared-pins-20260909/round-3-after/wide-round-1-jobs-8/store/k9s84l3anhrdvyl3xbgz5ng7gps2larb-leaf-7.drv.drv","",1,1],"id":245324236980240,"level":3,"parent":0,"text":"building '/Users/hetzner/obrador-shared-pins-20260909/round-3-after/wide-round-1-jobs-8/store/k9s84l3anhrdvyl3xbgz5ng7gps2larb-leaf-7.drv.drv'","type":105}
@nix {"action":"result","fields":[7,32,6,0],"id":245324236980226,"type":105}
@nix {"action":"result","fields":[0,0,0,0],"id":245324236980227,"type":105}
@nix {"action":"result","fields":[101,0],"id":245324236980225,"type":106}
@nix {"action":"result","fields":[100,0],"id":245324236980225,"type":106}
@nix {"action":"start","fields":["/Users/hetzner/obrador-shared-pins-20260909/round-3-after/wide-round-1-jobs-8/store/lplmd9pgygiajvrixq59639k5inli39f-leaf-8.drv.drv","",1,1],"id":245324236980241,"level":3,"parent":0,"text":"building '/Users/hetzner/obrador-shared-pins-20260909/round-3-after/wide-round-1-jobs-8/store/lplmd9pgygiajvrixq59639k5inli39f-leaf-8.drv.drv'","type":105}
@nix {"action":"result","fields":[7,32,7,0],"id":245324236980226,"type":105}
@nix {"action":"result","fields":[0,0,0,0],"id":245324236980227,"type":105}
@nix {"action":"result","fields":[101,0],"id":245324236980225,"type":106}
@nix {"action":"result","fields":[100,0],"id":245324236980225,"type":106}
@nix {"action":"start","fields":["/Users/hetzner/obrador-shared-pins-20260909/round-3-after/wide-round-1-jobs-8/store/w3q3apckvqvr8pp98j4naw4khnqg59b1-leaf-9.drv.drv","",1,1],"id":245324236980242,"level":3,"parent":0,"text":"building '/Users/hetzner/obrador-shared-pins-20260909/round-3-after/wide-round-1-jobs-8/store/w3q3apckvqvr8pp98j4naw4khnqg59b1-leaf-9.drv.drv'","type":105}
@nix {"action":"result","fields":[7,32,8,0],"id":245324236980226,"type":105}
@nix {"action":"result","fields":[0,0,0,0],"id":245324236980227,"type":105}
@nix {"action":"result","fields":[101,0],"id":245324236980225,"type":106}
@nix {"action":"result","fields":[100,0],"id":245324236980225,"type":106}
@nix {"action":"result","fields":[7,33,8,0],"id":245324236980226,"type":105}
@nix {"action":"result","fields":[0,0,0,0],"id":245324236980227,"type":105}
@nix {"action":"result","fields":[101,0],"id":245324236980225,"type":106}
@nix {"action":"result","fields":[100,0],"id":245324236980225,"type":106}
@nix {"action":"result","fields":[7,34,8,0],"id":245324236980226,"type":105}
@nix {"action":"result","fields":[0,0,0,0],"id":245324236980227,"type":105}
@nix {"action":"result","fields":[101,0],"id":245324236980225,"type":106}
@nix {"action":"result","fields":[100,0],"id":245324236980225,"type":106}
@nix {"action":"result","fields":[7,35,8,0],"id":245324236980226,"type":105}
@nix {"action":"result","fields":[0,0,0,0],"id":245324236980227,"type":105}
@nix {"action":"result","fields":[101,0],"id":245324236980225,"type":106}
@nix {"action":"result","fields":[100,0],"id":245324236980225,"type":106}
@nix {"action":"result","fields":[7,36,8,0],"id":245324236980226,"type":105}
@nix {"action":"result","fields":[0,0,0,0],"id":245324236980227,"type":105}
@nix {"action":"result","fields":[101,0],"id":245324236980225,"type":106}
@nix {"action":"result","fields":[100,0],"id":245324236980225,"type":106}
@nix {"action":"result","fields":[7,37,8,0],"id":245324236980226,"type":105}
@nix {"action":"result","fields":[0,0,0,0],"id":245324236980227,"type":105}
@nix {"action":"result","fields":[101,0],"id":245324236980225,"type":106}
@nix {"action":"result","fields":[100,0],"id":245324236980225,"type":106}
@nix {"action":"result","fields":[7,38,8,0],"id":245324236980226,"type":105}
@nix {"action":"result","fields":[0,0,0,0],"id":245324236980227,"type":105}
@nix {"action":"result","fields":[101,0],"id":245324236980225,"type":106}
@nix {"action":"result","fields":[100,0],"id":245324236980225,"type":106}
@nix {"action":"result","fields":[7,39,8,0],"id":245324236980226,"type":105}
@nix {"action":"result","fields":[0,0,0,0],"id":245324236980227,"type":105}
@nix {"action":"result","fields":[101,0],"id":245324236980225,"type":106}
@nix {"action":"result","fields":[100,0],"id":245324236980225,"type":106}
@nix {"action":"result","fields":[8,40,7,0],"id":245324236980226,"type":105}
@nix {"action":"result","fields":[0,0,0,0],"id":245324236980227,"type":105}
@nix {"action":"result","fields":[101,0],"id":245324236980225,"type":106}
@nix {"action":"result","fields":[100,0],"id":245324236980225,"type":106}
@nix {"action":"stop","id":245324236980235}
@nix {"action":"result","fields":[9,41,6,0],"id":245324236980226,"type":105}
@nix {"action":"result","fields":[0,0,0,0],"id":245324236980227,"type":105}
@nix {"action":"result","fields":[101,0],"id":245324236980225,"type":106}
@nix {"action":"result","fields":[100,0],"id":245324236980225,"type":106}
@nix {"action":"stop","id":245324236980236}
@nix {"action":"result","fields":[10,42,5,0],"id":245324236980226,"type":105}
@nix {"action":"result","fields":[0,0,0,0],"id":245324236980227,"type":105}
@nix {"action":"result","fields":[101,0],"id":245324236980225,"type":106}
@nix {"action":"result","fields":[100,0],"id":245324236980225,"type":106}
@nix {"action":"stop","id":245324236980237}
@nix {"action":"result","fields":[11,43,4,0],"id":245324236980226,"type":105}
@nix {"action":"result","fields":[0,0,0,0],"id":245324236980227,"type":105}
@nix {"action":"result","fields":[101,0],"id":245324236980225,"type":106}
@nix {"action":"result","fields":[100,0],"id":245324236980225,"type":106}
@nix {"action":"stop","id":245324236980238}
@nix {"action":"result","fields":[12,44,3,0],"id":245324236980226,"type":105}
@nix {"action":"result","fields":[0,0,0,0],"id":245324236980227,"type":105}
@nix {"action":"result","fields":[101,0],"id":245324236980225,"type":106}
@nix {"action":"result","fields":[100,0],"id":245324236980225,"type":106}
@nix {"action":"stop","id":245324236980239}
@nix {"action":"result","fields":[13,45,2,0],"id":245324236980226,"type":105}
@nix {"action":"result","fields":[0,0,0,0],"id":245324236980227,"type":105}
@nix {"action":"result","fields":[101,0],"id":245324236980225,"type":106}
@nix {"action":"result","fields":[100,0],"id":245324236980225,"type":106}
@nix {"action":"stop","id":245324236980240}
@nix {"action":"result","fields":[14,46,1,0],"id":245324236980226,"type":105}
@nix {"action":"result","fields":[0,0,0,0],"id":245324236980227,"type":105}
@nix {"action":"result","fields":[101,0],"id":245324236980225,"type":106}
@nix {"action":"result","fields":[100,0],"id":245324236980225,"type":106}
@nix {"action":"stop","id":245324236980241}
@nix {"action":"start","fields":["/Users/hetzner/obrador-shared-pins-20260909/round-3-after/wide-round-1-jobs-8/store/9mg7d0g5xaimnpjhypd99kmg2d0mq1gp-leaf-0.drv","",1,1],"id":245324236980243,"level":3,"parent":0,"text":"building '/Users/hetzner/obrador-shared-pins-20260909/round-3-after/wide-round-1-jobs-8/store/9mg7d0g5xaimnpjhypd99kmg2d0mq1gp-leaf-0.drv'","type":105}
@nix {"action":"result","fields":[14,39,2,0],"id":245324236980226,"type":105}
@nix {"action":"result","fields":[0,0,0,0],"id":245324236980227,"type":105}
@nix {"action":"result","fields":[101,0],"id":245324236980225,"type":106}
@nix {"action":"result","fields":[100,0],"id":245324236980225,"type":106}
@nix {"action":"start","fields":["/Users/hetzner/obrador-shared-pins-20260909/round-3-after/wide-round-1-jobs-8/store/ink3gdia8851mbg82v5yazvy4xdlqzkg-leaf-1.drv","",1,1],"id":245324236980244,"level":3,"parent":0,"text":"building '/Users/hetzner/obrador-shared-pins-20260909/round-3-after/wide-round-1-jobs-8/store/ink3gdia8851mbg82v5yazvy4xdlqzkg-leaf-1.drv'","type":105}
@nix {"action":"result","fields":[14,39,3,0],"id":245324236980226,"type":105}
@nix {"action":"result","fields":[0,0,0,0],"id":245324236980227,"type":105}
@nix {"action":"result","fields":[101,0],"id":245324236980225,"type":106}
@nix {"action":"result","fields":[100,0],"id":245324236980225,"type":106}
@nix {"action":"start","fields":["/Users/hetzner/obrador-shared-pins-20260909/round-3-after/wide-round-1-jobs-8/store/217y50r2p58sdahismq0yfi3aq1n3dnv-leaf-10.drv","",1,1],"id":245324236980245,"level":3,"parent":0,"text":"building '/Users/hetzner/obrador-shared-pins-20260909/round-3-after/wide-round-1-jobs-8/store/217y50r2p58sdahismq0yfi3aq1n3dnv-leaf-10.drv'","type":105}
@nix {"action":"result","fields":[14,39,4,0],"id":245324236980226,"type":105}
@nix {"action":"result","fields":[0,0,0,0],"id":245324236980227,"type":105}
@nix {"action":"result","fields":[101,0],"id":245324236980225,"type":106}
@nix {"action":"result","fields":[100,0],"id":245324236980225,"type":106}
@nix {"action":"start","fields":["/Users/hetzner/obrador-shared-pins-20260909/round-3-after/wide-round-1-jobs-8/store/xmigfy9hj3z2k851nl1pz7d0ly89gva8-leaf-11.drv","",1,1],"id":245324236980246,"level":3,"parent":0,"text":"building '/Users/hetzner/obrador-shared-pins-20260909/round-3-after/wide-round-1-jobs-8/store/xmigfy9hj3z2k851nl1pz7d0ly89gva8-leaf-11.drv'","type":105}
@nix {"action":"result","fields":[14,39,5,0],"id":245324236980226,"type":105}
@nix {"action":"result","fields":[0,0,0,0],"id":245324236980227,"type":105}
@nix {"action":"result","fields":[101,0],"id":245324236980225,"type":106}
@nix {"action":"result","fields":[100,0],"id":245324236980225,"type":106}
@nix {"action":"start","fields":["/Users/hetzner/obrador-shared-pins-20260909/round-3-after/wide-round-1-jobs-8/store/dx2pq6grgb8bymlynil3hj2a7xpqk0k9-leaf-12.drv","",1,1],"id":245324236980247,"level":3,"parent":0,"text":"building '/Users/hetzner/obrador-shared-pins-20260909/round-3-after/wide-round-1-jobs-8/store/dx2pq6grgb8bymlynil3hj2a7xpqk0k9-leaf-12.drv'","type":105}
@nix {"action":"result","fields":[14,39,6,0],"id":245324236980226,"type":105}
@nix {"action":"result","fields":[0,0,0,0],"id":245324236980227,"type":105}
@nix {"action":"result","fields":[101,0],"id":245324236980225,"type":106}
@nix {"action":"result","fields":[100,0],"id":245324236980225,"type":106}
@nix {"action":"start","fields":["/Users/hetzner/obrador-shared-pins-20260909/round-3-after/wide-round-1-jobs-8/store/pm4614rpx7x4glgfnpx71fbrlmgsiz6h-leaf-13.drv","",1,1],"id":245324236980248,"level":3,"parent":0,"text":"building '/Users/hetzner/obrador-shared-pins-20260909/round-3-after/wide-round-1-jobs-8/store/pm4614rpx7x4glgfnpx71fbrlmgsiz6h-leaf-13.drv'","type":105}
@nix {"action":"result","fields":[14,39,7,0],"id":245324236980226,"type":105}
@nix {"action":"result","fields":[0,0,0,0],"id":245324236980227,"type":105}
@nix {"action":"result","fields":[101,0],"id":245324236980225,"type":106}
@nix {"action":"result","fields":[100,0],"id":245324236980225,"type":106}
@nix {"action":"start","fields":["/Users/hetzner/obrador-shared-pins-20260909/round-3-after/wide-round-1-jobs-8/store/ml4yfda9hzw2ny5qzqpbdw4cncajj71z-leaf-14.drv","",1,1],"id":245324236980249,"level":3,"parent":0,"text":"building '/Users/hetzner/obrador-shared-pins-20260909/round-3-after/wide-round-1-jobs-8/store/ml4yfda9hzw2ny5qzqpbdw4cncajj71z-leaf-14.drv'","type":105}
@nix {"action":"result","fields":[14,39,8,0],"id":245324236980226,"type":105}
@nix {"action":"result","fields":[0,0,0,0],"id":245324236980227,"type":105}
@nix {"action":"result","fields":[101,0],"id":245324236980225,"type":106}
@nix {"action":"result","fields":[100,0],"id":245324236980225,"type":106}
@nix {"action":"result","fields":[14,40,8,0],"id":245324236980226,"type":105}
@nix {"action":"result","fields":[0,0,0,0],"id":245324236980227,"type":105}
@nix {"action":"result","fields":[101,0],"id":245324236980225,"type":106}
@nix {"action":"result","fields":[100,0],"id":245324236980225,"type":106}
@nix {"action":"result","fields":[14,41,8,0],"id":245324236980226,"type":105}
@nix {"action":"result","fields":[0,0,0,0],"id":245324236980227,"type":105}
@nix {"action":"result","fields":[101,0],"id":245324236980225,"type":106}
@nix {"action":"result","fields":[100,0],"id":245324236980225,"type":106}
@nix {"action":"result","fields":[14,42,8,0],"id":245324236980226,"type":105}
@nix {"action":"result","fields":[0,0,0,0],"id":245324236980227,"type":105}
@nix {"action":"result","fields":[101,0],"id":245324236980225,"type":106}
@nix {"action":"result","fields":[100,0],"id":245324236980225,"type":106}
@nix {"action":"result","fields":[14,43,8,0],"id":245324236980226,"type":105}
@nix {"action":"result","fields":[0,0,0,0],"id":245324236980227,"type":105}
@nix {"action":"result","fields":[101,0],"id":245324236980225,"type":106}
@nix {"action":"result","fields":[100,0],"id":245324236980225,"type":106}
@nix {"action":"result","fields":[14,44,8,0],"id":245324236980226,"type":105}
@nix {"action":"result","fields":[0,0,0,0],"id":245324236980227,"type":105}
@nix {"action":"result","fields":[101,0],"id":245324236980225,"type":106}
@nix {"action":"result","fields":[100,0],"id":245324236980225,"type":106}
@nix {"action":"result","fields":[14,45,8,0],"id":245324236980226,"type":105}
@nix {"action":"result","fields":[0,0,0,0],"id":245324236980227,"type":105}
@nix {"action":"result","fields":[101,0],"id":245324236980225,"type":106}
@nix {"action":"result","fields":[100,0],"id":245324236980225,"type":106}
@nix {"action":"result","fields":[14,46,8,0],"id":245324236980226,"type":105}
@nix {"action":"result","fields":[0,0,0,0],"id":245324236980227,"type":105}
@nix {"action":"result","fields":[101,0],"id":245324236980225,"type":106}
@nix {"action":"result","fields":[100,0],"id":245324236980225,"type":106}
@nix {"action":"result","fields":[15,47,7,0],"id":245324236980226,"type":105}
@nix {"action":"result","fields":[0,0,0,0],"id":245324236980227,"type":105}
@nix {"action":"result","fields":[101,0],"id":245324236980225,"type":106}
@nix {"action":"result","fields":[100,0],"id":245324236980225,"type":106}
@nix {"action":"stop","id":245324236980243}
@nix {"action":"result","fields":[16,48,6,0],"id":245324236980226,"type":105}
@nix {"action":"result","fields":[0,0,0,0],"id":245324236980227,"type":105}
@nix {"action":"result","fields":[101,0],"id":245324236980225,"type":106}
@nix {"action":"result","fields":[100,0],"id":245324236980225,"type":106}
@nix {"action":"stop","id":245324236980244}
@nix {"action":"result","fields":[17,49,5,0],"id":245324236980226,"type":105}
@nix {"action":"result","fields":[0,0,0,0],"id":245324236980227,"type":105}
@nix {"action":"result","fields":[101,0],"id":245324236980225,"type":106}
@nix {"action":"result","fields":[100,0],"id":245324236980225,"type":106}
@nix {"action":"stop","id":245324236980245}
@nix {"action":"result","fields":[18,50,4,0],"id":245324236980226,"type":105}
@nix {"action":"result","fields":[0,0,0,0],"id":245324236980227,"type":105}
@nix {"action":"result","fields":[101,0],"id":245324236980225,"type":106}
@nix {"action":"result","fields":[100,0],"id":245324236980225,"type":106}
@nix {"action":"stop","id":245324236980246}
@nix {"action":"result","fields":[19,51,3,0],"id":245324236980226,"type":105}
@nix {"action":"result","fields":[0,0,0,0],"id":245324236980227,"type":105}
@nix {"action":"result","fields":[101,0],"id":245324236980225,"type":106}
@nix {"action":"result","fields":[100,0],"id":245324236980225,"type":106}
@nix {"action":"stop","id":245324236980247}
@nix {"action":"result","fields":[20,52,2,0],"id":245324236980226,"type":105}
@nix {"action":"result","fields":[0,0,0,0],"id":245324236980227,"type":105}
@nix {"action":"result","fields":[101,0],"id":245324236980225,"type":106}
@nix {"action":"result","fields":[100,0],"id":245324236980225,"type":106}
@nix {"action":"stop","id":245324236980248}
@nix {"action":"result","fields":[21,53,1,0],"id":245324236980226,"type":105}
@nix {"action":"result","fields":[0,0,0,0],"id":245324236980227,"type":105}
@nix {"action":"result","fields":[101,0],"id":245324236980225,"type":106}
@nix {"action":"result","fields":[100,0],"id":245324236980225,"type":106}
@nix {"action":"stop","id":245324236980242}
@nix {"action":"start","fields":["/Users/hetzner/obrador-shared-pins-20260909/round-3-after/wide-round-1-jobs-8/store/d4l5x8iy2lnxbnvj61njjjs92qc1yqnv-leaf-15.drv","",1,1],"id":245324236980250,"level":3,"parent":0,"text":"building '/Users/hetzner/obrador-shared-pins-20260909/round-3-after/wide-round-1-jobs-8/store/d4l5x8iy2lnxbnvj61njjjs92qc1yqnv-leaf-15.drv'","type":105}
@nix {"action":"result","fields":[21,46,2,0],"id":245324236980226,"type":105}
@nix {"action":"result","fields":[0,0,0,0],"id":245324236980227,"type":105}
@nix {"action":"result","fields":[101,0],"id":245324236980225,"type":106}
@nix {"action":"result","fields":[100,0],"id":245324236980225,"type":106}
@nix {"action":"start","fields":["/Users/hetzner/obrador-shared-pins-20260909/round-3-after/wide-round-1-jobs-8/store/7cvbjn7yvkx8gbjbs4ibraff6bv6ilri-leaf-31.drv","",1,1],"id":245324236980251,"level":3,"parent":0,"text":"building '/Users/hetzner/obrador-shared-pins-20260909/round-3-after/wide-round-1-jobs-8/store/7cvbjn7yvkx8gbjbs4ibraff6bv6ilri-leaf-31.drv'","type":105}
@nix {"action":"result","fields":[21,46,3,0],"id":245324236980226,"type":105}
@nix {"action":"result","fields":[0,0,0,0],"id":245324236980227,"type":105}
@nix {"action":"result","fields":[101,0],"id":245324236980225,"type":106}
@nix {"action":"result","fields":[100,0],"id":245324236980225,"type":106}
@nix {"action":"start","fields":["/Users/hetzner/obrador-shared-pins-20260909/round-3-after/wide-round-1-jobs-8/store/7377hnr3qyycrs164nip1r1sn30crlq0-leaf-4.drv","",1,1],"id":245324236980252,"level":3,"parent":0,"text":"building '/Users/hetzner/obrador-shared-pins-20260909/round-3-after/wide-round-1-jobs-8/store/7377hnr3qyycrs164nip1r1sn30crlq0-leaf-4.drv'","type":105}
@nix {"action":"result","fields":[21,46,4,0],"id":245324236980226,"type":105}
@nix {"action":"result","fields":[0,0,0,0],"id":245324236980227,"type":105}
@nix {"action":"result","fields":[101,0],"id":245324236980225,"type":106}
@nix {"action":"result","fields":[100,0],"id":245324236980225,"type":106}
@nix {"action":"start","fields":["/Users/hetzner/obrador-shared-pins-20260909/round-3-after/wide-round-1-jobs-8/store/36dhyibgrpk4y7mvpc3hw1mcn9y7ym9n-leaf-5.drv","",1,1],"id":245324236980253,"level":3,"parent":0,"text":"building '/Users/hetzner/obrador-shared-pins-20260909/round-3-after/wide-round-1-jobs-8/store/36dhyibgrpk4y7mvpc3hw1mcn9y7ym9n-leaf-5.drv'","type":105}
@nix {"action":"result","fields":[21,46,5,0],"id":245324236980226,"type":105}
@nix {"action":"result","fields":[0,0,0,0],"id":245324236980227,"type":105}
@nix {"action":"result","fields":[101,0],"id":245324236980225,"type":106}
@nix {"action":"result","fields":[100,0],"id":245324236980225,"type":106}
@nix {"action":"start","fields":["/Users/hetzner/obrador-shared-pins-20260909/round-3-after/wide-round-1-jobs-8/store/l6xjkjymj18sq4bjbrnva67pyqw9vkng-leaf-6.drv","",1,1],"id":245324236980254,"level":3,"parent":0,"text":"building '/Users/hetzner/obrador-shared-pins-20260909/round-3-after/wide-round-1-jobs-8/store/l6xjkjymj18sq4bjbrnva67pyqw9vkng-leaf-6.drv'","type":105}
@nix {"action":"result","fields":[21,46,6,0],"id":245324236980226,"type":105}
@nix {"action":"result","fields":[0,0,0,0],"id":245324236980227,"type":105}
@nix {"action":"result","fields":[101,0],"id":245324236980225,"type":106}
@nix {"action":"result","fields":[100,0],"id":245324236980225,"type":106}
@nix {"action":"start","fields":["/Users/hetzner/obrador-shared-pins-20260909/round-3-after/wide-round-1-jobs-8/store/fhwqvs3kr0j8r4w2anm31vclk18z2nk2-leaf-7.drv","",1,1],"id":245324236980255,"level":3,"parent":0,"text":"building '/Users/hetzner/obrador-shared-pins-20260909/round-3-after/wide-round-1-jobs-8/store/fhwqvs3kr0j8r4w2anm31vclk18z2nk2-leaf-7.drv'","type":105}
@nix {"action":"result","fields":[21,46,7,0],"id":245324236980226,"type":105}
@nix {"action":"result","fields":[0,0,0,0],"id":245324236980227,"type":105}
@nix {"action":"result","fields":[101,0],"id":245324236980225,"type":106}
@nix {"action":"result","fields":[100,0],"id":245324236980225,"type":106}
@nix {"action":"start","fields":["/Users/hetzner/obrador-shared-pins-20260909/round-3-after/wide-round-1-jobs-8/store/zhjb03qy2h8dv77zfall4kq6gd7d190j-leaf-8.drv","",1,1],"id":245324236980256,"level":3,"parent":0,"text":"building '/Users/hetzner/obrador-shared-pins-20260909/round-3-after/wide-round-1-jobs-8/store/zhjb03qy2h8dv77zfall4kq6gd7d190j-leaf-8.drv'","type":105}
@nix {"action":"result","fields":[21,46,8,0],"id":245324236980226,"type":105}
@nix {"action":"result","fields":[0,0,0,0],"id":245324236980227,"type":105}
@nix {"action":"result","fields":[101,0],"id":245324236980225,"type":106}
@nix {"action":"result","fields":[100,0],"id":245324236980225,"type":106}
@nix {"action":"result","fields":[21,47,8,0],"id":245324236980226,"type":105}
@nix {"action":"result","fields":[0,0,0,0],"id":245324236980227,"type":105}
@nix {"action":"result","fields":[101,0],"id":245324236980225,"type":106}
@nix {"action":"result","fields":[100,0],"id":245324236980225,"type":106}
@nix {"action":"result","fields":[22,48,7,0],"id":245324236980226,"type":105}
@nix {"action":"result","fields":[0,0,0,0],"id":245324236980227,"type":105}
@nix {"action":"result","fields":[101,0],"id":245324236980225,"type":106}
@nix {"action":"result","fields":[100,0],"id":245324236980225,"type":106}
@nix {"action":"stop","id":245324236980249}
@nix {"action":"result","fields":[23,49,6,0],"id":245324236980226,"type":105}
@nix {"action":"result","fields":[0,0,0,0],"id":245324236980227,"type":105}
@nix {"action":"result","fields":[101,0],"id":245324236980225,"type":106}
@nix {"action":"result","fields":[100,0],"id":245324236980225,"type":106}
@nix {"action":"stop","id":245324236980250}
@nix {"action":"result","fields":[24,50,5,0],"id":245324236980226,"type":105}
@nix {"action":"result","fields":[0,0,0,0],"id":245324236980227,"type":105}
@nix {"action":"result","fields":[101,0],"id":245324236980225,"type":106}
@nix {"action":"result","fields":[100,0],"id":245324236980225,"type":106}
@nix {"action":"stop","id":245324236980251}
@nix {"action":"result","fields":[25,51,4,0],"id":245324236980226,"type":105}
@nix {"action":"result","fields":[0,0,0,0],"id":245324236980227,"type":105}
@nix {"action":"result","fields":[101,0],"id":245324236980225,"type":106}
@nix {"action":"result","fields":[100,0],"id":245324236980225,"type":106}
@nix {"action":"stop","id":245324236980252}
@nix {"action":"result","fields":[26,52,3,0],"id":245324236980226,"type":105}
@nix {"action":"result","fields":[0,0,0,0],"id":245324236980227,"type":105}
@nix {"action":"result","fields":[101,0],"id":245324236980225,"type":106}
@nix {"action":"result","fields":[100,0],"id":245324236980225,"type":106}
@nix {"action":"stop","id":245324236980253}
@nix {"action":"result","fields":[27,53,2,0],"id":245324236980226,"type":105}
@nix {"action":"result","fields":[0,0,0,0],"id":245324236980227,"type":105}
@nix {"action":"result","fields":[101,0],"id":245324236980225,"type":106}
@nix {"action":"result","fields":[100,0],"id":245324236980225,"type":106}
@nix {"action":"stop","id":245324236980254}
@nix {"action":"result","fields":[28,54,1,0],"id":245324236980226,"type":105}
@nix {"action":"result","fields":[0,0,0,0],"id":245324236980227,"type":105}
@nix {"action":"result","fields":[101,0],"id":245324236980225,"type":106}
@nix {"action":"result","fields":[100,0],"id":245324236980225,"type":106}
@nix {"action":"stop","id":245324236980255}
@nix {"action":"start","fields":["/Users/hetzner/obrador-shared-pins-20260909/round-3-after/wide-round-1-jobs-8/store/pdhmhz2mqlz33d9z2h1a50lc3w2aa68v-leaf-26.drv.drv","",1,1],"id":245324236980257,"level":3,"parent":0,"text":"building '/Users/hetzner/obrador-shared-pins-20260909/round-3-after/wide-round-1-jobs-8/store/pdhmhz2mqlz33d9z2h1a50lc3w2aa68v-leaf-26.drv.drv'","type":105}
@nix {"action":"result","fields":[28,47,2,0],"id":245324236980226,"type":105}
@nix {"action":"result","fields":[0,0,0,0],"id":245324236980227,"type":105}
@nix {"action":"result","fields":[101,0],"id":245324236980225,"type":106}
@nix {"action":"result","fields":[100,0],"id":245324236980225,"type":106}
@nix {"action":"start","fields":["/Users/hetzner/obrador-shared-pins-20260909/round-3-after/wide-round-1-jobs-8/store/lhb3hy3xca8zsi6xax6p6g461lvs1468-leaf-27.drv.drv","",1,1],"id":245324236980258,"level":3,"parent":0,"text":"building '/Users/hetzner/obrador-shared-pins-20260909/round-3-after/wide-round-1-jobs-8/store/lhb3hy3xca8zsi6xax6p6g461lvs1468-leaf-27.drv.drv'","type":105}
@nix {"action":"result","fields":[28,47,3,0],"id":245324236980226,"type":105}
@nix {"action":"result","fields":[0,0,0,0],"id":245324236980227,"type":105}
@nix {"action":"result","fields":[101,0],"id":245324236980225,"type":106}
@nix {"action":"result","fields":[100,0],"id":245324236980225,"type":106}
@nix {"action":"start","fields":["/Users/hetzner/obrador-shared-pins-20260909/round-3-after/wide-round-1-jobs-8/store/g1dsbh84fzvbyis18xccp7c07g1llila-leaf-28.drv.drv","",1,1],"id":245324236980259,"level":3,"parent":0,"text":"building '/Users/hetzner/obrador-shared-pins-20260909/round-3-after/wide-round-1-jobs-8/store/g1dsbh84fzvbyis18xccp7c07g1llila-leaf-28.drv.drv'","type":105}
@nix {"action":"result","fields":[28,47,4,0],"id":245324236980226,"type":105}
@nix {"action":"result","fields":[0,0,0,0],"id":245324236980227,"type":105}
@nix {"action":"result","fields":[101,0],"id":245324236980225,"type":106}
@nix {"action":"result","fields":[100,0],"id":245324236980225,"type":106}
@nix {"action":"start","fields":["/Users/hetzner/obrador-shared-pins-20260909/round-3-after/wide-round-1-jobs-8/store/0rn9yh4y1xfc8f2psnz4vkg8d28flyhs-leaf-29.drv.drv","",1,1],"id":245324236980260,"level":3,"parent":0,"text":"building '/Users/hetzner/obrador-shared-pins-20260909/round-3-after/wide-round-1-jobs-8/store/0rn9yh4y1xfc8f2psnz4vkg8d28flyhs-leaf-29.drv.drv'","type":105}
@nix {"action":"result","fields":[28,47,5,0],"id":245324236980226,"type":105}
@nix {"action":"result","fields":[0,0,0,0],"id":245324236980227,"type":105}
@nix {"action":"result","fields":[101,0],"id":245324236980225,"type":106}
@nix {"action":"result","fields":[100,0],"id":245324236980225,"type":106}
@nix {"action":"start","fields":["/Users/hetzner/obrador-shared-pins-20260909/round-3-after/wide-round-1-jobs-8/store/i7kb36jlkg6bag59vb4vwfsy3wx4ac1l-leaf-3.drv.drv","",1,1],"id":245324236980261,"level":3,"parent":0,"text":"building '/Users/hetzner/obrador-shared-pins-20260909/round-3-after/wide-round-1-jobs-8/store/i7kb36jlkg6bag59vb4vwfsy3wx4ac1l-leaf-3.drv.drv'","type":105}
@nix {"action":"result","fields":[28,47,6,0],"id":245324236980226,"type":105}
@nix {"action":"result","fields":[0,0,0,0],"id":245324236980227,"type":105}
@nix {"action":"result","fields":[101,0],"id":245324236980225,"type":106}
@nix {"action":"result","fields":[100,0],"id":245324236980225,"type":106}
@nix {"action":"start","fields":["/Users/hetzner/obrador-shared-pins-20260909/round-3-after/wide-round-1-jobs-8/store/svr26dvh4739hmcib2psdsrxak0f89xw-leaf-30.drv.drv","",1,1],"id":245324236980262,"level":3,"parent":0,"text":"building '/Users/hetzner/obrador-shared-pins-20260909/round-3-after/wide-round-1-jobs-8/store/svr26dvh4739hmcib2psdsrxak0f89xw-leaf-30.drv.drv'","type":105}
@nix {"action":"result","fields":[28,47,7,0],"id":245324236980226,"type":105}
@nix {"action":"result","fields":[0,0,0,0],"id":245324236980227,"type":105}
@nix {"action":"result","fields":[101,0],"id":245324236980225,"type":106}
@nix {"action":"result","fields":[100,0],"id":245324236980225,"type":106}
@nix {"action":"start","fields":["/Users/hetzner/obrador-shared-pins-20260909/round-3-after/wide-round-1-jobs-8/store/8z3chicqkpcqkbjik7fjg15ni0n4zd63-leaf-9.drv","",1,1],"id":245324236980263,"level":3,"parent":0,"text":"building '/Users/hetzner/obrador-shared-pins-20260909/round-3-after/wide-round-1-jobs-8/store/8z3chicqkpcqkbjik7fjg15ni0n4zd63-leaf-9.drv'","type":105}
@nix {"action":"result","fields":[28,47,8,0],"id":245324236980226,"type":105}
@nix {"action":"result","fields":[0,0,0,0],"id":245324236980227,"type":105}
@nix {"action":"result","fields":[101,0],"id":245324236980225,"type":106}
@nix {"action":"result","fields":[100,0],"id":245324236980225,"type":106}
@nix {"action":"result","fields":[29,48,7,0],"id":245324236980226,"type":105}
@nix {"action":"result","fields":[0,0,0,0],"id":245324236980227,"type":105}
@nix {"action":"result","fields":[101,0],"id":245324236980225,"type":106}
@nix {"action":"result","fields":[100,0],"id":245324236980225,"type":106}
@nix {"action":"stop","id":245324236980257}
@nix {"action":"result","fields":[30,49,6,0],"id":245324236980226,"type":105}
@nix {"action":"result","fields":[0,0,0,0],"id":245324236980227,"type":105}
@nix {"action":"result","fields":[101,0],"id":245324236980225,"type":106}
@nix {"action":"result","fields":[100,0],"id":245324236980225,"type":106}
@nix {"action":"stop","id":245324236980258}
@nix {"action":"result","fields":[31,50,5,0],"id":245324236980226,"type":105}
@nix {"action":"result","fields":[0,0,0,0],"id":245324236980227,"type":105}
@nix {"action":"result","fields":[101,0],"id":245324236980225,"type":106}
@nix {"action":"result","fields":[100,0],"id":245324236980225,"type":106}
@nix {"action":"stop","id":245324236980259}
@nix {"action":"result","fields":[32,51,4,0],"id":245324236980226,"type":105}
@nix {"action":"result","fields":[0,0,0,0],"id":245324236980227,"type":105}
@nix {"action":"result","fields":[101,0],"id":245324236980225,"type":106}
@nix {"action":"result","fields":[100,0],"id":245324236980225,"type":106}
@nix {"action":"stop","id":245324236980260}
@nix {"action":"result","fields":[33,52,3,0],"id":245324236980226,"type":105}
@nix {"action":"result","fields":[0,0,0,0],"id":245324236980227,"type":105}
@nix {"action":"result","fields":[101,0],"id":245324236980225,"type":106}
@nix {"action":"result","fields":[100,0],"id":245324236980225,"type":106}
@nix {"action":"stop","id":245324236980261}
@nix {"action":"result","fields":[34,53,2,0],"id":245324236980226,"type":105}
@nix {"action":"result","fields":[0,0,0,0],"id":245324236980227,"type":105}
@nix {"action":"result","fields":[101,0],"id":245324236980225,"type":106}
@nix {"action":"result","fields":[100,0],"id":245324236980225,"type":106}
@nix {"action":"stop","id":245324236980262}
@nix {"action":"result","fields":[35,54,1,0],"id":245324236980226,"type":105}
@nix {"action":"result","fields":[0,0,0,0],"id":245324236980227,"type":105}
@nix {"action":"result","fields":[101,0],"id":245324236980225,"type":106}
@nix {"action":"result","fields":[100,0],"id":245324236980225,"type":106}
@nix {"action":"stop","id":245324236980256}
@nix {"action":"start","fields":["/Users/hetzner/obrador-shared-pins-20260909/round-3-after/wide-round-1-jobs-8/store/4wicma6x8dfx50b4r69hzvcqmvd0mmya-leaf-16.drv.drv","",1,1],"id":245324236980264,"level":3,"parent":0,"text":"building '/Users/hetzner/obrador-shared-pins-20260909/round-3-after/wide-round-1-jobs-8/store/4wicma6x8dfx50b4r69hzvcqmvd0mmya-leaf-16.drv.drv'","type":105}
@nix {"action":"result","fields":[35,47,2,0],"id":245324236980226,"type":105}
@nix {"action":"result","fields":[0,0,0,0],"id":245324236980227,"type":105}
@nix {"action":"result","fields":[101,0],"id":245324236980225,"type":106}
@nix {"action":"result","fields":[100,0],"id":245324236980225,"type":106}
@nix {"action":"start","fields":["/Users/hetzner/obrador-shared-pins-20260909/round-3-after/wide-round-1-jobs-8/store/vimgwrkv9b1crfd3as337d15safyf3np-leaf-17.drv.drv","",1,1],"id":245324236980265,"level":3,"parent":0,"text":"building '/Users/hetzner/obrador-shared-pins-20260909/round-3-after/wide-round-1-jobs-8/store/vimgwrkv9b1crfd3as337d15safyf3np-leaf-17.drv.drv'","type":105}
@nix {"action":"result","fields":[35,47,3,0],"id":245324236980226,"type":105}
@nix {"action":"result","fields":[0,0,0,0],"id":245324236980227,"type":105}
@nix {"action":"result","fields":[101,0],"id":245324236980225,"type":106}
@nix {"action":"result","fields":[100,0],"id":245324236980225,"type":106}
@nix {"action":"start","fields":["/Users/hetzner/obrador-shared-pins-20260909/round-3-after/wide-round-1-jobs-8/store/9vydcf4z73qjc3ci5acpy2agrg53yvai-leaf-18.drv.drv","",1,1],"id":245324236980266,"level":3,"parent":0,"text":"building '/Users/hetzner/obrador-shared-pins-20260909/round-3-after/wide-round-1-jobs-8/store/9vydcf4z73qjc3ci5acpy2agrg53yvai-leaf-18.drv.drv'","type":105}
@nix {"action":"result","fields":[35,47,4,0],"id":245324236980226,"type":105}
@nix {"action":"result","fields":[0,0,0,0],"id":245324236980227,"type":105}
@nix {"action":"result","fields":[101,0],"id":245324236980225,"type":106}
@nix {"action":"result","fields":[100,0],"id":245324236980225,"type":106}
@nix {"action":"start","fields":["/Users/hetzner/obrador-shared-pins-20260909/round-3-after/wide-round-1-jobs-8/store/5b4334xn3nqwqa15z2ch8am49bf0fci6-leaf-22.drv.drv","",1,1],"id":245324236980267,"level":3,"parent":0,"text":"building '/Users/hetzner/obrador-shared-pins-20260909/round-3-after/wide-round-1-jobs-8/store/5b4334xn3nqwqa15z2ch8am49bf0fci6-leaf-22.drv.drv'","type":105}
@nix {"action":"result","fields":[35,47,5,0],"id":245324236980226,"type":105}
@nix {"action":"result","fields":[0,0,0,0],"id":245324236980227,"type":105}
@nix {"action":"result","fields":[101,0],"id":245324236980225,"type":106}
@nix {"action":"result","fields":[100,0],"id":245324236980225,"type":106}
@nix {"action":"start","fields":["/Users/hetzner/obrador-shared-pins-20260909/round-3-after/wide-round-1-jobs-8/store/zqgdbwa72haxr5xgjwizwmil6js3cpsi-leaf-23.drv.drv","",1,1],"id":245324236980268,"level":3,"parent":0,"text":"building '/Users/hetzner/obrador-shared-pins-20260909/round-3-after/wide-round-1-jobs-8/store/zqgdbwa72haxr5xgjwizwmil6js3cpsi-leaf-23.drv.drv'","type":105}
@nix {"action":"result","fields":[35,47,6,0],"id":245324236980226,"type":105}
@nix {"action":"result","fields":[0,0,0,0],"id":245324236980227,"type":105}
@nix {"action":"result","fields":[101,0],"id":245324236980225,"type":106}
@nix {"action":"result","fields":[100,0],"id":245324236980225,"type":106}
@nix {"action":"start","fields":["/Users/hetzner/obrador-shared-pins-20260909/round-3-after/wide-round-1-jobs-8/store/incsgnar9x56mar2plhizs8lgpmy9haw-leaf-24.drv.drv","",1,1],"id":245324236980269,"level":3,"parent":0,"text":"building '/Users/hetzner/obrador-shared-pins-20260909/round-3-after/wide-round-1-jobs-8/store/incsgnar9x56mar2plhizs8lgpmy9haw-leaf-24.drv.drv'","type":105}
@nix {"action":"result","fields":[35,47,7,0],"id":245324236980226,"type":105}
@nix {"action":"result","fields":[0,0,0,0],"id":245324236980227,"type":105}
@nix {"action":"result","fields":[101,0],"id":245324236980225,"type":106}
@nix {"action":"result","fields":[100,0],"id":245324236980225,"type":106}
@nix {"action":"start","fields":["/Users/hetzner/obrador-shared-pins-20260909/round-3-after/wide-round-1-jobs-8/store/kbmyg0lj2i56r7saff0jfy2smzkw69zi-leaf-25.drv.drv","",1,1],"id":245324236980270,"level":3,"parent":0,"text":"building '/Users/hetzner/obrador-shared-pins-20260909/round-3-after/wide-round-1-jobs-8/store/kbmyg0lj2i56r7saff0jfy2smzkw69zi-leaf-25.drv.drv'","type":105}
@nix {"action":"result","fields":[35,47,8,0],"id":245324236980226,"type":105}
@nix {"action":"result","fields":[0,0,0,0],"id":245324236980227,"type":105}
@nix {"action":"result","fields":[101,0],"id":245324236980225,"type":106}
@nix {"action":"result","fields":[100,0],"id":245324236980225,"type":106}
@nix {"action":"result","fields":[35,48,8,0],"id":245324236980226,"type":105}
@nix {"action":"result","fields":[0,0,0,0],"id":245324236980227,"type":105}
@nix {"action":"result","fields":[101,0],"id":245324236980225,"type":106}
@nix {"action":"result","fields":[100,0],"id":245324236980225,"type":106}
@nix {"action":"result","fields":[35,49,8,0],"id":245324236980226,"type":105}
@nix {"action":"result","fields":[0,0,0,0],"id":245324236980227,"type":105}
@nix {"action":"result","fields":[101,0],"id":245324236980225,"type":106}
@nix {"action":"result","fields":[100,0],"id":245324236980225,"type":106}
@nix {"action":"result","fields":[35,50,8,0],"id":245324236980226,"type":105}
@nix {"action":"result","fields":[0,0,0,0],"id":245324236980227,"type":105}
@nix {"action":"result","fields":[101,0],"id":245324236980225,"type":106}
@nix {"action":"result","fields":[100,0],"id":245324236980225,"type":106}
@nix {"action":"result","fields":[35,51,8,0],"id":245324236980226,"type":105}
@nix {"action":"result","fields":[0,0,0,0],"id":245324236980227,"type":105}
@nix {"action":"result","fields":[101,0],"id":245324236980225,"type":106}
@nix {"action":"result","fields":[100,0],"id":245324236980225,"type":106}
@nix {"action":"result","fields":[35,52,8,0],"id":245324236980226,"type":105}
@nix {"action":"result","fields":[0,0,0,0],"id":245324236980227,"type":105}
@nix {"action":"result","fields":[101,0],"id":245324236980225,"type":106}
@nix {"action":"result","fields":[100,0],"id":245324236980225,"type":106}
@nix {"action":"result","fields":[35,53,8,0],"id":245324236980226,"type":105}
@nix {"action":"result","fields":[0,0,0,0],"id":245324236980227,"type":105}
@nix {"action":"result","fields":[101,0],"id":245324236980225,"type":106}
@nix {"action":"result","fields":[100,0],"id":245324236980225,"type":106}
@nix {"action":"result","fields":[36,54,7,0],"id":245324236980226,"type":105}
@nix {"action":"result","fields":[0,0,0,0],"id":245324236980227,"type":105}
@nix {"action":"result","fields":[101,0],"id":245324236980225,"type":106}
@nix {"action":"result","fields":[100,0],"id":245324236980225,"type":106}
@nix {"action":"stop","id":245324236980264}
@nix {"action":"result","fields":[37,55,6,0],"id":245324236980226,"type":105}
@nix {"action":"result","fields":[0,0,0,0],"id":245324236980227,"type":105}
@nix {"action":"result","fields":[101,0],"id":245324236980225,"type":106}
@nix {"action":"result","fields":[100,0],"id":245324236980225,"type":106}
@nix {"action":"stop","id":245324236980265}
@nix {"action":"result","fields":[38,56,5,0],"id":245324236980226,"type":105}
@nix {"action":"result","fields":[0,0,0,0],"id":245324236980227,"type":105}
@nix {"action":"result","fields":[101,0],"id":245324236980225,"type":106}
@nix {"action":"result","fields":[100,0],"id":245324236980225,"type":106}
@nix {"action":"stop","id":245324236980266}
@nix {"action":"result","fields":[39,57,4,0],"id":245324236980226,"type":105}
@nix {"action":"result","fields":[0,0,0,0],"id":245324236980227,"type":105}
@nix {"action":"result","fields":[101,0],"id":245324236980225,"type":106}
@nix {"action":"result","fields":[100,0],"id":245324236980225,"type":106}
@nix {"action":"stop","id":245324236980267}
@nix {"action":"result","fields":[40,58,3,0],"id":245324236980226,"type":105}
@nix {"action":"result","fields":[0,0,0,0],"id":245324236980227,"type":105}
@nix {"action":"result","fields":[101,0],"id":245324236980225,"type":106}
@nix {"action":"result","fields":[100,0],"id":245324236980225,"type":106}
@nix {"action":"stop","id":245324236980268}
@nix {"action":"result","fields":[41,59,2,0],"id":245324236980226,"type":105}
@nix {"action":"result","fields":[0,0,0,0],"id":245324236980227,"type":105}
@nix {"action":"result","fields":[101,0],"id":245324236980225,"type":106}
@nix {"action":"result","fields":[100,0],"id":245324236980225,"type":106}
@nix {"action":"stop","id":245324236980269}
@nix {"action":"result","fields":[42,60,1,0],"id":245324236980226,"type":105}
@nix {"action":"result","fields":[0,0,0,0],"id":245324236980227,"type":105}
@nix {"action":"result","fields":[101,0],"id":245324236980225,"type":106}
@nix {"action":"result","fields":[100,0],"id":245324236980225,"type":106}
@nix {"action":"stop","id":245324236980263}
@nix {"action":"start","fields":["/Users/hetzner/obrador-shared-pins-20260909/round-3-after/wide-round-1-jobs-8/store/qvb9naz0mnyy2ksv2y67f0wnbrm0rsv7-leaf-19.drv.drv","",1,1],"id":245324236980271,"level":3,"parent":0,"text":"building '/Users/hetzner/obrador-shared-pins-20260909/round-3-after/wide-round-1-jobs-8/store/qvb9naz0mnyy2ksv2y67f0wnbrm0rsv7-leaf-19.drv.drv'","type":105}
@nix {"action":"result","fields":[42,53,2,0],"id":245324236980226,"type":105}
@nix {"action":"result","fields":[0,0,0,0],"id":245324236980227,"type":105}
@nix {"action":"result","fields":[101,0],"id":245324236980225,"type":106}
@nix {"action":"result","fields":[100,0],"id":245324236980225,"type":106}
@nix {"action":"start","fields":["/Users/hetzner/obrador-shared-pins-20260909/round-3-after/wide-round-1-jobs-8/store/2jfq80q61x0f8jzspc0m56lsxwygn4m9-leaf-26.drv","",1,1],"id":245324236980272,"level":3,"parent":0,"text":"building '/Users/hetzner/obrador-shared-pins-20260909/round-3-after/wide-round-1-jobs-8/store/2jfq80q61x0f8jzspc0m56lsxwygn4m9-leaf-26.drv'","type":105}
@nix {"action":"result","fields":[42,53,3,0],"id":245324236980226,"type":105}
@nix {"action":"result","fields":[0,0,0,0],"id":245324236980227,"type":105}
@nix {"action":"result","fields":[101,0],"id":245324236980225,"type":106}
@nix {"action":"result","fields":[100,0],"id":245324236980225,"type":106}
@nix {"action":"start","fields":["/Users/hetzner/obrador-shared-pins-20260909/round-3-after/wide-round-1-jobs-8/store/n40vwc0a7gail5m1by5dvfx87lclq6cf-leaf-27.drv","",1,1],"id":245324236980273,"level":3,"parent":0,"text":"building '/Users/hetzner/obrador-shared-pins-20260909/round-3-after/wide-round-1-jobs-8/store/n40vwc0a7gail5m1by5dvfx87lclq6cf-leaf-27.drv'","type":105}
@nix {"action":"result","fields":[42,53,4,0],"id":245324236980226,"type":105}
@nix {"action":"result","fields":[0,0,0,0],"id":245324236980227,"type":105}
@nix {"action":"result","fields":[101,0],"id":245324236980225,"type":106}
@nix {"action":"result","fields":[100,0],"id":245324236980225,"type":106}
@nix {"action":"start","fields":["/Users/hetzner/obrador-shared-pins-20260909/round-3-after/wide-round-1-jobs-8/store/xdycgj3w9hm5qg3fsgrqydf5hkfzrqrq-leaf-28.drv","",1,1],"id":245324236980274,"level":3,"parent":0,"text":"building '/Users/hetzner/obrador-shared-pins-20260909/round-3-after/wide-round-1-jobs-8/store/xdycgj3w9hm5qg3fsgrqydf5hkfzrqrq-leaf-28.drv'","type":105}
@nix {"action":"result","fields":[42,53,5,0],"id":245324236980226,"type":105}
@nix {"action":"result","fields":[0,0,0,0],"id":245324236980227,"type":105}
@nix {"action":"result","fields":[101,0],"id":245324236980225,"type":106}
@nix {"action":"result","fields":[100,0],"id":245324236980225,"type":106}
@nix {"action":"start","fields":["/Users/hetzner/obrador-shared-pins-20260909/round-3-after/wide-round-1-jobs-8/store/s7nrxj24bsypq4c7wgja3qphah4s2fd8-leaf-29.drv","",1,1],"id":245324236980275,"level":3,"parent":0,"text":"building '/Users/hetzner/obrador-shared-pins-20260909/round-3-after/wide-round-1-jobs-8/store/s7nrxj24bsypq4c7wgja3qphah4s2fd8-leaf-29.drv'","type":105}
@nix {"action":"result","fields":[42,53,6,0],"id":245324236980226,"type":105}
@nix {"action":"result","fields":[0,0,0,0],"id":245324236980227,"type":105}
@nix {"action":"result","fields":[101,0],"id":245324236980225,"type":106}
@nix {"action":"result","fields":[100,0],"id":245324236980225,"type":106}
@nix {"action":"start","fields":["/Users/hetzner/obrador-shared-pins-20260909/round-3-after/wide-round-1-jobs-8/store/i5s8xw819naz1yr0jp28aszbqp5z1qm5-leaf-3.drv","",1,1],"id":245324236980276,"level":3,"parent":0,"text":"building '/Users/hetzner/obrador-shared-pins-20260909/round-3-after/wide-round-1-jobs-8/store/i5s8xw819naz1yr0jp28aszbqp5z1qm5-leaf-3.drv'","type":105}
@nix {"action":"result","fields":[42,53,7,0],"id":245324236980226,"type":105}
@nix {"action":"result","fields":[0,0,0,0],"id":245324236980227,"type":105}
@nix {"action":"result","fields":[101,0],"id":245324236980225,"type":106}
@nix {"action":"result","fields":[100,0],"id":245324236980225,"type":106}
@nix {"action":"start","fields":["/Users/hetzner/obrador-shared-pins-20260909/round-3-after/wide-round-1-jobs-8/store/pms8sl87yjkikih3rsq785na0h6bw7za-leaf-30.drv","",1,1],"id":245324236980277,"level":3,"parent":0,"text":"building '/Users/hetzner/obrador-shared-pins-20260909/round-3-after/wide-round-1-jobs-8/store/pms8sl87yjkikih3rsq785na0h6bw7za-leaf-30.drv'","type":105}
@nix {"action":"result","fields":[42,53,8,0],"id":245324236980226,"type":105}
@nix {"action":"result","fields":[0,0,0,0],"id":245324236980227,"type":105}
@nix {"action":"result","fields":[101,0],"id":245324236980225,"type":106}
@nix {"action":"result","fields":[100,0],"id":245324236980225,"type":106}
@nix {"action":"result","fields":[42,54,8,0],"id":245324236980226,"type":105}
@nix {"action":"result","fields":[0,0,0,0],"id":245324236980227,"type":105}
@nix {"action":"result","fields":[101,0],"id":245324236980225,"type":106}
@nix {"action":"result","fields":[100,0],"id":245324236980225,"type":106}
@nix {"action":"result","fields":[42,55,8,0],"id":245324236980226,"type":105}
@nix {"action":"result","fields":[0,0,0,0],"id":245324236980227,"type":105}
@nix {"action":"result","fields":[101,0],"id":245324236980225,"type":106}
@nix {"action":"result","fields":[100,0],"id":245324236980225,"type":106}
@nix {"action":"result","fields":[42,56,8,0],"id":245324236980226,"type":105}
@nix {"action":"result","fields":[0,0,0,0],"id":245324236980227,"type":105}
@nix {"action":"result","fields":[101,0],"id":245324236980225,"type":106}
@nix {"action":"result","fields":[100,0],"id":245324236980225,"type":106}
@nix {"action":"result","fields":[42,57,8,0],"id":245324236980226,"type":105}
@nix {"action":"result","fields":[0,0,0,0],"id":245324236980227,"type":105}
@nix {"action":"result","fields":[101,0],"id":245324236980225,"type":106}
@nix {"action":"result","fields":[100,0],"id":245324236980225,"type":106}
@nix {"action":"result","fields":[42,58,8,0],"id":245324236980226,"type":105}
@nix {"action":"result","fields":[0,0,0,0],"id":245324236980227,"type":105}
@nix {"action":"result","fields":[101,0],"id":245324236980225,"type":106}
@nix {"action":"result","fields":[100,0],"id":245324236980225,"type":106}
@nix {"action":"result","fields":[42,59,8,0],"id":245324236980226,"type":105}
@nix {"action":"result","fields":[0,0,0,0],"id":245324236980227,"type":105}
@nix {"action":"result","fields":[101,0],"id":245324236980225,"type":106}
@nix {"action":"result","fields":[100,0],"id":245324236980225,"type":106}
@nix {"action":"result","fields":[43,60,7,0],"id":245324236980226,"type":105}
@nix {"action":"result","fields":[0,0,0,0],"id":245324236980227,"type":105}
@nix {"action":"result","fields":[101,0],"id":245324236980225,"type":106}
@nix {"action":"result","fields":[100,0],"id":245324236980225,"type":106}
@nix {"action":"stop","id":245324236980271}
@nix {"action":"result","fields":[44,61,6,0],"id":245324236980226,"type":105}
@nix {"action":"result","fields":[0,0,0,0],"id":245324236980227,"type":105}
@nix {"action":"result","fields":[101,0],"id":245324236980225,"type":106}
@nix {"action":"result","fields":[100,0],"id":245324236980225,"type":106}
@nix {"action":"stop","id":245324236980270}
@nix {"action":"result","fields":[45,62,5,0],"id":245324236980226,"type":105}
@nix {"action":"result","fields":[0,0,0,0],"id":245324236980227,"type":105}
@nix {"action":"result","fields":[101,0],"id":245324236980225,"type":106}
@nix {"action":"result","fields":[100,0],"id":245324236980225,"type":106}
@nix {"action":"stop","id":245324236980272}
@nix {"action":"result","fields":[46,63,4,0],"id":245324236980226,"type":105}
@nix {"action":"result","fields":[0,0,0,0],"id":245324236980227,"type":105}
@nix {"action":"result","fields":[101,0],"id":245324236980225,"type":106}
@nix {"action":"result","fields":[100,0],"id":245324236980225,"type":106}
@nix {"action":"stop","id":245324236980273}
@nix {"action":"result","fields":[47,64,3,0],"id":245324236980226,"type":105}
@nix {"action":"result","fields":[0,0,0,0],"id":245324236980227,"type":105}
@nix {"action":"result","fields":[101,0],"id":245324236980225,"type":106}
@nix {"action":"result","fields":[100,0],"id":245324236980225,"type":106}
@nix {"action":"stop","id":245324236980274}
@nix {"action":"result","fields":[48,65,2,0],"id":245324236980226,"type":105}
@nix {"action":"result","fields":[0,0,0,0],"id":245324236980227,"type":105}
@nix {"action":"result","fields":[101,0],"id":245324236980225,"type":106}
@nix {"action":"result","fields":[100,0],"id":245324236980225,"type":106}
@nix {"action":"stop","id":245324236980275}
@nix {"action":"result","fields":[49,66,1,0],"id":245324236980226,"type":105}
@nix {"action":"result","fields":[0,0,0,0],"id":245324236980227,"type":105}
@nix {"action":"result","fields":[101,0],"id":245324236980225,"type":106}
@nix {"action":"result","fields":[100,0],"id":245324236980225,"type":106}
@nix {"action":"stop","id":245324236980276}
@nix {"action":"start","fields":["/Users/hetzner/obrador-shared-pins-20260909/round-3-after/wide-round-1-jobs-8/store/3aswxcjpmk6i5ffr2rfcxg1px5rfbz00-leaf-16.drv","",1,1],"id":245324236980278,"level":3,"parent":0,"text":"building '/Users/hetzner/obrador-shared-pins-20260909/round-3-after/wide-round-1-jobs-8/store/3aswxcjpmk6i5ffr2rfcxg1px5rfbz00-leaf-16.drv'","type":105}
@nix {"action":"result","fields":[49,59,2,0],"id":245324236980226,"type":105}
@nix {"action":"result","fields":[0,0,0,0],"id":245324236980227,"type":105}
@nix {"action":"result","fields":[101,0],"id":245324236980225,"type":106}
@nix {"action":"result","fields":[100,0],"id":245324236980225,"type":106}
@nix {"action":"start","fields":["/Users/hetzner/obrador-shared-pins-20260909/round-3-after/wide-round-1-jobs-8/store/iwjkpdqqk348jbgkgmcyiqjbn14ql4bq-leaf-17.drv","",1,1],"id":245324236980279,"level":3,"parent":0,"text":"building '/Users/hetzner/obrador-shared-pins-20260909/round-3-after/wide-round-1-jobs-8/store/iwjkpdqqk348jbgkgmcyiqjbn14ql4bq-leaf-17.drv'","type":105}
@nix {"action":"result","fields":[49,59,3,0],"id":245324236980226,"type":105}
@nix {"action":"result","fields":[0,0,0,0],"id":245324236980227,"type":105}
@nix {"action":"result","fields":[101,0],"id":245324236980225,"type":106}
@nix {"action":"result","fields":[100,0],"id":245324236980225,"type":106}
@nix {"action":"start","fields":["/Users/hetzner/obrador-shared-pins-20260909/round-3-after/wide-round-1-jobs-8/store/yhl0vwbvg6k39ns637dz69aywbnqz3hs-leaf-18.drv","",1,1],"id":245324236980280,"level":3,"parent":0,"text":"building '/Users/hetzner/obrador-shared-pins-20260909/round-3-after/wide-round-1-jobs-8/store/yhl0vwbvg6k39ns637dz69aywbnqz3hs-leaf-18.drv'","type":105}
@nix {"action":"result","fields":[49,59,4,0],"id":245324236980226,"type":105}
@nix {"action":"result","fields":[0,0,0,0],"id":245324236980227,"type":105}
@nix {"action":"result","fields":[101,0],"id":245324236980225,"type":106}
@nix {"action":"result","fields":[100,0],"id":245324236980225,"type":106}
@nix {"action":"start","fields":["/Users/hetzner/obrador-shared-pins-20260909/round-3-after/wide-round-1-jobs-8/store/b3q2f16my8l0rpznx05c7xjp16mm3a89-leaf-2.drv.drv","",1,1],"id":245324236980281,"level":3,"parent":0,"text":"building '/Users/hetzner/obrador-shared-pins-20260909/round-3-after/wide-round-1-jobs-8/store/b3q2f16my8l0rpznx05c7xjp16mm3a89-leaf-2.drv.drv'","type":105}
@nix {"action":"result","fields":[49,59,5,0],"id":245324236980226,"type":105}
@nix {"action":"result","fields":[0,0,0,0],"id":245324236980227,"type":105}
@nix {"action":"result","fields":[101,0],"id":245324236980225,"type":106}
@nix {"action":"result","fields":[100,0],"id":245324236980225,"type":106}
@nix {"action":"start","fields":["/Users/hetzner/obrador-shared-pins-20260909/round-3-after/wide-round-1-jobs-8/store/f2brccf86pca0zwf9f7ax97aijdfssqi-leaf-22.drv","",1,1],"id":245324236980282,"level":3,"parent":0,"text":"building '/Users/hetzner/obrador-shared-pins-20260909/round-3-after/wide-round-1-jobs-8/store/f2brccf86pca0zwf9f7ax97aijdfssqi-leaf-22.drv'","type":105}
@nix {"action":"result","fields":[49,59,6,0],"id":245324236980226,"type":105}
@nix {"action":"result","fields":[0,0,0,0],"id":245324236980227,"type":105}
@nix {"action":"result","fields":[101,0],"id":245324236980225,"type":106}
@nix {"action":"result","fields":[100,0],"id":245324236980225,"type":106}
@nix {"action":"start","fields":["/Users/hetzner/obrador-shared-pins-20260909/round-3-after/wide-round-1-jobs-8/store/hc0df79azsc4glzm40f79yhbmagi5qhv-leaf-23.drv","",1,1],"id":245324236980283,"level":3,"parent":0,"text":"building '/Users/hetzner/obrador-shared-pins-20260909/round-3-after/wide-round-1-jobs-8/store/hc0df79azsc4glzm40f79yhbmagi5qhv-leaf-23.drv'","type":105}
@nix {"action":"result","fields":[49,59,7,0],"id":245324236980226,"type":105}
@nix {"action":"result","fields":[0,0,0,0],"id":245324236980227,"type":105}
@nix {"action":"result","fields":[101,0],"id":245324236980225,"type":106}
@nix {"action":"result","fields":[100,0],"id":245324236980225,"type":106}
@nix {"action":"start","fields":["/Users/hetzner/obrador-shared-pins-20260909/round-3-after/wide-round-1-jobs-8/store/4w7hsm08bdbr04h4srxn12hjyin20frr-leaf-24.drv","",1,1],"id":245324236980284,"level":3,"parent":0,"text":"building '/Users/hetzner/obrador-shared-pins-20260909/round-3-after/wide-round-1-jobs-8/store/4w7hsm08bdbr04h4srxn12hjyin20frr-leaf-24.drv'","type":105}
@nix {"action":"result","fields":[49,59,8,0],"id":245324236980226,"type":105}
@nix {"action":"result","fields":[0,0,0,0],"id":245324236980227,"type":105}
@nix {"action":"result","fields":[101,0],"id":245324236980225,"type":106}
@nix {"action":"result","fields":[100,0],"id":245324236980225,"type":106}
@nix {"action":"result","fields":[49,60,8,0],"id":245324236980226,"type":105}
@nix {"action":"result","fields":[0,0,0,0],"id":245324236980227,"type":105}
@nix {"action":"result","fields":[101,0],"id":245324236980225,"type":106}
@nix {"action":"result","fields":[100,0],"id":245324236980225,"type":106}
@nix {"action":"result","fields":[49,61,8,0],"id":245324236980226,"type":105}
@nix {"action":"result","fields":[0,0,0,0],"id":245324236980227,"type":105}
@nix {"action":"result","fields":[101,0],"id":245324236980225,"type":106}
@nix {"action":"result","fields":[100,0],"id":245324236980225,"type":106}
@nix {"action":"result","fields":[50,62,7,0],"id":245324236980226,"type":105}
@nix {"action":"result","fields":[0,0,0,0],"id":245324236980227,"type":105}
@nix {"action":"result","fields":[101,0],"id":245324236980225,"type":106}
@nix {"action":"result","fields":[100,0],"id":245324236980225,"type":106}
@nix {"action":"stop","id":245324236980278}
@nix {"action":"result","fields":[51,63,6,0],"id":245324236980226,"type":105}
@nix {"action":"result","fields":[0,0,0,0],"id":245324236980227,"type":105}
@nix {"action":"result","fields":[101,0],"id":245324236980225,"type":106}
@nix {"action":"result","fields":[100,0],"id":245324236980225,"type":106}
@nix {"action":"stop","id":245324236980279}
@nix {"action":"result","fields":[52,64,5,0],"id":245324236980226,"type":105}
@nix {"action":"result","fields":[0,0,0,0],"id":245324236980227,"type":105}
@nix {"action":"result","fields":[101,0],"id":245324236980225,"type":106}
@nix {"action":"result","fields":[100,0],"id":245324236980225,"type":106}
@nix {"action":"stop","id":245324236980280}
@nix {"action":"result","fields":[53,65,4,0],"id":245324236980226,"type":105}
@nix {"action":"result","fields":[0,0,0,0],"id":245324236980227,"type":105}
@nix {"action":"result","fields":[101,0],"id":245324236980225,"type":106}
@nix {"action":"result","fields":[100,0],"id":245324236980225,"type":106}
@nix {"action":"stop","id":245324236980281}
@nix {"action":"result","fields":[54,66,3,0],"id":245324236980226,"type":105}
@nix {"action":"result","fields":[0,0,0,0],"id":245324236980227,"type":105}
@nix {"action":"result","fields":[101,0],"id":245324236980225,"type":106}
@nix {"action":"result","fields":[100,0],"id":245324236980225,"type":106}
@nix {"action":"stop","id":245324236980282}
@nix {"action":"result","fields":[55,67,2,0],"id":245324236980226,"type":105}
@nix {"action":"result","fields":[0,0,0,0],"id":245324236980227,"type":105}
@nix {"action":"result","fields":[101,0],"id":245324236980225,"type":106}
@nix {"action":"result","fields":[100,0],"id":245324236980225,"type":106}
@nix {"action":"stop","id":245324236980283}
@nix {"action":"result","fields":[56,68,1,0],"id":245324236980226,"type":105}
@nix {"action":"result","fields":[0,0,0,0],"id":245324236980227,"type":105}
@nix {"action":"result","fields":[101,0],"id":245324236980225,"type":106}
@nix {"action":"result","fields":[100,0],"id":245324236980225,"type":106}
@nix {"action":"stop","id":245324236980277}
@nix {"action":"start","fields":["/Users/hetzner/obrador-shared-pins-20260909/round-3-after/wide-round-1-jobs-8/store/zksqwlwmvc5vzng71k1bx3fcg44zdhm6-leaf-19.drv","",1,1],"id":245324236980285,"level":3,"parent":0,"text":"building '/Users/hetzner/obrador-shared-pins-20260909/round-3-after/wide-round-1-jobs-8/store/zksqwlwmvc5vzng71k1bx3fcg44zdhm6-leaf-19.drv'","type":105}
@nix {"action":"result","fields":[56,61,2,0],"id":245324236980226,"type":105}
@nix {"action":"result","fields":[0,0,0,0],"id":245324236980227,"type":105}
@nix {"action":"result","fields":[101,0],"id":245324236980225,"type":106}
@nix {"action":"result","fields":[100,0],"id":245324236980225,"type":106}
@nix {"action":"start","fields":["/Users/hetzner/obrador-shared-pins-20260909/round-3-after/wide-round-1-jobs-8/store/hizvqy2yyqxdi1ssjgkm3xmkbandswcy-leaf-20.drv.drv","",1,1],"id":245324236980286,"level":3,"parent":0,"text":"building '/Users/hetzner/obrador-shared-pins-20260909/round-3-after/wide-round-1-jobs-8/store/hizvqy2yyqxdi1ssjgkm3xmkbandswcy-leaf-20.drv.drv'","type":105}
@nix {"action":"result","fields":[56,61,3,0],"id":245324236980226,"type":105}
@nix {"action":"result","fields":[0,0,0,0],"id":245324236980227,"type":105}
@nix {"action":"result","fields":[101,0],"id":245324236980225,"type":106}
@nix {"action":"result","fields":[100,0],"id":245324236980225,"type":106}
@nix {"action":"start","fields":["/Users/hetzner/obrador-shared-pins-20260909/round-3-after/wide-round-1-jobs-8/store/d3k93f1ai331xs1ni154q9kp6g7s6smv-leaf-21.drv.drv","",1,1],"id":245324236980287,"level":3,"parent":0,"text":"building '/Users/hetzner/obrador-shared-pins-20260909/round-3-after/wide-round-1-jobs-8/store/d3k93f1ai331xs1ni154q9kp6g7s6smv-leaf-21.drv.drv'","type":105}
@nix {"action":"result","fields":[56,61,4,0],"id":245324236980226,"type":105}
@nix {"action":"result","fields":[0,0,0,0],"id":245324236980227,"type":105}
@nix {"action":"result","fields":[101,0],"id":245324236980225,"type":106}
@nix {"action":"result","fields":[100,0],"id":245324236980225,"type":106}
@nix {"action":"start","fields":["/Users/hetzner/obrador-shared-pins-20260909/round-3-after/wide-round-1-jobs-8/store/c68wb5j1fv433lzc8z0zwax99i7v34ak-leaf-25.drv","",1,1],"id":245324236980288,"level":3,"parent":0,"text":"building '/Users/hetzner/obrador-shared-pins-20260909/round-3-after/wide-round-1-jobs-8/store/c68wb5j1fv433lzc8z0zwax99i7v34ak-leaf-25.drv'","type":105}
@nix {"action":"result","fields":[56,61,5,0],"id":245324236980226,"type":105}
@nix {"action":"result","fields":[0,0,0,0],"id":245324236980227,"type":105}
@nix {"action":"result","fields":[101,0],"id":245324236980225,"type":106}
@nix {"action":"result","fields":[100,0],"id":245324236980225,"type":106}
@nix {"action":"result","fields":[56,62,5,0],"id":245324236980226,"type":105}
@nix {"action":"result","fields":[0,0,0,0],"id":245324236980227,"type":105}
@nix {"action":"result","fields":[101,0],"id":245324236980225,"type":106}
@nix {"action":"result","fields":[100,0],"id":245324236980225,"type":106}
@nix {"action":"start","fields":["/Users/hetzner/obrador-shared-pins-20260909/round-3-after/wide-round-1-jobs-8/store/hj22s87salpsiicc7dvrmmlnm2bnzcvb-leaf-2.drv","",1,1],"id":245324236980289,"level":3,"parent":0,"text":"building '/Users/hetzner/obrador-shared-pins-20260909/round-3-after/wide-round-1-jobs-8/store/hj22s87salpsiicc7dvrmmlnm2bnzcvb-leaf-2.drv'","type":105}
@nix {"action":"result","fields":[56,62,6,0],"id":245324236980226,"type":105}
@nix {"action":"result","fields":[0,0,0,0],"id":245324236980227,"type":105}
@nix {"action":"result","fields":[101,0],"id":245324236980225,"type":106}
@nix {"action":"result","fields":[100,0],"id":245324236980225,"type":106}
@nix {"action":"result","fields":[57,63,5,0],"id":245324236980226,"type":105}
@nix {"action":"result","fields":[0,0,0,0],"id":245324236980227,"type":105}
@nix {"action":"result","fields":[101,0],"id":245324236980225,"type":106}
@nix {"action":"result","fields":[100,0],"id":245324236980225,"type":106}
@nix {"action":"stop","id":245324236980285}
@nix {"action":"result","fields":[58,64,4,0],"id":245324236980226,"type":105}
@nix {"action":"result","fields":[0,0,0,0],"id":245324236980227,"type":105}
@nix {"action":"result","fields":[101,0],"id":245324236980225,"type":106}
@nix {"action":"result","fields":[100,0],"id":245324236980225,"type":106}
@nix {"action":"stop","id":245324236980286}
@nix {"action":"result","fields":[59,65,3,0],"id":245324236980226,"type":105}
@nix {"action":"result","fields":[0,0,0,0],"id":245324236980227,"type":105}
@nix {"action":"result","fields":[101,0],"id":245324236980225,"type":106}
@nix {"action":"result","fields":[100,0],"id":245324236980225,"type":106}
@nix {"action":"stop","id":245324236980287}
@nix {"action":"result","fields":[60,66,2,0],"id":245324236980226,"type":105}
@nix {"action":"result","fields":[0,0,0,0],"id":245324236980227,"type":105}
@nix {"action":"result","fields":[101,0],"id":245324236980225,"type":106}
@nix {"action":"result","fields":[100,0],"id":245324236980225,"type":106}
@nix {"action":"stop","id":245324236980284}
@nix {"action":"result","fields":[61,67,1,0],"id":245324236980226,"type":105}
@nix {"action":"result","fields":[0,0,0,0],"id":245324236980227,"type":105}
@nix {"action":"result","fields":[101,0],"id":245324236980225,"type":106}
@nix {"action":"result","fields":[100,0],"id":245324236980225,"type":106}
@nix {"action":"stop","id":245324236980288}
@nix {"action":"result","fields":[61,63,1,0],"id":245324236980226,"type":105}
@nix {"action":"result","fields":[0,0,0,0],"id":245324236980227,"type":105}
@nix {"action":"result","fields":[101,0],"id":245324236980225,"type":106}
@nix {"action":"result","fields":[100,0],"id":245324236980225,"type":106}
@nix {"action":"result","fields":[61,64,1,0],"id":245324236980226,"type":105}
@nix {"action":"result","fields":[0,0,0,0],"id":245324236980227,"type":105}
@nix {"action":"result","fields":[101,0],"id":245324236980225,"type":106}
@nix {"action":"result","fields":[100,0],"id":245324236980225,"type":106}
@nix {"action":"start","fields":["/Users/hetzner/obrador-shared-pins-20260909/round-3-after/wide-round-1-jobs-8/store/pgmrwl4i1inlkdqklbj2c7y8snsi0khk-leaf-20.drv","",1,1],"id":245324236980290,"level":3,"parent":0,"text":"building '/Users/hetzner/obrador-shared-pins-20260909/round-3-after/wide-round-1-jobs-8/store/pgmrwl4i1inlkdqklbj2c7y8snsi0khk-leaf-20.drv'","type":105}
@nix {"action":"result","fields":[61,64,2,0],"id":245324236980226,"type":105}
@nix {"action":"result","fields":[0,0,0,0],"id":245324236980227,"type":105}
@nix {"action":"result","fields":[101,0],"id":245324236980225,"type":106}
@nix {"action":"result","fields":[100,0],"id":245324236980225,"type":106}
@nix {"action":"start","fields":["/Users/hetzner/obrador-shared-pins-20260909/round-3-after/wide-round-1-jobs-8/store/ha6n29mpqmq6lvch0lq3dcz96pmhawvw-leaf-21.drv","",1,1],"id":245324236980291,"level":3,"parent":0,"text":"building '/Users/hetzner/obrador-shared-pins-20260909/round-3-after/wide-round-1-jobs-8/store/ha6n29mpqmq6lvch0lq3dcz96pmhawvw-leaf-21.drv'","type":105}
@nix {"action":"result","fields":[61,64,3,0],"id":245324236980226,"type":105}
@nix {"action":"result","fields":[0,0,0,0],"id":245324236980227,"type":105}
@nix {"action":"result","fields":[101,0],"id":245324236980225,"type":106}
@nix {"action":"result","fields":[100,0],"id":245324236980225,"type":106}
@nix {"action":"result","fields":[62,65,2,0],"id":245324236980226,"type":105}
@nix {"action":"result","fields":[0,0,0,0],"id":245324236980227,"type":105}
@nix {"action":"result","fields":[101,0],"id":245324236980225,"type":106}
@nix {"action":"result","fields":[100,0],"id":245324236980225,"type":106}
@nix {"action":"stop","id":245324236980289}
@nix {"action":"result","fields":[63,66,1,0],"id":245324236980226,"type":105}
@nix {"action":"result","fields":[0,0,0,0],"id":245324236980227,"type":105}
@nix {"action":"result","fields":[101,0],"id":245324236980225,"type":106}
@nix {"action":"result","fields":[100,0],"id":245324236980225,"type":106}
@nix {"action":"stop","id":245324236980290}
@nix {"action":"result","fields":[64,65,0,0],"id":245324236980226,"type":105}
@nix {"action":"result","fields":[0,0,0,0],"id":245324236980227,"type":105}
@nix {"action":"result","fields":[101,0],"id":245324236980225,"type":106}
@nix {"action":"result","fields":[100,0],"id":245324236980225,"type":106}
@nix {"action":"stop","id":245324236980291}
@nix {"action":"stop","id":245324236980227}
@nix {"action":"stop","id":245324236980226}
@nix {"action":"stop","id":245324236980225}
