@nix {"action":"start","id":812277099921408,"level":6,"parent":0,"text":"querying info about missing paths","type":0}
@nix {"action":"msg","level":1,"msg":"\u001b[35;1mwarning:\u001b[0m Ignoring dynamic derivation /tmp/casita-chain-rerun-l2oceybd/round-2-baseline/chain-round-1-jobs-8/store/73sjfv4r3rgl286l05ygyqwvxlj29n4i-leaf-31.drv.drv^out while querying missing paths; not yet implemented"}
@nix {"action":"stop","id":812277099921408}
@nix {"action":"start","id":812277099921409,"level":0,"parent":0,"text":"","type":102}
@nix {"action":"start","id":812277099921410,"level":0,"parent":0,"text":"","type":104}
@nix {"action":"start","id":812277099921411,"level":0,"parent":0,"text":"","type":103}
@nix {"action":"result","fields":[0,0,0,0],"id":812277099921410,"type":105}
@nix {"action":"result","fields":[0,0,0,0],"id":812277099921411,"type":105}
@nix {"action":"result","fields":[101,0],"id":812277099921409,"type":106}
@nix {"action":"result","fields":[100,0],"id":812277099921409,"type":106}
@nix {"action":"result","fields":[0,0,0,0],"id":812277099921410,"type":105}
@nix {"action":"result","fields":[0,0,0,0],"id":812277099921411,"type":105}
@nix {"action":"result","fields":[101,0],"id":812277099921409,"type":106}
@nix {"action":"result","fields":[100,0],"id":812277099921409,"type":106}
@nix {"action":"result","fields":[0,1,0,0],"id":812277099921410,"type":105}
@nix {"action":"result","fields":[0,0,0,0],"id":812277099921411,"type":105}
@nix {"action":"result","fields":[101,0],"id":812277099921409,"type":106}
@nix {"action":"result","fields":[100,0],"id":812277099921409,"type":106}
@nix {"action":"result","fields":[0,1,0,0],"id":812277099921410,"type":105}
@nix {"action":"result","fields":[0,0,0,0],"id":812277099921411,"type":105}
@nix {"action":"result","fields":[101,0],"id":812277099921409,"type":106}
@nix {"action":"result","fields":[100,0],"id":812277099921409,"type":106}
@nix {"action":"result","fields":[0,1,0,0],"id":812277099921410,"type":105}
@nix {"action":"result","fields":[0,0,0,0],"id":812277099921411,"type":105}
@nix {"action":"result","fields":[101,0],"id":812277099921409,"type":106}
@nix {"action":"result","fields":[100,0],"id":812277099921409,"type":106}
@nix {"action":"result","fields":[0,2,0,0],"id":812277099921410,"type":105}
@nix {"action":"result","fields":[0,0,0,0],"id":812277099921411,"type":105}
@nix {"action":"result","fields":[101,0],"id":812277099921409,"type":106}
@nix {"action":"result","fields":[100,0],"id":812277099921409,"type":106}
@nix {"action":"result","fields":[0,2,0,0],"id":812277099921410,"type":105}
@nix {"action":"result","fields":[0,0,0,0],"id":812277099921411,"type":105}
@nix {"action":"result","fields":[101,0],"id":812277099921409,"type":106}
@nix {"action":"result","fields":[100,0],"id":812277099921409,"type":106}
@nix {"action":"result","fields":[0,2,0,0],"id":812277099921410,"type":105}
@nix {"action":"result","fields":[0,0,0,0],"id":812277099921411,"type":105}
@nix {"action":"result","fields":[101,0],"id":812277099921409,"type":106}
@nix {"action":"result","fields":[100,0],"id":812277099921409,"type":106}
@nix {"action":"result","fields":[0,3,0,0],"id":812277099921410,"type":105}
@nix {"action":"result","fields":[0,0,0,0],"id":812277099921411,"type":105}
@nix {"action":"result","fields":[101,0],"id":812277099921409,"type":106}
@nix {"action":"result","fields":[100,0],"id":812277099921409,"type":106}
@nix {"action":"result","fields":[0,3,0,0],"id":812277099921410,"type":105}
@nix {"action":"result","fields":[0,0,0,0],"id":812277099921411,"type":105}
@nix {"action":"result","fields":[101,0],"id":812277099921409,"type":106}
@nix {"action":"result","fields":[100,0],"id":812277099921409,"type":106}
@nix {"action":"result","fields":[0,3,0,0],"id":812277099921410,"type":105}
@nix {"action":"result","fields":[0,0,0,0],"id":812277099921411,"type":105}
@nix {"action":"result","fields":[101,0],"id":812277099921409,"type":106}
@nix {"action":"result","fields":[100,0],"id":812277099921409,"type":106}
@nix {"action":"result","fields":[0,4,0,0],"id":812277099921410,"type":105}
@nix {"action":"result","fields":[0,0,0,0],"id":812277099921411,"type":105}
@nix {"action":"result","fields":[101,0],"id":812277099921409,"type":106}
@nix {"action":"result","fields":[100,0],"id":812277099921409,"type":106}
@nix {"action":"result","fields":[0,4,0,0],"id":812277099921410,"type":105}
@nix {"action":"result","fields":[0,0,0,0],"id":812277099921411,"type":105}
@nix {"action":"result","fields":[101,0],"id":812277099921409,"type":106}
@nix {"action":"result","fields":[100,0],"id":812277099921409,"type":106}
@nix {"action":"result","fields":[0,4,0,0],"id":812277099921410,"type":105}
@nix {"action":"result","fields":[0,0,0,0],"id":812277099921411,"type":105}
@nix {"action":"result","fields":[101,0],"id":812277099921409,"type":106}
@nix {"action":"result","fields":[100,0],"id":812277099921409,"type":106}
@nix {"action":"result","fields":[0,5,0,0],"id":812277099921410,"type":105}
@nix {"action":"result","fields":[0,0,0,0],"id":812277099921411,"type":105}
@nix {"action":"result","fields":[101,0],"id":812277099921409,"type":106}
@nix {"action":"result","fields":[100,0],"id":812277099921409,"type":106}
@nix {"action":"result","fields":[0,5,0,0],"id":812277099921410,"type":105}
@nix {"action":"result","fields":[0,0,0,0],"id":812277099921411,"type":105}
@nix {"action":"result","fields":[101,0],"id":812277099921409,"type":106}
@nix {"action":"result","fields":[100,0],"id":812277099921409,"type":106}
@nix {"action":"result","fields":[0,5,0,0],"id":812277099921410,"type":105}
@nix {"action":"result","fields":[0,0,0,0],"id":812277099921411,"type":105}
@nix {"action":"result","fields":[101,0],"id":812277099921409,"type":106}
@nix {"action":"result","fields":[100,0],"id":812277099921409,"type":106}
@nix {"action":"result","fields":[0,6,0,0],"id":812277099921410,"type":105}
@nix {"action":"result","fields":[0,0,0,0],"id":812277099921411,"type":105}
@nix {"action":"result","fields":[101,0],"id":812277099921409,"type":106}
@nix {"action":"result","fields":[100,0],"id":812277099921409,"type":106}
@nix {"action":"result","fields":[0,6,0,0],"id":812277099921410,"type":105}
@nix {"action":"result","fields":[0,0,0,0],"id":812277099921411,"type":105}
@nix {"action":"result","fields":[101,0],"id":812277099921409,"type":106}
@nix {"action":"result","fields":[100,0],"id":812277099921409,"type":106}
@nix {"action":"result","fields":[0,6,0,0],"id":812277099921410,"type":105}
@nix {"action":"result","fields":[0,0,0,0],"id":812277099921411,"type":105}
@nix {"action":"result","fields":[101,0],"id":812277099921409,"type":106}
@nix {"action":"result","fields":[100,0],"id":812277099921409,"type":106}
@nix {"action":"result","fields":[0,7,0,0],"id":812277099921410,"type":105}
@nix {"action":"result","fields":[0,0,0,0],"id":812277099921411,"type":105}
@nix {"action":"result","fields":[101,0],"id":812277099921409,"type":106}
@nix {"action":"result","fields":[100,0],"id":812277099921409,"type":106}
@nix {"action":"result","fields":[0,7,0,0],"id":812277099921410,"type":105}
@nix {"action":"result","fields":[0,0,0,0],"id":812277099921411,"type":105}
@nix {"action":"result","fields":[101,0],"id":812277099921409,"type":106}
@nix {"action":"result","fields":[100,0],"id":812277099921409,"type":106}
@nix {"action":"result","fields":[0,7,0,0],"id":812277099921410,"type":105}
@nix {"action":"result","fields":[0,0,0,0],"id":812277099921411,"type":105}
@nix {"action":"result","fields":[101,0],"id":812277099921409,"type":106}
@nix {"action":"result","fields":[100,0],"id":812277099921409,"type":106}
@nix {"action":"result","fields":[0,8,0,0],"id":812277099921410,"type":105}
@nix {"action":"result","fields":[0,0,0,0],"id":812277099921411,"type":105}
@nix {"action":"result","fields":[101,0],"id":812277099921409,"type":106}
@nix {"action":"result","fields":[100,0],"id":812277099921409,"type":106}
@nix {"action":"result","fields":[0,8,0,0],"id":812277099921410,"type":105}
@nix {"action":"result","fields":[0,0,0,0],"id":812277099921411,"type":105}
@nix {"action":"result","fields":[101,0],"id":812277099921409,"type":106}
@nix {"action":"result","fields":[100,0],"id":812277099921409,"type":106}
@nix {"action":"result","fields":[0,8,0,0],"id":812277099921410,"type":105}
@nix {"action":"result","fields":[0,0,0,0],"id":812277099921411,"type":105}
@nix {"action":"result","fields":[101,0],"id":812277099921409,"type":106}
@nix {"action":"result","fields":[100,0],"id":812277099921409,"type":106}
@nix {"action":"result","fields":[0,9,0,0],"id":812277099921410,"type":105}
@nix {"action":"result","fields":[0,0,0,0],"id":812277099921411,"type":105}
@nix {"action":"result","fields":[101,0],"id":812277099921409,"type":106}
@nix {"action":"result","fields":[100,0],"id":812277099921409,"type":106}
@nix {"action":"result","fields":[0,9,0,0],"id":812277099921410,"type":105}
@nix {"action":"result","fields":[0,0,0,0],"id":812277099921411,"type":105}
@nix {"action":"result","fields":[101,0],"id":812277099921409,"type":106}
@nix {"action":"result","fields":[100,0],"id":812277099921409,"type":106}
@nix {"action":"result","fields":[0,9,0,0],"id":812277099921410,"type":105}
@nix {"action":"result","fields":[0,0,0,0],"id":812277099921411,"type":105}
@nix {"action":"result","fields":[101,0],"id":812277099921409,"type":106}
@nix {"action":"result","fields":[100,0],"id":812277099921409,"type":106}
@nix {"action":"result","fields":[0,10,0,0],"id":812277099921410,"type":105}
@nix {"action":"result","fields":[0,0,0,0],"id":812277099921411,"type":105}
@nix {"action":"result","fields":[101,0],"id":812277099921409,"type":106}
@nix {"action":"result","fields":[100,0],"id":812277099921409,"type":106}
@nix {"action":"result","fields":[0,10,0,0],"id":812277099921410,"type":105}
@nix {"action":"result","fields":[0,0,0,0],"id":812277099921411,"type":105}
@nix {"action":"result","fields":[101,0],"id":812277099921409,"type":106}
@nix {"action":"result","fields":[100,0],"id":812277099921409,"type":106}
@nix {"action":"result","fields":[0,10,0,0],"id":812277099921410,"type":105}
@nix {"action":"result","fields":[0,0,0,0],"id":812277099921411,"type":105}
@nix {"action":"result","fields":[101,0],"id":812277099921409,"type":106}
@nix {"action":"result","fields":[100,0],"id":812277099921409,"type":106}
@nix {"action":"result","fields":[0,11,0,0],"id":812277099921410,"type":105}
@nix {"action":"result","fields":[0,0,0,0],"id":812277099921411,"type":105}
@nix {"action":"result","fields":[101,0],"id":812277099921409,"type":106}
@nix {"action":"result","fields":[100,0],"id":812277099921409,"type":106}
@nix {"action":"result","fields":[0,11,0,0],"id":812277099921410,"type":105}
@nix {"action":"result","fields":[0,0,0,0],"id":812277099921411,"type":105}
@nix {"action":"result","fields":[101,0],"id":812277099921409,"type":106}
@nix {"action":"result","fields":[100,0],"id":812277099921409,"type":106}
@nix {"action":"result","fields":[0,11,0,0],"id":812277099921410,"type":105}
@nix {"action":"result","fields":[0,0,0,0],"id":812277099921411,"type":105}
@nix {"action":"result","fields":[101,0],"id":812277099921409,"type":106}
@nix {"action":"result","fields":[100,0],"id":812277099921409,"type":106}
@nix {"action":"result","fields":[0,12,0,0],"id":812277099921410,"type":105}
@nix {"action":"result","fields":[0,0,0,0],"id":812277099921411,"type":105}
@nix {"action":"result","fields":[101,0],"id":812277099921409,"type":106}
@nix {"action":"result","fields":[100,0],"id":812277099921409,"type":106}
@nix {"action":"result","fields":[0,12,0,0],"id":812277099921410,"type":105}
@nix {"action":"result","fields":[0,0,0,0],"id":812277099921411,"type":105}
@nix {"action":"result","fields":[101,0],"id":812277099921409,"type":106}
@nix {"action":"result","fields":[100,0],"id":812277099921409,"type":106}
@nix {"action":"result","fields":[0,12,0,0],"id":812277099921410,"type":105}
@nix {"action":"result","fields":[0,0,0,0],"id":812277099921411,"type":105}
@nix {"action":"result","fields":[101,0],"id":812277099921409,"type":106}
@nix {"action":"result","fields":[100,0],"id":812277099921409,"type":106}
@nix {"action":"result","fields":[0,13,0,0],"id":812277099921410,"type":105}
@nix {"action":"result","fields":[0,0,0,0],"id":812277099921411,"type":105}
@nix {"action":"result","fields":[101,0],"id":812277099921409,"type":106}
@nix {"action":"result","fields":[100,0],"id":812277099921409,"type":106}
@nix {"action":"result","fields":[0,13,0,0],"id":812277099921410,"type":105}
@nix {"action":"result","fields":[0,0,0,0],"id":812277099921411,"type":105}
@nix {"action":"result","fields":[101,0],"id":812277099921409,"type":106}
@nix {"action":"result","fields":[100,0],"id":812277099921409,"type":106}
@nix {"action":"result","fields":[0,13,0,0],"id":812277099921410,"type":105}
@nix {"action":"result","fields":[0,0,0,0],"id":812277099921411,"type":105}
@nix {"action":"result","fields":[101,0],"id":812277099921409,"type":106}
@nix {"action":"result","fields":[100,0],"id":812277099921409,"type":106}
@nix {"action":"result","fields":[0,14,0,0],"id":812277099921410,"type":105}
@nix {"action":"result","fields":[0,0,0,0],"id":812277099921411,"type":105}
@nix {"action":"result","fields":[101,0],"id":812277099921409,"type":106}
@nix {"action":"result","fields":[100,0],"id":812277099921409,"type":106}
@nix {"action":"result","fields":[0,14,0,0],"id":812277099921410,"type":105}
@nix {"action":"result","fields":[0,0,0,0],"id":812277099921411,"type":105}
@nix {"action":"result","fields":[101,0],"id":812277099921409,"type":106}
@nix {"action":"result","fields":[100,0],"id":812277099921409,"type":106}
@nix {"action":"result","fields":[0,14,0,0],"id":812277099921410,"type":105}
@nix {"action":"result","fields":[0,0,0,0],"id":812277099921411,"type":105}
@nix {"action":"result","fields":[101,0],"id":812277099921409,"type":106}
@nix {"action":"result","fields":[100,0],"id":812277099921409,"type":106}
@nix {"action":"result","fields":[0,15,0,0],"id":812277099921410,"type":105}
@nix {"action":"result","fields":[0,0,0,0],"id":812277099921411,"type":105}
@nix {"action":"result","fields":[101,0],"id":812277099921409,"type":106}
@nix {"action":"result","fields":[100,0],"id":812277099921409,"type":106}
@nix {"action":"result","fields":[0,15,0,0],"id":812277099921410,"type":105}
@nix {"action":"result","fields":[0,0,0,0],"id":812277099921411,"type":105}
@nix {"action":"result","fields":[101,0],"id":812277099921409,"type":106}
@nix {"action":"result","fields":[100,0],"id":812277099921409,"type":106}
@nix {"action":"result","fields":[0,15,0,0],"id":812277099921410,"type":105}
@nix {"action":"result","fields":[0,0,0,0],"id":812277099921411,"type":105}
@nix {"action":"result","fields":[101,0],"id":812277099921409,"type":106}
@nix {"action":"result","fields":[100,0],"id":812277099921409,"type":106}
@nix {"action":"result","fields":[0,16,0,0],"id":812277099921410,"type":105}
@nix {"action":"result","fields":[0,0,0,0],"id":812277099921411,"type":105}
@nix {"action":"result","fields":[101,0],"id":812277099921409,"type":106}
@nix {"action":"result","fields":[100,0],"id":812277099921409,"type":106}
@nix {"action":"result","fields":[0,16,0,0],"id":812277099921410,"type":105}
@nix {"action":"result","fields":[0,0,0,0],"id":812277099921411,"type":105}
@nix {"action":"result","fields":[101,0],"id":812277099921409,"type":106}
@nix {"action":"result","fields":[100,0],"id":812277099921409,"type":106}
@nix {"action":"result","fields":[0,16,0,0],"id":812277099921410,"type":105}
@nix {"action":"result","fields":[0,0,0,0],"id":812277099921411,"type":105}
@nix {"action":"result","fields":[101,0],"id":812277099921409,"type":106}
@nix {"action":"result","fields":[100,0],"id":812277099921409,"type":106}
@nix {"action":"result","fields":[0,17,0,0],"id":812277099921410,"type":105}
@nix {"action":"result","fields":[0,0,0,0],"id":812277099921411,"type":105}
@nix {"action":"result","fields":[101,0],"id":812277099921409,"type":106}
@nix {"action":"result","fields":[100,0],"id":812277099921409,"type":106}
@nix {"action":"result","fields":[0,17,0,0],"id":812277099921410,"type":105}
@nix {"action":"result","fields":[0,0,0,0],"id":812277099921411,"type":105}
@nix {"action":"result","fields":[101,0],"id":812277099921409,"type":106}
@nix {"action":"result","fields":[100,0],"id":812277099921409,"type":106}
@nix {"action":"result","fields":[0,17,0,0],"id":812277099921410,"type":105}
@nix {"action":"result","fields":[0,0,0,0],"id":812277099921411,"type":105}
@nix {"action":"result","fields":[101,0],"id":812277099921409,"type":106}
@nix {"action":"result","fields":[100,0],"id":812277099921409,"type":106}
@nix {"action":"result","fields":[0,18,0,0],"id":812277099921410,"type":105}
@nix {"action":"result","fields":[0,0,0,0],"id":812277099921411,"type":105}
@nix {"action":"result","fields":[101,0],"id":812277099921409,"type":106}
@nix {"action":"result","fields":[100,0],"id":812277099921409,"type":106}
@nix {"action":"result","fields":[0,18,0,0],"id":812277099921410,"type":105}
@nix {"action":"result","fields":[0,0,0,0],"id":812277099921411,"type":105}
@nix {"action":"result","fields":[101,0],"id":812277099921409,"type":106}
@nix {"action":"result","fields":[100,0],"id":812277099921409,"type":106}
@nix {"action":"result","fields":[0,18,0,0],"id":812277099921410,"type":105}
@nix {"action":"result","fields":[0,0,0,0],"id":812277099921411,"type":105}
@nix {"action":"result","fields":[101,0],"id":812277099921409,"type":106}
@nix {"action":"result","fields":[100,0],"id":812277099921409,"type":106}
@nix {"action":"result","fields":[0,19,0,0],"id":812277099921410,"type":105}
@nix {"action":"result","fields":[0,0,0,0],"id":812277099921411,"type":105}
@nix {"action":"result","fields":[101,0],"id":812277099921409,"type":106}
@nix {"action":"result","fields":[100,0],"id":812277099921409,"type":106}
@nix {"action":"result","fields":[0,19,0,0],"id":812277099921410,"type":105}
@nix {"action":"result","fields":[0,0,0,0],"id":812277099921411,"type":105}
@nix {"action":"result","fields":[101,0],"id":812277099921409,"type":106}
@nix {"action":"result","fields":[100,0],"id":812277099921409,"type":106}
@nix {"action":"result","fields":[0,19,0,0],"id":812277099921410,"type":105}
@nix {"action":"result","fields":[0,0,0,0],"id":812277099921411,"type":105}
@nix {"action":"result","fields":[101,0],"id":812277099921409,"type":106}
@nix {"action":"result","fields":[100,0],"id":812277099921409,"type":106}
@nix {"action":"result","fields":[0,20,0,0],"id":812277099921410,"type":105}
@nix {"action":"result","fields":[0,0,0,0],"id":812277099921411,"type":105}
@nix {"action":"result","fields":[101,0],"id":812277099921409,"type":106}
@nix {"action":"result","fields":[100,0],"id":812277099921409,"type":106}
@nix {"action":"result","fields":[0,20,0,0],"id":812277099921410,"type":105}
@nix {"action":"result","fields":[0,0,0,0],"id":812277099921411,"type":105}
@nix {"action":"result","fields":[101,0],"id":812277099921409,"type":106}
@nix {"action":"result","fields":[100,0],"id":812277099921409,"type":106}
@nix {"action":"result","fields":[0,20,0,0],"id":812277099921410,"type":105}
@nix {"action":"result","fields":[0,0,0,0],"id":812277099921411,"type":105}
@nix {"action":"result","fields":[101,0],"id":812277099921409,"type":106}
@nix {"action":"result","fields":[100,0],"id":812277099921409,"type":106}
@nix {"action":"result","fields":[0,21,0,0],"id":812277099921410,"type":105}
@nix {"action":"result","fields":[0,0,0,0],"id":812277099921411,"type":105}
@nix {"action":"result","fields":[101,0],"id":812277099921409,"type":106}
@nix {"action":"result","fields":[100,0],"id":812277099921409,"type":106}
@nix {"action":"result","fields":[0,21,0,0],"id":812277099921410,"type":105}
@nix {"action":"result","fields":[0,0,0,0],"id":812277099921411,"type":105}
@nix {"action":"result","fields":[101,0],"id":812277099921409,"type":106}
@nix {"action":"result","fields":[100,0],"id":812277099921409,"type":106}
@nix {"action":"result","fields":[0,21,0,0],"id":812277099921410,"type":105}
@nix {"action":"result","fields":[0,0,0,0],"id":812277099921411,"type":105}
@nix {"action":"result","fields":[101,0],"id":812277099921409,"type":106}
@nix {"action":"result","fields":[100,0],"id":812277099921409,"type":106}
@nix {"action":"result","fields":[0,22,0,0],"id":812277099921410,"type":105}
@nix {"action":"result","fields":[0,0,0,0],"id":812277099921411,"type":105}
@nix {"action":"result","fields":[101,0],"id":812277099921409,"type":106}
@nix {"action":"result","fields":[100,0],"id":812277099921409,"type":106}
@nix {"action":"result","fields":[0,22,0,0],"id":812277099921410,"type":105}
@nix {"action":"result","fields":[0,0,0,0],"id":812277099921411,"type":105}
@nix {"action":"result","fields":[101,0],"id":812277099921409,"type":106}
@nix {"action":"result","fields":[100,0],"id":812277099921409,"type":106}
@nix {"action":"result","fields":[0,22,0,0],"id":812277099921410,"type":105}
@nix {"action":"result","fields":[0,0,0,0],"id":812277099921411,"type":105}
@nix {"action":"result","fields":[101,0],"id":812277099921409,"type":106}
@nix {"action":"result","fields":[100,0],"id":812277099921409,"type":106}
@nix {"action":"result","fields":[0,23,0,0],"id":812277099921410,"type":105}
@nix {"action":"result","fields":[0,0,0,0],"id":812277099921411,"type":105}
@nix {"action":"result","fields":[101,0],"id":812277099921409,"type":106}
@nix {"action":"result","fields":[100,0],"id":812277099921409,"type":106}
@nix {"action":"result","fields":[0,23,0,0],"id":812277099921410,"type":105}
@nix {"action":"result","fields":[0,0,0,0],"id":812277099921411,"type":105}
@nix {"action":"result","fields":[101,0],"id":812277099921409,"type":106}
@nix {"action":"result","fields":[100,0],"id":812277099921409,"type":106}
@nix {"action":"result","fields":[0,23,0,0],"id":812277099921410,"type":105}
@nix {"action":"result","fields":[0,0,0,0],"id":812277099921411,"type":105}
@nix {"action":"result","fields":[101,0],"id":812277099921409,"type":106}
@nix {"action":"result","fields":[100,0],"id":812277099921409,"type":106}
@nix {"action":"result","fields":[0,24,0,0],"id":812277099921410,"type":105}
@nix {"action":"result","fields":[0,0,0,0],"id":812277099921411,"type":105}
@nix {"action":"result","fields":[101,0],"id":812277099921409,"type":106}
@nix {"action":"result","fields":[100,0],"id":812277099921409,"type":106}
@nix {"action":"result","fields":[0,24,0,0],"id":812277099921410,"type":105}
@nix {"action":"result","fields":[0,0,0,0],"id":812277099921411,"type":105}
@nix {"action":"result","fields":[101,0],"id":812277099921409,"type":106}
@nix {"action":"result","fields":[100,0],"id":812277099921409,"type":106}
@nix {"action":"result","fields":[0,24,0,0],"id":812277099921410,"type":105}
@nix {"action":"result","fields":[0,0,0,0],"id":812277099921411,"type":105}
@nix {"action":"result","fields":[101,0],"id":812277099921409,"type":106}
@nix {"action":"result","fields":[100,0],"id":812277099921409,"type":106}
@nix {"action":"result","fields":[0,25,0,0],"id":812277099921410,"type":105}
@nix {"action":"result","fields":[0,0,0,0],"id":812277099921411,"type":105}
@nix {"action":"result","fields":[101,0],"id":812277099921409,"type":106}
@nix {"action":"result","fields":[100,0],"id":812277099921409,"type":106}
@nix {"action":"result","fields":[0,25,0,0],"id":812277099921410,"type":105}
@nix {"action":"result","fields":[0,0,0,0],"id":812277099921411,"type":105}
@nix {"action":"result","fields":[101,0],"id":812277099921409,"type":106}
@nix {"action":"result","fields":[100,0],"id":812277099921409,"type":106}
@nix {"action":"result","fields":[0,25,0,0],"id":812277099921410,"type":105}
@nix {"action":"result","fields":[0,0,0,0],"id":812277099921411,"type":105}
@nix {"action":"result","fields":[101,0],"id":812277099921409,"type":106}
@nix {"action":"result","fields":[100,0],"id":812277099921409,"type":106}
@nix {"action":"result","fields":[0,26,0,0],"id":812277099921410,"type":105}
@nix {"action":"result","fields":[0,0,0,0],"id":812277099921411,"type":105}
@nix {"action":"result","fields":[101,0],"id":812277099921409,"type":106}
@nix {"action":"result","fields":[100,0],"id":812277099921409,"type":106}
@nix {"action":"result","fields":[0,26,0,0],"id":812277099921410,"type":105}
@nix {"action":"result","fields":[0,0,0,0],"id":812277099921411,"type":105}
@nix {"action":"result","fields":[101,0],"id":812277099921409,"type":106}
@nix {"action":"result","fields":[100,0],"id":812277099921409,"type":106}
@nix {"action":"result","fields":[0,26,0,0],"id":812277099921410,"type":105}
@nix {"action":"result","fields":[0,0,0,0],"id":812277099921411,"type":105}
@nix {"action":"result","fields":[101,0],"id":812277099921409,"type":106}
@nix {"action":"result","fields":[100,0],"id":812277099921409,"type":106}
@nix {"action":"result","fields":[0,27,0,0],"id":812277099921410,"type":105}
@nix {"action":"result","fields":[0,0,0,0],"id":812277099921411,"type":105}
@nix {"action":"result","fields":[101,0],"id":812277099921409,"type":106}
@nix {"action":"result","fields":[100,0],"id":812277099921409,"type":106}
@nix {"action":"result","fields":[0,27,0,0],"id":812277099921410,"type":105}
@nix {"action":"result","fields":[0,0,0,0],"id":812277099921411,"type":105}
@nix {"action":"result","fields":[101,0],"id":812277099921409,"type":106}
@nix {"action":"result","fields":[100,0],"id":812277099921409,"type":106}
@nix {"action":"result","fields":[0,27,0,0],"id":812277099921410,"type":105}
@nix {"action":"result","fields":[0,0,0,0],"id":812277099921411,"type":105}
@nix {"action":"result","fields":[101,0],"id":812277099921409,"type":106}
@nix {"action":"result","fields":[100,0],"id":812277099921409,"type":106}
@nix {"action":"result","fields":[0,28,0,0],"id":812277099921410,"type":105}
@nix {"action":"result","fields":[0,0,0,0],"id":812277099921411,"type":105}
@nix {"action":"result","fields":[101,0],"id":812277099921409,"type":106}
@nix {"action":"result","fields":[100,0],"id":812277099921409,"type":106}
@nix {"action":"result","fields":[0,28,0,0],"id":812277099921410,"type":105}
@nix {"action":"result","fields":[0,0,0,0],"id":812277099921411,"type":105}
@nix {"action":"result","fields":[101,0],"id":812277099921409,"type":106}
@nix {"action":"result","fields":[100,0],"id":812277099921409,"type":106}
@nix {"action":"result","fields":[0,28,0,0],"id":812277099921410,"type":105}
@nix {"action":"result","fields":[0,0,0,0],"id":812277099921411,"type":105}
@nix {"action":"result","fields":[101,0],"id":812277099921409,"type":106}
@nix {"action":"result","fields":[100,0],"id":812277099921409,"type":106}
@nix {"action":"result","fields":[0,29,0,0],"id":812277099921410,"type":105}
@nix {"action":"result","fields":[0,0,0,0],"id":812277099921411,"type":105}
@nix {"action":"result","fields":[101,0],"id":812277099921409,"type":106}
@nix {"action":"result","fields":[100,0],"id":812277099921409,"type":106}
@nix {"action":"result","fields":[0,29,0,0],"id":812277099921410,"type":105}
@nix {"action":"result","fields":[0,0,0,0],"id":812277099921411,"type":105}
@nix {"action":"result","fields":[101,0],"id":812277099921409,"type":106}
@nix {"action":"result","fields":[100,0],"id":812277099921409,"type":106}
@nix {"action":"result","fields":[0,29,0,0],"id":812277099921410,"type":105}
@nix {"action":"result","fields":[0,0,0,0],"id":812277099921411,"type":105}
@nix {"action":"result","fields":[101,0],"id":812277099921409,"type":106}
@nix {"action":"result","fields":[100,0],"id":812277099921409,"type":106}
@nix {"action":"result","fields":[0,30,0,0],"id":812277099921410,"type":105}
@nix {"action":"result","fields":[0,0,0,0],"id":812277099921411,"type":105}
@nix {"action":"result","fields":[101,0],"id":812277099921409,"type":106}
@nix {"action":"result","fields":[100,0],"id":812277099921409,"type":106}
@nix {"action":"result","fields":[0,30,0,0],"id":812277099921410,"type":105}
@nix {"action":"result","fields":[0,0,0,0],"id":812277099921411,"type":105}
@nix {"action":"result","fields":[101,0],"id":812277099921409,"type":106}
@nix {"action":"result","fields":[100,0],"id":812277099921409,"type":106}
@nix {"action":"result","fields":[0,30,0,0],"id":812277099921410,"type":105}
@nix {"action":"result","fields":[0,0,0,0],"id":812277099921411,"type":105}
@nix {"action":"result","fields":[101,0],"id":812277099921409,"type":106}
@nix {"action":"result","fields":[100,0],"id":812277099921409,"type":106}
@nix {"action":"result","fields":[0,31,0,0],"id":812277099921410,"type":105}
@nix {"action":"result","fields":[0,0,0,0],"id":812277099921411,"type":105}
@nix {"action":"result","fields":[101,0],"id":812277099921409,"type":106}
@nix {"action":"result","fields":[100,0],"id":812277099921409,"type":106}
@nix {"action":"result","fields":[0,31,0,0],"id":812277099921410,"type":105}
@nix {"action":"result","fields":[0,0,0,0],"id":812277099921411,"type":105}
@nix {"action":"result","fields":[101,0],"id":812277099921409,"type":106}
@nix {"action":"result","fields":[100,0],"id":812277099921409,"type":106}
@nix {"action":"result","fields":[0,31,0,0],"id":812277099921410,"type":105}
@nix {"action":"result","fields":[0,0,0,0],"id":812277099921411,"type":105}
@nix {"action":"result","fields":[101,0],"id":812277099921409,"type":106}
@nix {"action":"result","fields":[100,0],"id":812277099921409,"type":106}
@nix {"action":"result","fields":[0,32,0,0],"id":812277099921410,"type":105}
@nix {"action":"result","fields":[0,0,0,0],"id":812277099921411,"type":105}
@nix {"action":"result","fields":[101,0],"id":812277099921409,"type":106}
@nix {"action":"result","fields":[100,0],"id":812277099921409,"type":106}
@nix {"action":"start","fields":["/tmp/casita-chain-rerun-l2oceybd/round-2-baseline/chain-round-1-jobs-8/store/hvyr149ldi2biqpigccfqb1s706ir6rn-leaf-0.drv.drv","",1,1],"id":812277099921412,"level":3,"parent":0,"text":"building '/tmp/casita-chain-rerun-l2oceybd/round-2-baseline/chain-round-1-jobs-8/store/hvyr149ldi2biqpigccfqb1s706ir6rn-leaf-0.drv.drv'","type":105}
@nix {"action":"result","fields":[0,32,1,0],"id":812277099921410,"type":105}
@nix {"action":"result","fields":[0,0,0,0],"id":812277099921411,"type":105}
@nix {"action":"result","fields":[101,0],"id":812277099921409,"type":106}
@nix {"action":"result","fields":[100,0],"id":812277099921409,"type":106}
@nix {"action":"result","fields":[1,33,0,0],"id":812277099921410,"type":105}
@nix {"action":"result","fields":[0,0,0,0],"id":812277099921411,"type":105}
@nix {"action":"result","fields":[101,0],"id":812277099921409,"type":106}
@nix {"action":"result","fields":[100,0],"id":812277099921409,"type":106}
@nix {"action":"stop","id":812277099921412}
@nix {"action":"result","fields":[1,33,0,0],"id":812277099921410,"type":105}
@nix {"action":"result","fields":[0,0,0,0],"id":812277099921411,"type":105}
@nix {"action":"result","fields":[101,0],"id":812277099921409,"type":106}
@nix {"action":"result","fields":[100,0],"id":812277099921409,"type":106}
@nix {"action":"start","fields":["/tmp/casita-chain-rerun-l2oceybd/round-2-baseline/chain-round-1-jobs-8/store/q4rzqpff8m2alvzjqj5ilzpi1m770b85-leaf-0.drv","",1,1],"id":812277099921413,"level":3,"parent":0,"text":"building '/tmp/casita-chain-rerun-l2oceybd/round-2-baseline/chain-round-1-jobs-8/store/q4rzqpff8m2alvzjqj5ilzpi1m770b85-leaf-0.drv'","type":105}
@nix {"action":"result","fields":[1,33,1,0],"id":812277099921410,"type":105}
@nix {"action":"result","fields":[0,0,0,0],"id":812277099921411,"type":105}
@nix {"action":"result","fields":[101,0],"id":812277099921409,"type":106}
@nix {"action":"result","fields":[100,0],"id":812277099921409,"type":106}
@nix {"action":"result","fields":[2,34,0,0],"id":812277099921410,"type":105}
@nix {"action":"result","fields":[0,0,0,0],"id":812277099921411,"type":105}
@nix {"action":"result","fields":[101,0],"id":812277099921409,"type":106}
@nix {"action":"result","fields":[100,0],"id":812277099921409,"type":106}
@nix {"action":"stop","id":812277099921413}
@nix {"action":"start","fields":["/tmp/casita-chain-rerun-l2oceybd/round-2-baseline/chain-round-1-jobs-8/store/vvd6g18pz60asvhdlsyii64kn7lz14bd-leaf-1.drv.drv","/tmp/casita-chain-rerun-l2oceybd/round-2-baseline/chain-round-1-jobs-8/store/9vsyi1iqr42clw5qd29r4hcackgvdxf2-leaf-1.drv.drv"],"id":812277099921414,"level":3,"parent":0,"text":"resolved derivation: '/tmp/casita-chain-rerun-l2oceybd/round-2-baseline/chain-round-1-jobs-8/store/vvd6g18pz60asvhdlsyii64kn7lz14bd-leaf-1.drv.drv' -> '/tmp/casita-chain-rerun-l2oceybd/round-2-baseline/chain-round-1-jobs-8/store/9vsyi1iqr42clw5qd29r4hcackgvdxf2-leaf-1.drv.drv'","type":111}
@nix {"action":"result","fields":[2,34,0,0],"id":812277099921410,"type":105}
@nix {"action":"result","fields":[0,0,0,0],"id":812277099921411,"type":105}
@nix {"action":"result","fields":[101,0],"id":812277099921409,"type":106}
@nix {"action":"result","fields":[100,0],"id":812277099921409,"type":106}
@nix {"action":"start","fields":["/tmp/casita-chain-rerun-l2oceybd/round-2-baseline/chain-round-1-jobs-8/store/9vsyi1iqr42clw5qd29r4hcackgvdxf2-leaf-1.drv.drv","",1,1],"id":812277099921415,"level":3,"parent":0,"text":"building '/tmp/casita-chain-rerun-l2oceybd/round-2-baseline/chain-round-1-jobs-8/store/9vsyi1iqr42clw5qd29r4hcackgvdxf2-leaf-1.drv.drv'","type":105}
@nix {"action":"result","fields":[2,34,1,0],"id":812277099921410,"type":105}
@nix {"action":"result","fields":[0,0,0,0],"id":812277099921411,"type":105}
@nix {"action":"result","fields":[101,0],"id":812277099921409,"type":106}
@nix {"action":"result","fields":[100,0],"id":812277099921409,"type":106}
@nix {"action":"result","fields":[3,35,0,0],"id":812277099921410,"type":105}
@nix {"action":"result","fields":[0,0,0,0],"id":812277099921411,"type":105}
@nix {"action":"result","fields":[101,0],"id":812277099921409,"type":106}
@nix {"action":"result","fields":[100,0],"id":812277099921409,"type":106}
@nix {"action":"stop","id":812277099921415}
@nix {"action":"result","fields":[4,35,0,0],"id":812277099921410,"type":105}
@nix {"action":"result","fields":[0,0,0,0],"id":812277099921411,"type":105}
@nix {"action":"result","fields":[101,0],"id":812277099921409,"type":106}
@nix {"action":"result","fields":[100,0],"id":812277099921409,"type":106}
@nix {"action":"stop","id":812277099921414}
@nix {"action":"result","fields":[4,35,0,0],"id":812277099921410,"type":105}
@nix {"action":"result","fields":[0,0,0,0],"id":812277099921411,"type":105}
@nix {"action":"result","fields":[101,0],"id":812277099921409,"type":106}
@nix {"action":"result","fields":[100,0],"id":812277099921409,"type":106}
@nix {"action":"start","fields":["/tmp/casita-chain-rerun-l2oceybd/round-2-baseline/chain-round-1-jobs-8/store/pid48kfqzl9spqny0phjqzz91mgkgfql-leaf-1.drv","",1,1],"id":812277099921416,"level":3,"parent":0,"text":"building '/tmp/casita-chain-rerun-l2oceybd/round-2-baseline/chain-round-1-jobs-8/store/pid48kfqzl9spqny0phjqzz91mgkgfql-leaf-1.drv'","type":105}
@nix {"action":"result","fields":[4,35,1,0],"id":812277099921410,"type":105}
@nix {"action":"result","fields":[0,0,0,0],"id":812277099921411,"type":105}
@nix {"action":"result","fields":[101,0],"id":812277099921409,"type":106}
@nix {"action":"result","fields":[100,0],"id":812277099921409,"type":106}
@nix {"action":"result","fields":[5,36,0,0],"id":812277099921410,"type":105}
@nix {"action":"result","fields":[0,0,0,0],"id":812277099921411,"type":105}
@nix {"action":"result","fields":[101,0],"id":812277099921409,"type":106}
@nix {"action":"result","fields":[100,0],"id":812277099921409,"type":106}
@nix {"action":"stop","id":812277099921416}
@nix {"action":"start","fields":["/tmp/casita-chain-rerun-l2oceybd/round-2-baseline/chain-round-1-jobs-8/store/0qhdv4sv4c55k428lmir1z6977ryflrq-leaf-2.drv.drv","/tmp/casita-chain-rerun-l2oceybd/round-2-baseline/chain-round-1-jobs-8/store/65gwrk5acv9gn46p0s0qmdqnk5ggigbs-leaf-2.drv.drv"],"id":812277099921417,"level":3,"parent":0,"text":"resolved derivation: '/tmp/casita-chain-rerun-l2oceybd/round-2-baseline/chain-round-1-jobs-8/store/0qhdv4sv4c55k428lmir1z6977ryflrq-leaf-2.drv.drv' -> '/tmp/casita-chain-rerun-l2oceybd/round-2-baseline/chain-round-1-jobs-8/store/65gwrk5acv9gn46p0s0qmdqnk5ggigbs-leaf-2.drv.drv'","type":111}
@nix {"action":"result","fields":[5,36,0,0],"id":812277099921410,"type":105}
@nix {"action":"result","fields":[0,0,0,0],"id":812277099921411,"type":105}
@nix {"action":"result","fields":[101,0],"id":812277099921409,"type":106}
@nix {"action":"result","fields":[100,0],"id":812277099921409,"type":106}
@nix {"action":"start","fields":["/tmp/casita-chain-rerun-l2oceybd/round-2-baseline/chain-round-1-jobs-8/store/65gwrk5acv9gn46p0s0qmdqnk5ggigbs-leaf-2.drv.drv","",1,1],"id":812277099921418,"level":3,"parent":0,"text":"building '/tmp/casita-chain-rerun-l2oceybd/round-2-baseline/chain-round-1-jobs-8/store/65gwrk5acv9gn46p0s0qmdqnk5ggigbs-leaf-2.drv.drv'","type":105}
@nix {"action":"result","fields":[5,36,1,0],"id":812277099921410,"type":105}
@nix {"action":"result","fields":[0,0,0,0],"id":812277099921411,"type":105}
@nix {"action":"result","fields":[101,0],"id":812277099921409,"type":106}
@nix {"action":"result","fields":[100,0],"id":812277099921409,"type":106}
@nix {"action":"result","fields":[6,37,0,0],"id":812277099921410,"type":105}
@nix {"action":"result","fields":[0,0,0,0],"id":812277099921411,"type":105}
@nix {"action":"result","fields":[101,0],"id":812277099921409,"type":106}
@nix {"action":"result","fields":[100,0],"id":812277099921409,"type":106}
@nix {"action":"stop","id":812277099921418}
@nix {"action":"result","fields":[7,37,0,0],"id":812277099921410,"type":105}
@nix {"action":"result","fields":[0,0,0,0],"id":812277099921411,"type":105}
@nix {"action":"result","fields":[101,0],"id":812277099921409,"type":106}
@nix {"action":"result","fields":[100,0],"id":812277099921409,"type":106}
@nix {"action":"stop","id":812277099921417}
@nix {"action":"result","fields":[7,37,0,0],"id":812277099921410,"type":105}
@nix {"action":"result","fields":[0,0,0,0],"id":812277099921411,"type":105}
@nix {"action":"result","fields":[101,0],"id":812277099921409,"type":106}
@nix {"action":"result","fields":[100,0],"id":812277099921409,"type":106}
@nix {"action":"start","fields":["/tmp/casita-chain-rerun-l2oceybd/round-2-baseline/chain-round-1-jobs-8/store/5pwmi3x1zr969ay59cddziwz9z08plpf-leaf-2.drv","",1,1],"id":812277099921419,"level":3,"parent":0,"text":"building '/tmp/casita-chain-rerun-l2oceybd/round-2-baseline/chain-round-1-jobs-8/store/5pwmi3x1zr969ay59cddziwz9z08plpf-leaf-2.drv'","type":105}
@nix {"action":"result","fields":[7,37,1,0],"id":812277099921410,"type":105}
@nix {"action":"result","fields":[0,0,0,0],"id":812277099921411,"type":105}
@nix {"action":"result","fields":[101,0],"id":812277099921409,"type":106}
@nix {"action":"result","fields":[100,0],"id":812277099921409,"type":106}
@nix {"action":"result","fields":[8,38,0,0],"id":812277099921410,"type":105}
@nix {"action":"result","fields":[0,0,0,0],"id":812277099921411,"type":105}
@nix {"action":"result","fields":[101,0],"id":812277099921409,"type":106}
@nix {"action":"result","fields":[100,0],"id":812277099921409,"type":106}
@nix {"action":"stop","id":812277099921419}
@nix {"action":"start","fields":["/tmp/casita-chain-rerun-l2oceybd/round-2-baseline/chain-round-1-jobs-8/store/z23ang2alj5za6db155kq2bjzq7hgzdf-leaf-3.drv.drv","/tmp/casita-chain-rerun-l2oceybd/round-2-baseline/chain-round-1-jobs-8/store/jf4gfnxj07sxa9dl79xfsja6ydn29rdp-leaf-3.drv.drv"],"id":812277099921420,"level":3,"parent":0,"text":"resolved derivation: '/tmp/casita-chain-rerun-l2oceybd/round-2-baseline/chain-round-1-jobs-8/store/z23ang2alj5za6db155kq2bjzq7hgzdf-leaf-3.drv.drv' -> '/tmp/casita-chain-rerun-l2oceybd/round-2-baseline/chain-round-1-jobs-8/store/jf4gfnxj07sxa9dl79xfsja6ydn29rdp-leaf-3.drv.drv'","type":111}
@nix {"action":"result","fields":[8,38,0,0],"id":812277099921410,"type":105}
@nix {"action":"result","fields":[0,0,0,0],"id":812277099921411,"type":105}
@nix {"action":"result","fields":[101,0],"id":812277099921409,"type":106}
@nix {"action":"result","fields":[100,0],"id":812277099921409,"type":106}
@nix {"action":"start","fields":["/tmp/casita-chain-rerun-l2oceybd/round-2-baseline/chain-round-1-jobs-8/store/jf4gfnxj07sxa9dl79xfsja6ydn29rdp-leaf-3.drv.drv","",1,1],"id":812277099921421,"level":3,"parent":0,"text":"building '/tmp/casita-chain-rerun-l2oceybd/round-2-baseline/chain-round-1-jobs-8/store/jf4gfnxj07sxa9dl79xfsja6ydn29rdp-leaf-3.drv.drv'","type":105}
@nix {"action":"result","fields":[8,38,1,0],"id":812277099921410,"type":105}
@nix {"action":"result","fields":[0,0,0,0],"id":812277099921411,"type":105}
@nix {"action":"result","fields":[101,0],"id":812277099921409,"type":106}
@nix {"action":"result","fields":[100,0],"id":812277099921409,"type":106}
@nix {"action":"result","fields":[9,39,0,0],"id":812277099921410,"type":105}
@nix {"action":"result","fields":[0,0,0,0],"id":812277099921411,"type":105}
@nix {"action":"result","fields":[101,0],"id":812277099921409,"type":106}
@nix {"action":"result","fields":[100,0],"id":812277099921409,"type":106}
@nix {"action":"stop","id":812277099921421}
@nix {"action":"result","fields":[10,39,0,0],"id":812277099921410,"type":105}
@nix {"action":"result","fields":[0,0,0,0],"id":812277099921411,"type":105}
@nix {"action":"result","fields":[101,0],"id":812277099921409,"type":106}
@nix {"action":"result","fields":[100,0],"id":812277099921409,"type":106}
@nix {"action":"stop","id":812277099921420}
@nix {"action":"result","fields":[10,39,0,0],"id":812277099921410,"type":105}
@nix {"action":"result","fields":[0,0,0,0],"id":812277099921411,"type":105}
@nix {"action":"result","fields":[101,0],"id":812277099921409,"type":106}
@nix {"action":"result","fields":[100,0],"id":812277099921409,"type":106}
@nix {"action":"start","fields":["/tmp/casita-chain-rerun-l2oceybd/round-2-baseline/chain-round-1-jobs-8/store/fj5p9agdvdmhnn3wvk3g2s0c1s8ql85v-leaf-3.drv","",1,1],"id":812277099921422,"level":3,"parent":0,"text":"building '/tmp/casita-chain-rerun-l2oceybd/round-2-baseline/chain-round-1-jobs-8/store/fj5p9agdvdmhnn3wvk3g2s0c1s8ql85v-leaf-3.drv'","type":105}
@nix {"action":"result","fields":[10,39,1,0],"id":812277099921410,"type":105}
@nix {"action":"result","fields":[0,0,0,0],"id":812277099921411,"type":105}
@nix {"action":"result","fields":[101,0],"id":812277099921409,"type":106}
@nix {"action":"result","fields":[100,0],"id":812277099921409,"type":106}
@nix {"action":"result","fields":[11,40,0,0],"id":812277099921410,"type":105}
@nix {"action":"result","fields":[0,0,0,0],"id":812277099921411,"type":105}
@nix {"action":"result","fields":[101,0],"id":812277099921409,"type":106}
@nix {"action":"result","fields":[100,0],"id":812277099921409,"type":106}
@nix {"action":"stop","id":812277099921422}
@nix {"action":"start","fields":["/tmp/casita-chain-rerun-l2oceybd/round-2-baseline/chain-round-1-jobs-8/store/msjsk5xba1gw4xlkkg2fmgvr77cj349n-leaf-4.drv.drv","/tmp/casita-chain-rerun-l2oceybd/round-2-baseline/chain-round-1-jobs-8/store/qp6zb8s6vz8ancarx9y44pldhlsgfpg2-leaf-4.drv.drv"],"id":812277099921423,"level":3,"parent":0,"text":"resolved derivation: '/tmp/casita-chain-rerun-l2oceybd/round-2-baseline/chain-round-1-jobs-8/store/msjsk5xba1gw4xlkkg2fmgvr77cj349n-leaf-4.drv.drv' -> '/tmp/casita-chain-rerun-l2oceybd/round-2-baseline/chain-round-1-jobs-8/store/qp6zb8s6vz8ancarx9y44pldhlsgfpg2-leaf-4.drv.drv'","type":111}
@nix {"action":"result","fields":[11,40,0,0],"id":812277099921410,"type":105}
@nix {"action":"result","fields":[0,0,0,0],"id":812277099921411,"type":105}
@nix {"action":"result","fields":[101,0],"id":812277099921409,"type":106}
@nix {"action":"result","fields":[100,0],"id":812277099921409,"type":106}
@nix {"action":"start","fields":["/tmp/casita-chain-rerun-l2oceybd/round-2-baseline/chain-round-1-jobs-8/store/qp6zb8s6vz8ancarx9y44pldhlsgfpg2-leaf-4.drv.drv","",1,1],"id":812277099921424,"level":3,"parent":0,"text":"building '/tmp/casita-chain-rerun-l2oceybd/round-2-baseline/chain-round-1-jobs-8/store/qp6zb8s6vz8ancarx9y44pldhlsgfpg2-leaf-4.drv.drv'","type":105}
@nix {"action":"result","fields":[11,40,1,0],"id":812277099921410,"type":105}
@nix {"action":"result","fields":[0,0,0,0],"id":812277099921411,"type":105}
@nix {"action":"result","fields":[101,0],"id":812277099921409,"type":106}
@nix {"action":"result","fields":[100,0],"id":812277099921409,"type":106}
@nix {"action":"result","fields":[12,41,0,0],"id":812277099921410,"type":105}
@nix {"action":"result","fields":[0,0,0,0],"id":812277099921411,"type":105}
@nix {"action":"result","fields":[101,0],"id":812277099921409,"type":106}
@nix {"action":"result","fields":[100,0],"id":812277099921409,"type":106}
@nix {"action":"stop","id":812277099921424}
@nix {"action":"result","fields":[13,41,0,0],"id":812277099921410,"type":105}
@nix {"action":"result","fields":[0,0,0,0],"id":812277099921411,"type":105}
@nix {"action":"result","fields":[101,0],"id":812277099921409,"type":106}
@nix {"action":"result","fields":[100,0],"id":812277099921409,"type":106}
@nix {"action":"stop","id":812277099921423}
@nix {"action":"result","fields":[13,41,0,0],"id":812277099921410,"type":105}
@nix {"action":"result","fields":[0,0,0,0],"id":812277099921411,"type":105}
@nix {"action":"result","fields":[101,0],"id":812277099921409,"type":106}
@nix {"action":"result","fields":[100,0],"id":812277099921409,"type":106}
@nix {"action":"start","fields":["/tmp/casita-chain-rerun-l2oceybd/round-2-baseline/chain-round-1-jobs-8/store/63rak9ydnl55gz06xd062nwly58mvj9m-leaf-4.drv","",1,1],"id":812277099921425,"level":3,"parent":0,"text":"building '/tmp/casita-chain-rerun-l2oceybd/round-2-baseline/chain-round-1-jobs-8/store/63rak9ydnl55gz06xd062nwly58mvj9m-leaf-4.drv'","type":105}
@nix {"action":"result","fields":[13,41,1,0],"id":812277099921410,"type":105}
@nix {"action":"result","fields":[0,0,0,0],"id":812277099921411,"type":105}
@nix {"action":"result","fields":[101,0],"id":812277099921409,"type":106}
@nix {"action":"result","fields":[100,0],"id":812277099921409,"type":106}
@nix {"action":"result","fields":[14,42,0,0],"id":812277099921410,"type":105}
@nix {"action":"result","fields":[0,0,0,0],"id":812277099921411,"type":105}
@nix {"action":"result","fields":[101,0],"id":812277099921409,"type":106}
@nix {"action":"result","fields":[100,0],"id":812277099921409,"type":106}
@nix {"action":"stop","id":812277099921425}
@nix {"action":"start","fields":["/tmp/casita-chain-rerun-l2oceybd/round-2-baseline/chain-round-1-jobs-8/store/bhnv8gbkxi6kkb5qmlkqz6yfdy084jcc-leaf-5.drv.drv","/tmp/casita-chain-rerun-l2oceybd/round-2-baseline/chain-round-1-jobs-8/store/38k11w5dncibpwdy29jrngr32yib0spm-leaf-5.drv.drv"],"id":812277099921426,"level":3,"parent":0,"text":"resolved derivation: '/tmp/casita-chain-rerun-l2oceybd/round-2-baseline/chain-round-1-jobs-8/store/bhnv8gbkxi6kkb5qmlkqz6yfdy084jcc-leaf-5.drv.drv' -> '/tmp/casita-chain-rerun-l2oceybd/round-2-baseline/chain-round-1-jobs-8/store/38k11w5dncibpwdy29jrngr32yib0spm-leaf-5.drv.drv'","type":111}
@nix {"action":"result","fields":[14,42,0,0],"id":812277099921410,"type":105}
@nix {"action":"result","fields":[0,0,0,0],"id":812277099921411,"type":105}
@nix {"action":"result","fields":[101,0],"id":812277099921409,"type":106}
@nix {"action":"result","fields":[100,0],"id":812277099921409,"type":106}
@nix {"action":"start","fields":["/tmp/casita-chain-rerun-l2oceybd/round-2-baseline/chain-round-1-jobs-8/store/38k11w5dncibpwdy29jrngr32yib0spm-leaf-5.drv.drv","",1,1],"id":812277099921427,"level":3,"parent":0,"text":"building '/tmp/casita-chain-rerun-l2oceybd/round-2-baseline/chain-round-1-jobs-8/store/38k11w5dncibpwdy29jrngr32yib0spm-leaf-5.drv.drv'","type":105}
@nix {"action":"result","fields":[14,42,1,0],"id":812277099921410,"type":105}
@nix {"action":"result","fields":[0,0,0,0],"id":812277099921411,"type":105}
@nix {"action":"result","fields":[101,0],"id":812277099921409,"type":106}
@nix {"action":"result","fields":[100,0],"id":812277099921409,"type":106}
@nix {"action":"result","fields":[15,43,0,0],"id":812277099921410,"type":105}
@nix {"action":"result","fields":[0,0,0,0],"id":812277099921411,"type":105}
@nix {"action":"result","fields":[101,0],"id":812277099921409,"type":106}
@nix {"action":"result","fields":[100,0],"id":812277099921409,"type":106}
@nix {"action":"stop","id":812277099921427}
@nix {"action":"result","fields":[16,43,0,0],"id":812277099921410,"type":105}
@nix {"action":"result","fields":[0,0,0,0],"id":812277099921411,"type":105}
@nix {"action":"result","fields":[101,0],"id":812277099921409,"type":106}
@nix {"action":"result","fields":[100,0],"id":812277099921409,"type":106}
@nix {"action":"stop","id":812277099921426}
@nix {"action":"result","fields":[16,43,0,0],"id":812277099921410,"type":105}
@nix {"action":"result","fields":[0,0,0,0],"id":812277099921411,"type":105}
@nix {"action":"result","fields":[101,0],"id":812277099921409,"type":106}
@nix {"action":"result","fields":[100,0],"id":812277099921409,"type":106}
@nix {"action":"start","fields":["/tmp/casita-chain-rerun-l2oceybd/round-2-baseline/chain-round-1-jobs-8/store/g23mb6hk4p2gar28n3hi6sybbidyhxzp-leaf-5.drv","",1,1],"id":812277099921428,"level":3,"parent":0,"text":"building '/tmp/casita-chain-rerun-l2oceybd/round-2-baseline/chain-round-1-jobs-8/store/g23mb6hk4p2gar28n3hi6sybbidyhxzp-leaf-5.drv'","type":105}
@nix {"action":"result","fields":[16,43,1,0],"id":812277099921410,"type":105}
@nix {"action":"result","fields":[0,0,0,0],"id":812277099921411,"type":105}
@nix {"action":"result","fields":[101,0],"id":812277099921409,"type":106}
@nix {"action":"result","fields":[100,0],"id":812277099921409,"type":106}
@nix {"action":"result","fields":[17,44,0,0],"id":812277099921410,"type":105}
@nix {"action":"result","fields":[0,0,0,0],"id":812277099921411,"type":105}
@nix {"action":"result","fields":[101,0],"id":812277099921409,"type":106}
@nix {"action":"result","fields":[100,0],"id":812277099921409,"type":106}
@nix {"action":"stop","id":812277099921428}
@nix {"action":"start","fields":["/tmp/casita-chain-rerun-l2oceybd/round-2-baseline/chain-round-1-jobs-8/store/0n19h9ik13qvm55i9x5v4y051y0sailw-leaf-6.drv.drv","/tmp/casita-chain-rerun-l2oceybd/round-2-baseline/chain-round-1-jobs-8/store/yrrd0v4zqwv2kd6krsvlhcpb07sgr4my-leaf-6.drv.drv"],"id":812277099921429,"level":3,"parent":0,"text":"resolved derivation: '/tmp/casita-chain-rerun-l2oceybd/round-2-baseline/chain-round-1-jobs-8/store/0n19h9ik13qvm55i9x5v4y051y0sailw-leaf-6.drv.drv' -> '/tmp/casita-chain-rerun-l2oceybd/round-2-baseline/chain-round-1-jobs-8/store/yrrd0v4zqwv2kd6krsvlhcpb07sgr4my-leaf-6.drv.drv'","type":111}
@nix {"action":"result","fields":[17,44,0,0],"id":812277099921410,"type":105}
@nix {"action":"result","fields":[0,0,0,0],"id":812277099921411,"type":105}
@nix {"action":"result","fields":[101,0],"id":812277099921409,"type":106}
@nix {"action":"result","fields":[100,0],"id":812277099921409,"type":106}
@nix {"action":"start","fields":["/tmp/casita-chain-rerun-l2oceybd/round-2-baseline/chain-round-1-jobs-8/store/yrrd0v4zqwv2kd6krsvlhcpb07sgr4my-leaf-6.drv.drv","",1,1],"id":812277099921430,"level":3,"parent":0,"text":"building '/tmp/casita-chain-rerun-l2oceybd/round-2-baseline/chain-round-1-jobs-8/store/yrrd0v4zqwv2kd6krsvlhcpb07sgr4my-leaf-6.drv.drv'","type":105}
@nix {"action":"result","fields":[17,44,1,0],"id":812277099921410,"type":105}
@nix {"action":"result","fields":[0,0,0,0],"id":812277099921411,"type":105}
@nix {"action":"result","fields":[101,0],"id":812277099921409,"type":106}
@nix {"action":"result","fields":[100,0],"id":812277099921409,"type":106}
@nix {"action":"result","fields":[18,45,0,0],"id":812277099921410,"type":105}
@nix {"action":"result","fields":[0,0,0,0],"id":812277099921411,"type":105}
@nix {"action":"result","fields":[101,0],"id":812277099921409,"type":106}
@nix {"action":"result","fields":[100,0],"id":812277099921409,"type":106}
@nix {"action":"stop","id":812277099921430}
@nix {"action":"result","fields":[19,45,0,0],"id":812277099921410,"type":105}
@nix {"action":"result","fields":[0,0,0,0],"id":812277099921411,"type":105}
@nix {"action":"result","fields":[101,0],"id":812277099921409,"type":106}
@nix {"action":"result","fields":[100,0],"id":812277099921409,"type":106}
@nix {"action":"stop","id":812277099921429}
@nix {"action":"result","fields":[19,45,0,0],"id":812277099921410,"type":105}
@nix {"action":"result","fields":[0,0,0,0],"id":812277099921411,"type":105}
@nix {"action":"result","fields":[101,0],"id":812277099921409,"type":106}
@nix {"action":"result","fields":[100,0],"id":812277099921409,"type":106}
@nix {"action":"start","fields":["/tmp/casita-chain-rerun-l2oceybd/round-2-baseline/chain-round-1-jobs-8/store/q98r9nf82pzhll1716smi3cx2ijam8r4-leaf-6.drv","",1,1],"id":812277099921431,"level":3,"parent":0,"text":"building '/tmp/casita-chain-rerun-l2oceybd/round-2-baseline/chain-round-1-jobs-8/store/q98r9nf82pzhll1716smi3cx2ijam8r4-leaf-6.drv'","type":105}
@nix {"action":"result","fields":[19,45,1,0],"id":812277099921410,"type":105}
@nix {"action":"result","fields":[0,0,0,0],"id":812277099921411,"type":105}
@nix {"action":"result","fields":[101,0],"id":812277099921409,"type":106}
@nix {"action":"result","fields":[100,0],"id":812277099921409,"type":106}
@nix {"action":"result","fields":[20,46,0,0],"id":812277099921410,"type":105}
@nix {"action":"result","fields":[0,0,0,0],"id":812277099921411,"type":105}
@nix {"action":"result","fields":[101,0],"id":812277099921409,"type":106}
@nix {"action":"result","fields":[100,0],"id":812277099921409,"type":106}
@nix {"action":"stop","id":812277099921431}
@nix {"action":"start","fields":["/tmp/casita-chain-rerun-l2oceybd/round-2-baseline/chain-round-1-jobs-8/store/avxahb9klm5rl9zk9wgb0j284grkyivr-leaf-7.drv.drv","/tmp/casita-chain-rerun-l2oceybd/round-2-baseline/chain-round-1-jobs-8/store/hn1i1r3d254p1hg58va6882b1dgcxckj-leaf-7.drv.drv"],"id":812277099921432,"level":3,"parent":0,"text":"resolved derivation: '/tmp/casita-chain-rerun-l2oceybd/round-2-baseline/chain-round-1-jobs-8/store/avxahb9klm5rl9zk9wgb0j284grkyivr-leaf-7.drv.drv' -> '/tmp/casita-chain-rerun-l2oceybd/round-2-baseline/chain-round-1-jobs-8/store/hn1i1r3d254p1hg58va6882b1dgcxckj-leaf-7.drv.drv'","type":111}
@nix {"action":"result","fields":[20,46,0,0],"id":812277099921410,"type":105}
@nix {"action":"result","fields":[0,0,0,0],"id":812277099921411,"type":105}
@nix {"action":"result","fields":[101,0],"id":812277099921409,"type":106}
@nix {"action":"result","fields":[100,0],"id":812277099921409,"type":106}
@nix {"action":"start","fields":["/tmp/casita-chain-rerun-l2oceybd/round-2-baseline/chain-round-1-jobs-8/store/hn1i1r3d254p1hg58va6882b1dgcxckj-leaf-7.drv.drv","",1,1],"id":812277099921433,"level":3,"parent":0,"text":"building '/tmp/casita-chain-rerun-l2oceybd/round-2-baseline/chain-round-1-jobs-8/store/hn1i1r3d254p1hg58va6882b1dgcxckj-leaf-7.drv.drv'","type":105}
@nix {"action":"result","fields":[20,46,1,0],"id":812277099921410,"type":105}
@nix {"action":"result","fields":[0,0,0,0],"id":812277099921411,"type":105}
@nix {"action":"result","fields":[101,0],"id":812277099921409,"type":106}
@nix {"action":"result","fields":[100,0],"id":812277099921409,"type":106}
@nix {"action":"result","fields":[21,47,0,0],"id":812277099921410,"type":105}
@nix {"action":"result","fields":[0,0,0,0],"id":812277099921411,"type":105}
@nix {"action":"result","fields":[101,0],"id":812277099921409,"type":106}
@nix {"action":"result","fields":[100,0],"id":812277099921409,"type":106}
@nix {"action":"stop","id":812277099921433}
@nix {"action":"result","fields":[22,47,0,0],"id":812277099921410,"type":105}
@nix {"action":"result","fields":[0,0,0,0],"id":812277099921411,"type":105}
@nix {"action":"result","fields":[101,0],"id":812277099921409,"type":106}
@nix {"action":"result","fields":[100,0],"id":812277099921409,"type":106}
@nix {"action":"stop","id":812277099921432}
@nix {"action":"result","fields":[22,47,0,0],"id":812277099921410,"type":105}
@nix {"action":"result","fields":[0,0,0,0],"id":812277099921411,"type":105}
@nix {"action":"result","fields":[101,0],"id":812277099921409,"type":106}
@nix {"action":"result","fields":[100,0],"id":812277099921409,"type":106}
@nix {"action":"start","fields":["/tmp/casita-chain-rerun-l2oceybd/round-2-baseline/chain-round-1-jobs-8/store/0pzamk1wbvjb9pxni3dzafaflyy1x974-leaf-7.drv","",1,1],"id":812277099921434,"level":3,"parent":0,"text":"building '/tmp/casita-chain-rerun-l2oceybd/round-2-baseline/chain-round-1-jobs-8/store/0pzamk1wbvjb9pxni3dzafaflyy1x974-leaf-7.drv'","type":105}
@nix {"action":"result","fields":[22,47,1,0],"id":812277099921410,"type":105}
@nix {"action":"result","fields":[0,0,0,0],"id":812277099921411,"type":105}
@nix {"action":"result","fields":[101,0],"id":812277099921409,"type":106}
@nix {"action":"result","fields":[100,0],"id":812277099921409,"type":106}
@nix {"action":"result","fields":[23,48,0,0],"id":812277099921410,"type":105}
@nix {"action":"result","fields":[0,0,0,0],"id":812277099921411,"type":105}
@nix {"action":"result","fields":[101,0],"id":812277099921409,"type":106}
@nix {"action":"result","fields":[100,0],"id":812277099921409,"type":106}
@nix {"action":"stop","id":812277099921434}
@nix {"action":"start","fields":["/tmp/casita-chain-rerun-l2oceybd/round-2-baseline/chain-round-1-jobs-8/store/9rzx06997ihxzknbh2w8x2xrkdzqckl2-leaf-8.drv.drv","/tmp/casita-chain-rerun-l2oceybd/round-2-baseline/chain-round-1-jobs-8/store/zz8d77v5sm1g6d7nsahypgb8bgi5gyxp-leaf-8.drv.drv"],"id":812277099921435,"level":3,"parent":0,"text":"resolved derivation: '/tmp/casita-chain-rerun-l2oceybd/round-2-baseline/chain-round-1-jobs-8/store/9rzx06997ihxzknbh2w8x2xrkdzqckl2-leaf-8.drv.drv' -> '/tmp/casita-chain-rerun-l2oceybd/round-2-baseline/chain-round-1-jobs-8/store/zz8d77v5sm1g6d7nsahypgb8bgi5gyxp-leaf-8.drv.drv'","type":111}
@nix {"action":"result","fields":[23,48,0,0],"id":812277099921410,"type":105}
@nix {"action":"result","fields":[0,0,0,0],"id":812277099921411,"type":105}
@nix {"action":"result","fields":[101,0],"id":812277099921409,"type":106}
@nix {"action":"result","fields":[100,0],"id":812277099921409,"type":106}
@nix {"action":"start","fields":["/tmp/casita-chain-rerun-l2oceybd/round-2-baseline/chain-round-1-jobs-8/store/zz8d77v5sm1g6d7nsahypgb8bgi5gyxp-leaf-8.drv.drv","",1,1],"id":812277099921436,"level":3,"parent":0,"text":"building '/tmp/casita-chain-rerun-l2oceybd/round-2-baseline/chain-round-1-jobs-8/store/zz8d77v5sm1g6d7nsahypgb8bgi5gyxp-leaf-8.drv.drv'","type":105}
@nix {"action":"result","fields":[23,48,1,0],"id":812277099921410,"type":105}
@nix {"action":"result","fields":[0,0,0,0],"id":812277099921411,"type":105}
@nix {"action":"result","fields":[101,0],"id":812277099921409,"type":106}
@nix {"action":"result","fields":[100,0],"id":812277099921409,"type":106}
@nix {"action":"result","fields":[24,49,0,0],"id":812277099921410,"type":105}
@nix {"action":"result","fields":[0,0,0,0],"id":812277099921411,"type":105}
@nix {"action":"result","fields":[101,0],"id":812277099921409,"type":106}
@nix {"action":"result","fields":[100,0],"id":812277099921409,"type":106}
@nix {"action":"stop","id":812277099921436}
@nix {"action":"result","fields":[25,49,0,0],"id":812277099921410,"type":105}
@nix {"action":"result","fields":[0,0,0,0],"id":812277099921411,"type":105}
@nix {"action":"result","fields":[101,0],"id":812277099921409,"type":106}
@nix {"action":"result","fields":[100,0],"id":812277099921409,"type":106}
@nix {"action":"stop","id":812277099921435}
@nix {"action":"result","fields":[25,49,0,0],"id":812277099921410,"type":105}
@nix {"action":"result","fields":[0,0,0,0],"id":812277099921411,"type":105}
@nix {"action":"result","fields":[101,0],"id":812277099921409,"type":106}
@nix {"action":"result","fields":[100,0],"id":812277099921409,"type":106}
@nix {"action":"start","fields":["/tmp/casita-chain-rerun-l2oceybd/round-2-baseline/chain-round-1-jobs-8/store/spnfdzbn256bhiw342j5k799x5f8xlpk-leaf-8.drv","",1,1],"id":812277099921437,"level":3,"parent":0,"text":"building '/tmp/casita-chain-rerun-l2oceybd/round-2-baseline/chain-round-1-jobs-8/store/spnfdzbn256bhiw342j5k799x5f8xlpk-leaf-8.drv'","type":105}
@nix {"action":"result","fields":[25,49,1,0],"id":812277099921410,"type":105}
@nix {"action":"result","fields":[0,0,0,0],"id":812277099921411,"type":105}
@nix {"action":"result","fields":[101,0],"id":812277099921409,"type":106}
@nix {"action":"result","fields":[100,0],"id":812277099921409,"type":106}
@nix {"action":"result","fields":[26,50,0,0],"id":812277099921410,"type":105}
@nix {"action":"result","fields":[0,0,0,0],"id":812277099921411,"type":105}
@nix {"action":"result","fields":[101,0],"id":812277099921409,"type":106}
@nix {"action":"result","fields":[100,0],"id":812277099921409,"type":106}
@nix {"action":"stop","id":812277099921437}
@nix {"action":"start","fields":["/tmp/casita-chain-rerun-l2oceybd/round-2-baseline/chain-round-1-jobs-8/store/qqbi5p8x5l3iiw8sfxrm5yv69rh8783v-leaf-9.drv.drv","/tmp/casita-chain-rerun-l2oceybd/round-2-baseline/chain-round-1-jobs-8/store/5wxpibd5nm3i2d7xgaxpjwpsnd7px7rs-leaf-9.drv.drv"],"id":812277099921438,"level":3,"parent":0,"text":"resolved derivation: '/tmp/casita-chain-rerun-l2oceybd/round-2-baseline/chain-round-1-jobs-8/store/qqbi5p8x5l3iiw8sfxrm5yv69rh8783v-leaf-9.drv.drv' -> '/tmp/casita-chain-rerun-l2oceybd/round-2-baseline/chain-round-1-jobs-8/store/5wxpibd5nm3i2d7xgaxpjwpsnd7px7rs-leaf-9.drv.drv'","type":111}
@nix {"action":"result","fields":[26,50,0,0],"id":812277099921410,"type":105}
@nix {"action":"result","fields":[0,0,0,0],"id":812277099921411,"type":105}
@nix {"action":"result","fields":[101,0],"id":812277099921409,"type":106}
@nix {"action":"result","fields":[100,0],"id":812277099921409,"type":106}
@nix {"action":"start","fields":["/tmp/casita-chain-rerun-l2oceybd/round-2-baseline/chain-round-1-jobs-8/store/5wxpibd5nm3i2d7xgaxpjwpsnd7px7rs-leaf-9.drv.drv","",1,1],"id":812277099921439,"level":3,"parent":0,"text":"building '/tmp/casita-chain-rerun-l2oceybd/round-2-baseline/chain-round-1-jobs-8/store/5wxpibd5nm3i2d7xgaxpjwpsnd7px7rs-leaf-9.drv.drv'","type":105}
@nix {"action":"result","fields":[26,50,1,0],"id":812277099921410,"type":105}
@nix {"action":"result","fields":[0,0,0,0],"id":812277099921411,"type":105}
@nix {"action":"result","fields":[101,0],"id":812277099921409,"type":106}
@nix {"action":"result","fields":[100,0],"id":812277099921409,"type":106}
@nix {"action":"result","fields":[27,51,0,0],"id":812277099921410,"type":105}
@nix {"action":"result","fields":[0,0,0,0],"id":812277099921411,"type":105}
@nix {"action":"result","fields":[101,0],"id":812277099921409,"type":106}
@nix {"action":"result","fields":[100,0],"id":812277099921409,"type":106}
@nix {"action":"stop","id":812277099921439}
@nix {"action":"result","fields":[28,51,0,0],"id":812277099921410,"type":105}
@nix {"action":"result","fields":[0,0,0,0],"id":812277099921411,"type":105}
@nix {"action":"result","fields":[101,0],"id":812277099921409,"type":106}
@nix {"action":"result","fields":[100,0],"id":812277099921409,"type":106}
@nix {"action":"stop","id":812277099921438}
@nix {"action":"result","fields":[28,51,0,0],"id":812277099921410,"type":105}
@nix {"action":"result","fields":[0,0,0,0],"id":812277099921411,"type":105}
@nix {"action":"result","fields":[101,0],"id":812277099921409,"type":106}
@nix {"action":"result","fields":[100,0],"id":812277099921409,"type":106}
@nix {"action":"start","fields":["/tmp/casita-chain-rerun-l2oceybd/round-2-baseline/chain-round-1-jobs-8/store/6dcipcl39y877lc5idhqnrqngsv5i4f9-leaf-9.drv","",1,1],"id":812277099921440,"level":3,"parent":0,"text":"building '/tmp/casita-chain-rerun-l2oceybd/round-2-baseline/chain-round-1-jobs-8/store/6dcipcl39y877lc5idhqnrqngsv5i4f9-leaf-9.drv'","type":105}
@nix {"action":"result","fields":[28,51,1,0],"id":812277099921410,"type":105}
@nix {"action":"result","fields":[0,0,0,0],"id":812277099921411,"type":105}
@nix {"action":"result","fields":[101,0],"id":812277099921409,"type":106}
@nix {"action":"result","fields":[100,0],"id":812277099921409,"type":106}
@nix {"action":"result","fields":[29,52,0,0],"id":812277099921410,"type":105}
@nix {"action":"result","fields":[0,0,0,0],"id":812277099921411,"type":105}
@nix {"action":"result","fields":[101,0],"id":812277099921409,"type":106}
@nix {"action":"result","fields":[100,0],"id":812277099921409,"type":106}
@nix {"action":"stop","id":812277099921440}
@nix {"action":"start","fields":["/tmp/casita-chain-rerun-l2oceybd/round-2-baseline/chain-round-1-jobs-8/store/2fdih0fqnlkcri4hzancna0dmqj39k09-leaf-10.drv.drv","/tmp/casita-chain-rerun-l2oceybd/round-2-baseline/chain-round-1-jobs-8/store/xlwd61rbf7y713frfms2qhf81yhklh31-leaf-10.drv.drv"],"id":812277099921441,"level":3,"parent":0,"text":"resolved derivation: '/tmp/casita-chain-rerun-l2oceybd/round-2-baseline/chain-round-1-jobs-8/store/2fdih0fqnlkcri4hzancna0dmqj39k09-leaf-10.drv.drv' -> '/tmp/casita-chain-rerun-l2oceybd/round-2-baseline/chain-round-1-jobs-8/store/xlwd61rbf7y713frfms2qhf81yhklh31-leaf-10.drv.drv'","type":111}
@nix {"action":"result","fields":[29,52,0,0],"id":812277099921410,"type":105}
@nix {"action":"result","fields":[0,0,0,0],"id":812277099921411,"type":105}
@nix {"action":"result","fields":[101,0],"id":812277099921409,"type":106}
@nix {"action":"result","fields":[100,0],"id":812277099921409,"type":106}
@nix {"action":"start","fields":["/tmp/casita-chain-rerun-l2oceybd/round-2-baseline/chain-round-1-jobs-8/store/xlwd61rbf7y713frfms2qhf81yhklh31-leaf-10.drv.drv","",1,1],"id":812277099921442,"level":3,"parent":0,"text":"building '/tmp/casita-chain-rerun-l2oceybd/round-2-baseline/chain-round-1-jobs-8/store/xlwd61rbf7y713frfms2qhf81yhklh31-leaf-10.drv.drv'","type":105}
@nix {"action":"result","fields":[29,52,1,0],"id":812277099921410,"type":105}
@nix {"action":"result","fields":[0,0,0,0],"id":812277099921411,"type":105}
@nix {"action":"result","fields":[101,0],"id":812277099921409,"type":106}
@nix {"action":"result","fields":[100,0],"id":812277099921409,"type":106}
@nix {"action":"result","fields":[30,53,0,0],"id":812277099921410,"type":105}
@nix {"action":"result","fields":[0,0,0,0],"id":812277099921411,"type":105}
@nix {"action":"result","fields":[101,0],"id":812277099921409,"type":106}
@nix {"action":"result","fields":[100,0],"id":812277099921409,"type":106}
@nix {"action":"stop","id":812277099921442}
@nix {"action":"result","fields":[31,53,0,0],"id":812277099921410,"type":105}
@nix {"action":"result","fields":[0,0,0,0],"id":812277099921411,"type":105}
@nix {"action":"result","fields":[101,0],"id":812277099921409,"type":106}
@nix {"action":"result","fields":[100,0],"id":812277099921409,"type":106}
@nix {"action":"stop","id":812277099921441}
@nix {"action":"result","fields":[31,53,0,0],"id":812277099921410,"type":105}
@nix {"action":"result","fields":[0,0,0,0],"id":812277099921411,"type":105}
@nix {"action":"result","fields":[101,0],"id":812277099921409,"type":106}
@nix {"action":"result","fields":[100,0],"id":812277099921409,"type":106}
@nix {"action":"start","fields":["/tmp/casita-chain-rerun-l2oceybd/round-2-baseline/chain-round-1-jobs-8/store/icvwinlq84p8ia8x4317hj35nr7b5fy1-leaf-10.drv","",1,1],"id":812277099921443,"level":3,"parent":0,"text":"building '/tmp/casita-chain-rerun-l2oceybd/round-2-baseline/chain-round-1-jobs-8/store/icvwinlq84p8ia8x4317hj35nr7b5fy1-leaf-10.drv'","type":105}
@nix {"action":"result","fields":[31,53,1,0],"id":812277099921410,"type":105}
@nix {"action":"result","fields":[0,0,0,0],"id":812277099921411,"type":105}
@nix {"action":"result","fields":[101,0],"id":812277099921409,"type":106}
@nix {"action":"result","fields":[100,0],"id":812277099921409,"type":106}
@nix {"action":"result","fields":[32,54,0,0],"id":812277099921410,"type":105}
@nix {"action":"result","fields":[0,0,0,0],"id":812277099921411,"type":105}
@nix {"action":"result","fields":[101,0],"id":812277099921409,"type":106}
@nix {"action":"result","fields":[100,0],"id":812277099921409,"type":106}
@nix {"action":"stop","id":812277099921443}
@nix {"action":"start","fields":["/tmp/casita-chain-rerun-l2oceybd/round-2-baseline/chain-round-1-jobs-8/store/81clbfkqvyh6l5gqri796nljzk2x47cg-leaf-11.drv.drv","/tmp/casita-chain-rerun-l2oceybd/round-2-baseline/chain-round-1-jobs-8/store/573p7yf5ys0b4b8rc396jpf95x7h5xrp-leaf-11.drv.drv"],"id":812277099921444,"level":3,"parent":0,"text":"resolved derivation: '/tmp/casita-chain-rerun-l2oceybd/round-2-baseline/chain-round-1-jobs-8/store/81clbfkqvyh6l5gqri796nljzk2x47cg-leaf-11.drv.drv' -> '/tmp/casita-chain-rerun-l2oceybd/round-2-baseline/chain-round-1-jobs-8/store/573p7yf5ys0b4b8rc396jpf95x7h5xrp-leaf-11.drv.drv'","type":111}
@nix {"action":"result","fields":[32,54,0,0],"id":812277099921410,"type":105}
@nix {"action":"result","fields":[0,0,0,0],"id":812277099921411,"type":105}
@nix {"action":"result","fields":[101,0],"id":812277099921409,"type":106}
@nix {"action":"result","fields":[100,0],"id":812277099921409,"type":106}
@nix {"action":"start","fields":["/tmp/casita-chain-rerun-l2oceybd/round-2-baseline/chain-round-1-jobs-8/store/573p7yf5ys0b4b8rc396jpf95x7h5xrp-leaf-11.drv.drv","",1,1],"id":812277099921445,"level":3,"parent":0,"text":"building '/tmp/casita-chain-rerun-l2oceybd/round-2-baseline/chain-round-1-jobs-8/store/573p7yf5ys0b4b8rc396jpf95x7h5xrp-leaf-11.drv.drv'","type":105}
@nix {"action":"result","fields":[32,54,1,0],"id":812277099921410,"type":105}
@nix {"action":"result","fields":[0,0,0,0],"id":812277099921411,"type":105}
@nix {"action":"result","fields":[101,0],"id":812277099921409,"type":106}
@nix {"action":"result","fields":[100,0],"id":812277099921409,"type":106}
@nix {"action":"result","fields":[33,55,0,0],"id":812277099921410,"type":105}
@nix {"action":"result","fields":[0,0,0,0],"id":812277099921411,"type":105}
@nix {"action":"result","fields":[101,0],"id":812277099921409,"type":106}
@nix {"action":"result","fields":[100,0],"id":812277099921409,"type":106}
@nix {"action":"stop","id":812277099921445}
@nix {"action":"result","fields":[34,55,0,0],"id":812277099921410,"type":105}
@nix {"action":"result","fields":[0,0,0,0],"id":812277099921411,"type":105}
@nix {"action":"result","fields":[101,0],"id":812277099921409,"type":106}
@nix {"action":"result","fields":[100,0],"id":812277099921409,"type":106}
@nix {"action":"stop","id":812277099921444}
@nix {"action":"result","fields":[34,55,0,0],"id":812277099921410,"type":105}
@nix {"action":"result","fields":[0,0,0,0],"id":812277099921411,"type":105}
@nix {"action":"result","fields":[101,0],"id":812277099921409,"type":106}
@nix {"action":"result","fields":[100,0],"id":812277099921409,"type":106}
@nix {"action":"start","fields":["/tmp/casita-chain-rerun-l2oceybd/round-2-baseline/chain-round-1-jobs-8/store/5lz63s5c4aj37k33935rdd0pw78q8884-leaf-11.drv","",1,1],"id":812277099921446,"level":3,"parent":0,"text":"building '/tmp/casita-chain-rerun-l2oceybd/round-2-baseline/chain-round-1-jobs-8/store/5lz63s5c4aj37k33935rdd0pw78q8884-leaf-11.drv'","type":105}
@nix {"action":"result","fields":[34,55,1,0],"id":812277099921410,"type":105}
@nix {"action":"result","fields":[0,0,0,0],"id":812277099921411,"type":105}
@nix {"action":"result","fields":[101,0],"id":812277099921409,"type":106}
@nix {"action":"result","fields":[100,0],"id":812277099921409,"type":106}
@nix {"action":"result","fields":[35,56,0,0],"id":812277099921410,"type":105}
@nix {"action":"result","fields":[0,0,0,0],"id":812277099921411,"type":105}
@nix {"action":"result","fields":[101,0],"id":812277099921409,"type":106}
@nix {"action":"result","fields":[100,0],"id":812277099921409,"type":106}
@nix {"action":"stop","id":812277099921446}
@nix {"action":"start","fields":["/tmp/casita-chain-rerun-l2oceybd/round-2-baseline/chain-round-1-jobs-8/store/76b90vcgkf8yjrpwf04w4r8bw950apm0-leaf-12.drv.drv","/tmp/casita-chain-rerun-l2oceybd/round-2-baseline/chain-round-1-jobs-8/store/9msvydda9xm2cw02gqfrbsxgkmyxrbcz-leaf-12.drv.drv"],"id":812277099921447,"level":3,"parent":0,"text":"resolved derivation: '/tmp/casita-chain-rerun-l2oceybd/round-2-baseline/chain-round-1-jobs-8/store/76b90vcgkf8yjrpwf04w4r8bw950apm0-leaf-12.drv.drv' -> '/tmp/casita-chain-rerun-l2oceybd/round-2-baseline/chain-round-1-jobs-8/store/9msvydda9xm2cw02gqfrbsxgkmyxrbcz-leaf-12.drv.drv'","type":111}
@nix {"action":"result","fields":[35,56,0,0],"id":812277099921410,"type":105}
@nix {"action":"result","fields":[0,0,0,0],"id":812277099921411,"type":105}
@nix {"action":"result","fields":[101,0],"id":812277099921409,"type":106}
@nix {"action":"result","fields":[100,0],"id":812277099921409,"type":106}
@nix {"action":"start","fields":["/tmp/casita-chain-rerun-l2oceybd/round-2-baseline/chain-round-1-jobs-8/store/9msvydda9xm2cw02gqfrbsxgkmyxrbcz-leaf-12.drv.drv","",1,1],"id":812277099921448,"level":3,"parent":0,"text":"building '/tmp/casita-chain-rerun-l2oceybd/round-2-baseline/chain-round-1-jobs-8/store/9msvydda9xm2cw02gqfrbsxgkmyxrbcz-leaf-12.drv.drv'","type":105}
@nix {"action":"result","fields":[35,56,1,0],"id":812277099921410,"type":105}
@nix {"action":"result","fields":[0,0,0,0],"id":812277099921411,"type":105}
@nix {"action":"result","fields":[101,0],"id":812277099921409,"type":106}
@nix {"action":"result","fields":[100,0],"id":812277099921409,"type":106}
@nix {"action":"result","fields":[36,57,0,0],"id":812277099921410,"type":105}
@nix {"action":"result","fields":[0,0,0,0],"id":812277099921411,"type":105}
@nix {"action":"result","fields":[101,0],"id":812277099921409,"type":106}
@nix {"action":"result","fields":[100,0],"id":812277099921409,"type":106}
@nix {"action":"stop","id":812277099921448}
@nix {"action":"result","fields":[37,57,0,0],"id":812277099921410,"type":105}
@nix {"action":"result","fields":[0,0,0,0],"id":812277099921411,"type":105}
@nix {"action":"result","fields":[101,0],"id":812277099921409,"type":106}
@nix {"action":"result","fields":[100,0],"id":812277099921409,"type":106}
@nix {"action":"stop","id":812277099921447}
@nix {"action":"result","fields":[37,57,0,0],"id":812277099921410,"type":105}
@nix {"action":"result","fields":[0,0,0,0],"id":812277099921411,"type":105}
@nix {"action":"result","fields":[101,0],"id":812277099921409,"type":106}
@nix {"action":"result","fields":[100,0],"id":812277099921409,"type":106}
@nix {"action":"start","fields":["/tmp/casita-chain-rerun-l2oceybd/round-2-baseline/chain-round-1-jobs-8/store/3vbvkwqc756cfv0mf5wv8hkifaah39fp-leaf-12.drv","",1,1],"id":812277099921449,"level":3,"parent":0,"text":"building '/tmp/casita-chain-rerun-l2oceybd/round-2-baseline/chain-round-1-jobs-8/store/3vbvkwqc756cfv0mf5wv8hkifaah39fp-leaf-12.drv'","type":105}
@nix {"action":"result","fields":[37,57,1,0],"id":812277099921410,"type":105}
@nix {"action":"result","fields":[0,0,0,0],"id":812277099921411,"type":105}
@nix {"action":"result","fields":[101,0],"id":812277099921409,"type":106}
@nix {"action":"result","fields":[100,0],"id":812277099921409,"type":106}
@nix {"action":"result","fields":[38,58,0,0],"id":812277099921410,"type":105}
@nix {"action":"result","fields":[0,0,0,0],"id":812277099921411,"type":105}
@nix {"action":"result","fields":[101,0],"id":812277099921409,"type":106}
@nix {"action":"result","fields":[100,0],"id":812277099921409,"type":106}
@nix {"action":"stop","id":812277099921449}
@nix {"action":"start","fields":["/tmp/casita-chain-rerun-l2oceybd/round-2-baseline/chain-round-1-jobs-8/store/slynndz7m83vf34ygn23q6vgbbs3cqr1-leaf-13.drv.drv","/tmp/casita-chain-rerun-l2oceybd/round-2-baseline/chain-round-1-jobs-8/store/w32zd0inp42rwbgrgbls0rw94yw1d1kl-leaf-13.drv.drv"],"id":812277099921450,"level":3,"parent":0,"text":"resolved derivation: '/tmp/casita-chain-rerun-l2oceybd/round-2-baseline/chain-round-1-jobs-8/store/slynndz7m83vf34ygn23q6vgbbs3cqr1-leaf-13.drv.drv' -> '/tmp/casita-chain-rerun-l2oceybd/round-2-baseline/chain-round-1-jobs-8/store/w32zd0inp42rwbgrgbls0rw94yw1d1kl-leaf-13.drv.drv'","type":111}
@nix {"action":"result","fields":[38,58,0,0],"id":812277099921410,"type":105}
@nix {"action":"result","fields":[0,0,0,0],"id":812277099921411,"type":105}
@nix {"action":"result","fields":[101,0],"id":812277099921409,"type":106}
@nix {"action":"result","fields":[100,0],"id":812277099921409,"type":106}
@nix {"action":"start","fields":["/tmp/casita-chain-rerun-l2oceybd/round-2-baseline/chain-round-1-jobs-8/store/w32zd0inp42rwbgrgbls0rw94yw1d1kl-leaf-13.drv.drv","",1,1],"id":812277099921451,"level":3,"parent":0,"text":"building '/tmp/casita-chain-rerun-l2oceybd/round-2-baseline/chain-round-1-jobs-8/store/w32zd0inp42rwbgrgbls0rw94yw1d1kl-leaf-13.drv.drv'","type":105}
@nix {"action":"result","fields":[38,58,1,0],"id":812277099921410,"type":105}
@nix {"action":"result","fields":[0,0,0,0],"id":812277099921411,"type":105}
@nix {"action":"result","fields":[101,0],"id":812277099921409,"type":106}
@nix {"action":"result","fields":[100,0],"id":812277099921409,"type":106}
@nix {"action":"result","fields":[39,59,0,0],"id":812277099921410,"type":105}
@nix {"action":"result","fields":[0,0,0,0],"id":812277099921411,"type":105}
@nix {"action":"result","fields":[101,0],"id":812277099921409,"type":106}
@nix {"action":"result","fields":[100,0],"id":812277099921409,"type":106}
@nix {"action":"stop","id":812277099921451}
@nix {"action":"result","fields":[40,59,0,0],"id":812277099921410,"type":105}
@nix {"action":"result","fields":[0,0,0,0],"id":812277099921411,"type":105}
@nix {"action":"result","fields":[101,0],"id":812277099921409,"type":106}
@nix {"action":"result","fields":[100,0],"id":812277099921409,"type":106}
@nix {"action":"stop","id":812277099921450}
@nix {"action":"result","fields":[40,59,0,0],"id":812277099921410,"type":105}
@nix {"action":"result","fields":[0,0,0,0],"id":812277099921411,"type":105}
@nix {"action":"result","fields":[101,0],"id":812277099921409,"type":106}
@nix {"action":"result","fields":[100,0],"id":812277099921409,"type":106}
@nix {"action":"start","fields":["/tmp/casita-chain-rerun-l2oceybd/round-2-baseline/chain-round-1-jobs-8/store/i6n1q4s8cw7jd2azcmhh1zf2wc5qn9hk-leaf-13.drv","",1,1],"id":812277099921452,"level":3,"parent":0,"text":"building '/tmp/casita-chain-rerun-l2oceybd/round-2-baseline/chain-round-1-jobs-8/store/i6n1q4s8cw7jd2azcmhh1zf2wc5qn9hk-leaf-13.drv'","type":105}
@nix {"action":"result","fields":[40,59,1,0],"id":812277099921410,"type":105}
@nix {"action":"result","fields":[0,0,0,0],"id":812277099921411,"type":105}
@nix {"action":"result","fields":[101,0],"id":812277099921409,"type":106}
@nix {"action":"result","fields":[100,0],"id":812277099921409,"type":106}
@nix {"action":"result","fields":[41,60,0,0],"id":812277099921410,"type":105}
@nix {"action":"result","fields":[0,0,0,0],"id":812277099921411,"type":105}
@nix {"action":"result","fields":[101,0],"id":812277099921409,"type":106}
@nix {"action":"result","fields":[100,0],"id":812277099921409,"type":106}
@nix {"action":"stop","id":812277099921452}
@nix {"action":"start","fields":["/tmp/casita-chain-rerun-l2oceybd/round-2-baseline/chain-round-1-jobs-8/store/bc7wdwq2bjcf7g0h5m1hxjkq59nz4p4n-leaf-14.drv.drv","/tmp/casita-chain-rerun-l2oceybd/round-2-baseline/chain-round-1-jobs-8/store/y4iyxvfdh9192cpbs49vb4y2k2vs90r2-leaf-14.drv.drv"],"id":812277099921453,"level":3,"parent":0,"text":"resolved derivation: '/tmp/casita-chain-rerun-l2oceybd/round-2-baseline/chain-round-1-jobs-8/store/bc7wdwq2bjcf7g0h5m1hxjkq59nz4p4n-leaf-14.drv.drv' -> '/tmp/casita-chain-rerun-l2oceybd/round-2-baseline/chain-round-1-jobs-8/store/y4iyxvfdh9192cpbs49vb4y2k2vs90r2-leaf-14.drv.drv'","type":111}
@nix {"action":"result","fields":[41,60,0,0],"id":812277099921410,"type":105}
@nix {"action":"result","fields":[0,0,0,0],"id":812277099921411,"type":105}
@nix {"action":"result","fields":[101,0],"id":812277099921409,"type":106}
@nix {"action":"result","fields":[100,0],"id":812277099921409,"type":106}
@nix {"action":"start","fields":["/tmp/casita-chain-rerun-l2oceybd/round-2-baseline/chain-round-1-jobs-8/store/y4iyxvfdh9192cpbs49vb4y2k2vs90r2-leaf-14.drv.drv","",1,1],"id":812277099921454,"level":3,"parent":0,"text":"building '/tmp/casita-chain-rerun-l2oceybd/round-2-baseline/chain-round-1-jobs-8/store/y4iyxvfdh9192cpbs49vb4y2k2vs90r2-leaf-14.drv.drv'","type":105}
@nix {"action":"result","fields":[41,60,1,0],"id":812277099921410,"type":105}
@nix {"action":"result","fields":[0,0,0,0],"id":812277099921411,"type":105}
@nix {"action":"result","fields":[101,0],"id":812277099921409,"type":106}
@nix {"action":"result","fields":[100,0],"id":812277099921409,"type":106}
@nix {"action":"result","fields":[42,61,0,0],"id":812277099921410,"type":105}
@nix {"action":"result","fields":[0,0,0,0],"id":812277099921411,"type":105}
@nix {"action":"result","fields":[101,0],"id":812277099921409,"type":106}
@nix {"action":"result","fields":[100,0],"id":812277099921409,"type":106}
@nix {"action":"stop","id":812277099921454}
@nix {"action":"result","fields":[43,61,0,0],"id":812277099921410,"type":105}
@nix {"action":"result","fields":[0,0,0,0],"id":812277099921411,"type":105}
@nix {"action":"result","fields":[101,0],"id":812277099921409,"type":106}
@nix {"action":"result","fields":[100,0],"id":812277099921409,"type":106}
@nix {"action":"stop","id":812277099921453}
@nix {"action":"result","fields":[43,61,0,0],"id":812277099921410,"type":105}
@nix {"action":"result","fields":[0,0,0,0],"id":812277099921411,"type":105}
@nix {"action":"result","fields":[101,0],"id":812277099921409,"type":106}
@nix {"action":"result","fields":[100,0],"id":812277099921409,"type":106}
@nix {"action":"start","fields":["/tmp/casita-chain-rerun-l2oceybd/round-2-baseline/chain-round-1-jobs-8/store/h7dwln3p0dm4bpr1gn5gfhc2axm23csg-leaf-14.drv","",1,1],"id":812277099921455,"level":3,"parent":0,"text":"building '/tmp/casita-chain-rerun-l2oceybd/round-2-baseline/chain-round-1-jobs-8/store/h7dwln3p0dm4bpr1gn5gfhc2axm23csg-leaf-14.drv'","type":105}
@nix {"action":"result","fields":[43,61,1,0],"id":812277099921410,"type":105}
@nix {"action":"result","fields":[0,0,0,0],"id":812277099921411,"type":105}
@nix {"action":"result","fields":[101,0],"id":812277099921409,"type":106}
@nix {"action":"result","fields":[100,0],"id":812277099921409,"type":106}
@nix {"action":"result","fields":[44,62,0,0],"id":812277099921410,"type":105}
@nix {"action":"result","fields":[0,0,0,0],"id":812277099921411,"type":105}
@nix {"action":"result","fields":[101,0],"id":812277099921409,"type":106}
@nix {"action":"result","fields":[100,0],"id":812277099921409,"type":106}
@nix {"action":"stop","id":812277099921455}
@nix {"action":"start","fields":["/tmp/casita-chain-rerun-l2oceybd/round-2-baseline/chain-round-1-jobs-8/store/g6ihyd5bx6gpz5dz5aibqyr1jf4d4nq5-leaf-15.drv.drv","/tmp/casita-chain-rerun-l2oceybd/round-2-baseline/chain-round-1-jobs-8/store/mfli77prp052yh5dn4jv76k0mb0kjl5n-leaf-15.drv.drv"],"id":812277099921456,"level":3,"parent":0,"text":"resolved derivation: '/tmp/casita-chain-rerun-l2oceybd/round-2-baseline/chain-round-1-jobs-8/store/g6ihyd5bx6gpz5dz5aibqyr1jf4d4nq5-leaf-15.drv.drv' -> '/tmp/casita-chain-rerun-l2oceybd/round-2-baseline/chain-round-1-jobs-8/store/mfli77prp052yh5dn4jv76k0mb0kjl5n-leaf-15.drv.drv'","type":111}
@nix {"action":"result","fields":[44,62,0,0],"id":812277099921410,"type":105}
@nix {"action":"result","fields":[0,0,0,0],"id":812277099921411,"type":105}
@nix {"action":"result","fields":[101,0],"id":812277099921409,"type":106}
@nix {"action":"result","fields":[100,0],"id":812277099921409,"type":106}
@nix {"action":"start","fields":["/tmp/casita-chain-rerun-l2oceybd/round-2-baseline/chain-round-1-jobs-8/store/mfli77prp052yh5dn4jv76k0mb0kjl5n-leaf-15.drv.drv","",1,1],"id":812277099921457,"level":3,"parent":0,"text":"building '/tmp/casita-chain-rerun-l2oceybd/round-2-baseline/chain-round-1-jobs-8/store/mfli77prp052yh5dn4jv76k0mb0kjl5n-leaf-15.drv.drv'","type":105}
@nix {"action":"result","fields":[44,62,1,0],"id":812277099921410,"type":105}
@nix {"action":"result","fields":[0,0,0,0],"id":812277099921411,"type":105}
@nix {"action":"result","fields":[101,0],"id":812277099921409,"type":106}
@nix {"action":"result","fields":[100,0],"id":812277099921409,"type":106}
@nix {"action":"result","fields":[45,63,0,0],"id":812277099921410,"type":105}
@nix {"action":"result","fields":[0,0,0,0],"id":812277099921411,"type":105}
@nix {"action":"result","fields":[101,0],"id":812277099921409,"type":106}
@nix {"action":"result","fields":[100,0],"id":812277099921409,"type":106}
@nix {"action":"stop","id":812277099921457}
@nix {"action":"result","fields":[46,63,0,0],"id":812277099921410,"type":105}
@nix {"action":"result","fields":[0,0,0,0],"id":812277099921411,"type":105}
@nix {"action":"result","fields":[101,0],"id":812277099921409,"type":106}
@nix {"action":"result","fields":[100,0],"id":812277099921409,"type":106}
@nix {"action":"stop","id":812277099921456}
@nix {"action":"result","fields":[46,63,0,0],"id":812277099921410,"type":105}
@nix {"action":"result","fields":[0,0,0,0],"id":812277099921411,"type":105}
@nix {"action":"result","fields":[101,0],"id":812277099921409,"type":106}
@nix {"action":"result","fields":[100,0],"id":812277099921409,"type":106}
@nix {"action":"start","fields":["/tmp/casita-chain-rerun-l2oceybd/round-2-baseline/chain-round-1-jobs-8/store/00f4qn1w0k5fi3336a52p6i0y9rpmdh2-leaf-15.drv","",1,1],"id":812277099921458,"level":3,"parent":0,"text":"building '/tmp/casita-chain-rerun-l2oceybd/round-2-baseline/chain-round-1-jobs-8/store/00f4qn1w0k5fi3336a52p6i0y9rpmdh2-leaf-15.drv'","type":105}
@nix {"action":"result","fields":[46,63,1,0],"id":812277099921410,"type":105}
@nix {"action":"result","fields":[0,0,0,0],"id":812277099921411,"type":105}
@nix {"action":"result","fields":[101,0],"id":812277099921409,"type":106}
@nix {"action":"result","fields":[100,0],"id":812277099921409,"type":106}
@nix {"action":"result","fields":[47,64,0,0],"id":812277099921410,"type":105}
@nix {"action":"result","fields":[0,0,0,0],"id":812277099921411,"type":105}
@nix {"action":"result","fields":[101,0],"id":812277099921409,"type":106}
@nix {"action":"result","fields":[100,0],"id":812277099921409,"type":106}
@nix {"action":"stop","id":812277099921458}
@nix {"action":"start","fields":["/tmp/casita-chain-rerun-l2oceybd/round-2-baseline/chain-round-1-jobs-8/store/lb0i5p558vikndzdp4asvznkp1pcsnr5-leaf-16.drv.drv","/tmp/casita-chain-rerun-l2oceybd/round-2-baseline/chain-round-1-jobs-8/store/h21i6i3663l143cj7iw7z5wbi622k4qp-leaf-16.drv.drv"],"id":812277099921459,"level":3,"parent":0,"text":"resolved derivation: '/tmp/casita-chain-rerun-l2oceybd/round-2-baseline/chain-round-1-jobs-8/store/lb0i5p558vikndzdp4asvznkp1pcsnr5-leaf-16.drv.drv' -> '/tmp/casita-chain-rerun-l2oceybd/round-2-baseline/chain-round-1-jobs-8/store/h21i6i3663l143cj7iw7z5wbi622k4qp-leaf-16.drv.drv'","type":111}
@nix {"action":"result","fields":[47,64,0,0],"id":812277099921410,"type":105}
@nix {"action":"result","fields":[0,0,0,0],"id":812277099921411,"type":105}
@nix {"action":"result","fields":[101,0],"id":812277099921409,"type":106}
@nix {"action":"result","fields":[100,0],"id":812277099921409,"type":106}
@nix {"action":"start","fields":["/tmp/casita-chain-rerun-l2oceybd/round-2-baseline/chain-round-1-jobs-8/store/h21i6i3663l143cj7iw7z5wbi622k4qp-leaf-16.drv.drv","",1,1],"id":812277099921460,"level":3,"parent":0,"text":"building '/tmp/casita-chain-rerun-l2oceybd/round-2-baseline/chain-round-1-jobs-8/store/h21i6i3663l143cj7iw7z5wbi622k4qp-leaf-16.drv.drv'","type":105}
@nix {"action":"result","fields":[47,64,1,0],"id":812277099921410,"type":105}
@nix {"action":"result","fields":[0,0,0,0],"id":812277099921411,"type":105}
@nix {"action":"result","fields":[101,0],"id":812277099921409,"type":106}
@nix {"action":"result","fields":[100,0],"id":812277099921409,"type":106}
@nix {"action":"result","fields":[48,65,0,0],"id":812277099921410,"type":105}
@nix {"action":"result","fields":[0,0,0,0],"id":812277099921411,"type":105}
@nix {"action":"result","fields":[101,0],"id":812277099921409,"type":106}
@nix {"action":"result","fields":[100,0],"id":812277099921409,"type":106}
@nix {"action":"stop","id":812277099921460}
@nix {"action":"result","fields":[49,65,0,0],"id":812277099921410,"type":105}
@nix {"action":"result","fields":[0,0,0,0],"id":812277099921411,"type":105}
@nix {"action":"result","fields":[101,0],"id":812277099921409,"type":106}
@nix {"action":"result","fields":[100,0],"id":812277099921409,"type":106}
@nix {"action":"stop","id":812277099921459}
@nix {"action":"result","fields":[49,65,0,0],"id":812277099921410,"type":105}
@nix {"action":"result","fields":[0,0,0,0],"id":812277099921411,"type":105}
@nix {"action":"result","fields":[101,0],"id":812277099921409,"type":106}
@nix {"action":"result","fields":[100,0],"id":812277099921409,"type":106}
@nix {"action":"start","fields":["/tmp/casita-chain-rerun-l2oceybd/round-2-baseline/chain-round-1-jobs-8/store/2x2scvm40lc01zd7l68lfsj9gh1myrln-leaf-16.drv","",1,1],"id":812277099921461,"level":3,"parent":0,"text":"building '/tmp/casita-chain-rerun-l2oceybd/round-2-baseline/chain-round-1-jobs-8/store/2x2scvm40lc01zd7l68lfsj9gh1myrln-leaf-16.drv'","type":105}
@nix {"action":"result","fields":[49,65,1,0],"id":812277099921410,"type":105}
@nix {"action":"result","fields":[0,0,0,0],"id":812277099921411,"type":105}
@nix {"action":"result","fields":[101,0],"id":812277099921409,"type":106}
@nix {"action":"result","fields":[100,0],"id":812277099921409,"type":106}
@nix {"action":"result","fields":[50,66,0,0],"id":812277099921410,"type":105}
@nix {"action":"result","fields":[0,0,0,0],"id":812277099921411,"type":105}
@nix {"action":"result","fields":[101,0],"id":812277099921409,"type":106}
@nix {"action":"result","fields":[100,0],"id":812277099921409,"type":106}
@nix {"action":"stop","id":812277099921461}
@nix {"action":"start","fields":["/tmp/casita-chain-rerun-l2oceybd/round-2-baseline/chain-round-1-jobs-8/store/6xlfy7301vpap9lw4i1aiga06j4d777r-leaf-17.drv.drv","/tmp/casita-chain-rerun-l2oceybd/round-2-baseline/chain-round-1-jobs-8/store/5k2126rgg33274g91p1vrwcg5ygzrmmk-leaf-17.drv.drv"],"id":812277099921462,"level":3,"parent":0,"text":"resolved derivation: '/tmp/casita-chain-rerun-l2oceybd/round-2-baseline/chain-round-1-jobs-8/store/6xlfy7301vpap9lw4i1aiga06j4d777r-leaf-17.drv.drv' -> '/tmp/casita-chain-rerun-l2oceybd/round-2-baseline/chain-round-1-jobs-8/store/5k2126rgg33274g91p1vrwcg5ygzrmmk-leaf-17.drv.drv'","type":111}
@nix {"action":"result","fields":[50,66,0,0],"id":812277099921410,"type":105}
@nix {"action":"result","fields":[0,0,0,0],"id":812277099921411,"type":105}
@nix {"action":"result","fields":[101,0],"id":812277099921409,"type":106}
@nix {"action":"result","fields":[100,0],"id":812277099921409,"type":106}
@nix {"action":"start","fields":["/tmp/casita-chain-rerun-l2oceybd/round-2-baseline/chain-round-1-jobs-8/store/5k2126rgg33274g91p1vrwcg5ygzrmmk-leaf-17.drv.drv","",1,1],"id":812277099921463,"level":3,"parent":0,"text":"building '/tmp/casita-chain-rerun-l2oceybd/round-2-baseline/chain-round-1-jobs-8/store/5k2126rgg33274g91p1vrwcg5ygzrmmk-leaf-17.drv.drv'","type":105}
@nix {"action":"result","fields":[50,66,1,0],"id":812277099921410,"type":105}
@nix {"action":"result","fields":[0,0,0,0],"id":812277099921411,"type":105}
@nix {"action":"result","fields":[101,0],"id":812277099921409,"type":106}
@nix {"action":"result","fields":[100,0],"id":812277099921409,"type":106}
@nix {"action":"result","fields":[51,67,0,0],"id":812277099921410,"type":105}
@nix {"action":"result","fields":[0,0,0,0],"id":812277099921411,"type":105}
@nix {"action":"result","fields":[101,0],"id":812277099921409,"type":106}
@nix {"action":"result","fields":[100,0],"id":812277099921409,"type":106}
@nix {"action":"stop","id":812277099921463}
@nix {"action":"result","fields":[52,67,0,0],"id":812277099921410,"type":105}
@nix {"action":"result","fields":[0,0,0,0],"id":812277099921411,"type":105}
@nix {"action":"result","fields":[101,0],"id":812277099921409,"type":106}
@nix {"action":"result","fields":[100,0],"id":812277099921409,"type":106}
@nix {"action":"stop","id":812277099921462}
@nix {"action":"result","fields":[52,67,0,0],"id":812277099921410,"type":105}
@nix {"action":"result","fields":[0,0,0,0],"id":812277099921411,"type":105}
@nix {"action":"result","fields":[101,0],"id":812277099921409,"type":106}
@nix {"action":"result","fields":[100,0],"id":812277099921409,"type":106}
@nix {"action":"start","fields":["/tmp/casita-chain-rerun-l2oceybd/round-2-baseline/chain-round-1-jobs-8/store/fc00hd4aaq1rcbdbq56fj419y1iq64jq-leaf-17.drv","",1,1],"id":812277099921464,"level":3,"parent":0,"text":"building '/tmp/casita-chain-rerun-l2oceybd/round-2-baseline/chain-round-1-jobs-8/store/fc00hd4aaq1rcbdbq56fj419y1iq64jq-leaf-17.drv'","type":105}
@nix {"action":"result","fields":[52,67,1,0],"id":812277099921410,"type":105}
@nix {"action":"result","fields":[0,0,0,0],"id":812277099921411,"type":105}
@nix {"action":"result","fields":[101,0],"id":812277099921409,"type":106}
@nix {"action":"result","fields":[100,0],"id":812277099921409,"type":106}
@nix {"action":"result","fields":[53,68,0,0],"id":812277099921410,"type":105}
@nix {"action":"result","fields":[0,0,0,0],"id":812277099921411,"type":105}
@nix {"action":"result","fields":[101,0],"id":812277099921409,"type":106}
@nix {"action":"result","fields":[100,0],"id":812277099921409,"type":106}
@nix {"action":"stop","id":812277099921464}
@nix {"action":"start","fields":["/tmp/casita-chain-rerun-l2oceybd/round-2-baseline/chain-round-1-jobs-8/store/vklm0nn9c8n55wnzh0qzph0w880835h4-leaf-18.drv.drv","/tmp/casita-chain-rerun-l2oceybd/round-2-baseline/chain-round-1-jobs-8/store/35bf84ah0644rpssw1vwbh9kydzsxa6l-leaf-18.drv.drv"],"id":812277099921465,"level":3,"parent":0,"text":"resolved derivation: '/tmp/casita-chain-rerun-l2oceybd/round-2-baseline/chain-round-1-jobs-8/store/vklm0nn9c8n55wnzh0qzph0w880835h4-leaf-18.drv.drv' -> '/tmp/casita-chain-rerun-l2oceybd/round-2-baseline/chain-round-1-jobs-8/store/35bf84ah0644rpssw1vwbh9kydzsxa6l-leaf-18.drv.drv'","type":111}
@nix {"action":"result","fields":[53,68,0,0],"id":812277099921410,"type":105}
@nix {"action":"result","fields":[0,0,0,0],"id":812277099921411,"type":105}
@nix {"action":"result","fields":[101,0],"id":812277099921409,"type":106}
@nix {"action":"result","fields":[100,0],"id":812277099921409,"type":106}
@nix {"action":"start","fields":["/tmp/casita-chain-rerun-l2oceybd/round-2-baseline/chain-round-1-jobs-8/store/35bf84ah0644rpssw1vwbh9kydzsxa6l-leaf-18.drv.drv","",1,1],"id":812277099921466,"level":3,"parent":0,"text":"building '/tmp/casita-chain-rerun-l2oceybd/round-2-baseline/chain-round-1-jobs-8/store/35bf84ah0644rpssw1vwbh9kydzsxa6l-leaf-18.drv.drv'","type":105}
@nix {"action":"result","fields":[53,68,1,0],"id":812277099921410,"type":105}
@nix {"action":"result","fields":[0,0,0,0],"id":812277099921411,"type":105}
@nix {"action":"result","fields":[101,0],"id":812277099921409,"type":106}
@nix {"action":"result","fields":[100,0],"id":812277099921409,"type":106}
@nix {"action":"result","fields":[54,69,0,0],"id":812277099921410,"type":105}
@nix {"action":"result","fields":[0,0,0,0],"id":812277099921411,"type":105}
@nix {"action":"result","fields":[101,0],"id":812277099921409,"type":106}
@nix {"action":"result","fields":[100,0],"id":812277099921409,"type":106}
@nix {"action":"stop","id":812277099921466}
@nix {"action":"result","fields":[55,69,0,0],"id":812277099921410,"type":105}
@nix {"action":"result","fields":[0,0,0,0],"id":812277099921411,"type":105}
@nix {"action":"result","fields":[101,0],"id":812277099921409,"type":106}
@nix {"action":"result","fields":[100,0],"id":812277099921409,"type":106}
@nix {"action":"stop","id":812277099921465}
@nix {"action":"result","fields":[55,69,0,0],"id":812277099921410,"type":105}
@nix {"action":"result","fields":[0,0,0,0],"id":812277099921411,"type":105}
@nix {"action":"result","fields":[101,0],"id":812277099921409,"type":106}
@nix {"action":"result","fields":[100,0],"id":812277099921409,"type":106}
@nix {"action":"start","fields":["/tmp/casita-chain-rerun-l2oceybd/round-2-baseline/chain-round-1-jobs-8/store/f79ris914jfpxz2fbba6rwvfmaaxkvi0-leaf-18.drv","",1,1],"id":812277099921467,"level":3,"parent":0,"text":"building '/tmp/casita-chain-rerun-l2oceybd/round-2-baseline/chain-round-1-jobs-8/store/f79ris914jfpxz2fbba6rwvfmaaxkvi0-leaf-18.drv'","type":105}
@nix {"action":"result","fields":[55,69,1,0],"id":812277099921410,"type":105}
@nix {"action":"result","fields":[0,0,0,0],"id":812277099921411,"type":105}
@nix {"action":"result","fields":[101,0],"id":812277099921409,"type":106}
@nix {"action":"result","fields":[100,0],"id":812277099921409,"type":106}
@nix {"action":"result","fields":[56,70,0,0],"id":812277099921410,"type":105}
@nix {"action":"result","fields":[0,0,0,0],"id":812277099921411,"type":105}
@nix {"action":"result","fields":[101,0],"id":812277099921409,"type":106}
@nix {"action":"result","fields":[100,0],"id":812277099921409,"type":106}
@nix {"action":"stop","id":812277099921467}
@nix {"action":"start","fields":["/tmp/casita-chain-rerun-l2oceybd/round-2-baseline/chain-round-1-jobs-8/store/j227mdjmxwc1aj89k3qwm6dlxn2ysqgk-leaf-19.drv.drv","/tmp/casita-chain-rerun-l2oceybd/round-2-baseline/chain-round-1-jobs-8/store/6x5d5nc8mwpk2fa8k636vab03pqmp75q-leaf-19.drv.drv"],"id":812277099921468,"level":3,"parent":0,"text":"resolved derivation: '/tmp/casita-chain-rerun-l2oceybd/round-2-baseline/chain-round-1-jobs-8/store/j227mdjmxwc1aj89k3qwm6dlxn2ysqgk-leaf-19.drv.drv' -> '/tmp/casita-chain-rerun-l2oceybd/round-2-baseline/chain-round-1-jobs-8/store/6x5d5nc8mwpk2fa8k636vab03pqmp75q-leaf-19.drv.drv'","type":111}
@nix {"action":"result","fields":[56,70,0,0],"id":812277099921410,"type":105}
@nix {"action":"result","fields":[0,0,0,0],"id":812277099921411,"type":105}
@nix {"action":"result","fields":[101,0],"id":812277099921409,"type":106}
@nix {"action":"result","fields":[100,0],"id":812277099921409,"type":106}
@nix {"action":"start","fields":["/tmp/casita-chain-rerun-l2oceybd/round-2-baseline/chain-round-1-jobs-8/store/6x5d5nc8mwpk2fa8k636vab03pqmp75q-leaf-19.drv.drv","",1,1],"id":812277099921469,"level":3,"parent":0,"text":"building '/tmp/casita-chain-rerun-l2oceybd/round-2-baseline/chain-round-1-jobs-8/store/6x5d5nc8mwpk2fa8k636vab03pqmp75q-leaf-19.drv.drv'","type":105}
@nix {"action":"result","fields":[56,70,1,0],"id":812277099921410,"type":105}
@nix {"action":"result","fields":[0,0,0,0],"id":812277099921411,"type":105}
@nix {"action":"result","fields":[101,0],"id":812277099921409,"type":106}
@nix {"action":"result","fields":[100,0],"id":812277099921409,"type":106}
@nix {"action":"result","fields":[57,71,0,0],"id":812277099921410,"type":105}
@nix {"action":"result","fields":[0,0,0,0],"id":812277099921411,"type":105}
@nix {"action":"result","fields":[101,0],"id":812277099921409,"type":106}
@nix {"action":"result","fields":[100,0],"id":812277099921409,"type":106}
@nix {"action":"stop","id":812277099921469}
@nix {"action":"result","fields":[58,71,0,0],"id":812277099921410,"type":105}
@nix {"action":"result","fields":[0,0,0,0],"id":812277099921411,"type":105}
@nix {"action":"result","fields":[101,0],"id":812277099921409,"type":106}
@nix {"action":"result","fields":[100,0],"id":812277099921409,"type":106}
@nix {"action":"stop","id":812277099921468}
@nix {"action":"result","fields":[58,71,0,0],"id":812277099921410,"type":105}
@nix {"action":"result","fields":[0,0,0,0],"id":812277099921411,"type":105}
@nix {"action":"result","fields":[101,0],"id":812277099921409,"type":106}
@nix {"action":"result","fields":[100,0],"id":812277099921409,"type":106}
@nix {"action":"start","fields":["/tmp/casita-chain-rerun-l2oceybd/round-2-baseline/chain-round-1-jobs-8/store/ivbxr01rzkcvxs4ywd75a6i0sb3f596y-leaf-19.drv","",1,1],"id":812277099921470,"level":3,"parent":0,"text":"building '/tmp/casita-chain-rerun-l2oceybd/round-2-baseline/chain-round-1-jobs-8/store/ivbxr01rzkcvxs4ywd75a6i0sb3f596y-leaf-19.drv'","type":105}
@nix {"action":"result","fields":[58,71,1,0],"id":812277099921410,"type":105}
@nix {"action":"result","fields":[0,0,0,0],"id":812277099921411,"type":105}
@nix {"action":"result","fields":[101,0],"id":812277099921409,"type":106}
@nix {"action":"result","fields":[100,0],"id":812277099921409,"type":106}
@nix {"action":"result","fields":[59,72,0,0],"id":812277099921410,"type":105}
@nix {"action":"result","fields":[0,0,0,0],"id":812277099921411,"type":105}
@nix {"action":"result","fields":[101,0],"id":812277099921409,"type":106}
@nix {"action":"result","fields":[100,0],"id":812277099921409,"type":106}
@nix {"action":"stop","id":812277099921470}
@nix {"action":"start","fields":["/tmp/casita-chain-rerun-l2oceybd/round-2-baseline/chain-round-1-jobs-8/store/clpxssbfddlxa7jizn6nkgk3lgx9whi4-leaf-20.drv.drv","/tmp/casita-chain-rerun-l2oceybd/round-2-baseline/chain-round-1-jobs-8/store/s4a5f84p7kq1cvsdlywx4fmvqqsdbygb-leaf-20.drv.drv"],"id":812277099921471,"level":3,"parent":0,"text":"resolved derivation: '/tmp/casita-chain-rerun-l2oceybd/round-2-baseline/chain-round-1-jobs-8/store/clpxssbfddlxa7jizn6nkgk3lgx9whi4-leaf-20.drv.drv' -> '/tmp/casita-chain-rerun-l2oceybd/round-2-baseline/chain-round-1-jobs-8/store/s4a5f84p7kq1cvsdlywx4fmvqqsdbygb-leaf-20.drv.drv'","type":111}
@nix {"action":"result","fields":[59,72,0,0],"id":812277099921410,"type":105}
@nix {"action":"result","fields":[0,0,0,0],"id":812277099921411,"type":105}
@nix {"action":"result","fields":[101,0],"id":812277099921409,"type":106}
@nix {"action":"result","fields":[100,0],"id":812277099921409,"type":106}
@nix {"action":"start","fields":["/tmp/casita-chain-rerun-l2oceybd/round-2-baseline/chain-round-1-jobs-8/store/s4a5f84p7kq1cvsdlywx4fmvqqsdbygb-leaf-20.drv.drv","",1,1],"id":812277099921472,"level":3,"parent":0,"text":"building '/tmp/casita-chain-rerun-l2oceybd/round-2-baseline/chain-round-1-jobs-8/store/s4a5f84p7kq1cvsdlywx4fmvqqsdbygb-leaf-20.drv.drv'","type":105}
@nix {"action":"result","fields":[59,72,1,0],"id":812277099921410,"type":105}
@nix {"action":"result","fields":[0,0,0,0],"id":812277099921411,"type":105}
@nix {"action":"result","fields":[101,0],"id":812277099921409,"type":106}
@nix {"action":"result","fields":[100,0],"id":812277099921409,"type":106}
@nix {"action":"result","fields":[60,73,0,0],"id":812277099921410,"type":105}
@nix {"action":"result","fields":[0,0,0,0],"id":812277099921411,"type":105}
@nix {"action":"result","fields":[101,0],"id":812277099921409,"type":106}
@nix {"action":"result","fields":[100,0],"id":812277099921409,"type":106}
@nix {"action":"stop","id":812277099921472}
@nix {"action":"result","fields":[61,73,0,0],"id":812277099921410,"type":105}
@nix {"action":"result","fields":[0,0,0,0],"id":812277099921411,"type":105}
@nix {"action":"result","fields":[101,0],"id":812277099921409,"type":106}
@nix {"action":"result","fields":[100,0],"id":812277099921409,"type":106}
@nix {"action":"stop","id":812277099921471}
@nix {"action":"result","fields":[61,73,0,0],"id":812277099921410,"type":105}
@nix {"action":"result","fields":[0,0,0,0],"id":812277099921411,"type":105}
@nix {"action":"result","fields":[101,0],"id":812277099921409,"type":106}
@nix {"action":"result","fields":[100,0],"id":812277099921409,"type":106}
@nix {"action":"start","fields":["/tmp/casita-chain-rerun-l2oceybd/round-2-baseline/chain-round-1-jobs-8/store/kal99fbws81jl397pppzkwnkx73grv43-leaf-20.drv","",1,1],"id":812277099921473,"level":3,"parent":0,"text":"building '/tmp/casita-chain-rerun-l2oceybd/round-2-baseline/chain-round-1-jobs-8/store/kal99fbws81jl397pppzkwnkx73grv43-leaf-20.drv'","type":105}
@nix {"action":"result","fields":[61,73,1,0],"id":812277099921410,"type":105}
@nix {"action":"result","fields":[0,0,0,0],"id":812277099921411,"type":105}
@nix {"action":"result","fields":[101,0],"id":812277099921409,"type":106}
@nix {"action":"result","fields":[100,0],"id":812277099921409,"type":106}
@nix {"action":"result","fields":[62,74,0,0],"id":812277099921410,"type":105}
@nix {"action":"result","fields":[0,0,0,0],"id":812277099921411,"type":105}
@nix {"action":"result","fields":[101,0],"id":812277099921409,"type":106}
@nix {"action":"result","fields":[100,0],"id":812277099921409,"type":106}
@nix {"action":"stop","id":812277099921473}
@nix {"action":"start","fields":["/tmp/casita-chain-rerun-l2oceybd/round-2-baseline/chain-round-1-jobs-8/store/r7db36q047rpwzmm1g7yzqr4qnyajaln-leaf-21.drv.drv","/tmp/casita-chain-rerun-l2oceybd/round-2-baseline/chain-round-1-jobs-8/store/kr0cas0b9yaibhcwvcvc63xdr3mdi9df-leaf-21.drv.drv"],"id":812277099921474,"level":3,"parent":0,"text":"resolved derivation: '/tmp/casita-chain-rerun-l2oceybd/round-2-baseline/chain-round-1-jobs-8/store/r7db36q047rpwzmm1g7yzqr4qnyajaln-leaf-21.drv.drv' -> '/tmp/casita-chain-rerun-l2oceybd/round-2-baseline/chain-round-1-jobs-8/store/kr0cas0b9yaibhcwvcvc63xdr3mdi9df-leaf-21.drv.drv'","type":111}
@nix {"action":"result","fields":[62,74,0,0],"id":812277099921410,"type":105}
@nix {"action":"result","fields":[0,0,0,0],"id":812277099921411,"type":105}
@nix {"action":"result","fields":[101,0],"id":812277099921409,"type":106}
@nix {"action":"result","fields":[100,0],"id":812277099921409,"type":106}
@nix {"action":"start","fields":["/tmp/casita-chain-rerun-l2oceybd/round-2-baseline/chain-round-1-jobs-8/store/kr0cas0b9yaibhcwvcvc63xdr3mdi9df-leaf-21.drv.drv","",1,1],"id":812277099921475,"level":3,"parent":0,"text":"building '/tmp/casita-chain-rerun-l2oceybd/round-2-baseline/chain-round-1-jobs-8/store/kr0cas0b9yaibhcwvcvc63xdr3mdi9df-leaf-21.drv.drv'","type":105}
@nix {"action":"result","fields":[62,74,1,0],"id":812277099921410,"type":105}
@nix {"action":"result","fields":[0,0,0,0],"id":812277099921411,"type":105}
@nix {"action":"result","fields":[101,0],"id":812277099921409,"type":106}
@nix {"action":"result","fields":[100,0],"id":812277099921409,"type":106}
@nix {"action":"result","fields":[63,75,0,0],"id":812277099921410,"type":105}
@nix {"action":"result","fields":[0,0,0,0],"id":812277099921411,"type":105}
@nix {"action":"result","fields":[101,0],"id":812277099921409,"type":106}
@nix {"action":"result","fields":[100,0],"id":812277099921409,"type":106}
@nix {"action":"stop","id":812277099921475}
@nix {"action":"result","fields":[64,75,0,0],"id":812277099921410,"type":105}
@nix {"action":"result","fields":[0,0,0,0],"id":812277099921411,"type":105}
@nix {"action":"result","fields":[101,0],"id":812277099921409,"type":106}
@nix {"action":"result","fields":[100,0],"id":812277099921409,"type":106}
@nix {"action":"stop","id":812277099921474}
@nix {"action":"result","fields":[64,75,0,0],"id":812277099921410,"type":105}
@nix {"action":"result","fields":[0,0,0,0],"id":812277099921411,"type":105}
@nix {"action":"result","fields":[101,0],"id":812277099921409,"type":106}
@nix {"action":"result","fields":[100,0],"id":812277099921409,"type":106}
@nix {"action":"start","fields":["/tmp/casita-chain-rerun-l2oceybd/round-2-baseline/chain-round-1-jobs-8/store/40sr9xkbx8pgdknk6644rm3plng763ff-leaf-21.drv","",1,1],"id":812277099921476,"level":3,"parent":0,"text":"building '/tmp/casita-chain-rerun-l2oceybd/round-2-baseline/chain-round-1-jobs-8/store/40sr9xkbx8pgdknk6644rm3plng763ff-leaf-21.drv'","type":105}
@nix {"action":"result","fields":[64,75,1,0],"id":812277099921410,"type":105}
@nix {"action":"result","fields":[0,0,0,0],"id":812277099921411,"type":105}
@nix {"action":"result","fields":[101,0],"id":812277099921409,"type":106}
@nix {"action":"result","fields":[100,0],"id":812277099921409,"type":106}
@nix {"action":"result","fields":[65,76,0,0],"id":812277099921410,"type":105}
@nix {"action":"result","fields":[0,0,0,0],"id":812277099921411,"type":105}
@nix {"action":"result","fields":[101,0],"id":812277099921409,"type":106}
@nix {"action":"result","fields":[100,0],"id":812277099921409,"type":106}
@nix {"action":"stop","id":812277099921476}
@nix {"action":"start","fields":["/tmp/casita-chain-rerun-l2oceybd/round-2-baseline/chain-round-1-jobs-8/store/q9z7pf7wspvn1zqkc0ffwfjfiw0szzxc-leaf-22.drv.drv","/tmp/casita-chain-rerun-l2oceybd/round-2-baseline/chain-round-1-jobs-8/store/5l22cg6g22m8h7aicvxapgdp8qanv5yf-leaf-22.drv.drv"],"id":812277099921477,"level":3,"parent":0,"text":"resolved derivation: '/tmp/casita-chain-rerun-l2oceybd/round-2-baseline/chain-round-1-jobs-8/store/q9z7pf7wspvn1zqkc0ffwfjfiw0szzxc-leaf-22.drv.drv' -> '/tmp/casita-chain-rerun-l2oceybd/round-2-baseline/chain-round-1-jobs-8/store/5l22cg6g22m8h7aicvxapgdp8qanv5yf-leaf-22.drv.drv'","type":111}
@nix {"action":"result","fields":[65,76,0,0],"id":812277099921410,"type":105}
@nix {"action":"result","fields":[0,0,0,0],"id":812277099921411,"type":105}
@nix {"action":"result","fields":[101,0],"id":812277099921409,"type":106}
@nix {"action":"result","fields":[100,0],"id":812277099921409,"type":106}
@nix {"action":"start","fields":["/tmp/casita-chain-rerun-l2oceybd/round-2-baseline/chain-round-1-jobs-8/store/5l22cg6g22m8h7aicvxapgdp8qanv5yf-leaf-22.drv.drv","",1,1],"id":812277099921478,"level":3,"parent":0,"text":"building '/tmp/casita-chain-rerun-l2oceybd/round-2-baseline/chain-round-1-jobs-8/store/5l22cg6g22m8h7aicvxapgdp8qanv5yf-leaf-22.drv.drv'","type":105}
@nix {"action":"result","fields":[65,76,1,0],"id":812277099921410,"type":105}
@nix {"action":"result","fields":[0,0,0,0],"id":812277099921411,"type":105}
@nix {"action":"result","fields":[101,0],"id":812277099921409,"type":106}
@nix {"action":"result","fields":[100,0],"id":812277099921409,"type":106}
@nix {"action":"result","fields":[66,77,0,0],"id":812277099921410,"type":105}
@nix {"action":"result","fields":[0,0,0,0],"id":812277099921411,"type":105}
@nix {"action":"result","fields":[101,0],"id":812277099921409,"type":106}
@nix {"action":"result","fields":[100,0],"id":812277099921409,"type":106}
@nix {"action":"stop","id":812277099921478}
@nix {"action":"result","fields":[67,77,0,0],"id":812277099921410,"type":105}
@nix {"action":"result","fields":[0,0,0,0],"id":812277099921411,"type":105}
@nix {"action":"result","fields":[101,0],"id":812277099921409,"type":106}
@nix {"action":"result","fields":[100,0],"id":812277099921409,"type":106}
@nix {"action":"stop","id":812277099921477}
@nix {"action":"result","fields":[67,77,0,0],"id":812277099921410,"type":105}
@nix {"action":"result","fields":[0,0,0,0],"id":812277099921411,"type":105}
@nix {"action":"result","fields":[101,0],"id":812277099921409,"type":106}
@nix {"action":"result","fields":[100,0],"id":812277099921409,"type":106}
@nix {"action":"start","fields":["/tmp/casita-chain-rerun-l2oceybd/round-2-baseline/chain-round-1-jobs-8/store/rfqsqind1zy3zry7w39rx3rb3d3xnpk9-leaf-22.drv","",1,1],"id":812277099921479,"level":3,"parent":0,"text":"building '/tmp/casita-chain-rerun-l2oceybd/round-2-baseline/chain-round-1-jobs-8/store/rfqsqind1zy3zry7w39rx3rb3d3xnpk9-leaf-22.drv'","type":105}
@nix {"action":"result","fields":[67,77,1,0],"id":812277099921410,"type":105}
@nix {"action":"result","fields":[0,0,0,0],"id":812277099921411,"type":105}
@nix {"action":"result","fields":[101,0],"id":812277099921409,"type":106}
@nix {"action":"result","fields":[100,0],"id":812277099921409,"type":106}
@nix {"action":"result","fields":[68,78,0,0],"id":812277099921410,"type":105}
@nix {"action":"result","fields":[0,0,0,0],"id":812277099921411,"type":105}
@nix {"action":"result","fields":[101,0],"id":812277099921409,"type":106}
@nix {"action":"result","fields":[100,0],"id":812277099921409,"type":106}
@nix {"action":"stop","id":812277099921479}
@nix {"action":"start","fields":["/tmp/casita-chain-rerun-l2oceybd/round-2-baseline/chain-round-1-jobs-8/store/xqd4azhkbnl540swngxwbg6grnwvqa5z-leaf-23.drv.drv","/tmp/casita-chain-rerun-l2oceybd/round-2-baseline/chain-round-1-jobs-8/store/bs7skrakrwk2ga6qq03s9wrvwxfw65xd-leaf-23.drv.drv"],"id":812277099921480,"level":3,"parent":0,"text":"resolved derivation: '/tmp/casita-chain-rerun-l2oceybd/round-2-baseline/chain-round-1-jobs-8/store/xqd4azhkbnl540swngxwbg6grnwvqa5z-leaf-23.drv.drv' -> '/tmp/casita-chain-rerun-l2oceybd/round-2-baseline/chain-round-1-jobs-8/store/bs7skrakrwk2ga6qq03s9wrvwxfw65xd-leaf-23.drv.drv'","type":111}
@nix {"action":"result","fields":[68,78,0,0],"id":812277099921410,"type":105}
@nix {"action":"result","fields":[0,0,0,0],"id":812277099921411,"type":105}
@nix {"action":"result","fields":[101,0],"id":812277099921409,"type":106}
@nix {"action":"result","fields":[100,0],"id":812277099921409,"type":106}
@nix {"action":"start","fields":["/tmp/casita-chain-rerun-l2oceybd/round-2-baseline/chain-round-1-jobs-8/store/bs7skrakrwk2ga6qq03s9wrvwxfw65xd-leaf-23.drv.drv","",1,1],"id":812277099921481,"level":3,"parent":0,"text":"building '/tmp/casita-chain-rerun-l2oceybd/round-2-baseline/chain-round-1-jobs-8/store/bs7skrakrwk2ga6qq03s9wrvwxfw65xd-leaf-23.drv.drv'","type":105}
@nix {"action":"result","fields":[68,78,1,0],"id":812277099921410,"type":105}
@nix {"action":"result","fields":[0,0,0,0],"id":812277099921411,"type":105}
@nix {"action":"result","fields":[101,0],"id":812277099921409,"type":106}
@nix {"action":"result","fields":[100,0],"id":812277099921409,"type":106}
@nix {"action":"result","fields":[69,79,0,0],"id":812277099921410,"type":105}
@nix {"action":"result","fields":[0,0,0,0],"id":812277099921411,"type":105}
@nix {"action":"result","fields":[101,0],"id":812277099921409,"type":106}
@nix {"action":"result","fields":[100,0],"id":812277099921409,"type":106}
@nix {"action":"stop","id":812277099921481}
@nix {"action":"result","fields":[70,79,0,0],"id":812277099921410,"type":105}
@nix {"action":"result","fields":[0,0,0,0],"id":812277099921411,"type":105}
@nix {"action":"result","fields":[101,0],"id":812277099921409,"type":106}
@nix {"action":"result","fields":[100,0],"id":812277099921409,"type":106}
@nix {"action":"stop","id":812277099921480}
@nix {"action":"result","fields":[70,79,0,0],"id":812277099921410,"type":105}
@nix {"action":"result","fields":[0,0,0,0],"id":812277099921411,"type":105}
@nix {"action":"result","fields":[101,0],"id":812277099921409,"type":106}
@nix {"action":"result","fields":[100,0],"id":812277099921409,"type":106}
@nix {"action":"start","fields":["/tmp/casita-chain-rerun-l2oceybd/round-2-baseline/chain-round-1-jobs-8/store/6n88ksmmnq913wq75gcprkb427n06249-leaf-23.drv","",1,1],"id":812277099921482,"level":3,"parent":0,"text":"building '/tmp/casita-chain-rerun-l2oceybd/round-2-baseline/chain-round-1-jobs-8/store/6n88ksmmnq913wq75gcprkb427n06249-leaf-23.drv'","type":105}
@nix {"action":"result","fields":[70,79,1,0],"id":812277099921410,"type":105}
@nix {"action":"result","fields":[0,0,0,0],"id":812277099921411,"type":105}
@nix {"action":"result","fields":[101,0],"id":812277099921409,"type":106}
@nix {"action":"result","fields":[100,0],"id":812277099921409,"type":106}
@nix {"action":"result","fields":[71,80,0,0],"id":812277099921410,"type":105}
@nix {"action":"result","fields":[0,0,0,0],"id":812277099921411,"type":105}
@nix {"action":"result","fields":[101,0],"id":812277099921409,"type":106}
@nix {"action":"result","fields":[100,0],"id":812277099921409,"type":106}
@nix {"action":"stop","id":812277099921482}
@nix {"action":"start","fields":["/tmp/casita-chain-rerun-l2oceybd/round-2-baseline/chain-round-1-jobs-8/store/n5nrpp3fj21k3spsd0jpwiy8i26vdpwl-leaf-24.drv.drv","/tmp/casita-chain-rerun-l2oceybd/round-2-baseline/chain-round-1-jobs-8/store/a0jk1lnqif2civ7kylr99rclmg6qdzbs-leaf-24.drv.drv"],"id":812277099921483,"level":3,"parent":0,"text":"resolved derivation: '/tmp/casita-chain-rerun-l2oceybd/round-2-baseline/chain-round-1-jobs-8/store/n5nrpp3fj21k3spsd0jpwiy8i26vdpwl-leaf-24.drv.drv' -> '/tmp/casita-chain-rerun-l2oceybd/round-2-baseline/chain-round-1-jobs-8/store/a0jk1lnqif2civ7kylr99rclmg6qdzbs-leaf-24.drv.drv'","type":111}
@nix {"action":"result","fields":[71,80,0,0],"id":812277099921410,"type":105}
@nix {"action":"result","fields":[0,0,0,0],"id":812277099921411,"type":105}
@nix {"action":"result","fields":[101,0],"id":812277099921409,"type":106}
@nix {"action":"result","fields":[100,0],"id":812277099921409,"type":106}
@nix {"action":"start","fields":["/tmp/casita-chain-rerun-l2oceybd/round-2-baseline/chain-round-1-jobs-8/store/a0jk1lnqif2civ7kylr99rclmg6qdzbs-leaf-24.drv.drv","",1,1],"id":812277099921484,"level":3,"parent":0,"text":"building '/tmp/casita-chain-rerun-l2oceybd/round-2-baseline/chain-round-1-jobs-8/store/a0jk1lnqif2civ7kylr99rclmg6qdzbs-leaf-24.drv.drv'","type":105}
@nix {"action":"result","fields":[71,80,1,0],"id":812277099921410,"type":105}
@nix {"action":"result","fields":[0,0,0,0],"id":812277099921411,"type":105}
@nix {"action":"result","fields":[101,0],"id":812277099921409,"type":106}
@nix {"action":"result","fields":[100,0],"id":812277099921409,"type":106}
@nix {"action":"result","fields":[72,81,0,0],"id":812277099921410,"type":105}
@nix {"action":"result","fields":[0,0,0,0],"id":812277099921411,"type":105}
@nix {"action":"result","fields":[101,0],"id":812277099921409,"type":106}
@nix {"action":"result","fields":[100,0],"id":812277099921409,"type":106}
@nix {"action":"stop","id":812277099921484}
@nix {"action":"result","fields":[73,81,0,0],"id":812277099921410,"type":105}
@nix {"action":"result","fields":[0,0,0,0],"id":812277099921411,"type":105}
@nix {"action":"result","fields":[101,0],"id":812277099921409,"type":106}
@nix {"action":"result","fields":[100,0],"id":812277099921409,"type":106}
@nix {"action":"stop","id":812277099921483}
@nix {"action":"result","fields":[73,81,0,0],"id":812277099921410,"type":105}
@nix {"action":"result","fields":[0,0,0,0],"id":812277099921411,"type":105}
@nix {"action":"result","fields":[101,0],"id":812277099921409,"type":106}
@nix {"action":"result","fields":[100,0],"id":812277099921409,"type":106}
@nix {"action":"start","fields":["/tmp/casita-chain-rerun-l2oceybd/round-2-baseline/chain-round-1-jobs-8/store/n5zd7m4nw6b59b13j5bdhg1kzzsq53a7-leaf-24.drv","",1,1],"id":812277099921485,"level":3,"parent":0,"text":"building '/tmp/casita-chain-rerun-l2oceybd/round-2-baseline/chain-round-1-jobs-8/store/n5zd7m4nw6b59b13j5bdhg1kzzsq53a7-leaf-24.drv'","type":105}
@nix {"action":"result","fields":[73,81,1,0],"id":812277099921410,"type":105}
@nix {"action":"result","fields":[0,0,0,0],"id":812277099921411,"type":105}
@nix {"action":"result","fields":[101,0],"id":812277099921409,"type":106}
@nix {"action":"result","fields":[100,0],"id":812277099921409,"type":106}
@nix {"action":"result","fields":[74,82,0,0],"id":812277099921410,"type":105}
@nix {"action":"result","fields":[0,0,0,0],"id":812277099921411,"type":105}
@nix {"action":"result","fields":[101,0],"id":812277099921409,"type":106}
@nix {"action":"result","fields":[100,0],"id":812277099921409,"type":106}
@nix {"action":"stop","id":812277099921485}
@nix {"action":"start","fields":["/tmp/casita-chain-rerun-l2oceybd/round-2-baseline/chain-round-1-jobs-8/store/h2b6lpgp22qy3zjapaj4003f6xi1b69g-leaf-25.drv.drv","/tmp/casita-chain-rerun-l2oceybd/round-2-baseline/chain-round-1-jobs-8/store/ic9rr69zazhwx2dgf3q8ybmn5dvlrfpa-leaf-25.drv.drv"],"id":812277099921486,"level":3,"parent":0,"text":"resolved derivation: '/tmp/casita-chain-rerun-l2oceybd/round-2-baseline/chain-round-1-jobs-8/store/h2b6lpgp22qy3zjapaj4003f6xi1b69g-leaf-25.drv.drv' -> '/tmp/casita-chain-rerun-l2oceybd/round-2-baseline/chain-round-1-jobs-8/store/ic9rr69zazhwx2dgf3q8ybmn5dvlrfpa-leaf-25.drv.drv'","type":111}
@nix {"action":"result","fields":[74,82,0,0],"id":812277099921410,"type":105}
@nix {"action":"result","fields":[0,0,0,0],"id":812277099921411,"type":105}
@nix {"action":"result","fields":[101,0],"id":812277099921409,"type":106}
@nix {"action":"result","fields":[100,0],"id":812277099921409,"type":106}
@nix {"action":"start","fields":["/tmp/casita-chain-rerun-l2oceybd/round-2-baseline/chain-round-1-jobs-8/store/ic9rr69zazhwx2dgf3q8ybmn5dvlrfpa-leaf-25.drv.drv","",1,1],"id":812277099921487,"level":3,"parent":0,"text":"building '/tmp/casita-chain-rerun-l2oceybd/round-2-baseline/chain-round-1-jobs-8/store/ic9rr69zazhwx2dgf3q8ybmn5dvlrfpa-leaf-25.drv.drv'","type":105}
@nix {"action":"result","fields":[74,82,1,0],"id":812277099921410,"type":105}
@nix {"action":"result","fields":[0,0,0,0],"id":812277099921411,"type":105}
@nix {"action":"result","fields":[101,0],"id":812277099921409,"type":106}
@nix {"action":"result","fields":[100,0],"id":812277099921409,"type":106}
@nix {"action":"result","fields":[75,83,0,0],"id":812277099921410,"type":105}
@nix {"action":"result","fields":[0,0,0,0],"id":812277099921411,"type":105}
@nix {"action":"result","fields":[101,0],"id":812277099921409,"type":106}
@nix {"action":"result","fields":[100,0],"id":812277099921409,"type":106}
@nix {"action":"stop","id":812277099921487}
@nix {"action":"result","fields":[76,83,0,0],"id":812277099921410,"type":105}
@nix {"action":"result","fields":[0,0,0,0],"id":812277099921411,"type":105}
@nix {"action":"result","fields":[101,0],"id":812277099921409,"type":106}
@nix {"action":"result","fields":[100,0],"id":812277099921409,"type":106}
@nix {"action":"stop","id":812277099921486}
@nix {"action":"result","fields":[76,83,0,0],"id":812277099921410,"type":105}
@nix {"action":"result","fields":[0,0,0,0],"id":812277099921411,"type":105}
@nix {"action":"result","fields":[101,0],"id":812277099921409,"type":106}
@nix {"action":"result","fields":[100,0],"id":812277099921409,"type":106}
@nix {"action":"start","fields":["/tmp/casita-chain-rerun-l2oceybd/round-2-baseline/chain-round-1-jobs-8/store/9qn5r1n1v33jbscsw6a0fwf5njn3n6f1-leaf-25.drv","",1,1],"id":812277099921488,"level":3,"parent":0,"text":"building '/tmp/casita-chain-rerun-l2oceybd/round-2-baseline/chain-round-1-jobs-8/store/9qn5r1n1v33jbscsw6a0fwf5njn3n6f1-leaf-25.drv'","type":105}
@nix {"action":"result","fields":[76,83,1,0],"id":812277099921410,"type":105}
@nix {"action":"result","fields":[0,0,0,0],"id":812277099921411,"type":105}
@nix {"action":"result","fields":[101,0],"id":812277099921409,"type":106}
@nix {"action":"result","fields":[100,0],"id":812277099921409,"type":106}
@nix {"action":"result","fields":[77,84,0,0],"id":812277099921410,"type":105}
@nix {"action":"result","fields":[0,0,0,0],"id":812277099921411,"type":105}
@nix {"action":"result","fields":[101,0],"id":812277099921409,"type":106}
@nix {"action":"result","fields":[100,0],"id":812277099921409,"type":106}
@nix {"action":"stop","id":812277099921488}
@nix {"action":"start","fields":["/tmp/casita-chain-rerun-l2oceybd/round-2-baseline/chain-round-1-jobs-8/store/3dlk9196zj0rqys7c72qs42vqgl2j5c1-leaf-26.drv.drv","/tmp/casita-chain-rerun-l2oceybd/round-2-baseline/chain-round-1-jobs-8/store/4y6bjcvpsg0k3hiqpmf5cxg3f4v06wc7-leaf-26.drv.drv"],"id":812277099921489,"level":3,"parent":0,"text":"resolved derivation: '/tmp/casita-chain-rerun-l2oceybd/round-2-baseline/chain-round-1-jobs-8/store/3dlk9196zj0rqys7c72qs42vqgl2j5c1-leaf-26.drv.drv' -> '/tmp/casita-chain-rerun-l2oceybd/round-2-baseline/chain-round-1-jobs-8/store/4y6bjcvpsg0k3hiqpmf5cxg3f4v06wc7-leaf-26.drv.drv'","type":111}
@nix {"action":"result","fields":[77,84,0,0],"id":812277099921410,"type":105}
@nix {"action":"result","fields":[0,0,0,0],"id":812277099921411,"type":105}
@nix {"action":"result","fields":[101,0],"id":812277099921409,"type":106}
@nix {"action":"result","fields":[100,0],"id":812277099921409,"type":106}
@nix {"action":"start","fields":["/tmp/casita-chain-rerun-l2oceybd/round-2-baseline/chain-round-1-jobs-8/store/4y6bjcvpsg0k3hiqpmf5cxg3f4v06wc7-leaf-26.drv.drv","",1,1],"id":812277099921490,"level":3,"parent":0,"text":"building '/tmp/casita-chain-rerun-l2oceybd/round-2-baseline/chain-round-1-jobs-8/store/4y6bjcvpsg0k3hiqpmf5cxg3f4v06wc7-leaf-26.drv.drv'","type":105}
@nix {"action":"result","fields":[77,84,1,0],"id":812277099921410,"type":105}
@nix {"action":"result","fields":[0,0,0,0],"id":812277099921411,"type":105}
@nix {"action":"result","fields":[101,0],"id":812277099921409,"type":106}
@nix {"action":"result","fields":[100,0],"id":812277099921409,"type":106}
@nix {"action":"result","fields":[78,85,0,0],"id":812277099921410,"type":105}
@nix {"action":"result","fields":[0,0,0,0],"id":812277099921411,"type":105}
@nix {"action":"result","fields":[101,0],"id":812277099921409,"type":106}
@nix {"action":"result","fields":[100,0],"id":812277099921409,"type":106}
@nix {"action":"stop","id":812277099921490}
@nix {"action":"result","fields":[79,85,0,0],"id":812277099921410,"type":105}
@nix {"action":"result","fields":[0,0,0,0],"id":812277099921411,"type":105}
@nix {"action":"result","fields":[101,0],"id":812277099921409,"type":106}
@nix {"action":"result","fields":[100,0],"id":812277099921409,"type":106}
@nix {"action":"stop","id":812277099921489}
@nix {"action":"result","fields":[79,85,0,0],"id":812277099921410,"type":105}
@nix {"action":"result","fields":[0,0,0,0],"id":812277099921411,"type":105}
@nix {"action":"result","fields":[101,0],"id":812277099921409,"type":106}
@nix {"action":"result","fields":[100,0],"id":812277099921409,"type":106}
@nix {"action":"start","fields":["/tmp/casita-chain-rerun-l2oceybd/round-2-baseline/chain-round-1-jobs-8/store/0gn3jx11izh5msl2njvfk635f19gjazx-leaf-26.drv","",1,1],"id":812277099921491,"level":3,"parent":0,"text":"building '/tmp/casita-chain-rerun-l2oceybd/round-2-baseline/chain-round-1-jobs-8/store/0gn3jx11izh5msl2njvfk635f19gjazx-leaf-26.drv'","type":105}
@nix {"action":"result","fields":[79,85,1,0],"id":812277099921410,"type":105}
@nix {"action":"result","fields":[0,0,0,0],"id":812277099921411,"type":105}
@nix {"action":"result","fields":[101,0],"id":812277099921409,"type":106}
@nix {"action":"result","fields":[100,0],"id":812277099921409,"type":106}
@nix {"action":"result","fields":[80,86,0,0],"id":812277099921410,"type":105}
@nix {"action":"result","fields":[0,0,0,0],"id":812277099921411,"type":105}
@nix {"action":"result","fields":[101,0],"id":812277099921409,"type":106}
@nix {"action":"result","fields":[100,0],"id":812277099921409,"type":106}
@nix {"action":"stop","id":812277099921491}
@nix {"action":"start","fields":["/tmp/casita-chain-rerun-l2oceybd/round-2-baseline/chain-round-1-jobs-8/store/1bksmp796zlpwdhk9008wja1ix0kl2mp-leaf-27.drv.drv","/tmp/casita-chain-rerun-l2oceybd/round-2-baseline/chain-round-1-jobs-8/store/n1fjya18qnlxn8d2apld5lghiimqiky9-leaf-27.drv.drv"],"id":812277099921492,"level":3,"parent":0,"text":"resolved derivation: '/tmp/casita-chain-rerun-l2oceybd/round-2-baseline/chain-round-1-jobs-8/store/1bksmp796zlpwdhk9008wja1ix0kl2mp-leaf-27.drv.drv' -> '/tmp/casita-chain-rerun-l2oceybd/round-2-baseline/chain-round-1-jobs-8/store/n1fjya18qnlxn8d2apld5lghiimqiky9-leaf-27.drv.drv'","type":111}
@nix {"action":"result","fields":[80,86,0,0],"id":812277099921410,"type":105}
@nix {"action":"result","fields":[0,0,0,0],"id":812277099921411,"type":105}
@nix {"action":"result","fields":[101,0],"id":812277099921409,"type":106}
@nix {"action":"result","fields":[100,0],"id":812277099921409,"type":106}
@nix {"action":"start","fields":["/tmp/casita-chain-rerun-l2oceybd/round-2-baseline/chain-round-1-jobs-8/store/n1fjya18qnlxn8d2apld5lghiimqiky9-leaf-27.drv.drv","",1,1],"id":812277099921493,"level":3,"parent":0,"text":"building '/tmp/casita-chain-rerun-l2oceybd/round-2-baseline/chain-round-1-jobs-8/store/n1fjya18qnlxn8d2apld5lghiimqiky9-leaf-27.drv.drv'","type":105}
@nix {"action":"result","fields":[80,86,1,0],"id":812277099921410,"type":105}
@nix {"action":"result","fields":[0,0,0,0],"id":812277099921411,"type":105}
@nix {"action":"result","fields":[101,0],"id":812277099921409,"type":106}
@nix {"action":"result","fields":[100,0],"id":812277099921409,"type":106}
@nix {"action":"result","fields":[81,87,0,0],"id":812277099921410,"type":105}
@nix {"action":"result","fields":[0,0,0,0],"id":812277099921411,"type":105}
@nix {"action":"result","fields":[101,0],"id":812277099921409,"type":106}
@nix {"action":"result","fields":[100,0],"id":812277099921409,"type":106}
@nix {"action":"stop","id":812277099921493}
@nix {"action":"result","fields":[82,87,0,0],"id":812277099921410,"type":105}
@nix {"action":"result","fields":[0,0,0,0],"id":812277099921411,"type":105}
@nix {"action":"result","fields":[101,0],"id":812277099921409,"type":106}
@nix {"action":"result","fields":[100,0],"id":812277099921409,"type":106}
@nix {"action":"stop","id":812277099921492}
@nix {"action":"result","fields":[82,87,0,0],"id":812277099921410,"type":105}
@nix {"action":"result","fields":[0,0,0,0],"id":812277099921411,"type":105}
@nix {"action":"result","fields":[101,0],"id":812277099921409,"type":106}
@nix {"action":"result","fields":[100,0],"id":812277099921409,"type":106}
@nix {"action":"start","fields":["/tmp/casita-chain-rerun-l2oceybd/round-2-baseline/chain-round-1-jobs-8/store/g4j6sb9zv1i6fwhpibi53m2jydhlj32s-leaf-27.drv","",1,1],"id":812277099921494,"level":3,"parent":0,"text":"building '/tmp/casita-chain-rerun-l2oceybd/round-2-baseline/chain-round-1-jobs-8/store/g4j6sb9zv1i6fwhpibi53m2jydhlj32s-leaf-27.drv'","type":105}
@nix {"action":"result","fields":[82,87,1,0],"id":812277099921410,"type":105}
@nix {"action":"result","fields":[0,0,0,0],"id":812277099921411,"type":105}
@nix {"action":"result","fields":[101,0],"id":812277099921409,"type":106}
@nix {"action":"result","fields":[100,0],"id":812277099921409,"type":106}
@nix {"action":"result","fields":[83,88,0,0],"id":812277099921410,"type":105}
@nix {"action":"result","fields":[0,0,0,0],"id":812277099921411,"type":105}
@nix {"action":"result","fields":[101,0],"id":812277099921409,"type":106}
@nix {"action":"result","fields":[100,0],"id":812277099921409,"type":106}
@nix {"action":"stop","id":812277099921494}
@nix {"action":"start","fields":["/tmp/casita-chain-rerun-l2oceybd/round-2-baseline/chain-round-1-jobs-8/store/vg8a769fwfzf97lfql0f4llfnmvclp2d-leaf-28.drv.drv","/tmp/casita-chain-rerun-l2oceybd/round-2-baseline/chain-round-1-jobs-8/store/pklq357m6y7cx6vbskcm0gbv64lx6kfv-leaf-28.drv.drv"],"id":812277099921495,"level":3,"parent":0,"text":"resolved derivation: '/tmp/casita-chain-rerun-l2oceybd/round-2-baseline/chain-round-1-jobs-8/store/vg8a769fwfzf97lfql0f4llfnmvclp2d-leaf-28.drv.drv' -> '/tmp/casita-chain-rerun-l2oceybd/round-2-baseline/chain-round-1-jobs-8/store/pklq357m6y7cx6vbskcm0gbv64lx6kfv-leaf-28.drv.drv'","type":111}
@nix {"action":"result","fields":[83,88,0,0],"id":812277099921410,"type":105}
@nix {"action":"result","fields":[0,0,0,0],"id":812277099921411,"type":105}
@nix {"action":"result","fields":[101,0],"id":812277099921409,"type":106}
@nix {"action":"result","fields":[100,0],"id":812277099921409,"type":106}
@nix {"action":"start","fields":["/tmp/casita-chain-rerun-l2oceybd/round-2-baseline/chain-round-1-jobs-8/store/pklq357m6y7cx6vbskcm0gbv64lx6kfv-leaf-28.drv.drv","",1,1],"id":812277099921496,"level":3,"parent":0,"text":"building '/tmp/casita-chain-rerun-l2oceybd/round-2-baseline/chain-round-1-jobs-8/store/pklq357m6y7cx6vbskcm0gbv64lx6kfv-leaf-28.drv.drv'","type":105}
@nix {"action":"result","fields":[83,88,1,0],"id":812277099921410,"type":105}
@nix {"action":"result","fields":[0,0,0,0],"id":812277099921411,"type":105}
@nix {"action":"result","fields":[101,0],"id":812277099921409,"type":106}
@nix {"action":"result","fields":[100,0],"id":812277099921409,"type":106}
@nix {"action":"result","fields":[84,89,0,0],"id":812277099921410,"type":105}
@nix {"action":"result","fields":[0,0,0,0],"id":812277099921411,"type":105}
@nix {"action":"result","fields":[101,0],"id":812277099921409,"type":106}
@nix {"action":"result","fields":[100,0],"id":812277099921409,"type":106}
@nix {"action":"stop","id":812277099921496}
@nix {"action":"result","fields":[85,89,0,0],"id":812277099921410,"type":105}
@nix {"action":"result","fields":[0,0,0,0],"id":812277099921411,"type":105}
@nix {"action":"result","fields":[101,0],"id":812277099921409,"type":106}
@nix {"action":"result","fields":[100,0],"id":812277099921409,"type":106}
@nix {"action":"stop","id":812277099921495}
@nix {"action":"result","fields":[85,89,0,0],"id":812277099921410,"type":105}
@nix {"action":"result","fields":[0,0,0,0],"id":812277099921411,"type":105}
@nix {"action":"result","fields":[101,0],"id":812277099921409,"type":106}
@nix {"action":"result","fields":[100,0],"id":812277099921409,"type":106}
@nix {"action":"start","fields":["/tmp/casita-chain-rerun-l2oceybd/round-2-baseline/chain-round-1-jobs-8/store/qcz37nf7idaaakq98j7brxncqiqq2mbg-leaf-28.drv","",1,1],"id":812277099921497,"level":3,"parent":0,"text":"building '/tmp/casita-chain-rerun-l2oceybd/round-2-baseline/chain-round-1-jobs-8/store/qcz37nf7idaaakq98j7brxncqiqq2mbg-leaf-28.drv'","type":105}
@nix {"action":"result","fields":[85,89,1,0],"id":812277099921410,"type":105}
@nix {"action":"result","fields":[0,0,0,0],"id":812277099921411,"type":105}
@nix {"action":"result","fields":[101,0],"id":812277099921409,"type":106}
@nix {"action":"result","fields":[100,0],"id":812277099921409,"type":106}
@nix {"action":"result","fields":[86,90,0,0],"id":812277099921410,"type":105}
@nix {"action":"result","fields":[0,0,0,0],"id":812277099921411,"type":105}
@nix {"action":"result","fields":[101,0],"id":812277099921409,"type":106}
@nix {"action":"result","fields":[100,0],"id":812277099921409,"type":106}
@nix {"action":"stop","id":812277099921497}
@nix {"action":"start","fields":["/tmp/casita-chain-rerun-l2oceybd/round-2-baseline/chain-round-1-jobs-8/store/kn3p0imangyq9lgm8zanzyfidw9217qa-leaf-29.drv.drv","/tmp/casita-chain-rerun-l2oceybd/round-2-baseline/chain-round-1-jobs-8/store/qrxfxqf7l916046lpmbcz1mggfgpri09-leaf-29.drv.drv"],"id":812277099921498,"level":3,"parent":0,"text":"resolved derivation: '/tmp/casita-chain-rerun-l2oceybd/round-2-baseline/chain-round-1-jobs-8/store/kn3p0imangyq9lgm8zanzyfidw9217qa-leaf-29.drv.drv' -> '/tmp/casita-chain-rerun-l2oceybd/round-2-baseline/chain-round-1-jobs-8/store/qrxfxqf7l916046lpmbcz1mggfgpri09-leaf-29.drv.drv'","type":111}
@nix {"action":"result","fields":[86,90,0,0],"id":812277099921410,"type":105}
@nix {"action":"result","fields":[0,0,0,0],"id":812277099921411,"type":105}
@nix {"action":"result","fields":[101,0],"id":812277099921409,"type":106}
@nix {"action":"result","fields":[100,0],"id":812277099921409,"type":106}
@nix {"action":"start","fields":["/tmp/casita-chain-rerun-l2oceybd/round-2-baseline/chain-round-1-jobs-8/store/qrxfxqf7l916046lpmbcz1mggfgpri09-leaf-29.drv.drv","",1,1],"id":812277099921499,"level":3,"parent":0,"text":"building '/tmp/casita-chain-rerun-l2oceybd/round-2-baseline/chain-round-1-jobs-8/store/qrxfxqf7l916046lpmbcz1mggfgpri09-leaf-29.drv.drv'","type":105}
@nix {"action":"result","fields":[86,90,1,0],"id":812277099921410,"type":105}
@nix {"action":"result","fields":[0,0,0,0],"id":812277099921411,"type":105}
@nix {"action":"result","fields":[101,0],"id":812277099921409,"type":106}
@nix {"action":"result","fields":[100,0],"id":812277099921409,"type":106}
@nix {"action":"result","fields":[87,91,0,0],"id":812277099921410,"type":105}
@nix {"action":"result","fields":[0,0,0,0],"id":812277099921411,"type":105}
@nix {"action":"result","fields":[101,0],"id":812277099921409,"type":106}
@nix {"action":"result","fields":[100,0],"id":812277099921409,"type":106}
@nix {"action":"stop","id":812277099921499}
@nix {"action":"result","fields":[88,91,0,0],"id":812277099921410,"type":105}
@nix {"action":"result","fields":[0,0,0,0],"id":812277099921411,"type":105}
@nix {"action":"result","fields":[101,0],"id":812277099921409,"type":106}
@nix {"action":"result","fields":[100,0],"id":812277099921409,"type":106}
@nix {"action":"stop","id":812277099921498}
@nix {"action":"result","fields":[88,91,0,0],"id":812277099921410,"type":105}
@nix {"action":"result","fields":[0,0,0,0],"id":812277099921411,"type":105}
@nix {"action":"result","fields":[101,0],"id":812277099921409,"type":106}
@nix {"action":"result","fields":[100,0],"id":812277099921409,"type":106}
@nix {"action":"start","fields":["/tmp/casita-chain-rerun-l2oceybd/round-2-baseline/chain-round-1-jobs-8/store/6yq1gxdy8xc6j5rcf6slqnhm1f2m9vqi-leaf-29.drv","",1,1],"id":812277099921500,"level":3,"parent":0,"text":"building '/tmp/casita-chain-rerun-l2oceybd/round-2-baseline/chain-round-1-jobs-8/store/6yq1gxdy8xc6j5rcf6slqnhm1f2m9vqi-leaf-29.drv'","type":105}
@nix {"action":"result","fields":[88,91,1,0],"id":812277099921410,"type":105}
@nix {"action":"result","fields":[0,0,0,0],"id":812277099921411,"type":105}
@nix {"action":"result","fields":[101,0],"id":812277099921409,"type":106}
@nix {"action":"result","fields":[100,0],"id":812277099921409,"type":106}
@nix {"action":"result","fields":[89,92,0,0],"id":812277099921410,"type":105}
@nix {"action":"result","fields":[0,0,0,0],"id":812277099921411,"type":105}
@nix {"action":"result","fields":[101,0],"id":812277099921409,"type":106}
@nix {"action":"result","fields":[100,0],"id":812277099921409,"type":106}
@nix {"action":"stop","id":812277099921500}
@nix {"action":"start","fields":["/tmp/casita-chain-rerun-l2oceybd/round-2-baseline/chain-round-1-jobs-8/store/jfrizq6rjlxcdp8ppn37mkj8i20h4dar-leaf-30.drv.drv","/tmp/casita-chain-rerun-l2oceybd/round-2-baseline/chain-round-1-jobs-8/store/q7qwi3wnx3rhgdlfh5mdz8a13r3jnj4v-leaf-30.drv.drv"],"id":812277099921501,"level":3,"parent":0,"text":"resolved derivation: '/tmp/casita-chain-rerun-l2oceybd/round-2-baseline/chain-round-1-jobs-8/store/jfrizq6rjlxcdp8ppn37mkj8i20h4dar-leaf-30.drv.drv' -> '/tmp/casita-chain-rerun-l2oceybd/round-2-baseline/chain-round-1-jobs-8/store/q7qwi3wnx3rhgdlfh5mdz8a13r3jnj4v-leaf-30.drv.drv'","type":111}
@nix {"action":"result","fields":[89,92,0,0],"id":812277099921410,"type":105}
@nix {"action":"result","fields":[0,0,0,0],"id":812277099921411,"type":105}
@nix {"action":"result","fields":[101,0],"id":812277099921409,"type":106}
@nix {"action":"result","fields":[100,0],"id":812277099921409,"type":106}
@nix {"action":"start","fields":["/tmp/casita-chain-rerun-l2oceybd/round-2-baseline/chain-round-1-jobs-8/store/q7qwi3wnx3rhgdlfh5mdz8a13r3jnj4v-leaf-30.drv.drv","",1,1],"id":812277099921502,"level":3,"parent":0,"text":"building '/tmp/casita-chain-rerun-l2oceybd/round-2-baseline/chain-round-1-jobs-8/store/q7qwi3wnx3rhgdlfh5mdz8a13r3jnj4v-leaf-30.drv.drv'","type":105}
@nix {"action":"result","fields":[89,92,1,0],"id":812277099921410,"type":105}
@nix {"action":"result","fields":[0,0,0,0],"id":812277099921411,"type":105}
@nix {"action":"result","fields":[101,0],"id":812277099921409,"type":106}
@nix {"action":"result","fields":[100,0],"id":812277099921409,"type":106}
@nix {"action":"result","fields":[90,93,0,0],"id":812277099921410,"type":105}
@nix {"action":"result","fields":[0,0,0,0],"id":812277099921411,"type":105}
@nix {"action":"result","fields":[101,0],"id":812277099921409,"type":106}
@nix {"action":"result","fields":[100,0],"id":812277099921409,"type":106}
@nix {"action":"stop","id":812277099921502}
@nix {"action":"result","fields":[91,93,0,0],"id":812277099921410,"type":105}
@nix {"action":"result","fields":[0,0,0,0],"id":812277099921411,"type":105}
@nix {"action":"result","fields":[101,0],"id":812277099921409,"type":106}
@nix {"action":"result","fields":[100,0],"id":812277099921409,"type":106}
@nix {"action":"stop","id":812277099921501}
@nix {"action":"result","fields":[91,93,0,0],"id":812277099921410,"type":105}
@nix {"action":"result","fields":[0,0,0,0],"id":812277099921411,"type":105}
@nix {"action":"result","fields":[101,0],"id":812277099921409,"type":106}
@nix {"action":"result","fields":[100,0],"id":812277099921409,"type":106}
@nix {"action":"start","fields":["/tmp/casita-chain-rerun-l2oceybd/round-2-baseline/chain-round-1-jobs-8/store/az32v13lxyhw21lswb9fpzf35qfpczq6-leaf-30.drv","",1,1],"id":812277099921503,"level":3,"parent":0,"text":"building '/tmp/casita-chain-rerun-l2oceybd/round-2-baseline/chain-round-1-jobs-8/store/az32v13lxyhw21lswb9fpzf35qfpczq6-leaf-30.drv'","type":105}
@nix {"action":"result","fields":[91,93,1,0],"id":812277099921410,"type":105}
@nix {"action":"result","fields":[0,0,0,0],"id":812277099921411,"type":105}
@nix {"action":"result","fields":[101,0],"id":812277099921409,"type":106}
@nix {"action":"result","fields":[100,0],"id":812277099921409,"type":106}
@nix {"action":"result","fields":[92,94,0,0],"id":812277099921410,"type":105}
@nix {"action":"result","fields":[0,0,0,0],"id":812277099921411,"type":105}
@nix {"action":"result","fields":[101,0],"id":812277099921409,"type":106}
@nix {"action":"result","fields":[100,0],"id":812277099921409,"type":106}
@nix {"action":"stop","id":812277099921503}
@nix {"action":"start","fields":["/tmp/casita-chain-rerun-l2oceybd/round-2-baseline/chain-round-1-jobs-8/store/73sjfv4r3rgl286l05ygyqwvxlj29n4i-leaf-31.drv.drv","/tmp/casita-chain-rerun-l2oceybd/round-2-baseline/chain-round-1-jobs-8/store/p5rz81hcwj7lz5al7srwvgci58ad18s1-leaf-31.drv.drv"],"id":812277099921504,"level":3,"parent":0,"text":"resolved derivation: '/tmp/casita-chain-rerun-l2oceybd/round-2-baseline/chain-round-1-jobs-8/store/73sjfv4r3rgl286l05ygyqwvxlj29n4i-leaf-31.drv.drv' -> '/tmp/casita-chain-rerun-l2oceybd/round-2-baseline/chain-round-1-jobs-8/store/p5rz81hcwj7lz5al7srwvgci58ad18s1-leaf-31.drv.drv'","type":111}
@nix {"action":"result","fields":[92,94,0,0],"id":812277099921410,"type":105}
@nix {"action":"result","fields":[0,0,0,0],"id":812277099921411,"type":105}
@nix {"action":"result","fields":[101,0],"id":812277099921409,"type":106}
@nix {"action":"result","fields":[100,0],"id":812277099921409,"type":106}
@nix {"action":"start","fields":["/tmp/casita-chain-rerun-l2oceybd/round-2-baseline/chain-round-1-jobs-8/store/p5rz81hcwj7lz5al7srwvgci58ad18s1-leaf-31.drv.drv","",1,1],"id":812277099921505,"level":3,"parent":0,"text":"building '/tmp/casita-chain-rerun-l2oceybd/round-2-baseline/chain-round-1-jobs-8/store/p5rz81hcwj7lz5al7srwvgci58ad18s1-leaf-31.drv.drv'","type":105}
@nix {"action":"result","fields":[92,94,1,0],"id":812277099921410,"type":105}
@nix {"action":"result","fields":[0,0,0,0],"id":812277099921411,"type":105}
@nix {"action":"result","fields":[101,0],"id":812277099921409,"type":106}
@nix {"action":"result","fields":[100,0],"id":812277099921409,"type":106}
@nix {"action":"result","fields":[93,95,0,0],"id":812277099921410,"type":105}
@nix {"action":"result","fields":[0,0,0,0],"id":812277099921411,"type":105}
@nix {"action":"result","fields":[101,0],"id":812277099921409,"type":106}
@nix {"action":"result","fields":[100,0],"id":812277099921409,"type":106}
@nix {"action":"stop","id":812277099921505}
@nix {"action":"result","fields":[94,95,0,0],"id":812277099921410,"type":105}
@nix {"action":"result","fields":[0,0,0,0],"id":812277099921411,"type":105}
@nix {"action":"result","fields":[101,0],"id":812277099921409,"type":106}
@nix {"action":"result","fields":[100,0],"id":812277099921409,"type":106}
@nix {"action":"stop","id":812277099921504}
@nix {"action":"result","fields":[94,95,0,0],"id":812277099921410,"type":105}
@nix {"action":"result","fields":[0,0,0,0],"id":812277099921411,"type":105}
@nix {"action":"result","fields":[101,0],"id":812277099921409,"type":106}
@nix {"action":"result","fields":[100,0],"id":812277099921409,"type":106}
@nix {"action":"start","fields":["/tmp/casita-chain-rerun-l2oceybd/round-2-baseline/chain-round-1-jobs-8/store/vvb6rxrn7bqaw2m66yxpdabwgv4vyq0b-leaf-31.drv","",1,1],"id":812277099921506,"level":3,"parent":0,"text":"building '/tmp/casita-chain-rerun-l2oceybd/round-2-baseline/chain-round-1-jobs-8/store/vvb6rxrn7bqaw2m66yxpdabwgv4vyq0b-leaf-31.drv'","type":105}
@nix {"action":"result","fields":[94,95,1,0],"id":812277099921410,"type":105}
@nix {"action":"result","fields":[0,0,0,0],"id":812277099921411,"type":105}
@nix {"action":"result","fields":[101,0],"id":812277099921409,"type":106}
@nix {"action":"result","fields":[100,0],"id":812277099921409,"type":106}
@nix {"action":"result","fields":[95,96,0,0],"id":812277099921410,"type":105}
@nix {"action":"result","fields":[0,0,0,0],"id":812277099921411,"type":105}
@nix {"action":"result","fields":[101,0],"id":812277099921409,"type":106}
@nix {"action":"result","fields":[100,0],"id":812277099921409,"type":106}
@nix {"action":"stop","id":812277099921506}
@nix {"action":"stop","id":812277099921411}
@nix {"action":"stop","id":812277099921410}
@nix {"action":"stop","id":812277099921409}
