@nix {"action":"start","id":802424444944384,"level":6,"parent":0,"text":"querying info about missing paths","type":0}
@nix {"action":"msg","level":1,"msg":"\u001b[35;1mwarning:\u001b[0m Ignoring dynamic derivation /tmp/casita-chain-rerun-l2oceybd/round-2-after/chain-round-1-jobs-8/store/m0bxva8ylc9738iv00gijx70fm3ymg1g-leaf-31.drv.drv^out while querying missing paths; not yet implemented"}
@nix {"action":"stop","id":802424444944384}
@nix {"action":"start","id":802424444944385,"level":0,"parent":0,"text":"","type":102}
@nix {"action":"start","id":802424444944386,"level":0,"parent":0,"text":"","type":104}
@nix {"action":"start","id":802424444944387,"level":0,"parent":0,"text":"","type":103}
@nix {"action":"result","fields":[0,0,0,0],"id":802424444944386,"type":105}
@nix {"action":"result","fields":[0,0,0,0],"id":802424444944387,"type":105}
@nix {"action":"result","fields":[101,0],"id":802424444944385,"type":106}
@nix {"action":"result","fields":[100,0],"id":802424444944385,"type":106}
@nix {"action":"result","fields":[0,0,0,0],"id":802424444944386,"type":105}
@nix {"action":"result","fields":[0,0,0,0],"id":802424444944387,"type":105}
@nix {"action":"result","fields":[101,0],"id":802424444944385,"type":106}
@nix {"action":"result","fields":[100,0],"id":802424444944385,"type":106}
@nix {"action":"result","fields":[0,1,0,0],"id":802424444944386,"type":105}
@nix {"action":"result","fields":[0,0,0,0],"id":802424444944387,"type":105}
@nix {"action":"result","fields":[101,0],"id":802424444944385,"type":106}
@nix {"action":"result","fields":[100,0],"id":802424444944385,"type":106}
@nix {"action":"result","fields":[0,1,0,0],"id":802424444944386,"type":105}
@nix {"action":"result","fields":[0,0,0,0],"id":802424444944387,"type":105}
@nix {"action":"result","fields":[101,0],"id":802424444944385,"type":106}
@nix {"action":"result","fields":[100,0],"id":802424444944385,"type":106}
@nix {"action":"result","fields":[0,1,0,0],"id":802424444944386,"type":105}
@nix {"action":"result","fields":[0,0,0,0],"id":802424444944387,"type":105}
@nix {"action":"result","fields":[101,0],"id":802424444944385,"type":106}
@nix {"action":"result","fields":[100,0],"id":802424444944385,"type":106}
@nix {"action":"result","fields":[0,2,0,0],"id":802424444944386,"type":105}
@nix {"action":"result","fields":[0,0,0,0],"id":802424444944387,"type":105}
@nix {"action":"result","fields":[101,0],"id":802424444944385,"type":106}
@nix {"action":"result","fields":[100,0],"id":802424444944385,"type":106}
@nix {"action":"result","fields":[0,2,0,0],"id":802424444944386,"type":105}
@nix {"action":"result","fields":[0,0,0,0],"id":802424444944387,"type":105}
@nix {"action":"result","fields":[101,0],"id":802424444944385,"type":106}
@nix {"action":"result","fields":[100,0],"id":802424444944385,"type":106}
@nix {"action":"result","fields":[0,2,0,0],"id":802424444944386,"type":105}
@nix {"action":"result","fields":[0,0,0,0],"id":802424444944387,"type":105}
@nix {"action":"result","fields":[101,0],"id":802424444944385,"type":106}
@nix {"action":"result","fields":[100,0],"id":802424444944385,"type":106}
@nix {"action":"result","fields":[0,3,0,0],"id":802424444944386,"type":105}
@nix {"action":"result","fields":[0,0,0,0],"id":802424444944387,"type":105}
@nix {"action":"result","fields":[101,0],"id":802424444944385,"type":106}
@nix {"action":"result","fields":[100,0],"id":802424444944385,"type":106}
@nix {"action":"result","fields":[0,3,0,0],"id":802424444944386,"type":105}
@nix {"action":"result","fields":[0,0,0,0],"id":802424444944387,"type":105}
@nix {"action":"result","fields":[101,0],"id":802424444944385,"type":106}
@nix {"action":"result","fields":[100,0],"id":802424444944385,"type":106}
@nix {"action":"result","fields":[0,3,0,0],"id":802424444944386,"type":105}
@nix {"action":"result","fields":[0,0,0,0],"id":802424444944387,"type":105}
@nix {"action":"result","fields":[101,0],"id":802424444944385,"type":106}
@nix {"action":"result","fields":[100,0],"id":802424444944385,"type":106}
@nix {"action":"result","fields":[0,4,0,0],"id":802424444944386,"type":105}
@nix {"action":"result","fields":[0,0,0,0],"id":802424444944387,"type":105}
@nix {"action":"result","fields":[101,0],"id":802424444944385,"type":106}
@nix {"action":"result","fields":[100,0],"id":802424444944385,"type":106}
@nix {"action":"result","fields":[0,4,0,0],"id":802424444944386,"type":105}
@nix {"action":"result","fields":[0,0,0,0],"id":802424444944387,"type":105}
@nix {"action":"result","fields":[101,0],"id":802424444944385,"type":106}
@nix {"action":"result","fields":[100,0],"id":802424444944385,"type":106}
@nix {"action":"result","fields":[0,4,0,0],"id":802424444944386,"type":105}
@nix {"action":"result","fields":[0,0,0,0],"id":802424444944387,"type":105}
@nix {"action":"result","fields":[101,0],"id":802424444944385,"type":106}
@nix {"action":"result","fields":[100,0],"id":802424444944385,"type":106}
@nix {"action":"result","fields":[0,5,0,0],"id":802424444944386,"type":105}
@nix {"action":"result","fields":[0,0,0,0],"id":802424444944387,"type":105}
@nix {"action":"result","fields":[101,0],"id":802424444944385,"type":106}
@nix {"action":"result","fields":[100,0],"id":802424444944385,"type":106}
@nix {"action":"result","fields":[0,5,0,0],"id":802424444944386,"type":105}
@nix {"action":"result","fields":[0,0,0,0],"id":802424444944387,"type":105}
@nix {"action":"result","fields":[101,0],"id":802424444944385,"type":106}
@nix {"action":"result","fields":[100,0],"id":802424444944385,"type":106}
@nix {"action":"result","fields":[0,5,0,0],"id":802424444944386,"type":105}
@nix {"action":"result","fields":[0,0,0,0],"id":802424444944387,"type":105}
@nix {"action":"result","fields":[101,0],"id":802424444944385,"type":106}
@nix {"action":"result","fields":[100,0],"id":802424444944385,"type":106}
@nix {"action":"result","fields":[0,6,0,0],"id":802424444944386,"type":105}
@nix {"action":"result","fields":[0,0,0,0],"id":802424444944387,"type":105}
@nix {"action":"result","fields":[101,0],"id":802424444944385,"type":106}
@nix {"action":"result","fields":[100,0],"id":802424444944385,"type":106}
@nix {"action":"result","fields":[0,6,0,0],"id":802424444944386,"type":105}
@nix {"action":"result","fields":[0,0,0,0],"id":802424444944387,"type":105}
@nix {"action":"result","fields":[101,0],"id":802424444944385,"type":106}
@nix {"action":"result","fields":[100,0],"id":802424444944385,"type":106}
@nix {"action":"result","fields":[0,6,0,0],"id":802424444944386,"type":105}
@nix {"action":"result","fields":[0,0,0,0],"id":802424444944387,"type":105}
@nix {"action":"result","fields":[101,0],"id":802424444944385,"type":106}
@nix {"action":"result","fields":[100,0],"id":802424444944385,"type":106}
@nix {"action":"result","fields":[0,7,0,0],"id":802424444944386,"type":105}
@nix {"action":"result","fields":[0,0,0,0],"id":802424444944387,"type":105}
@nix {"action":"result","fields":[101,0],"id":802424444944385,"type":106}
@nix {"action":"result","fields":[100,0],"id":802424444944385,"type":106}
@nix {"action":"result","fields":[0,7,0,0],"id":802424444944386,"type":105}
@nix {"action":"result","fields":[0,0,0,0],"id":802424444944387,"type":105}
@nix {"action":"result","fields":[101,0],"id":802424444944385,"type":106}
@nix {"action":"result","fields":[100,0],"id":802424444944385,"type":106}
@nix {"action":"result","fields":[0,7,0,0],"id":802424444944386,"type":105}
@nix {"action":"result","fields":[0,0,0,0],"id":802424444944387,"type":105}
@nix {"action":"result","fields":[101,0],"id":802424444944385,"type":106}
@nix {"action":"result","fields":[100,0],"id":802424444944385,"type":106}
@nix {"action":"result","fields":[0,8,0,0],"id":802424444944386,"type":105}
@nix {"action":"result","fields":[0,0,0,0],"id":802424444944387,"type":105}
@nix {"action":"result","fields":[101,0],"id":802424444944385,"type":106}
@nix {"action":"result","fields":[100,0],"id":802424444944385,"type":106}
@nix {"action":"result","fields":[0,8,0,0],"id":802424444944386,"type":105}
@nix {"action":"result","fields":[0,0,0,0],"id":802424444944387,"type":105}
@nix {"action":"result","fields":[101,0],"id":802424444944385,"type":106}
@nix {"action":"result","fields":[100,0],"id":802424444944385,"type":106}
@nix {"action":"result","fields":[0,8,0,0],"id":802424444944386,"type":105}
@nix {"action":"result","fields":[0,0,0,0],"id":802424444944387,"type":105}
@nix {"action":"result","fields":[101,0],"id":802424444944385,"type":106}
@nix {"action":"result","fields":[100,0],"id":802424444944385,"type":106}
@nix {"action":"result","fields":[0,9,0,0],"id":802424444944386,"type":105}
@nix {"action":"result","fields":[0,0,0,0],"id":802424444944387,"type":105}
@nix {"action":"result","fields":[101,0],"id":802424444944385,"type":106}
@nix {"action":"result","fields":[100,0],"id":802424444944385,"type":106}
@nix {"action":"result","fields":[0,9,0,0],"id":802424444944386,"type":105}
@nix {"action":"result","fields":[0,0,0,0],"id":802424444944387,"type":105}
@nix {"action":"result","fields":[101,0],"id":802424444944385,"type":106}
@nix {"action":"result","fields":[100,0],"id":802424444944385,"type":106}
@nix {"action":"result","fields":[0,9,0,0],"id":802424444944386,"type":105}
@nix {"action":"result","fields":[0,0,0,0],"id":802424444944387,"type":105}
@nix {"action":"result","fields":[101,0],"id":802424444944385,"type":106}
@nix {"action":"result","fields":[100,0],"id":802424444944385,"type":106}
@nix {"action":"result","fields":[0,10,0,0],"id":802424444944386,"type":105}
@nix {"action":"result","fields":[0,0,0,0],"id":802424444944387,"type":105}
@nix {"action":"result","fields":[101,0],"id":802424444944385,"type":106}
@nix {"action":"result","fields":[100,0],"id":802424444944385,"type":106}
@nix {"action":"result","fields":[0,10,0,0],"id":802424444944386,"type":105}
@nix {"action":"result","fields":[0,0,0,0],"id":802424444944387,"type":105}
@nix {"action":"result","fields":[101,0],"id":802424444944385,"type":106}
@nix {"action":"result","fields":[100,0],"id":802424444944385,"type":106}
@nix {"action":"result","fields":[0,10,0,0],"id":802424444944386,"type":105}
@nix {"action":"result","fields":[0,0,0,0],"id":802424444944387,"type":105}
@nix {"action":"result","fields":[101,0],"id":802424444944385,"type":106}
@nix {"action":"result","fields":[100,0],"id":802424444944385,"type":106}
@nix {"action":"result","fields":[0,11,0,0],"id":802424444944386,"type":105}
@nix {"action":"result","fields":[0,0,0,0],"id":802424444944387,"type":105}
@nix {"action":"result","fields":[101,0],"id":802424444944385,"type":106}
@nix {"action":"result","fields":[100,0],"id":802424444944385,"type":106}
@nix {"action":"result","fields":[0,11,0,0],"id":802424444944386,"type":105}
@nix {"action":"result","fields":[0,0,0,0],"id":802424444944387,"type":105}
@nix {"action":"result","fields":[101,0],"id":802424444944385,"type":106}
@nix {"action":"result","fields":[100,0],"id":802424444944385,"type":106}
@nix {"action":"result","fields":[0,11,0,0],"id":802424444944386,"type":105}
@nix {"action":"result","fields":[0,0,0,0],"id":802424444944387,"type":105}
@nix {"action":"result","fields":[101,0],"id":802424444944385,"type":106}
@nix {"action":"result","fields":[100,0],"id":802424444944385,"type":106}
@nix {"action":"result","fields":[0,12,0,0],"id":802424444944386,"type":105}
@nix {"action":"result","fields":[0,0,0,0],"id":802424444944387,"type":105}
@nix {"action":"result","fields":[101,0],"id":802424444944385,"type":106}
@nix {"action":"result","fields":[100,0],"id":802424444944385,"type":106}
@nix {"action":"result","fields":[0,12,0,0],"id":802424444944386,"type":105}
@nix {"action":"result","fields":[0,0,0,0],"id":802424444944387,"type":105}
@nix {"action":"result","fields":[101,0],"id":802424444944385,"type":106}
@nix {"action":"result","fields":[100,0],"id":802424444944385,"type":106}
@nix {"action":"result","fields":[0,12,0,0],"id":802424444944386,"type":105}
@nix {"action":"result","fields":[0,0,0,0],"id":802424444944387,"type":105}
@nix {"action":"result","fields":[101,0],"id":802424444944385,"type":106}
@nix {"action":"result","fields":[100,0],"id":802424444944385,"type":106}
@nix {"action":"result","fields":[0,13,0,0],"id":802424444944386,"type":105}
@nix {"action":"result","fields":[0,0,0,0],"id":802424444944387,"type":105}
@nix {"action":"result","fields":[101,0],"id":802424444944385,"type":106}
@nix {"action":"result","fields":[100,0],"id":802424444944385,"type":106}
@nix {"action":"result","fields":[0,13,0,0],"id":802424444944386,"type":105}
@nix {"action":"result","fields":[0,0,0,0],"id":802424444944387,"type":105}
@nix {"action":"result","fields":[101,0],"id":802424444944385,"type":106}
@nix {"action":"result","fields":[100,0],"id":802424444944385,"type":106}
@nix {"action":"result","fields":[0,13,0,0],"id":802424444944386,"type":105}
@nix {"action":"result","fields":[0,0,0,0],"id":802424444944387,"type":105}
@nix {"action":"result","fields":[101,0],"id":802424444944385,"type":106}
@nix {"action":"result","fields":[100,0],"id":802424444944385,"type":106}
@nix {"action":"result","fields":[0,14,0,0],"id":802424444944386,"type":105}
@nix {"action":"result","fields":[0,0,0,0],"id":802424444944387,"type":105}
@nix {"action":"result","fields":[101,0],"id":802424444944385,"type":106}
@nix {"action":"result","fields":[100,0],"id":802424444944385,"type":106}
@nix {"action":"result","fields":[0,14,0,0],"id":802424444944386,"type":105}
@nix {"action":"result","fields":[0,0,0,0],"id":802424444944387,"type":105}
@nix {"action":"result","fields":[101,0],"id":802424444944385,"type":106}
@nix {"action":"result","fields":[100,0],"id":802424444944385,"type":106}
@nix {"action":"result","fields":[0,14,0,0],"id":802424444944386,"type":105}
@nix {"action":"result","fields":[0,0,0,0],"id":802424444944387,"type":105}
@nix {"action":"result","fields":[101,0],"id":802424444944385,"type":106}
@nix {"action":"result","fields":[100,0],"id":802424444944385,"type":106}
@nix {"action":"result","fields":[0,15,0,0],"id":802424444944386,"type":105}
@nix {"action":"result","fields":[0,0,0,0],"id":802424444944387,"type":105}
@nix {"action":"result","fields":[101,0],"id":802424444944385,"type":106}
@nix {"action":"result","fields":[100,0],"id":802424444944385,"type":106}
@nix {"action":"result","fields":[0,15,0,0],"id":802424444944386,"type":105}
@nix {"action":"result","fields":[0,0,0,0],"id":802424444944387,"type":105}
@nix {"action":"result","fields":[101,0],"id":802424444944385,"type":106}
@nix {"action":"result","fields":[100,0],"id":802424444944385,"type":106}
@nix {"action":"result","fields":[0,15,0,0],"id":802424444944386,"type":105}
@nix {"action":"result","fields":[0,0,0,0],"id":802424444944387,"type":105}
@nix {"action":"result","fields":[101,0],"id":802424444944385,"type":106}
@nix {"action":"result","fields":[100,0],"id":802424444944385,"type":106}
@nix {"action":"result","fields":[0,16,0,0],"id":802424444944386,"type":105}
@nix {"action":"result","fields":[0,0,0,0],"id":802424444944387,"type":105}
@nix {"action":"result","fields":[101,0],"id":802424444944385,"type":106}
@nix {"action":"result","fields":[100,0],"id":802424444944385,"type":106}
@nix {"action":"result","fields":[0,16,0,0],"id":802424444944386,"type":105}
@nix {"action":"result","fields":[0,0,0,0],"id":802424444944387,"type":105}
@nix {"action":"result","fields":[101,0],"id":802424444944385,"type":106}
@nix {"action":"result","fields":[100,0],"id":802424444944385,"type":106}
@nix {"action":"result","fields":[0,16,0,0],"id":802424444944386,"type":105}
@nix {"action":"result","fields":[0,0,0,0],"id":802424444944387,"type":105}
@nix {"action":"result","fields":[101,0],"id":802424444944385,"type":106}
@nix {"action":"result","fields":[100,0],"id":802424444944385,"type":106}
@nix {"action":"result","fields":[0,17,0,0],"id":802424444944386,"type":105}
@nix {"action":"result","fields":[0,0,0,0],"id":802424444944387,"type":105}
@nix {"action":"result","fields":[101,0],"id":802424444944385,"type":106}
@nix {"action":"result","fields":[100,0],"id":802424444944385,"type":106}
@nix {"action":"result","fields":[0,17,0,0],"id":802424444944386,"type":105}
@nix {"action":"result","fields":[0,0,0,0],"id":802424444944387,"type":105}
@nix {"action":"result","fields":[101,0],"id":802424444944385,"type":106}
@nix {"action":"result","fields":[100,0],"id":802424444944385,"type":106}
@nix {"action":"result","fields":[0,17,0,0],"id":802424444944386,"type":105}
@nix {"action":"result","fields":[0,0,0,0],"id":802424444944387,"type":105}
@nix {"action":"result","fields":[101,0],"id":802424444944385,"type":106}
@nix {"action":"result","fields":[100,0],"id":802424444944385,"type":106}
@nix {"action":"result","fields":[0,18,0,0],"id":802424444944386,"type":105}
@nix {"action":"result","fields":[0,0,0,0],"id":802424444944387,"type":105}
@nix {"action":"result","fields":[101,0],"id":802424444944385,"type":106}
@nix {"action":"result","fields":[100,0],"id":802424444944385,"type":106}
@nix {"action":"result","fields":[0,18,0,0],"id":802424444944386,"type":105}
@nix {"action":"result","fields":[0,0,0,0],"id":802424444944387,"type":105}
@nix {"action":"result","fields":[101,0],"id":802424444944385,"type":106}
@nix {"action":"result","fields":[100,0],"id":802424444944385,"type":106}
@nix {"action":"result","fields":[0,18,0,0],"id":802424444944386,"type":105}
@nix {"action":"result","fields":[0,0,0,0],"id":802424444944387,"type":105}
@nix {"action":"result","fields":[101,0],"id":802424444944385,"type":106}
@nix {"action":"result","fields":[100,0],"id":802424444944385,"type":106}
@nix {"action":"result","fields":[0,19,0,0],"id":802424444944386,"type":105}
@nix {"action":"result","fields":[0,0,0,0],"id":802424444944387,"type":105}
@nix {"action":"result","fields":[101,0],"id":802424444944385,"type":106}
@nix {"action":"result","fields":[100,0],"id":802424444944385,"type":106}
@nix {"action":"result","fields":[0,19,0,0],"id":802424444944386,"type":105}
@nix {"action":"result","fields":[0,0,0,0],"id":802424444944387,"type":105}
@nix {"action":"result","fields":[101,0],"id":802424444944385,"type":106}
@nix {"action":"result","fields":[100,0],"id":802424444944385,"type":106}
@nix {"action":"result","fields":[0,19,0,0],"id":802424444944386,"type":105}
@nix {"action":"result","fields":[0,0,0,0],"id":802424444944387,"type":105}
@nix {"action":"result","fields":[101,0],"id":802424444944385,"type":106}
@nix {"action":"result","fields":[100,0],"id":802424444944385,"type":106}
@nix {"action":"result","fields":[0,20,0,0],"id":802424444944386,"type":105}
@nix {"action":"result","fields":[0,0,0,0],"id":802424444944387,"type":105}
@nix {"action":"result","fields":[101,0],"id":802424444944385,"type":106}
@nix {"action":"result","fields":[100,0],"id":802424444944385,"type":106}
@nix {"action":"result","fields":[0,20,0,0],"id":802424444944386,"type":105}
@nix {"action":"result","fields":[0,0,0,0],"id":802424444944387,"type":105}
@nix {"action":"result","fields":[101,0],"id":802424444944385,"type":106}
@nix {"action":"result","fields":[100,0],"id":802424444944385,"type":106}
@nix {"action":"result","fields":[0,20,0,0],"id":802424444944386,"type":105}
@nix {"action":"result","fields":[0,0,0,0],"id":802424444944387,"type":105}
@nix {"action":"result","fields":[101,0],"id":802424444944385,"type":106}
@nix {"action":"result","fields":[100,0],"id":802424444944385,"type":106}
@nix {"action":"result","fields":[0,21,0,0],"id":802424444944386,"type":105}
@nix {"action":"result","fields":[0,0,0,0],"id":802424444944387,"type":105}
@nix {"action":"result","fields":[101,0],"id":802424444944385,"type":106}
@nix {"action":"result","fields":[100,0],"id":802424444944385,"type":106}
@nix {"action":"result","fields":[0,21,0,0],"id":802424444944386,"type":105}
@nix {"action":"result","fields":[0,0,0,0],"id":802424444944387,"type":105}
@nix {"action":"result","fields":[101,0],"id":802424444944385,"type":106}
@nix {"action":"result","fields":[100,0],"id":802424444944385,"type":106}
@nix {"action":"result","fields":[0,21,0,0],"id":802424444944386,"type":105}
@nix {"action":"result","fields":[0,0,0,0],"id":802424444944387,"type":105}
@nix {"action":"result","fields":[101,0],"id":802424444944385,"type":106}
@nix {"action":"result","fields":[100,0],"id":802424444944385,"type":106}
@nix {"action":"result","fields":[0,22,0,0],"id":802424444944386,"type":105}
@nix {"action":"result","fields":[0,0,0,0],"id":802424444944387,"type":105}
@nix {"action":"result","fields":[101,0],"id":802424444944385,"type":106}
@nix {"action":"result","fields":[100,0],"id":802424444944385,"type":106}
@nix {"action":"result","fields":[0,22,0,0],"id":802424444944386,"type":105}
@nix {"action":"result","fields":[0,0,0,0],"id":802424444944387,"type":105}
@nix {"action":"result","fields":[101,0],"id":802424444944385,"type":106}
@nix {"action":"result","fields":[100,0],"id":802424444944385,"type":106}
@nix {"action":"result","fields":[0,22,0,0],"id":802424444944386,"type":105}
@nix {"action":"result","fields":[0,0,0,0],"id":802424444944387,"type":105}
@nix {"action":"result","fields":[101,0],"id":802424444944385,"type":106}
@nix {"action":"result","fields":[100,0],"id":802424444944385,"type":106}
@nix {"action":"result","fields":[0,23,0,0],"id":802424444944386,"type":105}
@nix {"action":"result","fields":[0,0,0,0],"id":802424444944387,"type":105}
@nix {"action":"result","fields":[101,0],"id":802424444944385,"type":106}
@nix {"action":"result","fields":[100,0],"id":802424444944385,"type":106}
@nix {"action":"result","fields":[0,23,0,0],"id":802424444944386,"type":105}
@nix {"action":"result","fields":[0,0,0,0],"id":802424444944387,"type":105}
@nix {"action":"result","fields":[101,0],"id":802424444944385,"type":106}
@nix {"action":"result","fields":[100,0],"id":802424444944385,"type":106}
@nix {"action":"result","fields":[0,23,0,0],"id":802424444944386,"type":105}
@nix {"action":"result","fields":[0,0,0,0],"id":802424444944387,"type":105}
@nix {"action":"result","fields":[101,0],"id":802424444944385,"type":106}
@nix {"action":"result","fields":[100,0],"id":802424444944385,"type":106}
@nix {"action":"result","fields":[0,24,0,0],"id":802424444944386,"type":105}
@nix {"action":"result","fields":[0,0,0,0],"id":802424444944387,"type":105}
@nix {"action":"result","fields":[101,0],"id":802424444944385,"type":106}
@nix {"action":"result","fields":[100,0],"id":802424444944385,"type":106}
@nix {"action":"result","fields":[0,24,0,0],"id":802424444944386,"type":105}
@nix {"action":"result","fields":[0,0,0,0],"id":802424444944387,"type":105}
@nix {"action":"result","fields":[101,0],"id":802424444944385,"type":106}
@nix {"action":"result","fields":[100,0],"id":802424444944385,"type":106}
@nix {"action":"result","fields":[0,24,0,0],"id":802424444944386,"type":105}
@nix {"action":"result","fields":[0,0,0,0],"id":802424444944387,"type":105}
@nix {"action":"result","fields":[101,0],"id":802424444944385,"type":106}
@nix {"action":"result","fields":[100,0],"id":802424444944385,"type":106}
@nix {"action":"result","fields":[0,25,0,0],"id":802424444944386,"type":105}
@nix {"action":"result","fields":[0,0,0,0],"id":802424444944387,"type":105}
@nix {"action":"result","fields":[101,0],"id":802424444944385,"type":106}
@nix {"action":"result","fields":[100,0],"id":802424444944385,"type":106}
@nix {"action":"result","fields":[0,25,0,0],"id":802424444944386,"type":105}
@nix {"action":"result","fields":[0,0,0,0],"id":802424444944387,"type":105}
@nix {"action":"result","fields":[101,0],"id":802424444944385,"type":106}
@nix {"action":"result","fields":[100,0],"id":802424444944385,"type":106}
@nix {"action":"result","fields":[0,25,0,0],"id":802424444944386,"type":105}
@nix {"action":"result","fields":[0,0,0,0],"id":802424444944387,"type":105}
@nix {"action":"result","fields":[101,0],"id":802424444944385,"type":106}
@nix {"action":"result","fields":[100,0],"id":802424444944385,"type":106}
@nix {"action":"result","fields":[0,26,0,0],"id":802424444944386,"type":105}
@nix {"action":"result","fields":[0,0,0,0],"id":802424444944387,"type":105}
@nix {"action":"result","fields":[101,0],"id":802424444944385,"type":106}
@nix {"action":"result","fields":[100,0],"id":802424444944385,"type":106}
@nix {"action":"result","fields":[0,26,0,0],"id":802424444944386,"type":105}
@nix {"action":"result","fields":[0,0,0,0],"id":802424444944387,"type":105}
@nix {"action":"result","fields":[101,0],"id":802424444944385,"type":106}
@nix {"action":"result","fields":[100,0],"id":802424444944385,"type":106}
@nix {"action":"result","fields":[0,26,0,0],"id":802424444944386,"type":105}
@nix {"action":"result","fields":[0,0,0,0],"id":802424444944387,"type":105}
@nix {"action":"result","fields":[101,0],"id":802424444944385,"type":106}
@nix {"action":"result","fields":[100,0],"id":802424444944385,"type":106}
@nix {"action":"result","fields":[0,27,0,0],"id":802424444944386,"type":105}
@nix {"action":"result","fields":[0,0,0,0],"id":802424444944387,"type":105}
@nix {"action":"result","fields":[101,0],"id":802424444944385,"type":106}
@nix {"action":"result","fields":[100,0],"id":802424444944385,"type":106}
@nix {"action":"result","fields":[0,27,0,0],"id":802424444944386,"type":105}
@nix {"action":"result","fields":[0,0,0,0],"id":802424444944387,"type":105}
@nix {"action":"result","fields":[101,0],"id":802424444944385,"type":106}
@nix {"action":"result","fields":[100,0],"id":802424444944385,"type":106}
@nix {"action":"result","fields":[0,27,0,0],"id":802424444944386,"type":105}
@nix {"action":"result","fields":[0,0,0,0],"id":802424444944387,"type":105}
@nix {"action":"result","fields":[101,0],"id":802424444944385,"type":106}
@nix {"action":"result","fields":[100,0],"id":802424444944385,"type":106}
@nix {"action":"result","fields":[0,28,0,0],"id":802424444944386,"type":105}
@nix {"action":"result","fields":[0,0,0,0],"id":802424444944387,"type":105}
@nix {"action":"result","fields":[101,0],"id":802424444944385,"type":106}
@nix {"action":"result","fields":[100,0],"id":802424444944385,"type":106}
@nix {"action":"result","fields":[0,28,0,0],"id":802424444944386,"type":105}
@nix {"action":"result","fields":[0,0,0,0],"id":802424444944387,"type":105}
@nix {"action":"result","fields":[101,0],"id":802424444944385,"type":106}
@nix {"action":"result","fields":[100,0],"id":802424444944385,"type":106}
@nix {"action":"result","fields":[0,28,0,0],"id":802424444944386,"type":105}
@nix {"action":"result","fields":[0,0,0,0],"id":802424444944387,"type":105}
@nix {"action":"result","fields":[101,0],"id":802424444944385,"type":106}
@nix {"action":"result","fields":[100,0],"id":802424444944385,"type":106}
@nix {"action":"result","fields":[0,29,0,0],"id":802424444944386,"type":105}
@nix {"action":"result","fields":[0,0,0,0],"id":802424444944387,"type":105}
@nix {"action":"result","fields":[101,0],"id":802424444944385,"type":106}
@nix {"action":"result","fields":[100,0],"id":802424444944385,"type":106}
@nix {"action":"result","fields":[0,29,0,0],"id":802424444944386,"type":105}
@nix {"action":"result","fields":[0,0,0,0],"id":802424444944387,"type":105}
@nix {"action":"result","fields":[101,0],"id":802424444944385,"type":106}
@nix {"action":"result","fields":[100,0],"id":802424444944385,"type":106}
@nix {"action":"result","fields":[0,29,0,0],"id":802424444944386,"type":105}
@nix {"action":"result","fields":[0,0,0,0],"id":802424444944387,"type":105}
@nix {"action":"result","fields":[101,0],"id":802424444944385,"type":106}
@nix {"action":"result","fields":[100,0],"id":802424444944385,"type":106}
@nix {"action":"result","fields":[0,30,0,0],"id":802424444944386,"type":105}
@nix {"action":"result","fields":[0,0,0,0],"id":802424444944387,"type":105}
@nix {"action":"result","fields":[101,0],"id":802424444944385,"type":106}
@nix {"action":"result","fields":[100,0],"id":802424444944385,"type":106}
@nix {"action":"result","fields":[0,30,0,0],"id":802424444944386,"type":105}
@nix {"action":"result","fields":[0,0,0,0],"id":802424444944387,"type":105}
@nix {"action":"result","fields":[101,0],"id":802424444944385,"type":106}
@nix {"action":"result","fields":[100,0],"id":802424444944385,"type":106}
@nix {"action":"result","fields":[0,30,0,0],"id":802424444944386,"type":105}
@nix {"action":"result","fields":[0,0,0,0],"id":802424444944387,"type":105}
@nix {"action":"result","fields":[101,0],"id":802424444944385,"type":106}
@nix {"action":"result","fields":[100,0],"id":802424444944385,"type":106}
@nix {"action":"result","fields":[0,31,0,0],"id":802424444944386,"type":105}
@nix {"action":"result","fields":[0,0,0,0],"id":802424444944387,"type":105}
@nix {"action":"result","fields":[101,0],"id":802424444944385,"type":106}
@nix {"action":"result","fields":[100,0],"id":802424444944385,"type":106}
@nix {"action":"result","fields":[0,31,0,0],"id":802424444944386,"type":105}
@nix {"action":"result","fields":[0,0,0,0],"id":802424444944387,"type":105}
@nix {"action":"result","fields":[101,0],"id":802424444944385,"type":106}
@nix {"action":"result","fields":[100,0],"id":802424444944385,"type":106}
@nix {"action":"result","fields":[0,31,0,0],"id":802424444944386,"type":105}
@nix {"action":"result","fields":[0,0,0,0],"id":802424444944387,"type":105}
@nix {"action":"result","fields":[101,0],"id":802424444944385,"type":106}
@nix {"action":"result","fields":[100,0],"id":802424444944385,"type":106}
@nix {"action":"result","fields":[0,32,0,0],"id":802424444944386,"type":105}
@nix {"action":"result","fields":[0,0,0,0],"id":802424444944387,"type":105}
@nix {"action":"result","fields":[101,0],"id":802424444944385,"type":106}
@nix {"action":"result","fields":[100,0],"id":802424444944385,"type":106}
@nix {"action":"start","fields":["/tmp/casita-chain-rerun-l2oceybd/round-2-after/chain-round-1-jobs-8/store/yj4kzbxgc9rgzd4ha2b1gkclizpprds9-leaf-0.drv.drv","",1,1],"id":802424444944388,"level":3,"parent":0,"text":"building '/tmp/casita-chain-rerun-l2oceybd/round-2-after/chain-round-1-jobs-8/store/yj4kzbxgc9rgzd4ha2b1gkclizpprds9-leaf-0.drv.drv'","type":105}
@nix {"action":"result","fields":[0,32,1,0],"id":802424444944386,"type":105}
@nix {"action":"result","fields":[0,0,0,0],"id":802424444944387,"type":105}
@nix {"action":"result","fields":[101,0],"id":802424444944385,"type":106}
@nix {"action":"result","fields":[100,0],"id":802424444944385,"type":106}
@nix {"action":"result","fields":[1,33,0,0],"id":802424444944386,"type":105}
@nix {"action":"result","fields":[0,0,0,0],"id":802424444944387,"type":105}
@nix {"action":"result","fields":[101,0],"id":802424444944385,"type":106}
@nix {"action":"result","fields":[100,0],"id":802424444944385,"type":106}
@nix {"action":"stop","id":802424444944388}
@nix {"action":"result","fields":[1,33,0,0],"id":802424444944386,"type":105}
@nix {"action":"result","fields":[0,0,0,0],"id":802424444944387,"type":105}
@nix {"action":"result","fields":[101,0],"id":802424444944385,"type":106}
@nix {"action":"result","fields":[100,0],"id":802424444944385,"type":106}
@nix {"action":"start","fields":["/tmp/casita-chain-rerun-l2oceybd/round-2-after/chain-round-1-jobs-8/store/18zfyzx33hv7y54pcmnyac1f3ifjvm3k-leaf-0.drv","",1,1],"id":802424444944389,"level":3,"parent":0,"text":"building '/tmp/casita-chain-rerun-l2oceybd/round-2-after/chain-round-1-jobs-8/store/18zfyzx33hv7y54pcmnyac1f3ifjvm3k-leaf-0.drv'","type":105}
@nix {"action":"result","fields":[1,33,1,0],"id":802424444944386,"type":105}
@nix {"action":"result","fields":[0,0,0,0],"id":802424444944387,"type":105}
@nix {"action":"result","fields":[101,0],"id":802424444944385,"type":106}
@nix {"action":"result","fields":[100,0],"id":802424444944385,"type":106}
@nix {"action":"result","fields":[2,34,0,0],"id":802424444944386,"type":105}
@nix {"action":"result","fields":[0,0,0,0],"id":802424444944387,"type":105}
@nix {"action":"result","fields":[101,0],"id":802424444944385,"type":106}
@nix {"action":"result","fields":[100,0],"id":802424444944385,"type":106}
@nix {"action":"stop","id":802424444944389}
@nix {"action":"start","fields":["/tmp/casita-chain-rerun-l2oceybd/round-2-after/chain-round-1-jobs-8/store/59wxw7a6li8n1h4v0g6f0yh9dshbbk2s-leaf-1.drv.drv","/tmp/casita-chain-rerun-l2oceybd/round-2-after/chain-round-1-jobs-8/store/qlgprw6qbyivp043hz4ffvh1qq6vf9x2-leaf-1.drv.drv"],"id":802424444944390,"level":3,"parent":0,"text":"resolved derivation: '/tmp/casita-chain-rerun-l2oceybd/round-2-after/chain-round-1-jobs-8/store/59wxw7a6li8n1h4v0g6f0yh9dshbbk2s-leaf-1.drv.drv' -> '/tmp/casita-chain-rerun-l2oceybd/round-2-after/chain-round-1-jobs-8/store/qlgprw6qbyivp043hz4ffvh1qq6vf9x2-leaf-1.drv.drv'","type":111}
@nix {"action":"result","fields":[2,34,0,0],"id":802424444944386,"type":105}
@nix {"action":"result","fields":[0,0,0,0],"id":802424444944387,"type":105}
@nix {"action":"result","fields":[101,0],"id":802424444944385,"type":106}
@nix {"action":"result","fields":[100,0],"id":802424444944385,"type":106}
@nix {"action":"start","fields":["/tmp/casita-chain-rerun-l2oceybd/round-2-after/chain-round-1-jobs-8/store/qlgprw6qbyivp043hz4ffvh1qq6vf9x2-leaf-1.drv.drv","",1,1],"id":802424444944391,"level":3,"parent":0,"text":"building '/tmp/casita-chain-rerun-l2oceybd/round-2-after/chain-round-1-jobs-8/store/qlgprw6qbyivp043hz4ffvh1qq6vf9x2-leaf-1.drv.drv'","type":105}
@nix {"action":"result","fields":[2,34,1,0],"id":802424444944386,"type":105}
@nix {"action":"result","fields":[0,0,0,0],"id":802424444944387,"type":105}
@nix {"action":"result","fields":[101,0],"id":802424444944385,"type":106}
@nix {"action":"result","fields":[100,0],"id":802424444944385,"type":106}
@nix {"action":"result","fields":[3,35,0,0],"id":802424444944386,"type":105}
@nix {"action":"result","fields":[0,0,0,0],"id":802424444944387,"type":105}
@nix {"action":"result","fields":[101,0],"id":802424444944385,"type":106}
@nix {"action":"result","fields":[100,0],"id":802424444944385,"type":106}
@nix {"action":"stop","id":802424444944391}
@nix {"action":"result","fields":[4,35,0,0],"id":802424444944386,"type":105}
@nix {"action":"result","fields":[0,0,0,0],"id":802424444944387,"type":105}
@nix {"action":"result","fields":[101,0],"id":802424444944385,"type":106}
@nix {"action":"result","fields":[100,0],"id":802424444944385,"type":106}
@nix {"action":"stop","id":802424444944390}
@nix {"action":"result","fields":[4,35,0,0],"id":802424444944386,"type":105}
@nix {"action":"result","fields":[0,0,0,0],"id":802424444944387,"type":105}
@nix {"action":"result","fields":[101,0],"id":802424444944385,"type":106}
@nix {"action":"result","fields":[100,0],"id":802424444944385,"type":106}
@nix {"action":"start","fields":["/tmp/casita-chain-rerun-l2oceybd/round-2-after/chain-round-1-jobs-8/store/xgh5fmf3ivrb03i84qv4vkxr229gy8p9-leaf-1.drv","",1,1],"id":802424444944392,"level":3,"parent":0,"text":"building '/tmp/casita-chain-rerun-l2oceybd/round-2-after/chain-round-1-jobs-8/store/xgh5fmf3ivrb03i84qv4vkxr229gy8p9-leaf-1.drv'","type":105}
@nix {"action":"result","fields":[4,35,1,0],"id":802424444944386,"type":105}
@nix {"action":"result","fields":[0,0,0,0],"id":802424444944387,"type":105}
@nix {"action":"result","fields":[101,0],"id":802424444944385,"type":106}
@nix {"action":"result","fields":[100,0],"id":802424444944385,"type":106}
@nix {"action":"result","fields":[5,36,0,0],"id":802424444944386,"type":105}
@nix {"action":"result","fields":[0,0,0,0],"id":802424444944387,"type":105}
@nix {"action":"result","fields":[101,0],"id":802424444944385,"type":106}
@nix {"action":"result","fields":[100,0],"id":802424444944385,"type":106}
@nix {"action":"stop","id":802424444944392}
@nix {"action":"start","fields":["/tmp/casita-chain-rerun-l2oceybd/round-2-after/chain-round-1-jobs-8/store/w6k7cwmgks76a371jf200nb8ck7bcg02-leaf-2.drv.drv","/tmp/casita-chain-rerun-l2oceybd/round-2-after/chain-round-1-jobs-8/store/hjiinr19qyhpbzgrbg3drwmdzq1d97mp-leaf-2.drv.drv"],"id":802424444944393,"level":3,"parent":0,"text":"resolved derivation: '/tmp/casita-chain-rerun-l2oceybd/round-2-after/chain-round-1-jobs-8/store/w6k7cwmgks76a371jf200nb8ck7bcg02-leaf-2.drv.drv' -> '/tmp/casita-chain-rerun-l2oceybd/round-2-after/chain-round-1-jobs-8/store/hjiinr19qyhpbzgrbg3drwmdzq1d97mp-leaf-2.drv.drv'","type":111}
@nix {"action":"result","fields":[5,36,0,0],"id":802424444944386,"type":105}
@nix {"action":"result","fields":[0,0,0,0],"id":802424444944387,"type":105}
@nix {"action":"result","fields":[101,0],"id":802424444944385,"type":106}
@nix {"action":"result","fields":[100,0],"id":802424444944385,"type":106}
@nix {"action":"start","fields":["/tmp/casita-chain-rerun-l2oceybd/round-2-after/chain-round-1-jobs-8/store/hjiinr19qyhpbzgrbg3drwmdzq1d97mp-leaf-2.drv.drv","",1,1],"id":802424444944394,"level":3,"parent":0,"text":"building '/tmp/casita-chain-rerun-l2oceybd/round-2-after/chain-round-1-jobs-8/store/hjiinr19qyhpbzgrbg3drwmdzq1d97mp-leaf-2.drv.drv'","type":105}
@nix {"action":"result","fields":[5,36,1,0],"id":802424444944386,"type":105}
@nix {"action":"result","fields":[0,0,0,0],"id":802424444944387,"type":105}
@nix {"action":"result","fields":[101,0],"id":802424444944385,"type":106}
@nix {"action":"result","fields":[100,0],"id":802424444944385,"type":106}
@nix {"action":"result","fields":[6,37,0,0],"id":802424444944386,"type":105}
@nix {"action":"result","fields":[0,0,0,0],"id":802424444944387,"type":105}
@nix {"action":"result","fields":[101,0],"id":802424444944385,"type":106}
@nix {"action":"result","fields":[100,0],"id":802424444944385,"type":106}
@nix {"action":"stop","id":802424444944394}
@nix {"action":"result","fields":[7,37,0,0],"id":802424444944386,"type":105}
@nix {"action":"result","fields":[0,0,0,0],"id":802424444944387,"type":105}
@nix {"action":"result","fields":[101,0],"id":802424444944385,"type":106}
@nix {"action":"result","fields":[100,0],"id":802424444944385,"type":106}
@nix {"action":"stop","id":802424444944393}
@nix {"action":"result","fields":[7,37,0,0],"id":802424444944386,"type":105}
@nix {"action":"result","fields":[0,0,0,0],"id":802424444944387,"type":105}
@nix {"action":"result","fields":[101,0],"id":802424444944385,"type":106}
@nix {"action":"result","fields":[100,0],"id":802424444944385,"type":106}
@nix {"action":"start","fields":["/tmp/casita-chain-rerun-l2oceybd/round-2-after/chain-round-1-jobs-8/store/lsjwidm9gzkgr571a8nrni10ijj7acia-leaf-2.drv","",1,1],"id":802424444944395,"level":3,"parent":0,"text":"building '/tmp/casita-chain-rerun-l2oceybd/round-2-after/chain-round-1-jobs-8/store/lsjwidm9gzkgr571a8nrni10ijj7acia-leaf-2.drv'","type":105}
@nix {"action":"result","fields":[7,37,1,0],"id":802424444944386,"type":105}
@nix {"action":"result","fields":[0,0,0,0],"id":802424444944387,"type":105}
@nix {"action":"result","fields":[101,0],"id":802424444944385,"type":106}
@nix {"action":"result","fields":[100,0],"id":802424444944385,"type":106}
@nix {"action":"result","fields":[8,38,0,0],"id":802424444944386,"type":105}
@nix {"action":"result","fields":[0,0,0,0],"id":802424444944387,"type":105}
@nix {"action":"result","fields":[101,0],"id":802424444944385,"type":106}
@nix {"action":"result","fields":[100,0],"id":802424444944385,"type":106}
@nix {"action":"stop","id":802424444944395}
@nix {"action":"start","fields":["/tmp/casita-chain-rerun-l2oceybd/round-2-after/chain-round-1-jobs-8/store/1rr134cim2sh8jxhpbgaggz7s24n41bh-leaf-3.drv.drv","/tmp/casita-chain-rerun-l2oceybd/round-2-after/chain-round-1-jobs-8/store/2wadbgmkb0z1immyc9hkyshmkrb58zns-leaf-3.drv.drv"],"id":802424444944396,"level":3,"parent":0,"text":"resolved derivation: '/tmp/casita-chain-rerun-l2oceybd/round-2-after/chain-round-1-jobs-8/store/1rr134cim2sh8jxhpbgaggz7s24n41bh-leaf-3.drv.drv' -> '/tmp/casita-chain-rerun-l2oceybd/round-2-after/chain-round-1-jobs-8/store/2wadbgmkb0z1immyc9hkyshmkrb58zns-leaf-3.drv.drv'","type":111}
@nix {"action":"result","fields":[8,38,0,0],"id":802424444944386,"type":105}
@nix {"action":"result","fields":[0,0,0,0],"id":802424444944387,"type":105}
@nix {"action":"result","fields":[101,0],"id":802424444944385,"type":106}
@nix {"action":"result","fields":[100,0],"id":802424444944385,"type":106}
@nix {"action":"start","fields":["/tmp/casita-chain-rerun-l2oceybd/round-2-after/chain-round-1-jobs-8/store/2wadbgmkb0z1immyc9hkyshmkrb58zns-leaf-3.drv.drv","",1,1],"id":802424444944397,"level":3,"parent":0,"text":"building '/tmp/casita-chain-rerun-l2oceybd/round-2-after/chain-round-1-jobs-8/store/2wadbgmkb0z1immyc9hkyshmkrb58zns-leaf-3.drv.drv'","type":105}
@nix {"action":"result","fields":[8,38,1,0],"id":802424444944386,"type":105}
@nix {"action":"result","fields":[0,0,0,0],"id":802424444944387,"type":105}
@nix {"action":"result","fields":[101,0],"id":802424444944385,"type":106}
@nix {"action":"result","fields":[100,0],"id":802424444944385,"type":106}
@nix {"action":"result","fields":[9,39,0,0],"id":802424444944386,"type":105}
@nix {"action":"result","fields":[0,0,0,0],"id":802424444944387,"type":105}
@nix {"action":"result","fields":[101,0],"id":802424444944385,"type":106}
@nix {"action":"result","fields":[100,0],"id":802424444944385,"type":106}
@nix {"action":"stop","id":802424444944397}
@nix {"action":"result","fields":[10,39,0,0],"id":802424444944386,"type":105}
@nix {"action":"result","fields":[0,0,0,0],"id":802424444944387,"type":105}
@nix {"action":"result","fields":[101,0],"id":802424444944385,"type":106}
@nix {"action":"result","fields":[100,0],"id":802424444944385,"type":106}
@nix {"action":"stop","id":802424444944396}
@nix {"action":"result","fields":[10,39,0,0],"id":802424444944386,"type":105}
@nix {"action":"result","fields":[0,0,0,0],"id":802424444944387,"type":105}
@nix {"action":"result","fields":[101,0],"id":802424444944385,"type":106}
@nix {"action":"result","fields":[100,0],"id":802424444944385,"type":106}
@nix {"action":"start","fields":["/tmp/casita-chain-rerun-l2oceybd/round-2-after/chain-round-1-jobs-8/store/ln9lsprqmnl9h359g0ih5y6gkir63ikc-leaf-3.drv","",1,1],"id":802424444944398,"level":3,"parent":0,"text":"building '/tmp/casita-chain-rerun-l2oceybd/round-2-after/chain-round-1-jobs-8/store/ln9lsprqmnl9h359g0ih5y6gkir63ikc-leaf-3.drv'","type":105}
@nix {"action":"result","fields":[10,39,1,0],"id":802424444944386,"type":105}
@nix {"action":"result","fields":[0,0,0,0],"id":802424444944387,"type":105}
@nix {"action":"result","fields":[101,0],"id":802424444944385,"type":106}
@nix {"action":"result","fields":[100,0],"id":802424444944385,"type":106}
@nix {"action":"result","fields":[11,40,0,0],"id":802424444944386,"type":105}
@nix {"action":"result","fields":[0,0,0,0],"id":802424444944387,"type":105}
@nix {"action":"result","fields":[101,0],"id":802424444944385,"type":106}
@nix {"action":"result","fields":[100,0],"id":802424444944385,"type":106}
@nix {"action":"stop","id":802424444944398}
@nix {"action":"start","fields":["/tmp/casita-chain-rerun-l2oceybd/round-2-after/chain-round-1-jobs-8/store/nldd959g50jp5kscxx8wl3dmq6aqddiv-leaf-4.drv.drv","/tmp/casita-chain-rerun-l2oceybd/round-2-after/chain-round-1-jobs-8/store/f4q1xzql9wjvbjmmsww7qkjzg7fx9v5b-leaf-4.drv.drv"],"id":802424444944399,"level":3,"parent":0,"text":"resolved derivation: '/tmp/casita-chain-rerun-l2oceybd/round-2-after/chain-round-1-jobs-8/store/nldd959g50jp5kscxx8wl3dmq6aqddiv-leaf-4.drv.drv' -> '/tmp/casita-chain-rerun-l2oceybd/round-2-after/chain-round-1-jobs-8/store/f4q1xzql9wjvbjmmsww7qkjzg7fx9v5b-leaf-4.drv.drv'","type":111}
@nix {"action":"result","fields":[11,40,0,0],"id":802424444944386,"type":105}
@nix {"action":"result","fields":[0,0,0,0],"id":802424444944387,"type":105}
@nix {"action":"result","fields":[101,0],"id":802424444944385,"type":106}
@nix {"action":"result","fields":[100,0],"id":802424444944385,"type":106}
@nix {"action":"start","fields":["/tmp/casita-chain-rerun-l2oceybd/round-2-after/chain-round-1-jobs-8/store/f4q1xzql9wjvbjmmsww7qkjzg7fx9v5b-leaf-4.drv.drv","",1,1],"id":802424444944400,"level":3,"parent":0,"text":"building '/tmp/casita-chain-rerun-l2oceybd/round-2-after/chain-round-1-jobs-8/store/f4q1xzql9wjvbjmmsww7qkjzg7fx9v5b-leaf-4.drv.drv'","type":105}
@nix {"action":"result","fields":[11,40,1,0],"id":802424444944386,"type":105}
@nix {"action":"result","fields":[0,0,0,0],"id":802424444944387,"type":105}
@nix {"action":"result","fields":[101,0],"id":802424444944385,"type":106}
@nix {"action":"result","fields":[100,0],"id":802424444944385,"type":106}
@nix {"action":"result","fields":[12,41,0,0],"id":802424444944386,"type":105}
@nix {"action":"result","fields":[0,0,0,0],"id":802424444944387,"type":105}
@nix {"action":"result","fields":[101,0],"id":802424444944385,"type":106}
@nix {"action":"result","fields":[100,0],"id":802424444944385,"type":106}
@nix {"action":"stop","id":802424444944400}
@nix {"action":"result","fields":[13,41,0,0],"id":802424444944386,"type":105}
@nix {"action":"result","fields":[0,0,0,0],"id":802424444944387,"type":105}
@nix {"action":"result","fields":[101,0],"id":802424444944385,"type":106}
@nix {"action":"result","fields":[100,0],"id":802424444944385,"type":106}
@nix {"action":"stop","id":802424444944399}
@nix {"action":"result","fields":[13,41,0,0],"id":802424444944386,"type":105}
@nix {"action":"result","fields":[0,0,0,0],"id":802424444944387,"type":105}
@nix {"action":"result","fields":[101,0],"id":802424444944385,"type":106}
@nix {"action":"result","fields":[100,0],"id":802424444944385,"type":106}
@nix {"action":"start","fields":["/tmp/casita-chain-rerun-l2oceybd/round-2-after/chain-round-1-jobs-8/store/jls8jkrlyspn191dwpxcv6an03k9gs8z-leaf-4.drv","",1,1],"id":802424444944401,"level":3,"parent":0,"text":"building '/tmp/casita-chain-rerun-l2oceybd/round-2-after/chain-round-1-jobs-8/store/jls8jkrlyspn191dwpxcv6an03k9gs8z-leaf-4.drv'","type":105}
@nix {"action":"result","fields":[13,41,1,0],"id":802424444944386,"type":105}
@nix {"action":"result","fields":[0,0,0,0],"id":802424444944387,"type":105}
@nix {"action":"result","fields":[101,0],"id":802424444944385,"type":106}
@nix {"action":"result","fields":[100,0],"id":802424444944385,"type":106}
@nix {"action":"result","fields":[14,42,0,0],"id":802424444944386,"type":105}
@nix {"action":"result","fields":[0,0,0,0],"id":802424444944387,"type":105}
@nix {"action":"result","fields":[101,0],"id":802424444944385,"type":106}
@nix {"action":"result","fields":[100,0],"id":802424444944385,"type":106}
@nix {"action":"stop","id":802424444944401}
@nix {"action":"start","fields":["/tmp/casita-chain-rerun-l2oceybd/round-2-after/chain-round-1-jobs-8/store/vd2kynwsirk19d8jwp43f3shw9rcahlq-leaf-5.drv.drv","/tmp/casita-chain-rerun-l2oceybd/round-2-after/chain-round-1-jobs-8/store/lzvl8x4052afs82zkhbp6sc6azsv5lpk-leaf-5.drv.drv"],"id":802424444944402,"level":3,"parent":0,"text":"resolved derivation: '/tmp/casita-chain-rerun-l2oceybd/round-2-after/chain-round-1-jobs-8/store/vd2kynwsirk19d8jwp43f3shw9rcahlq-leaf-5.drv.drv' -> '/tmp/casita-chain-rerun-l2oceybd/round-2-after/chain-round-1-jobs-8/store/lzvl8x4052afs82zkhbp6sc6azsv5lpk-leaf-5.drv.drv'","type":111}
@nix {"action":"result","fields":[14,42,0,0],"id":802424444944386,"type":105}
@nix {"action":"result","fields":[0,0,0,0],"id":802424444944387,"type":105}
@nix {"action":"result","fields":[101,0],"id":802424444944385,"type":106}
@nix {"action":"result","fields":[100,0],"id":802424444944385,"type":106}
@nix {"action":"start","fields":["/tmp/casita-chain-rerun-l2oceybd/round-2-after/chain-round-1-jobs-8/store/lzvl8x4052afs82zkhbp6sc6azsv5lpk-leaf-5.drv.drv","",1,1],"id":802424444944403,"level":3,"parent":0,"text":"building '/tmp/casita-chain-rerun-l2oceybd/round-2-after/chain-round-1-jobs-8/store/lzvl8x4052afs82zkhbp6sc6azsv5lpk-leaf-5.drv.drv'","type":105}
@nix {"action":"result","fields":[14,42,1,0],"id":802424444944386,"type":105}
@nix {"action":"result","fields":[0,0,0,0],"id":802424444944387,"type":105}
@nix {"action":"result","fields":[101,0],"id":802424444944385,"type":106}
@nix {"action":"result","fields":[100,0],"id":802424444944385,"type":106}
@nix {"action":"result","fields":[15,43,0,0],"id":802424444944386,"type":105}
@nix {"action":"result","fields":[0,0,0,0],"id":802424444944387,"type":105}
@nix {"action":"result","fields":[101,0],"id":802424444944385,"type":106}
@nix {"action":"result","fields":[100,0],"id":802424444944385,"type":106}
@nix {"action":"stop","id":802424444944403}
@nix {"action":"result","fields":[16,43,0,0],"id":802424444944386,"type":105}
@nix {"action":"result","fields":[0,0,0,0],"id":802424444944387,"type":105}
@nix {"action":"result","fields":[101,0],"id":802424444944385,"type":106}
@nix {"action":"result","fields":[100,0],"id":802424444944385,"type":106}
@nix {"action":"stop","id":802424444944402}
@nix {"action":"result","fields":[16,43,0,0],"id":802424444944386,"type":105}
@nix {"action":"result","fields":[0,0,0,0],"id":802424444944387,"type":105}
@nix {"action":"result","fields":[101,0],"id":802424444944385,"type":106}
@nix {"action":"result","fields":[100,0],"id":802424444944385,"type":106}
@nix {"action":"start","fields":["/tmp/casita-chain-rerun-l2oceybd/round-2-after/chain-round-1-jobs-8/store/h3agj2lf8g58xmd23xq805zr10qzz5q0-leaf-5.drv","",1,1],"id":802424444944404,"level":3,"parent":0,"text":"building '/tmp/casita-chain-rerun-l2oceybd/round-2-after/chain-round-1-jobs-8/store/h3agj2lf8g58xmd23xq805zr10qzz5q0-leaf-5.drv'","type":105}
@nix {"action":"result","fields":[16,43,1,0],"id":802424444944386,"type":105}
@nix {"action":"result","fields":[0,0,0,0],"id":802424444944387,"type":105}
@nix {"action":"result","fields":[101,0],"id":802424444944385,"type":106}
@nix {"action":"result","fields":[100,0],"id":802424444944385,"type":106}
@nix {"action":"result","fields":[17,44,0,0],"id":802424444944386,"type":105}
@nix {"action":"result","fields":[0,0,0,0],"id":802424444944387,"type":105}
@nix {"action":"result","fields":[101,0],"id":802424444944385,"type":106}
@nix {"action":"result","fields":[100,0],"id":802424444944385,"type":106}
@nix {"action":"stop","id":802424444944404}
@nix {"action":"start","fields":["/tmp/casita-chain-rerun-l2oceybd/round-2-after/chain-round-1-jobs-8/store/wdxrhvj1f1rf91d0b2nif06b04clz44b-leaf-6.drv.drv","/tmp/casita-chain-rerun-l2oceybd/round-2-after/chain-round-1-jobs-8/store/wd0lmv11aihl0f7nq2symzis0k9dgvq8-leaf-6.drv.drv"],"id":802424444944405,"level":3,"parent":0,"text":"resolved derivation: '/tmp/casita-chain-rerun-l2oceybd/round-2-after/chain-round-1-jobs-8/store/wdxrhvj1f1rf91d0b2nif06b04clz44b-leaf-6.drv.drv' -> '/tmp/casita-chain-rerun-l2oceybd/round-2-after/chain-round-1-jobs-8/store/wd0lmv11aihl0f7nq2symzis0k9dgvq8-leaf-6.drv.drv'","type":111}
@nix {"action":"result","fields":[17,44,0,0],"id":802424444944386,"type":105}
@nix {"action":"result","fields":[0,0,0,0],"id":802424444944387,"type":105}
@nix {"action":"result","fields":[101,0],"id":802424444944385,"type":106}
@nix {"action":"result","fields":[100,0],"id":802424444944385,"type":106}
@nix {"action":"start","fields":["/tmp/casita-chain-rerun-l2oceybd/round-2-after/chain-round-1-jobs-8/store/wd0lmv11aihl0f7nq2symzis0k9dgvq8-leaf-6.drv.drv","",1,1],"id":802424444944406,"level":3,"parent":0,"text":"building '/tmp/casita-chain-rerun-l2oceybd/round-2-after/chain-round-1-jobs-8/store/wd0lmv11aihl0f7nq2symzis0k9dgvq8-leaf-6.drv.drv'","type":105}
@nix {"action":"result","fields":[17,44,1,0],"id":802424444944386,"type":105}
@nix {"action":"result","fields":[0,0,0,0],"id":802424444944387,"type":105}
@nix {"action":"result","fields":[101,0],"id":802424444944385,"type":106}
@nix {"action":"result","fields":[100,0],"id":802424444944385,"type":106}
@nix {"action":"result","fields":[18,45,0,0],"id":802424444944386,"type":105}
@nix {"action":"result","fields":[0,0,0,0],"id":802424444944387,"type":105}
@nix {"action":"result","fields":[101,0],"id":802424444944385,"type":106}
@nix {"action":"result","fields":[100,0],"id":802424444944385,"type":106}
@nix {"action":"stop","id":802424444944406}
@nix {"action":"result","fields":[19,45,0,0],"id":802424444944386,"type":105}
@nix {"action":"result","fields":[0,0,0,0],"id":802424444944387,"type":105}
@nix {"action":"result","fields":[101,0],"id":802424444944385,"type":106}
@nix {"action":"result","fields":[100,0],"id":802424444944385,"type":106}
@nix {"action":"stop","id":802424444944405}
@nix {"action":"result","fields":[19,45,0,0],"id":802424444944386,"type":105}
@nix {"action":"result","fields":[0,0,0,0],"id":802424444944387,"type":105}
@nix {"action":"result","fields":[101,0],"id":802424444944385,"type":106}
@nix {"action":"result","fields":[100,0],"id":802424444944385,"type":106}
@nix {"action":"start","fields":["/tmp/casita-chain-rerun-l2oceybd/round-2-after/chain-round-1-jobs-8/store/mav21nv5kmahkjnav550ms3q8c4m01kl-leaf-6.drv","",1,1],"id":802424444944407,"level":3,"parent":0,"text":"building '/tmp/casita-chain-rerun-l2oceybd/round-2-after/chain-round-1-jobs-8/store/mav21nv5kmahkjnav550ms3q8c4m01kl-leaf-6.drv'","type":105}
@nix {"action":"result","fields":[19,45,1,0],"id":802424444944386,"type":105}
@nix {"action":"result","fields":[0,0,0,0],"id":802424444944387,"type":105}
@nix {"action":"result","fields":[101,0],"id":802424444944385,"type":106}
@nix {"action":"result","fields":[100,0],"id":802424444944385,"type":106}
@nix {"action":"result","fields":[20,46,0,0],"id":802424444944386,"type":105}
@nix {"action":"result","fields":[0,0,0,0],"id":802424444944387,"type":105}
@nix {"action":"result","fields":[101,0],"id":802424444944385,"type":106}
@nix {"action":"result","fields":[100,0],"id":802424444944385,"type":106}
@nix {"action":"stop","id":802424444944407}
@nix {"action":"start","fields":["/tmp/casita-chain-rerun-l2oceybd/round-2-after/chain-round-1-jobs-8/store/p4zjjgd0551gk8cg9m6vklc7xnr83nqw-leaf-7.drv.drv","/tmp/casita-chain-rerun-l2oceybd/round-2-after/chain-round-1-jobs-8/store/qbca0qxb27a91gs327f7ba9rr2z645dc-leaf-7.drv.drv"],"id":802424444944408,"level":3,"parent":0,"text":"resolved derivation: '/tmp/casita-chain-rerun-l2oceybd/round-2-after/chain-round-1-jobs-8/store/p4zjjgd0551gk8cg9m6vklc7xnr83nqw-leaf-7.drv.drv' -> '/tmp/casita-chain-rerun-l2oceybd/round-2-after/chain-round-1-jobs-8/store/qbca0qxb27a91gs327f7ba9rr2z645dc-leaf-7.drv.drv'","type":111}
@nix {"action":"result","fields":[20,46,0,0],"id":802424444944386,"type":105}
@nix {"action":"result","fields":[0,0,0,0],"id":802424444944387,"type":105}
@nix {"action":"result","fields":[101,0],"id":802424444944385,"type":106}
@nix {"action":"result","fields":[100,0],"id":802424444944385,"type":106}
@nix {"action":"start","fields":["/tmp/casita-chain-rerun-l2oceybd/round-2-after/chain-round-1-jobs-8/store/qbca0qxb27a91gs327f7ba9rr2z645dc-leaf-7.drv.drv","",1,1],"id":802424444944409,"level":3,"parent":0,"text":"building '/tmp/casita-chain-rerun-l2oceybd/round-2-after/chain-round-1-jobs-8/store/qbca0qxb27a91gs327f7ba9rr2z645dc-leaf-7.drv.drv'","type":105}
@nix {"action":"result","fields":[20,46,1,0],"id":802424444944386,"type":105}
@nix {"action":"result","fields":[0,0,0,0],"id":802424444944387,"type":105}
@nix {"action":"result","fields":[101,0],"id":802424444944385,"type":106}
@nix {"action":"result","fields":[100,0],"id":802424444944385,"type":106}
@nix {"action":"result","fields":[21,47,0,0],"id":802424444944386,"type":105}
@nix {"action":"result","fields":[0,0,0,0],"id":802424444944387,"type":105}
@nix {"action":"result","fields":[101,0],"id":802424444944385,"type":106}
@nix {"action":"result","fields":[100,0],"id":802424444944385,"type":106}
@nix {"action":"stop","id":802424444944409}
@nix {"action":"result","fields":[22,47,0,0],"id":802424444944386,"type":105}
@nix {"action":"result","fields":[0,0,0,0],"id":802424444944387,"type":105}
@nix {"action":"result","fields":[101,0],"id":802424444944385,"type":106}
@nix {"action":"result","fields":[100,0],"id":802424444944385,"type":106}
@nix {"action":"stop","id":802424444944408}
@nix {"action":"result","fields":[22,47,0,0],"id":802424444944386,"type":105}
@nix {"action":"result","fields":[0,0,0,0],"id":802424444944387,"type":105}
@nix {"action":"result","fields":[101,0],"id":802424444944385,"type":106}
@nix {"action":"result","fields":[100,0],"id":802424444944385,"type":106}
@nix {"action":"start","fields":["/tmp/casita-chain-rerun-l2oceybd/round-2-after/chain-round-1-jobs-8/store/ipm4hdy7pgp7ggy806kd6jrh3hghzsci-leaf-7.drv","",1,1],"id":802424444944410,"level":3,"parent":0,"text":"building '/tmp/casita-chain-rerun-l2oceybd/round-2-after/chain-round-1-jobs-8/store/ipm4hdy7pgp7ggy806kd6jrh3hghzsci-leaf-7.drv'","type":105}
@nix {"action":"result","fields":[22,47,1,0],"id":802424444944386,"type":105}
@nix {"action":"result","fields":[0,0,0,0],"id":802424444944387,"type":105}
@nix {"action":"result","fields":[101,0],"id":802424444944385,"type":106}
@nix {"action":"result","fields":[100,0],"id":802424444944385,"type":106}
@nix {"action":"result","fields":[23,48,0,0],"id":802424444944386,"type":105}
@nix {"action":"result","fields":[0,0,0,0],"id":802424444944387,"type":105}
@nix {"action":"result","fields":[101,0],"id":802424444944385,"type":106}
@nix {"action":"result","fields":[100,0],"id":802424444944385,"type":106}
@nix {"action":"stop","id":802424444944410}
@nix {"action":"start","fields":["/tmp/casita-chain-rerun-l2oceybd/round-2-after/chain-round-1-jobs-8/store/2mja4rfywyzy90l91pcz6rjhicmjrxzq-leaf-8.drv.drv","/tmp/casita-chain-rerun-l2oceybd/round-2-after/chain-round-1-jobs-8/store/076k5qscarrsckpx488zav0lcsrrbc7w-leaf-8.drv.drv"],"id":802424444944411,"level":3,"parent":0,"text":"resolved derivation: '/tmp/casita-chain-rerun-l2oceybd/round-2-after/chain-round-1-jobs-8/store/2mja4rfywyzy90l91pcz6rjhicmjrxzq-leaf-8.drv.drv' -> '/tmp/casita-chain-rerun-l2oceybd/round-2-after/chain-round-1-jobs-8/store/076k5qscarrsckpx488zav0lcsrrbc7w-leaf-8.drv.drv'","type":111}
@nix {"action":"result","fields":[23,48,0,0],"id":802424444944386,"type":105}
@nix {"action":"result","fields":[0,0,0,0],"id":802424444944387,"type":105}
@nix {"action":"result","fields":[101,0],"id":802424444944385,"type":106}
@nix {"action":"result","fields":[100,0],"id":802424444944385,"type":106}
@nix {"action":"start","fields":["/tmp/casita-chain-rerun-l2oceybd/round-2-after/chain-round-1-jobs-8/store/076k5qscarrsckpx488zav0lcsrrbc7w-leaf-8.drv.drv","",1,1],"id":802424444944412,"level":3,"parent":0,"text":"building '/tmp/casita-chain-rerun-l2oceybd/round-2-after/chain-round-1-jobs-8/store/076k5qscarrsckpx488zav0lcsrrbc7w-leaf-8.drv.drv'","type":105}
@nix {"action":"result","fields":[23,48,1,0],"id":802424444944386,"type":105}
@nix {"action":"result","fields":[0,0,0,0],"id":802424444944387,"type":105}
@nix {"action":"result","fields":[101,0],"id":802424444944385,"type":106}
@nix {"action":"result","fields":[100,0],"id":802424444944385,"type":106}
@nix {"action":"result","fields":[24,49,0,0],"id":802424444944386,"type":105}
@nix {"action":"result","fields":[0,0,0,0],"id":802424444944387,"type":105}
@nix {"action":"result","fields":[101,0],"id":802424444944385,"type":106}
@nix {"action":"result","fields":[100,0],"id":802424444944385,"type":106}
@nix {"action":"stop","id":802424444944412}
@nix {"action":"result","fields":[25,49,0,0],"id":802424444944386,"type":105}
@nix {"action":"result","fields":[0,0,0,0],"id":802424444944387,"type":105}
@nix {"action":"result","fields":[101,0],"id":802424444944385,"type":106}
@nix {"action":"result","fields":[100,0],"id":802424444944385,"type":106}
@nix {"action":"stop","id":802424444944411}
@nix {"action":"result","fields":[25,49,0,0],"id":802424444944386,"type":105}
@nix {"action":"result","fields":[0,0,0,0],"id":802424444944387,"type":105}
@nix {"action":"result","fields":[101,0],"id":802424444944385,"type":106}
@nix {"action":"result","fields":[100,0],"id":802424444944385,"type":106}
@nix {"action":"start","fields":["/tmp/casita-chain-rerun-l2oceybd/round-2-after/chain-round-1-jobs-8/store/bvsn193x8rbh3kpnlm1hpgpgsl33bz8p-leaf-8.drv","",1,1],"id":802424444944413,"level":3,"parent":0,"text":"building '/tmp/casita-chain-rerun-l2oceybd/round-2-after/chain-round-1-jobs-8/store/bvsn193x8rbh3kpnlm1hpgpgsl33bz8p-leaf-8.drv'","type":105}
@nix {"action":"result","fields":[25,49,1,0],"id":802424444944386,"type":105}
@nix {"action":"result","fields":[0,0,0,0],"id":802424444944387,"type":105}
@nix {"action":"result","fields":[101,0],"id":802424444944385,"type":106}
@nix {"action":"result","fields":[100,0],"id":802424444944385,"type":106}
@nix {"action":"result","fields":[26,50,0,0],"id":802424444944386,"type":105}
@nix {"action":"result","fields":[0,0,0,0],"id":802424444944387,"type":105}
@nix {"action":"result","fields":[101,0],"id":802424444944385,"type":106}
@nix {"action":"result","fields":[100,0],"id":802424444944385,"type":106}
@nix {"action":"stop","id":802424444944413}
@nix {"action":"start","fields":["/tmp/casita-chain-rerun-l2oceybd/round-2-after/chain-round-1-jobs-8/store/jmwf7djl866wxnn9irzcdl9hq4vpag3d-leaf-9.drv.drv","/tmp/casita-chain-rerun-l2oceybd/round-2-after/chain-round-1-jobs-8/store/5j5477zg8yzvfpmwm7vjgk1azn8gd89i-leaf-9.drv.drv"],"id":802424444944414,"level":3,"parent":0,"text":"resolved derivation: '/tmp/casita-chain-rerun-l2oceybd/round-2-after/chain-round-1-jobs-8/store/jmwf7djl866wxnn9irzcdl9hq4vpag3d-leaf-9.drv.drv' -> '/tmp/casita-chain-rerun-l2oceybd/round-2-after/chain-round-1-jobs-8/store/5j5477zg8yzvfpmwm7vjgk1azn8gd89i-leaf-9.drv.drv'","type":111}
@nix {"action":"result","fields":[26,50,0,0],"id":802424444944386,"type":105}
@nix {"action":"result","fields":[0,0,0,0],"id":802424444944387,"type":105}
@nix {"action":"result","fields":[101,0],"id":802424444944385,"type":106}
@nix {"action":"result","fields":[100,0],"id":802424444944385,"type":106}
@nix {"action":"start","fields":["/tmp/casita-chain-rerun-l2oceybd/round-2-after/chain-round-1-jobs-8/store/5j5477zg8yzvfpmwm7vjgk1azn8gd89i-leaf-9.drv.drv","",1,1],"id":802424444944415,"level":3,"parent":0,"text":"building '/tmp/casita-chain-rerun-l2oceybd/round-2-after/chain-round-1-jobs-8/store/5j5477zg8yzvfpmwm7vjgk1azn8gd89i-leaf-9.drv.drv'","type":105}
@nix {"action":"result","fields":[26,50,1,0],"id":802424444944386,"type":105}
@nix {"action":"result","fields":[0,0,0,0],"id":802424444944387,"type":105}
@nix {"action":"result","fields":[101,0],"id":802424444944385,"type":106}
@nix {"action":"result","fields":[100,0],"id":802424444944385,"type":106}
@nix {"action":"result","fields":[27,51,0,0],"id":802424444944386,"type":105}
@nix {"action":"result","fields":[0,0,0,0],"id":802424444944387,"type":105}
@nix {"action":"result","fields":[101,0],"id":802424444944385,"type":106}
@nix {"action":"result","fields":[100,0],"id":802424444944385,"type":106}
@nix {"action":"stop","id":802424444944415}
@nix {"action":"result","fields":[28,51,0,0],"id":802424444944386,"type":105}
@nix {"action":"result","fields":[0,0,0,0],"id":802424444944387,"type":105}
@nix {"action":"result","fields":[101,0],"id":802424444944385,"type":106}
@nix {"action":"result","fields":[100,0],"id":802424444944385,"type":106}
@nix {"action":"stop","id":802424444944414}
@nix {"action":"result","fields":[28,51,0,0],"id":802424444944386,"type":105}
@nix {"action":"result","fields":[0,0,0,0],"id":802424444944387,"type":105}
@nix {"action":"result","fields":[101,0],"id":802424444944385,"type":106}
@nix {"action":"result","fields":[100,0],"id":802424444944385,"type":106}
@nix {"action":"start","fields":["/tmp/casita-chain-rerun-l2oceybd/round-2-after/chain-round-1-jobs-8/store/qdfazrr3b9fyq53vj1iybg8d61q0756g-leaf-9.drv","",1,1],"id":802424444944416,"level":3,"parent":0,"text":"building '/tmp/casita-chain-rerun-l2oceybd/round-2-after/chain-round-1-jobs-8/store/qdfazrr3b9fyq53vj1iybg8d61q0756g-leaf-9.drv'","type":105}
@nix {"action":"result","fields":[28,51,1,0],"id":802424444944386,"type":105}
@nix {"action":"result","fields":[0,0,0,0],"id":802424444944387,"type":105}
@nix {"action":"result","fields":[101,0],"id":802424444944385,"type":106}
@nix {"action":"result","fields":[100,0],"id":802424444944385,"type":106}
@nix {"action":"result","fields":[29,52,0,0],"id":802424444944386,"type":105}
@nix {"action":"result","fields":[0,0,0,0],"id":802424444944387,"type":105}
@nix {"action":"result","fields":[101,0],"id":802424444944385,"type":106}
@nix {"action":"result","fields":[100,0],"id":802424444944385,"type":106}
@nix {"action":"stop","id":802424444944416}
@nix {"action":"start","fields":["/tmp/casita-chain-rerun-l2oceybd/round-2-after/chain-round-1-jobs-8/store/pfc8l1c207dx8g0xnfxcm3540i52az5z-leaf-10.drv.drv","/tmp/casita-chain-rerun-l2oceybd/round-2-after/chain-round-1-jobs-8/store/yv4d5r03idwlh8sx9g4prl9pjcdndacm-leaf-10.drv.drv"],"id":802424444944417,"level":3,"parent":0,"text":"resolved derivation: '/tmp/casita-chain-rerun-l2oceybd/round-2-after/chain-round-1-jobs-8/store/pfc8l1c207dx8g0xnfxcm3540i52az5z-leaf-10.drv.drv' -> '/tmp/casita-chain-rerun-l2oceybd/round-2-after/chain-round-1-jobs-8/store/yv4d5r03idwlh8sx9g4prl9pjcdndacm-leaf-10.drv.drv'","type":111}
@nix {"action":"result","fields":[29,52,0,0],"id":802424444944386,"type":105}
@nix {"action":"result","fields":[0,0,0,0],"id":802424444944387,"type":105}
@nix {"action":"result","fields":[101,0],"id":802424444944385,"type":106}
@nix {"action":"result","fields":[100,0],"id":802424444944385,"type":106}
@nix {"action":"start","fields":["/tmp/casita-chain-rerun-l2oceybd/round-2-after/chain-round-1-jobs-8/store/yv4d5r03idwlh8sx9g4prl9pjcdndacm-leaf-10.drv.drv","",1,1],"id":802424444944418,"level":3,"parent":0,"text":"building '/tmp/casita-chain-rerun-l2oceybd/round-2-after/chain-round-1-jobs-8/store/yv4d5r03idwlh8sx9g4prl9pjcdndacm-leaf-10.drv.drv'","type":105}
@nix {"action":"result","fields":[29,52,1,0],"id":802424444944386,"type":105}
@nix {"action":"result","fields":[0,0,0,0],"id":802424444944387,"type":105}
@nix {"action":"result","fields":[101,0],"id":802424444944385,"type":106}
@nix {"action":"result","fields":[100,0],"id":802424444944385,"type":106}
@nix {"action":"result","fields":[30,53,0,0],"id":802424444944386,"type":105}
@nix {"action":"result","fields":[0,0,0,0],"id":802424444944387,"type":105}
@nix {"action":"result","fields":[101,0],"id":802424444944385,"type":106}
@nix {"action":"result","fields":[100,0],"id":802424444944385,"type":106}
@nix {"action":"stop","id":802424444944418}
@nix {"action":"result","fields":[31,53,0,0],"id":802424444944386,"type":105}
@nix {"action":"result","fields":[0,0,0,0],"id":802424444944387,"type":105}
@nix {"action":"result","fields":[101,0],"id":802424444944385,"type":106}
@nix {"action":"result","fields":[100,0],"id":802424444944385,"type":106}
@nix {"action":"stop","id":802424444944417}
@nix {"action":"result","fields":[31,53,0,0],"id":802424444944386,"type":105}
@nix {"action":"result","fields":[0,0,0,0],"id":802424444944387,"type":105}
@nix {"action":"result","fields":[101,0],"id":802424444944385,"type":106}
@nix {"action":"result","fields":[100,0],"id":802424444944385,"type":106}
@nix {"action":"start","fields":["/tmp/casita-chain-rerun-l2oceybd/round-2-after/chain-round-1-jobs-8/store/8qs0q8s9q63ddw0lyxcfwy0844xf2xf9-leaf-10.drv","",1,1],"id":802424444944419,"level":3,"parent":0,"text":"building '/tmp/casita-chain-rerun-l2oceybd/round-2-after/chain-round-1-jobs-8/store/8qs0q8s9q63ddw0lyxcfwy0844xf2xf9-leaf-10.drv'","type":105}
@nix {"action":"result","fields":[31,53,1,0],"id":802424444944386,"type":105}
@nix {"action":"result","fields":[0,0,0,0],"id":802424444944387,"type":105}
@nix {"action":"result","fields":[101,0],"id":802424444944385,"type":106}
@nix {"action":"result","fields":[100,0],"id":802424444944385,"type":106}
@nix {"action":"result","fields":[32,54,0,0],"id":802424444944386,"type":105}
@nix {"action":"result","fields":[0,0,0,0],"id":802424444944387,"type":105}
@nix {"action":"result","fields":[101,0],"id":802424444944385,"type":106}
@nix {"action":"result","fields":[100,0],"id":802424444944385,"type":106}
@nix {"action":"stop","id":802424444944419}
@nix {"action":"start","fields":["/tmp/casita-chain-rerun-l2oceybd/round-2-after/chain-round-1-jobs-8/store/8lj2m2bawgb07prbx1g5kf94hqdqgdp8-leaf-11.drv.drv","/tmp/casita-chain-rerun-l2oceybd/round-2-after/chain-round-1-jobs-8/store/pfpj57v2wymnkizsb99q0hd15ycni44s-leaf-11.drv.drv"],"id":802424444944420,"level":3,"parent":0,"text":"resolved derivation: '/tmp/casita-chain-rerun-l2oceybd/round-2-after/chain-round-1-jobs-8/store/8lj2m2bawgb07prbx1g5kf94hqdqgdp8-leaf-11.drv.drv' -> '/tmp/casita-chain-rerun-l2oceybd/round-2-after/chain-round-1-jobs-8/store/pfpj57v2wymnkizsb99q0hd15ycni44s-leaf-11.drv.drv'","type":111}
@nix {"action":"result","fields":[32,54,0,0],"id":802424444944386,"type":105}
@nix {"action":"result","fields":[0,0,0,0],"id":802424444944387,"type":105}
@nix {"action":"result","fields":[101,0],"id":802424444944385,"type":106}
@nix {"action":"result","fields":[100,0],"id":802424444944385,"type":106}
@nix {"action":"start","fields":["/tmp/casita-chain-rerun-l2oceybd/round-2-after/chain-round-1-jobs-8/store/pfpj57v2wymnkizsb99q0hd15ycni44s-leaf-11.drv.drv","",1,1],"id":802424444944421,"level":3,"parent":0,"text":"building '/tmp/casita-chain-rerun-l2oceybd/round-2-after/chain-round-1-jobs-8/store/pfpj57v2wymnkizsb99q0hd15ycni44s-leaf-11.drv.drv'","type":105}
@nix {"action":"result","fields":[32,54,1,0],"id":802424444944386,"type":105}
@nix {"action":"result","fields":[0,0,0,0],"id":802424444944387,"type":105}
@nix {"action":"result","fields":[101,0],"id":802424444944385,"type":106}
@nix {"action":"result","fields":[100,0],"id":802424444944385,"type":106}
@nix {"action":"result","fields":[33,55,0,0],"id":802424444944386,"type":105}
@nix {"action":"result","fields":[0,0,0,0],"id":802424444944387,"type":105}
@nix {"action":"result","fields":[101,0],"id":802424444944385,"type":106}
@nix {"action":"result","fields":[100,0],"id":802424444944385,"type":106}
@nix {"action":"stop","id":802424444944421}
@nix {"action":"result","fields":[34,55,0,0],"id":802424444944386,"type":105}
@nix {"action":"result","fields":[0,0,0,0],"id":802424444944387,"type":105}
@nix {"action":"result","fields":[101,0],"id":802424444944385,"type":106}
@nix {"action":"result","fields":[100,0],"id":802424444944385,"type":106}
@nix {"action":"stop","id":802424444944420}
@nix {"action":"result","fields":[34,55,0,0],"id":802424444944386,"type":105}
@nix {"action":"result","fields":[0,0,0,0],"id":802424444944387,"type":105}
@nix {"action":"result","fields":[101,0],"id":802424444944385,"type":106}
@nix {"action":"result","fields":[100,0],"id":802424444944385,"type":106}
@nix {"action":"start","fields":["/tmp/casita-chain-rerun-l2oceybd/round-2-after/chain-round-1-jobs-8/store/mwryvimy0mkwyqnrgi3rmfdcwcbalg8y-leaf-11.drv","",1,1],"id":802424444944422,"level":3,"parent":0,"text":"building '/tmp/casita-chain-rerun-l2oceybd/round-2-after/chain-round-1-jobs-8/store/mwryvimy0mkwyqnrgi3rmfdcwcbalg8y-leaf-11.drv'","type":105}
@nix {"action":"result","fields":[34,55,1,0],"id":802424444944386,"type":105}
@nix {"action":"result","fields":[0,0,0,0],"id":802424444944387,"type":105}
@nix {"action":"result","fields":[101,0],"id":802424444944385,"type":106}
@nix {"action":"result","fields":[100,0],"id":802424444944385,"type":106}
@nix {"action":"result","fields":[35,56,0,0],"id":802424444944386,"type":105}
@nix {"action":"result","fields":[0,0,0,0],"id":802424444944387,"type":105}
@nix {"action":"result","fields":[101,0],"id":802424444944385,"type":106}
@nix {"action":"result","fields":[100,0],"id":802424444944385,"type":106}
@nix {"action":"stop","id":802424444944422}
@nix {"action":"start","fields":["/tmp/casita-chain-rerun-l2oceybd/round-2-after/chain-round-1-jobs-8/store/02mhk14ln3qcdhw738z7jhcbnzp562zk-leaf-12.drv.drv","/tmp/casita-chain-rerun-l2oceybd/round-2-after/chain-round-1-jobs-8/store/s7938f74d1xzzkjjj2ggia4aqhl6q0h4-leaf-12.drv.drv"],"id":802424444944423,"level":3,"parent":0,"text":"resolved derivation: '/tmp/casita-chain-rerun-l2oceybd/round-2-after/chain-round-1-jobs-8/store/02mhk14ln3qcdhw738z7jhcbnzp562zk-leaf-12.drv.drv' -> '/tmp/casita-chain-rerun-l2oceybd/round-2-after/chain-round-1-jobs-8/store/s7938f74d1xzzkjjj2ggia4aqhl6q0h4-leaf-12.drv.drv'","type":111}
@nix {"action":"result","fields":[35,56,0,0],"id":802424444944386,"type":105}
@nix {"action":"result","fields":[0,0,0,0],"id":802424444944387,"type":105}
@nix {"action":"result","fields":[101,0],"id":802424444944385,"type":106}
@nix {"action":"result","fields":[100,0],"id":802424444944385,"type":106}
@nix {"action":"start","fields":["/tmp/casita-chain-rerun-l2oceybd/round-2-after/chain-round-1-jobs-8/store/s7938f74d1xzzkjjj2ggia4aqhl6q0h4-leaf-12.drv.drv","",1,1],"id":802424444944424,"level":3,"parent":0,"text":"building '/tmp/casita-chain-rerun-l2oceybd/round-2-after/chain-round-1-jobs-8/store/s7938f74d1xzzkjjj2ggia4aqhl6q0h4-leaf-12.drv.drv'","type":105}
@nix {"action":"result","fields":[35,56,1,0],"id":802424444944386,"type":105}
@nix {"action":"result","fields":[0,0,0,0],"id":802424444944387,"type":105}
@nix {"action":"result","fields":[101,0],"id":802424444944385,"type":106}
@nix {"action":"result","fields":[100,0],"id":802424444944385,"type":106}
@nix {"action":"result","fields":[36,57,0,0],"id":802424444944386,"type":105}
@nix {"action":"result","fields":[0,0,0,0],"id":802424444944387,"type":105}
@nix {"action":"result","fields":[101,0],"id":802424444944385,"type":106}
@nix {"action":"result","fields":[100,0],"id":802424444944385,"type":106}
@nix {"action":"stop","id":802424444944424}
@nix {"action":"result","fields":[37,57,0,0],"id":802424444944386,"type":105}
@nix {"action":"result","fields":[0,0,0,0],"id":802424444944387,"type":105}
@nix {"action":"result","fields":[101,0],"id":802424444944385,"type":106}
@nix {"action":"result","fields":[100,0],"id":802424444944385,"type":106}
@nix {"action":"stop","id":802424444944423}
@nix {"action":"result","fields":[37,57,0,0],"id":802424444944386,"type":105}
@nix {"action":"result","fields":[0,0,0,0],"id":802424444944387,"type":105}
@nix {"action":"result","fields":[101,0],"id":802424444944385,"type":106}
@nix {"action":"result","fields":[100,0],"id":802424444944385,"type":106}
@nix {"action":"start","fields":["/tmp/casita-chain-rerun-l2oceybd/round-2-after/chain-round-1-jobs-8/store/y91dxxzamrp6a2ldm6pw9bxvwm3ljw1p-leaf-12.drv","",1,1],"id":802424444944425,"level":3,"parent":0,"text":"building '/tmp/casita-chain-rerun-l2oceybd/round-2-after/chain-round-1-jobs-8/store/y91dxxzamrp6a2ldm6pw9bxvwm3ljw1p-leaf-12.drv'","type":105}
@nix {"action":"result","fields":[37,57,1,0],"id":802424444944386,"type":105}
@nix {"action":"result","fields":[0,0,0,0],"id":802424444944387,"type":105}
@nix {"action":"result","fields":[101,0],"id":802424444944385,"type":106}
@nix {"action":"result","fields":[100,0],"id":802424444944385,"type":106}
@nix {"action":"result","fields":[38,58,0,0],"id":802424444944386,"type":105}
@nix {"action":"result","fields":[0,0,0,0],"id":802424444944387,"type":105}
@nix {"action":"result","fields":[101,0],"id":802424444944385,"type":106}
@nix {"action":"result","fields":[100,0],"id":802424444944385,"type":106}
@nix {"action":"stop","id":802424444944425}
@nix {"action":"start","fields":["/tmp/casita-chain-rerun-l2oceybd/round-2-after/chain-round-1-jobs-8/store/wm8c90kdjf8i9657iq573hnxqbhqxpi4-leaf-13.drv.drv","/tmp/casita-chain-rerun-l2oceybd/round-2-after/chain-round-1-jobs-8/store/849scsg42ab1l3lvzjhkbw3pw20xjhl4-leaf-13.drv.drv"],"id":802424444944426,"level":3,"parent":0,"text":"resolved derivation: '/tmp/casita-chain-rerun-l2oceybd/round-2-after/chain-round-1-jobs-8/store/wm8c90kdjf8i9657iq573hnxqbhqxpi4-leaf-13.drv.drv' -> '/tmp/casita-chain-rerun-l2oceybd/round-2-after/chain-round-1-jobs-8/store/849scsg42ab1l3lvzjhkbw3pw20xjhl4-leaf-13.drv.drv'","type":111}
@nix {"action":"result","fields":[38,58,0,0],"id":802424444944386,"type":105}
@nix {"action":"result","fields":[0,0,0,0],"id":802424444944387,"type":105}
@nix {"action":"result","fields":[101,0],"id":802424444944385,"type":106}
@nix {"action":"result","fields":[100,0],"id":802424444944385,"type":106}
@nix {"action":"start","fields":["/tmp/casita-chain-rerun-l2oceybd/round-2-after/chain-round-1-jobs-8/store/849scsg42ab1l3lvzjhkbw3pw20xjhl4-leaf-13.drv.drv","",1,1],"id":802424444944427,"level":3,"parent":0,"text":"building '/tmp/casita-chain-rerun-l2oceybd/round-2-after/chain-round-1-jobs-8/store/849scsg42ab1l3lvzjhkbw3pw20xjhl4-leaf-13.drv.drv'","type":105}
@nix {"action":"result","fields":[38,58,1,0],"id":802424444944386,"type":105}
@nix {"action":"result","fields":[0,0,0,0],"id":802424444944387,"type":105}
@nix {"action":"result","fields":[101,0],"id":802424444944385,"type":106}
@nix {"action":"result","fields":[100,0],"id":802424444944385,"type":106}
@nix {"action":"result","fields":[39,59,0,0],"id":802424444944386,"type":105}
@nix {"action":"result","fields":[0,0,0,0],"id":802424444944387,"type":105}
@nix {"action":"result","fields":[101,0],"id":802424444944385,"type":106}
@nix {"action":"result","fields":[100,0],"id":802424444944385,"type":106}
@nix {"action":"stop","id":802424444944427}
@nix {"action":"result","fields":[40,59,0,0],"id":802424444944386,"type":105}
@nix {"action":"result","fields":[0,0,0,0],"id":802424444944387,"type":105}
@nix {"action":"result","fields":[101,0],"id":802424444944385,"type":106}
@nix {"action":"result","fields":[100,0],"id":802424444944385,"type":106}
@nix {"action":"stop","id":802424444944426}
@nix {"action":"result","fields":[40,59,0,0],"id":802424444944386,"type":105}
@nix {"action":"result","fields":[0,0,0,0],"id":802424444944387,"type":105}
@nix {"action":"result","fields":[101,0],"id":802424444944385,"type":106}
@nix {"action":"result","fields":[100,0],"id":802424444944385,"type":106}
@nix {"action":"start","fields":["/tmp/casita-chain-rerun-l2oceybd/round-2-after/chain-round-1-jobs-8/store/8q4drr7qsildq17bpd0m4i6sbas5r1db-leaf-13.drv","",1,1],"id":802424444944428,"level":3,"parent":0,"text":"building '/tmp/casita-chain-rerun-l2oceybd/round-2-after/chain-round-1-jobs-8/store/8q4drr7qsildq17bpd0m4i6sbas5r1db-leaf-13.drv'","type":105}
@nix {"action":"result","fields":[40,59,1,0],"id":802424444944386,"type":105}
@nix {"action":"result","fields":[0,0,0,0],"id":802424444944387,"type":105}
@nix {"action":"result","fields":[101,0],"id":802424444944385,"type":106}
@nix {"action":"result","fields":[100,0],"id":802424444944385,"type":106}
@nix {"action":"result","fields":[41,60,0,0],"id":802424444944386,"type":105}
@nix {"action":"result","fields":[0,0,0,0],"id":802424444944387,"type":105}
@nix {"action":"result","fields":[101,0],"id":802424444944385,"type":106}
@nix {"action":"result","fields":[100,0],"id":802424444944385,"type":106}
@nix {"action":"stop","id":802424444944428}
@nix {"action":"start","fields":["/tmp/casita-chain-rerun-l2oceybd/round-2-after/chain-round-1-jobs-8/store/kzc92mm8mj49r9xlmm4vig47br7wr4xv-leaf-14.drv.drv","/tmp/casita-chain-rerun-l2oceybd/round-2-after/chain-round-1-jobs-8/store/acis4qsfqa0x6n2pr84h3mh6f6jwm0vf-leaf-14.drv.drv"],"id":802424444944429,"level":3,"parent":0,"text":"resolved derivation: '/tmp/casita-chain-rerun-l2oceybd/round-2-after/chain-round-1-jobs-8/store/kzc92mm8mj49r9xlmm4vig47br7wr4xv-leaf-14.drv.drv' -> '/tmp/casita-chain-rerun-l2oceybd/round-2-after/chain-round-1-jobs-8/store/acis4qsfqa0x6n2pr84h3mh6f6jwm0vf-leaf-14.drv.drv'","type":111}
@nix {"action":"result","fields":[41,60,0,0],"id":802424444944386,"type":105}
@nix {"action":"result","fields":[0,0,0,0],"id":802424444944387,"type":105}
@nix {"action":"result","fields":[101,0],"id":802424444944385,"type":106}
@nix {"action":"result","fields":[100,0],"id":802424444944385,"type":106}
@nix {"action":"start","fields":["/tmp/casita-chain-rerun-l2oceybd/round-2-after/chain-round-1-jobs-8/store/acis4qsfqa0x6n2pr84h3mh6f6jwm0vf-leaf-14.drv.drv","",1,1],"id":802424444944430,"level":3,"parent":0,"text":"building '/tmp/casita-chain-rerun-l2oceybd/round-2-after/chain-round-1-jobs-8/store/acis4qsfqa0x6n2pr84h3mh6f6jwm0vf-leaf-14.drv.drv'","type":105}
@nix {"action":"result","fields":[41,60,1,0],"id":802424444944386,"type":105}
@nix {"action":"result","fields":[0,0,0,0],"id":802424444944387,"type":105}
@nix {"action":"result","fields":[101,0],"id":802424444944385,"type":106}
@nix {"action":"result","fields":[100,0],"id":802424444944385,"type":106}
@nix {"action":"result","fields":[42,61,0,0],"id":802424444944386,"type":105}
@nix {"action":"result","fields":[0,0,0,0],"id":802424444944387,"type":105}
@nix {"action":"result","fields":[101,0],"id":802424444944385,"type":106}
@nix {"action":"result","fields":[100,0],"id":802424444944385,"type":106}
@nix {"action":"stop","id":802424444944430}
@nix {"action":"result","fields":[43,61,0,0],"id":802424444944386,"type":105}
@nix {"action":"result","fields":[0,0,0,0],"id":802424444944387,"type":105}
@nix {"action":"result","fields":[101,0],"id":802424444944385,"type":106}
@nix {"action":"result","fields":[100,0],"id":802424444944385,"type":106}
@nix {"action":"stop","id":802424444944429}
@nix {"action":"result","fields":[43,61,0,0],"id":802424444944386,"type":105}
@nix {"action":"result","fields":[0,0,0,0],"id":802424444944387,"type":105}
@nix {"action":"result","fields":[101,0],"id":802424444944385,"type":106}
@nix {"action":"result","fields":[100,0],"id":802424444944385,"type":106}
@nix {"action":"start","fields":["/tmp/casita-chain-rerun-l2oceybd/round-2-after/chain-round-1-jobs-8/store/wnkrd1kgad60k5m2fhmbm91g56bi8kqn-leaf-14.drv","",1,1],"id":802424444944431,"level":3,"parent":0,"text":"building '/tmp/casita-chain-rerun-l2oceybd/round-2-after/chain-round-1-jobs-8/store/wnkrd1kgad60k5m2fhmbm91g56bi8kqn-leaf-14.drv'","type":105}
@nix {"action":"result","fields":[43,61,1,0],"id":802424444944386,"type":105}
@nix {"action":"result","fields":[0,0,0,0],"id":802424444944387,"type":105}
@nix {"action":"result","fields":[101,0],"id":802424444944385,"type":106}
@nix {"action":"result","fields":[100,0],"id":802424444944385,"type":106}
@nix {"action":"result","fields":[44,62,0,0],"id":802424444944386,"type":105}
@nix {"action":"result","fields":[0,0,0,0],"id":802424444944387,"type":105}
@nix {"action":"result","fields":[101,0],"id":802424444944385,"type":106}
@nix {"action":"result","fields":[100,0],"id":802424444944385,"type":106}
@nix {"action":"stop","id":802424444944431}
@nix {"action":"start","fields":["/tmp/casita-chain-rerun-l2oceybd/round-2-after/chain-round-1-jobs-8/store/7b5w0hn7c96hdajfx4lyq7rdah22akpl-leaf-15.drv.drv","/tmp/casita-chain-rerun-l2oceybd/round-2-after/chain-round-1-jobs-8/store/ay8cglcbravisimgq09ldy6zn0bh7bnc-leaf-15.drv.drv"],"id":802424444944432,"level":3,"parent":0,"text":"resolved derivation: '/tmp/casita-chain-rerun-l2oceybd/round-2-after/chain-round-1-jobs-8/store/7b5w0hn7c96hdajfx4lyq7rdah22akpl-leaf-15.drv.drv' -> '/tmp/casita-chain-rerun-l2oceybd/round-2-after/chain-round-1-jobs-8/store/ay8cglcbravisimgq09ldy6zn0bh7bnc-leaf-15.drv.drv'","type":111}
@nix {"action":"result","fields":[44,62,0,0],"id":802424444944386,"type":105}
@nix {"action":"result","fields":[0,0,0,0],"id":802424444944387,"type":105}
@nix {"action":"result","fields":[101,0],"id":802424444944385,"type":106}
@nix {"action":"result","fields":[100,0],"id":802424444944385,"type":106}
@nix {"action":"start","fields":["/tmp/casita-chain-rerun-l2oceybd/round-2-after/chain-round-1-jobs-8/store/ay8cglcbravisimgq09ldy6zn0bh7bnc-leaf-15.drv.drv","",1,1],"id":802424444944433,"level":3,"parent":0,"text":"building '/tmp/casita-chain-rerun-l2oceybd/round-2-after/chain-round-1-jobs-8/store/ay8cglcbravisimgq09ldy6zn0bh7bnc-leaf-15.drv.drv'","type":105}
@nix {"action":"result","fields":[44,62,1,0],"id":802424444944386,"type":105}
@nix {"action":"result","fields":[0,0,0,0],"id":802424444944387,"type":105}
@nix {"action":"result","fields":[101,0],"id":802424444944385,"type":106}
@nix {"action":"result","fields":[100,0],"id":802424444944385,"type":106}
@nix {"action":"result","fields":[45,63,0,0],"id":802424444944386,"type":105}
@nix {"action":"result","fields":[0,0,0,0],"id":802424444944387,"type":105}
@nix {"action":"result","fields":[101,0],"id":802424444944385,"type":106}
@nix {"action":"result","fields":[100,0],"id":802424444944385,"type":106}
@nix {"action":"stop","id":802424444944433}
@nix {"action":"result","fields":[46,63,0,0],"id":802424444944386,"type":105}
@nix {"action":"result","fields":[0,0,0,0],"id":802424444944387,"type":105}
@nix {"action":"result","fields":[101,0],"id":802424444944385,"type":106}
@nix {"action":"result","fields":[100,0],"id":802424444944385,"type":106}
@nix {"action":"stop","id":802424444944432}
@nix {"action":"result","fields":[46,63,0,0],"id":802424444944386,"type":105}
@nix {"action":"result","fields":[0,0,0,0],"id":802424444944387,"type":105}
@nix {"action":"result","fields":[101,0],"id":802424444944385,"type":106}
@nix {"action":"result","fields":[100,0],"id":802424444944385,"type":106}
@nix {"action":"start","fields":["/tmp/casita-chain-rerun-l2oceybd/round-2-after/chain-round-1-jobs-8/store/rpf8ib8agiy31kad9rpskaxkqi4hnc8a-leaf-15.drv","",1,1],"id":802424444944434,"level":3,"parent":0,"text":"building '/tmp/casita-chain-rerun-l2oceybd/round-2-after/chain-round-1-jobs-8/store/rpf8ib8agiy31kad9rpskaxkqi4hnc8a-leaf-15.drv'","type":105}
@nix {"action":"result","fields":[46,63,1,0],"id":802424444944386,"type":105}
@nix {"action":"result","fields":[0,0,0,0],"id":802424444944387,"type":105}
@nix {"action":"result","fields":[101,0],"id":802424444944385,"type":106}
@nix {"action":"result","fields":[100,0],"id":802424444944385,"type":106}
@nix {"action":"result","fields":[47,64,0,0],"id":802424444944386,"type":105}
@nix {"action":"result","fields":[0,0,0,0],"id":802424444944387,"type":105}
@nix {"action":"result","fields":[101,0],"id":802424444944385,"type":106}
@nix {"action":"result","fields":[100,0],"id":802424444944385,"type":106}
@nix {"action":"stop","id":802424444944434}
@nix {"action":"start","fields":["/tmp/casita-chain-rerun-l2oceybd/round-2-after/chain-round-1-jobs-8/store/05qr0lhgp9jp7xssqwr21x542qixndyq-leaf-16.drv.drv","/tmp/casita-chain-rerun-l2oceybd/round-2-after/chain-round-1-jobs-8/store/dadng47h8ny0m9ygqp3fkmaini3scphs-leaf-16.drv.drv"],"id":802424444944435,"level":3,"parent":0,"text":"resolved derivation: '/tmp/casita-chain-rerun-l2oceybd/round-2-after/chain-round-1-jobs-8/store/05qr0lhgp9jp7xssqwr21x542qixndyq-leaf-16.drv.drv' -> '/tmp/casita-chain-rerun-l2oceybd/round-2-after/chain-round-1-jobs-8/store/dadng47h8ny0m9ygqp3fkmaini3scphs-leaf-16.drv.drv'","type":111}
@nix {"action":"result","fields":[47,64,0,0],"id":802424444944386,"type":105}
@nix {"action":"result","fields":[0,0,0,0],"id":802424444944387,"type":105}
@nix {"action":"result","fields":[101,0],"id":802424444944385,"type":106}
@nix {"action":"result","fields":[100,0],"id":802424444944385,"type":106}
@nix {"action":"start","fields":["/tmp/casita-chain-rerun-l2oceybd/round-2-after/chain-round-1-jobs-8/store/dadng47h8ny0m9ygqp3fkmaini3scphs-leaf-16.drv.drv","",1,1],"id":802424444944436,"level":3,"parent":0,"text":"building '/tmp/casita-chain-rerun-l2oceybd/round-2-after/chain-round-1-jobs-8/store/dadng47h8ny0m9ygqp3fkmaini3scphs-leaf-16.drv.drv'","type":105}
@nix {"action":"result","fields":[47,64,1,0],"id":802424444944386,"type":105}
@nix {"action":"result","fields":[0,0,0,0],"id":802424444944387,"type":105}
@nix {"action":"result","fields":[101,0],"id":802424444944385,"type":106}
@nix {"action":"result","fields":[100,0],"id":802424444944385,"type":106}
@nix {"action":"result","fields":[48,65,0,0],"id":802424444944386,"type":105}
@nix {"action":"result","fields":[0,0,0,0],"id":802424444944387,"type":105}
@nix {"action":"result","fields":[101,0],"id":802424444944385,"type":106}
@nix {"action":"result","fields":[100,0],"id":802424444944385,"type":106}
@nix {"action":"stop","id":802424444944436}
@nix {"action":"result","fields":[49,65,0,0],"id":802424444944386,"type":105}
@nix {"action":"result","fields":[0,0,0,0],"id":802424444944387,"type":105}
@nix {"action":"result","fields":[101,0],"id":802424444944385,"type":106}
@nix {"action":"result","fields":[100,0],"id":802424444944385,"type":106}
@nix {"action":"stop","id":802424444944435}
@nix {"action":"result","fields":[49,65,0,0],"id":802424444944386,"type":105}
@nix {"action":"result","fields":[0,0,0,0],"id":802424444944387,"type":105}
@nix {"action":"result","fields":[101,0],"id":802424444944385,"type":106}
@nix {"action":"result","fields":[100,0],"id":802424444944385,"type":106}
@nix {"action":"start","fields":["/tmp/casita-chain-rerun-l2oceybd/round-2-after/chain-round-1-jobs-8/store/spjmmjmw746b8mc2s309qyg9crj8n85m-leaf-16.drv","",1,1],"id":802424444944437,"level":3,"parent":0,"text":"building '/tmp/casita-chain-rerun-l2oceybd/round-2-after/chain-round-1-jobs-8/store/spjmmjmw746b8mc2s309qyg9crj8n85m-leaf-16.drv'","type":105}
@nix {"action":"result","fields":[49,65,1,0],"id":802424444944386,"type":105}
@nix {"action":"result","fields":[0,0,0,0],"id":802424444944387,"type":105}
@nix {"action":"result","fields":[101,0],"id":802424444944385,"type":106}
@nix {"action":"result","fields":[100,0],"id":802424444944385,"type":106}
@nix {"action":"result","fields":[50,66,0,0],"id":802424444944386,"type":105}
@nix {"action":"result","fields":[0,0,0,0],"id":802424444944387,"type":105}
@nix {"action":"result","fields":[101,0],"id":802424444944385,"type":106}
@nix {"action":"result","fields":[100,0],"id":802424444944385,"type":106}
@nix {"action":"stop","id":802424444944437}
@nix {"action":"start","fields":["/tmp/casita-chain-rerun-l2oceybd/round-2-after/chain-round-1-jobs-8/store/q1rw9ny187589r76f3p7425c59r9nw3z-leaf-17.drv.drv","/tmp/casita-chain-rerun-l2oceybd/round-2-after/chain-round-1-jobs-8/store/7l5ygn49cqm00bkx31r2kh8a673lqczf-leaf-17.drv.drv"],"id":802424444944438,"level":3,"parent":0,"text":"resolved derivation: '/tmp/casita-chain-rerun-l2oceybd/round-2-after/chain-round-1-jobs-8/store/q1rw9ny187589r76f3p7425c59r9nw3z-leaf-17.drv.drv' -> '/tmp/casita-chain-rerun-l2oceybd/round-2-after/chain-round-1-jobs-8/store/7l5ygn49cqm00bkx31r2kh8a673lqczf-leaf-17.drv.drv'","type":111}
@nix {"action":"result","fields":[50,66,0,0],"id":802424444944386,"type":105}
@nix {"action":"result","fields":[0,0,0,0],"id":802424444944387,"type":105}
@nix {"action":"result","fields":[101,0],"id":802424444944385,"type":106}
@nix {"action":"result","fields":[100,0],"id":802424444944385,"type":106}
@nix {"action":"start","fields":["/tmp/casita-chain-rerun-l2oceybd/round-2-after/chain-round-1-jobs-8/store/7l5ygn49cqm00bkx31r2kh8a673lqczf-leaf-17.drv.drv","",1,1],"id":802424444944439,"level":3,"parent":0,"text":"building '/tmp/casita-chain-rerun-l2oceybd/round-2-after/chain-round-1-jobs-8/store/7l5ygn49cqm00bkx31r2kh8a673lqczf-leaf-17.drv.drv'","type":105}
@nix {"action":"result","fields":[50,66,1,0],"id":802424444944386,"type":105}
@nix {"action":"result","fields":[0,0,0,0],"id":802424444944387,"type":105}
@nix {"action":"result","fields":[101,0],"id":802424444944385,"type":106}
@nix {"action":"result","fields":[100,0],"id":802424444944385,"type":106}
@nix {"action":"result","fields":[51,67,0,0],"id":802424444944386,"type":105}
@nix {"action":"result","fields":[0,0,0,0],"id":802424444944387,"type":105}
@nix {"action":"result","fields":[101,0],"id":802424444944385,"type":106}
@nix {"action":"result","fields":[100,0],"id":802424444944385,"type":106}
@nix {"action":"stop","id":802424444944439}
@nix {"action":"result","fields":[52,67,0,0],"id":802424444944386,"type":105}
@nix {"action":"result","fields":[0,0,0,0],"id":802424444944387,"type":105}
@nix {"action":"result","fields":[101,0],"id":802424444944385,"type":106}
@nix {"action":"result","fields":[100,0],"id":802424444944385,"type":106}
@nix {"action":"stop","id":802424444944438}
@nix {"action":"result","fields":[52,67,0,0],"id":802424444944386,"type":105}
@nix {"action":"result","fields":[0,0,0,0],"id":802424444944387,"type":105}
@nix {"action":"result","fields":[101,0],"id":802424444944385,"type":106}
@nix {"action":"result","fields":[100,0],"id":802424444944385,"type":106}
@nix {"action":"start","fields":["/tmp/casita-chain-rerun-l2oceybd/round-2-after/chain-round-1-jobs-8/store/yfypma8iznb61p9gvhcnb7b31y8kyw7a-leaf-17.drv","",1,1],"id":802424444944440,"level":3,"parent":0,"text":"building '/tmp/casita-chain-rerun-l2oceybd/round-2-after/chain-round-1-jobs-8/store/yfypma8iznb61p9gvhcnb7b31y8kyw7a-leaf-17.drv'","type":105}
@nix {"action":"result","fields":[52,67,1,0],"id":802424444944386,"type":105}
@nix {"action":"result","fields":[0,0,0,0],"id":802424444944387,"type":105}
@nix {"action":"result","fields":[101,0],"id":802424444944385,"type":106}
@nix {"action":"result","fields":[100,0],"id":802424444944385,"type":106}
@nix {"action":"result","fields":[53,68,0,0],"id":802424444944386,"type":105}
@nix {"action":"result","fields":[0,0,0,0],"id":802424444944387,"type":105}
@nix {"action":"result","fields":[101,0],"id":802424444944385,"type":106}
@nix {"action":"result","fields":[100,0],"id":802424444944385,"type":106}
@nix {"action":"stop","id":802424444944440}
@nix {"action":"start","fields":["/tmp/casita-chain-rerun-l2oceybd/round-2-after/chain-round-1-jobs-8/store/6j2djsqnbs72a4i3ycncd8hzbk3l4py5-leaf-18.drv.drv","/tmp/casita-chain-rerun-l2oceybd/round-2-after/chain-round-1-jobs-8/store/j068cj99xw5mq7vy15gfhpl1xpyvxiia-leaf-18.drv.drv"],"id":802424444944441,"level":3,"parent":0,"text":"resolved derivation: '/tmp/casita-chain-rerun-l2oceybd/round-2-after/chain-round-1-jobs-8/store/6j2djsqnbs72a4i3ycncd8hzbk3l4py5-leaf-18.drv.drv' -> '/tmp/casita-chain-rerun-l2oceybd/round-2-after/chain-round-1-jobs-8/store/j068cj99xw5mq7vy15gfhpl1xpyvxiia-leaf-18.drv.drv'","type":111}
@nix {"action":"result","fields":[53,68,0,0],"id":802424444944386,"type":105}
@nix {"action":"result","fields":[0,0,0,0],"id":802424444944387,"type":105}
@nix {"action":"result","fields":[101,0],"id":802424444944385,"type":106}
@nix {"action":"result","fields":[100,0],"id":802424444944385,"type":106}
@nix {"action":"start","fields":["/tmp/casita-chain-rerun-l2oceybd/round-2-after/chain-round-1-jobs-8/store/j068cj99xw5mq7vy15gfhpl1xpyvxiia-leaf-18.drv.drv","",1,1],"id":802424444944442,"level":3,"parent":0,"text":"building '/tmp/casita-chain-rerun-l2oceybd/round-2-after/chain-round-1-jobs-8/store/j068cj99xw5mq7vy15gfhpl1xpyvxiia-leaf-18.drv.drv'","type":105}
@nix {"action":"result","fields":[53,68,1,0],"id":802424444944386,"type":105}
@nix {"action":"result","fields":[0,0,0,0],"id":802424444944387,"type":105}
@nix {"action":"result","fields":[101,0],"id":802424444944385,"type":106}
@nix {"action":"result","fields":[100,0],"id":802424444944385,"type":106}
@nix {"action":"result","fields":[54,69,0,0],"id":802424444944386,"type":105}
@nix {"action":"result","fields":[0,0,0,0],"id":802424444944387,"type":105}
@nix {"action":"result","fields":[101,0],"id":802424444944385,"type":106}
@nix {"action":"result","fields":[100,0],"id":802424444944385,"type":106}
@nix {"action":"stop","id":802424444944442}
@nix {"action":"result","fields":[55,69,0,0],"id":802424444944386,"type":105}
@nix {"action":"result","fields":[0,0,0,0],"id":802424444944387,"type":105}
@nix {"action":"result","fields":[101,0],"id":802424444944385,"type":106}
@nix {"action":"result","fields":[100,0],"id":802424444944385,"type":106}
@nix {"action":"stop","id":802424444944441}
@nix {"action":"result","fields":[55,69,0,0],"id":802424444944386,"type":105}
@nix {"action":"result","fields":[0,0,0,0],"id":802424444944387,"type":105}
@nix {"action":"result","fields":[101,0],"id":802424444944385,"type":106}
@nix {"action":"result","fields":[100,0],"id":802424444944385,"type":106}
@nix {"action":"start","fields":["/tmp/casita-chain-rerun-l2oceybd/round-2-after/chain-round-1-jobs-8/store/vjq5a9bpjdvfs1s0ii1wmjpjdh35qgqf-leaf-18.drv","",1,1],"id":802424444944443,"level":3,"parent":0,"text":"building '/tmp/casita-chain-rerun-l2oceybd/round-2-after/chain-round-1-jobs-8/store/vjq5a9bpjdvfs1s0ii1wmjpjdh35qgqf-leaf-18.drv'","type":105}
@nix {"action":"result","fields":[55,69,1,0],"id":802424444944386,"type":105}
@nix {"action":"result","fields":[0,0,0,0],"id":802424444944387,"type":105}
@nix {"action":"result","fields":[101,0],"id":802424444944385,"type":106}
@nix {"action":"result","fields":[100,0],"id":802424444944385,"type":106}
@nix {"action":"result","fields":[56,70,0,0],"id":802424444944386,"type":105}
@nix {"action":"result","fields":[0,0,0,0],"id":802424444944387,"type":105}
@nix {"action":"result","fields":[101,0],"id":802424444944385,"type":106}
@nix {"action":"result","fields":[100,0],"id":802424444944385,"type":106}
@nix {"action":"stop","id":802424444944443}
@nix {"action":"start","fields":["/tmp/casita-chain-rerun-l2oceybd/round-2-after/chain-round-1-jobs-8/store/r72d6h2q1ncwx8pjzlgjlj1jx7h4csfz-leaf-19.drv.drv","/tmp/casita-chain-rerun-l2oceybd/round-2-after/chain-round-1-jobs-8/store/81ky7gm0f6x6jz2ywb29k0h63hn731zk-leaf-19.drv.drv"],"id":802424444944444,"level":3,"parent":0,"text":"resolved derivation: '/tmp/casita-chain-rerun-l2oceybd/round-2-after/chain-round-1-jobs-8/store/r72d6h2q1ncwx8pjzlgjlj1jx7h4csfz-leaf-19.drv.drv' -> '/tmp/casita-chain-rerun-l2oceybd/round-2-after/chain-round-1-jobs-8/store/81ky7gm0f6x6jz2ywb29k0h63hn731zk-leaf-19.drv.drv'","type":111}
@nix {"action":"result","fields":[56,70,0,0],"id":802424444944386,"type":105}
@nix {"action":"result","fields":[0,0,0,0],"id":802424444944387,"type":105}
@nix {"action":"result","fields":[101,0],"id":802424444944385,"type":106}
@nix {"action":"result","fields":[100,0],"id":802424444944385,"type":106}
@nix {"action":"start","fields":["/tmp/casita-chain-rerun-l2oceybd/round-2-after/chain-round-1-jobs-8/store/81ky7gm0f6x6jz2ywb29k0h63hn731zk-leaf-19.drv.drv","",1,1],"id":802424444944445,"level":3,"parent":0,"text":"building '/tmp/casita-chain-rerun-l2oceybd/round-2-after/chain-round-1-jobs-8/store/81ky7gm0f6x6jz2ywb29k0h63hn731zk-leaf-19.drv.drv'","type":105}
@nix {"action":"result","fields":[56,70,1,0],"id":802424444944386,"type":105}
@nix {"action":"result","fields":[0,0,0,0],"id":802424444944387,"type":105}
@nix {"action":"result","fields":[101,0],"id":802424444944385,"type":106}
@nix {"action":"result","fields":[100,0],"id":802424444944385,"type":106}
@nix {"action":"result","fields":[57,71,0,0],"id":802424444944386,"type":105}
@nix {"action":"result","fields":[0,0,0,0],"id":802424444944387,"type":105}
@nix {"action":"result","fields":[101,0],"id":802424444944385,"type":106}
@nix {"action":"result","fields":[100,0],"id":802424444944385,"type":106}
@nix {"action":"stop","id":802424444944445}
@nix {"action":"result","fields":[58,71,0,0],"id":802424444944386,"type":105}
@nix {"action":"result","fields":[0,0,0,0],"id":802424444944387,"type":105}
@nix {"action":"result","fields":[101,0],"id":802424444944385,"type":106}
@nix {"action":"result","fields":[100,0],"id":802424444944385,"type":106}
@nix {"action":"stop","id":802424444944444}
@nix {"action":"result","fields":[58,71,0,0],"id":802424444944386,"type":105}
@nix {"action":"result","fields":[0,0,0,0],"id":802424444944387,"type":105}
@nix {"action":"result","fields":[101,0],"id":802424444944385,"type":106}
@nix {"action":"result","fields":[100,0],"id":802424444944385,"type":106}
@nix {"action":"start","fields":["/tmp/casita-chain-rerun-l2oceybd/round-2-after/chain-round-1-jobs-8/store/rd151qq9bnrk3zbnvr8jk3qd48slmgyr-leaf-19.drv","",1,1],"id":802424444944446,"level":3,"parent":0,"text":"building '/tmp/casita-chain-rerun-l2oceybd/round-2-after/chain-round-1-jobs-8/store/rd151qq9bnrk3zbnvr8jk3qd48slmgyr-leaf-19.drv'","type":105}
@nix {"action":"result","fields":[58,71,1,0],"id":802424444944386,"type":105}
@nix {"action":"result","fields":[0,0,0,0],"id":802424444944387,"type":105}
@nix {"action":"result","fields":[101,0],"id":802424444944385,"type":106}
@nix {"action":"result","fields":[100,0],"id":802424444944385,"type":106}
@nix {"action":"result","fields":[59,72,0,0],"id":802424444944386,"type":105}
@nix {"action":"result","fields":[0,0,0,0],"id":802424444944387,"type":105}
@nix {"action":"result","fields":[101,0],"id":802424444944385,"type":106}
@nix {"action":"result","fields":[100,0],"id":802424444944385,"type":106}
@nix {"action":"stop","id":802424444944446}
@nix {"action":"start","fields":["/tmp/casita-chain-rerun-l2oceybd/round-2-after/chain-round-1-jobs-8/store/0k8xa6rx3jwvf07c40cd9f8199qjswyq-leaf-20.drv.drv","/tmp/casita-chain-rerun-l2oceybd/round-2-after/chain-round-1-jobs-8/store/6l4j89sfj7asgfm7kb47426nkrbnbrjr-leaf-20.drv.drv"],"id":802424444944447,"level":3,"parent":0,"text":"resolved derivation: '/tmp/casita-chain-rerun-l2oceybd/round-2-after/chain-round-1-jobs-8/store/0k8xa6rx3jwvf07c40cd9f8199qjswyq-leaf-20.drv.drv' -> '/tmp/casita-chain-rerun-l2oceybd/round-2-after/chain-round-1-jobs-8/store/6l4j89sfj7asgfm7kb47426nkrbnbrjr-leaf-20.drv.drv'","type":111}
@nix {"action":"result","fields":[59,72,0,0],"id":802424444944386,"type":105}
@nix {"action":"result","fields":[0,0,0,0],"id":802424444944387,"type":105}
@nix {"action":"result","fields":[101,0],"id":802424444944385,"type":106}
@nix {"action":"result","fields":[100,0],"id":802424444944385,"type":106}
@nix {"action":"start","fields":["/tmp/casita-chain-rerun-l2oceybd/round-2-after/chain-round-1-jobs-8/store/6l4j89sfj7asgfm7kb47426nkrbnbrjr-leaf-20.drv.drv","",1,1],"id":802424444944448,"level":3,"parent":0,"text":"building '/tmp/casita-chain-rerun-l2oceybd/round-2-after/chain-round-1-jobs-8/store/6l4j89sfj7asgfm7kb47426nkrbnbrjr-leaf-20.drv.drv'","type":105}
@nix {"action":"result","fields":[59,72,1,0],"id":802424444944386,"type":105}
@nix {"action":"result","fields":[0,0,0,0],"id":802424444944387,"type":105}
@nix {"action":"result","fields":[101,0],"id":802424444944385,"type":106}
@nix {"action":"result","fields":[100,0],"id":802424444944385,"type":106}
@nix {"action":"result","fields":[60,73,0,0],"id":802424444944386,"type":105}
@nix {"action":"result","fields":[0,0,0,0],"id":802424444944387,"type":105}
@nix {"action":"result","fields":[101,0],"id":802424444944385,"type":106}
@nix {"action":"result","fields":[100,0],"id":802424444944385,"type":106}
@nix {"action":"stop","id":802424444944448}
@nix {"action":"result","fields":[61,73,0,0],"id":802424444944386,"type":105}
@nix {"action":"result","fields":[0,0,0,0],"id":802424444944387,"type":105}
@nix {"action":"result","fields":[101,0],"id":802424444944385,"type":106}
@nix {"action":"result","fields":[100,0],"id":802424444944385,"type":106}
@nix {"action":"stop","id":802424444944447}
@nix {"action":"result","fields":[61,73,0,0],"id":802424444944386,"type":105}
@nix {"action":"result","fields":[0,0,0,0],"id":802424444944387,"type":105}
@nix {"action":"result","fields":[101,0],"id":802424444944385,"type":106}
@nix {"action":"result","fields":[100,0],"id":802424444944385,"type":106}
@nix {"action":"start","fields":["/tmp/casita-chain-rerun-l2oceybd/round-2-after/chain-round-1-jobs-8/store/9yghhljjfhgrnd8sbbvhx2f1lr21vvj7-leaf-20.drv","",1,1],"id":802424444944449,"level":3,"parent":0,"text":"building '/tmp/casita-chain-rerun-l2oceybd/round-2-after/chain-round-1-jobs-8/store/9yghhljjfhgrnd8sbbvhx2f1lr21vvj7-leaf-20.drv'","type":105}
@nix {"action":"result","fields":[61,73,1,0],"id":802424444944386,"type":105}
@nix {"action":"result","fields":[0,0,0,0],"id":802424444944387,"type":105}
@nix {"action":"result","fields":[101,0],"id":802424444944385,"type":106}
@nix {"action":"result","fields":[100,0],"id":802424444944385,"type":106}
@nix {"action":"result","fields":[62,74,0,0],"id":802424444944386,"type":105}
@nix {"action":"result","fields":[0,0,0,0],"id":802424444944387,"type":105}
@nix {"action":"result","fields":[101,0],"id":802424444944385,"type":106}
@nix {"action":"result","fields":[100,0],"id":802424444944385,"type":106}
@nix {"action":"stop","id":802424444944449}
@nix {"action":"start","fields":["/tmp/casita-chain-rerun-l2oceybd/round-2-after/chain-round-1-jobs-8/store/dy0rv587pm6zpjlf8wnzcynq0s1x83mq-leaf-21.drv.drv","/tmp/casita-chain-rerun-l2oceybd/round-2-after/chain-round-1-jobs-8/store/s7dm8d7fbirwjbiaxipxbwa4k4s7s2pv-leaf-21.drv.drv"],"id":802424444944450,"level":3,"parent":0,"text":"resolved derivation: '/tmp/casita-chain-rerun-l2oceybd/round-2-after/chain-round-1-jobs-8/store/dy0rv587pm6zpjlf8wnzcynq0s1x83mq-leaf-21.drv.drv' -> '/tmp/casita-chain-rerun-l2oceybd/round-2-after/chain-round-1-jobs-8/store/s7dm8d7fbirwjbiaxipxbwa4k4s7s2pv-leaf-21.drv.drv'","type":111}
@nix {"action":"result","fields":[62,74,0,0],"id":802424444944386,"type":105}
@nix {"action":"result","fields":[0,0,0,0],"id":802424444944387,"type":105}
@nix {"action":"result","fields":[101,0],"id":802424444944385,"type":106}
@nix {"action":"result","fields":[100,0],"id":802424444944385,"type":106}
@nix {"action":"start","fields":["/tmp/casita-chain-rerun-l2oceybd/round-2-after/chain-round-1-jobs-8/store/s7dm8d7fbirwjbiaxipxbwa4k4s7s2pv-leaf-21.drv.drv","",1,1],"id":802424444944451,"level":3,"parent":0,"text":"building '/tmp/casita-chain-rerun-l2oceybd/round-2-after/chain-round-1-jobs-8/store/s7dm8d7fbirwjbiaxipxbwa4k4s7s2pv-leaf-21.drv.drv'","type":105}
@nix {"action":"result","fields":[62,74,1,0],"id":802424444944386,"type":105}
@nix {"action":"result","fields":[0,0,0,0],"id":802424444944387,"type":105}
@nix {"action":"result","fields":[101,0],"id":802424444944385,"type":106}
@nix {"action":"result","fields":[100,0],"id":802424444944385,"type":106}
@nix {"action":"result","fields":[63,75,0,0],"id":802424444944386,"type":105}
@nix {"action":"result","fields":[0,0,0,0],"id":802424444944387,"type":105}
@nix {"action":"result","fields":[101,0],"id":802424444944385,"type":106}
@nix {"action":"result","fields":[100,0],"id":802424444944385,"type":106}
@nix {"action":"stop","id":802424444944451}
@nix {"action":"result","fields":[64,75,0,0],"id":802424444944386,"type":105}
@nix {"action":"result","fields":[0,0,0,0],"id":802424444944387,"type":105}
@nix {"action":"result","fields":[101,0],"id":802424444944385,"type":106}
@nix {"action":"result","fields":[100,0],"id":802424444944385,"type":106}
@nix {"action":"stop","id":802424444944450}
@nix {"action":"result","fields":[64,75,0,0],"id":802424444944386,"type":105}
@nix {"action":"result","fields":[0,0,0,0],"id":802424444944387,"type":105}
@nix {"action":"result","fields":[101,0],"id":802424444944385,"type":106}
@nix {"action":"result","fields":[100,0],"id":802424444944385,"type":106}
@nix {"action":"start","fields":["/tmp/casita-chain-rerun-l2oceybd/round-2-after/chain-round-1-jobs-8/store/7ivr7prd3nwgfckr09i8ygq8i67lgc2m-leaf-21.drv","",1,1],"id":802424444944452,"level":3,"parent":0,"text":"building '/tmp/casita-chain-rerun-l2oceybd/round-2-after/chain-round-1-jobs-8/store/7ivr7prd3nwgfckr09i8ygq8i67lgc2m-leaf-21.drv'","type":105}
@nix {"action":"result","fields":[64,75,1,0],"id":802424444944386,"type":105}
@nix {"action":"result","fields":[0,0,0,0],"id":802424444944387,"type":105}
@nix {"action":"result","fields":[101,0],"id":802424444944385,"type":106}
@nix {"action":"result","fields":[100,0],"id":802424444944385,"type":106}
@nix {"action":"result","fields":[65,76,0,0],"id":802424444944386,"type":105}
@nix {"action":"result","fields":[0,0,0,0],"id":802424444944387,"type":105}
@nix {"action":"result","fields":[101,0],"id":802424444944385,"type":106}
@nix {"action":"result","fields":[100,0],"id":802424444944385,"type":106}
@nix {"action":"stop","id":802424444944452}
@nix {"action":"start","fields":["/tmp/casita-chain-rerun-l2oceybd/round-2-after/chain-round-1-jobs-8/store/v8ji99sfskkbm0g5rq7p8n0g2c9xz4ir-leaf-22.drv.drv","/tmp/casita-chain-rerun-l2oceybd/round-2-after/chain-round-1-jobs-8/store/k2ag3f3ajkv06c4w0zqwcy0znkshbisb-leaf-22.drv.drv"],"id":802424444944453,"level":3,"parent":0,"text":"resolved derivation: '/tmp/casita-chain-rerun-l2oceybd/round-2-after/chain-round-1-jobs-8/store/v8ji99sfskkbm0g5rq7p8n0g2c9xz4ir-leaf-22.drv.drv' -> '/tmp/casita-chain-rerun-l2oceybd/round-2-after/chain-round-1-jobs-8/store/k2ag3f3ajkv06c4w0zqwcy0znkshbisb-leaf-22.drv.drv'","type":111}
@nix {"action":"result","fields":[65,76,0,0],"id":802424444944386,"type":105}
@nix {"action":"result","fields":[0,0,0,0],"id":802424444944387,"type":105}
@nix {"action":"result","fields":[101,0],"id":802424444944385,"type":106}
@nix {"action":"result","fields":[100,0],"id":802424444944385,"type":106}
@nix {"action":"start","fields":["/tmp/casita-chain-rerun-l2oceybd/round-2-after/chain-round-1-jobs-8/store/k2ag3f3ajkv06c4w0zqwcy0znkshbisb-leaf-22.drv.drv","",1,1],"id":802424444944454,"level":3,"parent":0,"text":"building '/tmp/casita-chain-rerun-l2oceybd/round-2-after/chain-round-1-jobs-8/store/k2ag3f3ajkv06c4w0zqwcy0znkshbisb-leaf-22.drv.drv'","type":105}
@nix {"action":"result","fields":[65,76,1,0],"id":802424444944386,"type":105}
@nix {"action":"result","fields":[0,0,0,0],"id":802424444944387,"type":105}
@nix {"action":"result","fields":[101,0],"id":802424444944385,"type":106}
@nix {"action":"result","fields":[100,0],"id":802424444944385,"type":106}
@nix {"action":"result","fields":[66,77,0,0],"id":802424444944386,"type":105}
@nix {"action":"result","fields":[0,0,0,0],"id":802424444944387,"type":105}
@nix {"action":"result","fields":[101,0],"id":802424444944385,"type":106}
@nix {"action":"result","fields":[100,0],"id":802424444944385,"type":106}
@nix {"action":"stop","id":802424444944454}
@nix {"action":"result","fields":[67,77,0,0],"id":802424444944386,"type":105}
@nix {"action":"result","fields":[0,0,0,0],"id":802424444944387,"type":105}
@nix {"action":"result","fields":[101,0],"id":802424444944385,"type":106}
@nix {"action":"result","fields":[100,0],"id":802424444944385,"type":106}
@nix {"action":"stop","id":802424444944453}
@nix {"action":"result","fields":[67,77,0,0],"id":802424444944386,"type":105}
@nix {"action":"result","fields":[0,0,0,0],"id":802424444944387,"type":105}
@nix {"action":"result","fields":[101,0],"id":802424444944385,"type":106}
@nix {"action":"result","fields":[100,0],"id":802424444944385,"type":106}
@nix {"action":"start","fields":["/tmp/casita-chain-rerun-l2oceybd/round-2-after/chain-round-1-jobs-8/store/znqq8ml33ldbm40ijaqgd81zf4q06s85-leaf-22.drv","",1,1],"id":802424444944455,"level":3,"parent":0,"text":"building '/tmp/casita-chain-rerun-l2oceybd/round-2-after/chain-round-1-jobs-8/store/znqq8ml33ldbm40ijaqgd81zf4q06s85-leaf-22.drv'","type":105}
@nix {"action":"result","fields":[67,77,1,0],"id":802424444944386,"type":105}
@nix {"action":"result","fields":[0,0,0,0],"id":802424444944387,"type":105}
@nix {"action":"result","fields":[101,0],"id":802424444944385,"type":106}
@nix {"action":"result","fields":[100,0],"id":802424444944385,"type":106}
@nix {"action":"result","fields":[68,78,0,0],"id":802424444944386,"type":105}
@nix {"action":"result","fields":[0,0,0,0],"id":802424444944387,"type":105}
@nix {"action":"result","fields":[101,0],"id":802424444944385,"type":106}
@nix {"action":"result","fields":[100,0],"id":802424444944385,"type":106}
@nix {"action":"stop","id":802424444944455}
@nix {"action":"start","fields":["/tmp/casita-chain-rerun-l2oceybd/round-2-after/chain-round-1-jobs-8/store/kfn11q9r1bx1ka9c6gpbkdwkn0342pa2-leaf-23.drv.drv","/tmp/casita-chain-rerun-l2oceybd/round-2-after/chain-round-1-jobs-8/store/a1na7q1f9h79acr7v0fbf1iizkk729vl-leaf-23.drv.drv"],"id":802424444944456,"level":3,"parent":0,"text":"resolved derivation: '/tmp/casita-chain-rerun-l2oceybd/round-2-after/chain-round-1-jobs-8/store/kfn11q9r1bx1ka9c6gpbkdwkn0342pa2-leaf-23.drv.drv' -> '/tmp/casita-chain-rerun-l2oceybd/round-2-after/chain-round-1-jobs-8/store/a1na7q1f9h79acr7v0fbf1iizkk729vl-leaf-23.drv.drv'","type":111}
@nix {"action":"result","fields":[68,78,0,0],"id":802424444944386,"type":105}
@nix {"action":"result","fields":[0,0,0,0],"id":802424444944387,"type":105}
@nix {"action":"result","fields":[101,0],"id":802424444944385,"type":106}
@nix {"action":"result","fields":[100,0],"id":802424444944385,"type":106}
@nix {"action":"start","fields":["/tmp/casita-chain-rerun-l2oceybd/round-2-after/chain-round-1-jobs-8/store/a1na7q1f9h79acr7v0fbf1iizkk729vl-leaf-23.drv.drv","",1,1],"id":802424444944457,"level":3,"parent":0,"text":"building '/tmp/casita-chain-rerun-l2oceybd/round-2-after/chain-round-1-jobs-8/store/a1na7q1f9h79acr7v0fbf1iizkk729vl-leaf-23.drv.drv'","type":105}
@nix {"action":"result","fields":[68,78,1,0],"id":802424444944386,"type":105}
@nix {"action":"result","fields":[0,0,0,0],"id":802424444944387,"type":105}
@nix {"action":"result","fields":[101,0],"id":802424444944385,"type":106}
@nix {"action":"result","fields":[100,0],"id":802424444944385,"type":106}
@nix {"action":"result","fields":[69,79,0,0],"id":802424444944386,"type":105}
@nix {"action":"result","fields":[0,0,0,0],"id":802424444944387,"type":105}
@nix {"action":"result","fields":[101,0],"id":802424444944385,"type":106}
@nix {"action":"result","fields":[100,0],"id":802424444944385,"type":106}
@nix {"action":"stop","id":802424444944457}
@nix {"action":"result","fields":[70,79,0,0],"id":802424444944386,"type":105}
@nix {"action":"result","fields":[0,0,0,0],"id":802424444944387,"type":105}
@nix {"action":"result","fields":[101,0],"id":802424444944385,"type":106}
@nix {"action":"result","fields":[100,0],"id":802424444944385,"type":106}
@nix {"action":"stop","id":802424444944456}
@nix {"action":"result","fields":[70,79,0,0],"id":802424444944386,"type":105}
@nix {"action":"result","fields":[0,0,0,0],"id":802424444944387,"type":105}
@nix {"action":"result","fields":[101,0],"id":802424444944385,"type":106}
@nix {"action":"result","fields":[100,0],"id":802424444944385,"type":106}
@nix {"action":"start","fields":["/tmp/casita-chain-rerun-l2oceybd/round-2-after/chain-round-1-jobs-8/store/ci2d8x5gsc1fjgav7z3wm94dwmcxr6w5-leaf-23.drv","",1,1],"id":802424444944458,"level":3,"parent":0,"text":"building '/tmp/casita-chain-rerun-l2oceybd/round-2-after/chain-round-1-jobs-8/store/ci2d8x5gsc1fjgav7z3wm94dwmcxr6w5-leaf-23.drv'","type":105}
@nix {"action":"result","fields":[70,79,1,0],"id":802424444944386,"type":105}
@nix {"action":"result","fields":[0,0,0,0],"id":802424444944387,"type":105}
@nix {"action":"result","fields":[101,0],"id":802424444944385,"type":106}
@nix {"action":"result","fields":[100,0],"id":802424444944385,"type":106}
@nix {"action":"result","fields":[71,80,0,0],"id":802424444944386,"type":105}
@nix {"action":"result","fields":[0,0,0,0],"id":802424444944387,"type":105}
@nix {"action":"result","fields":[101,0],"id":802424444944385,"type":106}
@nix {"action":"result","fields":[100,0],"id":802424444944385,"type":106}
@nix {"action":"stop","id":802424444944458}
@nix {"action":"start","fields":["/tmp/casita-chain-rerun-l2oceybd/round-2-after/chain-round-1-jobs-8/store/4vlhv7zvmskfqlnv17bc33c4dcjxwkq1-leaf-24.drv.drv","/tmp/casita-chain-rerun-l2oceybd/round-2-after/chain-round-1-jobs-8/store/miicks81lrwqg290pw2gacaps0fsdbhg-leaf-24.drv.drv"],"id":802424444944459,"level":3,"parent":0,"text":"resolved derivation: '/tmp/casita-chain-rerun-l2oceybd/round-2-after/chain-round-1-jobs-8/store/4vlhv7zvmskfqlnv17bc33c4dcjxwkq1-leaf-24.drv.drv' -> '/tmp/casita-chain-rerun-l2oceybd/round-2-after/chain-round-1-jobs-8/store/miicks81lrwqg290pw2gacaps0fsdbhg-leaf-24.drv.drv'","type":111}
@nix {"action":"result","fields":[71,80,0,0],"id":802424444944386,"type":105}
@nix {"action":"result","fields":[0,0,0,0],"id":802424444944387,"type":105}
@nix {"action":"result","fields":[101,0],"id":802424444944385,"type":106}
@nix {"action":"result","fields":[100,0],"id":802424444944385,"type":106}
@nix {"action":"start","fields":["/tmp/casita-chain-rerun-l2oceybd/round-2-after/chain-round-1-jobs-8/store/miicks81lrwqg290pw2gacaps0fsdbhg-leaf-24.drv.drv","",1,1],"id":802424444944460,"level":3,"parent":0,"text":"building '/tmp/casita-chain-rerun-l2oceybd/round-2-after/chain-round-1-jobs-8/store/miicks81lrwqg290pw2gacaps0fsdbhg-leaf-24.drv.drv'","type":105}
@nix {"action":"result","fields":[71,80,1,0],"id":802424444944386,"type":105}
@nix {"action":"result","fields":[0,0,0,0],"id":802424444944387,"type":105}
@nix {"action":"result","fields":[101,0],"id":802424444944385,"type":106}
@nix {"action":"result","fields":[100,0],"id":802424444944385,"type":106}
@nix {"action":"result","fields":[72,81,0,0],"id":802424444944386,"type":105}
@nix {"action":"result","fields":[0,0,0,0],"id":802424444944387,"type":105}
@nix {"action":"result","fields":[101,0],"id":802424444944385,"type":106}
@nix {"action":"result","fields":[100,0],"id":802424444944385,"type":106}
@nix {"action":"stop","id":802424444944460}
@nix {"action":"result","fields":[73,81,0,0],"id":802424444944386,"type":105}
@nix {"action":"result","fields":[0,0,0,0],"id":802424444944387,"type":105}
@nix {"action":"result","fields":[101,0],"id":802424444944385,"type":106}
@nix {"action":"result","fields":[100,0],"id":802424444944385,"type":106}
@nix {"action":"stop","id":802424444944459}
@nix {"action":"result","fields":[73,81,0,0],"id":802424444944386,"type":105}
@nix {"action":"result","fields":[0,0,0,0],"id":802424444944387,"type":105}
@nix {"action":"result","fields":[101,0],"id":802424444944385,"type":106}
@nix {"action":"result","fields":[100,0],"id":802424444944385,"type":106}
@nix {"action":"start","fields":["/tmp/casita-chain-rerun-l2oceybd/round-2-after/chain-round-1-jobs-8/store/6l4zqcnds9r21i22li505i2alyi55jh5-leaf-24.drv","",1,1],"id":802424444944461,"level":3,"parent":0,"text":"building '/tmp/casita-chain-rerun-l2oceybd/round-2-after/chain-round-1-jobs-8/store/6l4zqcnds9r21i22li505i2alyi55jh5-leaf-24.drv'","type":105}
@nix {"action":"result","fields":[73,81,1,0],"id":802424444944386,"type":105}
@nix {"action":"result","fields":[0,0,0,0],"id":802424444944387,"type":105}
@nix {"action":"result","fields":[101,0],"id":802424444944385,"type":106}
@nix {"action":"result","fields":[100,0],"id":802424444944385,"type":106}
@nix {"action":"result","fields":[74,82,0,0],"id":802424444944386,"type":105}
@nix {"action":"result","fields":[0,0,0,0],"id":802424444944387,"type":105}
@nix {"action":"result","fields":[101,0],"id":802424444944385,"type":106}
@nix {"action":"result","fields":[100,0],"id":802424444944385,"type":106}
@nix {"action":"stop","id":802424444944461}
@nix {"action":"start","fields":["/tmp/casita-chain-rerun-l2oceybd/round-2-after/chain-round-1-jobs-8/store/d6x3h57hhw5hfznycg0mvyw7kz143k5r-leaf-25.drv.drv","/tmp/casita-chain-rerun-l2oceybd/round-2-after/chain-round-1-jobs-8/store/wv603fhk1am5f5ba2xkd39zrmrlj98h0-leaf-25.drv.drv"],"id":802424444944462,"level":3,"parent":0,"text":"resolved derivation: '/tmp/casita-chain-rerun-l2oceybd/round-2-after/chain-round-1-jobs-8/store/d6x3h57hhw5hfznycg0mvyw7kz143k5r-leaf-25.drv.drv' -> '/tmp/casita-chain-rerun-l2oceybd/round-2-after/chain-round-1-jobs-8/store/wv603fhk1am5f5ba2xkd39zrmrlj98h0-leaf-25.drv.drv'","type":111}
@nix {"action":"result","fields":[74,82,0,0],"id":802424444944386,"type":105}
@nix {"action":"result","fields":[0,0,0,0],"id":802424444944387,"type":105}
@nix {"action":"result","fields":[101,0],"id":802424444944385,"type":106}
@nix {"action":"result","fields":[100,0],"id":802424444944385,"type":106}
@nix {"action":"start","fields":["/tmp/casita-chain-rerun-l2oceybd/round-2-after/chain-round-1-jobs-8/store/wv603fhk1am5f5ba2xkd39zrmrlj98h0-leaf-25.drv.drv","",1,1],"id":802424444944463,"level":3,"parent":0,"text":"building '/tmp/casita-chain-rerun-l2oceybd/round-2-after/chain-round-1-jobs-8/store/wv603fhk1am5f5ba2xkd39zrmrlj98h0-leaf-25.drv.drv'","type":105}
@nix {"action":"result","fields":[74,82,1,0],"id":802424444944386,"type":105}
@nix {"action":"result","fields":[0,0,0,0],"id":802424444944387,"type":105}
@nix {"action":"result","fields":[101,0],"id":802424444944385,"type":106}
@nix {"action":"result","fields":[100,0],"id":802424444944385,"type":106}
@nix {"action":"result","fields":[75,83,0,0],"id":802424444944386,"type":105}
@nix {"action":"result","fields":[0,0,0,0],"id":802424444944387,"type":105}
@nix {"action":"result","fields":[101,0],"id":802424444944385,"type":106}
@nix {"action":"result","fields":[100,0],"id":802424444944385,"type":106}
@nix {"action":"stop","id":802424444944463}
@nix {"action":"result","fields":[76,83,0,0],"id":802424444944386,"type":105}
@nix {"action":"result","fields":[0,0,0,0],"id":802424444944387,"type":105}
@nix {"action":"result","fields":[101,0],"id":802424444944385,"type":106}
@nix {"action":"result","fields":[100,0],"id":802424444944385,"type":106}
@nix {"action":"stop","id":802424444944462}
@nix {"action":"result","fields":[76,83,0,0],"id":802424444944386,"type":105}
@nix {"action":"result","fields":[0,0,0,0],"id":802424444944387,"type":105}
@nix {"action":"result","fields":[101,0],"id":802424444944385,"type":106}
@nix {"action":"result","fields":[100,0],"id":802424444944385,"type":106}
@nix {"action":"start","fields":["/tmp/casita-chain-rerun-l2oceybd/round-2-after/chain-round-1-jobs-8/store/83jw9gxma9755ppj42qk2wzd6gad5kn1-leaf-25.drv","",1,1],"id":802424444944464,"level":3,"parent":0,"text":"building '/tmp/casita-chain-rerun-l2oceybd/round-2-after/chain-round-1-jobs-8/store/83jw9gxma9755ppj42qk2wzd6gad5kn1-leaf-25.drv'","type":105}
@nix {"action":"result","fields":[76,83,1,0],"id":802424444944386,"type":105}
@nix {"action":"result","fields":[0,0,0,0],"id":802424444944387,"type":105}
@nix {"action":"result","fields":[101,0],"id":802424444944385,"type":106}
@nix {"action":"result","fields":[100,0],"id":802424444944385,"type":106}
@nix {"action":"result","fields":[77,84,0,0],"id":802424444944386,"type":105}
@nix {"action":"result","fields":[0,0,0,0],"id":802424444944387,"type":105}
@nix {"action":"result","fields":[101,0],"id":802424444944385,"type":106}
@nix {"action":"result","fields":[100,0],"id":802424444944385,"type":106}
@nix {"action":"stop","id":802424444944464}
@nix {"action":"start","fields":["/tmp/casita-chain-rerun-l2oceybd/round-2-after/chain-round-1-jobs-8/store/9d2shnagasxf4xh88jk7a7hxihi6sk3n-leaf-26.drv.drv","/tmp/casita-chain-rerun-l2oceybd/round-2-after/chain-round-1-jobs-8/store/zqwfg8m3p77rrl6a2cw8gl8h6n5ya45j-leaf-26.drv.drv"],"id":802424444944465,"level":3,"parent":0,"text":"resolved derivation: '/tmp/casita-chain-rerun-l2oceybd/round-2-after/chain-round-1-jobs-8/store/9d2shnagasxf4xh88jk7a7hxihi6sk3n-leaf-26.drv.drv' -> '/tmp/casita-chain-rerun-l2oceybd/round-2-after/chain-round-1-jobs-8/store/zqwfg8m3p77rrl6a2cw8gl8h6n5ya45j-leaf-26.drv.drv'","type":111}
@nix {"action":"result","fields":[77,84,0,0],"id":802424444944386,"type":105}
@nix {"action":"result","fields":[0,0,0,0],"id":802424444944387,"type":105}
@nix {"action":"result","fields":[101,0],"id":802424444944385,"type":106}
@nix {"action":"result","fields":[100,0],"id":802424444944385,"type":106}
@nix {"action":"start","fields":["/tmp/casita-chain-rerun-l2oceybd/round-2-after/chain-round-1-jobs-8/store/zqwfg8m3p77rrl6a2cw8gl8h6n5ya45j-leaf-26.drv.drv","",1,1],"id":802424444944466,"level":3,"parent":0,"text":"building '/tmp/casita-chain-rerun-l2oceybd/round-2-after/chain-round-1-jobs-8/store/zqwfg8m3p77rrl6a2cw8gl8h6n5ya45j-leaf-26.drv.drv'","type":105}
@nix {"action":"result","fields":[77,84,1,0],"id":802424444944386,"type":105}
@nix {"action":"result","fields":[0,0,0,0],"id":802424444944387,"type":105}
@nix {"action":"result","fields":[101,0],"id":802424444944385,"type":106}
@nix {"action":"result","fields":[100,0],"id":802424444944385,"type":106}
@nix {"action":"result","fields":[78,85,0,0],"id":802424444944386,"type":105}
@nix {"action":"result","fields":[0,0,0,0],"id":802424444944387,"type":105}
@nix {"action":"result","fields":[101,0],"id":802424444944385,"type":106}
@nix {"action":"result","fields":[100,0],"id":802424444944385,"type":106}
@nix {"action":"stop","id":802424444944466}
@nix {"action":"result","fields":[79,85,0,0],"id":802424444944386,"type":105}
@nix {"action":"result","fields":[0,0,0,0],"id":802424444944387,"type":105}
@nix {"action":"result","fields":[101,0],"id":802424444944385,"type":106}
@nix {"action":"result","fields":[100,0],"id":802424444944385,"type":106}
@nix {"action":"stop","id":802424444944465}
@nix {"action":"result","fields":[79,85,0,0],"id":802424444944386,"type":105}
@nix {"action":"result","fields":[0,0,0,0],"id":802424444944387,"type":105}
@nix {"action":"result","fields":[101,0],"id":802424444944385,"type":106}
@nix {"action":"result","fields":[100,0],"id":802424444944385,"type":106}
@nix {"action":"start","fields":["/tmp/casita-chain-rerun-l2oceybd/round-2-after/chain-round-1-jobs-8/store/qf867d187rzr87xs0g5gqifsbkm1bsbn-leaf-26.drv","",1,1],"id":802424444944467,"level":3,"parent":0,"text":"building '/tmp/casita-chain-rerun-l2oceybd/round-2-after/chain-round-1-jobs-8/store/qf867d187rzr87xs0g5gqifsbkm1bsbn-leaf-26.drv'","type":105}
@nix {"action":"result","fields":[79,85,1,0],"id":802424444944386,"type":105}
@nix {"action":"result","fields":[0,0,0,0],"id":802424444944387,"type":105}
@nix {"action":"result","fields":[101,0],"id":802424444944385,"type":106}
@nix {"action":"result","fields":[100,0],"id":802424444944385,"type":106}
@nix {"action":"result","fields":[80,86,0,0],"id":802424444944386,"type":105}
@nix {"action":"result","fields":[0,0,0,0],"id":802424444944387,"type":105}
@nix {"action":"result","fields":[101,0],"id":802424444944385,"type":106}
@nix {"action":"result","fields":[100,0],"id":802424444944385,"type":106}
@nix {"action":"stop","id":802424444944467}
@nix {"action":"start","fields":["/tmp/casita-chain-rerun-l2oceybd/round-2-after/chain-round-1-jobs-8/store/7kbhckdqpfx0rxn5aav68r37jzlz9kxy-leaf-27.drv.drv","/tmp/casita-chain-rerun-l2oceybd/round-2-after/chain-round-1-jobs-8/store/24ryp72pq8phfg3hqxva4ag5xcharyz5-leaf-27.drv.drv"],"id":802424444944468,"level":3,"parent":0,"text":"resolved derivation: '/tmp/casita-chain-rerun-l2oceybd/round-2-after/chain-round-1-jobs-8/store/7kbhckdqpfx0rxn5aav68r37jzlz9kxy-leaf-27.drv.drv' -> '/tmp/casita-chain-rerun-l2oceybd/round-2-after/chain-round-1-jobs-8/store/24ryp72pq8phfg3hqxva4ag5xcharyz5-leaf-27.drv.drv'","type":111}
@nix {"action":"result","fields":[80,86,0,0],"id":802424444944386,"type":105}
@nix {"action":"result","fields":[0,0,0,0],"id":802424444944387,"type":105}
@nix {"action":"result","fields":[101,0],"id":802424444944385,"type":106}
@nix {"action":"result","fields":[100,0],"id":802424444944385,"type":106}
@nix {"action":"start","fields":["/tmp/casita-chain-rerun-l2oceybd/round-2-after/chain-round-1-jobs-8/store/24ryp72pq8phfg3hqxva4ag5xcharyz5-leaf-27.drv.drv","",1,1],"id":802424444944469,"level":3,"parent":0,"text":"building '/tmp/casita-chain-rerun-l2oceybd/round-2-after/chain-round-1-jobs-8/store/24ryp72pq8phfg3hqxva4ag5xcharyz5-leaf-27.drv.drv'","type":105}
@nix {"action":"result","fields":[80,86,1,0],"id":802424444944386,"type":105}
@nix {"action":"result","fields":[0,0,0,0],"id":802424444944387,"type":105}
@nix {"action":"result","fields":[101,0],"id":802424444944385,"type":106}
@nix {"action":"result","fields":[100,0],"id":802424444944385,"type":106}
@nix {"action":"result","fields":[81,87,0,0],"id":802424444944386,"type":105}
@nix {"action":"result","fields":[0,0,0,0],"id":802424444944387,"type":105}
@nix {"action":"result","fields":[101,0],"id":802424444944385,"type":106}
@nix {"action":"result","fields":[100,0],"id":802424444944385,"type":106}
@nix {"action":"stop","id":802424444944469}
@nix {"action":"result","fields":[82,87,0,0],"id":802424444944386,"type":105}
@nix {"action":"result","fields":[0,0,0,0],"id":802424444944387,"type":105}
@nix {"action":"result","fields":[101,0],"id":802424444944385,"type":106}
@nix {"action":"result","fields":[100,0],"id":802424444944385,"type":106}
@nix {"action":"stop","id":802424444944468}
@nix {"action":"result","fields":[82,87,0,0],"id":802424444944386,"type":105}
@nix {"action":"result","fields":[0,0,0,0],"id":802424444944387,"type":105}
@nix {"action":"result","fields":[101,0],"id":802424444944385,"type":106}
@nix {"action":"result","fields":[100,0],"id":802424444944385,"type":106}
@nix {"action":"start","fields":["/tmp/casita-chain-rerun-l2oceybd/round-2-after/chain-round-1-jobs-8/store/vy7wfb1281vllb7dc8fr8j79b37x41rv-leaf-27.drv","",1,1],"id":802424444944470,"level":3,"parent":0,"text":"building '/tmp/casita-chain-rerun-l2oceybd/round-2-after/chain-round-1-jobs-8/store/vy7wfb1281vllb7dc8fr8j79b37x41rv-leaf-27.drv'","type":105}
@nix {"action":"result","fields":[82,87,1,0],"id":802424444944386,"type":105}
@nix {"action":"result","fields":[0,0,0,0],"id":802424444944387,"type":105}
@nix {"action":"result","fields":[101,0],"id":802424444944385,"type":106}
@nix {"action":"result","fields":[100,0],"id":802424444944385,"type":106}
@nix {"action":"result","fields":[83,88,0,0],"id":802424444944386,"type":105}
@nix {"action":"result","fields":[0,0,0,0],"id":802424444944387,"type":105}
@nix {"action":"result","fields":[101,0],"id":802424444944385,"type":106}
@nix {"action":"result","fields":[100,0],"id":802424444944385,"type":106}
@nix {"action":"stop","id":802424444944470}
@nix {"action":"start","fields":["/tmp/casita-chain-rerun-l2oceybd/round-2-after/chain-round-1-jobs-8/store/i3i16p3i5iyp7g56kkscn8jb7zsvbyy3-leaf-28.drv.drv","/tmp/casita-chain-rerun-l2oceybd/round-2-after/chain-round-1-jobs-8/store/j3q9dq76fbsv8lrjshvi9jkzkn0g0mdm-leaf-28.drv.drv"],"id":802424444944471,"level":3,"parent":0,"text":"resolved derivation: '/tmp/casita-chain-rerun-l2oceybd/round-2-after/chain-round-1-jobs-8/store/i3i16p3i5iyp7g56kkscn8jb7zsvbyy3-leaf-28.drv.drv' -> '/tmp/casita-chain-rerun-l2oceybd/round-2-after/chain-round-1-jobs-8/store/j3q9dq76fbsv8lrjshvi9jkzkn0g0mdm-leaf-28.drv.drv'","type":111}
@nix {"action":"result","fields":[83,88,0,0],"id":802424444944386,"type":105}
@nix {"action":"result","fields":[0,0,0,0],"id":802424444944387,"type":105}
@nix {"action":"result","fields":[101,0],"id":802424444944385,"type":106}
@nix {"action":"result","fields":[100,0],"id":802424444944385,"type":106}
@nix {"action":"start","fields":["/tmp/casita-chain-rerun-l2oceybd/round-2-after/chain-round-1-jobs-8/store/j3q9dq76fbsv8lrjshvi9jkzkn0g0mdm-leaf-28.drv.drv","",1,1],"id":802424444944472,"level":3,"parent":0,"text":"building '/tmp/casita-chain-rerun-l2oceybd/round-2-after/chain-round-1-jobs-8/store/j3q9dq76fbsv8lrjshvi9jkzkn0g0mdm-leaf-28.drv.drv'","type":105}
@nix {"action":"result","fields":[83,88,1,0],"id":802424444944386,"type":105}
@nix {"action":"result","fields":[0,0,0,0],"id":802424444944387,"type":105}
@nix {"action":"result","fields":[101,0],"id":802424444944385,"type":106}
@nix {"action":"result","fields":[100,0],"id":802424444944385,"type":106}
@nix {"action":"result","fields":[84,89,0,0],"id":802424444944386,"type":105}
@nix {"action":"result","fields":[0,0,0,0],"id":802424444944387,"type":105}
@nix {"action":"result","fields":[101,0],"id":802424444944385,"type":106}
@nix {"action":"result","fields":[100,0],"id":802424444944385,"type":106}
@nix {"action":"stop","id":802424444944472}
@nix {"action":"result","fields":[85,89,0,0],"id":802424444944386,"type":105}
@nix {"action":"result","fields":[0,0,0,0],"id":802424444944387,"type":105}
@nix {"action":"result","fields":[101,0],"id":802424444944385,"type":106}
@nix {"action":"result","fields":[100,0],"id":802424444944385,"type":106}
@nix {"action":"stop","id":802424444944471}
@nix {"action":"result","fields":[85,89,0,0],"id":802424444944386,"type":105}
@nix {"action":"result","fields":[0,0,0,0],"id":802424444944387,"type":105}
@nix {"action":"result","fields":[101,0],"id":802424444944385,"type":106}
@nix {"action":"result","fields":[100,0],"id":802424444944385,"type":106}
@nix {"action":"start","fields":["/tmp/casita-chain-rerun-l2oceybd/round-2-after/chain-round-1-jobs-8/store/nqrgjxp9mp697g7iqx55b9hg3szv4bsv-leaf-28.drv","",1,1],"id":802424444944473,"level":3,"parent":0,"text":"building '/tmp/casita-chain-rerun-l2oceybd/round-2-after/chain-round-1-jobs-8/store/nqrgjxp9mp697g7iqx55b9hg3szv4bsv-leaf-28.drv'","type":105}
@nix {"action":"result","fields":[85,89,1,0],"id":802424444944386,"type":105}
@nix {"action":"result","fields":[0,0,0,0],"id":802424444944387,"type":105}
@nix {"action":"result","fields":[101,0],"id":802424444944385,"type":106}
@nix {"action":"result","fields":[100,0],"id":802424444944385,"type":106}
@nix {"action":"result","fields":[86,90,0,0],"id":802424444944386,"type":105}
@nix {"action":"result","fields":[0,0,0,0],"id":802424444944387,"type":105}
@nix {"action":"result","fields":[101,0],"id":802424444944385,"type":106}
@nix {"action":"result","fields":[100,0],"id":802424444944385,"type":106}
@nix {"action":"stop","id":802424444944473}
@nix {"action":"start","fields":["/tmp/casita-chain-rerun-l2oceybd/round-2-after/chain-round-1-jobs-8/store/rbx8iby28rnmicf77i407fqplxvidzhi-leaf-29.drv.drv","/tmp/casita-chain-rerun-l2oceybd/round-2-after/chain-round-1-jobs-8/store/5qhf1i0y43vd8ymic01rr9cdv656gghy-leaf-29.drv.drv"],"id":802424444944474,"level":3,"parent":0,"text":"resolved derivation: '/tmp/casita-chain-rerun-l2oceybd/round-2-after/chain-round-1-jobs-8/store/rbx8iby28rnmicf77i407fqplxvidzhi-leaf-29.drv.drv' -> '/tmp/casita-chain-rerun-l2oceybd/round-2-after/chain-round-1-jobs-8/store/5qhf1i0y43vd8ymic01rr9cdv656gghy-leaf-29.drv.drv'","type":111}
@nix {"action":"result","fields":[86,90,0,0],"id":802424444944386,"type":105}
@nix {"action":"result","fields":[0,0,0,0],"id":802424444944387,"type":105}
@nix {"action":"result","fields":[101,0],"id":802424444944385,"type":106}
@nix {"action":"result","fields":[100,0],"id":802424444944385,"type":106}
@nix {"action":"start","fields":["/tmp/casita-chain-rerun-l2oceybd/round-2-after/chain-round-1-jobs-8/store/5qhf1i0y43vd8ymic01rr9cdv656gghy-leaf-29.drv.drv","",1,1],"id":802424444944475,"level":3,"parent":0,"text":"building '/tmp/casita-chain-rerun-l2oceybd/round-2-after/chain-round-1-jobs-8/store/5qhf1i0y43vd8ymic01rr9cdv656gghy-leaf-29.drv.drv'","type":105}
@nix {"action":"result","fields":[86,90,1,0],"id":802424444944386,"type":105}
@nix {"action":"result","fields":[0,0,0,0],"id":802424444944387,"type":105}
@nix {"action":"result","fields":[101,0],"id":802424444944385,"type":106}
@nix {"action":"result","fields":[100,0],"id":802424444944385,"type":106}
@nix {"action":"result","fields":[87,91,0,0],"id":802424444944386,"type":105}
@nix {"action":"result","fields":[0,0,0,0],"id":802424444944387,"type":105}
@nix {"action":"result","fields":[101,0],"id":802424444944385,"type":106}
@nix {"action":"result","fields":[100,0],"id":802424444944385,"type":106}
@nix {"action":"stop","id":802424444944475}
@nix {"action":"result","fields":[88,91,0,0],"id":802424444944386,"type":105}
@nix {"action":"result","fields":[0,0,0,0],"id":802424444944387,"type":105}
@nix {"action":"result","fields":[101,0],"id":802424444944385,"type":106}
@nix {"action":"result","fields":[100,0],"id":802424444944385,"type":106}
@nix {"action":"stop","id":802424444944474}
@nix {"action":"result","fields":[88,91,0,0],"id":802424444944386,"type":105}
@nix {"action":"result","fields":[0,0,0,0],"id":802424444944387,"type":105}
@nix {"action":"result","fields":[101,0],"id":802424444944385,"type":106}
@nix {"action":"result","fields":[100,0],"id":802424444944385,"type":106}
@nix {"action":"start","fields":["/tmp/casita-chain-rerun-l2oceybd/round-2-after/chain-round-1-jobs-8/store/zi1xdf3vw1qkpjs6b0v8v5ipqqkrgilv-leaf-29.drv","",1,1],"id":802424444944476,"level":3,"parent":0,"text":"building '/tmp/casita-chain-rerun-l2oceybd/round-2-after/chain-round-1-jobs-8/store/zi1xdf3vw1qkpjs6b0v8v5ipqqkrgilv-leaf-29.drv'","type":105}
@nix {"action":"result","fields":[88,91,1,0],"id":802424444944386,"type":105}
@nix {"action":"result","fields":[0,0,0,0],"id":802424444944387,"type":105}
@nix {"action":"result","fields":[101,0],"id":802424444944385,"type":106}
@nix {"action":"result","fields":[100,0],"id":802424444944385,"type":106}
@nix {"action":"result","fields":[89,92,0,0],"id":802424444944386,"type":105}
@nix {"action":"result","fields":[0,0,0,0],"id":802424444944387,"type":105}
@nix {"action":"result","fields":[101,0],"id":802424444944385,"type":106}
@nix {"action":"result","fields":[100,0],"id":802424444944385,"type":106}
@nix {"action":"stop","id":802424444944476}
@nix {"action":"start","fields":["/tmp/casita-chain-rerun-l2oceybd/round-2-after/chain-round-1-jobs-8/store/x63yiqrnprmnpv8zcxf5km0ryg6rwy09-leaf-30.drv.drv","/tmp/casita-chain-rerun-l2oceybd/round-2-after/chain-round-1-jobs-8/store/szzcw5g6vvd9jf6rsmb0p2fxhvdby24m-leaf-30.drv.drv"],"id":802424444944477,"level":3,"parent":0,"text":"resolved derivation: '/tmp/casita-chain-rerun-l2oceybd/round-2-after/chain-round-1-jobs-8/store/x63yiqrnprmnpv8zcxf5km0ryg6rwy09-leaf-30.drv.drv' -> '/tmp/casita-chain-rerun-l2oceybd/round-2-after/chain-round-1-jobs-8/store/szzcw5g6vvd9jf6rsmb0p2fxhvdby24m-leaf-30.drv.drv'","type":111}
@nix {"action":"result","fields":[89,92,0,0],"id":802424444944386,"type":105}
@nix {"action":"result","fields":[0,0,0,0],"id":802424444944387,"type":105}
@nix {"action":"result","fields":[101,0],"id":802424444944385,"type":106}
@nix {"action":"result","fields":[100,0],"id":802424444944385,"type":106}
@nix {"action":"start","fields":["/tmp/casita-chain-rerun-l2oceybd/round-2-after/chain-round-1-jobs-8/store/szzcw5g6vvd9jf6rsmb0p2fxhvdby24m-leaf-30.drv.drv","",1,1],"id":802424444944478,"level":3,"parent":0,"text":"building '/tmp/casita-chain-rerun-l2oceybd/round-2-after/chain-round-1-jobs-8/store/szzcw5g6vvd9jf6rsmb0p2fxhvdby24m-leaf-30.drv.drv'","type":105}
@nix {"action":"result","fields":[89,92,1,0],"id":802424444944386,"type":105}
@nix {"action":"result","fields":[0,0,0,0],"id":802424444944387,"type":105}
@nix {"action":"result","fields":[101,0],"id":802424444944385,"type":106}
@nix {"action":"result","fields":[100,0],"id":802424444944385,"type":106}
@nix {"action":"result","fields":[90,93,0,0],"id":802424444944386,"type":105}
@nix {"action":"result","fields":[0,0,0,0],"id":802424444944387,"type":105}
@nix {"action":"result","fields":[101,0],"id":802424444944385,"type":106}
@nix {"action":"result","fields":[100,0],"id":802424444944385,"type":106}
@nix {"action":"stop","id":802424444944478}
@nix {"action":"result","fields":[91,93,0,0],"id":802424444944386,"type":105}
@nix {"action":"result","fields":[0,0,0,0],"id":802424444944387,"type":105}
@nix {"action":"result","fields":[101,0],"id":802424444944385,"type":106}
@nix {"action":"result","fields":[100,0],"id":802424444944385,"type":106}
@nix {"action":"stop","id":802424444944477}
@nix {"action":"result","fields":[91,93,0,0],"id":802424444944386,"type":105}
@nix {"action":"result","fields":[0,0,0,0],"id":802424444944387,"type":105}
@nix {"action":"result","fields":[101,0],"id":802424444944385,"type":106}
@nix {"action":"result","fields":[100,0],"id":802424444944385,"type":106}
@nix {"action":"start","fields":["/tmp/casita-chain-rerun-l2oceybd/round-2-after/chain-round-1-jobs-8/store/aflfr9sz9sxvyb2y421cb5s4zia51lwq-leaf-30.drv","",1,1],"id":802424444944479,"level":3,"parent":0,"text":"building '/tmp/casita-chain-rerun-l2oceybd/round-2-after/chain-round-1-jobs-8/store/aflfr9sz9sxvyb2y421cb5s4zia51lwq-leaf-30.drv'","type":105}
@nix {"action":"result","fields":[91,93,1,0],"id":802424444944386,"type":105}
@nix {"action":"result","fields":[0,0,0,0],"id":802424444944387,"type":105}
@nix {"action":"result","fields":[101,0],"id":802424444944385,"type":106}
@nix {"action":"result","fields":[100,0],"id":802424444944385,"type":106}
@nix {"action":"result","fields":[92,94,0,0],"id":802424444944386,"type":105}
@nix {"action":"result","fields":[0,0,0,0],"id":802424444944387,"type":105}
@nix {"action":"result","fields":[101,0],"id":802424444944385,"type":106}
@nix {"action":"result","fields":[100,0],"id":802424444944385,"type":106}
@nix {"action":"stop","id":802424444944479}
@nix {"action":"start","fields":["/tmp/casita-chain-rerun-l2oceybd/round-2-after/chain-round-1-jobs-8/store/m0bxva8ylc9738iv00gijx70fm3ymg1g-leaf-31.drv.drv","/tmp/casita-chain-rerun-l2oceybd/round-2-after/chain-round-1-jobs-8/store/dma01i474sd35whirbyxwxjlmai2khh4-leaf-31.drv.drv"],"id":802424444944480,"level":3,"parent":0,"text":"resolved derivation: '/tmp/casita-chain-rerun-l2oceybd/round-2-after/chain-round-1-jobs-8/store/m0bxva8ylc9738iv00gijx70fm3ymg1g-leaf-31.drv.drv' -> '/tmp/casita-chain-rerun-l2oceybd/round-2-after/chain-round-1-jobs-8/store/dma01i474sd35whirbyxwxjlmai2khh4-leaf-31.drv.drv'","type":111}
@nix {"action":"result","fields":[92,94,0,0],"id":802424444944386,"type":105}
@nix {"action":"result","fields":[0,0,0,0],"id":802424444944387,"type":105}
@nix {"action":"result","fields":[101,0],"id":802424444944385,"type":106}
@nix {"action":"result","fields":[100,0],"id":802424444944385,"type":106}
@nix {"action":"start","fields":["/tmp/casita-chain-rerun-l2oceybd/round-2-after/chain-round-1-jobs-8/store/dma01i474sd35whirbyxwxjlmai2khh4-leaf-31.drv.drv","",1,1],"id":802424444944481,"level":3,"parent":0,"text":"building '/tmp/casita-chain-rerun-l2oceybd/round-2-after/chain-round-1-jobs-8/store/dma01i474sd35whirbyxwxjlmai2khh4-leaf-31.drv.drv'","type":105}
@nix {"action":"result","fields":[92,94,1,0],"id":802424444944386,"type":105}
@nix {"action":"result","fields":[0,0,0,0],"id":802424444944387,"type":105}
@nix {"action":"result","fields":[101,0],"id":802424444944385,"type":106}
@nix {"action":"result","fields":[100,0],"id":802424444944385,"type":106}
@nix {"action":"result","fields":[93,95,0,0],"id":802424444944386,"type":105}
@nix {"action":"result","fields":[0,0,0,0],"id":802424444944387,"type":105}
@nix {"action":"result","fields":[101,0],"id":802424444944385,"type":106}
@nix {"action":"result","fields":[100,0],"id":802424444944385,"type":106}
@nix {"action":"stop","id":802424444944481}
@nix {"action":"result","fields":[94,95,0,0],"id":802424444944386,"type":105}
@nix {"action":"result","fields":[0,0,0,0],"id":802424444944387,"type":105}
@nix {"action":"result","fields":[101,0],"id":802424444944385,"type":106}
@nix {"action":"result","fields":[100,0],"id":802424444944385,"type":106}
@nix {"action":"stop","id":802424444944480}
@nix {"action":"result","fields":[94,95,0,0],"id":802424444944386,"type":105}
@nix {"action":"result","fields":[0,0,0,0],"id":802424444944387,"type":105}
@nix {"action":"result","fields":[101,0],"id":802424444944385,"type":106}
@nix {"action":"result","fields":[100,0],"id":802424444944385,"type":106}
@nix {"action":"start","fields":["/tmp/casita-chain-rerun-l2oceybd/round-2-after/chain-round-1-jobs-8/store/waj09d04lwjnhw9ql0qa5bcp76wniiln-leaf-31.drv","",1,1],"id":802424444944482,"level":3,"parent":0,"text":"building '/tmp/casita-chain-rerun-l2oceybd/round-2-after/chain-round-1-jobs-8/store/waj09d04lwjnhw9ql0qa5bcp76wniiln-leaf-31.drv'","type":105}
@nix {"action":"result","fields":[94,95,1,0],"id":802424444944386,"type":105}
@nix {"action":"result","fields":[0,0,0,0],"id":802424444944387,"type":105}
@nix {"action":"result","fields":[101,0],"id":802424444944385,"type":106}
@nix {"action":"result","fields":[100,0],"id":802424444944385,"type":106}
@nix {"action":"result","fields":[95,96,0,0],"id":802424444944386,"type":105}
@nix {"action":"result","fields":[0,0,0,0],"id":802424444944387,"type":105}
@nix {"action":"result","fields":[101,0],"id":802424444944385,"type":106}
@nix {"action":"result","fields":[100,0],"id":802424444944385,"type":106}
@nix {"action":"stop","id":802424444944482}
@nix {"action":"stop","id":802424444944387}
@nix {"action":"stop","id":802424444944386}
@nix {"action":"stop","id":802424444944385}
