@nix {"action":"start","id":5459152541319168,"level":6,"parent":0,"text":"querying info about missing paths","type":0}
@nix {"action":"msg","level":1,"msg":"\u001b[35;1mwarning:\u001b[0m Ignoring dynamic derivation /tmp/obrador-shared-pins-linux/round-2-baseline/wide-round-1-jobs-8/store/1m6j1rf53xjrpw4lww97q4hdc4ni8yh5-leaf-10.drv.drv^out while querying missing paths; not yet implemented"}
@nix {"action":"msg","level":1,"msg":"\u001b[35;1mwarning:\u001b[0m Ignoring dynamic derivation /tmp/obrador-shared-pins-linux/round-2-baseline/wide-round-1-jobs-8/store/2w8r5a62lcn6riqfnn9lmqv4vq8ah6g5-leaf-17.drv.drv^out while querying missing paths; not yet implemented"}
@nix {"action":"msg","level":1,"msg":"\u001b[35;1mwarning:\u001b[0m Ignoring dynamic derivation /tmp/obrador-shared-pins-linux/round-2-baseline/wide-round-1-jobs-8/store/358li16pj8xpw4scjw3avbd42isis1ls-leaf-20.drv.drv^out while querying missing paths; not yet implemented"}
@nix {"action":"msg","level":1,"msg":"\u001b[35;1mwarning:\u001b[0m Ignoring dynamic derivation /tmp/obrador-shared-pins-linux/round-2-baseline/wide-round-1-jobs-8/store/4b4b4zmwfa914b4wa991yixmwg0rmqsk-leaf-8.drv.drv^out while querying missing paths; not yet implemented"}
@nix {"action":"msg","level":1,"msg":"\u001b[35;1mwarning:\u001b[0m Ignoring dynamic derivation /tmp/obrador-shared-pins-linux/round-2-baseline/wide-round-1-jobs-8/store/6jw8acd8l3829mq0a4h25333z0n91wn7-leaf-11.drv.drv^out while querying missing paths; not yet implemented"}
@nix {"action":"msg","level":1,"msg":"\u001b[35;1mwarning:\u001b[0m Ignoring dynamic derivation /tmp/obrador-shared-pins-linux/round-2-baseline/wide-round-1-jobs-8/store/6pxxmy31npkrrr12885b1g9a789a7wn8-leaf-2.drv.drv^out while querying missing paths; not yet implemented"}
@nix {"action":"msg","level":1,"msg":"\u001b[35;1mwarning:\u001b[0m Ignoring dynamic derivation /tmp/obrador-shared-pins-linux/round-2-baseline/wide-round-1-jobs-8/store/7j9vsz8ph3419sxabalsd7i1ln1rhhgj-leaf-5.drv.drv^out while querying missing paths; not yet implemented"}
@nix {"action":"msg","level":1,"msg":"\u001b[35;1mwarning:\u001b[0m Ignoring dynamic derivation /tmp/obrador-shared-pins-linux/round-2-baseline/wide-round-1-jobs-8/store/86qwwhdwdc6iwaq9jlk55w40l3d74am9-leaf-4.drv.drv^out while querying missing paths; not yet implemented"}
@nix {"action":"msg","level":1,"msg":"\u001b[35;1mwarning:\u001b[0m Ignoring dynamic derivation /tmp/obrador-shared-pins-linux/round-2-baseline/wide-round-1-jobs-8/store/8wb7lns2349za1w17h6jidvcmkiyfd7v-leaf-23.drv.drv^out while querying missing paths; not yet implemented"}
@nix {"action":"msg","level":1,"msg":"\u001b[35;1mwarning:\u001b[0m Ignoring dynamic derivation /tmp/obrador-shared-pins-linux/round-2-baseline/wide-round-1-jobs-8/store/9bvi5xd335mbqj2nvb48zlh4bnc2k1hb-leaf-24.drv.drv^out while querying missing paths; not yet implemented"}
@nix {"action":"msg","level":1,"msg":"\u001b[35;1mwarning:\u001b[0m Ignoring dynamic derivation /tmp/obrador-shared-pins-linux/round-2-baseline/wide-round-1-jobs-8/store/b3xdr7h4qn3nyl0y4wx24cifxdfr6r9x-leaf-26.drv.drv^out while querying missing paths; not yet implemented"}
@nix {"action":"msg","level":1,"msg":"\u001b[35;1mwarning:\u001b[0m Ignoring dynamic derivation /tmp/obrador-shared-pins-linux/round-2-baseline/wide-round-1-jobs-8/store/f4g7v11h1glvbslvr419rn7wqka3dpgy-leaf-12.drv.drv^out while querying missing paths; not yet implemented"}
@nix {"action":"msg","level":1,"msg":"\u001b[35;1mwarning:\u001b[0m Ignoring dynamic derivation /tmp/obrador-shared-pins-linux/round-2-baseline/wide-round-1-jobs-8/store/f5n2qbqdvmf8ijhff9ax5bdmb040znxb-leaf-1.drv.drv^out while querying missing paths; not yet implemented"}
@nix {"action":"msg","level":1,"msg":"\u001b[35;1mwarning:\u001b[0m Ignoring dynamic derivation /tmp/obrador-shared-pins-linux/round-2-baseline/wide-round-1-jobs-8/store/fbkksc185w380501b37ibp0kcidk7bgq-leaf-7.drv.drv^out while querying missing paths; not yet implemented"}
@nix {"action":"msg","level":1,"msg":"\u001b[35;1mwarning:\u001b[0m Ignoring dynamic derivation /tmp/obrador-shared-pins-linux/round-2-baseline/wide-round-1-jobs-8/store/h4x65rrvmzc6qbrvz9drk9c9jpk4wgwf-leaf-15.drv.drv^out while querying missing paths; not yet implemented"}
@nix {"action":"msg","level":1,"msg":"\u001b[35;1mwarning:\u001b[0m Ignoring dynamic derivation /tmp/obrador-shared-pins-linux/round-2-baseline/wide-round-1-jobs-8/store/hagaxlvzzhqknch9594y8f2xsij286bb-leaf-6.drv.drv^out while querying missing paths; not yet implemented"}
@nix {"action":"msg","level":1,"msg":"\u001b[35;1mwarning:\u001b[0m Ignoring dynamic derivation /tmp/obrador-shared-pins-linux/round-2-baseline/wide-round-1-jobs-8/store/l5rwdblkl0068pkvn81f5apfnd6bcsjf-leaf-14.drv.drv^out while querying missing paths; not yet implemented"}
@nix {"action":"msg","level":1,"msg":"\u001b[35;1mwarning:\u001b[0m Ignoring dynamic derivation /tmp/obrador-shared-pins-linux/round-2-baseline/wide-round-1-jobs-8/store/llx1al6shi85f6ailwhr3bk56fgmjisc-leaf-21.drv.drv^out while querying missing paths; not yet implemented"}
@nix {"action":"msg","level":1,"msg":"\u001b[35;1mwarning:\u001b[0m Ignoring dynamic derivation /tmp/obrador-shared-pins-linux/round-2-baseline/wide-round-1-jobs-8/store/lr5b8aqnzr3ypgbc000cw0zdx4hxkq3s-leaf-25.drv.drv^out while querying missing paths; not yet implemented"}
@nix {"action":"msg","level":1,"msg":"\u001b[35;1mwarning:\u001b[0m Ignoring dynamic derivation /tmp/obrador-shared-pins-linux/round-2-baseline/wide-round-1-jobs-8/store/m7kyi68pw3avqkapnfvf8gnmx5ckydfi-leaf-30.drv.drv^out while querying missing paths; not yet implemented"}
@nix {"action":"msg","level":1,"msg":"\u001b[35;1mwarning:\u001b[0m Ignoring dynamic derivation /tmp/obrador-shared-pins-linux/round-2-baseline/wide-round-1-jobs-8/store/n1zcp9xld1b193k5gpcf7lcggcfh7ay2-leaf-27.drv.drv^out while querying missing paths; not yet implemented"}
@nix {"action":"msg","level":1,"msg":"\u001b[35;1mwarning:\u001b[0m Ignoring dynamic derivation /tmp/obrador-shared-pins-linux/round-2-baseline/wide-round-1-jobs-8/store/p3qc2lix9b2fspb9gdqqna7r71lbk9x3-leaf-13.drv.drv^out while querying missing paths; not yet implemented"}
@nix {"action":"msg","level":1,"msg":"\u001b[35;1mwarning:\u001b[0m Ignoring dynamic derivation /tmp/obrador-shared-pins-linux/round-2-baseline/wide-round-1-jobs-8/store/ql2zg67iy0q29n9abysszhwy9fbykr72-leaf-16.drv.drv^out while querying missing paths; not yet implemented"}
@nix {"action":"msg","level":1,"msg":"\u001b[35;1mwarning:\u001b[0m Ignoring dynamic derivation /tmp/obrador-shared-pins-linux/round-2-baseline/wide-round-1-jobs-8/store/ribngx1lkd0pci35bi3rscrsn1mb8p0h-leaf-22.drv.drv^out while querying missing paths; not yet implemented"}
@nix {"action":"msg","level":1,"msg":"\u001b[35;1mwarning:\u001b[0m Ignoring dynamic derivation /tmp/obrador-shared-pins-linux/round-2-baseline/wide-round-1-jobs-8/store/rjw79d4prgpz6rr3cdpl98cdn1l1kgy1-leaf-3.drv.drv^out while querying missing paths; not yet implemented"}
@nix {"action":"msg","level":1,"msg":"\u001b[35;1mwarning:\u001b[0m Ignoring dynamic derivation /tmp/obrador-shared-pins-linux/round-2-baseline/wide-round-1-jobs-8/store/s47fik2ncsmngvdxpbrh63hv9a9ih83g-leaf-28.drv.drv^out while querying missing paths; not yet implemented"}
@nix {"action":"msg","level":1,"msg":"\u001b[35;1mwarning:\u001b[0m Ignoring dynamic derivation /tmp/obrador-shared-pins-linux/round-2-baseline/wide-round-1-jobs-8/store/w8s5y2lzah8z6aah6sadw4d87mv8aj6z-leaf-19.drv.drv^out while querying missing paths; not yet implemented"}
@nix {"action":"msg","level":1,"msg":"\u001b[35;1mwarning:\u001b[0m Ignoring dynamic derivation /tmp/obrador-shared-pins-linux/round-2-baseline/wide-round-1-jobs-8/store/whpy2xi6hgkbvwgcyyi0pjsbrvpiyw81-leaf-0.drv.drv^out while querying missing paths; not yet implemented"}
@nix {"action":"msg","level":1,"msg":"\u001b[35;1mwarning:\u001b[0m Ignoring dynamic derivation /tmp/obrador-shared-pins-linux/round-2-baseline/wide-round-1-jobs-8/store/wyw4awl07lx0x5z87hxj3x44rzlv1hlw-leaf-18.drv.drv^out while querying missing paths; not yet implemented"}
@nix {"action":"msg","level":1,"msg":"\u001b[35;1mwarning:\u001b[0m Ignoring dynamic derivation /tmp/obrador-shared-pins-linux/round-2-baseline/wide-round-1-jobs-8/store/x10sy0nbznbwdx248rrn94wd721gd0xg-leaf-31.drv.drv^out while querying missing paths; not yet implemented"}
@nix {"action":"msg","level":1,"msg":"\u001b[35;1mwarning:\u001b[0m Ignoring dynamic derivation /tmp/obrador-shared-pins-linux/round-2-baseline/wide-round-1-jobs-8/store/xyj888yyyp61qjfhqbpsgzkwn0wmc8pb-leaf-29.drv.drv^out while querying missing paths; not yet implemented"}
@nix {"action":"msg","level":1,"msg":"\u001b[35;1mwarning:\u001b[0m Ignoring dynamic derivation /tmp/obrador-shared-pins-linux/round-2-baseline/wide-round-1-jobs-8/store/ybzc10a98lilswfc98znfqyibgpcrxz4-leaf-9.drv.drv^out while querying missing paths; not yet implemented"}
@nix {"action":"stop","id":5459152541319168}
@nix {"action":"start","id":5459152541319169,"level":0,"parent":0,"text":"","type":102}
@nix {"action":"start","id":5459152541319170,"level":0,"parent":0,"text":"","type":104}
@nix {"action":"start","id":5459152541319171,"level":0,"parent":0,"text":"","type":103}
@nix {"action":"result","fields":[0,0,0,0],"id":5459152541319170,"type":105}
@nix {"action":"result","fields":[0,0,0,0],"id":5459152541319171,"type":105}
@nix {"action":"result","fields":[101,0],"id":5459152541319169,"type":106}
@nix {"action":"result","fields":[100,0],"id":5459152541319169,"type":106}
@nix {"action":"result","fields":[0,0,0,0],"id":5459152541319170,"type":105}
@nix {"action":"result","fields":[0,0,0,0],"id":5459152541319171,"type":105}
@nix {"action":"result","fields":[101,0],"id":5459152541319169,"type":106}
@nix {"action":"result","fields":[100,0],"id":5459152541319169,"type":106}
@nix {"action":"result","fields":[0,0,0,0],"id":5459152541319170,"type":105}
@nix {"action":"result","fields":[0,0,0,0],"id":5459152541319171,"type":105}
@nix {"action":"result","fields":[101,0],"id":5459152541319169,"type":106}
@nix {"action":"result","fields":[100,0],"id":5459152541319169,"type":106}
@nix {"action":"result","fields":[0,0,0,0],"id":5459152541319170,"type":105}
@nix {"action":"result","fields":[0,0,0,0],"id":5459152541319171,"type":105}
@nix {"action":"result","fields":[101,0],"id":5459152541319169,"type":106}
@nix {"action":"result","fields":[100,0],"id":5459152541319169,"type":106}
@nix {"action":"result","fields":[0,0,0,0],"id":5459152541319170,"type":105}
@nix {"action":"result","fields":[0,0,0,0],"id":5459152541319171,"type":105}
@nix {"action":"result","fields":[101,0],"id":5459152541319169,"type":106}
@nix {"action":"result","fields":[100,0],"id":5459152541319169,"type":106}
@nix {"action":"result","fields":[0,0,0,0],"id":5459152541319170,"type":105}
@nix {"action":"result","fields":[0,0,0,0],"id":5459152541319171,"type":105}
@nix {"action":"result","fields":[101,0],"id":5459152541319169,"type":106}
@nix {"action":"result","fields":[100,0],"id":5459152541319169,"type":106}
@nix {"action":"result","fields":[0,0,0,0],"id":5459152541319170,"type":105}
@nix {"action":"result","fields":[0,0,0,0],"id":5459152541319171,"type":105}
@nix {"action":"result","fields":[101,0],"id":5459152541319169,"type":106}
@nix {"action":"result","fields":[100,0],"id":5459152541319169,"type":106}
@nix {"action":"result","fields":[0,0,0,0],"id":5459152541319170,"type":105}
@nix {"action":"result","fields":[0,0,0,0],"id":5459152541319171,"type":105}
@nix {"action":"result","fields":[101,0],"id":5459152541319169,"type":106}
@nix {"action":"result","fields":[100,0],"id":5459152541319169,"type":106}
@nix {"action":"result","fields":[0,0,0,0],"id":5459152541319170,"type":105}
@nix {"action":"result","fields":[0,0,0,0],"id":5459152541319171,"type":105}
@nix {"action":"result","fields":[101,0],"id":5459152541319169,"type":106}
@nix {"action":"result","fields":[100,0],"id":5459152541319169,"type":106}
@nix {"action":"result","fields":[0,0,0,0],"id":5459152541319170,"type":105}
@nix {"action":"result","fields":[0,0,0,0],"id":5459152541319171,"type":105}
@nix {"action":"result","fields":[101,0],"id":5459152541319169,"type":106}
@nix {"action":"result","fields":[100,0],"id":5459152541319169,"type":106}
@nix {"action":"result","fields":[0,0,0,0],"id":5459152541319170,"type":105}
@nix {"action":"result","fields":[0,0,0,0],"id":5459152541319171,"type":105}
@nix {"action":"result","fields":[101,0],"id":5459152541319169,"type":106}
@nix {"action":"result","fields":[100,0],"id":5459152541319169,"type":106}
@nix {"action":"result","fields":[0,0,0,0],"id":5459152541319170,"type":105}
@nix {"action":"result","fields":[0,0,0,0],"id":5459152541319171,"type":105}
@nix {"action":"result","fields":[101,0],"id":5459152541319169,"type":106}
@nix {"action":"result","fields":[100,0],"id":5459152541319169,"type":106}
@nix {"action":"result","fields":[0,0,0,0],"id":5459152541319170,"type":105}
@nix {"action":"result","fields":[0,0,0,0],"id":5459152541319171,"type":105}
@nix {"action":"result","fields":[101,0],"id":5459152541319169,"type":106}
@nix {"action":"result","fields":[100,0],"id":5459152541319169,"type":106}
@nix {"action":"result","fields":[0,0,0,0],"id":5459152541319170,"type":105}
@nix {"action":"result","fields":[0,0,0,0],"id":5459152541319171,"type":105}
@nix {"action":"result","fields":[101,0],"id":5459152541319169,"type":106}
@nix {"action":"result","fields":[100,0],"id":5459152541319169,"type":106}
@nix {"action":"result","fields":[0,0,0,0],"id":5459152541319170,"type":105}
@nix {"action":"result","fields":[0,0,0,0],"id":5459152541319171,"type":105}
@nix {"action":"result","fields":[101,0],"id":5459152541319169,"type":106}
@nix {"action":"result","fields":[100,0],"id":5459152541319169,"type":106}
@nix {"action":"result","fields":[0,0,0,0],"id":5459152541319170,"type":105}
@nix {"action":"result","fields":[0,0,0,0],"id":5459152541319171,"type":105}
@nix {"action":"result","fields":[101,0],"id":5459152541319169,"type":106}
@nix {"action":"result","fields":[100,0],"id":5459152541319169,"type":106}
@nix {"action":"result","fields":[0,0,0,0],"id":5459152541319170,"type":105}
@nix {"action":"result","fields":[0,0,0,0],"id":5459152541319171,"type":105}
@nix {"action":"result","fields":[101,0],"id":5459152541319169,"type":106}
@nix {"action":"result","fields":[100,0],"id":5459152541319169,"type":106}
@nix {"action":"result","fields":[0,0,0,0],"id":5459152541319170,"type":105}
@nix {"action":"result","fields":[0,0,0,0],"id":5459152541319171,"type":105}
@nix {"action":"result","fields":[101,0],"id":5459152541319169,"type":106}
@nix {"action":"result","fields":[100,0],"id":5459152541319169,"type":106}
@nix {"action":"result","fields":[0,0,0,0],"id":5459152541319170,"type":105}
@nix {"action":"result","fields":[0,0,0,0],"id":5459152541319171,"type":105}
@nix {"action":"result","fields":[101,0],"id":5459152541319169,"type":106}
@nix {"action":"result","fields":[100,0],"id":5459152541319169,"type":106}
@nix {"action":"result","fields":[0,0,0,0],"id":5459152541319170,"type":105}
@nix {"action":"result","fields":[0,0,0,0],"id":5459152541319171,"type":105}
@nix {"action":"result","fields":[101,0],"id":5459152541319169,"type":106}
@nix {"action":"result","fields":[100,0],"id":5459152541319169,"type":106}
@nix {"action":"result","fields":[0,0,0,0],"id":5459152541319170,"type":105}
@nix {"action":"result","fields":[0,0,0,0],"id":5459152541319171,"type":105}
@nix {"action":"result","fields":[101,0],"id":5459152541319169,"type":106}
@nix {"action":"result","fields":[100,0],"id":5459152541319169,"type":106}
@nix {"action":"result","fields":[0,0,0,0],"id":5459152541319170,"type":105}
@nix {"action":"result","fields":[0,0,0,0],"id":5459152541319171,"type":105}
@nix {"action":"result","fields":[101,0],"id":5459152541319169,"type":106}
@nix {"action":"result","fields":[100,0],"id":5459152541319169,"type":106}
@nix {"action":"result","fields":[0,0,0,0],"id":5459152541319170,"type":105}
@nix {"action":"result","fields":[0,0,0,0],"id":5459152541319171,"type":105}
@nix {"action":"result","fields":[101,0],"id":5459152541319169,"type":106}
@nix {"action":"result","fields":[100,0],"id":5459152541319169,"type":106}
@nix {"action":"result","fields":[0,0,0,0],"id":5459152541319170,"type":105}
@nix {"action":"result","fields":[0,0,0,0],"id":5459152541319171,"type":105}
@nix {"action":"result","fields":[101,0],"id":5459152541319169,"type":106}
@nix {"action":"result","fields":[100,0],"id":5459152541319169,"type":106}
@nix {"action":"result","fields":[0,0,0,0],"id":5459152541319170,"type":105}
@nix {"action":"result","fields":[0,0,0,0],"id":5459152541319171,"type":105}
@nix {"action":"result","fields":[101,0],"id":5459152541319169,"type":106}
@nix {"action":"result","fields":[100,0],"id":5459152541319169,"type":106}
@nix {"action":"result","fields":[0,0,0,0],"id":5459152541319170,"type":105}
@nix {"action":"result","fields":[0,0,0,0],"id":5459152541319171,"type":105}
@nix {"action":"result","fields":[101,0],"id":5459152541319169,"type":106}
@nix {"action":"result","fields":[100,0],"id":5459152541319169,"type":106}
@nix {"action":"result","fields":[0,0,0,0],"id":5459152541319170,"type":105}
@nix {"action":"result","fields":[0,0,0,0],"id":5459152541319171,"type":105}
@nix {"action":"result","fields":[101,0],"id":5459152541319169,"type":106}
@nix {"action":"result","fields":[100,0],"id":5459152541319169,"type":106}
@nix {"action":"result","fields":[0,0,0,0],"id":5459152541319170,"type":105}
@nix {"action":"result","fields":[0,0,0,0],"id":5459152541319171,"type":105}
@nix {"action":"result","fields":[101,0],"id":5459152541319169,"type":106}
@nix {"action":"result","fields":[100,0],"id":5459152541319169,"type":106}
@nix {"action":"result","fields":[0,0,0,0],"id":5459152541319170,"type":105}
@nix {"action":"result","fields":[0,0,0,0],"id":5459152541319171,"type":105}
@nix {"action":"result","fields":[101,0],"id":5459152541319169,"type":106}
@nix {"action":"result","fields":[100,0],"id":5459152541319169,"type":106}
@nix {"action":"result","fields":[0,0,0,0],"id":5459152541319170,"type":105}
@nix {"action":"result","fields":[0,0,0,0],"id":5459152541319171,"type":105}
@nix {"action":"result","fields":[101,0],"id":5459152541319169,"type":106}
@nix {"action":"result","fields":[100,0],"id":5459152541319169,"type":106}
@nix {"action":"result","fields":[0,0,0,0],"id":5459152541319170,"type":105}
@nix {"action":"result","fields":[0,0,0,0],"id":5459152541319171,"type":105}
@nix {"action":"result","fields":[101,0],"id":5459152541319169,"type":106}
@nix {"action":"result","fields":[100,0],"id":5459152541319169,"type":106}
@nix {"action":"result","fields":[0,0,0,0],"id":5459152541319170,"type":105}
@nix {"action":"result","fields":[0,0,0,0],"id":5459152541319171,"type":105}
@nix {"action":"result","fields":[101,0],"id":5459152541319169,"type":106}
@nix {"action":"result","fields":[100,0],"id":5459152541319169,"type":106}
@nix {"action":"result","fields":[0,0,0,0],"id":5459152541319170,"type":105}
@nix {"action":"result","fields":[0,0,0,0],"id":5459152541319171,"type":105}
@nix {"action":"result","fields":[101,0],"id":5459152541319169,"type":106}
@nix {"action":"result","fields":[100,0],"id":5459152541319169,"type":106}
@nix {"action":"result","fields":[0,0,0,0],"id":5459152541319170,"type":105}
@nix {"action":"result","fields":[0,0,0,0],"id":5459152541319171,"type":105}
@nix {"action":"result","fields":[101,0],"id":5459152541319169,"type":106}
@nix {"action":"result","fields":[100,0],"id":5459152541319169,"type":106}
@nix {"action":"result","fields":[0,0,0,0],"id":5459152541319170,"type":105}
@nix {"action":"result","fields":[0,0,0,0],"id":5459152541319171,"type":105}
@nix {"action":"result","fields":[101,0],"id":5459152541319169,"type":106}
@nix {"action":"result","fields":[100,0],"id":5459152541319169,"type":106}
@nix {"action":"result","fields":[0,0,0,0],"id":5459152541319170,"type":105}
@nix {"action":"result","fields":[0,0,0,0],"id":5459152541319171,"type":105}
@nix {"action":"result","fields":[101,0],"id":5459152541319169,"type":106}
@nix {"action":"result","fields":[100,0],"id":5459152541319169,"type":106}
@nix {"action":"result","fields":[0,0,0,0],"id":5459152541319170,"type":105}
@nix {"action":"result","fields":[0,0,0,0],"id":5459152541319171,"type":105}
@nix {"action":"result","fields":[101,0],"id":5459152541319169,"type":106}
@nix {"action":"result","fields":[100,0],"id":5459152541319169,"type":106}
@nix {"action":"result","fields":[0,0,0,0],"id":5459152541319170,"type":105}
@nix {"action":"result","fields":[0,0,0,0],"id":5459152541319171,"type":105}
@nix {"action":"result","fields":[101,0],"id":5459152541319169,"type":106}
@nix {"action":"result","fields":[100,0],"id":5459152541319169,"type":106}
@nix {"action":"result","fields":[0,0,0,0],"id":5459152541319170,"type":105}
@nix {"action":"result","fields":[0,0,0,0],"id":5459152541319171,"type":105}
@nix {"action":"result","fields":[101,0],"id":5459152541319169,"type":106}
@nix {"action":"result","fields":[100,0],"id":5459152541319169,"type":106}
@nix {"action":"result","fields":[0,0,0,0],"id":5459152541319170,"type":105}
@nix {"action":"result","fields":[0,0,0,0],"id":5459152541319171,"type":105}
@nix {"action":"result","fields":[101,0],"id":5459152541319169,"type":106}
@nix {"action":"result","fields":[100,0],"id":5459152541319169,"type":106}
@nix {"action":"result","fields":[0,0,0,0],"id":5459152541319170,"type":105}
@nix {"action":"result","fields":[0,0,0,0],"id":5459152541319171,"type":105}
@nix {"action":"result","fields":[101,0],"id":5459152541319169,"type":106}
@nix {"action":"result","fields":[100,0],"id":5459152541319169,"type":106}
@nix {"action":"result","fields":[0,0,0,0],"id":5459152541319170,"type":105}
@nix {"action":"result","fields":[0,0,0,0],"id":5459152541319171,"type":105}
@nix {"action":"result","fields":[101,0],"id":5459152541319169,"type":106}
@nix {"action":"result","fields":[100,0],"id":5459152541319169,"type":106}
@nix {"action":"result","fields":[0,0,0,0],"id":5459152541319170,"type":105}
@nix {"action":"result","fields":[0,0,0,0],"id":5459152541319171,"type":105}
@nix {"action":"result","fields":[101,0],"id":5459152541319169,"type":106}
@nix {"action":"result","fields":[100,0],"id":5459152541319169,"type":106}
@nix {"action":"result","fields":[0,0,0,0],"id":5459152541319170,"type":105}
@nix {"action":"result","fields":[0,0,0,0],"id":5459152541319171,"type":105}
@nix {"action":"result","fields":[101,0],"id":5459152541319169,"type":106}
@nix {"action":"result","fields":[100,0],"id":5459152541319169,"type":106}
@nix {"action":"result","fields":[0,0,0,0],"id":5459152541319170,"type":105}
@nix {"action":"result","fields":[0,0,0,0],"id":5459152541319171,"type":105}
@nix {"action":"result","fields":[101,0],"id":5459152541319169,"type":106}
@nix {"action":"result","fields":[100,0],"id":5459152541319169,"type":106}
@nix {"action":"result","fields":[0,0,0,0],"id":5459152541319170,"type":105}
@nix {"action":"result","fields":[0,0,0,0],"id":5459152541319171,"type":105}
@nix {"action":"result","fields":[101,0],"id":5459152541319169,"type":106}
@nix {"action":"result","fields":[100,0],"id":5459152541319169,"type":106}
@nix {"action":"result","fields":[0,0,0,0],"id":5459152541319170,"type":105}
@nix {"action":"result","fields":[0,0,0,0],"id":5459152541319171,"type":105}
@nix {"action":"result","fields":[101,0],"id":5459152541319169,"type":106}
@nix {"action":"result","fields":[100,0],"id":5459152541319169,"type":106}
@nix {"action":"result","fields":[0,0,0,0],"id":5459152541319170,"type":105}
@nix {"action":"result","fields":[0,0,0,0],"id":5459152541319171,"type":105}
@nix {"action":"result","fields":[101,0],"id":5459152541319169,"type":106}
@nix {"action":"result","fields":[100,0],"id":5459152541319169,"type":106}
@nix {"action":"result","fields":[0,0,0,0],"id":5459152541319170,"type":105}
@nix {"action":"result","fields":[0,0,0,0],"id":5459152541319171,"type":105}
@nix {"action":"result","fields":[101,0],"id":5459152541319169,"type":106}
@nix {"action":"result","fields":[100,0],"id":5459152541319169,"type":106}
@nix {"action":"result","fields":[0,0,0,0],"id":5459152541319170,"type":105}
@nix {"action":"result","fields":[0,0,0,0],"id":5459152541319171,"type":105}
@nix {"action":"result","fields":[101,0],"id":5459152541319169,"type":106}
@nix {"action":"result","fields":[100,0],"id":5459152541319169,"type":106}
@nix {"action":"result","fields":[0,0,0,0],"id":5459152541319170,"type":105}
@nix {"action":"result","fields":[0,0,0,0],"id":5459152541319171,"type":105}
@nix {"action":"result","fields":[101,0],"id":5459152541319169,"type":106}
@nix {"action":"result","fields":[100,0],"id":5459152541319169,"type":106}
@nix {"action":"result","fields":[0,0,0,0],"id":5459152541319170,"type":105}
@nix {"action":"result","fields":[0,0,0,0],"id":5459152541319171,"type":105}
@nix {"action":"result","fields":[101,0],"id":5459152541319169,"type":106}
@nix {"action":"result","fields":[100,0],"id":5459152541319169,"type":106}
@nix {"action":"result","fields":[0,0,0,0],"id":5459152541319170,"type":105}
@nix {"action":"result","fields":[0,0,0,0],"id":5459152541319171,"type":105}
@nix {"action":"result","fields":[101,0],"id":5459152541319169,"type":106}
@nix {"action":"result","fields":[100,0],"id":5459152541319169,"type":106}
@nix {"action":"result","fields":[0,0,0,0],"id":5459152541319170,"type":105}
@nix {"action":"result","fields":[0,0,0,0],"id":5459152541319171,"type":105}
@nix {"action":"result","fields":[101,0],"id":5459152541319169,"type":106}
@nix {"action":"result","fields":[100,0],"id":5459152541319169,"type":106}
@nix {"action":"result","fields":[0,0,0,0],"id":5459152541319170,"type":105}
@nix {"action":"result","fields":[0,0,0,0],"id":5459152541319171,"type":105}
@nix {"action":"result","fields":[101,0],"id":5459152541319169,"type":106}
@nix {"action":"result","fields":[100,0],"id":5459152541319169,"type":106}
@nix {"action":"result","fields":[0,0,0,0],"id":5459152541319170,"type":105}
@nix {"action":"result","fields":[0,0,0,0],"id":5459152541319171,"type":105}
@nix {"action":"result","fields":[101,0],"id":5459152541319169,"type":106}
@nix {"action":"result","fields":[100,0],"id":5459152541319169,"type":106}
@nix {"action":"result","fields":[0,0,0,0],"id":5459152541319170,"type":105}
@nix {"action":"result","fields":[0,0,0,0],"id":5459152541319171,"type":105}
@nix {"action":"result","fields":[101,0],"id":5459152541319169,"type":106}
@nix {"action":"result","fields":[100,0],"id":5459152541319169,"type":106}
@nix {"action":"result","fields":[0,0,0,0],"id":5459152541319170,"type":105}
@nix {"action":"result","fields":[0,0,0,0],"id":5459152541319171,"type":105}
@nix {"action":"result","fields":[101,0],"id":5459152541319169,"type":106}
@nix {"action":"result","fields":[100,0],"id":5459152541319169,"type":106}
@nix {"action":"result","fields":[0,0,0,0],"id":5459152541319170,"type":105}
@nix {"action":"result","fields":[0,0,0,0],"id":5459152541319171,"type":105}
@nix {"action":"result","fields":[101,0],"id":5459152541319169,"type":106}
@nix {"action":"result","fields":[100,0],"id":5459152541319169,"type":106}
@nix {"action":"result","fields":[0,0,0,0],"id":5459152541319170,"type":105}
@nix {"action":"result","fields":[0,0,0,0],"id":5459152541319171,"type":105}
@nix {"action":"result","fields":[101,0],"id":5459152541319169,"type":106}
@nix {"action":"result","fields":[100,0],"id":5459152541319169,"type":106}
@nix {"action":"result","fields":[0,0,0,0],"id":5459152541319170,"type":105}
@nix {"action":"result","fields":[0,0,0,0],"id":5459152541319171,"type":105}
@nix {"action":"result","fields":[101,0],"id":5459152541319169,"type":106}
@nix {"action":"result","fields":[100,0],"id":5459152541319169,"type":106}
@nix {"action":"result","fields":[0,0,0,0],"id":5459152541319170,"type":105}
@nix {"action":"result","fields":[0,0,0,0],"id":5459152541319171,"type":105}
@nix {"action":"result","fields":[101,0],"id":5459152541319169,"type":106}
@nix {"action":"result","fields":[100,0],"id":5459152541319169,"type":106}
@nix {"action":"result","fields":[0,0,0,0],"id":5459152541319170,"type":105}
@nix {"action":"result","fields":[0,0,0,0],"id":5459152541319171,"type":105}
@nix {"action":"result","fields":[101,0],"id":5459152541319169,"type":106}
@nix {"action":"result","fields":[100,0],"id":5459152541319169,"type":106}
@nix {"action":"result","fields":[0,0,0,0],"id":5459152541319170,"type":105}
@nix {"action":"result","fields":[0,0,0,0],"id":5459152541319171,"type":105}
@nix {"action":"result","fields":[101,0],"id":5459152541319169,"type":106}
@nix {"action":"result","fields":[100,0],"id":5459152541319169,"type":106}
@nix {"action":"result","fields":[0,1,0,0],"id":5459152541319170,"type":105}
@nix {"action":"result","fields":[0,0,0,0],"id":5459152541319171,"type":105}
@nix {"action":"result","fields":[101,0],"id":5459152541319169,"type":106}
@nix {"action":"result","fields":[100,0],"id":5459152541319169,"type":106}
@nix {"action":"result","fields":[0,2,0,0],"id":5459152541319170,"type":105}
@nix {"action":"result","fields":[0,0,0,0],"id":5459152541319171,"type":105}
@nix {"action":"result","fields":[101,0],"id":5459152541319169,"type":106}
@nix {"action":"result","fields":[100,0],"id":5459152541319169,"type":106}
@nix {"action":"result","fields":[0,3,0,0],"id":5459152541319170,"type":105}
@nix {"action":"result","fields":[0,0,0,0],"id":5459152541319171,"type":105}
@nix {"action":"result","fields":[101,0],"id":5459152541319169,"type":106}
@nix {"action":"result","fields":[100,0],"id":5459152541319169,"type":106}
@nix {"action":"result","fields":[0,4,0,0],"id":5459152541319170,"type":105}
@nix {"action":"result","fields":[0,0,0,0],"id":5459152541319171,"type":105}
@nix {"action":"result","fields":[101,0],"id":5459152541319169,"type":106}
@nix {"action":"result","fields":[100,0],"id":5459152541319169,"type":106}
@nix {"action":"result","fields":[0,5,0,0],"id":5459152541319170,"type":105}
@nix {"action":"result","fields":[0,0,0,0],"id":5459152541319171,"type":105}
@nix {"action":"result","fields":[101,0],"id":5459152541319169,"type":106}
@nix {"action":"result","fields":[100,0],"id":5459152541319169,"type":106}
@nix {"action":"result","fields":[0,6,0,0],"id":5459152541319170,"type":105}
@nix {"action":"result","fields":[0,0,0,0],"id":5459152541319171,"type":105}
@nix {"action":"result","fields":[101,0],"id":5459152541319169,"type":106}
@nix {"action":"result","fields":[100,0],"id":5459152541319169,"type":106}
@nix {"action":"result","fields":[0,7,0,0],"id":5459152541319170,"type":105}
@nix {"action":"result","fields":[0,0,0,0],"id":5459152541319171,"type":105}
@nix {"action":"result","fields":[101,0],"id":5459152541319169,"type":106}
@nix {"action":"result","fields":[100,0],"id":5459152541319169,"type":106}
@nix {"action":"result","fields":[0,8,0,0],"id":5459152541319170,"type":105}
@nix {"action":"result","fields":[0,0,0,0],"id":5459152541319171,"type":105}
@nix {"action":"result","fields":[101,0],"id":5459152541319169,"type":106}
@nix {"action":"result","fields":[100,0],"id":5459152541319169,"type":106}
@nix {"action":"result","fields":[0,9,0,0],"id":5459152541319170,"type":105}
@nix {"action":"result","fields":[0,0,0,0],"id":5459152541319171,"type":105}
@nix {"action":"result","fields":[101,0],"id":5459152541319169,"type":106}
@nix {"action":"result","fields":[100,0],"id":5459152541319169,"type":106}
@nix {"action":"result","fields":[0,10,0,0],"id":5459152541319170,"type":105}
@nix {"action":"result","fields":[0,0,0,0],"id":5459152541319171,"type":105}
@nix {"action":"result","fields":[101,0],"id":5459152541319169,"type":106}
@nix {"action":"result","fields":[100,0],"id":5459152541319169,"type":106}
@nix {"action":"result","fields":[0,11,0,0],"id":5459152541319170,"type":105}
@nix {"action":"result","fields":[0,0,0,0],"id":5459152541319171,"type":105}
@nix {"action":"result","fields":[101,0],"id":5459152541319169,"type":106}
@nix {"action":"result","fields":[100,0],"id":5459152541319169,"type":106}
@nix {"action":"result","fields":[0,12,0,0],"id":5459152541319170,"type":105}
@nix {"action":"result","fields":[0,0,0,0],"id":5459152541319171,"type":105}
@nix {"action":"result","fields":[101,0],"id":5459152541319169,"type":106}
@nix {"action":"result","fields":[100,0],"id":5459152541319169,"type":106}
@nix {"action":"result","fields":[0,13,0,0],"id":5459152541319170,"type":105}
@nix {"action":"result","fields":[0,0,0,0],"id":5459152541319171,"type":105}
@nix {"action":"result","fields":[101,0],"id":5459152541319169,"type":106}
@nix {"action":"result","fields":[100,0],"id":5459152541319169,"type":106}
@nix {"action":"result","fields":[0,14,0,0],"id":5459152541319170,"type":105}
@nix {"action":"result","fields":[0,0,0,0],"id":5459152541319171,"type":105}
@nix {"action":"result","fields":[101,0],"id":5459152541319169,"type":106}
@nix {"action":"result","fields":[100,0],"id":5459152541319169,"type":106}
@nix {"action":"result","fields":[0,15,0,0],"id":5459152541319170,"type":105}
@nix {"action":"result","fields":[0,0,0,0],"id":5459152541319171,"type":105}
@nix {"action":"result","fields":[101,0],"id":5459152541319169,"type":106}
@nix {"action":"result","fields":[100,0],"id":5459152541319169,"type":106}
@nix {"action":"result","fields":[0,16,0,0],"id":5459152541319170,"type":105}
@nix {"action":"result","fields":[0,0,0,0],"id":5459152541319171,"type":105}
@nix {"action":"result","fields":[101,0],"id":5459152541319169,"type":106}
@nix {"action":"result","fields":[100,0],"id":5459152541319169,"type":106}
@nix {"action":"result","fields":[0,17,0,0],"id":5459152541319170,"type":105}
@nix {"action":"result","fields":[0,0,0,0],"id":5459152541319171,"type":105}
@nix {"action":"result","fields":[101,0],"id":5459152541319169,"type":106}
@nix {"action":"result","fields":[100,0],"id":5459152541319169,"type":106}
@nix {"action":"result","fields":[0,18,0,0],"id":5459152541319170,"type":105}
@nix {"action":"result","fields":[0,0,0,0],"id":5459152541319171,"type":105}
@nix {"action":"result","fields":[101,0],"id":5459152541319169,"type":106}
@nix {"action":"result","fields":[100,0],"id":5459152541319169,"type":106}
@nix {"action":"result","fields":[0,19,0,0],"id":5459152541319170,"type":105}
@nix {"action":"result","fields":[0,0,0,0],"id":5459152541319171,"type":105}
@nix {"action":"result","fields":[101,0],"id":5459152541319169,"type":106}
@nix {"action":"result","fields":[100,0],"id":5459152541319169,"type":106}
@nix {"action":"result","fields":[0,20,0,0],"id":5459152541319170,"type":105}
@nix {"action":"result","fields":[0,0,0,0],"id":5459152541319171,"type":105}
@nix {"action":"result","fields":[101,0],"id":5459152541319169,"type":106}
@nix {"action":"result","fields":[100,0],"id":5459152541319169,"type":106}
@nix {"action":"result","fields":[0,21,0,0],"id":5459152541319170,"type":105}
@nix {"action":"result","fields":[0,0,0,0],"id":5459152541319171,"type":105}
@nix {"action":"result","fields":[101,0],"id":5459152541319169,"type":106}
@nix {"action":"result","fields":[100,0],"id":5459152541319169,"type":106}
@nix {"action":"result","fields":[0,22,0,0],"id":5459152541319170,"type":105}
@nix {"action":"result","fields":[0,0,0,0],"id":5459152541319171,"type":105}
@nix {"action":"result","fields":[101,0],"id":5459152541319169,"type":106}
@nix {"action":"result","fields":[100,0],"id":5459152541319169,"type":106}
@nix {"action":"result","fields":[0,23,0,0],"id":5459152541319170,"type":105}
@nix {"action":"result","fields":[0,0,0,0],"id":5459152541319171,"type":105}
@nix {"action":"result","fields":[101,0],"id":5459152541319169,"type":106}
@nix {"action":"result","fields":[100,0],"id":5459152541319169,"type":106}
@nix {"action":"result","fields":[0,24,0,0],"id":5459152541319170,"type":105}
@nix {"action":"result","fields":[0,0,0,0],"id":5459152541319171,"type":105}
@nix {"action":"result","fields":[101,0],"id":5459152541319169,"type":106}
@nix {"action":"result","fields":[100,0],"id":5459152541319169,"type":106}
@nix {"action":"result","fields":[0,25,0,0],"id":5459152541319170,"type":105}
@nix {"action":"result","fields":[0,0,0,0],"id":5459152541319171,"type":105}
@nix {"action":"result","fields":[101,0],"id":5459152541319169,"type":106}
@nix {"action":"result","fields":[100,0],"id":5459152541319169,"type":106}
@nix {"action":"result","fields":[0,26,0,0],"id":5459152541319170,"type":105}
@nix {"action":"result","fields":[0,0,0,0],"id":5459152541319171,"type":105}
@nix {"action":"result","fields":[101,0],"id":5459152541319169,"type":106}
@nix {"action":"result","fields":[100,0],"id":5459152541319169,"type":106}
@nix {"action":"result","fields":[0,27,0,0],"id":5459152541319170,"type":105}
@nix {"action":"result","fields":[0,0,0,0],"id":5459152541319171,"type":105}
@nix {"action":"result","fields":[101,0],"id":5459152541319169,"type":106}
@nix {"action":"result","fields":[100,0],"id":5459152541319169,"type":106}
@nix {"action":"result","fields":[0,28,0,0],"id":5459152541319170,"type":105}
@nix {"action":"result","fields":[0,0,0,0],"id":5459152541319171,"type":105}
@nix {"action":"result","fields":[101,0],"id":5459152541319169,"type":106}
@nix {"action":"result","fields":[100,0],"id":5459152541319169,"type":106}
@nix {"action":"result","fields":[0,29,0,0],"id":5459152541319170,"type":105}
@nix {"action":"result","fields":[0,0,0,0],"id":5459152541319171,"type":105}
@nix {"action":"result","fields":[101,0],"id":5459152541319169,"type":106}
@nix {"action":"result","fields":[100,0],"id":5459152541319169,"type":106}
@nix {"action":"result","fields":[0,30,0,0],"id":5459152541319170,"type":105}
@nix {"action":"result","fields":[0,0,0,0],"id":5459152541319171,"type":105}
@nix {"action":"result","fields":[101,0],"id":5459152541319169,"type":106}
@nix {"action":"result","fields":[100,0],"id":5459152541319169,"type":106}
@nix {"action":"result","fields":[0,31,0,0],"id":5459152541319170,"type":105}
@nix {"action":"result","fields":[0,0,0,0],"id":5459152541319171,"type":105}
@nix {"action":"result","fields":[101,0],"id":5459152541319169,"type":106}
@nix {"action":"result","fields":[100,0],"id":5459152541319169,"type":106}
@nix {"action":"result","fields":[0,32,0,0],"id":5459152541319170,"type":105}
@nix {"action":"result","fields":[0,0,0,0],"id":5459152541319171,"type":105}
@nix {"action":"result","fields":[101,0],"id":5459152541319169,"type":106}
@nix {"action":"result","fields":[100,0],"id":5459152541319169,"type":106}
@nix {"action":"start","fields":["/tmp/obrador-shared-pins-linux/round-2-baseline/wide-round-1-jobs-8/store/whpy2xi6hgkbvwgcyyi0pjsbrvpiyw81-leaf-0.drv.drv","",1,1],"id":5459152541319172,"level":3,"parent":0,"text":"building '/tmp/obrador-shared-pins-linux/round-2-baseline/wide-round-1-jobs-8/store/whpy2xi6hgkbvwgcyyi0pjsbrvpiyw81-leaf-0.drv.drv'","type":105}
@nix {"action":"result","fields":[0,32,1,0],"id":5459152541319170,"type":105}
@nix {"action":"result","fields":[0,0,0,0],"id":5459152541319171,"type":105}
@nix {"action":"result","fields":[101,0],"id":5459152541319169,"type":106}
@nix {"action":"result","fields":[100,0],"id":5459152541319169,"type":106}
@nix {"action":"start","fields":["/tmp/obrador-shared-pins-linux/round-2-baseline/wide-round-1-jobs-8/store/f5n2qbqdvmf8ijhff9ax5bdmb040znxb-leaf-1.drv.drv","",1,1],"id":5459152541319173,"level":3,"parent":0,"text":"building '/tmp/obrador-shared-pins-linux/round-2-baseline/wide-round-1-jobs-8/store/f5n2qbqdvmf8ijhff9ax5bdmb040znxb-leaf-1.drv.drv'","type":105}
@nix {"action":"result","fields":[0,32,2,0],"id":5459152541319170,"type":105}
@nix {"action":"result","fields":[0,0,0,0],"id":5459152541319171,"type":105}
@nix {"action":"result","fields":[101,0],"id":5459152541319169,"type":106}
@nix {"action":"result","fields":[100,0],"id":5459152541319169,"type":106}
@nix {"action":"start","fields":["/tmp/obrador-shared-pins-linux/round-2-baseline/wide-round-1-jobs-8/store/1m6j1rf53xjrpw4lww97q4hdc4ni8yh5-leaf-10.drv.drv","",1,1],"id":5459152541319174,"level":3,"parent":0,"text":"building '/tmp/obrador-shared-pins-linux/round-2-baseline/wide-round-1-jobs-8/store/1m6j1rf53xjrpw4lww97q4hdc4ni8yh5-leaf-10.drv.drv'","type":105}
@nix {"action":"result","fields":[0,32,3,0],"id":5459152541319170,"type":105}
@nix {"action":"result","fields":[0,0,0,0],"id":5459152541319171,"type":105}
@nix {"action":"result","fields":[101,0],"id":5459152541319169,"type":106}
@nix {"action":"result","fields":[100,0],"id":5459152541319169,"type":106}
@nix {"action":"start","fields":["/tmp/obrador-shared-pins-linux/round-2-baseline/wide-round-1-jobs-8/store/6jw8acd8l3829mq0a4h25333z0n91wn7-leaf-11.drv.drv","",1,1],"id":5459152541319175,"level":3,"parent":0,"text":"building '/tmp/obrador-shared-pins-linux/round-2-baseline/wide-round-1-jobs-8/store/6jw8acd8l3829mq0a4h25333z0n91wn7-leaf-11.drv.drv'","type":105}
@nix {"action":"result","fields":[0,32,4,0],"id":5459152541319170,"type":105}
@nix {"action":"result","fields":[0,0,0,0],"id":5459152541319171,"type":105}
@nix {"action":"result","fields":[101,0],"id":5459152541319169,"type":106}
@nix {"action":"result","fields":[100,0],"id":5459152541319169,"type":106}
@nix {"action":"start","fields":["/tmp/obrador-shared-pins-linux/round-2-baseline/wide-round-1-jobs-8/store/f4g7v11h1glvbslvr419rn7wqka3dpgy-leaf-12.drv.drv","",1,1],"id":5459152541319176,"level":3,"parent":0,"text":"building '/tmp/obrador-shared-pins-linux/round-2-baseline/wide-round-1-jobs-8/store/f4g7v11h1glvbslvr419rn7wqka3dpgy-leaf-12.drv.drv'","type":105}
@nix {"action":"result","fields":[0,32,5,0],"id":5459152541319170,"type":105}
@nix {"action":"result","fields":[0,0,0,0],"id":5459152541319171,"type":105}
@nix {"action":"result","fields":[101,0],"id":5459152541319169,"type":106}
@nix {"action":"result","fields":[100,0],"id":5459152541319169,"type":106}
@nix {"action":"start","fields":["/tmp/obrador-shared-pins-linux/round-2-baseline/wide-round-1-jobs-8/store/p3qc2lix9b2fspb9gdqqna7r71lbk9x3-leaf-13.drv.drv","",1,1],"id":5459152541319177,"level":3,"parent":0,"text":"building '/tmp/obrador-shared-pins-linux/round-2-baseline/wide-round-1-jobs-8/store/p3qc2lix9b2fspb9gdqqna7r71lbk9x3-leaf-13.drv.drv'","type":105}
@nix {"action":"result","fields":[0,32,6,0],"id":5459152541319170,"type":105}
@nix {"action":"result","fields":[0,0,0,0],"id":5459152541319171,"type":105}
@nix {"action":"result","fields":[101,0],"id":5459152541319169,"type":106}
@nix {"action":"result","fields":[100,0],"id":5459152541319169,"type":106}
@nix {"action":"start","fields":["/tmp/obrador-shared-pins-linux/round-2-baseline/wide-round-1-jobs-8/store/l5rwdblkl0068pkvn81f5apfnd6bcsjf-leaf-14.drv.drv","",1,1],"id":5459152541319178,"level":3,"parent":0,"text":"building '/tmp/obrador-shared-pins-linux/round-2-baseline/wide-round-1-jobs-8/store/l5rwdblkl0068pkvn81f5apfnd6bcsjf-leaf-14.drv.drv'","type":105}
@nix {"action":"result","fields":[0,32,7,0],"id":5459152541319170,"type":105}
@nix {"action":"result","fields":[0,0,0,0],"id":5459152541319171,"type":105}
@nix {"action":"result","fields":[101,0],"id":5459152541319169,"type":106}
@nix {"action":"result","fields":[100,0],"id":5459152541319169,"type":106}
@nix {"action":"start","fields":["/tmp/obrador-shared-pins-linux/round-2-baseline/wide-round-1-jobs-8/store/h4x65rrvmzc6qbrvz9drk9c9jpk4wgwf-leaf-15.drv.drv","",1,1],"id":5459152541319179,"level":3,"parent":0,"text":"building '/tmp/obrador-shared-pins-linux/round-2-baseline/wide-round-1-jobs-8/store/h4x65rrvmzc6qbrvz9drk9c9jpk4wgwf-leaf-15.drv.drv'","type":105}
@nix {"action":"result","fields":[0,32,8,0],"id":5459152541319170,"type":105}
@nix {"action":"result","fields":[0,0,0,0],"id":5459152541319171,"type":105}
@nix {"action":"result","fields":[101,0],"id":5459152541319169,"type":106}
@nix {"action":"result","fields":[100,0],"id":5459152541319169,"type":106}
@nix {"action":"result","fields":[1,33,7,0],"id":5459152541319170,"type":105}
@nix {"action":"result","fields":[0,0,0,0],"id":5459152541319171,"type":105}
@nix {"action":"result","fields":[101,0],"id":5459152541319169,"type":106}
@nix {"action":"result","fields":[100,0],"id":5459152541319169,"type":106}
@nix {"action":"stop","id":5459152541319172}
@nix {"action":"result","fields":[2,34,6,0],"id":5459152541319170,"type":105}
@nix {"action":"result","fields":[0,0,0,0],"id":5459152541319171,"type":105}
@nix {"action":"result","fields":[101,0],"id":5459152541319169,"type":106}
@nix {"action":"result","fields":[100,0],"id":5459152541319169,"type":106}
@nix {"action":"stop","id":5459152541319173}
@nix {"action":"result","fields":[3,35,5,0],"id":5459152541319170,"type":105}
@nix {"action":"result","fields":[0,0,0,0],"id":5459152541319171,"type":105}
@nix {"action":"result","fields":[101,0],"id":5459152541319169,"type":106}
@nix {"action":"result","fields":[100,0],"id":5459152541319169,"type":106}
@nix {"action":"stop","id":5459152541319174}
@nix {"action":"result","fields":[4,36,4,0],"id":5459152541319170,"type":105}
@nix {"action":"result","fields":[0,0,0,0],"id":5459152541319171,"type":105}
@nix {"action":"result","fields":[101,0],"id":5459152541319169,"type":106}
@nix {"action":"result","fields":[100,0],"id":5459152541319169,"type":106}
@nix {"action":"stop","id":5459152541319175}
@nix {"action":"result","fields":[5,37,3,0],"id":5459152541319170,"type":105}
@nix {"action":"result","fields":[0,0,0,0],"id":5459152541319171,"type":105}
@nix {"action":"result","fields":[101,0],"id":5459152541319169,"type":106}
@nix {"action":"result","fields":[100,0],"id":5459152541319169,"type":106}
@nix {"action":"stop","id":5459152541319176}
@nix {"action":"result","fields":[6,38,2,0],"id":5459152541319170,"type":105}
@nix {"action":"result","fields":[0,0,0,0],"id":5459152541319171,"type":105}
@nix {"action":"result","fields":[101,0],"id":5459152541319169,"type":106}
@nix {"action":"result","fields":[100,0],"id":5459152541319169,"type":106}
@nix {"action":"stop","id":5459152541319177}
@nix {"action":"result","fields":[7,39,1,0],"id":5459152541319170,"type":105}
@nix {"action":"result","fields":[0,0,0,0],"id":5459152541319171,"type":105}
@nix {"action":"result","fields":[101,0],"id":5459152541319169,"type":106}
@nix {"action":"result","fields":[100,0],"id":5459152541319169,"type":106}
@nix {"action":"stop","id":5459152541319178}
@nix {"action":"start","fields":["/tmp/obrador-shared-pins-linux/round-2-baseline/wide-round-1-jobs-8/store/x10sy0nbznbwdx248rrn94wd721gd0xg-leaf-31.drv.drv","",1,1],"id":5459152541319180,"level":3,"parent":0,"text":"building '/tmp/obrador-shared-pins-linux/round-2-baseline/wide-round-1-jobs-8/store/x10sy0nbznbwdx248rrn94wd721gd0xg-leaf-31.drv.drv'","type":105}
@nix {"action":"result","fields":[7,32,2,0],"id":5459152541319170,"type":105}
@nix {"action":"result","fields":[0,0,0,0],"id":5459152541319171,"type":105}
@nix {"action":"result","fields":[101,0],"id":5459152541319169,"type":106}
@nix {"action":"result","fields":[100,0],"id":5459152541319169,"type":106}
@nix {"action":"start","fields":["/tmp/obrador-shared-pins-linux/round-2-baseline/wide-round-1-jobs-8/store/86qwwhdwdc6iwaq9jlk55w40l3d74am9-leaf-4.drv.drv","",1,1],"id":5459152541319181,"level":3,"parent":0,"text":"building '/tmp/obrador-shared-pins-linux/round-2-baseline/wide-round-1-jobs-8/store/86qwwhdwdc6iwaq9jlk55w40l3d74am9-leaf-4.drv.drv'","type":105}
@nix {"action":"result","fields":[7,32,3,0],"id":5459152541319170,"type":105}
@nix {"action":"result","fields":[0,0,0,0],"id":5459152541319171,"type":105}
@nix {"action":"result","fields":[101,0],"id":5459152541319169,"type":106}
@nix {"action":"result","fields":[100,0],"id":5459152541319169,"type":106}
@nix {"action":"start","fields":["/tmp/obrador-shared-pins-linux/round-2-baseline/wide-round-1-jobs-8/store/7j9vsz8ph3419sxabalsd7i1ln1rhhgj-leaf-5.drv.drv","",1,1],"id":5459152541319182,"level":3,"parent":0,"text":"building '/tmp/obrador-shared-pins-linux/round-2-baseline/wide-round-1-jobs-8/store/7j9vsz8ph3419sxabalsd7i1ln1rhhgj-leaf-5.drv.drv'","type":105}
@nix {"action":"result","fields":[7,32,4,0],"id":5459152541319170,"type":105}
@nix {"action":"result","fields":[0,0,0,0],"id":5459152541319171,"type":105}
@nix {"action":"result","fields":[101,0],"id":5459152541319169,"type":106}
@nix {"action":"result","fields":[100,0],"id":5459152541319169,"type":106}
@nix {"action":"start","fields":["/tmp/obrador-shared-pins-linux/round-2-baseline/wide-round-1-jobs-8/store/hagaxlvzzhqknch9594y8f2xsij286bb-leaf-6.drv.drv","",1,1],"id":5459152541319183,"level":3,"parent":0,"text":"building '/tmp/obrador-shared-pins-linux/round-2-baseline/wide-round-1-jobs-8/store/hagaxlvzzhqknch9594y8f2xsij286bb-leaf-6.drv.drv'","type":105}
@nix {"action":"result","fields":[7,32,5,0],"id":5459152541319170,"type":105}
@nix {"action":"result","fields":[0,0,0,0],"id":5459152541319171,"type":105}
@nix {"action":"result","fields":[101,0],"id":5459152541319169,"type":106}
@nix {"action":"result","fields":[100,0],"id":5459152541319169,"type":106}
@nix {"action":"start","fields":["/tmp/obrador-shared-pins-linux/round-2-baseline/wide-round-1-jobs-8/store/fbkksc185w380501b37ibp0kcidk7bgq-leaf-7.drv.drv","",1,1],"id":5459152541319184,"level":3,"parent":0,"text":"building '/tmp/obrador-shared-pins-linux/round-2-baseline/wide-round-1-jobs-8/store/fbkksc185w380501b37ibp0kcidk7bgq-leaf-7.drv.drv'","type":105}
@nix {"action":"result","fields":[7,32,6,0],"id":5459152541319170,"type":105}
@nix {"action":"result","fields":[0,0,0,0],"id":5459152541319171,"type":105}
@nix {"action":"result","fields":[101,0],"id":5459152541319169,"type":106}
@nix {"action":"result","fields":[100,0],"id":5459152541319169,"type":106}
@nix {"action":"start","fields":["/tmp/obrador-shared-pins-linux/round-2-baseline/wide-round-1-jobs-8/store/4b4b4zmwfa914b4wa991yixmwg0rmqsk-leaf-8.drv.drv","",1,1],"id":5459152541319185,"level":3,"parent":0,"text":"building '/tmp/obrador-shared-pins-linux/round-2-baseline/wide-round-1-jobs-8/store/4b4b4zmwfa914b4wa991yixmwg0rmqsk-leaf-8.drv.drv'","type":105}
@nix {"action":"result","fields":[7,32,7,0],"id":5459152541319170,"type":105}
@nix {"action":"result","fields":[0,0,0,0],"id":5459152541319171,"type":105}
@nix {"action":"result","fields":[101,0],"id":5459152541319169,"type":106}
@nix {"action":"result","fields":[100,0],"id":5459152541319169,"type":106}
@nix {"action":"start","fields":["/tmp/obrador-shared-pins-linux/round-2-baseline/wide-round-1-jobs-8/store/ybzc10a98lilswfc98znfqyibgpcrxz4-leaf-9.drv.drv","",1,1],"id":5459152541319186,"level":3,"parent":0,"text":"building '/tmp/obrador-shared-pins-linux/round-2-baseline/wide-round-1-jobs-8/store/ybzc10a98lilswfc98znfqyibgpcrxz4-leaf-9.drv.drv'","type":105}
@nix {"action":"result","fields":[7,32,8,0],"id":5459152541319170,"type":105}
@nix {"action":"result","fields":[0,0,0,0],"id":5459152541319171,"type":105}
@nix {"action":"result","fields":[101,0],"id":5459152541319169,"type":106}
@nix {"action":"result","fields":[100,0],"id":5459152541319169,"type":106}
@nix {"action":"result","fields":[7,33,8,0],"id":5459152541319170,"type":105}
@nix {"action":"result","fields":[0,0,0,0],"id":5459152541319171,"type":105}
@nix {"action":"result","fields":[101,0],"id":5459152541319169,"type":106}
@nix {"action":"result","fields":[100,0],"id":5459152541319169,"type":106}
@nix {"action":"result","fields":[7,34,8,0],"id":5459152541319170,"type":105}
@nix {"action":"result","fields":[0,0,0,0],"id":5459152541319171,"type":105}
@nix {"action":"result","fields":[101,0],"id":5459152541319169,"type":106}
@nix {"action":"result","fields":[100,0],"id":5459152541319169,"type":106}
@nix {"action":"result","fields":[7,35,8,0],"id":5459152541319170,"type":105}
@nix {"action":"result","fields":[0,0,0,0],"id":5459152541319171,"type":105}
@nix {"action":"result","fields":[101,0],"id":5459152541319169,"type":106}
@nix {"action":"result","fields":[100,0],"id":5459152541319169,"type":106}
@nix {"action":"result","fields":[7,36,8,0],"id":5459152541319170,"type":105}
@nix {"action":"result","fields":[0,0,0,0],"id":5459152541319171,"type":105}
@nix {"action":"result","fields":[101,0],"id":5459152541319169,"type":106}
@nix {"action":"result","fields":[100,0],"id":5459152541319169,"type":106}
@nix {"action":"result","fields":[7,37,8,0],"id":5459152541319170,"type":105}
@nix {"action":"result","fields":[0,0,0,0],"id":5459152541319171,"type":105}
@nix {"action":"result","fields":[101,0],"id":5459152541319169,"type":106}
@nix {"action":"result","fields":[100,0],"id":5459152541319169,"type":106}
@nix {"action":"result","fields":[7,38,8,0],"id":5459152541319170,"type":105}
@nix {"action":"result","fields":[0,0,0,0],"id":5459152541319171,"type":105}
@nix {"action":"result","fields":[101,0],"id":5459152541319169,"type":106}
@nix {"action":"result","fields":[100,0],"id":5459152541319169,"type":106}
@nix {"action":"result","fields":[7,39,8,0],"id":5459152541319170,"type":105}
@nix {"action":"result","fields":[0,0,0,0],"id":5459152541319171,"type":105}
@nix {"action":"result","fields":[101,0],"id":5459152541319169,"type":106}
@nix {"action":"result","fields":[100,0],"id":5459152541319169,"type":106}
@nix {"action":"result","fields":[8,40,7,0],"id":5459152541319170,"type":105}
@nix {"action":"result","fields":[0,0,0,0],"id":5459152541319171,"type":105}
@nix {"action":"result","fields":[101,0],"id":5459152541319169,"type":106}
@nix {"action":"result","fields":[100,0],"id":5459152541319169,"type":106}
@nix {"action":"stop","id":5459152541319179}
@nix {"action":"result","fields":[9,41,6,0],"id":5459152541319170,"type":105}
@nix {"action":"result","fields":[0,0,0,0],"id":5459152541319171,"type":105}
@nix {"action":"result","fields":[101,0],"id":5459152541319169,"type":106}
@nix {"action":"result","fields":[100,0],"id":5459152541319169,"type":106}
@nix {"action":"stop","id":5459152541319180}
@nix {"action":"result","fields":[10,42,5,0],"id":5459152541319170,"type":105}
@nix {"action":"result","fields":[0,0,0,0],"id":5459152541319171,"type":105}
@nix {"action":"result","fields":[101,0],"id":5459152541319169,"type":106}
@nix {"action":"result","fields":[100,0],"id":5459152541319169,"type":106}
@nix {"action":"stop","id":5459152541319181}
@nix {"action":"result","fields":[11,43,4,0],"id":5459152541319170,"type":105}
@nix {"action":"result","fields":[0,0,0,0],"id":5459152541319171,"type":105}
@nix {"action":"result","fields":[101,0],"id":5459152541319169,"type":106}
@nix {"action":"result","fields":[100,0],"id":5459152541319169,"type":106}
@nix {"action":"stop","id":5459152541319182}
@nix {"action":"result","fields":[12,44,3,0],"id":5459152541319170,"type":105}
@nix {"action":"result","fields":[0,0,0,0],"id":5459152541319171,"type":105}
@nix {"action":"result","fields":[101,0],"id":5459152541319169,"type":106}
@nix {"action":"result","fields":[100,0],"id":5459152541319169,"type":106}
@nix {"action":"stop","id":5459152541319183}
@nix {"action":"result","fields":[13,45,2,0],"id":5459152541319170,"type":105}
@nix {"action":"result","fields":[0,0,0,0],"id":5459152541319171,"type":105}
@nix {"action":"result","fields":[101,0],"id":5459152541319169,"type":106}
@nix {"action":"result","fields":[100,0],"id":5459152541319169,"type":106}
@nix {"action":"stop","id":5459152541319184}
@nix {"action":"result","fields":[14,46,1,0],"id":5459152541319170,"type":105}
@nix {"action":"result","fields":[0,0,0,0],"id":5459152541319171,"type":105}
@nix {"action":"result","fields":[101,0],"id":5459152541319169,"type":106}
@nix {"action":"result","fields":[100,0],"id":5459152541319169,"type":106}
@nix {"action":"stop","id":5459152541319185}
@nix {"action":"result","fields":[15,47,0,0],"id":5459152541319170,"type":105}
@nix {"action":"result","fields":[0,0,0,0],"id":5459152541319171,"type":105}
@nix {"action":"result","fields":[101,0],"id":5459152541319169,"type":106}
@nix {"action":"result","fields":[100,0],"id":5459152541319169,"type":106}
@nix {"action":"stop","id":5459152541319186}
@nix {"action":"start","fields":["/tmp/obrador-shared-pins-linux/round-2-baseline/wide-round-1-jobs-8/store/z7l9654pyywa0hihlmynw1symik4lrbw-leaf-0.drv","",1,1],"id":5459152541319187,"level":3,"parent":0,"text":"building '/tmp/obrador-shared-pins-linux/round-2-baseline/wide-round-1-jobs-8/store/z7l9654pyywa0hihlmynw1symik4lrbw-leaf-0.drv'","type":105}
@nix {"action":"result","fields":[15,39,1,0],"id":5459152541319170,"type":105}
@nix {"action":"result","fields":[0,0,0,0],"id":5459152541319171,"type":105}
@nix {"action":"result","fields":[101,0],"id":5459152541319169,"type":106}
@nix {"action":"result","fields":[100,0],"id":5459152541319169,"type":106}
@nix {"action":"start","fields":["/tmp/obrador-shared-pins-linux/round-2-baseline/wide-round-1-jobs-8/store/njaf98l742w5xxbckbjdxyqnmx12i77v-leaf-1.drv","",1,1],"id":5459152541319188,"level":3,"parent":0,"text":"building '/tmp/obrador-shared-pins-linux/round-2-baseline/wide-round-1-jobs-8/store/njaf98l742w5xxbckbjdxyqnmx12i77v-leaf-1.drv'","type":105}
@nix {"action":"result","fields":[15,39,2,0],"id":5459152541319170,"type":105}
@nix {"action":"result","fields":[0,0,0,0],"id":5459152541319171,"type":105}
@nix {"action":"result","fields":[101,0],"id":5459152541319169,"type":106}
@nix {"action":"result","fields":[100,0],"id":5459152541319169,"type":106}
@nix {"action":"start","fields":["/tmp/obrador-shared-pins-linux/round-2-baseline/wide-round-1-jobs-8/store/baphxch7ankp33q3qljvsi6by2shc92l-leaf-10.drv","",1,1],"id":5459152541319189,"level":3,"parent":0,"text":"building '/tmp/obrador-shared-pins-linux/round-2-baseline/wide-round-1-jobs-8/store/baphxch7ankp33q3qljvsi6by2shc92l-leaf-10.drv'","type":105}
@nix {"action":"result","fields":[15,39,3,0],"id":5459152541319170,"type":105}
@nix {"action":"result","fields":[0,0,0,0],"id":5459152541319171,"type":105}
@nix {"action":"result","fields":[101,0],"id":5459152541319169,"type":106}
@nix {"action":"result","fields":[100,0],"id":5459152541319169,"type":106}
@nix {"action":"start","fields":["/tmp/obrador-shared-pins-linux/round-2-baseline/wide-round-1-jobs-8/store/kp8kvsnwsij8a6sgv7lqm78fnvhhgmia-leaf-11.drv","",1,1],"id":5459152541319190,"level":3,"parent":0,"text":"building '/tmp/obrador-shared-pins-linux/round-2-baseline/wide-round-1-jobs-8/store/kp8kvsnwsij8a6sgv7lqm78fnvhhgmia-leaf-11.drv'","type":105}
@nix {"action":"result","fields":[15,39,4,0],"id":5459152541319170,"type":105}
@nix {"action":"result","fields":[0,0,0,0],"id":5459152541319171,"type":105}
@nix {"action":"result","fields":[101,0],"id":5459152541319169,"type":106}
@nix {"action":"result","fields":[100,0],"id":5459152541319169,"type":106}
@nix {"action":"start","fields":["/tmp/obrador-shared-pins-linux/round-2-baseline/wide-round-1-jobs-8/store/hxsg8ipipjmvhg4invr9nc96y6f4p77h-leaf-12.drv","",1,1],"id":5459152541319191,"level":3,"parent":0,"text":"building '/tmp/obrador-shared-pins-linux/round-2-baseline/wide-round-1-jobs-8/store/hxsg8ipipjmvhg4invr9nc96y6f4p77h-leaf-12.drv'","type":105}
@nix {"action":"result","fields":[15,39,5,0],"id":5459152541319170,"type":105}
@nix {"action":"result","fields":[0,0,0,0],"id":5459152541319171,"type":105}
@nix {"action":"result","fields":[101,0],"id":5459152541319169,"type":106}
@nix {"action":"result","fields":[100,0],"id":5459152541319169,"type":106}
@nix {"action":"start","fields":["/tmp/obrador-shared-pins-linux/round-2-baseline/wide-round-1-jobs-8/store/zvpm8gg5cihdn4j6k700mz64xfv21bq0-leaf-13.drv","",1,1],"id":5459152541319192,"level":3,"parent":0,"text":"building '/tmp/obrador-shared-pins-linux/round-2-baseline/wide-round-1-jobs-8/store/zvpm8gg5cihdn4j6k700mz64xfv21bq0-leaf-13.drv'","type":105}
@nix {"action":"result","fields":[15,39,6,0],"id":5459152541319170,"type":105}
@nix {"action":"result","fields":[0,0,0,0],"id":5459152541319171,"type":105}
@nix {"action":"result","fields":[101,0],"id":5459152541319169,"type":106}
@nix {"action":"result","fields":[100,0],"id":5459152541319169,"type":106}
@nix {"action":"start","fields":["/tmp/obrador-shared-pins-linux/round-2-baseline/wide-round-1-jobs-8/store/906l0r7932fbvg2pn2pjy8b2q2n5l5il-leaf-14.drv","",1,1],"id":5459152541319193,"level":3,"parent":0,"text":"building '/tmp/obrador-shared-pins-linux/round-2-baseline/wide-round-1-jobs-8/store/906l0r7932fbvg2pn2pjy8b2q2n5l5il-leaf-14.drv'","type":105}
@nix {"action":"result","fields":[15,39,7,0],"id":5459152541319170,"type":105}
@nix {"action":"result","fields":[0,0,0,0],"id":5459152541319171,"type":105}
@nix {"action":"result","fields":[101,0],"id":5459152541319169,"type":106}
@nix {"action":"result","fields":[100,0],"id":5459152541319169,"type":106}
@nix {"action":"start","fields":["/tmp/obrador-shared-pins-linux/round-2-baseline/wide-round-1-jobs-8/store/llx1al6shi85f6ailwhr3bk56fgmjisc-leaf-21.drv.drv","",1,1],"id":5459152541319194,"level":3,"parent":0,"text":"building '/tmp/obrador-shared-pins-linux/round-2-baseline/wide-round-1-jobs-8/store/llx1al6shi85f6ailwhr3bk56fgmjisc-leaf-21.drv.drv'","type":105}
@nix {"action":"result","fields":[15,39,8,0],"id":5459152541319170,"type":105}
@nix {"action":"result","fields":[0,0,0,0],"id":5459152541319171,"type":105}
@nix {"action":"result","fields":[101,0],"id":5459152541319169,"type":106}
@nix {"action":"result","fields":[100,0],"id":5459152541319169,"type":106}
@nix {"action":"result","fields":[15,40,8,0],"id":5459152541319170,"type":105}
@nix {"action":"result","fields":[0,0,0,0],"id":5459152541319171,"type":105}
@nix {"action":"result","fields":[101,0],"id":5459152541319169,"type":106}
@nix {"action":"result","fields":[100,0],"id":5459152541319169,"type":106}
@nix {"action":"result","fields":[15,41,8,0],"id":5459152541319170,"type":105}
@nix {"action":"result","fields":[0,0,0,0],"id":5459152541319171,"type":105}
@nix {"action":"result","fields":[101,0],"id":5459152541319169,"type":106}
@nix {"action":"result","fields":[100,0],"id":5459152541319169,"type":106}
@nix {"action":"result","fields":[15,42,8,0],"id":5459152541319170,"type":105}
@nix {"action":"result","fields":[0,0,0,0],"id":5459152541319171,"type":105}
@nix {"action":"result","fields":[101,0],"id":5459152541319169,"type":106}
@nix {"action":"result","fields":[100,0],"id":5459152541319169,"type":106}
@nix {"action":"result","fields":[15,43,8,0],"id":5459152541319170,"type":105}
@nix {"action":"result","fields":[0,0,0,0],"id":5459152541319171,"type":105}
@nix {"action":"result","fields":[101,0],"id":5459152541319169,"type":106}
@nix {"action":"result","fields":[100,0],"id":5459152541319169,"type":106}
@nix {"action":"result","fields":[15,44,8,0],"id":5459152541319170,"type":105}
@nix {"action":"result","fields":[0,0,0,0],"id":5459152541319171,"type":105}
@nix {"action":"result","fields":[101,0],"id":5459152541319169,"type":106}
@nix {"action":"result","fields":[100,0],"id":5459152541319169,"type":106}
@nix {"action":"result","fields":[15,45,8,0],"id":5459152541319170,"type":105}
@nix {"action":"result","fields":[0,0,0,0],"id":5459152541319171,"type":105}
@nix {"action":"result","fields":[101,0],"id":5459152541319169,"type":106}
@nix {"action":"result","fields":[100,0],"id":5459152541319169,"type":106}
@nix {"action":"result","fields":[15,46,8,0],"id":5459152541319170,"type":105}
@nix {"action":"result","fields":[0,0,0,0],"id":5459152541319171,"type":105}
@nix {"action":"result","fields":[101,0],"id":5459152541319169,"type":106}
@nix {"action":"result","fields":[100,0],"id":5459152541319169,"type":106}
@nix {"action":"result","fields":[15,47,8,0],"id":5459152541319170,"type":105}
@nix {"action":"result","fields":[0,0,0,0],"id":5459152541319171,"type":105}
@nix {"action":"result","fields":[101,0],"id":5459152541319169,"type":106}
@nix {"action":"result","fields":[100,0],"id":5459152541319169,"type":106}
@nix {"action":"result","fields":[16,48,7,0],"id":5459152541319170,"type":105}
@nix {"action":"result","fields":[0,0,0,0],"id":5459152541319171,"type":105}
@nix {"action":"result","fields":[101,0],"id":5459152541319169,"type":106}
@nix {"action":"result","fields":[100,0],"id":5459152541319169,"type":106}
@nix {"action":"stop","id":5459152541319187}
@nix {"action":"result","fields":[17,49,6,0],"id":5459152541319170,"type":105}
@nix {"action":"result","fields":[0,0,0,0],"id":5459152541319171,"type":105}
@nix {"action":"result","fields":[101,0],"id":5459152541319169,"type":106}
@nix {"action":"result","fields":[100,0],"id":5459152541319169,"type":106}
@nix {"action":"stop","id":5459152541319188}
@nix {"action":"result","fields":[18,50,5,0],"id":5459152541319170,"type":105}
@nix {"action":"result","fields":[0,0,0,0],"id":5459152541319171,"type":105}
@nix {"action":"result","fields":[101,0],"id":5459152541319169,"type":106}
@nix {"action":"result","fields":[100,0],"id":5459152541319169,"type":106}
@nix {"action":"stop","id":5459152541319189}
@nix {"action":"result","fields":[19,51,4,0],"id":5459152541319170,"type":105}
@nix {"action":"result","fields":[0,0,0,0],"id":5459152541319171,"type":105}
@nix {"action":"result","fields":[101,0],"id":5459152541319169,"type":106}
@nix {"action":"result","fields":[100,0],"id":5459152541319169,"type":106}
@nix {"action":"stop","id":5459152541319190}
@nix {"action":"result","fields":[20,52,3,0],"id":5459152541319170,"type":105}
@nix {"action":"result","fields":[0,0,0,0],"id":5459152541319171,"type":105}
@nix {"action":"result","fields":[101,0],"id":5459152541319169,"type":106}
@nix {"action":"result","fields":[100,0],"id":5459152541319169,"type":106}
@nix {"action":"stop","id":5459152541319191}
@nix {"action":"result","fields":[21,53,2,0],"id":5459152541319170,"type":105}
@nix {"action":"result","fields":[0,0,0,0],"id":5459152541319171,"type":105}
@nix {"action":"result","fields":[101,0],"id":5459152541319169,"type":106}
@nix {"action":"result","fields":[100,0],"id":5459152541319169,"type":106}
@nix {"action":"stop","id":5459152541319192}
@nix {"action":"result","fields":[22,54,1,0],"id":5459152541319170,"type":105}
@nix {"action":"result","fields":[0,0,0,0],"id":5459152541319171,"type":105}
@nix {"action":"result","fields":[101,0],"id":5459152541319169,"type":106}
@nix {"action":"result","fields":[100,0],"id":5459152541319169,"type":106}
@nix {"action":"stop","id":5459152541319193}
@nix {"action":"result","fields":[23,55,0,0],"id":5459152541319170,"type":105}
@nix {"action":"result","fields":[0,0,0,0],"id":5459152541319171,"type":105}
@nix {"action":"result","fields":[101,0],"id":5459152541319169,"type":106}
@nix {"action":"result","fields":[100,0],"id":5459152541319169,"type":106}
@nix {"action":"stop","id":5459152541319194}
@nix {"action":"start","fields":["/tmp/obrador-shared-pins-linux/round-2-baseline/wide-round-1-jobs-8/store/hcjhw9hpgaqh70kvlz550d2pb664aai7-leaf-15.drv","",1,1],"id":5459152541319195,"level":3,"parent":0,"text":"building '/tmp/obrador-shared-pins-linux/round-2-baseline/wide-round-1-jobs-8/store/hcjhw9hpgaqh70kvlz550d2pb664aai7-leaf-15.drv'","type":105}
@nix {"action":"result","fields":[23,47,1,0],"id":5459152541319170,"type":105}
@nix {"action":"result","fields":[0,0,0,0],"id":5459152541319171,"type":105}
@nix {"action":"result","fields":[101,0],"id":5459152541319169,"type":106}
@nix {"action":"result","fields":[100,0],"id":5459152541319169,"type":106}
@nix {"action":"start","fields":["/tmp/obrador-shared-pins-linux/round-2-baseline/wide-round-1-jobs-8/store/x5sgfmmr6rghk2804rbs5x9ra8m4rqhn-leaf-31.drv","",1,1],"id":5459152541319196,"level":3,"parent":0,"text":"building '/tmp/obrador-shared-pins-linux/round-2-baseline/wide-round-1-jobs-8/store/x5sgfmmr6rghk2804rbs5x9ra8m4rqhn-leaf-31.drv'","type":105}
@nix {"action":"result","fields":[23,47,2,0],"id":5459152541319170,"type":105}
@nix {"action":"result","fields":[0,0,0,0],"id":5459152541319171,"type":105}
@nix {"action":"result","fields":[101,0],"id":5459152541319169,"type":106}
@nix {"action":"result","fields":[100,0],"id":5459152541319169,"type":106}
@nix {"action":"start","fields":["/tmp/obrador-shared-pins-linux/round-2-baseline/wide-round-1-jobs-8/store/lqsshnpmg5a3grgg0wsvm6lbdfvawgv4-leaf-4.drv","",1,1],"id":5459152541319197,"level":3,"parent":0,"text":"building '/tmp/obrador-shared-pins-linux/round-2-baseline/wide-round-1-jobs-8/store/lqsshnpmg5a3grgg0wsvm6lbdfvawgv4-leaf-4.drv'","type":105}
@nix {"action":"result","fields":[23,47,3,0],"id":5459152541319170,"type":105}
@nix {"action":"result","fields":[0,0,0,0],"id":5459152541319171,"type":105}
@nix {"action":"result","fields":[101,0],"id":5459152541319169,"type":106}
@nix {"action":"result","fields":[100,0],"id":5459152541319169,"type":106}
@nix {"action":"start","fields":["/tmp/obrador-shared-pins-linux/round-2-baseline/wide-round-1-jobs-8/store/dg71gjczncg77figsbwwyv70i364j010-leaf-5.drv","",1,1],"id":5459152541319198,"level":3,"parent":0,"text":"building '/tmp/obrador-shared-pins-linux/round-2-baseline/wide-round-1-jobs-8/store/dg71gjczncg77figsbwwyv70i364j010-leaf-5.drv'","type":105}
@nix {"action":"result","fields":[23,47,4,0],"id":5459152541319170,"type":105}
@nix {"action":"result","fields":[0,0,0,0],"id":5459152541319171,"type":105}
@nix {"action":"result","fields":[101,0],"id":5459152541319169,"type":106}
@nix {"action":"result","fields":[100,0],"id":5459152541319169,"type":106}
@nix {"action":"start","fields":["/tmp/obrador-shared-pins-linux/round-2-baseline/wide-round-1-jobs-8/store/1c0jca2nbfi5yqwsg86rsn13zam5piik-leaf-6.drv","",1,1],"id":5459152541319199,"level":3,"parent":0,"text":"building '/tmp/obrador-shared-pins-linux/round-2-baseline/wide-round-1-jobs-8/store/1c0jca2nbfi5yqwsg86rsn13zam5piik-leaf-6.drv'","type":105}
@nix {"action":"result","fields":[23,47,5,0],"id":5459152541319170,"type":105}
@nix {"action":"result","fields":[0,0,0,0],"id":5459152541319171,"type":105}
@nix {"action":"result","fields":[101,0],"id":5459152541319169,"type":106}
@nix {"action":"result","fields":[100,0],"id":5459152541319169,"type":106}
@nix {"action":"start","fields":["/tmp/obrador-shared-pins-linux/round-2-baseline/wide-round-1-jobs-8/store/v2x7dp16vhhsjl7mfnvyzm7lf59y40ng-leaf-7.drv","",1,1],"id":5459152541319200,"level":3,"parent":0,"text":"building '/tmp/obrador-shared-pins-linux/round-2-baseline/wide-round-1-jobs-8/store/v2x7dp16vhhsjl7mfnvyzm7lf59y40ng-leaf-7.drv'","type":105}
@nix {"action":"result","fields":[23,47,6,0],"id":5459152541319170,"type":105}
@nix {"action":"result","fields":[0,0,0,0],"id":5459152541319171,"type":105}
@nix {"action":"result","fields":[101,0],"id":5459152541319169,"type":106}
@nix {"action":"result","fields":[100,0],"id":5459152541319169,"type":106}
@nix {"action":"start","fields":["/tmp/obrador-shared-pins-linux/round-2-baseline/wide-round-1-jobs-8/store/nkpwikswv1jddzi71hxqmfpncp9ah98w-leaf-8.drv","",1,1],"id":5459152541319201,"level":3,"parent":0,"text":"building '/tmp/obrador-shared-pins-linux/round-2-baseline/wide-round-1-jobs-8/store/nkpwikswv1jddzi71hxqmfpncp9ah98w-leaf-8.drv'","type":105}
@nix {"action":"result","fields":[23,47,7,0],"id":5459152541319170,"type":105}
@nix {"action":"result","fields":[0,0,0,0],"id":5459152541319171,"type":105}
@nix {"action":"result","fields":[101,0],"id":5459152541319169,"type":106}
@nix {"action":"result","fields":[100,0],"id":5459152541319169,"type":106}
@nix {"action":"start","fields":["/tmp/obrador-shared-pins-linux/round-2-baseline/wide-round-1-jobs-8/store/2aj5apscbdjxvps3bfldjkpmfixwk916-leaf-9.drv","",1,1],"id":5459152541319202,"level":3,"parent":0,"text":"building '/tmp/obrador-shared-pins-linux/round-2-baseline/wide-round-1-jobs-8/store/2aj5apscbdjxvps3bfldjkpmfixwk916-leaf-9.drv'","type":105}
@nix {"action":"result","fields":[23,47,8,0],"id":5459152541319170,"type":105}
@nix {"action":"result","fields":[0,0,0,0],"id":5459152541319171,"type":105}
@nix {"action":"result","fields":[101,0],"id":5459152541319169,"type":106}
@nix {"action":"result","fields":[100,0],"id":5459152541319169,"type":106}
@nix {"action":"result","fields":[23,48,8,0],"id":5459152541319170,"type":105}
@nix {"action":"result","fields":[0,0,0,0],"id":5459152541319171,"type":105}
@nix {"action":"result","fields":[101,0],"id":5459152541319169,"type":106}
@nix {"action":"result","fields":[100,0],"id":5459152541319169,"type":106}
@nix {"action":"result","fields":[24,49,7,0],"id":5459152541319170,"type":105}
@nix {"action":"result","fields":[0,0,0,0],"id":5459152541319171,"type":105}
@nix {"action":"result","fields":[101,0],"id":5459152541319169,"type":106}
@nix {"action":"result","fields":[100,0],"id":5459152541319169,"type":106}
@nix {"action":"stop","id":5459152541319195}
@nix {"action":"result","fields":[25,50,6,0],"id":5459152541319170,"type":105}
@nix {"action":"result","fields":[0,0,0,0],"id":5459152541319171,"type":105}
@nix {"action":"result","fields":[101,0],"id":5459152541319169,"type":106}
@nix {"action":"result","fields":[100,0],"id":5459152541319169,"type":106}
@nix {"action":"stop","id":5459152541319196}
@nix {"action":"result","fields":[26,51,5,0],"id":5459152541319170,"type":105}
@nix {"action":"result","fields":[0,0,0,0],"id":5459152541319171,"type":105}
@nix {"action":"result","fields":[101,0],"id":5459152541319169,"type":106}
@nix {"action":"result","fields":[100,0],"id":5459152541319169,"type":106}
@nix {"action":"stop","id":5459152541319197}
@nix {"action":"result","fields":[27,52,4,0],"id":5459152541319170,"type":105}
@nix {"action":"result","fields":[0,0,0,0],"id":5459152541319171,"type":105}
@nix {"action":"result","fields":[101,0],"id":5459152541319169,"type":106}
@nix {"action":"result","fields":[100,0],"id":5459152541319169,"type":106}
@nix {"action":"stop","id":5459152541319198}
@nix {"action":"result","fields":[28,53,3,0],"id":5459152541319170,"type":105}
@nix {"action":"result","fields":[0,0,0,0],"id":5459152541319171,"type":105}
@nix {"action":"result","fields":[101,0],"id":5459152541319169,"type":106}
@nix {"action":"result","fields":[100,0],"id":5459152541319169,"type":106}
@nix {"action":"stop","id":5459152541319199}
@nix {"action":"result","fields":[29,54,2,0],"id":5459152541319170,"type":105}
@nix {"action":"result","fields":[0,0,0,0],"id":5459152541319171,"type":105}
@nix {"action":"result","fields":[101,0],"id":5459152541319169,"type":106}
@nix {"action":"result","fields":[100,0],"id":5459152541319169,"type":106}
@nix {"action":"stop","id":5459152541319200}
@nix {"action":"result","fields":[30,55,1,0],"id":5459152541319170,"type":105}
@nix {"action":"result","fields":[0,0,0,0],"id":5459152541319171,"type":105}
@nix {"action":"result","fields":[101,0],"id":5459152541319169,"type":106}
@nix {"action":"result","fields":[100,0],"id":5459152541319169,"type":106}
@nix {"action":"stop","id":5459152541319201}
@nix {"action":"start","fields":["/tmp/obrador-shared-pins-linux/round-2-baseline/wide-round-1-jobs-8/store/w8s5y2lzah8z6aah6sadw4d87mv8aj6z-leaf-19.drv.drv","",1,1],"id":5459152541319203,"level":3,"parent":0,"text":"building '/tmp/obrador-shared-pins-linux/round-2-baseline/wide-round-1-jobs-8/store/w8s5y2lzah8z6aah6sadw4d87mv8aj6z-leaf-19.drv.drv'","type":105}
@nix {"action":"result","fields":[30,48,2,0],"id":5459152541319170,"type":105}
@nix {"action":"result","fields":[0,0,0,0],"id":5459152541319171,"type":105}
@nix {"action":"result","fields":[101,0],"id":5459152541319169,"type":106}
@nix {"action":"result","fields":[100,0],"id":5459152541319169,"type":106}
@nix {"action":"start","fields":["/tmp/obrador-shared-pins-linux/round-2-baseline/wide-round-1-jobs-8/store/6pxxmy31npkrrr12885b1g9a789a7wn8-leaf-2.drv.drv","",1,1],"id":5459152541319204,"level":3,"parent":0,"text":"building '/tmp/obrador-shared-pins-linux/round-2-baseline/wide-round-1-jobs-8/store/6pxxmy31npkrrr12885b1g9a789a7wn8-leaf-2.drv.drv'","type":105}
@nix {"action":"result","fields":[30,48,3,0],"id":5459152541319170,"type":105}
@nix {"action":"result","fields":[0,0,0,0],"id":5459152541319171,"type":105}
@nix {"action":"result","fields":[101,0],"id":5459152541319169,"type":106}
@nix {"action":"result","fields":[100,0],"id":5459152541319169,"type":106}
@nix {"action":"start","fields":["/tmp/obrador-shared-pins-linux/round-2-baseline/wide-round-1-jobs-8/store/358li16pj8xpw4scjw3avbd42isis1ls-leaf-20.drv.drv","",1,1],"id":5459152541319205,"level":3,"parent":0,"text":"building '/tmp/obrador-shared-pins-linux/round-2-baseline/wide-round-1-jobs-8/store/358li16pj8xpw4scjw3avbd42isis1ls-leaf-20.drv.drv'","type":105}
@nix {"action":"result","fields":[30,48,4,0],"id":5459152541319170,"type":105}
@nix {"action":"result","fields":[0,0,0,0],"id":5459152541319171,"type":105}
@nix {"action":"result","fields":[101,0],"id":5459152541319169,"type":106}
@nix {"action":"result","fields":[100,0],"id":5459152541319169,"type":106}
@nix {"action":"start","fields":["/tmp/obrador-shared-pins-linux/round-2-baseline/wide-round-1-jobs-8/store/drjy5d4j7hg9mla9jwjdibfx8d0l2fxd-leaf-21.drv","",1,1],"id":5459152541319206,"level":3,"parent":0,"text":"building '/tmp/obrador-shared-pins-linux/round-2-baseline/wide-round-1-jobs-8/store/drjy5d4j7hg9mla9jwjdibfx8d0l2fxd-leaf-21.drv'","type":105}
@nix {"action":"result","fields":[30,48,5,0],"id":5459152541319170,"type":105}
@nix {"action":"result","fields":[0,0,0,0],"id":5459152541319171,"type":105}
@nix {"action":"result","fields":[101,0],"id":5459152541319169,"type":106}
@nix {"action":"result","fields":[100,0],"id":5459152541319169,"type":106}
@nix {"action":"start","fields":["/tmp/obrador-shared-pins-linux/round-2-baseline/wide-round-1-jobs-8/store/b3xdr7h4qn3nyl0y4wx24cifxdfr6r9x-leaf-26.drv.drv","",1,1],"id":5459152541319207,"level":3,"parent":0,"text":"building '/tmp/obrador-shared-pins-linux/round-2-baseline/wide-round-1-jobs-8/store/b3xdr7h4qn3nyl0y4wx24cifxdfr6r9x-leaf-26.drv.drv'","type":105}
@nix {"action":"result","fields":[30,48,6,0],"id":5459152541319170,"type":105}
@nix {"action":"result","fields":[0,0,0,0],"id":5459152541319171,"type":105}
@nix {"action":"result","fields":[101,0],"id":5459152541319169,"type":106}
@nix {"action":"result","fields":[100,0],"id":5459152541319169,"type":106}
@nix {"action":"start","fields":["/tmp/obrador-shared-pins-linux/round-2-baseline/wide-round-1-jobs-8/store/n1zcp9xld1b193k5gpcf7lcggcfh7ay2-leaf-27.drv.drv","",1,1],"id":5459152541319208,"level":3,"parent":0,"text":"building '/tmp/obrador-shared-pins-linux/round-2-baseline/wide-round-1-jobs-8/store/n1zcp9xld1b193k5gpcf7lcggcfh7ay2-leaf-27.drv.drv'","type":105}
@nix {"action":"result","fields":[30,48,7,0],"id":5459152541319170,"type":105}
@nix {"action":"result","fields":[0,0,0,0],"id":5459152541319171,"type":105}
@nix {"action":"result","fields":[101,0],"id":5459152541319169,"type":106}
@nix {"action":"result","fields":[100,0],"id":5459152541319169,"type":106}
@nix {"action":"start","fields":["/tmp/obrador-shared-pins-linux/round-2-baseline/wide-round-1-jobs-8/store/s47fik2ncsmngvdxpbrh63hv9a9ih83g-leaf-28.drv.drv","",1,1],"id":5459152541319209,"level":3,"parent":0,"text":"building '/tmp/obrador-shared-pins-linux/round-2-baseline/wide-round-1-jobs-8/store/s47fik2ncsmngvdxpbrh63hv9a9ih83g-leaf-28.drv.drv'","type":105}
@nix {"action":"result","fields":[30,48,8,0],"id":5459152541319170,"type":105}
@nix {"action":"result","fields":[0,0,0,0],"id":5459152541319171,"type":105}
@nix {"action":"result","fields":[101,0],"id":5459152541319169,"type":106}
@nix {"action":"result","fields":[100,0],"id":5459152541319169,"type":106}
@nix {"action":"result","fields":[31,49,7,0],"id":5459152541319170,"type":105}
@nix {"action":"result","fields":[0,0,0,0],"id":5459152541319171,"type":105}
@nix {"action":"result","fields":[101,0],"id":5459152541319169,"type":106}
@nix {"action":"result","fields":[100,0],"id":5459152541319169,"type":106}
@nix {"action":"stop","id":5459152541319203}
@nix {"action":"result","fields":[32,50,6,0],"id":5459152541319170,"type":105}
@nix {"action":"result","fields":[0,0,0,0],"id":5459152541319171,"type":105}
@nix {"action":"result","fields":[101,0],"id":5459152541319169,"type":106}
@nix {"action":"result","fields":[100,0],"id":5459152541319169,"type":106}
@nix {"action":"stop","id":5459152541319204}
@nix {"action":"result","fields":[33,51,5,0],"id":5459152541319170,"type":105}
@nix {"action":"result","fields":[0,0,0,0],"id":5459152541319171,"type":105}
@nix {"action":"result","fields":[101,0],"id":5459152541319169,"type":106}
@nix {"action":"result","fields":[100,0],"id":5459152541319169,"type":106}
@nix {"action":"stop","id":5459152541319205}
@nix {"action":"result","fields":[34,52,4,0],"id":5459152541319170,"type":105}
@nix {"action":"result","fields":[0,0,0,0],"id":5459152541319171,"type":105}
@nix {"action":"result","fields":[101,0],"id":5459152541319169,"type":106}
@nix {"action":"result","fields":[100,0],"id":5459152541319169,"type":106}
@nix {"action":"stop","id":5459152541319206}
@nix {"action":"result","fields":[35,53,3,0],"id":5459152541319170,"type":105}
@nix {"action":"result","fields":[0,0,0,0],"id":5459152541319171,"type":105}
@nix {"action":"result","fields":[101,0],"id":5459152541319169,"type":106}
@nix {"action":"result","fields":[100,0],"id":5459152541319169,"type":106}
@nix {"action":"stop","id":5459152541319207}
@nix {"action":"result","fields":[36,54,2,0],"id":5459152541319170,"type":105}
@nix {"action":"result","fields":[0,0,0,0],"id":5459152541319171,"type":105}
@nix {"action":"result","fields":[101,0],"id":5459152541319169,"type":106}
@nix {"action":"result","fields":[100,0],"id":5459152541319169,"type":106}
@nix {"action":"stop","id":5459152541319208}
@nix {"action":"result","fields":[37,55,1,0],"id":5459152541319170,"type":105}
@nix {"action":"result","fields":[0,0,0,0],"id":5459152541319171,"type":105}
@nix {"action":"result","fields":[101,0],"id":5459152541319169,"type":106}
@nix {"action":"result","fields":[100,0],"id":5459152541319169,"type":106}
@nix {"action":"stop","id":5459152541319202}
@nix {"action":"start","fields":["/tmp/obrador-shared-pins-linux/round-2-baseline/wide-round-1-jobs-8/store/ql2zg67iy0q29n9abysszhwy9fbykr72-leaf-16.drv.drv","",1,1],"id":5459152541319210,"level":3,"parent":0,"text":"building '/tmp/obrador-shared-pins-linux/round-2-baseline/wide-round-1-jobs-8/store/ql2zg67iy0q29n9abysszhwy9fbykr72-leaf-16.drv.drv'","type":105}
@nix {"action":"result","fields":[37,48,2,0],"id":5459152541319170,"type":105}
@nix {"action":"result","fields":[0,0,0,0],"id":5459152541319171,"type":105}
@nix {"action":"result","fields":[101,0],"id":5459152541319169,"type":106}
@nix {"action":"result","fields":[100,0],"id":5459152541319169,"type":106}
@nix {"action":"start","fields":["/tmp/obrador-shared-pins-linux/round-2-baseline/wide-round-1-jobs-8/store/2w8r5a62lcn6riqfnn9lmqv4vq8ah6g5-leaf-17.drv.drv","",1,1],"id":5459152541319211,"level":3,"parent":0,"text":"building '/tmp/obrador-shared-pins-linux/round-2-baseline/wide-round-1-jobs-8/store/2w8r5a62lcn6riqfnn9lmqv4vq8ah6g5-leaf-17.drv.drv'","type":105}
@nix {"action":"result","fields":[37,48,3,0],"id":5459152541319170,"type":105}
@nix {"action":"result","fields":[0,0,0,0],"id":5459152541319171,"type":105}
@nix {"action":"result","fields":[101,0],"id":5459152541319169,"type":106}
@nix {"action":"result","fields":[100,0],"id":5459152541319169,"type":106}
@nix {"action":"start","fields":["/tmp/obrador-shared-pins-linux/round-2-baseline/wide-round-1-jobs-8/store/wyw4awl07lx0x5z87hxj3x44rzlv1hlw-leaf-18.drv.drv","",1,1],"id":5459152541319212,"level":3,"parent":0,"text":"building '/tmp/obrador-shared-pins-linux/round-2-baseline/wide-round-1-jobs-8/store/wyw4awl07lx0x5z87hxj3x44rzlv1hlw-leaf-18.drv.drv'","type":105}
@nix {"action":"result","fields":[37,48,4,0],"id":5459152541319170,"type":105}
@nix {"action":"result","fields":[0,0,0,0],"id":5459152541319171,"type":105}
@nix {"action":"result","fields":[101,0],"id":5459152541319169,"type":106}
@nix {"action":"result","fields":[100,0],"id":5459152541319169,"type":106}
@nix {"action":"start","fields":["/tmp/obrador-shared-pins-linux/round-2-baseline/wide-round-1-jobs-8/store/ribngx1lkd0pci35bi3rscrsn1mb8p0h-leaf-22.drv.drv","",1,1],"id":5459152541319213,"level":3,"parent":0,"text":"building '/tmp/obrador-shared-pins-linux/round-2-baseline/wide-round-1-jobs-8/store/ribngx1lkd0pci35bi3rscrsn1mb8p0h-leaf-22.drv.drv'","type":105}
@nix {"action":"result","fields":[37,48,5,0],"id":5459152541319170,"type":105}
@nix {"action":"result","fields":[0,0,0,0],"id":5459152541319171,"type":105}
@nix {"action":"result","fields":[101,0],"id":5459152541319169,"type":106}
@nix {"action":"result","fields":[100,0],"id":5459152541319169,"type":106}
@nix {"action":"start","fields":["/tmp/obrador-shared-pins-linux/round-2-baseline/wide-round-1-jobs-8/store/8wb7lns2349za1w17h6jidvcmkiyfd7v-leaf-23.drv.drv","",1,1],"id":5459152541319214,"level":3,"parent":0,"text":"building '/tmp/obrador-shared-pins-linux/round-2-baseline/wide-round-1-jobs-8/store/8wb7lns2349za1w17h6jidvcmkiyfd7v-leaf-23.drv.drv'","type":105}
@nix {"action":"result","fields":[37,48,6,0],"id":5459152541319170,"type":105}
@nix {"action":"result","fields":[0,0,0,0],"id":5459152541319171,"type":105}
@nix {"action":"result","fields":[101,0],"id":5459152541319169,"type":106}
@nix {"action":"result","fields":[100,0],"id":5459152541319169,"type":106}
@nix {"action":"start","fields":["/tmp/obrador-shared-pins-linux/round-2-baseline/wide-round-1-jobs-8/store/9bvi5xd335mbqj2nvb48zlh4bnc2k1hb-leaf-24.drv.drv","",1,1],"id":5459152541319215,"level":3,"parent":0,"text":"building '/tmp/obrador-shared-pins-linux/round-2-baseline/wide-round-1-jobs-8/store/9bvi5xd335mbqj2nvb48zlh4bnc2k1hb-leaf-24.drv.drv'","type":105}
@nix {"action":"result","fields":[37,48,7,0],"id":5459152541319170,"type":105}
@nix {"action":"result","fields":[0,0,0,0],"id":5459152541319171,"type":105}
@nix {"action":"result","fields":[101,0],"id":5459152541319169,"type":106}
@nix {"action":"result","fields":[100,0],"id":5459152541319169,"type":106}
@nix {"action":"start","fields":["/tmp/obrador-shared-pins-linux/round-2-baseline/wide-round-1-jobs-8/store/lr5b8aqnzr3ypgbc000cw0zdx4hxkq3s-leaf-25.drv.drv","",1,1],"id":5459152541319216,"level":3,"parent":0,"text":"building '/tmp/obrador-shared-pins-linux/round-2-baseline/wide-round-1-jobs-8/store/lr5b8aqnzr3ypgbc000cw0zdx4hxkq3s-leaf-25.drv.drv'","type":105}
@nix {"action":"result","fields":[37,48,8,0],"id":5459152541319170,"type":105}
@nix {"action":"result","fields":[0,0,0,0],"id":5459152541319171,"type":105}
@nix {"action":"result","fields":[101,0],"id":5459152541319169,"type":106}
@nix {"action":"result","fields":[100,0],"id":5459152541319169,"type":106}
@nix {"action":"result","fields":[37,49,8,0],"id":5459152541319170,"type":105}
@nix {"action":"result","fields":[0,0,0,0],"id":5459152541319171,"type":105}
@nix {"action":"result","fields":[101,0],"id":5459152541319169,"type":106}
@nix {"action":"result","fields":[100,0],"id":5459152541319169,"type":106}
@nix {"action":"result","fields":[37,50,8,0],"id":5459152541319170,"type":105}
@nix {"action":"result","fields":[0,0,0,0],"id":5459152541319171,"type":105}
@nix {"action":"result","fields":[101,0],"id":5459152541319169,"type":106}
@nix {"action":"result","fields":[100,0],"id":5459152541319169,"type":106}
@nix {"action":"result","fields":[37,51,8,0],"id":5459152541319170,"type":105}
@nix {"action":"result","fields":[0,0,0,0],"id":5459152541319171,"type":105}
@nix {"action":"result","fields":[101,0],"id":5459152541319169,"type":106}
@nix {"action":"result","fields":[100,0],"id":5459152541319169,"type":106}
@nix {"action":"result","fields":[37,52,8,0],"id":5459152541319170,"type":105}
@nix {"action":"result","fields":[0,0,0,0],"id":5459152541319171,"type":105}
@nix {"action":"result","fields":[101,0],"id":5459152541319169,"type":106}
@nix {"action":"result","fields":[100,0],"id":5459152541319169,"type":106}
@nix {"action":"result","fields":[37,53,8,0],"id":5459152541319170,"type":105}
@nix {"action":"result","fields":[0,0,0,0],"id":5459152541319171,"type":105}
@nix {"action":"result","fields":[101,0],"id":5459152541319169,"type":106}
@nix {"action":"result","fields":[100,0],"id":5459152541319169,"type":106}
@nix {"action":"result","fields":[38,54,7,0],"id":5459152541319170,"type":105}
@nix {"action":"result","fields":[0,0,0,0],"id":5459152541319171,"type":105}
@nix {"action":"result","fields":[101,0],"id":5459152541319169,"type":106}
@nix {"action":"result","fields":[100,0],"id":5459152541319169,"type":106}
@nix {"action":"stop","id":5459152541319210}
@nix {"action":"result","fields":[39,55,6,0],"id":5459152541319170,"type":105}
@nix {"action":"result","fields":[0,0,0,0],"id":5459152541319171,"type":105}
@nix {"action":"result","fields":[101,0],"id":5459152541319169,"type":106}
@nix {"action":"result","fields":[100,0],"id":5459152541319169,"type":106}
@nix {"action":"stop","id":5459152541319211}
@nix {"action":"result","fields":[40,56,5,0],"id":5459152541319170,"type":105}
@nix {"action":"result","fields":[0,0,0,0],"id":5459152541319171,"type":105}
@nix {"action":"result","fields":[101,0],"id":5459152541319169,"type":106}
@nix {"action":"result","fields":[100,0],"id":5459152541319169,"type":106}
@nix {"action":"stop","id":5459152541319212}
@nix {"action":"result","fields":[41,57,4,0],"id":5459152541319170,"type":105}
@nix {"action":"result","fields":[0,0,0,0],"id":5459152541319171,"type":105}
@nix {"action":"result","fields":[101,0],"id":5459152541319169,"type":106}
@nix {"action":"result","fields":[100,0],"id":5459152541319169,"type":106}
@nix {"action":"stop","id":5459152541319213}
@nix {"action":"result","fields":[42,58,3,0],"id":5459152541319170,"type":105}
@nix {"action":"result","fields":[0,0,0,0],"id":5459152541319171,"type":105}
@nix {"action":"result","fields":[101,0],"id":5459152541319169,"type":106}
@nix {"action":"result","fields":[100,0],"id":5459152541319169,"type":106}
@nix {"action":"stop","id":5459152541319214}
@nix {"action":"result","fields":[43,59,2,0],"id":5459152541319170,"type":105}
@nix {"action":"result","fields":[0,0,0,0],"id":5459152541319171,"type":105}
@nix {"action":"result","fields":[101,0],"id":5459152541319169,"type":106}
@nix {"action":"result","fields":[100,0],"id":5459152541319169,"type":106}
@nix {"action":"stop","id":5459152541319215}
@nix {"action":"result","fields":[44,60,1,0],"id":5459152541319170,"type":105}
@nix {"action":"result","fields":[0,0,0,0],"id":5459152541319171,"type":105}
@nix {"action":"result","fields":[101,0],"id":5459152541319169,"type":106}
@nix {"action":"result","fields":[100,0],"id":5459152541319169,"type":106}
@nix {"action":"stop","id":5459152541319216}
@nix {"action":"result","fields":[45,61,0,0],"id":5459152541319170,"type":105}
@nix {"action":"result","fields":[0,0,0,0],"id":5459152541319171,"type":105}
@nix {"action":"result","fields":[101,0],"id":5459152541319169,"type":106}
@nix {"action":"result","fields":[100,0],"id":5459152541319169,"type":106}
@nix {"action":"stop","id":5459152541319209}
@nix {"action":"start","fields":["/tmp/obrador-shared-pins-linux/round-2-baseline/wide-round-1-jobs-8/store/qcl1afimz1065lc7rq06q151bn664qra-leaf-19.drv","",1,1],"id":5459152541319217,"level":3,"parent":0,"text":"building '/tmp/obrador-shared-pins-linux/round-2-baseline/wide-round-1-jobs-8/store/qcl1afimz1065lc7rq06q151bn664qra-leaf-19.drv'","type":105}
@nix {"action":"result","fields":[45,53,1,0],"id":5459152541319170,"type":105}
@nix {"action":"result","fields":[0,0,0,0],"id":5459152541319171,"type":105}
@nix {"action":"result","fields":[101,0],"id":5459152541319169,"type":106}
@nix {"action":"result","fields":[100,0],"id":5459152541319169,"type":106}
@nix {"action":"start","fields":["/tmp/obrador-shared-pins-linux/round-2-baseline/wide-round-1-jobs-8/store/dp5ljbihra65962y0zgb8nhcj715l1l9-leaf-2.drv","",1,1],"id":5459152541319218,"level":3,"parent":0,"text":"building '/tmp/obrador-shared-pins-linux/round-2-baseline/wide-round-1-jobs-8/store/dp5ljbihra65962y0zgb8nhcj715l1l9-leaf-2.drv'","type":105}
@nix {"action":"result","fields":[45,53,2,0],"id":5459152541319170,"type":105}
@nix {"action":"result","fields":[0,0,0,0],"id":5459152541319171,"type":105}
@nix {"action":"result","fields":[101,0],"id":5459152541319169,"type":106}
@nix {"action":"result","fields":[100,0],"id":5459152541319169,"type":106}
@nix {"action":"start","fields":["/tmp/obrador-shared-pins-linux/round-2-baseline/wide-round-1-jobs-8/store/ijkj654nyy1927b64pa0hpby7v9dr1nd-leaf-20.drv","",1,1],"id":5459152541319219,"level":3,"parent":0,"text":"building '/tmp/obrador-shared-pins-linux/round-2-baseline/wide-round-1-jobs-8/store/ijkj654nyy1927b64pa0hpby7v9dr1nd-leaf-20.drv'","type":105}
@nix {"action":"result","fields":[45,53,3,0],"id":5459152541319170,"type":105}
@nix {"action":"result","fields":[0,0,0,0],"id":5459152541319171,"type":105}
@nix {"action":"result","fields":[101,0],"id":5459152541319169,"type":106}
@nix {"action":"result","fields":[100,0],"id":5459152541319169,"type":106}
@nix {"action":"start","fields":["/tmp/obrador-shared-pins-linux/round-2-baseline/wide-round-1-jobs-8/store/xmfzp5mibm90pwxscxndkijq17qgvny5-leaf-26.drv","",1,1],"id":5459152541319220,"level":3,"parent":0,"text":"building '/tmp/obrador-shared-pins-linux/round-2-baseline/wide-round-1-jobs-8/store/xmfzp5mibm90pwxscxndkijq17qgvny5-leaf-26.drv'","type":105}
@nix {"action":"result","fields":[45,53,4,0],"id":5459152541319170,"type":105}
@nix {"action":"result","fields":[0,0,0,0],"id":5459152541319171,"type":105}
@nix {"action":"result","fields":[101,0],"id":5459152541319169,"type":106}
@nix {"action":"result","fields":[100,0],"id":5459152541319169,"type":106}
@nix {"action":"start","fields":["/tmp/obrador-shared-pins-linux/round-2-baseline/wide-round-1-jobs-8/store/53kv7ffms5phijczy61559m4m4nqr2iq-leaf-27.drv","",1,1],"id":5459152541319221,"level":3,"parent":0,"text":"building '/tmp/obrador-shared-pins-linux/round-2-baseline/wide-round-1-jobs-8/store/53kv7ffms5phijczy61559m4m4nqr2iq-leaf-27.drv'","type":105}
@nix {"action":"result","fields":[45,53,5,0],"id":5459152541319170,"type":105}
@nix {"action":"result","fields":[0,0,0,0],"id":5459152541319171,"type":105}
@nix {"action":"result","fields":[101,0],"id":5459152541319169,"type":106}
@nix {"action":"result","fields":[100,0],"id":5459152541319169,"type":106}
@nix {"action":"start","fields":["/tmp/obrador-shared-pins-linux/round-2-baseline/wide-round-1-jobs-8/store/xyj888yyyp61qjfhqbpsgzkwn0wmc8pb-leaf-29.drv.drv","",1,1],"id":5459152541319222,"level":3,"parent":0,"text":"building '/tmp/obrador-shared-pins-linux/round-2-baseline/wide-round-1-jobs-8/store/xyj888yyyp61qjfhqbpsgzkwn0wmc8pb-leaf-29.drv.drv'","type":105}
@nix {"action":"result","fields":[45,53,6,0],"id":5459152541319170,"type":105}
@nix {"action":"result","fields":[0,0,0,0],"id":5459152541319171,"type":105}
@nix {"action":"result","fields":[101,0],"id":5459152541319169,"type":106}
@nix {"action":"result","fields":[100,0],"id":5459152541319169,"type":106}
@nix {"action":"start","fields":["/tmp/obrador-shared-pins-linux/round-2-baseline/wide-round-1-jobs-8/store/rjw79d4prgpz6rr3cdpl98cdn1l1kgy1-leaf-3.drv.drv","",1,1],"id":5459152541319223,"level":3,"parent":0,"text":"building '/tmp/obrador-shared-pins-linux/round-2-baseline/wide-round-1-jobs-8/store/rjw79d4prgpz6rr3cdpl98cdn1l1kgy1-leaf-3.drv.drv'","type":105}
@nix {"action":"result","fields":[45,53,7,0],"id":5459152541319170,"type":105}
@nix {"action":"result","fields":[0,0,0,0],"id":5459152541319171,"type":105}
@nix {"action":"result","fields":[101,0],"id":5459152541319169,"type":106}
@nix {"action":"result","fields":[100,0],"id":5459152541319169,"type":106}
@nix {"action":"start","fields":["/tmp/obrador-shared-pins-linux/round-2-baseline/wide-round-1-jobs-8/store/m7kyi68pw3avqkapnfvf8gnmx5ckydfi-leaf-30.drv.drv","",1,1],"id":5459152541319224,"level":3,"parent":0,"text":"building '/tmp/obrador-shared-pins-linux/round-2-baseline/wide-round-1-jobs-8/store/m7kyi68pw3avqkapnfvf8gnmx5ckydfi-leaf-30.drv.drv'","type":105}
@nix {"action":"result","fields":[45,53,8,0],"id":5459152541319170,"type":105}
@nix {"action":"result","fields":[0,0,0,0],"id":5459152541319171,"type":105}
@nix {"action":"result","fields":[101,0],"id":5459152541319169,"type":106}
@nix {"action":"result","fields":[100,0],"id":5459152541319169,"type":106}
@nix {"action":"result","fields":[45,54,8,0],"id":5459152541319170,"type":105}
@nix {"action":"result","fields":[0,0,0,0],"id":5459152541319171,"type":105}
@nix {"action":"result","fields":[101,0],"id":5459152541319169,"type":106}
@nix {"action":"result","fields":[100,0],"id":5459152541319169,"type":106}
@nix {"action":"result","fields":[45,55,8,0],"id":5459152541319170,"type":105}
@nix {"action":"result","fields":[0,0,0,0],"id":5459152541319171,"type":105}
@nix {"action":"result","fields":[101,0],"id":5459152541319169,"type":106}
@nix {"action":"result","fields":[100,0],"id":5459152541319169,"type":106}
@nix {"action":"result","fields":[45,56,8,0],"id":5459152541319170,"type":105}
@nix {"action":"result","fields":[0,0,0,0],"id":5459152541319171,"type":105}
@nix {"action":"result","fields":[101,0],"id":5459152541319169,"type":106}
@nix {"action":"result","fields":[100,0],"id":5459152541319169,"type":106}
@nix {"action":"result","fields":[45,57,8,0],"id":5459152541319170,"type":105}
@nix {"action":"result","fields":[0,0,0,0],"id":5459152541319171,"type":105}
@nix {"action":"result","fields":[101,0],"id":5459152541319169,"type":106}
@nix {"action":"result","fields":[100,0],"id":5459152541319169,"type":106}
@nix {"action":"result","fields":[45,58,8,0],"id":5459152541319170,"type":105}
@nix {"action":"result","fields":[0,0,0,0],"id":5459152541319171,"type":105}
@nix {"action":"result","fields":[101,0],"id":5459152541319169,"type":106}
@nix {"action":"result","fields":[100,0],"id":5459152541319169,"type":106}
@nix {"action":"result","fields":[45,59,8,0],"id":5459152541319170,"type":105}
@nix {"action":"result","fields":[0,0,0,0],"id":5459152541319171,"type":105}
@nix {"action":"result","fields":[101,0],"id":5459152541319169,"type":106}
@nix {"action":"result","fields":[100,0],"id":5459152541319169,"type":106}
@nix {"action":"result","fields":[45,60,8,0],"id":5459152541319170,"type":105}
@nix {"action":"result","fields":[0,0,0,0],"id":5459152541319171,"type":105}
@nix {"action":"result","fields":[101,0],"id":5459152541319169,"type":106}
@nix {"action":"result","fields":[100,0],"id":5459152541319169,"type":106}
@nix {"action":"result","fields":[45,61,8,0],"id":5459152541319170,"type":105}
@nix {"action":"result","fields":[0,0,0,0],"id":5459152541319171,"type":105}
@nix {"action":"result","fields":[101,0],"id":5459152541319169,"type":106}
@nix {"action":"result","fields":[100,0],"id":5459152541319169,"type":106}
@nix {"action":"result","fields":[46,62,7,0],"id":5459152541319170,"type":105}
@nix {"action":"result","fields":[0,0,0,0],"id":5459152541319171,"type":105}
@nix {"action":"result","fields":[101,0],"id":5459152541319169,"type":106}
@nix {"action":"result","fields":[100,0],"id":5459152541319169,"type":106}
@nix {"action":"stop","id":5459152541319217}
@nix {"action":"result","fields":[47,63,6,0],"id":5459152541319170,"type":105}
@nix {"action":"result","fields":[0,0,0,0],"id":5459152541319171,"type":105}
@nix {"action":"result","fields":[101,0],"id":5459152541319169,"type":106}
@nix {"action":"result","fields":[100,0],"id":5459152541319169,"type":106}
@nix {"action":"stop","id":5459152541319218}
@nix {"action":"result","fields":[48,64,5,0],"id":5459152541319170,"type":105}
@nix {"action":"result","fields":[0,0,0,0],"id":5459152541319171,"type":105}
@nix {"action":"result","fields":[101,0],"id":5459152541319169,"type":106}
@nix {"action":"result","fields":[100,0],"id":5459152541319169,"type":106}
@nix {"action":"stop","id":5459152541319219}
@nix {"action":"result","fields":[49,65,4,0],"id":5459152541319170,"type":105}
@nix {"action":"result","fields":[0,0,0,0],"id":5459152541319171,"type":105}
@nix {"action":"result","fields":[101,0],"id":5459152541319169,"type":106}
@nix {"action":"result","fields":[100,0],"id":5459152541319169,"type":106}
@nix {"action":"stop","id":5459152541319220}
@nix {"action":"result","fields":[50,66,3,0],"id":5459152541319170,"type":105}
@nix {"action":"result","fields":[0,0,0,0],"id":5459152541319171,"type":105}
@nix {"action":"result","fields":[101,0],"id":5459152541319169,"type":106}
@nix {"action":"result","fields":[100,0],"id":5459152541319169,"type":106}
@nix {"action":"stop","id":5459152541319221}
@nix {"action":"result","fields":[51,67,2,0],"id":5459152541319170,"type":105}
@nix {"action":"result","fields":[0,0,0,0],"id":5459152541319171,"type":105}
@nix {"action":"result","fields":[101,0],"id":5459152541319169,"type":106}
@nix {"action":"result","fields":[100,0],"id":5459152541319169,"type":106}
@nix {"action":"stop","id":5459152541319222}
@nix {"action":"result","fields":[52,68,1,0],"id":5459152541319170,"type":105}
@nix {"action":"result","fields":[0,0,0,0],"id":5459152541319171,"type":105}
@nix {"action":"result","fields":[101,0],"id":5459152541319169,"type":106}
@nix {"action":"result","fields":[100,0],"id":5459152541319169,"type":106}
@nix {"action":"stop","id":5459152541319223}
@nix {"action":"result","fields":[53,69,0,0],"id":5459152541319170,"type":105}
@nix {"action":"result","fields":[0,0,0,0],"id":5459152541319171,"type":105}
@nix {"action":"result","fields":[101,0],"id":5459152541319169,"type":106}
@nix {"action":"result","fields":[100,0],"id":5459152541319169,"type":106}
@nix {"action":"stop","id":5459152541319224}
@nix {"action":"start","fields":["/tmp/obrador-shared-pins-linux/round-2-baseline/wide-round-1-jobs-8/store/lkb7rhy28kn72inrsr78dicyy9bd44px-leaf-16.drv","",1,1],"id":5459152541319225,"level":3,"parent":0,"text":"building '/tmp/obrador-shared-pins-linux/round-2-baseline/wide-round-1-jobs-8/store/lkb7rhy28kn72inrsr78dicyy9bd44px-leaf-16.drv'","type":105}
@nix {"action":"result","fields":[53,61,1,0],"id":5459152541319170,"type":105}
@nix {"action":"result","fields":[0,0,0,0],"id":5459152541319171,"type":105}
@nix {"action":"result","fields":[101,0],"id":5459152541319169,"type":106}
@nix {"action":"result","fields":[100,0],"id":5459152541319169,"type":106}
@nix {"action":"start","fields":["/tmp/obrador-shared-pins-linux/round-2-baseline/wide-round-1-jobs-8/store/zh94qnz68qkj74w5v8nva1laq8bz7af9-leaf-17.drv","",1,1],"id":5459152541319226,"level":3,"parent":0,"text":"building '/tmp/obrador-shared-pins-linux/round-2-baseline/wide-round-1-jobs-8/store/zh94qnz68qkj74w5v8nva1laq8bz7af9-leaf-17.drv'","type":105}
@nix {"action":"result","fields":[53,61,2,0],"id":5459152541319170,"type":105}
@nix {"action":"result","fields":[0,0,0,0],"id":5459152541319171,"type":105}
@nix {"action":"result","fields":[101,0],"id":5459152541319169,"type":106}
@nix {"action":"result","fields":[100,0],"id":5459152541319169,"type":106}
@nix {"action":"start","fields":["/tmp/obrador-shared-pins-linux/round-2-baseline/wide-round-1-jobs-8/store/jwjnhf17pgsqd9x1ri7ma69mpx184p39-leaf-18.drv","",1,1],"id":5459152541319227,"level":3,"parent":0,"text":"building '/tmp/obrador-shared-pins-linux/round-2-baseline/wide-round-1-jobs-8/store/jwjnhf17pgsqd9x1ri7ma69mpx184p39-leaf-18.drv'","type":105}
@nix {"action":"result","fields":[53,61,3,0],"id":5459152541319170,"type":105}
@nix {"action":"result","fields":[0,0,0,0],"id":5459152541319171,"type":105}
@nix {"action":"result","fields":[101,0],"id":5459152541319169,"type":106}
@nix {"action":"result","fields":[100,0],"id":5459152541319169,"type":106}
@nix {"action":"start","fields":["/tmp/obrador-shared-pins-linux/round-2-baseline/wide-round-1-jobs-8/store/799inr5h6lmvl1rrad7ph3sy7l3y2r1k-leaf-22.drv","",1,1],"id":5459152541319228,"level":3,"parent":0,"text":"building '/tmp/obrador-shared-pins-linux/round-2-baseline/wide-round-1-jobs-8/store/799inr5h6lmvl1rrad7ph3sy7l3y2r1k-leaf-22.drv'","type":105}
@nix {"action":"result","fields":[53,61,4,0],"id":5459152541319170,"type":105}
@nix {"action":"result","fields":[0,0,0,0],"id":5459152541319171,"type":105}
@nix {"action":"result","fields":[101,0],"id":5459152541319169,"type":106}
@nix {"action":"result","fields":[100,0],"id":5459152541319169,"type":106}
@nix {"action":"start","fields":["/tmp/obrador-shared-pins-linux/round-2-baseline/wide-round-1-jobs-8/store/072h4glk72pn6wgmzhv1in18yhlar947-leaf-23.drv","",1,1],"id":5459152541319229,"level":3,"parent":0,"text":"building '/tmp/obrador-shared-pins-linux/round-2-baseline/wide-round-1-jobs-8/store/072h4glk72pn6wgmzhv1in18yhlar947-leaf-23.drv'","type":105}
@nix {"action":"result","fields":[53,61,5,0],"id":5459152541319170,"type":105}
@nix {"action":"result","fields":[0,0,0,0],"id":5459152541319171,"type":105}
@nix {"action":"result","fields":[101,0],"id":5459152541319169,"type":106}
@nix {"action":"result","fields":[100,0],"id":5459152541319169,"type":106}
@nix {"action":"start","fields":["/tmp/obrador-shared-pins-linux/round-2-baseline/wide-round-1-jobs-8/store/mvg0yanfykbjy1la3zvr1bskdajhnvag-leaf-24.drv","",1,1],"id":5459152541319230,"level":3,"parent":0,"text":"building '/tmp/obrador-shared-pins-linux/round-2-baseline/wide-round-1-jobs-8/store/mvg0yanfykbjy1la3zvr1bskdajhnvag-leaf-24.drv'","type":105}
@nix {"action":"result","fields":[53,61,6,0],"id":5459152541319170,"type":105}
@nix {"action":"result","fields":[0,0,0,0],"id":5459152541319171,"type":105}
@nix {"action":"result","fields":[101,0],"id":5459152541319169,"type":106}
@nix {"action":"result","fields":[100,0],"id":5459152541319169,"type":106}
@nix {"action":"start","fields":["/tmp/obrador-shared-pins-linux/round-2-baseline/wide-round-1-jobs-8/store/2k66xkfxfcaajdf7bzywydkcp73r4gqf-leaf-25.drv","",1,1],"id":5459152541319231,"level":3,"parent":0,"text":"building '/tmp/obrador-shared-pins-linux/round-2-baseline/wide-round-1-jobs-8/store/2k66xkfxfcaajdf7bzywydkcp73r4gqf-leaf-25.drv'","type":105}
@nix {"action":"result","fields":[53,61,7,0],"id":5459152541319170,"type":105}
@nix {"action":"result","fields":[0,0,0,0],"id":5459152541319171,"type":105}
@nix {"action":"result","fields":[101,0],"id":5459152541319169,"type":106}
@nix {"action":"result","fields":[100,0],"id":5459152541319169,"type":106}
@nix {"action":"start","fields":["/tmp/obrador-shared-pins-linux/round-2-baseline/wide-round-1-jobs-8/store/hdrcmdlgb0211qnshdic5cga5yr4sr5b-leaf-28.drv","",1,1],"id":5459152541319232,"level":3,"parent":0,"text":"building '/tmp/obrador-shared-pins-linux/round-2-baseline/wide-round-1-jobs-8/store/hdrcmdlgb0211qnshdic5cga5yr4sr5b-leaf-28.drv'","type":105}
@nix {"action":"result","fields":[53,61,8,0],"id":5459152541319170,"type":105}
@nix {"action":"result","fields":[0,0,0,0],"id":5459152541319171,"type":105}
@nix {"action":"result","fields":[101,0],"id":5459152541319169,"type":106}
@nix {"action":"result","fields":[100,0],"id":5459152541319169,"type":106}
@nix {"action":"result","fields":[53,62,8,0],"id":5459152541319170,"type":105}
@nix {"action":"result","fields":[0,0,0,0],"id":5459152541319171,"type":105}
@nix {"action":"result","fields":[101,0],"id":5459152541319169,"type":106}
@nix {"action":"result","fields":[100,0],"id":5459152541319169,"type":106}
@nix {"action":"result","fields":[53,63,8,0],"id":5459152541319170,"type":105}
@nix {"action":"result","fields":[0,0,0,0],"id":5459152541319171,"type":105}
@nix {"action":"result","fields":[101,0],"id":5459152541319169,"type":106}
@nix {"action":"result","fields":[100,0],"id":5459152541319169,"type":106}
@nix {"action":"result","fields":[53,64,8,0],"id":5459152541319170,"type":105}
@nix {"action":"result","fields":[0,0,0,0],"id":5459152541319171,"type":105}
@nix {"action":"result","fields":[101,0],"id":5459152541319169,"type":106}
@nix {"action":"result","fields":[100,0],"id":5459152541319169,"type":106}
@nix {"action":"result","fields":[54,65,7,0],"id":5459152541319170,"type":105}
@nix {"action":"result","fields":[0,0,0,0],"id":5459152541319171,"type":105}
@nix {"action":"result","fields":[101,0],"id":5459152541319169,"type":106}
@nix {"action":"result","fields":[100,0],"id":5459152541319169,"type":106}
@nix {"action":"stop","id":5459152541319225}
@nix {"action":"result","fields":[55,66,6,0],"id":5459152541319170,"type":105}
@nix {"action":"result","fields":[0,0,0,0],"id":5459152541319171,"type":105}
@nix {"action":"result","fields":[101,0],"id":5459152541319169,"type":106}
@nix {"action":"result","fields":[100,0],"id":5459152541319169,"type":106}
@nix {"action":"stop","id":5459152541319226}
@nix {"action":"result","fields":[56,67,5,0],"id":5459152541319170,"type":105}
@nix {"action":"result","fields":[0,0,0,0],"id":5459152541319171,"type":105}
@nix {"action":"result","fields":[101,0],"id":5459152541319169,"type":106}
@nix {"action":"result","fields":[100,0],"id":5459152541319169,"type":106}
@nix {"action":"stop","id":5459152541319227}
@nix {"action":"result","fields":[57,68,4,0],"id":5459152541319170,"type":105}
@nix {"action":"result","fields":[0,0,0,0],"id":5459152541319171,"type":105}
@nix {"action":"result","fields":[101,0],"id":5459152541319169,"type":106}
@nix {"action":"result","fields":[100,0],"id":5459152541319169,"type":106}
@nix {"action":"stop","id":5459152541319228}
@nix {"action":"result","fields":[58,69,3,0],"id":5459152541319170,"type":105}
@nix {"action":"result","fields":[0,0,0,0],"id":5459152541319171,"type":105}
@nix {"action":"result","fields":[101,0],"id":5459152541319169,"type":106}
@nix {"action":"result","fields":[100,0],"id":5459152541319169,"type":106}
@nix {"action":"stop","id":5459152541319229}
@nix {"action":"result","fields":[59,70,2,0],"id":5459152541319170,"type":105}
@nix {"action":"result","fields":[0,0,0,0],"id":5459152541319171,"type":105}
@nix {"action":"result","fields":[101,0],"id":5459152541319169,"type":106}
@nix {"action":"result","fields":[100,0],"id":5459152541319169,"type":106}
@nix {"action":"stop","id":5459152541319230}
@nix {"action":"result","fields":[60,71,1,0],"id":5459152541319170,"type":105}
@nix {"action":"result","fields":[0,0,0,0],"id":5459152541319171,"type":105}
@nix {"action":"result","fields":[101,0],"id":5459152541319169,"type":106}
@nix {"action":"result","fields":[100,0],"id":5459152541319169,"type":106}
@nix {"action":"stop","id":5459152541319231}
@nix {"action":"result","fields":[61,72,0,0],"id":5459152541319170,"type":105}
@nix {"action":"result","fields":[0,0,0,0],"id":5459152541319171,"type":105}
@nix {"action":"result","fields":[101,0],"id":5459152541319169,"type":106}
@nix {"action":"result","fields":[100,0],"id":5459152541319169,"type":106}
@nix {"action":"stop","id":5459152541319232}
@nix {"action":"start","fields":["/tmp/obrador-shared-pins-linux/round-2-baseline/wide-round-1-jobs-8/store/y4z8wrfbs580i784q2zjg2knjdaljq35-leaf-29.drv","",1,1],"id":5459152541319233,"level":3,"parent":0,"text":"building '/tmp/obrador-shared-pins-linux/round-2-baseline/wide-round-1-jobs-8/store/y4z8wrfbs580i784q2zjg2knjdaljq35-leaf-29.drv'","type":105}
@nix {"action":"result","fields":[61,64,1,0],"id":5459152541319170,"type":105}
@nix {"action":"result","fields":[0,0,0,0],"id":5459152541319171,"type":105}
@nix {"action":"result","fields":[101,0],"id":5459152541319169,"type":106}
@nix {"action":"result","fields":[100,0],"id":5459152541319169,"type":106}
@nix {"action":"start","fields":["/tmp/obrador-shared-pins-linux/round-2-baseline/wide-round-1-jobs-8/store/6rmahfablmcr3a89p2hplylfcd60ygz9-leaf-3.drv","",1,1],"id":5459152541319234,"level":3,"parent":0,"text":"building '/tmp/obrador-shared-pins-linux/round-2-baseline/wide-round-1-jobs-8/store/6rmahfablmcr3a89p2hplylfcd60ygz9-leaf-3.drv'","type":105}
@nix {"action":"result","fields":[61,64,2,0],"id":5459152541319170,"type":105}
@nix {"action":"result","fields":[0,0,0,0],"id":5459152541319171,"type":105}
@nix {"action":"result","fields":[101,0],"id":5459152541319169,"type":106}
@nix {"action":"result","fields":[100,0],"id":5459152541319169,"type":106}
@nix {"action":"start","fields":["/tmp/obrador-shared-pins-linux/round-2-baseline/wide-round-1-jobs-8/store/6dgaywrwavz8k38s49a9ljjgxrpq7na8-leaf-30.drv","",1,1],"id":5459152541319235,"level":3,"parent":0,"text":"building '/tmp/obrador-shared-pins-linux/round-2-baseline/wide-round-1-jobs-8/store/6dgaywrwavz8k38s49a9ljjgxrpq7na8-leaf-30.drv'","type":105}
@nix {"action":"result","fields":[61,64,3,0],"id":5459152541319170,"type":105}
@nix {"action":"result","fields":[0,0,0,0],"id":5459152541319171,"type":105}
@nix {"action":"result","fields":[101,0],"id":5459152541319169,"type":106}
@nix {"action":"result","fields":[100,0],"id":5459152541319169,"type":106}
@nix {"action":"result","fields":[62,65,2,0],"id":5459152541319170,"type":105}
@nix {"action":"result","fields":[0,0,0,0],"id":5459152541319171,"type":105}
@nix {"action":"result","fields":[101,0],"id":5459152541319169,"type":106}
@nix {"action":"result","fields":[100,0],"id":5459152541319169,"type":106}
@nix {"action":"stop","id":5459152541319233}
@nix {"action":"result","fields":[63,66,1,0],"id":5459152541319170,"type":105}
@nix {"action":"result","fields":[0,0,0,0],"id":5459152541319171,"type":105}
@nix {"action":"result","fields":[101,0],"id":5459152541319169,"type":106}
@nix {"action":"result","fields":[100,0],"id":5459152541319169,"type":106}
@nix {"action":"stop","id":5459152541319234}
@nix {"action":"result","fields":[64,65,0,0],"id":5459152541319170,"type":105}
@nix {"action":"result","fields":[0,0,0,0],"id":5459152541319171,"type":105}
@nix {"action":"result","fields":[101,0],"id":5459152541319169,"type":106}
@nix {"action":"result","fields":[100,0],"id":5459152541319169,"type":106}
@nix {"action":"stop","id":5459152541319235}
@nix {"action":"stop","id":5459152541319171}
@nix {"action":"stop","id":5459152541319170}
@nix {"action":"stop","id":5459152541319169}
