@nix {"action":"start","id":235462992068608,"level":6,"parent":0,"text":"querying info about missing paths","type":0}
@nix {"action":"msg","level":1,"msg":"\u001b[35;1mwarning:\u001b[0m Ignoring dynamic derivation /Users/hetzner/obrador-shared-pins-20260909/round-1-after/chain-round-1-jobs-8/store/2hri67r307mbg9liqz6nfmah4sdcjbh9-leaf-31.drv.drv^out while querying missing paths; not yet implemented"}
@nix {"action":"stop","id":235462992068608}
@nix {"action":"start","id":235462992068609,"level":0,"parent":0,"text":"","type":102}
@nix {"action":"start","id":235462992068610,"level":0,"parent":0,"text":"","type":104}
@nix {"action":"start","id":235462992068611,"level":0,"parent":0,"text":"","type":103}
@nix {"action":"result","fields":[0,0,0,0],"id":235462992068610,"type":105}
@nix {"action":"result","fields":[0,0,0,0],"id":235462992068611,"type":105}
@nix {"action":"result","fields":[101,0],"id":235462992068609,"type":106}
@nix {"action":"result","fields":[100,0],"id":235462992068609,"type":106}
@nix {"action":"result","fields":[0,0,0,0],"id":235462992068610,"type":105}
@nix {"action":"result","fields":[0,0,0,0],"id":235462992068611,"type":105}
@nix {"action":"result","fields":[101,0],"id":235462992068609,"type":106}
@nix {"action":"result","fields":[100,0],"id":235462992068609,"type":106}
@nix {"action":"result","fields":[0,1,0,0],"id":235462992068610,"type":105}
@nix {"action":"result","fields":[0,0,0,0],"id":235462992068611,"type":105}
@nix {"action":"result","fields":[101,0],"id":235462992068609,"type":106}
@nix {"action":"result","fields":[100,0],"id":235462992068609,"type":106}
@nix {"action":"result","fields":[0,1,0,0],"id":235462992068610,"type":105}
@nix {"action":"result","fields":[0,0,0,0],"id":235462992068611,"type":105}
@nix {"action":"result","fields":[101,0],"id":235462992068609,"type":106}
@nix {"action":"result","fields":[100,0],"id":235462992068609,"type":106}
@nix {"action":"result","fields":[0,1,0,0],"id":235462992068610,"type":105}
@nix {"action":"result","fields":[0,0,0,0],"id":235462992068611,"type":105}
@nix {"action":"result","fields":[101,0],"id":235462992068609,"type":106}
@nix {"action":"result","fields":[100,0],"id":235462992068609,"type":106}
@nix {"action":"result","fields":[0,2,0,0],"id":235462992068610,"type":105}
@nix {"action":"result","fields":[0,0,0,0],"id":235462992068611,"type":105}
@nix {"action":"result","fields":[101,0],"id":235462992068609,"type":106}
@nix {"action":"result","fields":[100,0],"id":235462992068609,"type":106}
@nix {"action":"result","fields":[0,2,0,0],"id":235462992068610,"type":105}
@nix {"action":"result","fields":[0,0,0,0],"id":235462992068611,"type":105}
@nix {"action":"result","fields":[101,0],"id":235462992068609,"type":106}
@nix {"action":"result","fields":[100,0],"id":235462992068609,"type":106}
@nix {"action":"result","fields":[0,2,0,0],"id":235462992068610,"type":105}
@nix {"action":"result","fields":[0,0,0,0],"id":235462992068611,"type":105}
@nix {"action":"result","fields":[101,0],"id":235462992068609,"type":106}
@nix {"action":"result","fields":[100,0],"id":235462992068609,"type":106}
@nix {"action":"result","fields":[0,3,0,0],"id":235462992068610,"type":105}
@nix {"action":"result","fields":[0,0,0,0],"id":235462992068611,"type":105}
@nix {"action":"result","fields":[101,0],"id":235462992068609,"type":106}
@nix {"action":"result","fields":[100,0],"id":235462992068609,"type":106}
@nix {"action":"result","fields":[0,3,0,0],"id":235462992068610,"type":105}
@nix {"action":"result","fields":[0,0,0,0],"id":235462992068611,"type":105}
@nix {"action":"result","fields":[101,0],"id":235462992068609,"type":106}
@nix {"action":"result","fields":[100,0],"id":235462992068609,"type":106}
@nix {"action":"result","fields":[0,3,0,0],"id":235462992068610,"type":105}
@nix {"action":"result","fields":[0,0,0,0],"id":235462992068611,"type":105}
@nix {"action":"result","fields":[101,0],"id":235462992068609,"type":106}
@nix {"action":"result","fields":[100,0],"id":235462992068609,"type":106}
@nix {"action":"result","fields":[0,4,0,0],"id":235462992068610,"type":105}
@nix {"action":"result","fields":[0,0,0,0],"id":235462992068611,"type":105}
@nix {"action":"result","fields":[101,0],"id":235462992068609,"type":106}
@nix {"action":"result","fields":[100,0],"id":235462992068609,"type":106}
@nix {"action":"result","fields":[0,4,0,0],"id":235462992068610,"type":105}
@nix {"action":"result","fields":[0,0,0,0],"id":235462992068611,"type":105}
@nix {"action":"result","fields":[101,0],"id":235462992068609,"type":106}
@nix {"action":"result","fields":[100,0],"id":235462992068609,"type":106}
@nix {"action":"result","fields":[0,4,0,0],"id":235462992068610,"type":105}
@nix {"action":"result","fields":[0,0,0,0],"id":235462992068611,"type":105}
@nix {"action":"result","fields":[101,0],"id":235462992068609,"type":106}
@nix {"action":"result","fields":[100,0],"id":235462992068609,"type":106}
@nix {"action":"result","fields":[0,5,0,0],"id":235462992068610,"type":105}
@nix {"action":"result","fields":[0,0,0,0],"id":235462992068611,"type":105}
@nix {"action":"result","fields":[101,0],"id":235462992068609,"type":106}
@nix {"action":"result","fields":[100,0],"id":235462992068609,"type":106}
@nix {"action":"result","fields":[0,5,0,0],"id":235462992068610,"type":105}
@nix {"action":"result","fields":[0,0,0,0],"id":235462992068611,"type":105}
@nix {"action":"result","fields":[101,0],"id":235462992068609,"type":106}
@nix {"action":"result","fields":[100,0],"id":235462992068609,"type":106}
@nix {"action":"result","fields":[0,5,0,0],"id":235462992068610,"type":105}
@nix {"action":"result","fields":[0,0,0,0],"id":235462992068611,"type":105}
@nix {"action":"result","fields":[101,0],"id":235462992068609,"type":106}
@nix {"action":"result","fields":[100,0],"id":235462992068609,"type":106}
@nix {"action":"result","fields":[0,6,0,0],"id":235462992068610,"type":105}
@nix {"action":"result","fields":[0,0,0,0],"id":235462992068611,"type":105}
@nix {"action":"result","fields":[101,0],"id":235462992068609,"type":106}
@nix {"action":"result","fields":[100,0],"id":235462992068609,"type":106}
@nix {"action":"result","fields":[0,6,0,0],"id":235462992068610,"type":105}
@nix {"action":"result","fields":[0,0,0,0],"id":235462992068611,"type":105}
@nix {"action":"result","fields":[101,0],"id":235462992068609,"type":106}
@nix {"action":"result","fields":[100,0],"id":235462992068609,"type":106}
@nix {"action":"result","fields":[0,6,0,0],"id":235462992068610,"type":105}
@nix {"action":"result","fields":[0,0,0,0],"id":235462992068611,"type":105}
@nix {"action":"result","fields":[101,0],"id":235462992068609,"type":106}
@nix {"action":"result","fields":[100,0],"id":235462992068609,"type":106}
@nix {"action":"result","fields":[0,7,0,0],"id":235462992068610,"type":105}
@nix {"action":"result","fields":[0,0,0,0],"id":235462992068611,"type":105}
@nix {"action":"result","fields":[101,0],"id":235462992068609,"type":106}
@nix {"action":"result","fields":[100,0],"id":235462992068609,"type":106}
@nix {"action":"result","fields":[0,7,0,0],"id":235462992068610,"type":105}
@nix {"action":"result","fields":[0,0,0,0],"id":235462992068611,"type":105}
@nix {"action":"result","fields":[101,0],"id":235462992068609,"type":106}
@nix {"action":"result","fields":[100,0],"id":235462992068609,"type":106}
@nix {"action":"result","fields":[0,7,0,0],"id":235462992068610,"type":105}
@nix {"action":"result","fields":[0,0,0,0],"id":235462992068611,"type":105}
@nix {"action":"result","fields":[101,0],"id":235462992068609,"type":106}
@nix {"action":"result","fields":[100,0],"id":235462992068609,"type":106}
@nix {"action":"result","fields":[0,8,0,0],"id":235462992068610,"type":105}
@nix {"action":"result","fields":[0,0,0,0],"id":235462992068611,"type":105}
@nix {"action":"result","fields":[101,0],"id":235462992068609,"type":106}
@nix {"action":"result","fields":[100,0],"id":235462992068609,"type":106}
@nix {"action":"result","fields":[0,8,0,0],"id":235462992068610,"type":105}
@nix {"action":"result","fields":[0,0,0,0],"id":235462992068611,"type":105}
@nix {"action":"result","fields":[101,0],"id":235462992068609,"type":106}
@nix {"action":"result","fields":[100,0],"id":235462992068609,"type":106}
@nix {"action":"result","fields":[0,8,0,0],"id":235462992068610,"type":105}
@nix {"action":"result","fields":[0,0,0,0],"id":235462992068611,"type":105}
@nix {"action":"result","fields":[101,0],"id":235462992068609,"type":106}
@nix {"action":"result","fields":[100,0],"id":235462992068609,"type":106}
@nix {"action":"result","fields":[0,9,0,0],"id":235462992068610,"type":105}
@nix {"action":"result","fields":[0,0,0,0],"id":235462992068611,"type":105}
@nix {"action":"result","fields":[101,0],"id":235462992068609,"type":106}
@nix {"action":"result","fields":[100,0],"id":235462992068609,"type":106}
@nix {"action":"result","fields":[0,9,0,0],"id":235462992068610,"type":105}
@nix {"action":"result","fields":[0,0,0,0],"id":235462992068611,"type":105}
@nix {"action":"result","fields":[101,0],"id":235462992068609,"type":106}
@nix {"action":"result","fields":[100,0],"id":235462992068609,"type":106}
@nix {"action":"result","fields":[0,9,0,0],"id":235462992068610,"type":105}
@nix {"action":"result","fields":[0,0,0,0],"id":235462992068611,"type":105}
@nix {"action":"result","fields":[101,0],"id":235462992068609,"type":106}
@nix {"action":"result","fields":[100,0],"id":235462992068609,"type":106}
@nix {"action":"result","fields":[0,10,0,0],"id":235462992068610,"type":105}
@nix {"action":"result","fields":[0,0,0,0],"id":235462992068611,"type":105}
@nix {"action":"result","fields":[101,0],"id":235462992068609,"type":106}
@nix {"action":"result","fields":[100,0],"id":235462992068609,"type":106}
@nix {"action":"result","fields":[0,10,0,0],"id":235462992068610,"type":105}
@nix {"action":"result","fields":[0,0,0,0],"id":235462992068611,"type":105}
@nix {"action":"result","fields":[101,0],"id":235462992068609,"type":106}
@nix {"action":"result","fields":[100,0],"id":235462992068609,"type":106}
@nix {"action":"result","fields":[0,10,0,0],"id":235462992068610,"type":105}
@nix {"action":"result","fields":[0,0,0,0],"id":235462992068611,"type":105}
@nix {"action":"result","fields":[101,0],"id":235462992068609,"type":106}
@nix {"action":"result","fields":[100,0],"id":235462992068609,"type":106}
@nix {"action":"result","fields":[0,11,0,0],"id":235462992068610,"type":105}
@nix {"action":"result","fields":[0,0,0,0],"id":235462992068611,"type":105}
@nix {"action":"result","fields":[101,0],"id":235462992068609,"type":106}
@nix {"action":"result","fields":[100,0],"id":235462992068609,"type":106}
@nix {"action":"result","fields":[0,11,0,0],"id":235462992068610,"type":105}
@nix {"action":"result","fields":[0,0,0,0],"id":235462992068611,"type":105}
@nix {"action":"result","fields":[101,0],"id":235462992068609,"type":106}
@nix {"action":"result","fields":[100,0],"id":235462992068609,"type":106}
@nix {"action":"result","fields":[0,11,0,0],"id":235462992068610,"type":105}
@nix {"action":"result","fields":[0,0,0,0],"id":235462992068611,"type":105}
@nix {"action":"result","fields":[101,0],"id":235462992068609,"type":106}
@nix {"action":"result","fields":[100,0],"id":235462992068609,"type":106}
@nix {"action":"result","fields":[0,12,0,0],"id":235462992068610,"type":105}
@nix {"action":"result","fields":[0,0,0,0],"id":235462992068611,"type":105}
@nix {"action":"result","fields":[101,0],"id":235462992068609,"type":106}
@nix {"action":"result","fields":[100,0],"id":235462992068609,"type":106}
@nix {"action":"result","fields":[0,12,0,0],"id":235462992068610,"type":105}
@nix {"action":"result","fields":[0,0,0,0],"id":235462992068611,"type":105}
@nix {"action":"result","fields":[101,0],"id":235462992068609,"type":106}
@nix {"action":"result","fields":[100,0],"id":235462992068609,"type":106}
@nix {"action":"result","fields":[0,12,0,0],"id":235462992068610,"type":105}
@nix {"action":"result","fields":[0,0,0,0],"id":235462992068611,"type":105}
@nix {"action":"result","fields":[101,0],"id":235462992068609,"type":106}
@nix {"action":"result","fields":[100,0],"id":235462992068609,"type":106}
@nix {"action":"result","fields":[0,13,0,0],"id":235462992068610,"type":105}
@nix {"action":"result","fields":[0,0,0,0],"id":235462992068611,"type":105}
@nix {"action":"result","fields":[101,0],"id":235462992068609,"type":106}
@nix {"action":"result","fields":[100,0],"id":235462992068609,"type":106}
@nix {"action":"result","fields":[0,13,0,0],"id":235462992068610,"type":105}
@nix {"action":"result","fields":[0,0,0,0],"id":235462992068611,"type":105}
@nix {"action":"result","fields":[101,0],"id":235462992068609,"type":106}
@nix {"action":"result","fields":[100,0],"id":235462992068609,"type":106}
@nix {"action":"result","fields":[0,13,0,0],"id":235462992068610,"type":105}
@nix {"action":"result","fields":[0,0,0,0],"id":235462992068611,"type":105}
@nix {"action":"result","fields":[101,0],"id":235462992068609,"type":106}
@nix {"action":"result","fields":[100,0],"id":235462992068609,"type":106}
@nix {"action":"result","fields":[0,14,0,0],"id":235462992068610,"type":105}
@nix {"action":"result","fields":[0,0,0,0],"id":235462992068611,"type":105}
@nix {"action":"result","fields":[101,0],"id":235462992068609,"type":106}
@nix {"action":"result","fields":[100,0],"id":235462992068609,"type":106}
@nix {"action":"result","fields":[0,14,0,0],"id":235462992068610,"type":105}
@nix {"action":"result","fields":[0,0,0,0],"id":235462992068611,"type":105}
@nix {"action":"result","fields":[101,0],"id":235462992068609,"type":106}
@nix {"action":"result","fields":[100,0],"id":235462992068609,"type":106}
@nix {"action":"result","fields":[0,14,0,0],"id":235462992068610,"type":105}
@nix {"action":"result","fields":[0,0,0,0],"id":235462992068611,"type":105}
@nix {"action":"result","fields":[101,0],"id":235462992068609,"type":106}
@nix {"action":"result","fields":[100,0],"id":235462992068609,"type":106}
@nix {"action":"result","fields":[0,15,0,0],"id":235462992068610,"type":105}
@nix {"action":"result","fields":[0,0,0,0],"id":235462992068611,"type":105}
@nix {"action":"result","fields":[101,0],"id":235462992068609,"type":106}
@nix {"action":"result","fields":[100,0],"id":235462992068609,"type":106}
@nix {"action":"result","fields":[0,15,0,0],"id":235462992068610,"type":105}
@nix {"action":"result","fields":[0,0,0,0],"id":235462992068611,"type":105}
@nix {"action":"result","fields":[101,0],"id":235462992068609,"type":106}
@nix {"action":"result","fields":[100,0],"id":235462992068609,"type":106}
@nix {"action":"result","fields":[0,15,0,0],"id":235462992068610,"type":105}
@nix {"action":"result","fields":[0,0,0,0],"id":235462992068611,"type":105}
@nix {"action":"result","fields":[101,0],"id":235462992068609,"type":106}
@nix {"action":"result","fields":[100,0],"id":235462992068609,"type":106}
@nix {"action":"result","fields":[0,16,0,0],"id":235462992068610,"type":105}
@nix {"action":"result","fields":[0,0,0,0],"id":235462992068611,"type":105}
@nix {"action":"result","fields":[101,0],"id":235462992068609,"type":106}
@nix {"action":"result","fields":[100,0],"id":235462992068609,"type":106}
@nix {"action":"result","fields":[0,16,0,0],"id":235462992068610,"type":105}
@nix {"action":"result","fields":[0,0,0,0],"id":235462992068611,"type":105}
@nix {"action":"result","fields":[101,0],"id":235462992068609,"type":106}
@nix {"action":"result","fields":[100,0],"id":235462992068609,"type":106}
@nix {"action":"result","fields":[0,16,0,0],"id":235462992068610,"type":105}
@nix {"action":"result","fields":[0,0,0,0],"id":235462992068611,"type":105}
@nix {"action":"result","fields":[101,0],"id":235462992068609,"type":106}
@nix {"action":"result","fields":[100,0],"id":235462992068609,"type":106}
@nix {"action":"result","fields":[0,17,0,0],"id":235462992068610,"type":105}
@nix {"action":"result","fields":[0,0,0,0],"id":235462992068611,"type":105}
@nix {"action":"result","fields":[101,0],"id":235462992068609,"type":106}
@nix {"action":"result","fields":[100,0],"id":235462992068609,"type":106}
@nix {"action":"result","fields":[0,17,0,0],"id":235462992068610,"type":105}
@nix {"action":"result","fields":[0,0,0,0],"id":235462992068611,"type":105}
@nix {"action":"result","fields":[101,0],"id":235462992068609,"type":106}
@nix {"action":"result","fields":[100,0],"id":235462992068609,"type":106}
@nix {"action":"result","fields":[0,17,0,0],"id":235462992068610,"type":105}
@nix {"action":"result","fields":[0,0,0,0],"id":235462992068611,"type":105}
@nix {"action":"result","fields":[101,0],"id":235462992068609,"type":106}
@nix {"action":"result","fields":[100,0],"id":235462992068609,"type":106}
@nix {"action":"result","fields":[0,18,0,0],"id":235462992068610,"type":105}
@nix {"action":"result","fields":[0,0,0,0],"id":235462992068611,"type":105}
@nix {"action":"result","fields":[101,0],"id":235462992068609,"type":106}
@nix {"action":"result","fields":[100,0],"id":235462992068609,"type":106}
@nix {"action":"result","fields":[0,18,0,0],"id":235462992068610,"type":105}
@nix {"action":"result","fields":[0,0,0,0],"id":235462992068611,"type":105}
@nix {"action":"result","fields":[101,0],"id":235462992068609,"type":106}
@nix {"action":"result","fields":[100,0],"id":235462992068609,"type":106}
@nix {"action":"result","fields":[0,18,0,0],"id":235462992068610,"type":105}
@nix {"action":"result","fields":[0,0,0,0],"id":235462992068611,"type":105}
@nix {"action":"result","fields":[101,0],"id":235462992068609,"type":106}
@nix {"action":"result","fields":[100,0],"id":235462992068609,"type":106}
@nix {"action":"result","fields":[0,19,0,0],"id":235462992068610,"type":105}
@nix {"action":"result","fields":[0,0,0,0],"id":235462992068611,"type":105}
@nix {"action":"result","fields":[101,0],"id":235462992068609,"type":106}
@nix {"action":"result","fields":[100,0],"id":235462992068609,"type":106}
@nix {"action":"result","fields":[0,19,0,0],"id":235462992068610,"type":105}
@nix {"action":"result","fields":[0,0,0,0],"id":235462992068611,"type":105}
@nix {"action":"result","fields":[101,0],"id":235462992068609,"type":106}
@nix {"action":"result","fields":[100,0],"id":235462992068609,"type":106}
@nix {"action":"result","fields":[0,19,0,0],"id":235462992068610,"type":105}
@nix {"action":"result","fields":[0,0,0,0],"id":235462992068611,"type":105}
@nix {"action":"result","fields":[101,0],"id":235462992068609,"type":106}
@nix {"action":"result","fields":[100,0],"id":235462992068609,"type":106}
@nix {"action":"result","fields":[0,20,0,0],"id":235462992068610,"type":105}
@nix {"action":"result","fields":[0,0,0,0],"id":235462992068611,"type":105}
@nix {"action":"result","fields":[101,0],"id":235462992068609,"type":106}
@nix {"action":"result","fields":[100,0],"id":235462992068609,"type":106}
@nix {"action":"result","fields":[0,20,0,0],"id":235462992068610,"type":105}
@nix {"action":"result","fields":[0,0,0,0],"id":235462992068611,"type":105}
@nix {"action":"result","fields":[101,0],"id":235462992068609,"type":106}
@nix {"action":"result","fields":[100,0],"id":235462992068609,"type":106}
@nix {"action":"result","fields":[0,20,0,0],"id":235462992068610,"type":105}
@nix {"action":"result","fields":[0,0,0,0],"id":235462992068611,"type":105}
@nix {"action":"result","fields":[101,0],"id":235462992068609,"type":106}
@nix {"action":"result","fields":[100,0],"id":235462992068609,"type":106}
@nix {"action":"result","fields":[0,21,0,0],"id":235462992068610,"type":105}
@nix {"action":"result","fields":[0,0,0,0],"id":235462992068611,"type":105}
@nix {"action":"result","fields":[101,0],"id":235462992068609,"type":106}
@nix {"action":"result","fields":[100,0],"id":235462992068609,"type":106}
@nix {"action":"result","fields":[0,21,0,0],"id":235462992068610,"type":105}
@nix {"action":"result","fields":[0,0,0,0],"id":235462992068611,"type":105}
@nix {"action":"result","fields":[101,0],"id":235462992068609,"type":106}
@nix {"action":"result","fields":[100,0],"id":235462992068609,"type":106}
@nix {"action":"result","fields":[0,21,0,0],"id":235462992068610,"type":105}
@nix {"action":"result","fields":[0,0,0,0],"id":235462992068611,"type":105}
@nix {"action":"result","fields":[101,0],"id":235462992068609,"type":106}
@nix {"action":"result","fields":[100,0],"id":235462992068609,"type":106}
@nix {"action":"result","fields":[0,22,0,0],"id":235462992068610,"type":105}
@nix {"action":"result","fields":[0,0,0,0],"id":235462992068611,"type":105}
@nix {"action":"result","fields":[101,0],"id":235462992068609,"type":106}
@nix {"action":"result","fields":[100,0],"id":235462992068609,"type":106}
@nix {"action":"result","fields":[0,22,0,0],"id":235462992068610,"type":105}
@nix {"action":"result","fields":[0,0,0,0],"id":235462992068611,"type":105}
@nix {"action":"result","fields":[101,0],"id":235462992068609,"type":106}
@nix {"action":"result","fields":[100,0],"id":235462992068609,"type":106}
@nix {"action":"result","fields":[0,22,0,0],"id":235462992068610,"type":105}
@nix {"action":"result","fields":[0,0,0,0],"id":235462992068611,"type":105}
@nix {"action":"result","fields":[101,0],"id":235462992068609,"type":106}
@nix {"action":"result","fields":[100,0],"id":235462992068609,"type":106}
@nix {"action":"result","fields":[0,23,0,0],"id":235462992068610,"type":105}
@nix {"action":"result","fields":[0,0,0,0],"id":235462992068611,"type":105}
@nix {"action":"result","fields":[101,0],"id":235462992068609,"type":106}
@nix {"action":"result","fields":[100,0],"id":235462992068609,"type":106}
@nix {"action":"result","fields":[0,23,0,0],"id":235462992068610,"type":105}
@nix {"action":"result","fields":[0,0,0,0],"id":235462992068611,"type":105}
@nix {"action":"result","fields":[101,0],"id":235462992068609,"type":106}
@nix {"action":"result","fields":[100,0],"id":235462992068609,"type":106}
@nix {"action":"result","fields":[0,23,0,0],"id":235462992068610,"type":105}
@nix {"action":"result","fields":[0,0,0,0],"id":235462992068611,"type":105}
@nix {"action":"result","fields":[101,0],"id":235462992068609,"type":106}
@nix {"action":"result","fields":[100,0],"id":235462992068609,"type":106}
@nix {"action":"result","fields":[0,24,0,0],"id":235462992068610,"type":105}
@nix {"action":"result","fields":[0,0,0,0],"id":235462992068611,"type":105}
@nix {"action":"result","fields":[101,0],"id":235462992068609,"type":106}
@nix {"action":"result","fields":[100,0],"id":235462992068609,"type":106}
@nix {"action":"result","fields":[0,24,0,0],"id":235462992068610,"type":105}
@nix {"action":"result","fields":[0,0,0,0],"id":235462992068611,"type":105}
@nix {"action":"result","fields":[101,0],"id":235462992068609,"type":106}
@nix {"action":"result","fields":[100,0],"id":235462992068609,"type":106}
@nix {"action":"result","fields":[0,24,0,0],"id":235462992068610,"type":105}
@nix {"action":"result","fields":[0,0,0,0],"id":235462992068611,"type":105}
@nix {"action":"result","fields":[101,0],"id":235462992068609,"type":106}
@nix {"action":"result","fields":[100,0],"id":235462992068609,"type":106}
@nix {"action":"result","fields":[0,25,0,0],"id":235462992068610,"type":105}
@nix {"action":"result","fields":[0,0,0,0],"id":235462992068611,"type":105}
@nix {"action":"result","fields":[101,0],"id":235462992068609,"type":106}
@nix {"action":"result","fields":[100,0],"id":235462992068609,"type":106}
@nix {"action":"result","fields":[0,25,0,0],"id":235462992068610,"type":105}
@nix {"action":"result","fields":[0,0,0,0],"id":235462992068611,"type":105}
@nix {"action":"result","fields":[101,0],"id":235462992068609,"type":106}
@nix {"action":"result","fields":[100,0],"id":235462992068609,"type":106}
@nix {"action":"result","fields":[0,25,0,0],"id":235462992068610,"type":105}
@nix {"action":"result","fields":[0,0,0,0],"id":235462992068611,"type":105}
@nix {"action":"result","fields":[101,0],"id":235462992068609,"type":106}
@nix {"action":"result","fields":[100,0],"id":235462992068609,"type":106}
@nix {"action":"result","fields":[0,26,0,0],"id":235462992068610,"type":105}
@nix {"action":"result","fields":[0,0,0,0],"id":235462992068611,"type":105}
@nix {"action":"result","fields":[101,0],"id":235462992068609,"type":106}
@nix {"action":"result","fields":[100,0],"id":235462992068609,"type":106}
@nix {"action":"result","fields":[0,26,0,0],"id":235462992068610,"type":105}
@nix {"action":"result","fields":[0,0,0,0],"id":235462992068611,"type":105}
@nix {"action":"result","fields":[101,0],"id":235462992068609,"type":106}
@nix {"action":"result","fields":[100,0],"id":235462992068609,"type":106}
@nix {"action":"result","fields":[0,26,0,0],"id":235462992068610,"type":105}
@nix {"action":"result","fields":[0,0,0,0],"id":235462992068611,"type":105}
@nix {"action":"result","fields":[101,0],"id":235462992068609,"type":106}
@nix {"action":"result","fields":[100,0],"id":235462992068609,"type":106}
@nix {"action":"result","fields":[0,27,0,0],"id":235462992068610,"type":105}
@nix {"action":"result","fields":[0,0,0,0],"id":235462992068611,"type":105}
@nix {"action":"result","fields":[101,0],"id":235462992068609,"type":106}
@nix {"action":"result","fields":[100,0],"id":235462992068609,"type":106}
@nix {"action":"result","fields":[0,27,0,0],"id":235462992068610,"type":105}
@nix {"action":"result","fields":[0,0,0,0],"id":235462992068611,"type":105}
@nix {"action":"result","fields":[101,0],"id":235462992068609,"type":106}
@nix {"action":"result","fields":[100,0],"id":235462992068609,"type":106}
@nix {"action":"result","fields":[0,27,0,0],"id":235462992068610,"type":105}
@nix {"action":"result","fields":[0,0,0,0],"id":235462992068611,"type":105}
@nix {"action":"result","fields":[101,0],"id":235462992068609,"type":106}
@nix {"action":"result","fields":[100,0],"id":235462992068609,"type":106}
@nix {"action":"result","fields":[0,28,0,0],"id":235462992068610,"type":105}
@nix {"action":"result","fields":[0,0,0,0],"id":235462992068611,"type":105}
@nix {"action":"result","fields":[101,0],"id":235462992068609,"type":106}
@nix {"action":"result","fields":[100,0],"id":235462992068609,"type":106}
@nix {"action":"result","fields":[0,28,0,0],"id":235462992068610,"type":105}
@nix {"action":"result","fields":[0,0,0,0],"id":235462992068611,"type":105}
@nix {"action":"result","fields":[101,0],"id":235462992068609,"type":106}
@nix {"action":"result","fields":[100,0],"id":235462992068609,"type":106}
@nix {"action":"result","fields":[0,28,0,0],"id":235462992068610,"type":105}
@nix {"action":"result","fields":[0,0,0,0],"id":235462992068611,"type":105}
@nix {"action":"result","fields":[101,0],"id":235462992068609,"type":106}
@nix {"action":"result","fields":[100,0],"id":235462992068609,"type":106}
@nix {"action":"result","fields":[0,29,0,0],"id":235462992068610,"type":105}
@nix {"action":"result","fields":[0,0,0,0],"id":235462992068611,"type":105}
@nix {"action":"result","fields":[101,0],"id":235462992068609,"type":106}
@nix {"action":"result","fields":[100,0],"id":235462992068609,"type":106}
@nix {"action":"result","fields":[0,29,0,0],"id":235462992068610,"type":105}
@nix {"action":"result","fields":[0,0,0,0],"id":235462992068611,"type":105}
@nix {"action":"result","fields":[101,0],"id":235462992068609,"type":106}
@nix {"action":"result","fields":[100,0],"id":235462992068609,"type":106}
@nix {"action":"result","fields":[0,29,0,0],"id":235462992068610,"type":105}
@nix {"action":"result","fields":[0,0,0,0],"id":235462992068611,"type":105}
@nix {"action":"result","fields":[101,0],"id":235462992068609,"type":106}
@nix {"action":"result","fields":[100,0],"id":235462992068609,"type":106}
@nix {"action":"result","fields":[0,30,0,0],"id":235462992068610,"type":105}
@nix {"action":"result","fields":[0,0,0,0],"id":235462992068611,"type":105}
@nix {"action":"result","fields":[101,0],"id":235462992068609,"type":106}
@nix {"action":"result","fields":[100,0],"id":235462992068609,"type":106}
@nix {"action":"result","fields":[0,30,0,0],"id":235462992068610,"type":105}
@nix {"action":"result","fields":[0,0,0,0],"id":235462992068611,"type":105}
@nix {"action":"result","fields":[101,0],"id":235462992068609,"type":106}
@nix {"action":"result","fields":[100,0],"id":235462992068609,"type":106}
@nix {"action":"result","fields":[0,30,0,0],"id":235462992068610,"type":105}
@nix {"action":"result","fields":[0,0,0,0],"id":235462992068611,"type":105}
@nix {"action":"result","fields":[101,0],"id":235462992068609,"type":106}
@nix {"action":"result","fields":[100,0],"id":235462992068609,"type":106}
@nix {"action":"result","fields":[0,31,0,0],"id":235462992068610,"type":105}
@nix {"action":"result","fields":[0,0,0,0],"id":235462992068611,"type":105}
@nix {"action":"result","fields":[101,0],"id":235462992068609,"type":106}
@nix {"action":"result","fields":[100,0],"id":235462992068609,"type":106}
@nix {"action":"result","fields":[0,31,0,0],"id":235462992068610,"type":105}
@nix {"action":"result","fields":[0,0,0,0],"id":235462992068611,"type":105}
@nix {"action":"result","fields":[101,0],"id":235462992068609,"type":106}
@nix {"action":"result","fields":[100,0],"id":235462992068609,"type":106}
@nix {"action":"result","fields":[0,31,0,0],"id":235462992068610,"type":105}
@nix {"action":"result","fields":[0,0,0,0],"id":235462992068611,"type":105}
@nix {"action":"result","fields":[101,0],"id":235462992068609,"type":106}
@nix {"action":"result","fields":[100,0],"id":235462992068609,"type":106}
@nix {"action":"result","fields":[0,32,0,0],"id":235462992068610,"type":105}
@nix {"action":"result","fields":[0,0,0,0],"id":235462992068611,"type":105}
@nix {"action":"result","fields":[101,0],"id":235462992068609,"type":106}
@nix {"action":"result","fields":[100,0],"id":235462992068609,"type":106}
@nix {"action":"start","fields":["/Users/hetzner/obrador-shared-pins-20260909/round-1-after/chain-round-1-jobs-8/store/d2794f4a2f32yig1z0k8mfz421rrgmvv-leaf-0.drv.drv","",1,1],"id":235462992068612,"level":3,"parent":0,"text":"building '/Users/hetzner/obrador-shared-pins-20260909/round-1-after/chain-round-1-jobs-8/store/d2794f4a2f32yig1z0k8mfz421rrgmvv-leaf-0.drv.drv'","type":105}
@nix {"action":"result","fields":[0,32,1,0],"id":235462992068610,"type":105}
@nix {"action":"result","fields":[0,0,0,0],"id":235462992068611,"type":105}
@nix {"action":"result","fields":[101,0],"id":235462992068609,"type":106}
@nix {"action":"result","fields":[100,0],"id":235462992068609,"type":106}
@nix {"action":"result","fields":[1,33,0,0],"id":235462992068610,"type":105}
@nix {"action":"result","fields":[0,0,0,0],"id":235462992068611,"type":105}
@nix {"action":"result","fields":[101,0],"id":235462992068609,"type":106}
@nix {"action":"result","fields":[100,0],"id":235462992068609,"type":106}
@nix {"action":"stop","id":235462992068612}
@nix {"action":"result","fields":[1,33,0,0],"id":235462992068610,"type":105}
@nix {"action":"result","fields":[0,0,0,0],"id":235462992068611,"type":105}
@nix {"action":"result","fields":[101,0],"id":235462992068609,"type":106}
@nix {"action":"result","fields":[100,0],"id":235462992068609,"type":106}
@nix {"action":"start","fields":["/Users/hetzner/obrador-shared-pins-20260909/round-1-after/chain-round-1-jobs-8/store/n5hf9m8lyl5bp8ls05lc78b9rpywg4sv-leaf-0.drv","",1,1],"id":235462992068613,"level":3,"parent":0,"text":"building '/Users/hetzner/obrador-shared-pins-20260909/round-1-after/chain-round-1-jobs-8/store/n5hf9m8lyl5bp8ls05lc78b9rpywg4sv-leaf-0.drv'","type":105}
@nix {"action":"result","fields":[1,33,1,0],"id":235462992068610,"type":105}
@nix {"action":"result","fields":[0,0,0,0],"id":235462992068611,"type":105}
@nix {"action":"result","fields":[101,0],"id":235462992068609,"type":106}
@nix {"action":"result","fields":[100,0],"id":235462992068609,"type":106}
@nix {"action":"result","fields":[2,34,0,0],"id":235462992068610,"type":105}
@nix {"action":"result","fields":[0,0,0,0],"id":235462992068611,"type":105}
@nix {"action":"result","fields":[101,0],"id":235462992068609,"type":106}
@nix {"action":"result","fields":[100,0],"id":235462992068609,"type":106}
@nix {"action":"stop","id":235462992068613}
@nix {"action":"start","fields":["/Users/hetzner/obrador-shared-pins-20260909/round-1-after/chain-round-1-jobs-8/store/z40hnff1g32n0j8dsdlfrl5h9afm1ig9-leaf-1.drv.drv","/Users/hetzner/obrador-shared-pins-20260909/round-1-after/chain-round-1-jobs-8/store/mfi9nra0xlw61zvkcdiwn2j8mc9fsmxs-leaf-1.drv.drv"],"id":235462992068614,"level":3,"parent":0,"text":"resolved derivation: '/Users/hetzner/obrador-shared-pins-20260909/round-1-after/chain-round-1-jobs-8/store/z40hnff1g32n0j8dsdlfrl5h9afm1ig9-leaf-1.drv.drv' -> '/Users/hetzner/obrador-shared-pins-20260909/round-1-after/chain-round-1-jobs-8/store/mfi9nra0xlw61zvkcdiwn2j8mc9fsmxs-leaf-1.drv.drv'","type":111}
@nix {"action":"result","fields":[2,34,0,0],"id":235462992068610,"type":105}
@nix {"action":"result","fields":[0,0,0,0],"id":235462992068611,"type":105}
@nix {"action":"result","fields":[101,0],"id":235462992068609,"type":106}
@nix {"action":"result","fields":[100,0],"id":235462992068609,"type":106}
@nix {"action":"start","fields":["/Users/hetzner/obrador-shared-pins-20260909/round-1-after/chain-round-1-jobs-8/store/mfi9nra0xlw61zvkcdiwn2j8mc9fsmxs-leaf-1.drv.drv","",1,1],"id":235462992068615,"level":3,"parent":0,"text":"building '/Users/hetzner/obrador-shared-pins-20260909/round-1-after/chain-round-1-jobs-8/store/mfi9nra0xlw61zvkcdiwn2j8mc9fsmxs-leaf-1.drv.drv'","type":105}
@nix {"action":"result","fields":[2,34,1,0],"id":235462992068610,"type":105}
@nix {"action":"result","fields":[0,0,0,0],"id":235462992068611,"type":105}
@nix {"action":"result","fields":[101,0],"id":235462992068609,"type":106}
@nix {"action":"result","fields":[100,0],"id":235462992068609,"type":106}
@nix {"action":"result","fields":[3,35,0,0],"id":235462992068610,"type":105}
@nix {"action":"result","fields":[0,0,0,0],"id":235462992068611,"type":105}
@nix {"action":"result","fields":[101,0],"id":235462992068609,"type":106}
@nix {"action":"result","fields":[100,0],"id":235462992068609,"type":106}
@nix {"action":"stop","id":235462992068615}
@nix {"action":"result","fields":[4,35,0,0],"id":235462992068610,"type":105}
@nix {"action":"result","fields":[0,0,0,0],"id":235462992068611,"type":105}
@nix {"action":"result","fields":[101,0],"id":235462992068609,"type":106}
@nix {"action":"result","fields":[100,0],"id":235462992068609,"type":106}
@nix {"action":"stop","id":235462992068614}
@nix {"action":"result","fields":[4,35,0,0],"id":235462992068610,"type":105}
@nix {"action":"result","fields":[0,0,0,0],"id":235462992068611,"type":105}
@nix {"action":"result","fields":[101,0],"id":235462992068609,"type":106}
@nix {"action":"result","fields":[100,0],"id":235462992068609,"type":106}
@nix {"action":"start","fields":["/Users/hetzner/obrador-shared-pins-20260909/round-1-after/chain-round-1-jobs-8/store/pni8n9r52bfgc8p2mcdmf7gm8c44ahv7-leaf-1.drv","",1,1],"id":235462992068616,"level":3,"parent":0,"text":"building '/Users/hetzner/obrador-shared-pins-20260909/round-1-after/chain-round-1-jobs-8/store/pni8n9r52bfgc8p2mcdmf7gm8c44ahv7-leaf-1.drv'","type":105}
@nix {"action":"result","fields":[4,35,1,0],"id":235462992068610,"type":105}
@nix {"action":"result","fields":[0,0,0,0],"id":235462992068611,"type":105}
@nix {"action":"result","fields":[101,0],"id":235462992068609,"type":106}
@nix {"action":"result","fields":[100,0],"id":235462992068609,"type":106}
@nix {"action":"result","fields":[5,36,0,0],"id":235462992068610,"type":105}
@nix {"action":"result","fields":[0,0,0,0],"id":235462992068611,"type":105}
@nix {"action":"result","fields":[101,0],"id":235462992068609,"type":106}
@nix {"action":"result","fields":[100,0],"id":235462992068609,"type":106}
@nix {"action":"stop","id":235462992068616}
@nix {"action":"start","fields":["/Users/hetzner/obrador-shared-pins-20260909/round-1-after/chain-round-1-jobs-8/store/j709jlqsyag75bh2yjmd55nmnarpgp50-leaf-2.drv.drv","/Users/hetzner/obrador-shared-pins-20260909/round-1-after/chain-round-1-jobs-8/store/mzcx7anih812cx294fwbgp312j2fzkkq-leaf-2.drv.drv"],"id":235462992068617,"level":3,"parent":0,"text":"resolved derivation: '/Users/hetzner/obrador-shared-pins-20260909/round-1-after/chain-round-1-jobs-8/store/j709jlqsyag75bh2yjmd55nmnarpgp50-leaf-2.drv.drv' -> '/Users/hetzner/obrador-shared-pins-20260909/round-1-after/chain-round-1-jobs-8/store/mzcx7anih812cx294fwbgp312j2fzkkq-leaf-2.drv.drv'","type":111}
@nix {"action":"result","fields":[5,36,0,0],"id":235462992068610,"type":105}
@nix {"action":"result","fields":[0,0,0,0],"id":235462992068611,"type":105}
@nix {"action":"result","fields":[101,0],"id":235462992068609,"type":106}
@nix {"action":"result","fields":[100,0],"id":235462992068609,"type":106}
@nix {"action":"start","fields":["/Users/hetzner/obrador-shared-pins-20260909/round-1-after/chain-round-1-jobs-8/store/mzcx7anih812cx294fwbgp312j2fzkkq-leaf-2.drv.drv","",1,1],"id":235462992068618,"level":3,"parent":0,"text":"building '/Users/hetzner/obrador-shared-pins-20260909/round-1-after/chain-round-1-jobs-8/store/mzcx7anih812cx294fwbgp312j2fzkkq-leaf-2.drv.drv'","type":105}
@nix {"action":"result","fields":[5,36,1,0],"id":235462992068610,"type":105}
@nix {"action":"result","fields":[0,0,0,0],"id":235462992068611,"type":105}
@nix {"action":"result","fields":[101,0],"id":235462992068609,"type":106}
@nix {"action":"result","fields":[100,0],"id":235462992068609,"type":106}
@nix {"action":"result","fields":[6,37,0,0],"id":235462992068610,"type":105}
@nix {"action":"result","fields":[0,0,0,0],"id":235462992068611,"type":105}
@nix {"action":"result","fields":[101,0],"id":235462992068609,"type":106}
@nix {"action":"result","fields":[100,0],"id":235462992068609,"type":106}
@nix {"action":"stop","id":235462992068618}
@nix {"action":"result","fields":[7,37,0,0],"id":235462992068610,"type":105}
@nix {"action":"result","fields":[0,0,0,0],"id":235462992068611,"type":105}
@nix {"action":"result","fields":[101,0],"id":235462992068609,"type":106}
@nix {"action":"result","fields":[100,0],"id":235462992068609,"type":106}
@nix {"action":"stop","id":235462992068617}
@nix {"action":"result","fields":[7,37,0,0],"id":235462992068610,"type":105}
@nix {"action":"result","fields":[0,0,0,0],"id":235462992068611,"type":105}
@nix {"action":"result","fields":[101,0],"id":235462992068609,"type":106}
@nix {"action":"result","fields":[100,0],"id":235462992068609,"type":106}
@nix {"action":"start","fields":["/Users/hetzner/obrador-shared-pins-20260909/round-1-after/chain-round-1-jobs-8/store/kip06qfy2rw4lyama4mkyzf5fj8d4pva-leaf-2.drv","",1,1],"id":235462992068619,"level":3,"parent":0,"text":"building '/Users/hetzner/obrador-shared-pins-20260909/round-1-after/chain-round-1-jobs-8/store/kip06qfy2rw4lyama4mkyzf5fj8d4pva-leaf-2.drv'","type":105}
@nix {"action":"result","fields":[7,37,1,0],"id":235462992068610,"type":105}
@nix {"action":"result","fields":[0,0,0,0],"id":235462992068611,"type":105}
@nix {"action":"result","fields":[101,0],"id":235462992068609,"type":106}
@nix {"action":"result","fields":[100,0],"id":235462992068609,"type":106}
@nix {"action":"result","fields":[8,38,0,0],"id":235462992068610,"type":105}
@nix {"action":"result","fields":[0,0,0,0],"id":235462992068611,"type":105}
@nix {"action":"result","fields":[101,0],"id":235462992068609,"type":106}
@nix {"action":"result","fields":[100,0],"id":235462992068609,"type":106}
@nix {"action":"stop","id":235462992068619}
@nix {"action":"start","fields":["/Users/hetzner/obrador-shared-pins-20260909/round-1-after/chain-round-1-jobs-8/store/bj6bz0y2finbrhadpriaamrjg9jgn14b-leaf-3.drv.drv","/Users/hetzner/obrador-shared-pins-20260909/round-1-after/chain-round-1-jobs-8/store/947mjx2idbbvjqls0rbcf7w1if9gms52-leaf-3.drv.drv"],"id":235462992068620,"level":3,"parent":0,"text":"resolved derivation: '/Users/hetzner/obrador-shared-pins-20260909/round-1-after/chain-round-1-jobs-8/store/bj6bz0y2finbrhadpriaamrjg9jgn14b-leaf-3.drv.drv' -> '/Users/hetzner/obrador-shared-pins-20260909/round-1-after/chain-round-1-jobs-8/store/947mjx2idbbvjqls0rbcf7w1if9gms52-leaf-3.drv.drv'","type":111}
@nix {"action":"result","fields":[8,38,0,0],"id":235462992068610,"type":105}
@nix {"action":"result","fields":[0,0,0,0],"id":235462992068611,"type":105}
@nix {"action":"result","fields":[101,0],"id":235462992068609,"type":106}
@nix {"action":"result","fields":[100,0],"id":235462992068609,"type":106}
@nix {"action":"start","fields":["/Users/hetzner/obrador-shared-pins-20260909/round-1-after/chain-round-1-jobs-8/store/947mjx2idbbvjqls0rbcf7w1if9gms52-leaf-3.drv.drv","",1,1],"id":235462992068621,"level":3,"parent":0,"text":"building '/Users/hetzner/obrador-shared-pins-20260909/round-1-after/chain-round-1-jobs-8/store/947mjx2idbbvjqls0rbcf7w1if9gms52-leaf-3.drv.drv'","type":105}
@nix {"action":"result","fields":[8,38,1,0],"id":235462992068610,"type":105}
@nix {"action":"result","fields":[0,0,0,0],"id":235462992068611,"type":105}
@nix {"action":"result","fields":[101,0],"id":235462992068609,"type":106}
@nix {"action":"result","fields":[100,0],"id":235462992068609,"type":106}
@nix {"action":"result","fields":[9,39,0,0],"id":235462992068610,"type":105}
@nix {"action":"result","fields":[0,0,0,0],"id":235462992068611,"type":105}
@nix {"action":"result","fields":[101,0],"id":235462992068609,"type":106}
@nix {"action":"result","fields":[100,0],"id":235462992068609,"type":106}
@nix {"action":"stop","id":235462992068621}
@nix {"action":"result","fields":[10,39,0,0],"id":235462992068610,"type":105}
@nix {"action":"result","fields":[0,0,0,0],"id":235462992068611,"type":105}
@nix {"action":"result","fields":[101,0],"id":235462992068609,"type":106}
@nix {"action":"result","fields":[100,0],"id":235462992068609,"type":106}
@nix {"action":"stop","id":235462992068620}
@nix {"action":"result","fields":[10,39,0,0],"id":235462992068610,"type":105}
@nix {"action":"result","fields":[0,0,0,0],"id":235462992068611,"type":105}
@nix {"action":"result","fields":[101,0],"id":235462992068609,"type":106}
@nix {"action":"result","fields":[100,0],"id":235462992068609,"type":106}
@nix {"action":"start","fields":["/Users/hetzner/obrador-shared-pins-20260909/round-1-after/chain-round-1-jobs-8/store/a0bxqb0484yzkgd8d3xaf41g5cg7wgch-leaf-3.drv","",1,1],"id":235462992068622,"level":3,"parent":0,"text":"building '/Users/hetzner/obrador-shared-pins-20260909/round-1-after/chain-round-1-jobs-8/store/a0bxqb0484yzkgd8d3xaf41g5cg7wgch-leaf-3.drv'","type":105}
@nix {"action":"result","fields":[10,39,1,0],"id":235462992068610,"type":105}
@nix {"action":"result","fields":[0,0,0,0],"id":235462992068611,"type":105}
@nix {"action":"result","fields":[101,0],"id":235462992068609,"type":106}
@nix {"action":"result","fields":[100,0],"id":235462992068609,"type":106}
@nix {"action":"result","fields":[11,40,0,0],"id":235462992068610,"type":105}
@nix {"action":"result","fields":[0,0,0,0],"id":235462992068611,"type":105}
@nix {"action":"result","fields":[101,0],"id":235462992068609,"type":106}
@nix {"action":"result","fields":[100,0],"id":235462992068609,"type":106}
@nix {"action":"stop","id":235462992068622}
@nix {"action":"start","fields":["/Users/hetzner/obrador-shared-pins-20260909/round-1-after/chain-round-1-jobs-8/store/fsryyfs49497n76qabm2plg1hrlzm456-leaf-4.drv.drv","/Users/hetzner/obrador-shared-pins-20260909/round-1-after/chain-round-1-jobs-8/store/cd9fibg9r7kjy0b3jggpcmjp6m7dlghl-leaf-4.drv.drv"],"id":235462992068623,"level":3,"parent":0,"text":"resolved derivation: '/Users/hetzner/obrador-shared-pins-20260909/round-1-after/chain-round-1-jobs-8/store/fsryyfs49497n76qabm2plg1hrlzm456-leaf-4.drv.drv' -> '/Users/hetzner/obrador-shared-pins-20260909/round-1-after/chain-round-1-jobs-8/store/cd9fibg9r7kjy0b3jggpcmjp6m7dlghl-leaf-4.drv.drv'","type":111}
@nix {"action":"result","fields":[11,40,0,0],"id":235462992068610,"type":105}
@nix {"action":"result","fields":[0,0,0,0],"id":235462992068611,"type":105}
@nix {"action":"result","fields":[101,0],"id":235462992068609,"type":106}
@nix {"action":"result","fields":[100,0],"id":235462992068609,"type":106}
@nix {"action":"start","fields":["/Users/hetzner/obrador-shared-pins-20260909/round-1-after/chain-round-1-jobs-8/store/cd9fibg9r7kjy0b3jggpcmjp6m7dlghl-leaf-4.drv.drv","",1,1],"id":235462992068624,"level":3,"parent":0,"text":"building '/Users/hetzner/obrador-shared-pins-20260909/round-1-after/chain-round-1-jobs-8/store/cd9fibg9r7kjy0b3jggpcmjp6m7dlghl-leaf-4.drv.drv'","type":105}
@nix {"action":"result","fields":[11,40,1,0],"id":235462992068610,"type":105}
@nix {"action":"result","fields":[0,0,0,0],"id":235462992068611,"type":105}
@nix {"action":"result","fields":[101,0],"id":235462992068609,"type":106}
@nix {"action":"result","fields":[100,0],"id":235462992068609,"type":106}
@nix {"action":"result","fields":[12,41,0,0],"id":235462992068610,"type":105}
@nix {"action":"result","fields":[0,0,0,0],"id":235462992068611,"type":105}
@nix {"action":"result","fields":[101,0],"id":235462992068609,"type":106}
@nix {"action":"result","fields":[100,0],"id":235462992068609,"type":106}
@nix {"action":"stop","id":235462992068624}
@nix {"action":"result","fields":[13,41,0,0],"id":235462992068610,"type":105}
@nix {"action":"result","fields":[0,0,0,0],"id":235462992068611,"type":105}
@nix {"action":"result","fields":[101,0],"id":235462992068609,"type":106}
@nix {"action":"result","fields":[100,0],"id":235462992068609,"type":106}
@nix {"action":"stop","id":235462992068623}
@nix {"action":"result","fields":[13,41,0,0],"id":235462992068610,"type":105}
@nix {"action":"result","fields":[0,0,0,0],"id":235462992068611,"type":105}
@nix {"action":"result","fields":[101,0],"id":235462992068609,"type":106}
@nix {"action":"result","fields":[100,0],"id":235462992068609,"type":106}
@nix {"action":"start","fields":["/Users/hetzner/obrador-shared-pins-20260909/round-1-after/chain-round-1-jobs-8/store/ihsivgpaivizs1rq518myyq5h67zvmib-leaf-4.drv","",1,1],"id":235462992068625,"level":3,"parent":0,"text":"building '/Users/hetzner/obrador-shared-pins-20260909/round-1-after/chain-round-1-jobs-8/store/ihsivgpaivizs1rq518myyq5h67zvmib-leaf-4.drv'","type":105}
@nix {"action":"result","fields":[13,41,1,0],"id":235462992068610,"type":105}
@nix {"action":"result","fields":[0,0,0,0],"id":235462992068611,"type":105}
@nix {"action":"result","fields":[101,0],"id":235462992068609,"type":106}
@nix {"action":"result","fields":[100,0],"id":235462992068609,"type":106}
@nix {"action":"result","fields":[14,42,0,0],"id":235462992068610,"type":105}
@nix {"action":"result","fields":[0,0,0,0],"id":235462992068611,"type":105}
@nix {"action":"result","fields":[101,0],"id":235462992068609,"type":106}
@nix {"action":"result","fields":[100,0],"id":235462992068609,"type":106}
@nix {"action":"stop","id":235462992068625}
@nix {"action":"start","fields":["/Users/hetzner/obrador-shared-pins-20260909/round-1-after/chain-round-1-jobs-8/store/248wfcsb78vb4cb4myq3ip9g6m97x0z2-leaf-5.drv.drv","/Users/hetzner/obrador-shared-pins-20260909/round-1-after/chain-round-1-jobs-8/store/bp2kjp5drkf1rx4c57yksf9izjv3k2lq-leaf-5.drv.drv"],"id":235462992068626,"level":3,"parent":0,"text":"resolved derivation: '/Users/hetzner/obrador-shared-pins-20260909/round-1-after/chain-round-1-jobs-8/store/248wfcsb78vb4cb4myq3ip9g6m97x0z2-leaf-5.drv.drv' -> '/Users/hetzner/obrador-shared-pins-20260909/round-1-after/chain-round-1-jobs-8/store/bp2kjp5drkf1rx4c57yksf9izjv3k2lq-leaf-5.drv.drv'","type":111}
@nix {"action":"result","fields":[14,42,0,0],"id":235462992068610,"type":105}
@nix {"action":"result","fields":[0,0,0,0],"id":235462992068611,"type":105}
@nix {"action":"result","fields":[101,0],"id":235462992068609,"type":106}
@nix {"action":"result","fields":[100,0],"id":235462992068609,"type":106}
@nix {"action":"start","fields":["/Users/hetzner/obrador-shared-pins-20260909/round-1-after/chain-round-1-jobs-8/store/bp2kjp5drkf1rx4c57yksf9izjv3k2lq-leaf-5.drv.drv","",1,1],"id":235462992068627,"level":3,"parent":0,"text":"building '/Users/hetzner/obrador-shared-pins-20260909/round-1-after/chain-round-1-jobs-8/store/bp2kjp5drkf1rx4c57yksf9izjv3k2lq-leaf-5.drv.drv'","type":105}
@nix {"action":"result","fields":[14,42,1,0],"id":235462992068610,"type":105}
@nix {"action":"result","fields":[0,0,0,0],"id":235462992068611,"type":105}
@nix {"action":"result","fields":[101,0],"id":235462992068609,"type":106}
@nix {"action":"result","fields":[100,0],"id":235462992068609,"type":106}
@nix {"action":"result","fields":[15,43,0,0],"id":235462992068610,"type":105}
@nix {"action":"result","fields":[0,0,0,0],"id":235462992068611,"type":105}
@nix {"action":"result","fields":[101,0],"id":235462992068609,"type":106}
@nix {"action":"result","fields":[100,0],"id":235462992068609,"type":106}
@nix {"action":"stop","id":235462992068627}
@nix {"action":"result","fields":[16,43,0,0],"id":235462992068610,"type":105}
@nix {"action":"result","fields":[0,0,0,0],"id":235462992068611,"type":105}
@nix {"action":"result","fields":[101,0],"id":235462992068609,"type":106}
@nix {"action":"result","fields":[100,0],"id":235462992068609,"type":106}
@nix {"action":"stop","id":235462992068626}
@nix {"action":"result","fields":[16,43,0,0],"id":235462992068610,"type":105}
@nix {"action":"result","fields":[0,0,0,0],"id":235462992068611,"type":105}
@nix {"action":"result","fields":[101,0],"id":235462992068609,"type":106}
@nix {"action":"result","fields":[100,0],"id":235462992068609,"type":106}
@nix {"action":"start","fields":["/Users/hetzner/obrador-shared-pins-20260909/round-1-after/chain-round-1-jobs-8/store/lask3g1vax2nc48ny668g34s5rpil48v-leaf-5.drv","",1,1],"id":235462992068628,"level":3,"parent":0,"text":"building '/Users/hetzner/obrador-shared-pins-20260909/round-1-after/chain-round-1-jobs-8/store/lask3g1vax2nc48ny668g34s5rpil48v-leaf-5.drv'","type":105}
@nix {"action":"result","fields":[16,43,1,0],"id":235462992068610,"type":105}
@nix {"action":"result","fields":[0,0,0,0],"id":235462992068611,"type":105}
@nix {"action":"result","fields":[101,0],"id":235462992068609,"type":106}
@nix {"action":"result","fields":[100,0],"id":235462992068609,"type":106}
@nix {"action":"result","fields":[17,44,0,0],"id":235462992068610,"type":105}
@nix {"action":"result","fields":[0,0,0,0],"id":235462992068611,"type":105}
@nix {"action":"result","fields":[101,0],"id":235462992068609,"type":106}
@nix {"action":"result","fields":[100,0],"id":235462992068609,"type":106}
@nix {"action":"stop","id":235462992068628}
@nix {"action":"start","fields":["/Users/hetzner/obrador-shared-pins-20260909/round-1-after/chain-round-1-jobs-8/store/jypvnrm22dpqhvhpw8y0axgmilc3wfp3-leaf-6.drv.drv","/Users/hetzner/obrador-shared-pins-20260909/round-1-after/chain-round-1-jobs-8/store/dsrmj3frmhdnadrm7cdjdl3x5yfwg7p1-leaf-6.drv.drv"],"id":235462992068629,"level":3,"parent":0,"text":"resolved derivation: '/Users/hetzner/obrador-shared-pins-20260909/round-1-after/chain-round-1-jobs-8/store/jypvnrm22dpqhvhpw8y0axgmilc3wfp3-leaf-6.drv.drv' -> '/Users/hetzner/obrador-shared-pins-20260909/round-1-after/chain-round-1-jobs-8/store/dsrmj3frmhdnadrm7cdjdl3x5yfwg7p1-leaf-6.drv.drv'","type":111}
@nix {"action":"result","fields":[17,44,0,0],"id":235462992068610,"type":105}
@nix {"action":"result","fields":[0,0,0,0],"id":235462992068611,"type":105}
@nix {"action":"result","fields":[101,0],"id":235462992068609,"type":106}
@nix {"action":"result","fields":[100,0],"id":235462992068609,"type":106}
@nix {"action":"start","fields":["/Users/hetzner/obrador-shared-pins-20260909/round-1-after/chain-round-1-jobs-8/store/dsrmj3frmhdnadrm7cdjdl3x5yfwg7p1-leaf-6.drv.drv","",1,1],"id":235462992068630,"level":3,"parent":0,"text":"building '/Users/hetzner/obrador-shared-pins-20260909/round-1-after/chain-round-1-jobs-8/store/dsrmj3frmhdnadrm7cdjdl3x5yfwg7p1-leaf-6.drv.drv'","type":105}
@nix {"action":"result","fields":[17,44,1,0],"id":235462992068610,"type":105}
@nix {"action":"result","fields":[0,0,0,0],"id":235462992068611,"type":105}
@nix {"action":"result","fields":[101,0],"id":235462992068609,"type":106}
@nix {"action":"result","fields":[100,0],"id":235462992068609,"type":106}
@nix {"action":"result","fields":[18,45,0,0],"id":235462992068610,"type":105}
@nix {"action":"result","fields":[0,0,0,0],"id":235462992068611,"type":105}
@nix {"action":"result","fields":[101,0],"id":235462992068609,"type":106}
@nix {"action":"result","fields":[100,0],"id":235462992068609,"type":106}
@nix {"action":"stop","id":235462992068630}
@nix {"action":"result","fields":[19,45,0,0],"id":235462992068610,"type":105}
@nix {"action":"result","fields":[0,0,0,0],"id":235462992068611,"type":105}
@nix {"action":"result","fields":[101,0],"id":235462992068609,"type":106}
@nix {"action":"result","fields":[100,0],"id":235462992068609,"type":106}
@nix {"action":"stop","id":235462992068629}
@nix {"action":"result","fields":[19,45,0,0],"id":235462992068610,"type":105}
@nix {"action":"result","fields":[0,0,0,0],"id":235462992068611,"type":105}
@nix {"action":"result","fields":[101,0],"id":235462992068609,"type":106}
@nix {"action":"result","fields":[100,0],"id":235462992068609,"type":106}
@nix {"action":"start","fields":["/Users/hetzner/obrador-shared-pins-20260909/round-1-after/chain-round-1-jobs-8/store/fs20k7cazhb5l0l9lh4bq1i3r738jcm4-leaf-6.drv","",1,1],"id":235462992068631,"level":3,"parent":0,"text":"building '/Users/hetzner/obrador-shared-pins-20260909/round-1-after/chain-round-1-jobs-8/store/fs20k7cazhb5l0l9lh4bq1i3r738jcm4-leaf-6.drv'","type":105}
@nix {"action":"result","fields":[19,45,1,0],"id":235462992068610,"type":105}
@nix {"action":"result","fields":[0,0,0,0],"id":235462992068611,"type":105}
@nix {"action":"result","fields":[101,0],"id":235462992068609,"type":106}
@nix {"action":"result","fields":[100,0],"id":235462992068609,"type":106}
@nix {"action":"result","fields":[20,46,0,0],"id":235462992068610,"type":105}
@nix {"action":"result","fields":[0,0,0,0],"id":235462992068611,"type":105}
@nix {"action":"result","fields":[101,0],"id":235462992068609,"type":106}
@nix {"action":"result","fields":[100,0],"id":235462992068609,"type":106}
@nix {"action":"stop","id":235462992068631}
@nix {"action":"start","fields":["/Users/hetzner/obrador-shared-pins-20260909/round-1-after/chain-round-1-jobs-8/store/9wklyclanyapirg3a5kjwf0nqvh17a6x-leaf-7.drv.drv","/Users/hetzner/obrador-shared-pins-20260909/round-1-after/chain-round-1-jobs-8/store/yr671cwm8bdphv5wmq0ybi416w9xw3cn-leaf-7.drv.drv"],"id":235462992068632,"level":3,"parent":0,"text":"resolved derivation: '/Users/hetzner/obrador-shared-pins-20260909/round-1-after/chain-round-1-jobs-8/store/9wklyclanyapirg3a5kjwf0nqvh17a6x-leaf-7.drv.drv' -> '/Users/hetzner/obrador-shared-pins-20260909/round-1-after/chain-round-1-jobs-8/store/yr671cwm8bdphv5wmq0ybi416w9xw3cn-leaf-7.drv.drv'","type":111}
@nix {"action":"result","fields":[20,46,0,0],"id":235462992068610,"type":105}
@nix {"action":"result","fields":[0,0,0,0],"id":235462992068611,"type":105}
@nix {"action":"result","fields":[101,0],"id":235462992068609,"type":106}
@nix {"action":"result","fields":[100,0],"id":235462992068609,"type":106}
@nix {"action":"start","fields":["/Users/hetzner/obrador-shared-pins-20260909/round-1-after/chain-round-1-jobs-8/store/yr671cwm8bdphv5wmq0ybi416w9xw3cn-leaf-7.drv.drv","",1,1],"id":235462992068633,"level":3,"parent":0,"text":"building '/Users/hetzner/obrador-shared-pins-20260909/round-1-after/chain-round-1-jobs-8/store/yr671cwm8bdphv5wmq0ybi416w9xw3cn-leaf-7.drv.drv'","type":105}
@nix {"action":"result","fields":[20,46,1,0],"id":235462992068610,"type":105}
@nix {"action":"result","fields":[0,0,0,0],"id":235462992068611,"type":105}
@nix {"action":"result","fields":[101,0],"id":235462992068609,"type":106}
@nix {"action":"result","fields":[100,0],"id":235462992068609,"type":106}
@nix {"action":"result","fields":[21,47,0,0],"id":235462992068610,"type":105}
@nix {"action":"result","fields":[0,0,0,0],"id":235462992068611,"type":105}
@nix {"action":"result","fields":[101,0],"id":235462992068609,"type":106}
@nix {"action":"result","fields":[100,0],"id":235462992068609,"type":106}
@nix {"action":"stop","id":235462992068633}
@nix {"action":"result","fields":[22,47,0,0],"id":235462992068610,"type":105}
@nix {"action":"result","fields":[0,0,0,0],"id":235462992068611,"type":105}
@nix {"action":"result","fields":[101,0],"id":235462992068609,"type":106}
@nix {"action":"result","fields":[100,0],"id":235462992068609,"type":106}
@nix {"action":"stop","id":235462992068632}
@nix {"action":"result","fields":[22,47,0,0],"id":235462992068610,"type":105}
@nix {"action":"result","fields":[0,0,0,0],"id":235462992068611,"type":105}
@nix {"action":"result","fields":[101,0],"id":235462992068609,"type":106}
@nix {"action":"result","fields":[100,0],"id":235462992068609,"type":106}
@nix {"action":"start","fields":["/Users/hetzner/obrador-shared-pins-20260909/round-1-after/chain-round-1-jobs-8/store/6m20l2y38vxydy5zvz9c9wxc99q9zwg4-leaf-7.drv","",1,1],"id":235462992068634,"level":3,"parent":0,"text":"building '/Users/hetzner/obrador-shared-pins-20260909/round-1-after/chain-round-1-jobs-8/store/6m20l2y38vxydy5zvz9c9wxc99q9zwg4-leaf-7.drv'","type":105}
@nix {"action":"result","fields":[22,47,1,0],"id":235462992068610,"type":105}
@nix {"action":"result","fields":[0,0,0,0],"id":235462992068611,"type":105}
@nix {"action":"result","fields":[101,0],"id":235462992068609,"type":106}
@nix {"action":"result","fields":[100,0],"id":235462992068609,"type":106}
@nix {"action":"result","fields":[23,48,0,0],"id":235462992068610,"type":105}
@nix {"action":"result","fields":[0,0,0,0],"id":235462992068611,"type":105}
@nix {"action":"result","fields":[101,0],"id":235462992068609,"type":106}
@nix {"action":"result","fields":[100,0],"id":235462992068609,"type":106}
@nix {"action":"stop","id":235462992068634}
@nix {"action":"start","fields":["/Users/hetzner/obrador-shared-pins-20260909/round-1-after/chain-round-1-jobs-8/store/nxvdibfr7y6h1b97xra8k9yj9yq3in86-leaf-8.drv.drv","/Users/hetzner/obrador-shared-pins-20260909/round-1-after/chain-round-1-jobs-8/store/hvn9x0man341srn7brh1ggbcgsqrnmpz-leaf-8.drv.drv"],"id":235462992068635,"level":3,"parent":0,"text":"resolved derivation: '/Users/hetzner/obrador-shared-pins-20260909/round-1-after/chain-round-1-jobs-8/store/nxvdibfr7y6h1b97xra8k9yj9yq3in86-leaf-8.drv.drv' -> '/Users/hetzner/obrador-shared-pins-20260909/round-1-after/chain-round-1-jobs-8/store/hvn9x0man341srn7brh1ggbcgsqrnmpz-leaf-8.drv.drv'","type":111}
@nix {"action":"result","fields":[23,48,0,0],"id":235462992068610,"type":105}
@nix {"action":"result","fields":[0,0,0,0],"id":235462992068611,"type":105}
@nix {"action":"result","fields":[101,0],"id":235462992068609,"type":106}
@nix {"action":"result","fields":[100,0],"id":235462992068609,"type":106}
@nix {"action":"start","fields":["/Users/hetzner/obrador-shared-pins-20260909/round-1-after/chain-round-1-jobs-8/store/hvn9x0man341srn7brh1ggbcgsqrnmpz-leaf-8.drv.drv","",1,1],"id":235462992068636,"level":3,"parent":0,"text":"building '/Users/hetzner/obrador-shared-pins-20260909/round-1-after/chain-round-1-jobs-8/store/hvn9x0man341srn7brh1ggbcgsqrnmpz-leaf-8.drv.drv'","type":105}
@nix {"action":"result","fields":[23,48,1,0],"id":235462992068610,"type":105}
@nix {"action":"result","fields":[0,0,0,0],"id":235462992068611,"type":105}
@nix {"action":"result","fields":[101,0],"id":235462992068609,"type":106}
@nix {"action":"result","fields":[100,0],"id":235462992068609,"type":106}
@nix {"action":"result","fields":[24,49,0,0],"id":235462992068610,"type":105}
@nix {"action":"result","fields":[0,0,0,0],"id":235462992068611,"type":105}
@nix {"action":"result","fields":[101,0],"id":235462992068609,"type":106}
@nix {"action":"result","fields":[100,0],"id":235462992068609,"type":106}
@nix {"action":"stop","id":235462992068636}
@nix {"action":"result","fields":[25,49,0,0],"id":235462992068610,"type":105}
@nix {"action":"result","fields":[0,0,0,0],"id":235462992068611,"type":105}
@nix {"action":"result","fields":[101,0],"id":235462992068609,"type":106}
@nix {"action":"result","fields":[100,0],"id":235462992068609,"type":106}
@nix {"action":"stop","id":235462992068635}
@nix {"action":"result","fields":[25,49,0,0],"id":235462992068610,"type":105}
@nix {"action":"result","fields":[0,0,0,0],"id":235462992068611,"type":105}
@nix {"action":"result","fields":[101,0],"id":235462992068609,"type":106}
@nix {"action":"result","fields":[100,0],"id":235462992068609,"type":106}
@nix {"action":"start","fields":["/Users/hetzner/obrador-shared-pins-20260909/round-1-after/chain-round-1-jobs-8/store/w45n0lhqx4biqqmnd2yqs9apaygza5p0-leaf-8.drv","",1,1],"id":235462992068637,"level":3,"parent":0,"text":"building '/Users/hetzner/obrador-shared-pins-20260909/round-1-after/chain-round-1-jobs-8/store/w45n0lhqx4biqqmnd2yqs9apaygza5p0-leaf-8.drv'","type":105}
@nix {"action":"result","fields":[25,49,1,0],"id":235462992068610,"type":105}
@nix {"action":"result","fields":[0,0,0,0],"id":235462992068611,"type":105}
@nix {"action":"result","fields":[101,0],"id":235462992068609,"type":106}
@nix {"action":"result","fields":[100,0],"id":235462992068609,"type":106}
@nix {"action":"result","fields":[26,50,0,0],"id":235462992068610,"type":105}
@nix {"action":"result","fields":[0,0,0,0],"id":235462992068611,"type":105}
@nix {"action":"result","fields":[101,0],"id":235462992068609,"type":106}
@nix {"action":"result","fields":[100,0],"id":235462992068609,"type":106}
@nix {"action":"stop","id":235462992068637}
@nix {"action":"start","fields":["/Users/hetzner/obrador-shared-pins-20260909/round-1-after/chain-round-1-jobs-8/store/6f9gqrpp3xzzplpkirp22y8wng5dlx6j-leaf-9.drv.drv","/Users/hetzner/obrador-shared-pins-20260909/round-1-after/chain-round-1-jobs-8/store/pfg8y7f9xw30vyfpbb5bx0lq9bh84ydg-leaf-9.drv.drv"],"id":235462992068638,"level":3,"parent":0,"text":"resolved derivation: '/Users/hetzner/obrador-shared-pins-20260909/round-1-after/chain-round-1-jobs-8/store/6f9gqrpp3xzzplpkirp22y8wng5dlx6j-leaf-9.drv.drv' -> '/Users/hetzner/obrador-shared-pins-20260909/round-1-after/chain-round-1-jobs-8/store/pfg8y7f9xw30vyfpbb5bx0lq9bh84ydg-leaf-9.drv.drv'","type":111}
@nix {"action":"result","fields":[26,50,0,0],"id":235462992068610,"type":105}
@nix {"action":"result","fields":[0,0,0,0],"id":235462992068611,"type":105}
@nix {"action":"result","fields":[101,0],"id":235462992068609,"type":106}
@nix {"action":"result","fields":[100,0],"id":235462992068609,"type":106}
@nix {"action":"start","fields":["/Users/hetzner/obrador-shared-pins-20260909/round-1-after/chain-round-1-jobs-8/store/pfg8y7f9xw30vyfpbb5bx0lq9bh84ydg-leaf-9.drv.drv","",1,1],"id":235462992068639,"level":3,"parent":0,"text":"building '/Users/hetzner/obrador-shared-pins-20260909/round-1-after/chain-round-1-jobs-8/store/pfg8y7f9xw30vyfpbb5bx0lq9bh84ydg-leaf-9.drv.drv'","type":105}
@nix {"action":"result","fields":[26,50,1,0],"id":235462992068610,"type":105}
@nix {"action":"result","fields":[0,0,0,0],"id":235462992068611,"type":105}
@nix {"action":"result","fields":[101,0],"id":235462992068609,"type":106}
@nix {"action":"result","fields":[100,0],"id":235462992068609,"type":106}
@nix {"action":"result","fields":[27,51,0,0],"id":235462992068610,"type":105}
@nix {"action":"result","fields":[0,0,0,0],"id":235462992068611,"type":105}
@nix {"action":"result","fields":[101,0],"id":235462992068609,"type":106}
@nix {"action":"result","fields":[100,0],"id":235462992068609,"type":106}
@nix {"action":"stop","id":235462992068639}
@nix {"action":"result","fields":[28,51,0,0],"id":235462992068610,"type":105}
@nix {"action":"result","fields":[0,0,0,0],"id":235462992068611,"type":105}
@nix {"action":"result","fields":[101,0],"id":235462992068609,"type":106}
@nix {"action":"result","fields":[100,0],"id":235462992068609,"type":106}
@nix {"action":"stop","id":235462992068638}
@nix {"action":"result","fields":[28,51,0,0],"id":235462992068610,"type":105}
@nix {"action":"result","fields":[0,0,0,0],"id":235462992068611,"type":105}
@nix {"action":"result","fields":[101,0],"id":235462992068609,"type":106}
@nix {"action":"result","fields":[100,0],"id":235462992068609,"type":106}
@nix {"action":"start","fields":["/Users/hetzner/obrador-shared-pins-20260909/round-1-after/chain-round-1-jobs-8/store/76p1djk531shswg2nzj8if808l4yi4k9-leaf-9.drv","",1,1],"id":235462992068640,"level":3,"parent":0,"text":"building '/Users/hetzner/obrador-shared-pins-20260909/round-1-after/chain-round-1-jobs-8/store/76p1djk531shswg2nzj8if808l4yi4k9-leaf-9.drv'","type":105}
@nix {"action":"result","fields":[28,51,1,0],"id":235462992068610,"type":105}
@nix {"action":"result","fields":[0,0,0,0],"id":235462992068611,"type":105}
@nix {"action":"result","fields":[101,0],"id":235462992068609,"type":106}
@nix {"action":"result","fields":[100,0],"id":235462992068609,"type":106}
@nix {"action":"result","fields":[29,52,0,0],"id":235462992068610,"type":105}
@nix {"action":"result","fields":[0,0,0,0],"id":235462992068611,"type":105}
@nix {"action":"result","fields":[101,0],"id":235462992068609,"type":106}
@nix {"action":"result","fields":[100,0],"id":235462992068609,"type":106}
@nix {"action":"stop","id":235462992068640}
@nix {"action":"start","fields":["/Users/hetzner/obrador-shared-pins-20260909/round-1-after/chain-round-1-jobs-8/store/09pj0d593nypz685r3ba0m0nsn6dn659-leaf-10.drv.drv","/Users/hetzner/obrador-shared-pins-20260909/round-1-after/chain-round-1-jobs-8/store/59gp4wfi2ky9x2p0zgc3gbbp905c0jx8-leaf-10.drv.drv"],"id":235462992068641,"level":3,"parent":0,"text":"resolved derivation: '/Users/hetzner/obrador-shared-pins-20260909/round-1-after/chain-round-1-jobs-8/store/09pj0d593nypz685r3ba0m0nsn6dn659-leaf-10.drv.drv' -> '/Users/hetzner/obrador-shared-pins-20260909/round-1-after/chain-round-1-jobs-8/store/59gp4wfi2ky9x2p0zgc3gbbp905c0jx8-leaf-10.drv.drv'","type":111}
@nix {"action":"result","fields":[29,52,0,0],"id":235462992068610,"type":105}
@nix {"action":"result","fields":[0,0,0,0],"id":235462992068611,"type":105}
@nix {"action":"result","fields":[101,0],"id":235462992068609,"type":106}
@nix {"action":"result","fields":[100,0],"id":235462992068609,"type":106}
@nix {"action":"start","fields":["/Users/hetzner/obrador-shared-pins-20260909/round-1-after/chain-round-1-jobs-8/store/59gp4wfi2ky9x2p0zgc3gbbp905c0jx8-leaf-10.drv.drv","",1,1],"id":235462992068642,"level":3,"parent":0,"text":"building '/Users/hetzner/obrador-shared-pins-20260909/round-1-after/chain-round-1-jobs-8/store/59gp4wfi2ky9x2p0zgc3gbbp905c0jx8-leaf-10.drv.drv'","type":105}
@nix {"action":"result","fields":[29,52,1,0],"id":235462992068610,"type":105}
@nix {"action":"result","fields":[0,0,0,0],"id":235462992068611,"type":105}
@nix {"action":"result","fields":[101,0],"id":235462992068609,"type":106}
@nix {"action":"result","fields":[100,0],"id":235462992068609,"type":106}
@nix {"action":"result","fields":[30,53,0,0],"id":235462992068610,"type":105}
@nix {"action":"result","fields":[0,0,0,0],"id":235462992068611,"type":105}
@nix {"action":"result","fields":[101,0],"id":235462992068609,"type":106}
@nix {"action":"result","fields":[100,0],"id":235462992068609,"type":106}
@nix {"action":"stop","id":235462992068642}
@nix {"action":"result","fields":[31,53,0,0],"id":235462992068610,"type":105}
@nix {"action":"result","fields":[0,0,0,0],"id":235462992068611,"type":105}
@nix {"action":"result","fields":[101,0],"id":235462992068609,"type":106}
@nix {"action":"result","fields":[100,0],"id":235462992068609,"type":106}
@nix {"action":"stop","id":235462992068641}
@nix {"action":"result","fields":[31,53,0,0],"id":235462992068610,"type":105}
@nix {"action":"result","fields":[0,0,0,0],"id":235462992068611,"type":105}
@nix {"action":"result","fields":[101,0],"id":235462992068609,"type":106}
@nix {"action":"result","fields":[100,0],"id":235462992068609,"type":106}
@nix {"action":"start","fields":["/Users/hetzner/obrador-shared-pins-20260909/round-1-after/chain-round-1-jobs-8/store/n87p9wklx626gs6j8m50lsppahcc32yk-leaf-10.drv","",1,1],"id":235462992068643,"level":3,"parent":0,"text":"building '/Users/hetzner/obrador-shared-pins-20260909/round-1-after/chain-round-1-jobs-8/store/n87p9wklx626gs6j8m50lsppahcc32yk-leaf-10.drv'","type":105}
@nix {"action":"result","fields":[31,53,1,0],"id":235462992068610,"type":105}
@nix {"action":"result","fields":[0,0,0,0],"id":235462992068611,"type":105}
@nix {"action":"result","fields":[101,0],"id":235462992068609,"type":106}
@nix {"action":"result","fields":[100,0],"id":235462992068609,"type":106}
@nix {"action":"result","fields":[32,54,0,0],"id":235462992068610,"type":105}
@nix {"action":"result","fields":[0,0,0,0],"id":235462992068611,"type":105}
@nix {"action":"result","fields":[101,0],"id":235462992068609,"type":106}
@nix {"action":"result","fields":[100,0],"id":235462992068609,"type":106}
@nix {"action":"stop","id":235462992068643}
@nix {"action":"start","fields":["/Users/hetzner/obrador-shared-pins-20260909/round-1-after/chain-round-1-jobs-8/store/ix5idf7rqd7lvcks68xjwinq2zg4fj10-leaf-11.drv.drv","/Users/hetzner/obrador-shared-pins-20260909/round-1-after/chain-round-1-jobs-8/store/1ym5sq0rkc04qsx97v18gv00rl47vccs-leaf-11.drv.drv"],"id":235462992068644,"level":3,"parent":0,"text":"resolved derivation: '/Users/hetzner/obrador-shared-pins-20260909/round-1-after/chain-round-1-jobs-8/store/ix5idf7rqd7lvcks68xjwinq2zg4fj10-leaf-11.drv.drv' -> '/Users/hetzner/obrador-shared-pins-20260909/round-1-after/chain-round-1-jobs-8/store/1ym5sq0rkc04qsx97v18gv00rl47vccs-leaf-11.drv.drv'","type":111}
@nix {"action":"result","fields":[32,54,0,0],"id":235462992068610,"type":105}
@nix {"action":"result","fields":[0,0,0,0],"id":235462992068611,"type":105}
@nix {"action":"result","fields":[101,0],"id":235462992068609,"type":106}
@nix {"action":"result","fields":[100,0],"id":235462992068609,"type":106}
@nix {"action":"start","fields":["/Users/hetzner/obrador-shared-pins-20260909/round-1-after/chain-round-1-jobs-8/store/1ym5sq0rkc04qsx97v18gv00rl47vccs-leaf-11.drv.drv","",1,1],"id":235462992068645,"level":3,"parent":0,"text":"building '/Users/hetzner/obrador-shared-pins-20260909/round-1-after/chain-round-1-jobs-8/store/1ym5sq0rkc04qsx97v18gv00rl47vccs-leaf-11.drv.drv'","type":105}
@nix {"action":"result","fields":[32,54,1,0],"id":235462992068610,"type":105}
@nix {"action":"result","fields":[0,0,0,0],"id":235462992068611,"type":105}
@nix {"action":"result","fields":[101,0],"id":235462992068609,"type":106}
@nix {"action":"result","fields":[100,0],"id":235462992068609,"type":106}
@nix {"action":"result","fields":[33,55,0,0],"id":235462992068610,"type":105}
@nix {"action":"result","fields":[0,0,0,0],"id":235462992068611,"type":105}
@nix {"action":"result","fields":[101,0],"id":235462992068609,"type":106}
@nix {"action":"result","fields":[100,0],"id":235462992068609,"type":106}
@nix {"action":"stop","id":235462992068645}
@nix {"action":"result","fields":[34,55,0,0],"id":235462992068610,"type":105}
@nix {"action":"result","fields":[0,0,0,0],"id":235462992068611,"type":105}
@nix {"action":"result","fields":[101,0],"id":235462992068609,"type":106}
@nix {"action":"result","fields":[100,0],"id":235462992068609,"type":106}
@nix {"action":"stop","id":235462992068644}
@nix {"action":"result","fields":[34,55,0,0],"id":235462992068610,"type":105}
@nix {"action":"result","fields":[0,0,0,0],"id":235462992068611,"type":105}
@nix {"action":"result","fields":[101,0],"id":235462992068609,"type":106}
@nix {"action":"result","fields":[100,0],"id":235462992068609,"type":106}
@nix {"action":"start","fields":["/Users/hetzner/obrador-shared-pins-20260909/round-1-after/chain-round-1-jobs-8/store/ka8qvylyd5q7nhms8b0jqa2gmfl7dyi3-leaf-11.drv","",1,1],"id":235462992068646,"level":3,"parent":0,"text":"building '/Users/hetzner/obrador-shared-pins-20260909/round-1-after/chain-round-1-jobs-8/store/ka8qvylyd5q7nhms8b0jqa2gmfl7dyi3-leaf-11.drv'","type":105}
@nix {"action":"result","fields":[34,55,1,0],"id":235462992068610,"type":105}
@nix {"action":"result","fields":[0,0,0,0],"id":235462992068611,"type":105}
@nix {"action":"result","fields":[101,0],"id":235462992068609,"type":106}
@nix {"action":"result","fields":[100,0],"id":235462992068609,"type":106}
@nix {"action":"result","fields":[35,56,0,0],"id":235462992068610,"type":105}
@nix {"action":"result","fields":[0,0,0,0],"id":235462992068611,"type":105}
@nix {"action":"result","fields":[101,0],"id":235462992068609,"type":106}
@nix {"action":"result","fields":[100,0],"id":235462992068609,"type":106}
@nix {"action":"stop","id":235462992068646}
@nix {"action":"start","fields":["/Users/hetzner/obrador-shared-pins-20260909/round-1-after/chain-round-1-jobs-8/store/0c557wvdnk3lmqvnxdclrjf7kl4c3j70-leaf-12.drv.drv","/Users/hetzner/obrador-shared-pins-20260909/round-1-after/chain-round-1-jobs-8/store/p71k25k1xf6vy4ipn1gl1h4xc706w087-leaf-12.drv.drv"],"id":235462992068647,"level":3,"parent":0,"text":"resolved derivation: '/Users/hetzner/obrador-shared-pins-20260909/round-1-after/chain-round-1-jobs-8/store/0c557wvdnk3lmqvnxdclrjf7kl4c3j70-leaf-12.drv.drv' -> '/Users/hetzner/obrador-shared-pins-20260909/round-1-after/chain-round-1-jobs-8/store/p71k25k1xf6vy4ipn1gl1h4xc706w087-leaf-12.drv.drv'","type":111}
@nix {"action":"result","fields":[35,56,0,0],"id":235462992068610,"type":105}
@nix {"action":"result","fields":[0,0,0,0],"id":235462992068611,"type":105}
@nix {"action":"result","fields":[101,0],"id":235462992068609,"type":106}
@nix {"action":"result","fields":[100,0],"id":235462992068609,"type":106}
@nix {"action":"start","fields":["/Users/hetzner/obrador-shared-pins-20260909/round-1-after/chain-round-1-jobs-8/store/p71k25k1xf6vy4ipn1gl1h4xc706w087-leaf-12.drv.drv","",1,1],"id":235462992068648,"level":3,"parent":0,"text":"building '/Users/hetzner/obrador-shared-pins-20260909/round-1-after/chain-round-1-jobs-8/store/p71k25k1xf6vy4ipn1gl1h4xc706w087-leaf-12.drv.drv'","type":105}
@nix {"action":"result","fields":[35,56,1,0],"id":235462992068610,"type":105}
@nix {"action":"result","fields":[0,0,0,0],"id":235462992068611,"type":105}
@nix {"action":"result","fields":[101,0],"id":235462992068609,"type":106}
@nix {"action":"result","fields":[100,0],"id":235462992068609,"type":106}
@nix {"action":"result","fields":[36,57,0,0],"id":235462992068610,"type":105}
@nix {"action":"result","fields":[0,0,0,0],"id":235462992068611,"type":105}
@nix {"action":"result","fields":[101,0],"id":235462992068609,"type":106}
@nix {"action":"result","fields":[100,0],"id":235462992068609,"type":106}
@nix {"action":"stop","id":235462992068648}
@nix {"action":"result","fields":[37,57,0,0],"id":235462992068610,"type":105}
@nix {"action":"result","fields":[0,0,0,0],"id":235462992068611,"type":105}
@nix {"action":"result","fields":[101,0],"id":235462992068609,"type":106}
@nix {"action":"result","fields":[100,0],"id":235462992068609,"type":106}
@nix {"action":"stop","id":235462992068647}
@nix {"action":"result","fields":[37,57,0,0],"id":235462992068610,"type":105}
@nix {"action":"result","fields":[0,0,0,0],"id":235462992068611,"type":105}
@nix {"action":"result","fields":[101,0],"id":235462992068609,"type":106}
@nix {"action":"result","fields":[100,0],"id":235462992068609,"type":106}
@nix {"action":"start","fields":["/Users/hetzner/obrador-shared-pins-20260909/round-1-after/chain-round-1-jobs-8/store/lg51b7asrwysy3nz36wq13mhb61wp2fd-leaf-12.drv","",1,1],"id":235462992068649,"level":3,"parent":0,"text":"building '/Users/hetzner/obrador-shared-pins-20260909/round-1-after/chain-round-1-jobs-8/store/lg51b7asrwysy3nz36wq13mhb61wp2fd-leaf-12.drv'","type":105}
@nix {"action":"result","fields":[37,57,1,0],"id":235462992068610,"type":105}
@nix {"action":"result","fields":[0,0,0,0],"id":235462992068611,"type":105}
@nix {"action":"result","fields":[101,0],"id":235462992068609,"type":106}
@nix {"action":"result","fields":[100,0],"id":235462992068609,"type":106}
@nix {"action":"result","fields":[38,58,0,0],"id":235462992068610,"type":105}
@nix {"action":"result","fields":[0,0,0,0],"id":235462992068611,"type":105}
@nix {"action":"result","fields":[101,0],"id":235462992068609,"type":106}
@nix {"action":"result","fields":[100,0],"id":235462992068609,"type":106}
@nix {"action":"stop","id":235462992068649}
@nix {"action":"start","fields":["/Users/hetzner/obrador-shared-pins-20260909/round-1-after/chain-round-1-jobs-8/store/4fw15ilfn335kp4nwwbyanqj0cbk0a1p-leaf-13.drv.drv","/Users/hetzner/obrador-shared-pins-20260909/round-1-after/chain-round-1-jobs-8/store/b24xababwkcnmin2bn5dlzj7b6jfcwhy-leaf-13.drv.drv"],"id":235462992068650,"level":3,"parent":0,"text":"resolved derivation: '/Users/hetzner/obrador-shared-pins-20260909/round-1-after/chain-round-1-jobs-8/store/4fw15ilfn335kp4nwwbyanqj0cbk0a1p-leaf-13.drv.drv' -> '/Users/hetzner/obrador-shared-pins-20260909/round-1-after/chain-round-1-jobs-8/store/b24xababwkcnmin2bn5dlzj7b6jfcwhy-leaf-13.drv.drv'","type":111}
@nix {"action":"result","fields":[38,58,0,0],"id":235462992068610,"type":105}
@nix {"action":"result","fields":[0,0,0,0],"id":235462992068611,"type":105}
@nix {"action":"result","fields":[101,0],"id":235462992068609,"type":106}
@nix {"action":"result","fields":[100,0],"id":235462992068609,"type":106}
@nix {"action":"start","fields":["/Users/hetzner/obrador-shared-pins-20260909/round-1-after/chain-round-1-jobs-8/store/b24xababwkcnmin2bn5dlzj7b6jfcwhy-leaf-13.drv.drv","",1,1],"id":235462992068651,"level":3,"parent":0,"text":"building '/Users/hetzner/obrador-shared-pins-20260909/round-1-after/chain-round-1-jobs-8/store/b24xababwkcnmin2bn5dlzj7b6jfcwhy-leaf-13.drv.drv'","type":105}
@nix {"action":"result","fields":[38,58,1,0],"id":235462992068610,"type":105}
@nix {"action":"result","fields":[0,0,0,0],"id":235462992068611,"type":105}
@nix {"action":"result","fields":[101,0],"id":235462992068609,"type":106}
@nix {"action":"result","fields":[100,0],"id":235462992068609,"type":106}
@nix {"action":"result","fields":[39,59,0,0],"id":235462992068610,"type":105}
@nix {"action":"result","fields":[0,0,0,0],"id":235462992068611,"type":105}
@nix {"action":"result","fields":[101,0],"id":235462992068609,"type":106}
@nix {"action":"result","fields":[100,0],"id":235462992068609,"type":106}
@nix {"action":"stop","id":235462992068651}
@nix {"action":"result","fields":[40,59,0,0],"id":235462992068610,"type":105}
@nix {"action":"result","fields":[0,0,0,0],"id":235462992068611,"type":105}
@nix {"action":"result","fields":[101,0],"id":235462992068609,"type":106}
@nix {"action":"result","fields":[100,0],"id":235462992068609,"type":106}
@nix {"action":"stop","id":235462992068650}
@nix {"action":"result","fields":[40,59,0,0],"id":235462992068610,"type":105}
@nix {"action":"result","fields":[0,0,0,0],"id":235462992068611,"type":105}
@nix {"action":"result","fields":[101,0],"id":235462992068609,"type":106}
@nix {"action":"result","fields":[100,0],"id":235462992068609,"type":106}
@nix {"action":"start","fields":["/Users/hetzner/obrador-shared-pins-20260909/round-1-after/chain-round-1-jobs-8/store/d99xx1fiznaphdkxvnyci5m66qpjipqg-leaf-13.drv","",1,1],"id":235462992068652,"level":3,"parent":0,"text":"building '/Users/hetzner/obrador-shared-pins-20260909/round-1-after/chain-round-1-jobs-8/store/d99xx1fiznaphdkxvnyci5m66qpjipqg-leaf-13.drv'","type":105}
@nix {"action":"result","fields":[40,59,1,0],"id":235462992068610,"type":105}
@nix {"action":"result","fields":[0,0,0,0],"id":235462992068611,"type":105}
@nix {"action":"result","fields":[101,0],"id":235462992068609,"type":106}
@nix {"action":"result","fields":[100,0],"id":235462992068609,"type":106}
@nix {"action":"result","fields":[41,60,0,0],"id":235462992068610,"type":105}
@nix {"action":"result","fields":[0,0,0,0],"id":235462992068611,"type":105}
@nix {"action":"result","fields":[101,0],"id":235462992068609,"type":106}
@nix {"action":"result","fields":[100,0],"id":235462992068609,"type":106}
@nix {"action":"stop","id":235462992068652}
@nix {"action":"start","fields":["/Users/hetzner/obrador-shared-pins-20260909/round-1-after/chain-round-1-jobs-8/store/3mav2k609m9c9qf1vmdrc1lk7f328awk-leaf-14.drv.drv","/Users/hetzner/obrador-shared-pins-20260909/round-1-after/chain-round-1-jobs-8/store/8pkwk12s2kw9y5zx8yjgp8y3jyv69nkr-leaf-14.drv.drv"],"id":235462992068653,"level":3,"parent":0,"text":"resolved derivation: '/Users/hetzner/obrador-shared-pins-20260909/round-1-after/chain-round-1-jobs-8/store/3mav2k609m9c9qf1vmdrc1lk7f328awk-leaf-14.drv.drv' -> '/Users/hetzner/obrador-shared-pins-20260909/round-1-after/chain-round-1-jobs-8/store/8pkwk12s2kw9y5zx8yjgp8y3jyv69nkr-leaf-14.drv.drv'","type":111}
@nix {"action":"result","fields":[41,60,0,0],"id":235462992068610,"type":105}
@nix {"action":"result","fields":[0,0,0,0],"id":235462992068611,"type":105}
@nix {"action":"result","fields":[101,0],"id":235462992068609,"type":106}
@nix {"action":"result","fields":[100,0],"id":235462992068609,"type":106}
@nix {"action":"start","fields":["/Users/hetzner/obrador-shared-pins-20260909/round-1-after/chain-round-1-jobs-8/store/8pkwk12s2kw9y5zx8yjgp8y3jyv69nkr-leaf-14.drv.drv","",1,1],"id":235462992068654,"level":3,"parent":0,"text":"building '/Users/hetzner/obrador-shared-pins-20260909/round-1-after/chain-round-1-jobs-8/store/8pkwk12s2kw9y5zx8yjgp8y3jyv69nkr-leaf-14.drv.drv'","type":105}
@nix {"action":"result","fields":[41,60,1,0],"id":235462992068610,"type":105}
@nix {"action":"result","fields":[0,0,0,0],"id":235462992068611,"type":105}
@nix {"action":"result","fields":[101,0],"id":235462992068609,"type":106}
@nix {"action":"result","fields":[100,0],"id":235462992068609,"type":106}
@nix {"action":"result","fields":[42,61,0,0],"id":235462992068610,"type":105}
@nix {"action":"result","fields":[0,0,0,0],"id":235462992068611,"type":105}
@nix {"action":"result","fields":[101,0],"id":235462992068609,"type":106}
@nix {"action":"result","fields":[100,0],"id":235462992068609,"type":106}
@nix {"action":"stop","id":235462992068654}
@nix {"action":"result","fields":[43,61,0,0],"id":235462992068610,"type":105}
@nix {"action":"result","fields":[0,0,0,0],"id":235462992068611,"type":105}
@nix {"action":"result","fields":[101,0],"id":235462992068609,"type":106}
@nix {"action":"result","fields":[100,0],"id":235462992068609,"type":106}
@nix {"action":"stop","id":235462992068653}
@nix {"action":"result","fields":[43,61,0,0],"id":235462992068610,"type":105}
@nix {"action":"result","fields":[0,0,0,0],"id":235462992068611,"type":105}
@nix {"action":"result","fields":[101,0],"id":235462992068609,"type":106}
@nix {"action":"result","fields":[100,0],"id":235462992068609,"type":106}
@nix {"action":"start","fields":["/Users/hetzner/obrador-shared-pins-20260909/round-1-after/chain-round-1-jobs-8/store/brkj8skpf5frp2wqpzc21bfaywcb8my7-leaf-14.drv","",1,1],"id":235462992068655,"level":3,"parent":0,"text":"building '/Users/hetzner/obrador-shared-pins-20260909/round-1-after/chain-round-1-jobs-8/store/brkj8skpf5frp2wqpzc21bfaywcb8my7-leaf-14.drv'","type":105}
@nix {"action":"result","fields":[43,61,1,0],"id":235462992068610,"type":105}
@nix {"action":"result","fields":[0,0,0,0],"id":235462992068611,"type":105}
@nix {"action":"result","fields":[101,0],"id":235462992068609,"type":106}
@nix {"action":"result","fields":[100,0],"id":235462992068609,"type":106}
@nix {"action":"result","fields":[44,62,0,0],"id":235462992068610,"type":105}
@nix {"action":"result","fields":[0,0,0,0],"id":235462992068611,"type":105}
@nix {"action":"result","fields":[101,0],"id":235462992068609,"type":106}
@nix {"action":"result","fields":[100,0],"id":235462992068609,"type":106}
@nix {"action":"stop","id":235462992068655}
@nix {"action":"start","fields":["/Users/hetzner/obrador-shared-pins-20260909/round-1-after/chain-round-1-jobs-8/store/i7zxspdnh9cjn6xv31xvg53qi0j595d8-leaf-15.drv.drv","/Users/hetzner/obrador-shared-pins-20260909/round-1-after/chain-round-1-jobs-8/store/ck3dhajkl524i89zs3vsp7ak2s79601b-leaf-15.drv.drv"],"id":235462992068656,"level":3,"parent":0,"text":"resolved derivation: '/Users/hetzner/obrador-shared-pins-20260909/round-1-after/chain-round-1-jobs-8/store/i7zxspdnh9cjn6xv31xvg53qi0j595d8-leaf-15.drv.drv' -> '/Users/hetzner/obrador-shared-pins-20260909/round-1-after/chain-round-1-jobs-8/store/ck3dhajkl524i89zs3vsp7ak2s79601b-leaf-15.drv.drv'","type":111}
@nix {"action":"result","fields":[44,62,0,0],"id":235462992068610,"type":105}
@nix {"action":"result","fields":[0,0,0,0],"id":235462992068611,"type":105}
@nix {"action":"result","fields":[101,0],"id":235462992068609,"type":106}
@nix {"action":"result","fields":[100,0],"id":235462992068609,"type":106}
@nix {"action":"start","fields":["/Users/hetzner/obrador-shared-pins-20260909/round-1-after/chain-round-1-jobs-8/store/ck3dhajkl524i89zs3vsp7ak2s79601b-leaf-15.drv.drv","",1,1],"id":235462992068657,"level":3,"parent":0,"text":"building '/Users/hetzner/obrador-shared-pins-20260909/round-1-after/chain-round-1-jobs-8/store/ck3dhajkl524i89zs3vsp7ak2s79601b-leaf-15.drv.drv'","type":105}
@nix {"action":"result","fields":[44,62,1,0],"id":235462992068610,"type":105}
@nix {"action":"result","fields":[0,0,0,0],"id":235462992068611,"type":105}
@nix {"action":"result","fields":[101,0],"id":235462992068609,"type":106}
@nix {"action":"result","fields":[100,0],"id":235462992068609,"type":106}
@nix {"action":"result","fields":[45,63,0,0],"id":235462992068610,"type":105}
@nix {"action":"result","fields":[0,0,0,0],"id":235462992068611,"type":105}
@nix {"action":"result","fields":[101,0],"id":235462992068609,"type":106}
@nix {"action":"result","fields":[100,0],"id":235462992068609,"type":106}
@nix {"action":"stop","id":235462992068657}
@nix {"action":"result","fields":[46,63,0,0],"id":235462992068610,"type":105}
@nix {"action":"result","fields":[0,0,0,0],"id":235462992068611,"type":105}
@nix {"action":"result","fields":[101,0],"id":235462992068609,"type":106}
@nix {"action":"result","fields":[100,0],"id":235462992068609,"type":106}
@nix {"action":"stop","id":235462992068656}
@nix {"action":"result","fields":[46,63,0,0],"id":235462992068610,"type":105}
@nix {"action":"result","fields":[0,0,0,0],"id":235462992068611,"type":105}
@nix {"action":"result","fields":[101,0],"id":235462992068609,"type":106}
@nix {"action":"result","fields":[100,0],"id":235462992068609,"type":106}
@nix {"action":"start","fields":["/Users/hetzner/obrador-shared-pins-20260909/round-1-after/chain-round-1-jobs-8/store/bqwfmx4wwd2w8qh5rhajlh01l2z9mw23-leaf-15.drv","",1,1],"id":235462992068658,"level":3,"parent":0,"text":"building '/Users/hetzner/obrador-shared-pins-20260909/round-1-after/chain-round-1-jobs-8/store/bqwfmx4wwd2w8qh5rhajlh01l2z9mw23-leaf-15.drv'","type":105}
@nix {"action":"result","fields":[46,63,1,0],"id":235462992068610,"type":105}
@nix {"action":"result","fields":[0,0,0,0],"id":235462992068611,"type":105}
@nix {"action":"result","fields":[101,0],"id":235462992068609,"type":106}
@nix {"action":"result","fields":[100,0],"id":235462992068609,"type":106}
@nix {"action":"result","fields":[47,64,0,0],"id":235462992068610,"type":105}
@nix {"action":"result","fields":[0,0,0,0],"id":235462992068611,"type":105}
@nix {"action":"result","fields":[101,0],"id":235462992068609,"type":106}
@nix {"action":"result","fields":[100,0],"id":235462992068609,"type":106}
@nix {"action":"stop","id":235462992068658}
@nix {"action":"start","fields":["/Users/hetzner/obrador-shared-pins-20260909/round-1-after/chain-round-1-jobs-8/store/r01hz8whc6cw8i25yfp988akw7052d6d-leaf-16.drv.drv","/Users/hetzner/obrador-shared-pins-20260909/round-1-after/chain-round-1-jobs-8/store/xm8lyznhkqripxm6djgkhhpmwf2swagj-leaf-16.drv.drv"],"id":235462992068659,"level":3,"parent":0,"text":"resolved derivation: '/Users/hetzner/obrador-shared-pins-20260909/round-1-after/chain-round-1-jobs-8/store/r01hz8whc6cw8i25yfp988akw7052d6d-leaf-16.drv.drv' -> '/Users/hetzner/obrador-shared-pins-20260909/round-1-after/chain-round-1-jobs-8/store/xm8lyznhkqripxm6djgkhhpmwf2swagj-leaf-16.drv.drv'","type":111}
@nix {"action":"result","fields":[47,64,0,0],"id":235462992068610,"type":105}
@nix {"action":"result","fields":[0,0,0,0],"id":235462992068611,"type":105}
@nix {"action":"result","fields":[101,0],"id":235462992068609,"type":106}
@nix {"action":"result","fields":[100,0],"id":235462992068609,"type":106}
@nix {"action":"start","fields":["/Users/hetzner/obrador-shared-pins-20260909/round-1-after/chain-round-1-jobs-8/store/xm8lyznhkqripxm6djgkhhpmwf2swagj-leaf-16.drv.drv","",1,1],"id":235462992068660,"level":3,"parent":0,"text":"building '/Users/hetzner/obrador-shared-pins-20260909/round-1-after/chain-round-1-jobs-8/store/xm8lyznhkqripxm6djgkhhpmwf2swagj-leaf-16.drv.drv'","type":105}
@nix {"action":"result","fields":[47,64,1,0],"id":235462992068610,"type":105}
@nix {"action":"result","fields":[0,0,0,0],"id":235462992068611,"type":105}
@nix {"action":"result","fields":[101,0],"id":235462992068609,"type":106}
@nix {"action":"result","fields":[100,0],"id":235462992068609,"type":106}
@nix {"action":"result","fields":[48,65,0,0],"id":235462992068610,"type":105}
@nix {"action":"result","fields":[0,0,0,0],"id":235462992068611,"type":105}
@nix {"action":"result","fields":[101,0],"id":235462992068609,"type":106}
@nix {"action":"result","fields":[100,0],"id":235462992068609,"type":106}
@nix {"action":"stop","id":235462992068660}
@nix {"action":"result","fields":[49,65,0,0],"id":235462992068610,"type":105}
@nix {"action":"result","fields":[0,0,0,0],"id":235462992068611,"type":105}
@nix {"action":"result","fields":[101,0],"id":235462992068609,"type":106}
@nix {"action":"result","fields":[100,0],"id":235462992068609,"type":106}
@nix {"action":"stop","id":235462992068659}
@nix {"action":"result","fields":[49,65,0,0],"id":235462992068610,"type":105}
@nix {"action":"result","fields":[0,0,0,0],"id":235462992068611,"type":105}
@nix {"action":"result","fields":[101,0],"id":235462992068609,"type":106}
@nix {"action":"result","fields":[100,0],"id":235462992068609,"type":106}
@nix {"action":"start","fields":["/Users/hetzner/obrador-shared-pins-20260909/round-1-after/chain-round-1-jobs-8/store/64c8hbpjydxxxf3icxx18qccvqp7ffsl-leaf-16.drv","",1,1],"id":235462992068661,"level":3,"parent":0,"text":"building '/Users/hetzner/obrador-shared-pins-20260909/round-1-after/chain-round-1-jobs-8/store/64c8hbpjydxxxf3icxx18qccvqp7ffsl-leaf-16.drv'","type":105}
@nix {"action":"result","fields":[49,65,1,0],"id":235462992068610,"type":105}
@nix {"action":"result","fields":[0,0,0,0],"id":235462992068611,"type":105}
@nix {"action":"result","fields":[101,0],"id":235462992068609,"type":106}
@nix {"action":"result","fields":[100,0],"id":235462992068609,"type":106}
@nix {"action":"result","fields":[50,66,0,0],"id":235462992068610,"type":105}
@nix {"action":"result","fields":[0,0,0,0],"id":235462992068611,"type":105}
@nix {"action":"result","fields":[101,0],"id":235462992068609,"type":106}
@nix {"action":"result","fields":[100,0],"id":235462992068609,"type":106}
@nix {"action":"stop","id":235462992068661}
@nix {"action":"start","fields":["/Users/hetzner/obrador-shared-pins-20260909/round-1-after/chain-round-1-jobs-8/store/b8bw2586zdjj6iqfgjcash6lyfmipg44-leaf-17.drv.drv","/Users/hetzner/obrador-shared-pins-20260909/round-1-after/chain-round-1-jobs-8/store/slswqw58gbrsk71faxcscd7y5x6bl2yp-leaf-17.drv.drv"],"id":235462992068662,"level":3,"parent":0,"text":"resolved derivation: '/Users/hetzner/obrador-shared-pins-20260909/round-1-after/chain-round-1-jobs-8/store/b8bw2586zdjj6iqfgjcash6lyfmipg44-leaf-17.drv.drv' -> '/Users/hetzner/obrador-shared-pins-20260909/round-1-after/chain-round-1-jobs-8/store/slswqw58gbrsk71faxcscd7y5x6bl2yp-leaf-17.drv.drv'","type":111}
@nix {"action":"result","fields":[50,66,0,0],"id":235462992068610,"type":105}
@nix {"action":"result","fields":[0,0,0,0],"id":235462992068611,"type":105}
@nix {"action":"result","fields":[101,0],"id":235462992068609,"type":106}
@nix {"action":"result","fields":[100,0],"id":235462992068609,"type":106}
@nix {"action":"start","fields":["/Users/hetzner/obrador-shared-pins-20260909/round-1-after/chain-round-1-jobs-8/store/slswqw58gbrsk71faxcscd7y5x6bl2yp-leaf-17.drv.drv","",1,1],"id":235462992068663,"level":3,"parent":0,"text":"building '/Users/hetzner/obrador-shared-pins-20260909/round-1-after/chain-round-1-jobs-8/store/slswqw58gbrsk71faxcscd7y5x6bl2yp-leaf-17.drv.drv'","type":105}
@nix {"action":"result","fields":[50,66,1,0],"id":235462992068610,"type":105}
@nix {"action":"result","fields":[0,0,0,0],"id":235462992068611,"type":105}
@nix {"action":"result","fields":[101,0],"id":235462992068609,"type":106}
@nix {"action":"result","fields":[100,0],"id":235462992068609,"type":106}
@nix {"action":"result","fields":[51,67,0,0],"id":235462992068610,"type":105}
@nix {"action":"result","fields":[0,0,0,0],"id":235462992068611,"type":105}
@nix {"action":"result","fields":[101,0],"id":235462992068609,"type":106}
@nix {"action":"result","fields":[100,0],"id":235462992068609,"type":106}
@nix {"action":"stop","id":235462992068663}
@nix {"action":"result","fields":[52,67,0,0],"id":235462992068610,"type":105}
@nix {"action":"result","fields":[0,0,0,0],"id":235462992068611,"type":105}
@nix {"action":"result","fields":[101,0],"id":235462992068609,"type":106}
@nix {"action":"result","fields":[100,0],"id":235462992068609,"type":106}
@nix {"action":"stop","id":235462992068662}
@nix {"action":"result","fields":[52,67,0,0],"id":235462992068610,"type":105}
@nix {"action":"result","fields":[0,0,0,0],"id":235462992068611,"type":105}
@nix {"action":"result","fields":[101,0],"id":235462992068609,"type":106}
@nix {"action":"result","fields":[100,0],"id":235462992068609,"type":106}
@nix {"action":"start","fields":["/Users/hetzner/obrador-shared-pins-20260909/round-1-after/chain-round-1-jobs-8/store/v774vpd8w00b3n7vqmwars3r6q8lmlfy-leaf-17.drv","",1,1],"id":235462992068664,"level":3,"parent":0,"text":"building '/Users/hetzner/obrador-shared-pins-20260909/round-1-after/chain-round-1-jobs-8/store/v774vpd8w00b3n7vqmwars3r6q8lmlfy-leaf-17.drv'","type":105}
@nix {"action":"result","fields":[52,67,1,0],"id":235462992068610,"type":105}
@nix {"action":"result","fields":[0,0,0,0],"id":235462992068611,"type":105}
@nix {"action":"result","fields":[101,0],"id":235462992068609,"type":106}
@nix {"action":"result","fields":[100,0],"id":235462992068609,"type":106}
@nix {"action":"result","fields":[53,68,0,0],"id":235462992068610,"type":105}
@nix {"action":"result","fields":[0,0,0,0],"id":235462992068611,"type":105}
@nix {"action":"result","fields":[101,0],"id":235462992068609,"type":106}
@nix {"action":"result","fields":[100,0],"id":235462992068609,"type":106}
@nix {"action":"stop","id":235462992068664}
@nix {"action":"start","fields":["/Users/hetzner/obrador-shared-pins-20260909/round-1-after/chain-round-1-jobs-8/store/w0qw4h8nk3a6pbq1wk45smyyqnbak3k1-leaf-18.drv.drv","/Users/hetzner/obrador-shared-pins-20260909/round-1-after/chain-round-1-jobs-8/store/gxg29c0hdfw41h97n3w5hbjljbwc1x45-leaf-18.drv.drv"],"id":235462992068665,"level":3,"parent":0,"text":"resolved derivation: '/Users/hetzner/obrador-shared-pins-20260909/round-1-after/chain-round-1-jobs-8/store/w0qw4h8nk3a6pbq1wk45smyyqnbak3k1-leaf-18.drv.drv' -> '/Users/hetzner/obrador-shared-pins-20260909/round-1-after/chain-round-1-jobs-8/store/gxg29c0hdfw41h97n3w5hbjljbwc1x45-leaf-18.drv.drv'","type":111}
@nix {"action":"result","fields":[53,68,0,0],"id":235462992068610,"type":105}
@nix {"action":"result","fields":[0,0,0,0],"id":235462992068611,"type":105}
@nix {"action":"result","fields":[101,0],"id":235462992068609,"type":106}
@nix {"action":"result","fields":[100,0],"id":235462992068609,"type":106}
@nix {"action":"start","fields":["/Users/hetzner/obrador-shared-pins-20260909/round-1-after/chain-round-1-jobs-8/store/gxg29c0hdfw41h97n3w5hbjljbwc1x45-leaf-18.drv.drv","",1,1],"id":235462992068666,"level":3,"parent":0,"text":"building '/Users/hetzner/obrador-shared-pins-20260909/round-1-after/chain-round-1-jobs-8/store/gxg29c0hdfw41h97n3w5hbjljbwc1x45-leaf-18.drv.drv'","type":105}
@nix {"action":"result","fields":[53,68,1,0],"id":235462992068610,"type":105}
@nix {"action":"result","fields":[0,0,0,0],"id":235462992068611,"type":105}
@nix {"action":"result","fields":[101,0],"id":235462992068609,"type":106}
@nix {"action":"result","fields":[100,0],"id":235462992068609,"type":106}
@nix {"action":"result","fields":[54,69,0,0],"id":235462992068610,"type":105}
@nix {"action":"result","fields":[0,0,0,0],"id":235462992068611,"type":105}
@nix {"action":"result","fields":[101,0],"id":235462992068609,"type":106}
@nix {"action":"result","fields":[100,0],"id":235462992068609,"type":106}
@nix {"action":"stop","id":235462992068666}
@nix {"action":"result","fields":[55,69,0,0],"id":235462992068610,"type":105}
@nix {"action":"result","fields":[0,0,0,0],"id":235462992068611,"type":105}
@nix {"action":"result","fields":[101,0],"id":235462992068609,"type":106}
@nix {"action":"result","fields":[100,0],"id":235462992068609,"type":106}
@nix {"action":"stop","id":235462992068665}
@nix {"action":"result","fields":[55,69,0,0],"id":235462992068610,"type":105}
@nix {"action":"result","fields":[0,0,0,0],"id":235462992068611,"type":105}
@nix {"action":"result","fields":[101,0],"id":235462992068609,"type":106}
@nix {"action":"result","fields":[100,0],"id":235462992068609,"type":106}
@nix {"action":"start","fields":["/Users/hetzner/obrador-shared-pins-20260909/round-1-after/chain-round-1-jobs-8/store/hb6l7qi8289yy7n8znbajmjzrdzfb7m3-leaf-18.drv","",1,1],"id":235462992068667,"level":3,"parent":0,"text":"building '/Users/hetzner/obrador-shared-pins-20260909/round-1-after/chain-round-1-jobs-8/store/hb6l7qi8289yy7n8znbajmjzrdzfb7m3-leaf-18.drv'","type":105}
@nix {"action":"result","fields":[55,69,1,0],"id":235462992068610,"type":105}
@nix {"action":"result","fields":[0,0,0,0],"id":235462992068611,"type":105}
@nix {"action":"result","fields":[101,0],"id":235462992068609,"type":106}
@nix {"action":"result","fields":[100,0],"id":235462992068609,"type":106}
@nix {"action":"result","fields":[56,70,0,0],"id":235462992068610,"type":105}
@nix {"action":"result","fields":[0,0,0,0],"id":235462992068611,"type":105}
@nix {"action":"result","fields":[101,0],"id":235462992068609,"type":106}
@nix {"action":"result","fields":[100,0],"id":235462992068609,"type":106}
@nix {"action":"stop","id":235462992068667}
@nix {"action":"start","fields":["/Users/hetzner/obrador-shared-pins-20260909/round-1-after/chain-round-1-jobs-8/store/bbkwprchz2l49274k54wva0nqbba2a2k-leaf-19.drv.drv","/Users/hetzner/obrador-shared-pins-20260909/round-1-after/chain-round-1-jobs-8/store/d7jlh1faznhmm28v5l1p88gm35s42zvy-leaf-19.drv.drv"],"id":235462992068668,"level":3,"parent":0,"text":"resolved derivation: '/Users/hetzner/obrador-shared-pins-20260909/round-1-after/chain-round-1-jobs-8/store/bbkwprchz2l49274k54wva0nqbba2a2k-leaf-19.drv.drv' -> '/Users/hetzner/obrador-shared-pins-20260909/round-1-after/chain-round-1-jobs-8/store/d7jlh1faznhmm28v5l1p88gm35s42zvy-leaf-19.drv.drv'","type":111}
@nix {"action":"result","fields":[56,70,0,0],"id":235462992068610,"type":105}
@nix {"action":"result","fields":[0,0,0,0],"id":235462992068611,"type":105}
@nix {"action":"result","fields":[101,0],"id":235462992068609,"type":106}
@nix {"action":"result","fields":[100,0],"id":235462992068609,"type":106}
@nix {"action":"start","fields":["/Users/hetzner/obrador-shared-pins-20260909/round-1-after/chain-round-1-jobs-8/store/d7jlh1faznhmm28v5l1p88gm35s42zvy-leaf-19.drv.drv","",1,1],"id":235462992068669,"level":3,"parent":0,"text":"building '/Users/hetzner/obrador-shared-pins-20260909/round-1-after/chain-round-1-jobs-8/store/d7jlh1faznhmm28v5l1p88gm35s42zvy-leaf-19.drv.drv'","type":105}
@nix {"action":"result","fields":[56,70,1,0],"id":235462992068610,"type":105}
@nix {"action":"result","fields":[0,0,0,0],"id":235462992068611,"type":105}
@nix {"action":"result","fields":[101,0],"id":235462992068609,"type":106}
@nix {"action":"result","fields":[100,0],"id":235462992068609,"type":106}
@nix {"action":"result","fields":[57,71,0,0],"id":235462992068610,"type":105}
@nix {"action":"result","fields":[0,0,0,0],"id":235462992068611,"type":105}
@nix {"action":"result","fields":[101,0],"id":235462992068609,"type":106}
@nix {"action":"result","fields":[100,0],"id":235462992068609,"type":106}
@nix {"action":"stop","id":235462992068669}
@nix {"action":"result","fields":[58,71,0,0],"id":235462992068610,"type":105}
@nix {"action":"result","fields":[0,0,0,0],"id":235462992068611,"type":105}
@nix {"action":"result","fields":[101,0],"id":235462992068609,"type":106}
@nix {"action":"result","fields":[100,0],"id":235462992068609,"type":106}
@nix {"action":"stop","id":235462992068668}
@nix {"action":"result","fields":[58,71,0,0],"id":235462992068610,"type":105}
@nix {"action":"result","fields":[0,0,0,0],"id":235462992068611,"type":105}
@nix {"action":"result","fields":[101,0],"id":235462992068609,"type":106}
@nix {"action":"result","fields":[100,0],"id":235462992068609,"type":106}
@nix {"action":"start","fields":["/Users/hetzner/obrador-shared-pins-20260909/round-1-after/chain-round-1-jobs-8/store/z1bljs4qw0mcp76jkgyjc1qf8khpv03q-leaf-19.drv","",1,1],"id":235462992068670,"level":3,"parent":0,"text":"building '/Users/hetzner/obrador-shared-pins-20260909/round-1-after/chain-round-1-jobs-8/store/z1bljs4qw0mcp76jkgyjc1qf8khpv03q-leaf-19.drv'","type":105}
@nix {"action":"result","fields":[58,71,1,0],"id":235462992068610,"type":105}
@nix {"action":"result","fields":[0,0,0,0],"id":235462992068611,"type":105}
@nix {"action":"result","fields":[101,0],"id":235462992068609,"type":106}
@nix {"action":"result","fields":[100,0],"id":235462992068609,"type":106}
@nix {"action":"result","fields":[59,72,0,0],"id":235462992068610,"type":105}
@nix {"action":"result","fields":[0,0,0,0],"id":235462992068611,"type":105}
@nix {"action":"result","fields":[101,0],"id":235462992068609,"type":106}
@nix {"action":"result","fields":[100,0],"id":235462992068609,"type":106}
@nix {"action":"stop","id":235462992068670}
@nix {"action":"start","fields":["/Users/hetzner/obrador-shared-pins-20260909/round-1-after/chain-round-1-jobs-8/store/jnjqd1rhz9s138gsif7xhr4ycm7fvjwn-leaf-20.drv.drv","/Users/hetzner/obrador-shared-pins-20260909/round-1-after/chain-round-1-jobs-8/store/cjbzr1lds3kmxpbapz46c025zshxqnan-leaf-20.drv.drv"],"id":235462992068671,"level":3,"parent":0,"text":"resolved derivation: '/Users/hetzner/obrador-shared-pins-20260909/round-1-after/chain-round-1-jobs-8/store/jnjqd1rhz9s138gsif7xhr4ycm7fvjwn-leaf-20.drv.drv' -> '/Users/hetzner/obrador-shared-pins-20260909/round-1-after/chain-round-1-jobs-8/store/cjbzr1lds3kmxpbapz46c025zshxqnan-leaf-20.drv.drv'","type":111}
@nix {"action":"result","fields":[59,72,0,0],"id":235462992068610,"type":105}
@nix {"action":"result","fields":[0,0,0,0],"id":235462992068611,"type":105}
@nix {"action":"result","fields":[101,0],"id":235462992068609,"type":106}
@nix {"action":"result","fields":[100,0],"id":235462992068609,"type":106}
@nix {"action":"start","fields":["/Users/hetzner/obrador-shared-pins-20260909/round-1-after/chain-round-1-jobs-8/store/cjbzr1lds3kmxpbapz46c025zshxqnan-leaf-20.drv.drv","",1,1],"id":235462992068672,"level":3,"parent":0,"text":"building '/Users/hetzner/obrador-shared-pins-20260909/round-1-after/chain-round-1-jobs-8/store/cjbzr1lds3kmxpbapz46c025zshxqnan-leaf-20.drv.drv'","type":105}
@nix {"action":"result","fields":[59,72,1,0],"id":235462992068610,"type":105}
@nix {"action":"result","fields":[0,0,0,0],"id":235462992068611,"type":105}
@nix {"action":"result","fields":[101,0],"id":235462992068609,"type":106}
@nix {"action":"result","fields":[100,0],"id":235462992068609,"type":106}
@nix {"action":"result","fields":[60,73,0,0],"id":235462992068610,"type":105}
@nix {"action":"result","fields":[0,0,0,0],"id":235462992068611,"type":105}
@nix {"action":"result","fields":[101,0],"id":235462992068609,"type":106}
@nix {"action":"result","fields":[100,0],"id":235462992068609,"type":106}
@nix {"action":"stop","id":235462992068672}
@nix {"action":"result","fields":[61,73,0,0],"id":235462992068610,"type":105}
@nix {"action":"result","fields":[0,0,0,0],"id":235462992068611,"type":105}
@nix {"action":"result","fields":[101,0],"id":235462992068609,"type":106}
@nix {"action":"result","fields":[100,0],"id":235462992068609,"type":106}
@nix {"action":"stop","id":235462992068671}
@nix {"action":"result","fields":[61,73,0,0],"id":235462992068610,"type":105}
@nix {"action":"result","fields":[0,0,0,0],"id":235462992068611,"type":105}
@nix {"action":"result","fields":[101,0],"id":235462992068609,"type":106}
@nix {"action":"result","fields":[100,0],"id":235462992068609,"type":106}
@nix {"action":"start","fields":["/Users/hetzner/obrador-shared-pins-20260909/round-1-after/chain-round-1-jobs-8/store/6w9fb1qf91f0igp049kjg3d27in68z3q-leaf-20.drv","",1,1],"id":235462992068673,"level":3,"parent":0,"text":"building '/Users/hetzner/obrador-shared-pins-20260909/round-1-after/chain-round-1-jobs-8/store/6w9fb1qf91f0igp049kjg3d27in68z3q-leaf-20.drv'","type":105}
@nix {"action":"result","fields":[61,73,1,0],"id":235462992068610,"type":105}
@nix {"action":"result","fields":[0,0,0,0],"id":235462992068611,"type":105}
@nix {"action":"result","fields":[101,0],"id":235462992068609,"type":106}
@nix {"action":"result","fields":[100,0],"id":235462992068609,"type":106}
@nix {"action":"result","fields":[62,74,0,0],"id":235462992068610,"type":105}
@nix {"action":"result","fields":[0,0,0,0],"id":235462992068611,"type":105}
@nix {"action":"result","fields":[101,0],"id":235462992068609,"type":106}
@nix {"action":"result","fields":[100,0],"id":235462992068609,"type":106}
@nix {"action":"stop","id":235462992068673}
@nix {"action":"start","fields":["/Users/hetzner/obrador-shared-pins-20260909/round-1-after/chain-round-1-jobs-8/store/7dxgigvl87n8a6a4427jdj4hnsan98fm-leaf-21.drv.drv","/Users/hetzner/obrador-shared-pins-20260909/round-1-after/chain-round-1-jobs-8/store/6h7kmqsp6qjlmmlm8si0dbf9lwbb1g13-leaf-21.drv.drv"],"id":235462992068674,"level":3,"parent":0,"text":"resolved derivation: '/Users/hetzner/obrador-shared-pins-20260909/round-1-after/chain-round-1-jobs-8/store/7dxgigvl87n8a6a4427jdj4hnsan98fm-leaf-21.drv.drv' -> '/Users/hetzner/obrador-shared-pins-20260909/round-1-after/chain-round-1-jobs-8/store/6h7kmqsp6qjlmmlm8si0dbf9lwbb1g13-leaf-21.drv.drv'","type":111}
@nix {"action":"result","fields":[62,74,0,0],"id":235462992068610,"type":105}
@nix {"action":"result","fields":[0,0,0,0],"id":235462992068611,"type":105}
@nix {"action":"result","fields":[101,0],"id":235462992068609,"type":106}
@nix {"action":"result","fields":[100,0],"id":235462992068609,"type":106}
@nix {"action":"start","fields":["/Users/hetzner/obrador-shared-pins-20260909/round-1-after/chain-round-1-jobs-8/store/6h7kmqsp6qjlmmlm8si0dbf9lwbb1g13-leaf-21.drv.drv","",1,1],"id":235462992068675,"level":3,"parent":0,"text":"building '/Users/hetzner/obrador-shared-pins-20260909/round-1-after/chain-round-1-jobs-8/store/6h7kmqsp6qjlmmlm8si0dbf9lwbb1g13-leaf-21.drv.drv'","type":105}
@nix {"action":"result","fields":[62,74,1,0],"id":235462992068610,"type":105}
@nix {"action":"result","fields":[0,0,0,0],"id":235462992068611,"type":105}
@nix {"action":"result","fields":[101,0],"id":235462992068609,"type":106}
@nix {"action":"result","fields":[100,0],"id":235462992068609,"type":106}
@nix {"action":"result","fields":[63,75,0,0],"id":235462992068610,"type":105}
@nix {"action":"result","fields":[0,0,0,0],"id":235462992068611,"type":105}
@nix {"action":"result","fields":[101,0],"id":235462992068609,"type":106}
@nix {"action":"result","fields":[100,0],"id":235462992068609,"type":106}
@nix {"action":"stop","id":235462992068675}
@nix {"action":"result","fields":[64,75,0,0],"id":235462992068610,"type":105}
@nix {"action":"result","fields":[0,0,0,0],"id":235462992068611,"type":105}
@nix {"action":"result","fields":[101,0],"id":235462992068609,"type":106}
@nix {"action":"result","fields":[100,0],"id":235462992068609,"type":106}
@nix {"action":"stop","id":235462992068674}
@nix {"action":"result","fields":[64,75,0,0],"id":235462992068610,"type":105}
@nix {"action":"result","fields":[0,0,0,0],"id":235462992068611,"type":105}
@nix {"action":"result","fields":[101,0],"id":235462992068609,"type":106}
@nix {"action":"result","fields":[100,0],"id":235462992068609,"type":106}
@nix {"action":"start","fields":["/Users/hetzner/obrador-shared-pins-20260909/round-1-after/chain-round-1-jobs-8/store/nzn3iha43dnw6zzacv2hxi1c8brz26bc-leaf-21.drv","",1,1],"id":235462992068676,"level":3,"parent":0,"text":"building '/Users/hetzner/obrador-shared-pins-20260909/round-1-after/chain-round-1-jobs-8/store/nzn3iha43dnw6zzacv2hxi1c8brz26bc-leaf-21.drv'","type":105}
@nix {"action":"result","fields":[64,75,1,0],"id":235462992068610,"type":105}
@nix {"action":"result","fields":[0,0,0,0],"id":235462992068611,"type":105}
@nix {"action":"result","fields":[101,0],"id":235462992068609,"type":106}
@nix {"action":"result","fields":[100,0],"id":235462992068609,"type":106}
@nix {"action":"result","fields":[65,76,0,0],"id":235462992068610,"type":105}
@nix {"action":"result","fields":[0,0,0,0],"id":235462992068611,"type":105}
@nix {"action":"result","fields":[101,0],"id":235462992068609,"type":106}
@nix {"action":"result","fields":[100,0],"id":235462992068609,"type":106}
@nix {"action":"stop","id":235462992068676}
@nix {"action":"start","fields":["/Users/hetzner/obrador-shared-pins-20260909/round-1-after/chain-round-1-jobs-8/store/58zzgyqxswaks46f1wj642i8bwhjyx6f-leaf-22.drv.drv","/Users/hetzner/obrador-shared-pins-20260909/round-1-after/chain-round-1-jobs-8/store/jwdsfrba26hq5in6zl3k8r25pysncp0f-leaf-22.drv.drv"],"id":235462992068677,"level":3,"parent":0,"text":"resolved derivation: '/Users/hetzner/obrador-shared-pins-20260909/round-1-after/chain-round-1-jobs-8/store/58zzgyqxswaks46f1wj642i8bwhjyx6f-leaf-22.drv.drv' -> '/Users/hetzner/obrador-shared-pins-20260909/round-1-after/chain-round-1-jobs-8/store/jwdsfrba26hq5in6zl3k8r25pysncp0f-leaf-22.drv.drv'","type":111}
@nix {"action":"result","fields":[65,76,0,0],"id":235462992068610,"type":105}
@nix {"action":"result","fields":[0,0,0,0],"id":235462992068611,"type":105}
@nix {"action":"result","fields":[101,0],"id":235462992068609,"type":106}
@nix {"action":"result","fields":[100,0],"id":235462992068609,"type":106}
@nix {"action":"start","fields":["/Users/hetzner/obrador-shared-pins-20260909/round-1-after/chain-round-1-jobs-8/store/jwdsfrba26hq5in6zl3k8r25pysncp0f-leaf-22.drv.drv","",1,1],"id":235462992068678,"level":3,"parent":0,"text":"building '/Users/hetzner/obrador-shared-pins-20260909/round-1-after/chain-round-1-jobs-8/store/jwdsfrba26hq5in6zl3k8r25pysncp0f-leaf-22.drv.drv'","type":105}
@nix {"action":"result","fields":[65,76,1,0],"id":235462992068610,"type":105}
@nix {"action":"result","fields":[0,0,0,0],"id":235462992068611,"type":105}
@nix {"action":"result","fields":[101,0],"id":235462992068609,"type":106}
@nix {"action":"result","fields":[100,0],"id":235462992068609,"type":106}
@nix {"action":"result","fields":[66,77,0,0],"id":235462992068610,"type":105}
@nix {"action":"result","fields":[0,0,0,0],"id":235462992068611,"type":105}
@nix {"action":"result","fields":[101,0],"id":235462992068609,"type":106}
@nix {"action":"result","fields":[100,0],"id":235462992068609,"type":106}
@nix {"action":"stop","id":235462992068678}
@nix {"action":"result","fields":[67,77,0,0],"id":235462992068610,"type":105}
@nix {"action":"result","fields":[0,0,0,0],"id":235462992068611,"type":105}
@nix {"action":"result","fields":[101,0],"id":235462992068609,"type":106}
@nix {"action":"result","fields":[100,0],"id":235462992068609,"type":106}
@nix {"action":"stop","id":235462992068677}
@nix {"action":"result","fields":[67,77,0,0],"id":235462992068610,"type":105}
@nix {"action":"result","fields":[0,0,0,0],"id":235462992068611,"type":105}
@nix {"action":"result","fields":[101,0],"id":235462992068609,"type":106}
@nix {"action":"result","fields":[100,0],"id":235462992068609,"type":106}
@nix {"action":"start","fields":["/Users/hetzner/obrador-shared-pins-20260909/round-1-after/chain-round-1-jobs-8/store/gq7aag12dh3fi2ky94s1mqpjg5f1wnw9-leaf-22.drv","",1,1],"id":235462992068679,"level":3,"parent":0,"text":"building '/Users/hetzner/obrador-shared-pins-20260909/round-1-after/chain-round-1-jobs-8/store/gq7aag12dh3fi2ky94s1mqpjg5f1wnw9-leaf-22.drv'","type":105}
@nix {"action":"result","fields":[67,77,1,0],"id":235462992068610,"type":105}
@nix {"action":"result","fields":[0,0,0,0],"id":235462992068611,"type":105}
@nix {"action":"result","fields":[101,0],"id":235462992068609,"type":106}
@nix {"action":"result","fields":[100,0],"id":235462992068609,"type":106}
@nix {"action":"result","fields":[68,78,0,0],"id":235462992068610,"type":105}
@nix {"action":"result","fields":[0,0,0,0],"id":235462992068611,"type":105}
@nix {"action":"result","fields":[101,0],"id":235462992068609,"type":106}
@nix {"action":"result","fields":[100,0],"id":235462992068609,"type":106}
@nix {"action":"stop","id":235462992068679}
@nix {"action":"start","fields":["/Users/hetzner/obrador-shared-pins-20260909/round-1-after/chain-round-1-jobs-8/store/cxs8bx6im6l2x34m6ihivlxj01dgix3m-leaf-23.drv.drv","/Users/hetzner/obrador-shared-pins-20260909/round-1-after/chain-round-1-jobs-8/store/rz2py7vg0y0xc696zljz4yqra1ixwq05-leaf-23.drv.drv"],"id":235462992068680,"level":3,"parent":0,"text":"resolved derivation: '/Users/hetzner/obrador-shared-pins-20260909/round-1-after/chain-round-1-jobs-8/store/cxs8bx6im6l2x34m6ihivlxj01dgix3m-leaf-23.drv.drv' -> '/Users/hetzner/obrador-shared-pins-20260909/round-1-after/chain-round-1-jobs-8/store/rz2py7vg0y0xc696zljz4yqra1ixwq05-leaf-23.drv.drv'","type":111}
@nix {"action":"result","fields":[68,78,0,0],"id":235462992068610,"type":105}
@nix {"action":"result","fields":[0,0,0,0],"id":235462992068611,"type":105}
@nix {"action":"result","fields":[101,0],"id":235462992068609,"type":106}
@nix {"action":"result","fields":[100,0],"id":235462992068609,"type":106}
@nix {"action":"start","fields":["/Users/hetzner/obrador-shared-pins-20260909/round-1-after/chain-round-1-jobs-8/store/rz2py7vg0y0xc696zljz4yqra1ixwq05-leaf-23.drv.drv","",1,1],"id":235462992068681,"level":3,"parent":0,"text":"building '/Users/hetzner/obrador-shared-pins-20260909/round-1-after/chain-round-1-jobs-8/store/rz2py7vg0y0xc696zljz4yqra1ixwq05-leaf-23.drv.drv'","type":105}
@nix {"action":"result","fields":[68,78,1,0],"id":235462992068610,"type":105}
@nix {"action":"result","fields":[0,0,0,0],"id":235462992068611,"type":105}
@nix {"action":"result","fields":[101,0],"id":235462992068609,"type":106}
@nix {"action":"result","fields":[100,0],"id":235462992068609,"type":106}
@nix {"action":"result","fields":[69,79,0,0],"id":235462992068610,"type":105}
@nix {"action":"result","fields":[0,0,0,0],"id":235462992068611,"type":105}
@nix {"action":"result","fields":[101,0],"id":235462992068609,"type":106}
@nix {"action":"result","fields":[100,0],"id":235462992068609,"type":106}
@nix {"action":"stop","id":235462992068681}
@nix {"action":"result","fields":[70,79,0,0],"id":235462992068610,"type":105}
@nix {"action":"result","fields":[0,0,0,0],"id":235462992068611,"type":105}
@nix {"action":"result","fields":[101,0],"id":235462992068609,"type":106}
@nix {"action":"result","fields":[100,0],"id":235462992068609,"type":106}
@nix {"action":"stop","id":235462992068680}
@nix {"action":"result","fields":[70,79,0,0],"id":235462992068610,"type":105}
@nix {"action":"result","fields":[0,0,0,0],"id":235462992068611,"type":105}
@nix {"action":"result","fields":[101,0],"id":235462992068609,"type":106}
@nix {"action":"result","fields":[100,0],"id":235462992068609,"type":106}
@nix {"action":"start","fields":["/Users/hetzner/obrador-shared-pins-20260909/round-1-after/chain-round-1-jobs-8/store/iz1zqlf8acffiajakkmwmzmaydl6phm6-leaf-23.drv","",1,1],"id":235462992068682,"level":3,"parent":0,"text":"building '/Users/hetzner/obrador-shared-pins-20260909/round-1-after/chain-round-1-jobs-8/store/iz1zqlf8acffiajakkmwmzmaydl6phm6-leaf-23.drv'","type":105}
@nix {"action":"result","fields":[70,79,1,0],"id":235462992068610,"type":105}
@nix {"action":"result","fields":[0,0,0,0],"id":235462992068611,"type":105}
@nix {"action":"result","fields":[101,0],"id":235462992068609,"type":106}
@nix {"action":"result","fields":[100,0],"id":235462992068609,"type":106}
@nix {"action":"result","fields":[71,80,0,0],"id":235462992068610,"type":105}
@nix {"action":"result","fields":[0,0,0,0],"id":235462992068611,"type":105}
@nix {"action":"result","fields":[101,0],"id":235462992068609,"type":106}
@nix {"action":"result","fields":[100,0],"id":235462992068609,"type":106}
@nix {"action":"stop","id":235462992068682}
@nix {"action":"start","fields":["/Users/hetzner/obrador-shared-pins-20260909/round-1-after/chain-round-1-jobs-8/store/49s5ah5xb56pdvcczgfbd1pw74nabkd7-leaf-24.drv.drv","/Users/hetzner/obrador-shared-pins-20260909/round-1-after/chain-round-1-jobs-8/store/rc94mbx27bla2i1vl6l437477jk6a7xh-leaf-24.drv.drv"],"id":235462992068683,"level":3,"parent":0,"text":"resolved derivation: '/Users/hetzner/obrador-shared-pins-20260909/round-1-after/chain-round-1-jobs-8/store/49s5ah5xb56pdvcczgfbd1pw74nabkd7-leaf-24.drv.drv' -> '/Users/hetzner/obrador-shared-pins-20260909/round-1-after/chain-round-1-jobs-8/store/rc94mbx27bla2i1vl6l437477jk6a7xh-leaf-24.drv.drv'","type":111}
@nix {"action":"result","fields":[71,80,0,0],"id":235462992068610,"type":105}
@nix {"action":"result","fields":[0,0,0,0],"id":235462992068611,"type":105}
@nix {"action":"result","fields":[101,0],"id":235462992068609,"type":106}
@nix {"action":"result","fields":[100,0],"id":235462992068609,"type":106}
@nix {"action":"start","fields":["/Users/hetzner/obrador-shared-pins-20260909/round-1-after/chain-round-1-jobs-8/store/rc94mbx27bla2i1vl6l437477jk6a7xh-leaf-24.drv.drv","",1,1],"id":235462992068684,"level":3,"parent":0,"text":"building '/Users/hetzner/obrador-shared-pins-20260909/round-1-after/chain-round-1-jobs-8/store/rc94mbx27bla2i1vl6l437477jk6a7xh-leaf-24.drv.drv'","type":105}
@nix {"action":"result","fields":[71,80,1,0],"id":235462992068610,"type":105}
@nix {"action":"result","fields":[0,0,0,0],"id":235462992068611,"type":105}
@nix {"action":"result","fields":[101,0],"id":235462992068609,"type":106}
@nix {"action":"result","fields":[100,0],"id":235462992068609,"type":106}
@nix {"action":"result","fields":[72,81,0,0],"id":235462992068610,"type":105}
@nix {"action":"result","fields":[0,0,0,0],"id":235462992068611,"type":105}
@nix {"action":"result","fields":[101,0],"id":235462992068609,"type":106}
@nix {"action":"result","fields":[100,0],"id":235462992068609,"type":106}
@nix {"action":"stop","id":235462992068684}
@nix {"action":"result","fields":[73,81,0,0],"id":235462992068610,"type":105}
@nix {"action":"result","fields":[0,0,0,0],"id":235462992068611,"type":105}
@nix {"action":"result","fields":[101,0],"id":235462992068609,"type":106}
@nix {"action":"result","fields":[100,0],"id":235462992068609,"type":106}
@nix {"action":"stop","id":235462992068683}
@nix {"action":"result","fields":[73,81,0,0],"id":235462992068610,"type":105}
@nix {"action":"result","fields":[0,0,0,0],"id":235462992068611,"type":105}
@nix {"action":"result","fields":[101,0],"id":235462992068609,"type":106}
@nix {"action":"result","fields":[100,0],"id":235462992068609,"type":106}
@nix {"action":"start","fields":["/Users/hetzner/obrador-shared-pins-20260909/round-1-after/chain-round-1-jobs-8/store/s4im28kbf897h4n4n7fz5c53divzk418-leaf-24.drv","",1,1],"id":235462992068685,"level":3,"parent":0,"text":"building '/Users/hetzner/obrador-shared-pins-20260909/round-1-after/chain-round-1-jobs-8/store/s4im28kbf897h4n4n7fz5c53divzk418-leaf-24.drv'","type":105}
@nix {"action":"result","fields":[73,81,1,0],"id":235462992068610,"type":105}
@nix {"action":"result","fields":[0,0,0,0],"id":235462992068611,"type":105}
@nix {"action":"result","fields":[101,0],"id":235462992068609,"type":106}
@nix {"action":"result","fields":[100,0],"id":235462992068609,"type":106}
@nix {"action":"result","fields":[74,82,0,0],"id":235462992068610,"type":105}
@nix {"action":"result","fields":[0,0,0,0],"id":235462992068611,"type":105}
@nix {"action":"result","fields":[101,0],"id":235462992068609,"type":106}
@nix {"action":"result","fields":[100,0],"id":235462992068609,"type":106}
@nix {"action":"stop","id":235462992068685}
@nix {"action":"start","fields":["/Users/hetzner/obrador-shared-pins-20260909/round-1-after/chain-round-1-jobs-8/store/0mc1cjifvfxsf5afwqsq9z9fsq5db1q5-leaf-25.drv.drv","/Users/hetzner/obrador-shared-pins-20260909/round-1-after/chain-round-1-jobs-8/store/6yd0brlr88qpdgj8zagj2kzcrfa2v56d-leaf-25.drv.drv"],"id":235462992068686,"level":3,"parent":0,"text":"resolved derivation: '/Users/hetzner/obrador-shared-pins-20260909/round-1-after/chain-round-1-jobs-8/store/0mc1cjifvfxsf5afwqsq9z9fsq5db1q5-leaf-25.drv.drv' -> '/Users/hetzner/obrador-shared-pins-20260909/round-1-after/chain-round-1-jobs-8/store/6yd0brlr88qpdgj8zagj2kzcrfa2v56d-leaf-25.drv.drv'","type":111}
@nix {"action":"result","fields":[74,82,0,0],"id":235462992068610,"type":105}
@nix {"action":"result","fields":[0,0,0,0],"id":235462992068611,"type":105}
@nix {"action":"result","fields":[101,0],"id":235462992068609,"type":106}
@nix {"action":"result","fields":[100,0],"id":235462992068609,"type":106}
@nix {"action":"start","fields":["/Users/hetzner/obrador-shared-pins-20260909/round-1-after/chain-round-1-jobs-8/store/6yd0brlr88qpdgj8zagj2kzcrfa2v56d-leaf-25.drv.drv","",1,1],"id":235462992068687,"level":3,"parent":0,"text":"building '/Users/hetzner/obrador-shared-pins-20260909/round-1-after/chain-round-1-jobs-8/store/6yd0brlr88qpdgj8zagj2kzcrfa2v56d-leaf-25.drv.drv'","type":105}
@nix {"action":"result","fields":[74,82,1,0],"id":235462992068610,"type":105}
@nix {"action":"result","fields":[0,0,0,0],"id":235462992068611,"type":105}
@nix {"action":"result","fields":[101,0],"id":235462992068609,"type":106}
@nix {"action":"result","fields":[100,0],"id":235462992068609,"type":106}
@nix {"action":"result","fields":[75,83,0,0],"id":235462992068610,"type":105}
@nix {"action":"result","fields":[0,0,0,0],"id":235462992068611,"type":105}
@nix {"action":"result","fields":[101,0],"id":235462992068609,"type":106}
@nix {"action":"result","fields":[100,0],"id":235462992068609,"type":106}
@nix {"action":"stop","id":235462992068687}
@nix {"action":"result","fields":[76,83,0,0],"id":235462992068610,"type":105}
@nix {"action":"result","fields":[0,0,0,0],"id":235462992068611,"type":105}
@nix {"action":"result","fields":[101,0],"id":235462992068609,"type":106}
@nix {"action":"result","fields":[100,0],"id":235462992068609,"type":106}
@nix {"action":"stop","id":235462992068686}
@nix {"action":"result","fields":[76,83,0,0],"id":235462992068610,"type":105}
@nix {"action":"result","fields":[0,0,0,0],"id":235462992068611,"type":105}
@nix {"action":"result","fields":[101,0],"id":235462992068609,"type":106}
@nix {"action":"result","fields":[100,0],"id":235462992068609,"type":106}
@nix {"action":"start","fields":["/Users/hetzner/obrador-shared-pins-20260909/round-1-after/chain-round-1-jobs-8/store/v2bba9z4fb7hbdnksyyp6l4qf14g3sln-leaf-25.drv","",1,1],"id":235462992068688,"level":3,"parent":0,"text":"building '/Users/hetzner/obrador-shared-pins-20260909/round-1-after/chain-round-1-jobs-8/store/v2bba9z4fb7hbdnksyyp6l4qf14g3sln-leaf-25.drv'","type":105}
@nix {"action":"result","fields":[76,83,1,0],"id":235462992068610,"type":105}
@nix {"action":"result","fields":[0,0,0,0],"id":235462992068611,"type":105}
@nix {"action":"result","fields":[101,0],"id":235462992068609,"type":106}
@nix {"action":"result","fields":[100,0],"id":235462992068609,"type":106}
@nix {"action":"result","fields":[77,84,0,0],"id":235462992068610,"type":105}
@nix {"action":"result","fields":[0,0,0,0],"id":235462992068611,"type":105}
@nix {"action":"result","fields":[101,0],"id":235462992068609,"type":106}
@nix {"action":"result","fields":[100,0],"id":235462992068609,"type":106}
@nix {"action":"stop","id":235462992068688}
@nix {"action":"start","fields":["/Users/hetzner/obrador-shared-pins-20260909/round-1-after/chain-round-1-jobs-8/store/qd4s6qcrr76lahnyh0hnrg3hrljhrlpm-leaf-26.drv.drv","/Users/hetzner/obrador-shared-pins-20260909/round-1-after/chain-round-1-jobs-8/store/gs5j3z1qc3xn5vry6fimb04rpbv5gd2q-leaf-26.drv.drv"],"id":235462992068689,"level":3,"parent":0,"text":"resolved derivation: '/Users/hetzner/obrador-shared-pins-20260909/round-1-after/chain-round-1-jobs-8/store/qd4s6qcrr76lahnyh0hnrg3hrljhrlpm-leaf-26.drv.drv' -> '/Users/hetzner/obrador-shared-pins-20260909/round-1-after/chain-round-1-jobs-8/store/gs5j3z1qc3xn5vry6fimb04rpbv5gd2q-leaf-26.drv.drv'","type":111}
@nix {"action":"result","fields":[77,84,0,0],"id":235462992068610,"type":105}
@nix {"action":"result","fields":[0,0,0,0],"id":235462992068611,"type":105}
@nix {"action":"result","fields":[101,0],"id":235462992068609,"type":106}
@nix {"action":"result","fields":[100,0],"id":235462992068609,"type":106}
@nix {"action":"start","fields":["/Users/hetzner/obrador-shared-pins-20260909/round-1-after/chain-round-1-jobs-8/store/gs5j3z1qc3xn5vry6fimb04rpbv5gd2q-leaf-26.drv.drv","",1,1],"id":235462992068690,"level":3,"parent":0,"text":"building '/Users/hetzner/obrador-shared-pins-20260909/round-1-after/chain-round-1-jobs-8/store/gs5j3z1qc3xn5vry6fimb04rpbv5gd2q-leaf-26.drv.drv'","type":105}
@nix {"action":"result","fields":[77,84,1,0],"id":235462992068610,"type":105}
@nix {"action":"result","fields":[0,0,0,0],"id":235462992068611,"type":105}
@nix {"action":"result","fields":[101,0],"id":235462992068609,"type":106}
@nix {"action":"result","fields":[100,0],"id":235462992068609,"type":106}
@nix {"action":"result","fields":[78,85,0,0],"id":235462992068610,"type":105}
@nix {"action":"result","fields":[0,0,0,0],"id":235462992068611,"type":105}
@nix {"action":"result","fields":[101,0],"id":235462992068609,"type":106}
@nix {"action":"result","fields":[100,0],"id":235462992068609,"type":106}
@nix {"action":"stop","id":235462992068690}
@nix {"action":"result","fields":[79,85,0,0],"id":235462992068610,"type":105}
@nix {"action":"result","fields":[0,0,0,0],"id":235462992068611,"type":105}
@nix {"action":"result","fields":[101,0],"id":235462992068609,"type":106}
@nix {"action":"result","fields":[100,0],"id":235462992068609,"type":106}
@nix {"action":"stop","id":235462992068689}
@nix {"action":"result","fields":[79,85,0,0],"id":235462992068610,"type":105}
@nix {"action":"result","fields":[0,0,0,0],"id":235462992068611,"type":105}
@nix {"action":"result","fields":[101,0],"id":235462992068609,"type":106}
@nix {"action":"result","fields":[100,0],"id":235462992068609,"type":106}
@nix {"action":"start","fields":["/Users/hetzner/obrador-shared-pins-20260909/round-1-after/chain-round-1-jobs-8/store/s63j5w4zkxh2g306456xa8lv91pxbm7x-leaf-26.drv","",1,1],"id":235462992068691,"level":3,"parent":0,"text":"building '/Users/hetzner/obrador-shared-pins-20260909/round-1-after/chain-round-1-jobs-8/store/s63j5w4zkxh2g306456xa8lv91pxbm7x-leaf-26.drv'","type":105}
@nix {"action":"result","fields":[79,85,1,0],"id":235462992068610,"type":105}
@nix {"action":"result","fields":[0,0,0,0],"id":235462992068611,"type":105}
@nix {"action":"result","fields":[101,0],"id":235462992068609,"type":106}
@nix {"action":"result","fields":[100,0],"id":235462992068609,"type":106}
@nix {"action":"result","fields":[80,86,0,0],"id":235462992068610,"type":105}
@nix {"action":"result","fields":[0,0,0,0],"id":235462992068611,"type":105}
@nix {"action":"result","fields":[101,0],"id":235462992068609,"type":106}
@nix {"action":"result","fields":[100,0],"id":235462992068609,"type":106}
@nix {"action":"stop","id":235462992068691}
@nix {"action":"start","fields":["/Users/hetzner/obrador-shared-pins-20260909/round-1-after/chain-round-1-jobs-8/store/nnij8sg11wjngjcga3nhqrn9mjb96jxz-leaf-27.drv.drv","/Users/hetzner/obrador-shared-pins-20260909/round-1-after/chain-round-1-jobs-8/store/zx30zicgsz95b7521fvsq5xq0nfrsagr-leaf-27.drv.drv"],"id":235462992068692,"level":3,"parent":0,"text":"resolved derivation: '/Users/hetzner/obrador-shared-pins-20260909/round-1-after/chain-round-1-jobs-8/store/nnij8sg11wjngjcga3nhqrn9mjb96jxz-leaf-27.drv.drv' -> '/Users/hetzner/obrador-shared-pins-20260909/round-1-after/chain-round-1-jobs-8/store/zx30zicgsz95b7521fvsq5xq0nfrsagr-leaf-27.drv.drv'","type":111}
@nix {"action":"result","fields":[80,86,0,0],"id":235462992068610,"type":105}
@nix {"action":"result","fields":[0,0,0,0],"id":235462992068611,"type":105}
@nix {"action":"result","fields":[101,0],"id":235462992068609,"type":106}
@nix {"action":"result","fields":[100,0],"id":235462992068609,"type":106}
@nix {"action":"start","fields":["/Users/hetzner/obrador-shared-pins-20260909/round-1-after/chain-round-1-jobs-8/store/zx30zicgsz95b7521fvsq5xq0nfrsagr-leaf-27.drv.drv","",1,1],"id":235462992068693,"level":3,"parent":0,"text":"building '/Users/hetzner/obrador-shared-pins-20260909/round-1-after/chain-round-1-jobs-8/store/zx30zicgsz95b7521fvsq5xq0nfrsagr-leaf-27.drv.drv'","type":105}
@nix {"action":"result","fields":[80,86,1,0],"id":235462992068610,"type":105}
@nix {"action":"result","fields":[0,0,0,0],"id":235462992068611,"type":105}
@nix {"action":"result","fields":[101,0],"id":235462992068609,"type":106}
@nix {"action":"result","fields":[100,0],"id":235462992068609,"type":106}
@nix {"action":"result","fields":[81,87,0,0],"id":235462992068610,"type":105}
@nix {"action":"result","fields":[0,0,0,0],"id":235462992068611,"type":105}
@nix {"action":"result","fields":[101,0],"id":235462992068609,"type":106}
@nix {"action":"result","fields":[100,0],"id":235462992068609,"type":106}
@nix {"action":"stop","id":235462992068693}
@nix {"action":"result","fields":[82,87,0,0],"id":235462992068610,"type":105}
@nix {"action":"result","fields":[0,0,0,0],"id":235462992068611,"type":105}
@nix {"action":"result","fields":[101,0],"id":235462992068609,"type":106}
@nix {"action":"result","fields":[100,0],"id":235462992068609,"type":106}
@nix {"action":"stop","id":235462992068692}
@nix {"action":"result","fields":[82,87,0,0],"id":235462992068610,"type":105}
@nix {"action":"result","fields":[0,0,0,0],"id":235462992068611,"type":105}
@nix {"action":"result","fields":[101,0],"id":235462992068609,"type":106}
@nix {"action":"result","fields":[100,0],"id":235462992068609,"type":106}
@nix {"action":"start","fields":["/Users/hetzner/obrador-shared-pins-20260909/round-1-after/chain-round-1-jobs-8/store/h8bk3w0afdbyx7ihqsy867lyzb0zav3h-leaf-27.drv","",1,1],"id":235462992068694,"level":3,"parent":0,"text":"building '/Users/hetzner/obrador-shared-pins-20260909/round-1-after/chain-round-1-jobs-8/store/h8bk3w0afdbyx7ihqsy867lyzb0zav3h-leaf-27.drv'","type":105}
@nix {"action":"result","fields":[82,87,1,0],"id":235462992068610,"type":105}
@nix {"action":"result","fields":[0,0,0,0],"id":235462992068611,"type":105}
@nix {"action":"result","fields":[101,0],"id":235462992068609,"type":106}
@nix {"action":"result","fields":[100,0],"id":235462992068609,"type":106}
@nix {"action":"result","fields":[83,88,0,0],"id":235462992068610,"type":105}
@nix {"action":"result","fields":[0,0,0,0],"id":235462992068611,"type":105}
@nix {"action":"result","fields":[101,0],"id":235462992068609,"type":106}
@nix {"action":"result","fields":[100,0],"id":235462992068609,"type":106}
@nix {"action":"stop","id":235462992068694}
@nix {"action":"start","fields":["/Users/hetzner/obrador-shared-pins-20260909/round-1-after/chain-round-1-jobs-8/store/9735l6ypkr53bpfskmbwnc9nzn4b44nz-leaf-28.drv.drv","/Users/hetzner/obrador-shared-pins-20260909/round-1-after/chain-round-1-jobs-8/store/nfv3gsgj5na9mn7sr7mgrjwmf5lq6m2q-leaf-28.drv.drv"],"id":235462992068695,"level":3,"parent":0,"text":"resolved derivation: '/Users/hetzner/obrador-shared-pins-20260909/round-1-after/chain-round-1-jobs-8/store/9735l6ypkr53bpfskmbwnc9nzn4b44nz-leaf-28.drv.drv' -> '/Users/hetzner/obrador-shared-pins-20260909/round-1-after/chain-round-1-jobs-8/store/nfv3gsgj5na9mn7sr7mgrjwmf5lq6m2q-leaf-28.drv.drv'","type":111}
@nix {"action":"result","fields":[83,88,0,0],"id":235462992068610,"type":105}
@nix {"action":"result","fields":[0,0,0,0],"id":235462992068611,"type":105}
@nix {"action":"result","fields":[101,0],"id":235462992068609,"type":106}
@nix {"action":"result","fields":[100,0],"id":235462992068609,"type":106}
@nix {"action":"start","fields":["/Users/hetzner/obrador-shared-pins-20260909/round-1-after/chain-round-1-jobs-8/store/nfv3gsgj5na9mn7sr7mgrjwmf5lq6m2q-leaf-28.drv.drv","",1,1],"id":235462992068696,"level":3,"parent":0,"text":"building '/Users/hetzner/obrador-shared-pins-20260909/round-1-after/chain-round-1-jobs-8/store/nfv3gsgj5na9mn7sr7mgrjwmf5lq6m2q-leaf-28.drv.drv'","type":105}
@nix {"action":"result","fields":[83,88,1,0],"id":235462992068610,"type":105}
@nix {"action":"result","fields":[0,0,0,0],"id":235462992068611,"type":105}
@nix {"action":"result","fields":[101,0],"id":235462992068609,"type":106}
@nix {"action":"result","fields":[100,0],"id":235462992068609,"type":106}
@nix {"action":"result","fields":[84,89,0,0],"id":235462992068610,"type":105}
@nix {"action":"result","fields":[0,0,0,0],"id":235462992068611,"type":105}
@nix {"action":"result","fields":[101,0],"id":235462992068609,"type":106}
@nix {"action":"result","fields":[100,0],"id":235462992068609,"type":106}
@nix {"action":"stop","id":235462992068696}
@nix {"action":"result","fields":[85,89,0,0],"id":235462992068610,"type":105}
@nix {"action":"result","fields":[0,0,0,0],"id":235462992068611,"type":105}
@nix {"action":"result","fields":[101,0],"id":235462992068609,"type":106}
@nix {"action":"result","fields":[100,0],"id":235462992068609,"type":106}
@nix {"action":"stop","id":235462992068695}
@nix {"action":"result","fields":[85,89,0,0],"id":235462992068610,"type":105}
@nix {"action":"result","fields":[0,0,0,0],"id":235462992068611,"type":105}
@nix {"action":"result","fields":[101,0],"id":235462992068609,"type":106}
@nix {"action":"result","fields":[100,0],"id":235462992068609,"type":106}
@nix {"action":"start","fields":["/Users/hetzner/obrador-shared-pins-20260909/round-1-after/chain-round-1-jobs-8/store/lvdfmr3rlknwhp773yjj429wllhh2p7i-leaf-28.drv","",1,1],"id":235462992068697,"level":3,"parent":0,"text":"building '/Users/hetzner/obrador-shared-pins-20260909/round-1-after/chain-round-1-jobs-8/store/lvdfmr3rlknwhp773yjj429wllhh2p7i-leaf-28.drv'","type":105}
@nix {"action":"result","fields":[85,89,1,0],"id":235462992068610,"type":105}
@nix {"action":"result","fields":[0,0,0,0],"id":235462992068611,"type":105}
@nix {"action":"result","fields":[101,0],"id":235462992068609,"type":106}
@nix {"action":"result","fields":[100,0],"id":235462992068609,"type":106}
@nix {"action":"result","fields":[86,90,0,0],"id":235462992068610,"type":105}
@nix {"action":"result","fields":[0,0,0,0],"id":235462992068611,"type":105}
@nix {"action":"result","fields":[101,0],"id":235462992068609,"type":106}
@nix {"action":"result","fields":[100,0],"id":235462992068609,"type":106}
@nix {"action":"stop","id":235462992068697}
@nix {"action":"start","fields":["/Users/hetzner/obrador-shared-pins-20260909/round-1-after/chain-round-1-jobs-8/store/9ndh56smblijchfnwcvzz4ysc9hl6vn7-leaf-29.drv.drv","/Users/hetzner/obrador-shared-pins-20260909/round-1-after/chain-round-1-jobs-8/store/8xmmfj7r4s8bikpxmawh8xlbsgwqvm31-leaf-29.drv.drv"],"id":235462992068698,"level":3,"parent":0,"text":"resolved derivation: '/Users/hetzner/obrador-shared-pins-20260909/round-1-after/chain-round-1-jobs-8/store/9ndh56smblijchfnwcvzz4ysc9hl6vn7-leaf-29.drv.drv' -> '/Users/hetzner/obrador-shared-pins-20260909/round-1-after/chain-round-1-jobs-8/store/8xmmfj7r4s8bikpxmawh8xlbsgwqvm31-leaf-29.drv.drv'","type":111}
@nix {"action":"result","fields":[86,90,0,0],"id":235462992068610,"type":105}
@nix {"action":"result","fields":[0,0,0,0],"id":235462992068611,"type":105}
@nix {"action":"result","fields":[101,0],"id":235462992068609,"type":106}
@nix {"action":"result","fields":[100,0],"id":235462992068609,"type":106}
@nix {"action":"start","fields":["/Users/hetzner/obrador-shared-pins-20260909/round-1-after/chain-round-1-jobs-8/store/8xmmfj7r4s8bikpxmawh8xlbsgwqvm31-leaf-29.drv.drv","",1,1],"id":235462992068699,"level":3,"parent":0,"text":"building '/Users/hetzner/obrador-shared-pins-20260909/round-1-after/chain-round-1-jobs-8/store/8xmmfj7r4s8bikpxmawh8xlbsgwqvm31-leaf-29.drv.drv'","type":105}
@nix {"action":"result","fields":[86,90,1,0],"id":235462992068610,"type":105}
@nix {"action":"result","fields":[0,0,0,0],"id":235462992068611,"type":105}
@nix {"action":"result","fields":[101,0],"id":235462992068609,"type":106}
@nix {"action":"result","fields":[100,0],"id":235462992068609,"type":106}
@nix {"action":"result","fields":[87,91,0,0],"id":235462992068610,"type":105}
@nix {"action":"result","fields":[0,0,0,0],"id":235462992068611,"type":105}
@nix {"action":"result","fields":[101,0],"id":235462992068609,"type":106}
@nix {"action":"result","fields":[100,0],"id":235462992068609,"type":106}
@nix {"action":"stop","id":235462992068699}
@nix {"action":"result","fields":[88,91,0,0],"id":235462992068610,"type":105}
@nix {"action":"result","fields":[0,0,0,0],"id":235462992068611,"type":105}
@nix {"action":"result","fields":[101,0],"id":235462992068609,"type":106}
@nix {"action":"result","fields":[100,0],"id":235462992068609,"type":106}
@nix {"action":"stop","id":235462992068698}
@nix {"action":"result","fields":[88,91,0,0],"id":235462992068610,"type":105}
@nix {"action":"result","fields":[0,0,0,0],"id":235462992068611,"type":105}
@nix {"action":"result","fields":[101,0],"id":235462992068609,"type":106}
@nix {"action":"result","fields":[100,0],"id":235462992068609,"type":106}
@nix {"action":"start","fields":["/Users/hetzner/obrador-shared-pins-20260909/round-1-after/chain-round-1-jobs-8/store/5fp3v1bh8rym0v814v8ygw1brsc5zi79-leaf-29.drv","",1,1],"id":235462992068700,"level":3,"parent":0,"text":"building '/Users/hetzner/obrador-shared-pins-20260909/round-1-after/chain-round-1-jobs-8/store/5fp3v1bh8rym0v814v8ygw1brsc5zi79-leaf-29.drv'","type":105}
@nix {"action":"result","fields":[88,91,1,0],"id":235462992068610,"type":105}
@nix {"action":"result","fields":[0,0,0,0],"id":235462992068611,"type":105}
@nix {"action":"result","fields":[101,0],"id":235462992068609,"type":106}
@nix {"action":"result","fields":[100,0],"id":235462992068609,"type":106}
@nix {"action":"result","fields":[89,92,0,0],"id":235462992068610,"type":105}
@nix {"action":"result","fields":[0,0,0,0],"id":235462992068611,"type":105}
@nix {"action":"result","fields":[101,0],"id":235462992068609,"type":106}
@nix {"action":"result","fields":[100,0],"id":235462992068609,"type":106}
@nix {"action":"stop","id":235462992068700}
@nix {"action":"start","fields":["/Users/hetzner/obrador-shared-pins-20260909/round-1-after/chain-round-1-jobs-8/store/sdwpxfd677n7zqs3najv6a8xc6q8cgz9-leaf-30.drv.drv","/Users/hetzner/obrador-shared-pins-20260909/round-1-after/chain-round-1-jobs-8/store/l6npmh0vsgp5824iskw7hkq64jvnysyd-leaf-30.drv.drv"],"id":235462992068701,"level":3,"parent":0,"text":"resolved derivation: '/Users/hetzner/obrador-shared-pins-20260909/round-1-after/chain-round-1-jobs-8/store/sdwpxfd677n7zqs3najv6a8xc6q8cgz9-leaf-30.drv.drv' -> '/Users/hetzner/obrador-shared-pins-20260909/round-1-after/chain-round-1-jobs-8/store/l6npmh0vsgp5824iskw7hkq64jvnysyd-leaf-30.drv.drv'","type":111}
@nix {"action":"result","fields":[89,92,0,0],"id":235462992068610,"type":105}
@nix {"action":"result","fields":[0,0,0,0],"id":235462992068611,"type":105}
@nix {"action":"result","fields":[101,0],"id":235462992068609,"type":106}
@nix {"action":"result","fields":[100,0],"id":235462992068609,"type":106}
@nix {"action":"start","fields":["/Users/hetzner/obrador-shared-pins-20260909/round-1-after/chain-round-1-jobs-8/store/l6npmh0vsgp5824iskw7hkq64jvnysyd-leaf-30.drv.drv","",1,1],"id":235462992068702,"level":3,"parent":0,"text":"building '/Users/hetzner/obrador-shared-pins-20260909/round-1-after/chain-round-1-jobs-8/store/l6npmh0vsgp5824iskw7hkq64jvnysyd-leaf-30.drv.drv'","type":105}
@nix {"action":"result","fields":[89,92,1,0],"id":235462992068610,"type":105}
@nix {"action":"result","fields":[0,0,0,0],"id":235462992068611,"type":105}
@nix {"action":"result","fields":[101,0],"id":235462992068609,"type":106}
@nix {"action":"result","fields":[100,0],"id":235462992068609,"type":106}
@nix {"action":"result","fields":[90,93,0,0],"id":235462992068610,"type":105}
@nix {"action":"result","fields":[0,0,0,0],"id":235462992068611,"type":105}
@nix {"action":"result","fields":[101,0],"id":235462992068609,"type":106}
@nix {"action":"result","fields":[100,0],"id":235462992068609,"type":106}
@nix {"action":"stop","id":235462992068702}
@nix {"action":"result","fields":[91,93,0,0],"id":235462992068610,"type":105}
@nix {"action":"result","fields":[0,0,0,0],"id":235462992068611,"type":105}
@nix {"action":"result","fields":[101,0],"id":235462992068609,"type":106}
@nix {"action":"result","fields":[100,0],"id":235462992068609,"type":106}
@nix {"action":"stop","id":235462992068701}
@nix {"action":"result","fields":[91,93,0,0],"id":235462992068610,"type":105}
@nix {"action":"result","fields":[0,0,0,0],"id":235462992068611,"type":105}
@nix {"action":"result","fields":[101,0],"id":235462992068609,"type":106}
@nix {"action":"result","fields":[100,0],"id":235462992068609,"type":106}
@nix {"action":"start","fields":["/Users/hetzner/obrador-shared-pins-20260909/round-1-after/chain-round-1-jobs-8/store/za78hzqav20662ymlvqxzl0wzcbzpak3-leaf-30.drv","",1,1],"id":235462992068703,"level":3,"parent":0,"text":"building '/Users/hetzner/obrador-shared-pins-20260909/round-1-after/chain-round-1-jobs-8/store/za78hzqav20662ymlvqxzl0wzcbzpak3-leaf-30.drv'","type":105}
@nix {"action":"result","fields":[91,93,1,0],"id":235462992068610,"type":105}
@nix {"action":"result","fields":[0,0,0,0],"id":235462992068611,"type":105}
@nix {"action":"result","fields":[101,0],"id":235462992068609,"type":106}
@nix {"action":"result","fields":[100,0],"id":235462992068609,"type":106}
@nix {"action":"result","fields":[92,94,0,0],"id":235462992068610,"type":105}
@nix {"action":"result","fields":[0,0,0,0],"id":235462992068611,"type":105}
@nix {"action":"result","fields":[101,0],"id":235462992068609,"type":106}
@nix {"action":"result","fields":[100,0],"id":235462992068609,"type":106}
@nix {"action":"stop","id":235462992068703}
@nix {"action":"start","fields":["/Users/hetzner/obrador-shared-pins-20260909/round-1-after/chain-round-1-jobs-8/store/2hri67r307mbg9liqz6nfmah4sdcjbh9-leaf-31.drv.drv","/Users/hetzner/obrador-shared-pins-20260909/round-1-after/chain-round-1-jobs-8/store/hvkf9bm79rw1vdq9nlq3f5ni0vfsk3wy-leaf-31.drv.drv"],"id":235462992068704,"level":3,"parent":0,"text":"resolved derivation: '/Users/hetzner/obrador-shared-pins-20260909/round-1-after/chain-round-1-jobs-8/store/2hri67r307mbg9liqz6nfmah4sdcjbh9-leaf-31.drv.drv' -> '/Users/hetzner/obrador-shared-pins-20260909/round-1-after/chain-round-1-jobs-8/store/hvkf9bm79rw1vdq9nlq3f5ni0vfsk3wy-leaf-31.drv.drv'","type":111}
@nix {"action":"result","fields":[92,94,0,0],"id":235462992068610,"type":105}
@nix {"action":"result","fields":[0,0,0,0],"id":235462992068611,"type":105}
@nix {"action":"result","fields":[101,0],"id":235462992068609,"type":106}
@nix {"action":"result","fields":[100,0],"id":235462992068609,"type":106}
@nix {"action":"start","fields":["/Users/hetzner/obrador-shared-pins-20260909/round-1-after/chain-round-1-jobs-8/store/hvkf9bm79rw1vdq9nlq3f5ni0vfsk3wy-leaf-31.drv.drv","",1,1],"id":235462992068705,"level":3,"parent":0,"text":"building '/Users/hetzner/obrador-shared-pins-20260909/round-1-after/chain-round-1-jobs-8/store/hvkf9bm79rw1vdq9nlq3f5ni0vfsk3wy-leaf-31.drv.drv'","type":105}
@nix {"action":"result","fields":[92,94,1,0],"id":235462992068610,"type":105}
@nix {"action":"result","fields":[0,0,0,0],"id":235462992068611,"type":105}
@nix {"action":"result","fields":[101,0],"id":235462992068609,"type":106}
@nix {"action":"result","fields":[100,0],"id":235462992068609,"type":106}
@nix {"action":"result","fields":[93,95,0,0],"id":235462992068610,"type":105}
@nix {"action":"result","fields":[0,0,0,0],"id":235462992068611,"type":105}
@nix {"action":"result","fields":[101,0],"id":235462992068609,"type":106}
@nix {"action":"result","fields":[100,0],"id":235462992068609,"type":106}
@nix {"action":"stop","id":235462992068705}
@nix {"action":"result","fields":[94,95,0,0],"id":235462992068610,"type":105}
@nix {"action":"result","fields":[0,0,0,0],"id":235462992068611,"type":105}
@nix {"action":"result","fields":[101,0],"id":235462992068609,"type":106}
@nix {"action":"result","fields":[100,0],"id":235462992068609,"type":106}
@nix {"action":"stop","id":235462992068704}
@nix {"action":"result","fields":[94,95,0,0],"id":235462992068610,"type":105}
@nix {"action":"result","fields":[0,0,0,0],"id":235462992068611,"type":105}
@nix {"action":"result","fields":[101,0],"id":235462992068609,"type":106}
@nix {"action":"result","fields":[100,0],"id":235462992068609,"type":106}
@nix {"action":"start","fields":["/Users/hetzner/obrador-shared-pins-20260909/round-1-after/chain-round-1-jobs-8/store/5mcbq576662mj97wk8vrknzpv6k7zq6c-leaf-31.drv","",1,1],"id":235462992068706,"level":3,"parent":0,"text":"building '/Users/hetzner/obrador-shared-pins-20260909/round-1-after/chain-round-1-jobs-8/store/5mcbq576662mj97wk8vrknzpv6k7zq6c-leaf-31.drv'","type":105}
@nix {"action":"result","fields":[94,95,1,0],"id":235462992068610,"type":105}
@nix {"action":"result","fields":[0,0,0,0],"id":235462992068611,"type":105}
@nix {"action":"result","fields":[101,0],"id":235462992068609,"type":106}
@nix {"action":"result","fields":[100,0],"id":235462992068609,"type":106}
@nix {"action":"result","fields":[95,96,0,0],"id":235462992068610,"type":105}
@nix {"action":"result","fields":[0,0,0,0],"id":235462992068611,"type":105}
@nix {"action":"result","fields":[101,0],"id":235462992068609,"type":106}
@nix {"action":"result","fields":[100,0],"id":235462992068609,"type":106}
@nix {"action":"stop","id":235462992068706}
@nix {"action":"stop","id":235462992068611}
@nix {"action":"stop","id":235462992068610}
@nix {"action":"stop","id":235462992068609}
