@nix {"action":"start","id":244293444829184,"level":6,"parent":0,"text":"querying info about missing paths","type":0}
@nix {"action":"msg","level":1,"msg":"\u001b[35;1mwarning:\u001b[0m Ignoring dynamic derivation /Users/hetzner/obrador-shared-pins-20260909/round-3-after/chain-round-1-jobs-8/store/n632ijjirbm1c0hibc7ran1vg2ra1mii-leaf-31.drv.drv^out while querying missing paths; not yet implemented"}
@nix {"action":"stop","id":244293444829184}
@nix {"action":"start","id":244293444829185,"level":0,"parent":0,"text":"","type":102}
@nix {"action":"start","id":244293444829186,"level":0,"parent":0,"text":"","type":104}
@nix {"action":"start","id":244293444829187,"level":0,"parent":0,"text":"","type":103}
@nix {"action":"result","fields":[0,0,0,0],"id":244293444829186,"type":105}
@nix {"action":"result","fields":[0,0,0,0],"id":244293444829187,"type":105}
@nix {"action":"result","fields":[101,0],"id":244293444829185,"type":106}
@nix {"action":"result","fields":[100,0],"id":244293444829185,"type":106}
@nix {"action":"result","fields":[0,0,0,0],"id":244293444829186,"type":105}
@nix {"action":"result","fields":[0,0,0,0],"id":244293444829187,"type":105}
@nix {"action":"result","fields":[101,0],"id":244293444829185,"type":106}
@nix {"action":"result","fields":[100,0],"id":244293444829185,"type":106}
@nix {"action":"result","fields":[0,1,0,0],"id":244293444829186,"type":105}
@nix {"action":"result","fields":[0,0,0,0],"id":244293444829187,"type":105}
@nix {"action":"result","fields":[101,0],"id":244293444829185,"type":106}
@nix {"action":"result","fields":[100,0],"id":244293444829185,"type":106}
@nix {"action":"result","fields":[0,1,0,0],"id":244293444829186,"type":105}
@nix {"action":"result","fields":[0,0,0,0],"id":244293444829187,"type":105}
@nix {"action":"result","fields":[101,0],"id":244293444829185,"type":106}
@nix {"action":"result","fields":[100,0],"id":244293444829185,"type":106}
@nix {"action":"result","fields":[0,1,0,0],"id":244293444829186,"type":105}
@nix {"action":"result","fields":[0,0,0,0],"id":244293444829187,"type":105}
@nix {"action":"result","fields":[101,0],"id":244293444829185,"type":106}
@nix {"action":"result","fields":[100,0],"id":244293444829185,"type":106}
@nix {"action":"result","fields":[0,2,0,0],"id":244293444829186,"type":105}
@nix {"action":"result","fields":[0,0,0,0],"id":244293444829187,"type":105}
@nix {"action":"result","fields":[101,0],"id":244293444829185,"type":106}
@nix {"action":"result","fields":[100,0],"id":244293444829185,"type":106}
@nix {"action":"result","fields":[0,2,0,0],"id":244293444829186,"type":105}
@nix {"action":"result","fields":[0,0,0,0],"id":244293444829187,"type":105}
@nix {"action":"result","fields":[101,0],"id":244293444829185,"type":106}
@nix {"action":"result","fields":[100,0],"id":244293444829185,"type":106}
@nix {"action":"result","fields":[0,2,0,0],"id":244293444829186,"type":105}
@nix {"action":"result","fields":[0,0,0,0],"id":244293444829187,"type":105}
@nix {"action":"result","fields":[101,0],"id":244293444829185,"type":106}
@nix {"action":"result","fields":[100,0],"id":244293444829185,"type":106}
@nix {"action":"result","fields":[0,3,0,0],"id":244293444829186,"type":105}
@nix {"action":"result","fields":[0,0,0,0],"id":244293444829187,"type":105}
@nix {"action":"result","fields":[101,0],"id":244293444829185,"type":106}
@nix {"action":"result","fields":[100,0],"id":244293444829185,"type":106}
@nix {"action":"result","fields":[0,3,0,0],"id":244293444829186,"type":105}
@nix {"action":"result","fields":[0,0,0,0],"id":244293444829187,"type":105}
@nix {"action":"result","fields":[101,0],"id":244293444829185,"type":106}
@nix {"action":"result","fields":[100,0],"id":244293444829185,"type":106}
@nix {"action":"result","fields":[0,3,0,0],"id":244293444829186,"type":105}
@nix {"action":"result","fields":[0,0,0,0],"id":244293444829187,"type":105}
@nix {"action":"result","fields":[101,0],"id":244293444829185,"type":106}
@nix {"action":"result","fields":[100,0],"id":244293444829185,"type":106}
@nix {"action":"result","fields":[0,4,0,0],"id":244293444829186,"type":105}
@nix {"action":"result","fields":[0,0,0,0],"id":244293444829187,"type":105}
@nix {"action":"result","fields":[101,0],"id":244293444829185,"type":106}
@nix {"action":"result","fields":[100,0],"id":244293444829185,"type":106}
@nix {"action":"result","fields":[0,4,0,0],"id":244293444829186,"type":105}
@nix {"action":"result","fields":[0,0,0,0],"id":244293444829187,"type":105}
@nix {"action":"result","fields":[101,0],"id":244293444829185,"type":106}
@nix {"action":"result","fields":[100,0],"id":244293444829185,"type":106}
@nix {"action":"result","fields":[0,4,0,0],"id":244293444829186,"type":105}
@nix {"action":"result","fields":[0,0,0,0],"id":244293444829187,"type":105}
@nix {"action":"result","fields":[101,0],"id":244293444829185,"type":106}
@nix {"action":"result","fields":[100,0],"id":244293444829185,"type":106}
@nix {"action":"result","fields":[0,5,0,0],"id":244293444829186,"type":105}
@nix {"action":"result","fields":[0,0,0,0],"id":244293444829187,"type":105}
@nix {"action":"result","fields":[101,0],"id":244293444829185,"type":106}
@nix {"action":"result","fields":[100,0],"id":244293444829185,"type":106}
@nix {"action":"result","fields":[0,5,0,0],"id":244293444829186,"type":105}
@nix {"action":"result","fields":[0,0,0,0],"id":244293444829187,"type":105}
@nix {"action":"result","fields":[101,0],"id":244293444829185,"type":106}
@nix {"action":"result","fields":[100,0],"id":244293444829185,"type":106}
@nix {"action":"result","fields":[0,5,0,0],"id":244293444829186,"type":105}
@nix {"action":"result","fields":[0,0,0,0],"id":244293444829187,"type":105}
@nix {"action":"result","fields":[101,0],"id":244293444829185,"type":106}
@nix {"action":"result","fields":[100,0],"id":244293444829185,"type":106}
@nix {"action":"result","fields":[0,6,0,0],"id":244293444829186,"type":105}
@nix {"action":"result","fields":[0,0,0,0],"id":244293444829187,"type":105}
@nix {"action":"result","fields":[101,0],"id":244293444829185,"type":106}
@nix {"action":"result","fields":[100,0],"id":244293444829185,"type":106}
@nix {"action":"result","fields":[0,6,0,0],"id":244293444829186,"type":105}
@nix {"action":"result","fields":[0,0,0,0],"id":244293444829187,"type":105}
@nix {"action":"result","fields":[101,0],"id":244293444829185,"type":106}
@nix {"action":"result","fields":[100,0],"id":244293444829185,"type":106}
@nix {"action":"result","fields":[0,6,0,0],"id":244293444829186,"type":105}
@nix {"action":"result","fields":[0,0,0,0],"id":244293444829187,"type":105}
@nix {"action":"result","fields":[101,0],"id":244293444829185,"type":106}
@nix {"action":"result","fields":[100,0],"id":244293444829185,"type":106}
@nix {"action":"result","fields":[0,7,0,0],"id":244293444829186,"type":105}
@nix {"action":"result","fields":[0,0,0,0],"id":244293444829187,"type":105}
@nix {"action":"result","fields":[101,0],"id":244293444829185,"type":106}
@nix {"action":"result","fields":[100,0],"id":244293444829185,"type":106}
@nix {"action":"result","fields":[0,7,0,0],"id":244293444829186,"type":105}
@nix {"action":"result","fields":[0,0,0,0],"id":244293444829187,"type":105}
@nix {"action":"result","fields":[101,0],"id":244293444829185,"type":106}
@nix {"action":"result","fields":[100,0],"id":244293444829185,"type":106}
@nix {"action":"result","fields":[0,7,0,0],"id":244293444829186,"type":105}
@nix {"action":"result","fields":[0,0,0,0],"id":244293444829187,"type":105}
@nix {"action":"result","fields":[101,0],"id":244293444829185,"type":106}
@nix {"action":"result","fields":[100,0],"id":244293444829185,"type":106}
@nix {"action":"result","fields":[0,8,0,0],"id":244293444829186,"type":105}
@nix {"action":"result","fields":[0,0,0,0],"id":244293444829187,"type":105}
@nix {"action":"result","fields":[101,0],"id":244293444829185,"type":106}
@nix {"action":"result","fields":[100,0],"id":244293444829185,"type":106}
@nix {"action":"result","fields":[0,8,0,0],"id":244293444829186,"type":105}
@nix {"action":"result","fields":[0,0,0,0],"id":244293444829187,"type":105}
@nix {"action":"result","fields":[101,0],"id":244293444829185,"type":106}
@nix {"action":"result","fields":[100,0],"id":244293444829185,"type":106}
@nix {"action":"result","fields":[0,8,0,0],"id":244293444829186,"type":105}
@nix {"action":"result","fields":[0,0,0,0],"id":244293444829187,"type":105}
@nix {"action":"result","fields":[101,0],"id":244293444829185,"type":106}
@nix {"action":"result","fields":[100,0],"id":244293444829185,"type":106}
@nix {"action":"result","fields":[0,9,0,0],"id":244293444829186,"type":105}
@nix {"action":"result","fields":[0,0,0,0],"id":244293444829187,"type":105}
@nix {"action":"result","fields":[101,0],"id":244293444829185,"type":106}
@nix {"action":"result","fields":[100,0],"id":244293444829185,"type":106}
@nix {"action":"result","fields":[0,9,0,0],"id":244293444829186,"type":105}
@nix {"action":"result","fields":[0,0,0,0],"id":244293444829187,"type":105}
@nix {"action":"result","fields":[101,0],"id":244293444829185,"type":106}
@nix {"action":"result","fields":[100,0],"id":244293444829185,"type":106}
@nix {"action":"result","fields":[0,9,0,0],"id":244293444829186,"type":105}
@nix {"action":"result","fields":[0,0,0,0],"id":244293444829187,"type":105}
@nix {"action":"result","fields":[101,0],"id":244293444829185,"type":106}
@nix {"action":"result","fields":[100,0],"id":244293444829185,"type":106}
@nix {"action":"result","fields":[0,10,0,0],"id":244293444829186,"type":105}
@nix {"action":"result","fields":[0,0,0,0],"id":244293444829187,"type":105}
@nix {"action":"result","fields":[101,0],"id":244293444829185,"type":106}
@nix {"action":"result","fields":[100,0],"id":244293444829185,"type":106}
@nix {"action":"result","fields":[0,10,0,0],"id":244293444829186,"type":105}
@nix {"action":"result","fields":[0,0,0,0],"id":244293444829187,"type":105}
@nix {"action":"result","fields":[101,0],"id":244293444829185,"type":106}
@nix {"action":"result","fields":[100,0],"id":244293444829185,"type":106}
@nix {"action":"result","fields":[0,10,0,0],"id":244293444829186,"type":105}
@nix {"action":"result","fields":[0,0,0,0],"id":244293444829187,"type":105}
@nix {"action":"result","fields":[101,0],"id":244293444829185,"type":106}
@nix {"action":"result","fields":[100,0],"id":244293444829185,"type":106}
@nix {"action":"result","fields":[0,11,0,0],"id":244293444829186,"type":105}
@nix {"action":"result","fields":[0,0,0,0],"id":244293444829187,"type":105}
@nix {"action":"result","fields":[101,0],"id":244293444829185,"type":106}
@nix {"action":"result","fields":[100,0],"id":244293444829185,"type":106}
@nix {"action":"result","fields":[0,11,0,0],"id":244293444829186,"type":105}
@nix {"action":"result","fields":[0,0,0,0],"id":244293444829187,"type":105}
@nix {"action":"result","fields":[101,0],"id":244293444829185,"type":106}
@nix {"action":"result","fields":[100,0],"id":244293444829185,"type":106}
@nix {"action":"result","fields":[0,11,0,0],"id":244293444829186,"type":105}
@nix {"action":"result","fields":[0,0,0,0],"id":244293444829187,"type":105}
@nix {"action":"result","fields":[101,0],"id":244293444829185,"type":106}
@nix {"action":"result","fields":[100,0],"id":244293444829185,"type":106}
@nix {"action":"result","fields":[0,12,0,0],"id":244293444829186,"type":105}
@nix {"action":"result","fields":[0,0,0,0],"id":244293444829187,"type":105}
@nix {"action":"result","fields":[101,0],"id":244293444829185,"type":106}
@nix {"action":"result","fields":[100,0],"id":244293444829185,"type":106}
@nix {"action":"result","fields":[0,12,0,0],"id":244293444829186,"type":105}
@nix {"action":"result","fields":[0,0,0,0],"id":244293444829187,"type":105}
@nix {"action":"result","fields":[101,0],"id":244293444829185,"type":106}
@nix {"action":"result","fields":[100,0],"id":244293444829185,"type":106}
@nix {"action":"result","fields":[0,12,0,0],"id":244293444829186,"type":105}
@nix {"action":"result","fields":[0,0,0,0],"id":244293444829187,"type":105}
@nix {"action":"result","fields":[101,0],"id":244293444829185,"type":106}
@nix {"action":"result","fields":[100,0],"id":244293444829185,"type":106}
@nix {"action":"result","fields":[0,13,0,0],"id":244293444829186,"type":105}
@nix {"action":"result","fields":[0,0,0,0],"id":244293444829187,"type":105}
@nix {"action":"result","fields":[101,0],"id":244293444829185,"type":106}
@nix {"action":"result","fields":[100,0],"id":244293444829185,"type":106}
@nix {"action":"result","fields":[0,13,0,0],"id":244293444829186,"type":105}
@nix {"action":"result","fields":[0,0,0,0],"id":244293444829187,"type":105}
@nix {"action":"result","fields":[101,0],"id":244293444829185,"type":106}
@nix {"action":"result","fields":[100,0],"id":244293444829185,"type":106}
@nix {"action":"result","fields":[0,13,0,0],"id":244293444829186,"type":105}
@nix {"action":"result","fields":[0,0,0,0],"id":244293444829187,"type":105}
@nix {"action":"result","fields":[101,0],"id":244293444829185,"type":106}
@nix {"action":"result","fields":[100,0],"id":244293444829185,"type":106}
@nix {"action":"result","fields":[0,14,0,0],"id":244293444829186,"type":105}
@nix {"action":"result","fields":[0,0,0,0],"id":244293444829187,"type":105}
@nix {"action":"result","fields":[101,0],"id":244293444829185,"type":106}
@nix {"action":"result","fields":[100,0],"id":244293444829185,"type":106}
@nix {"action":"result","fields":[0,14,0,0],"id":244293444829186,"type":105}
@nix {"action":"result","fields":[0,0,0,0],"id":244293444829187,"type":105}
@nix {"action":"result","fields":[101,0],"id":244293444829185,"type":106}
@nix {"action":"result","fields":[100,0],"id":244293444829185,"type":106}
@nix {"action":"result","fields":[0,14,0,0],"id":244293444829186,"type":105}
@nix {"action":"result","fields":[0,0,0,0],"id":244293444829187,"type":105}
@nix {"action":"result","fields":[101,0],"id":244293444829185,"type":106}
@nix {"action":"result","fields":[100,0],"id":244293444829185,"type":106}
@nix {"action":"result","fields":[0,15,0,0],"id":244293444829186,"type":105}
@nix {"action":"result","fields":[0,0,0,0],"id":244293444829187,"type":105}
@nix {"action":"result","fields":[101,0],"id":244293444829185,"type":106}
@nix {"action":"result","fields":[100,0],"id":244293444829185,"type":106}
@nix {"action":"result","fields":[0,15,0,0],"id":244293444829186,"type":105}
@nix {"action":"result","fields":[0,0,0,0],"id":244293444829187,"type":105}
@nix {"action":"result","fields":[101,0],"id":244293444829185,"type":106}
@nix {"action":"result","fields":[100,0],"id":244293444829185,"type":106}
@nix {"action":"result","fields":[0,15,0,0],"id":244293444829186,"type":105}
@nix {"action":"result","fields":[0,0,0,0],"id":244293444829187,"type":105}
@nix {"action":"result","fields":[101,0],"id":244293444829185,"type":106}
@nix {"action":"result","fields":[100,0],"id":244293444829185,"type":106}
@nix {"action":"result","fields":[0,16,0,0],"id":244293444829186,"type":105}
@nix {"action":"result","fields":[0,0,0,0],"id":244293444829187,"type":105}
@nix {"action":"result","fields":[101,0],"id":244293444829185,"type":106}
@nix {"action":"result","fields":[100,0],"id":244293444829185,"type":106}
@nix {"action":"result","fields":[0,16,0,0],"id":244293444829186,"type":105}
@nix {"action":"result","fields":[0,0,0,0],"id":244293444829187,"type":105}
@nix {"action":"result","fields":[101,0],"id":244293444829185,"type":106}
@nix {"action":"result","fields":[100,0],"id":244293444829185,"type":106}
@nix {"action":"result","fields":[0,16,0,0],"id":244293444829186,"type":105}
@nix {"action":"result","fields":[0,0,0,0],"id":244293444829187,"type":105}
@nix {"action":"result","fields":[101,0],"id":244293444829185,"type":106}
@nix {"action":"result","fields":[100,0],"id":244293444829185,"type":106}
@nix {"action":"result","fields":[0,17,0,0],"id":244293444829186,"type":105}
@nix {"action":"result","fields":[0,0,0,0],"id":244293444829187,"type":105}
@nix {"action":"result","fields":[101,0],"id":244293444829185,"type":106}
@nix {"action":"result","fields":[100,0],"id":244293444829185,"type":106}
@nix {"action":"result","fields":[0,17,0,0],"id":244293444829186,"type":105}
@nix {"action":"result","fields":[0,0,0,0],"id":244293444829187,"type":105}
@nix {"action":"result","fields":[101,0],"id":244293444829185,"type":106}
@nix {"action":"result","fields":[100,0],"id":244293444829185,"type":106}
@nix {"action":"result","fields":[0,17,0,0],"id":244293444829186,"type":105}
@nix {"action":"result","fields":[0,0,0,0],"id":244293444829187,"type":105}
@nix {"action":"result","fields":[101,0],"id":244293444829185,"type":106}
@nix {"action":"result","fields":[100,0],"id":244293444829185,"type":106}
@nix {"action":"result","fields":[0,18,0,0],"id":244293444829186,"type":105}
@nix {"action":"result","fields":[0,0,0,0],"id":244293444829187,"type":105}
@nix {"action":"result","fields":[101,0],"id":244293444829185,"type":106}
@nix {"action":"result","fields":[100,0],"id":244293444829185,"type":106}
@nix {"action":"result","fields":[0,18,0,0],"id":244293444829186,"type":105}
@nix {"action":"result","fields":[0,0,0,0],"id":244293444829187,"type":105}
@nix {"action":"result","fields":[101,0],"id":244293444829185,"type":106}
@nix {"action":"result","fields":[100,0],"id":244293444829185,"type":106}
@nix {"action":"result","fields":[0,18,0,0],"id":244293444829186,"type":105}
@nix {"action":"result","fields":[0,0,0,0],"id":244293444829187,"type":105}
@nix {"action":"result","fields":[101,0],"id":244293444829185,"type":106}
@nix {"action":"result","fields":[100,0],"id":244293444829185,"type":106}
@nix {"action":"result","fields":[0,19,0,0],"id":244293444829186,"type":105}
@nix {"action":"result","fields":[0,0,0,0],"id":244293444829187,"type":105}
@nix {"action":"result","fields":[101,0],"id":244293444829185,"type":106}
@nix {"action":"result","fields":[100,0],"id":244293444829185,"type":106}
@nix {"action":"result","fields":[0,19,0,0],"id":244293444829186,"type":105}
@nix {"action":"result","fields":[0,0,0,0],"id":244293444829187,"type":105}
@nix {"action":"result","fields":[101,0],"id":244293444829185,"type":106}
@nix {"action":"result","fields":[100,0],"id":244293444829185,"type":106}
@nix {"action":"result","fields":[0,19,0,0],"id":244293444829186,"type":105}
@nix {"action":"result","fields":[0,0,0,0],"id":244293444829187,"type":105}
@nix {"action":"result","fields":[101,0],"id":244293444829185,"type":106}
@nix {"action":"result","fields":[100,0],"id":244293444829185,"type":106}
@nix {"action":"result","fields":[0,20,0,0],"id":244293444829186,"type":105}
@nix {"action":"result","fields":[0,0,0,0],"id":244293444829187,"type":105}
@nix {"action":"result","fields":[101,0],"id":244293444829185,"type":106}
@nix {"action":"result","fields":[100,0],"id":244293444829185,"type":106}
@nix {"action":"result","fields":[0,20,0,0],"id":244293444829186,"type":105}
@nix {"action":"result","fields":[0,0,0,0],"id":244293444829187,"type":105}
@nix {"action":"result","fields":[101,0],"id":244293444829185,"type":106}
@nix {"action":"result","fields":[100,0],"id":244293444829185,"type":106}
@nix {"action":"result","fields":[0,20,0,0],"id":244293444829186,"type":105}
@nix {"action":"result","fields":[0,0,0,0],"id":244293444829187,"type":105}
@nix {"action":"result","fields":[101,0],"id":244293444829185,"type":106}
@nix {"action":"result","fields":[100,0],"id":244293444829185,"type":106}
@nix {"action":"result","fields":[0,21,0,0],"id":244293444829186,"type":105}
@nix {"action":"result","fields":[0,0,0,0],"id":244293444829187,"type":105}
@nix {"action":"result","fields":[101,0],"id":244293444829185,"type":106}
@nix {"action":"result","fields":[100,0],"id":244293444829185,"type":106}
@nix {"action":"result","fields":[0,21,0,0],"id":244293444829186,"type":105}
@nix {"action":"result","fields":[0,0,0,0],"id":244293444829187,"type":105}
@nix {"action":"result","fields":[101,0],"id":244293444829185,"type":106}
@nix {"action":"result","fields":[100,0],"id":244293444829185,"type":106}
@nix {"action":"result","fields":[0,21,0,0],"id":244293444829186,"type":105}
@nix {"action":"result","fields":[0,0,0,0],"id":244293444829187,"type":105}
@nix {"action":"result","fields":[101,0],"id":244293444829185,"type":106}
@nix {"action":"result","fields":[100,0],"id":244293444829185,"type":106}
@nix {"action":"result","fields":[0,22,0,0],"id":244293444829186,"type":105}
@nix {"action":"result","fields":[0,0,0,0],"id":244293444829187,"type":105}
@nix {"action":"result","fields":[101,0],"id":244293444829185,"type":106}
@nix {"action":"result","fields":[100,0],"id":244293444829185,"type":106}
@nix {"action":"result","fields":[0,22,0,0],"id":244293444829186,"type":105}
@nix {"action":"result","fields":[0,0,0,0],"id":244293444829187,"type":105}
@nix {"action":"result","fields":[101,0],"id":244293444829185,"type":106}
@nix {"action":"result","fields":[100,0],"id":244293444829185,"type":106}
@nix {"action":"result","fields":[0,22,0,0],"id":244293444829186,"type":105}
@nix {"action":"result","fields":[0,0,0,0],"id":244293444829187,"type":105}
@nix {"action":"result","fields":[101,0],"id":244293444829185,"type":106}
@nix {"action":"result","fields":[100,0],"id":244293444829185,"type":106}
@nix {"action":"result","fields":[0,23,0,0],"id":244293444829186,"type":105}
@nix {"action":"result","fields":[0,0,0,0],"id":244293444829187,"type":105}
@nix {"action":"result","fields":[101,0],"id":244293444829185,"type":106}
@nix {"action":"result","fields":[100,0],"id":244293444829185,"type":106}
@nix {"action":"result","fields":[0,23,0,0],"id":244293444829186,"type":105}
@nix {"action":"result","fields":[0,0,0,0],"id":244293444829187,"type":105}
@nix {"action":"result","fields":[101,0],"id":244293444829185,"type":106}
@nix {"action":"result","fields":[100,0],"id":244293444829185,"type":106}
@nix {"action":"result","fields":[0,23,0,0],"id":244293444829186,"type":105}
@nix {"action":"result","fields":[0,0,0,0],"id":244293444829187,"type":105}
@nix {"action":"result","fields":[101,0],"id":244293444829185,"type":106}
@nix {"action":"result","fields":[100,0],"id":244293444829185,"type":106}
@nix {"action":"result","fields":[0,24,0,0],"id":244293444829186,"type":105}
@nix {"action":"result","fields":[0,0,0,0],"id":244293444829187,"type":105}
@nix {"action":"result","fields":[101,0],"id":244293444829185,"type":106}
@nix {"action":"result","fields":[100,0],"id":244293444829185,"type":106}
@nix {"action":"result","fields":[0,24,0,0],"id":244293444829186,"type":105}
@nix {"action":"result","fields":[0,0,0,0],"id":244293444829187,"type":105}
@nix {"action":"result","fields":[101,0],"id":244293444829185,"type":106}
@nix {"action":"result","fields":[100,0],"id":244293444829185,"type":106}
@nix {"action":"result","fields":[0,24,0,0],"id":244293444829186,"type":105}
@nix {"action":"result","fields":[0,0,0,0],"id":244293444829187,"type":105}
@nix {"action":"result","fields":[101,0],"id":244293444829185,"type":106}
@nix {"action":"result","fields":[100,0],"id":244293444829185,"type":106}
@nix {"action":"result","fields":[0,25,0,0],"id":244293444829186,"type":105}
@nix {"action":"result","fields":[0,0,0,0],"id":244293444829187,"type":105}
@nix {"action":"result","fields":[101,0],"id":244293444829185,"type":106}
@nix {"action":"result","fields":[100,0],"id":244293444829185,"type":106}
@nix {"action":"result","fields":[0,25,0,0],"id":244293444829186,"type":105}
@nix {"action":"result","fields":[0,0,0,0],"id":244293444829187,"type":105}
@nix {"action":"result","fields":[101,0],"id":244293444829185,"type":106}
@nix {"action":"result","fields":[100,0],"id":244293444829185,"type":106}
@nix {"action":"result","fields":[0,25,0,0],"id":244293444829186,"type":105}
@nix {"action":"result","fields":[0,0,0,0],"id":244293444829187,"type":105}
@nix {"action":"result","fields":[101,0],"id":244293444829185,"type":106}
@nix {"action":"result","fields":[100,0],"id":244293444829185,"type":106}
@nix {"action":"result","fields":[0,26,0,0],"id":244293444829186,"type":105}
@nix {"action":"result","fields":[0,0,0,0],"id":244293444829187,"type":105}
@nix {"action":"result","fields":[101,0],"id":244293444829185,"type":106}
@nix {"action":"result","fields":[100,0],"id":244293444829185,"type":106}
@nix {"action":"result","fields":[0,26,0,0],"id":244293444829186,"type":105}
@nix {"action":"result","fields":[0,0,0,0],"id":244293444829187,"type":105}
@nix {"action":"result","fields":[101,0],"id":244293444829185,"type":106}
@nix {"action":"result","fields":[100,0],"id":244293444829185,"type":106}
@nix {"action":"result","fields":[0,26,0,0],"id":244293444829186,"type":105}
@nix {"action":"result","fields":[0,0,0,0],"id":244293444829187,"type":105}
@nix {"action":"result","fields":[101,0],"id":244293444829185,"type":106}
@nix {"action":"result","fields":[100,0],"id":244293444829185,"type":106}
@nix {"action":"result","fields":[0,27,0,0],"id":244293444829186,"type":105}
@nix {"action":"result","fields":[0,0,0,0],"id":244293444829187,"type":105}
@nix {"action":"result","fields":[101,0],"id":244293444829185,"type":106}
@nix {"action":"result","fields":[100,0],"id":244293444829185,"type":106}
@nix {"action":"result","fields":[0,27,0,0],"id":244293444829186,"type":105}
@nix {"action":"result","fields":[0,0,0,0],"id":244293444829187,"type":105}
@nix {"action":"result","fields":[101,0],"id":244293444829185,"type":106}
@nix {"action":"result","fields":[100,0],"id":244293444829185,"type":106}
@nix {"action":"result","fields":[0,27,0,0],"id":244293444829186,"type":105}
@nix {"action":"result","fields":[0,0,0,0],"id":244293444829187,"type":105}
@nix {"action":"result","fields":[101,0],"id":244293444829185,"type":106}
@nix {"action":"result","fields":[100,0],"id":244293444829185,"type":106}
@nix {"action":"result","fields":[0,28,0,0],"id":244293444829186,"type":105}
@nix {"action":"result","fields":[0,0,0,0],"id":244293444829187,"type":105}
@nix {"action":"result","fields":[101,0],"id":244293444829185,"type":106}
@nix {"action":"result","fields":[100,0],"id":244293444829185,"type":106}
@nix {"action":"result","fields":[0,28,0,0],"id":244293444829186,"type":105}
@nix {"action":"result","fields":[0,0,0,0],"id":244293444829187,"type":105}
@nix {"action":"result","fields":[101,0],"id":244293444829185,"type":106}
@nix {"action":"result","fields":[100,0],"id":244293444829185,"type":106}
@nix {"action":"result","fields":[0,28,0,0],"id":244293444829186,"type":105}
@nix {"action":"result","fields":[0,0,0,0],"id":244293444829187,"type":105}
@nix {"action":"result","fields":[101,0],"id":244293444829185,"type":106}
@nix {"action":"result","fields":[100,0],"id":244293444829185,"type":106}
@nix {"action":"result","fields":[0,29,0,0],"id":244293444829186,"type":105}
@nix {"action":"result","fields":[0,0,0,0],"id":244293444829187,"type":105}
@nix {"action":"result","fields":[101,0],"id":244293444829185,"type":106}
@nix {"action":"result","fields":[100,0],"id":244293444829185,"type":106}
@nix {"action":"result","fields":[0,29,0,0],"id":244293444829186,"type":105}
@nix {"action":"result","fields":[0,0,0,0],"id":244293444829187,"type":105}
@nix {"action":"result","fields":[101,0],"id":244293444829185,"type":106}
@nix {"action":"result","fields":[100,0],"id":244293444829185,"type":106}
@nix {"action":"result","fields":[0,29,0,0],"id":244293444829186,"type":105}
@nix {"action":"result","fields":[0,0,0,0],"id":244293444829187,"type":105}
@nix {"action":"result","fields":[101,0],"id":244293444829185,"type":106}
@nix {"action":"result","fields":[100,0],"id":244293444829185,"type":106}
@nix {"action":"result","fields":[0,30,0,0],"id":244293444829186,"type":105}
@nix {"action":"result","fields":[0,0,0,0],"id":244293444829187,"type":105}
@nix {"action":"result","fields":[101,0],"id":244293444829185,"type":106}
@nix {"action":"result","fields":[100,0],"id":244293444829185,"type":106}
@nix {"action":"result","fields":[0,30,0,0],"id":244293444829186,"type":105}
@nix {"action":"result","fields":[0,0,0,0],"id":244293444829187,"type":105}
@nix {"action":"result","fields":[101,0],"id":244293444829185,"type":106}
@nix {"action":"result","fields":[100,0],"id":244293444829185,"type":106}
@nix {"action":"result","fields":[0,30,0,0],"id":244293444829186,"type":105}
@nix {"action":"result","fields":[0,0,0,0],"id":244293444829187,"type":105}
@nix {"action":"result","fields":[101,0],"id":244293444829185,"type":106}
@nix {"action":"result","fields":[100,0],"id":244293444829185,"type":106}
@nix {"action":"result","fields":[0,31,0,0],"id":244293444829186,"type":105}
@nix {"action":"result","fields":[0,0,0,0],"id":244293444829187,"type":105}
@nix {"action":"result","fields":[101,0],"id":244293444829185,"type":106}
@nix {"action":"result","fields":[100,0],"id":244293444829185,"type":106}
@nix {"action":"result","fields":[0,31,0,0],"id":244293444829186,"type":105}
@nix {"action":"result","fields":[0,0,0,0],"id":244293444829187,"type":105}
@nix {"action":"result","fields":[101,0],"id":244293444829185,"type":106}
@nix {"action":"result","fields":[100,0],"id":244293444829185,"type":106}
@nix {"action":"result","fields":[0,31,0,0],"id":244293444829186,"type":105}
@nix {"action":"result","fields":[0,0,0,0],"id":244293444829187,"type":105}
@nix {"action":"result","fields":[101,0],"id":244293444829185,"type":106}
@nix {"action":"result","fields":[100,0],"id":244293444829185,"type":106}
@nix {"action":"result","fields":[0,32,0,0],"id":244293444829186,"type":105}
@nix {"action":"result","fields":[0,0,0,0],"id":244293444829187,"type":105}
@nix {"action":"result","fields":[101,0],"id":244293444829185,"type":106}
@nix {"action":"result","fields":[100,0],"id":244293444829185,"type":106}
@nix {"action":"start","fields":["/Users/hetzner/obrador-shared-pins-20260909/round-3-after/chain-round-1-jobs-8/store/5j04a6dmhplpl5xsdlh36v27dk6yhav4-leaf-0.drv.drv","",1,1],"id":244293444829188,"level":3,"parent":0,"text":"building '/Users/hetzner/obrador-shared-pins-20260909/round-3-after/chain-round-1-jobs-8/store/5j04a6dmhplpl5xsdlh36v27dk6yhav4-leaf-0.drv.drv'","type":105}
@nix {"action":"result","fields":[0,32,1,0],"id":244293444829186,"type":105}
@nix {"action":"result","fields":[0,0,0,0],"id":244293444829187,"type":105}
@nix {"action":"result","fields":[101,0],"id":244293444829185,"type":106}
@nix {"action":"result","fields":[100,0],"id":244293444829185,"type":106}
@nix {"action":"result","fields":[1,33,0,0],"id":244293444829186,"type":105}
@nix {"action":"result","fields":[0,0,0,0],"id":244293444829187,"type":105}
@nix {"action":"result","fields":[101,0],"id":244293444829185,"type":106}
@nix {"action":"result","fields":[100,0],"id":244293444829185,"type":106}
@nix {"action":"stop","id":244293444829188}
@nix {"action":"result","fields":[1,33,0,0],"id":244293444829186,"type":105}
@nix {"action":"result","fields":[0,0,0,0],"id":244293444829187,"type":105}
@nix {"action":"result","fields":[101,0],"id":244293444829185,"type":106}
@nix {"action":"result","fields":[100,0],"id":244293444829185,"type":106}
@nix {"action":"start","fields":["/Users/hetzner/obrador-shared-pins-20260909/round-3-after/chain-round-1-jobs-8/store/jcv3dmaqffhxxih3292k56zlxlwz7g3a-leaf-0.drv","",1,1],"id":244293444829189,"level":3,"parent":0,"text":"building '/Users/hetzner/obrador-shared-pins-20260909/round-3-after/chain-round-1-jobs-8/store/jcv3dmaqffhxxih3292k56zlxlwz7g3a-leaf-0.drv'","type":105}
@nix {"action":"result","fields":[1,33,1,0],"id":244293444829186,"type":105}
@nix {"action":"result","fields":[0,0,0,0],"id":244293444829187,"type":105}
@nix {"action":"result","fields":[101,0],"id":244293444829185,"type":106}
@nix {"action":"result","fields":[100,0],"id":244293444829185,"type":106}
@nix {"action":"result","fields":[2,34,0,0],"id":244293444829186,"type":105}
@nix {"action":"result","fields":[0,0,0,0],"id":244293444829187,"type":105}
@nix {"action":"result","fields":[101,0],"id":244293444829185,"type":106}
@nix {"action":"result","fields":[100,0],"id":244293444829185,"type":106}
@nix {"action":"stop","id":244293444829189}
@nix {"action":"start","fields":["/Users/hetzner/obrador-shared-pins-20260909/round-3-after/chain-round-1-jobs-8/store/aas6bl145l4qn6fprvl0zs0cjvzj41jc-leaf-1.drv.drv","/Users/hetzner/obrador-shared-pins-20260909/round-3-after/chain-round-1-jobs-8/store/hcwi9nxyr06a9jrhgp8r6mxzaza28iil-leaf-1.drv.drv"],"id":244293444829190,"level":3,"parent":0,"text":"resolved derivation: '/Users/hetzner/obrador-shared-pins-20260909/round-3-after/chain-round-1-jobs-8/store/aas6bl145l4qn6fprvl0zs0cjvzj41jc-leaf-1.drv.drv' -> '/Users/hetzner/obrador-shared-pins-20260909/round-3-after/chain-round-1-jobs-8/store/hcwi9nxyr06a9jrhgp8r6mxzaza28iil-leaf-1.drv.drv'","type":111}
@nix {"action":"result","fields":[2,34,0,0],"id":244293444829186,"type":105}
@nix {"action":"result","fields":[0,0,0,0],"id":244293444829187,"type":105}
@nix {"action":"result","fields":[101,0],"id":244293444829185,"type":106}
@nix {"action":"result","fields":[100,0],"id":244293444829185,"type":106}
@nix {"action":"start","fields":["/Users/hetzner/obrador-shared-pins-20260909/round-3-after/chain-round-1-jobs-8/store/hcwi9nxyr06a9jrhgp8r6mxzaza28iil-leaf-1.drv.drv","",1,1],"id":244293444829191,"level":3,"parent":0,"text":"building '/Users/hetzner/obrador-shared-pins-20260909/round-3-after/chain-round-1-jobs-8/store/hcwi9nxyr06a9jrhgp8r6mxzaza28iil-leaf-1.drv.drv'","type":105}
@nix {"action":"result","fields":[2,34,1,0],"id":244293444829186,"type":105}
@nix {"action":"result","fields":[0,0,0,0],"id":244293444829187,"type":105}
@nix {"action":"result","fields":[101,0],"id":244293444829185,"type":106}
@nix {"action":"result","fields":[100,0],"id":244293444829185,"type":106}
@nix {"action":"result","fields":[3,35,0,0],"id":244293444829186,"type":105}
@nix {"action":"result","fields":[0,0,0,0],"id":244293444829187,"type":105}
@nix {"action":"result","fields":[101,0],"id":244293444829185,"type":106}
@nix {"action":"result","fields":[100,0],"id":244293444829185,"type":106}
@nix {"action":"stop","id":244293444829191}
@nix {"action":"result","fields":[4,35,0,0],"id":244293444829186,"type":105}
@nix {"action":"result","fields":[0,0,0,0],"id":244293444829187,"type":105}
@nix {"action":"result","fields":[101,0],"id":244293444829185,"type":106}
@nix {"action":"result","fields":[100,0],"id":244293444829185,"type":106}
@nix {"action":"stop","id":244293444829190}
@nix {"action":"result","fields":[4,35,0,0],"id":244293444829186,"type":105}
@nix {"action":"result","fields":[0,0,0,0],"id":244293444829187,"type":105}
@nix {"action":"result","fields":[101,0],"id":244293444829185,"type":106}
@nix {"action":"result","fields":[100,0],"id":244293444829185,"type":106}
@nix {"action":"start","fields":["/Users/hetzner/obrador-shared-pins-20260909/round-3-after/chain-round-1-jobs-8/store/av1b3mapydz88w19y2lv27mircdzlh4s-leaf-1.drv","",1,1],"id":244293444829192,"level":3,"parent":0,"text":"building '/Users/hetzner/obrador-shared-pins-20260909/round-3-after/chain-round-1-jobs-8/store/av1b3mapydz88w19y2lv27mircdzlh4s-leaf-1.drv'","type":105}
@nix {"action":"result","fields":[4,35,1,0],"id":244293444829186,"type":105}
@nix {"action":"result","fields":[0,0,0,0],"id":244293444829187,"type":105}
@nix {"action":"result","fields":[101,0],"id":244293444829185,"type":106}
@nix {"action":"result","fields":[100,0],"id":244293444829185,"type":106}
@nix {"action":"result","fields":[5,36,0,0],"id":244293444829186,"type":105}
@nix {"action":"result","fields":[0,0,0,0],"id":244293444829187,"type":105}
@nix {"action":"result","fields":[101,0],"id":244293444829185,"type":106}
@nix {"action":"result","fields":[100,0],"id":244293444829185,"type":106}
@nix {"action":"stop","id":244293444829192}
@nix {"action":"start","fields":["/Users/hetzner/obrador-shared-pins-20260909/round-3-after/chain-round-1-jobs-8/store/g77f58jikgshkphqzhyj7s6q62i0aa4n-leaf-2.drv.drv","/Users/hetzner/obrador-shared-pins-20260909/round-3-after/chain-round-1-jobs-8/store/j7a1yannnvddb09f8qldwyg2cjfb3281-leaf-2.drv.drv"],"id":244293444829193,"level":3,"parent":0,"text":"resolved derivation: '/Users/hetzner/obrador-shared-pins-20260909/round-3-after/chain-round-1-jobs-8/store/g77f58jikgshkphqzhyj7s6q62i0aa4n-leaf-2.drv.drv' -> '/Users/hetzner/obrador-shared-pins-20260909/round-3-after/chain-round-1-jobs-8/store/j7a1yannnvddb09f8qldwyg2cjfb3281-leaf-2.drv.drv'","type":111}
@nix {"action":"result","fields":[5,36,0,0],"id":244293444829186,"type":105}
@nix {"action":"result","fields":[0,0,0,0],"id":244293444829187,"type":105}
@nix {"action":"result","fields":[101,0],"id":244293444829185,"type":106}
@nix {"action":"result","fields":[100,0],"id":244293444829185,"type":106}
@nix {"action":"start","fields":["/Users/hetzner/obrador-shared-pins-20260909/round-3-after/chain-round-1-jobs-8/store/j7a1yannnvddb09f8qldwyg2cjfb3281-leaf-2.drv.drv","",1,1],"id":244293444829194,"level":3,"parent":0,"text":"building '/Users/hetzner/obrador-shared-pins-20260909/round-3-after/chain-round-1-jobs-8/store/j7a1yannnvddb09f8qldwyg2cjfb3281-leaf-2.drv.drv'","type":105}
@nix {"action":"result","fields":[5,36,1,0],"id":244293444829186,"type":105}
@nix {"action":"result","fields":[0,0,0,0],"id":244293444829187,"type":105}
@nix {"action":"result","fields":[101,0],"id":244293444829185,"type":106}
@nix {"action":"result","fields":[100,0],"id":244293444829185,"type":106}
@nix {"action":"result","fields":[6,37,0,0],"id":244293444829186,"type":105}
@nix {"action":"result","fields":[0,0,0,0],"id":244293444829187,"type":105}
@nix {"action":"result","fields":[101,0],"id":244293444829185,"type":106}
@nix {"action":"result","fields":[100,0],"id":244293444829185,"type":106}
@nix {"action":"stop","id":244293444829194}
@nix {"action":"result","fields":[7,37,0,0],"id":244293444829186,"type":105}
@nix {"action":"result","fields":[0,0,0,0],"id":244293444829187,"type":105}
@nix {"action":"result","fields":[101,0],"id":244293444829185,"type":106}
@nix {"action":"result","fields":[100,0],"id":244293444829185,"type":106}
@nix {"action":"stop","id":244293444829193}
@nix {"action":"result","fields":[7,37,0,0],"id":244293444829186,"type":105}
@nix {"action":"result","fields":[0,0,0,0],"id":244293444829187,"type":105}
@nix {"action":"result","fields":[101,0],"id":244293444829185,"type":106}
@nix {"action":"result","fields":[100,0],"id":244293444829185,"type":106}
@nix {"action":"start","fields":["/Users/hetzner/obrador-shared-pins-20260909/round-3-after/chain-round-1-jobs-8/store/gxdd88lwiqf8my8h0r0s8db2p23ipkbv-leaf-2.drv","",1,1],"id":244293444829195,"level":3,"parent":0,"text":"building '/Users/hetzner/obrador-shared-pins-20260909/round-3-after/chain-round-1-jobs-8/store/gxdd88lwiqf8my8h0r0s8db2p23ipkbv-leaf-2.drv'","type":105}
@nix {"action":"result","fields":[7,37,1,0],"id":244293444829186,"type":105}
@nix {"action":"result","fields":[0,0,0,0],"id":244293444829187,"type":105}
@nix {"action":"result","fields":[101,0],"id":244293444829185,"type":106}
@nix {"action":"result","fields":[100,0],"id":244293444829185,"type":106}
@nix {"action":"result","fields":[8,38,0,0],"id":244293444829186,"type":105}
@nix {"action":"result","fields":[0,0,0,0],"id":244293444829187,"type":105}
@nix {"action":"result","fields":[101,0],"id":244293444829185,"type":106}
@nix {"action":"result","fields":[100,0],"id":244293444829185,"type":106}
@nix {"action":"stop","id":244293444829195}
@nix {"action":"start","fields":["/Users/hetzner/obrador-shared-pins-20260909/round-3-after/chain-round-1-jobs-8/store/sx4mi1njq95zz0jzyxav5iq1idgkyjdr-leaf-3.drv.drv","/Users/hetzner/obrador-shared-pins-20260909/round-3-after/chain-round-1-jobs-8/store/51f18sbhj2n05iszh0hq82xn22749drq-leaf-3.drv.drv"],"id":244293444829196,"level":3,"parent":0,"text":"resolved derivation: '/Users/hetzner/obrador-shared-pins-20260909/round-3-after/chain-round-1-jobs-8/store/sx4mi1njq95zz0jzyxav5iq1idgkyjdr-leaf-3.drv.drv' -> '/Users/hetzner/obrador-shared-pins-20260909/round-3-after/chain-round-1-jobs-8/store/51f18sbhj2n05iszh0hq82xn22749drq-leaf-3.drv.drv'","type":111}
@nix {"action":"result","fields":[8,38,0,0],"id":244293444829186,"type":105}
@nix {"action":"result","fields":[0,0,0,0],"id":244293444829187,"type":105}
@nix {"action":"result","fields":[101,0],"id":244293444829185,"type":106}
@nix {"action":"result","fields":[100,0],"id":244293444829185,"type":106}
@nix {"action":"start","fields":["/Users/hetzner/obrador-shared-pins-20260909/round-3-after/chain-round-1-jobs-8/store/51f18sbhj2n05iszh0hq82xn22749drq-leaf-3.drv.drv","",1,1],"id":244293444829197,"level":3,"parent":0,"text":"building '/Users/hetzner/obrador-shared-pins-20260909/round-3-after/chain-round-1-jobs-8/store/51f18sbhj2n05iszh0hq82xn22749drq-leaf-3.drv.drv'","type":105}
@nix {"action":"result","fields":[8,38,1,0],"id":244293444829186,"type":105}
@nix {"action":"result","fields":[0,0,0,0],"id":244293444829187,"type":105}
@nix {"action":"result","fields":[101,0],"id":244293444829185,"type":106}
@nix {"action":"result","fields":[100,0],"id":244293444829185,"type":106}
@nix {"action":"result","fields":[9,39,0,0],"id":244293444829186,"type":105}
@nix {"action":"result","fields":[0,0,0,0],"id":244293444829187,"type":105}
@nix {"action":"result","fields":[101,0],"id":244293444829185,"type":106}
@nix {"action":"result","fields":[100,0],"id":244293444829185,"type":106}
@nix {"action":"stop","id":244293444829197}
@nix {"action":"result","fields":[10,39,0,0],"id":244293444829186,"type":105}
@nix {"action":"result","fields":[0,0,0,0],"id":244293444829187,"type":105}
@nix {"action":"result","fields":[101,0],"id":244293444829185,"type":106}
@nix {"action":"result","fields":[100,0],"id":244293444829185,"type":106}
@nix {"action":"stop","id":244293444829196}
@nix {"action":"result","fields":[10,39,0,0],"id":244293444829186,"type":105}
@nix {"action":"result","fields":[0,0,0,0],"id":244293444829187,"type":105}
@nix {"action":"result","fields":[101,0],"id":244293444829185,"type":106}
@nix {"action":"result","fields":[100,0],"id":244293444829185,"type":106}
@nix {"action":"start","fields":["/Users/hetzner/obrador-shared-pins-20260909/round-3-after/chain-round-1-jobs-8/store/aw90ia3wa11n1nrzckvq9bmkmg4m25jv-leaf-3.drv","",1,1],"id":244293444829198,"level":3,"parent":0,"text":"building '/Users/hetzner/obrador-shared-pins-20260909/round-3-after/chain-round-1-jobs-8/store/aw90ia3wa11n1nrzckvq9bmkmg4m25jv-leaf-3.drv'","type":105}
@nix {"action":"result","fields":[10,39,1,0],"id":244293444829186,"type":105}
@nix {"action":"result","fields":[0,0,0,0],"id":244293444829187,"type":105}
@nix {"action":"result","fields":[101,0],"id":244293444829185,"type":106}
@nix {"action":"result","fields":[100,0],"id":244293444829185,"type":106}
@nix {"action":"result","fields":[11,40,0,0],"id":244293444829186,"type":105}
@nix {"action":"result","fields":[0,0,0,0],"id":244293444829187,"type":105}
@nix {"action":"result","fields":[101,0],"id":244293444829185,"type":106}
@nix {"action":"result","fields":[100,0],"id":244293444829185,"type":106}
@nix {"action":"stop","id":244293444829198}
@nix {"action":"start","fields":["/Users/hetzner/obrador-shared-pins-20260909/round-3-after/chain-round-1-jobs-8/store/n0177n83y97r3rf1bwnbh5dksd173d1p-leaf-4.drv.drv","/Users/hetzner/obrador-shared-pins-20260909/round-3-after/chain-round-1-jobs-8/store/wxsi2nmrgz93mmav49ks65ynbiacp0s7-leaf-4.drv.drv"],"id":244293444829199,"level":3,"parent":0,"text":"resolved derivation: '/Users/hetzner/obrador-shared-pins-20260909/round-3-after/chain-round-1-jobs-8/store/n0177n83y97r3rf1bwnbh5dksd173d1p-leaf-4.drv.drv' -> '/Users/hetzner/obrador-shared-pins-20260909/round-3-after/chain-round-1-jobs-8/store/wxsi2nmrgz93mmav49ks65ynbiacp0s7-leaf-4.drv.drv'","type":111}
@nix {"action":"result","fields":[11,40,0,0],"id":244293444829186,"type":105}
@nix {"action":"result","fields":[0,0,0,0],"id":244293444829187,"type":105}
@nix {"action":"result","fields":[101,0],"id":244293444829185,"type":106}
@nix {"action":"result","fields":[100,0],"id":244293444829185,"type":106}
@nix {"action":"start","fields":["/Users/hetzner/obrador-shared-pins-20260909/round-3-after/chain-round-1-jobs-8/store/wxsi2nmrgz93mmav49ks65ynbiacp0s7-leaf-4.drv.drv","",1,1],"id":244293444829200,"level":3,"parent":0,"text":"building '/Users/hetzner/obrador-shared-pins-20260909/round-3-after/chain-round-1-jobs-8/store/wxsi2nmrgz93mmav49ks65ynbiacp0s7-leaf-4.drv.drv'","type":105}
@nix {"action":"result","fields":[11,40,1,0],"id":244293444829186,"type":105}
@nix {"action":"result","fields":[0,0,0,0],"id":244293444829187,"type":105}
@nix {"action":"result","fields":[101,0],"id":244293444829185,"type":106}
@nix {"action":"result","fields":[100,0],"id":244293444829185,"type":106}
@nix {"action":"result","fields":[12,41,0,0],"id":244293444829186,"type":105}
@nix {"action":"result","fields":[0,0,0,0],"id":244293444829187,"type":105}
@nix {"action":"result","fields":[101,0],"id":244293444829185,"type":106}
@nix {"action":"result","fields":[100,0],"id":244293444829185,"type":106}
@nix {"action":"stop","id":244293444829200}
@nix {"action":"result","fields":[13,41,0,0],"id":244293444829186,"type":105}
@nix {"action":"result","fields":[0,0,0,0],"id":244293444829187,"type":105}
@nix {"action":"result","fields":[101,0],"id":244293444829185,"type":106}
@nix {"action":"result","fields":[100,0],"id":244293444829185,"type":106}
@nix {"action":"stop","id":244293444829199}
@nix {"action":"result","fields":[13,41,0,0],"id":244293444829186,"type":105}
@nix {"action":"result","fields":[0,0,0,0],"id":244293444829187,"type":105}
@nix {"action":"result","fields":[101,0],"id":244293444829185,"type":106}
@nix {"action":"result","fields":[100,0],"id":244293444829185,"type":106}
@nix {"action":"start","fields":["/Users/hetzner/obrador-shared-pins-20260909/round-3-after/chain-round-1-jobs-8/store/9rjqwgxhr3gm9vlxj4zzd9fgq16zypah-leaf-4.drv","",1,1],"id":244293444829201,"level":3,"parent":0,"text":"building '/Users/hetzner/obrador-shared-pins-20260909/round-3-after/chain-round-1-jobs-8/store/9rjqwgxhr3gm9vlxj4zzd9fgq16zypah-leaf-4.drv'","type":105}
@nix {"action":"result","fields":[13,41,1,0],"id":244293444829186,"type":105}
@nix {"action":"result","fields":[0,0,0,0],"id":244293444829187,"type":105}
@nix {"action":"result","fields":[101,0],"id":244293444829185,"type":106}
@nix {"action":"result","fields":[100,0],"id":244293444829185,"type":106}
@nix {"action":"result","fields":[14,42,0,0],"id":244293444829186,"type":105}
@nix {"action":"result","fields":[0,0,0,0],"id":244293444829187,"type":105}
@nix {"action":"result","fields":[101,0],"id":244293444829185,"type":106}
@nix {"action":"result","fields":[100,0],"id":244293444829185,"type":106}
@nix {"action":"stop","id":244293444829201}
@nix {"action":"start","fields":["/Users/hetzner/obrador-shared-pins-20260909/round-3-after/chain-round-1-jobs-8/store/p4ahbfbjj5c435zah0g30pbrbld4cxav-leaf-5.drv.drv","/Users/hetzner/obrador-shared-pins-20260909/round-3-after/chain-round-1-jobs-8/store/488xy7jdix34khzri7bnfh5imrwnwd17-leaf-5.drv.drv"],"id":244293444829202,"level":3,"parent":0,"text":"resolved derivation: '/Users/hetzner/obrador-shared-pins-20260909/round-3-after/chain-round-1-jobs-8/store/p4ahbfbjj5c435zah0g30pbrbld4cxav-leaf-5.drv.drv' -> '/Users/hetzner/obrador-shared-pins-20260909/round-3-after/chain-round-1-jobs-8/store/488xy7jdix34khzri7bnfh5imrwnwd17-leaf-5.drv.drv'","type":111}
@nix {"action":"result","fields":[14,42,0,0],"id":244293444829186,"type":105}
@nix {"action":"result","fields":[0,0,0,0],"id":244293444829187,"type":105}
@nix {"action":"result","fields":[101,0],"id":244293444829185,"type":106}
@nix {"action":"result","fields":[100,0],"id":244293444829185,"type":106}
@nix {"action":"start","fields":["/Users/hetzner/obrador-shared-pins-20260909/round-3-after/chain-round-1-jobs-8/store/488xy7jdix34khzri7bnfh5imrwnwd17-leaf-5.drv.drv","",1,1],"id":244293444829203,"level":3,"parent":0,"text":"building '/Users/hetzner/obrador-shared-pins-20260909/round-3-after/chain-round-1-jobs-8/store/488xy7jdix34khzri7bnfh5imrwnwd17-leaf-5.drv.drv'","type":105}
@nix {"action":"result","fields":[14,42,1,0],"id":244293444829186,"type":105}
@nix {"action":"result","fields":[0,0,0,0],"id":244293444829187,"type":105}
@nix {"action":"result","fields":[101,0],"id":244293444829185,"type":106}
@nix {"action":"result","fields":[100,0],"id":244293444829185,"type":106}
@nix {"action":"result","fields":[15,43,0,0],"id":244293444829186,"type":105}
@nix {"action":"result","fields":[0,0,0,0],"id":244293444829187,"type":105}
@nix {"action":"result","fields":[101,0],"id":244293444829185,"type":106}
@nix {"action":"result","fields":[100,0],"id":244293444829185,"type":106}
@nix {"action":"stop","id":244293444829203}
@nix {"action":"result","fields":[16,43,0,0],"id":244293444829186,"type":105}
@nix {"action":"result","fields":[0,0,0,0],"id":244293444829187,"type":105}
@nix {"action":"result","fields":[101,0],"id":244293444829185,"type":106}
@nix {"action":"result","fields":[100,0],"id":244293444829185,"type":106}
@nix {"action":"stop","id":244293444829202}
@nix {"action":"result","fields":[16,43,0,0],"id":244293444829186,"type":105}
@nix {"action":"result","fields":[0,0,0,0],"id":244293444829187,"type":105}
@nix {"action":"result","fields":[101,0],"id":244293444829185,"type":106}
@nix {"action":"result","fields":[100,0],"id":244293444829185,"type":106}
@nix {"action":"start","fields":["/Users/hetzner/obrador-shared-pins-20260909/round-3-after/chain-round-1-jobs-8/store/a22ncvaj3jmga0zm27gja230vn58lzkn-leaf-5.drv","",1,1],"id":244293444829204,"level":3,"parent":0,"text":"building '/Users/hetzner/obrador-shared-pins-20260909/round-3-after/chain-round-1-jobs-8/store/a22ncvaj3jmga0zm27gja230vn58lzkn-leaf-5.drv'","type":105}
@nix {"action":"result","fields":[16,43,1,0],"id":244293444829186,"type":105}
@nix {"action":"result","fields":[0,0,0,0],"id":244293444829187,"type":105}
@nix {"action":"result","fields":[101,0],"id":244293444829185,"type":106}
@nix {"action":"result","fields":[100,0],"id":244293444829185,"type":106}
@nix {"action":"result","fields":[17,44,0,0],"id":244293444829186,"type":105}
@nix {"action":"result","fields":[0,0,0,0],"id":244293444829187,"type":105}
@nix {"action":"result","fields":[101,0],"id":244293444829185,"type":106}
@nix {"action":"result","fields":[100,0],"id":244293444829185,"type":106}
@nix {"action":"stop","id":244293444829204}
@nix {"action":"start","fields":["/Users/hetzner/obrador-shared-pins-20260909/round-3-after/chain-round-1-jobs-8/store/85z49x2h85zyxvy790ccwzdwvlkl0jgc-leaf-6.drv.drv","/Users/hetzner/obrador-shared-pins-20260909/round-3-after/chain-round-1-jobs-8/store/5mgb1d7bi0vx4gl94h280cf4xlks070f-leaf-6.drv.drv"],"id":244293444829205,"level":3,"parent":0,"text":"resolved derivation: '/Users/hetzner/obrador-shared-pins-20260909/round-3-after/chain-round-1-jobs-8/store/85z49x2h85zyxvy790ccwzdwvlkl0jgc-leaf-6.drv.drv' -> '/Users/hetzner/obrador-shared-pins-20260909/round-3-after/chain-round-1-jobs-8/store/5mgb1d7bi0vx4gl94h280cf4xlks070f-leaf-6.drv.drv'","type":111}
@nix {"action":"result","fields":[17,44,0,0],"id":244293444829186,"type":105}
@nix {"action":"result","fields":[0,0,0,0],"id":244293444829187,"type":105}
@nix {"action":"result","fields":[101,0],"id":244293444829185,"type":106}
@nix {"action":"result","fields":[100,0],"id":244293444829185,"type":106}
@nix {"action":"start","fields":["/Users/hetzner/obrador-shared-pins-20260909/round-3-after/chain-round-1-jobs-8/store/5mgb1d7bi0vx4gl94h280cf4xlks070f-leaf-6.drv.drv","",1,1],"id":244293444829206,"level":3,"parent":0,"text":"building '/Users/hetzner/obrador-shared-pins-20260909/round-3-after/chain-round-1-jobs-8/store/5mgb1d7bi0vx4gl94h280cf4xlks070f-leaf-6.drv.drv'","type":105}
@nix {"action":"result","fields":[17,44,1,0],"id":244293444829186,"type":105}
@nix {"action":"result","fields":[0,0,0,0],"id":244293444829187,"type":105}
@nix {"action":"result","fields":[101,0],"id":244293444829185,"type":106}
@nix {"action":"result","fields":[100,0],"id":244293444829185,"type":106}
@nix {"action":"result","fields":[18,45,0,0],"id":244293444829186,"type":105}
@nix {"action":"result","fields":[0,0,0,0],"id":244293444829187,"type":105}
@nix {"action":"result","fields":[101,0],"id":244293444829185,"type":106}
@nix {"action":"result","fields":[100,0],"id":244293444829185,"type":106}
@nix {"action":"stop","id":244293444829206}
@nix {"action":"result","fields":[19,45,0,0],"id":244293444829186,"type":105}
@nix {"action":"result","fields":[0,0,0,0],"id":244293444829187,"type":105}
@nix {"action":"result","fields":[101,0],"id":244293444829185,"type":106}
@nix {"action":"result","fields":[100,0],"id":244293444829185,"type":106}
@nix {"action":"stop","id":244293444829205}
@nix {"action":"result","fields":[19,45,0,0],"id":244293444829186,"type":105}
@nix {"action":"result","fields":[0,0,0,0],"id":244293444829187,"type":105}
@nix {"action":"result","fields":[101,0],"id":244293444829185,"type":106}
@nix {"action":"result","fields":[100,0],"id":244293444829185,"type":106}
@nix {"action":"start","fields":["/Users/hetzner/obrador-shared-pins-20260909/round-3-after/chain-round-1-jobs-8/store/dfgr18dijg4gf15vavc1mz5s3zgd6kia-leaf-6.drv","",1,1],"id":244293444829207,"level":3,"parent":0,"text":"building '/Users/hetzner/obrador-shared-pins-20260909/round-3-after/chain-round-1-jobs-8/store/dfgr18dijg4gf15vavc1mz5s3zgd6kia-leaf-6.drv'","type":105}
@nix {"action":"result","fields":[19,45,1,0],"id":244293444829186,"type":105}
@nix {"action":"result","fields":[0,0,0,0],"id":244293444829187,"type":105}
@nix {"action":"result","fields":[101,0],"id":244293444829185,"type":106}
@nix {"action":"result","fields":[100,0],"id":244293444829185,"type":106}
@nix {"action":"result","fields":[20,46,0,0],"id":244293444829186,"type":105}
@nix {"action":"result","fields":[0,0,0,0],"id":244293444829187,"type":105}
@nix {"action":"result","fields":[101,0],"id":244293444829185,"type":106}
@nix {"action":"result","fields":[100,0],"id":244293444829185,"type":106}
@nix {"action":"stop","id":244293444829207}
@nix {"action":"start","fields":["/Users/hetzner/obrador-shared-pins-20260909/round-3-after/chain-round-1-jobs-8/store/7aa1lbi9ak9qr7bs17lmilkzyydf1gjp-leaf-7.drv.drv","/Users/hetzner/obrador-shared-pins-20260909/round-3-after/chain-round-1-jobs-8/store/dwx00nms010hdaa337zyxdzjhylrqljs-leaf-7.drv.drv"],"id":244293444829208,"level":3,"parent":0,"text":"resolved derivation: '/Users/hetzner/obrador-shared-pins-20260909/round-3-after/chain-round-1-jobs-8/store/7aa1lbi9ak9qr7bs17lmilkzyydf1gjp-leaf-7.drv.drv' -> '/Users/hetzner/obrador-shared-pins-20260909/round-3-after/chain-round-1-jobs-8/store/dwx00nms010hdaa337zyxdzjhylrqljs-leaf-7.drv.drv'","type":111}
@nix {"action":"result","fields":[20,46,0,0],"id":244293444829186,"type":105}
@nix {"action":"result","fields":[0,0,0,0],"id":244293444829187,"type":105}
@nix {"action":"result","fields":[101,0],"id":244293444829185,"type":106}
@nix {"action":"result","fields":[100,0],"id":244293444829185,"type":106}
@nix {"action":"start","fields":["/Users/hetzner/obrador-shared-pins-20260909/round-3-after/chain-round-1-jobs-8/store/dwx00nms010hdaa337zyxdzjhylrqljs-leaf-7.drv.drv","",1,1],"id":244293444829209,"level":3,"parent":0,"text":"building '/Users/hetzner/obrador-shared-pins-20260909/round-3-after/chain-round-1-jobs-8/store/dwx00nms010hdaa337zyxdzjhylrqljs-leaf-7.drv.drv'","type":105}
@nix {"action":"result","fields":[20,46,1,0],"id":244293444829186,"type":105}
@nix {"action":"result","fields":[0,0,0,0],"id":244293444829187,"type":105}
@nix {"action":"result","fields":[101,0],"id":244293444829185,"type":106}
@nix {"action":"result","fields":[100,0],"id":244293444829185,"type":106}
@nix {"action":"result","fields":[21,47,0,0],"id":244293444829186,"type":105}
@nix {"action":"result","fields":[0,0,0,0],"id":244293444829187,"type":105}
@nix {"action":"result","fields":[101,0],"id":244293444829185,"type":106}
@nix {"action":"result","fields":[100,0],"id":244293444829185,"type":106}
@nix {"action":"stop","id":244293444829209}
@nix {"action":"result","fields":[22,47,0,0],"id":244293444829186,"type":105}
@nix {"action":"result","fields":[0,0,0,0],"id":244293444829187,"type":105}
@nix {"action":"result","fields":[101,0],"id":244293444829185,"type":106}
@nix {"action":"result","fields":[100,0],"id":244293444829185,"type":106}
@nix {"action":"stop","id":244293444829208}
@nix {"action":"result","fields":[22,47,0,0],"id":244293444829186,"type":105}
@nix {"action":"result","fields":[0,0,0,0],"id":244293444829187,"type":105}
@nix {"action":"result","fields":[101,0],"id":244293444829185,"type":106}
@nix {"action":"result","fields":[100,0],"id":244293444829185,"type":106}
@nix {"action":"start","fields":["/Users/hetzner/obrador-shared-pins-20260909/round-3-after/chain-round-1-jobs-8/store/ld9c0qaphc22d0ldfsiga6pfqscy06ah-leaf-7.drv","",1,1],"id":244293444829210,"level":3,"parent":0,"text":"building '/Users/hetzner/obrador-shared-pins-20260909/round-3-after/chain-round-1-jobs-8/store/ld9c0qaphc22d0ldfsiga6pfqscy06ah-leaf-7.drv'","type":105}
@nix {"action":"result","fields":[22,47,1,0],"id":244293444829186,"type":105}
@nix {"action":"result","fields":[0,0,0,0],"id":244293444829187,"type":105}
@nix {"action":"result","fields":[101,0],"id":244293444829185,"type":106}
@nix {"action":"result","fields":[100,0],"id":244293444829185,"type":106}
@nix {"action":"result","fields":[23,48,0,0],"id":244293444829186,"type":105}
@nix {"action":"result","fields":[0,0,0,0],"id":244293444829187,"type":105}
@nix {"action":"result","fields":[101,0],"id":244293444829185,"type":106}
@nix {"action":"result","fields":[100,0],"id":244293444829185,"type":106}
@nix {"action":"stop","id":244293444829210}
@nix {"action":"start","fields":["/Users/hetzner/obrador-shared-pins-20260909/round-3-after/chain-round-1-jobs-8/store/q7a707rwnf3rv4pp1qydvmim532n10xk-leaf-8.drv.drv","/Users/hetzner/obrador-shared-pins-20260909/round-3-after/chain-round-1-jobs-8/store/qfaar5kq0ckl5kzk6jz643k6sk3i42x3-leaf-8.drv.drv"],"id":244293444829211,"level":3,"parent":0,"text":"resolved derivation: '/Users/hetzner/obrador-shared-pins-20260909/round-3-after/chain-round-1-jobs-8/store/q7a707rwnf3rv4pp1qydvmim532n10xk-leaf-8.drv.drv' -> '/Users/hetzner/obrador-shared-pins-20260909/round-3-after/chain-round-1-jobs-8/store/qfaar5kq0ckl5kzk6jz643k6sk3i42x3-leaf-8.drv.drv'","type":111}
@nix {"action":"result","fields":[23,48,0,0],"id":244293444829186,"type":105}
@nix {"action":"result","fields":[0,0,0,0],"id":244293444829187,"type":105}
@nix {"action":"result","fields":[101,0],"id":244293444829185,"type":106}
@nix {"action":"result","fields":[100,0],"id":244293444829185,"type":106}
@nix {"action":"start","fields":["/Users/hetzner/obrador-shared-pins-20260909/round-3-after/chain-round-1-jobs-8/store/qfaar5kq0ckl5kzk6jz643k6sk3i42x3-leaf-8.drv.drv","",1,1],"id":244293444829212,"level":3,"parent":0,"text":"building '/Users/hetzner/obrador-shared-pins-20260909/round-3-after/chain-round-1-jobs-8/store/qfaar5kq0ckl5kzk6jz643k6sk3i42x3-leaf-8.drv.drv'","type":105}
@nix {"action":"result","fields":[23,48,1,0],"id":244293444829186,"type":105}
@nix {"action":"result","fields":[0,0,0,0],"id":244293444829187,"type":105}
@nix {"action":"result","fields":[101,0],"id":244293444829185,"type":106}
@nix {"action":"result","fields":[100,0],"id":244293444829185,"type":106}
@nix {"action":"result","fields":[24,49,0,0],"id":244293444829186,"type":105}
@nix {"action":"result","fields":[0,0,0,0],"id":244293444829187,"type":105}
@nix {"action":"result","fields":[101,0],"id":244293444829185,"type":106}
@nix {"action":"result","fields":[100,0],"id":244293444829185,"type":106}
@nix {"action":"stop","id":244293444829212}
@nix {"action":"result","fields":[25,49,0,0],"id":244293444829186,"type":105}
@nix {"action":"result","fields":[0,0,0,0],"id":244293444829187,"type":105}
@nix {"action":"result","fields":[101,0],"id":244293444829185,"type":106}
@nix {"action":"result","fields":[100,0],"id":244293444829185,"type":106}
@nix {"action":"stop","id":244293444829211}
@nix {"action":"result","fields":[25,49,0,0],"id":244293444829186,"type":105}
@nix {"action":"result","fields":[0,0,0,0],"id":244293444829187,"type":105}
@nix {"action":"result","fields":[101,0],"id":244293444829185,"type":106}
@nix {"action":"result","fields":[100,0],"id":244293444829185,"type":106}
@nix {"action":"start","fields":["/Users/hetzner/obrador-shared-pins-20260909/round-3-after/chain-round-1-jobs-8/store/0gm2h2v4yzsrza9ix61fz63p5hnsvfwz-leaf-8.drv","",1,1],"id":244293444829213,"level":3,"parent":0,"text":"building '/Users/hetzner/obrador-shared-pins-20260909/round-3-after/chain-round-1-jobs-8/store/0gm2h2v4yzsrza9ix61fz63p5hnsvfwz-leaf-8.drv'","type":105}
@nix {"action":"result","fields":[25,49,1,0],"id":244293444829186,"type":105}
@nix {"action":"result","fields":[0,0,0,0],"id":244293444829187,"type":105}
@nix {"action":"result","fields":[101,0],"id":244293444829185,"type":106}
@nix {"action":"result","fields":[100,0],"id":244293444829185,"type":106}
@nix {"action":"result","fields":[26,50,0,0],"id":244293444829186,"type":105}
@nix {"action":"result","fields":[0,0,0,0],"id":244293444829187,"type":105}
@nix {"action":"result","fields":[101,0],"id":244293444829185,"type":106}
@nix {"action":"result","fields":[100,0],"id":244293444829185,"type":106}
@nix {"action":"stop","id":244293444829213}
@nix {"action":"start","fields":["/Users/hetzner/obrador-shared-pins-20260909/round-3-after/chain-round-1-jobs-8/store/7vxy734w083kaqr7psp527glwa5rqsph-leaf-9.drv.drv","/Users/hetzner/obrador-shared-pins-20260909/round-3-after/chain-round-1-jobs-8/store/1b2lvsj88rxn9m4g8181a4y8rnp1fc00-leaf-9.drv.drv"],"id":244293444829214,"level":3,"parent":0,"text":"resolved derivation: '/Users/hetzner/obrador-shared-pins-20260909/round-3-after/chain-round-1-jobs-8/store/7vxy734w083kaqr7psp527glwa5rqsph-leaf-9.drv.drv' -> '/Users/hetzner/obrador-shared-pins-20260909/round-3-after/chain-round-1-jobs-8/store/1b2lvsj88rxn9m4g8181a4y8rnp1fc00-leaf-9.drv.drv'","type":111}
@nix {"action":"result","fields":[26,50,0,0],"id":244293444829186,"type":105}
@nix {"action":"result","fields":[0,0,0,0],"id":244293444829187,"type":105}
@nix {"action":"result","fields":[101,0],"id":244293444829185,"type":106}
@nix {"action":"result","fields":[100,0],"id":244293444829185,"type":106}
@nix {"action":"start","fields":["/Users/hetzner/obrador-shared-pins-20260909/round-3-after/chain-round-1-jobs-8/store/1b2lvsj88rxn9m4g8181a4y8rnp1fc00-leaf-9.drv.drv","",1,1],"id":244293444829215,"level":3,"parent":0,"text":"building '/Users/hetzner/obrador-shared-pins-20260909/round-3-after/chain-round-1-jobs-8/store/1b2lvsj88rxn9m4g8181a4y8rnp1fc00-leaf-9.drv.drv'","type":105}
@nix {"action":"result","fields":[26,50,1,0],"id":244293444829186,"type":105}
@nix {"action":"result","fields":[0,0,0,0],"id":244293444829187,"type":105}
@nix {"action":"result","fields":[101,0],"id":244293444829185,"type":106}
@nix {"action":"result","fields":[100,0],"id":244293444829185,"type":106}
@nix {"action":"result","fields":[27,51,0,0],"id":244293444829186,"type":105}
@nix {"action":"result","fields":[0,0,0,0],"id":244293444829187,"type":105}
@nix {"action":"result","fields":[101,0],"id":244293444829185,"type":106}
@nix {"action":"result","fields":[100,0],"id":244293444829185,"type":106}
@nix {"action":"stop","id":244293444829215}
@nix {"action":"result","fields":[28,51,0,0],"id":244293444829186,"type":105}
@nix {"action":"result","fields":[0,0,0,0],"id":244293444829187,"type":105}
@nix {"action":"result","fields":[101,0],"id":244293444829185,"type":106}
@nix {"action":"result","fields":[100,0],"id":244293444829185,"type":106}
@nix {"action":"stop","id":244293444829214}
@nix {"action":"result","fields":[28,51,0,0],"id":244293444829186,"type":105}
@nix {"action":"result","fields":[0,0,0,0],"id":244293444829187,"type":105}
@nix {"action":"result","fields":[101,0],"id":244293444829185,"type":106}
@nix {"action":"result","fields":[100,0],"id":244293444829185,"type":106}
@nix {"action":"start","fields":["/Users/hetzner/obrador-shared-pins-20260909/round-3-after/chain-round-1-jobs-8/store/x7nsgv3yl88k6nmqj5rvm25kngvk24sp-leaf-9.drv","",1,1],"id":244293444829216,"level":3,"parent":0,"text":"building '/Users/hetzner/obrador-shared-pins-20260909/round-3-after/chain-round-1-jobs-8/store/x7nsgv3yl88k6nmqj5rvm25kngvk24sp-leaf-9.drv'","type":105}
@nix {"action":"result","fields":[28,51,1,0],"id":244293444829186,"type":105}
@nix {"action":"result","fields":[0,0,0,0],"id":244293444829187,"type":105}
@nix {"action":"result","fields":[101,0],"id":244293444829185,"type":106}
@nix {"action":"result","fields":[100,0],"id":244293444829185,"type":106}
@nix {"action":"result","fields":[29,52,0,0],"id":244293444829186,"type":105}
@nix {"action":"result","fields":[0,0,0,0],"id":244293444829187,"type":105}
@nix {"action":"result","fields":[101,0],"id":244293444829185,"type":106}
@nix {"action":"result","fields":[100,0],"id":244293444829185,"type":106}
@nix {"action":"stop","id":244293444829216}
@nix {"action":"start","fields":["/Users/hetzner/obrador-shared-pins-20260909/round-3-after/chain-round-1-jobs-8/store/bkwik56bbkqgijy3yln37p3a7qklnra5-leaf-10.drv.drv","/Users/hetzner/obrador-shared-pins-20260909/round-3-after/chain-round-1-jobs-8/store/gsc3q1zwgzkfv4qcm9wys5y2r05rymca-leaf-10.drv.drv"],"id":244293444829217,"level":3,"parent":0,"text":"resolved derivation: '/Users/hetzner/obrador-shared-pins-20260909/round-3-after/chain-round-1-jobs-8/store/bkwik56bbkqgijy3yln37p3a7qklnra5-leaf-10.drv.drv' -> '/Users/hetzner/obrador-shared-pins-20260909/round-3-after/chain-round-1-jobs-8/store/gsc3q1zwgzkfv4qcm9wys5y2r05rymca-leaf-10.drv.drv'","type":111}
@nix {"action":"result","fields":[29,52,0,0],"id":244293444829186,"type":105}
@nix {"action":"result","fields":[0,0,0,0],"id":244293444829187,"type":105}
@nix {"action":"result","fields":[101,0],"id":244293444829185,"type":106}
@nix {"action":"result","fields":[100,0],"id":244293444829185,"type":106}
@nix {"action":"start","fields":["/Users/hetzner/obrador-shared-pins-20260909/round-3-after/chain-round-1-jobs-8/store/gsc3q1zwgzkfv4qcm9wys5y2r05rymca-leaf-10.drv.drv","",1,1],"id":244293444829218,"level":3,"parent":0,"text":"building '/Users/hetzner/obrador-shared-pins-20260909/round-3-after/chain-round-1-jobs-8/store/gsc3q1zwgzkfv4qcm9wys5y2r05rymca-leaf-10.drv.drv'","type":105}
@nix {"action":"result","fields":[29,52,1,0],"id":244293444829186,"type":105}
@nix {"action":"result","fields":[0,0,0,0],"id":244293444829187,"type":105}
@nix {"action":"result","fields":[101,0],"id":244293444829185,"type":106}
@nix {"action":"result","fields":[100,0],"id":244293444829185,"type":106}
@nix {"action":"result","fields":[30,53,0,0],"id":244293444829186,"type":105}
@nix {"action":"result","fields":[0,0,0,0],"id":244293444829187,"type":105}
@nix {"action":"result","fields":[101,0],"id":244293444829185,"type":106}
@nix {"action":"result","fields":[100,0],"id":244293444829185,"type":106}
@nix {"action":"stop","id":244293444829218}
@nix {"action":"result","fields":[31,53,0,0],"id":244293444829186,"type":105}
@nix {"action":"result","fields":[0,0,0,0],"id":244293444829187,"type":105}
@nix {"action":"result","fields":[101,0],"id":244293444829185,"type":106}
@nix {"action":"result","fields":[100,0],"id":244293444829185,"type":106}
@nix {"action":"stop","id":244293444829217}
@nix {"action":"result","fields":[31,53,0,0],"id":244293444829186,"type":105}
@nix {"action":"result","fields":[0,0,0,0],"id":244293444829187,"type":105}
@nix {"action":"result","fields":[101,0],"id":244293444829185,"type":106}
@nix {"action":"result","fields":[100,0],"id":244293444829185,"type":106}
@nix {"action":"start","fields":["/Users/hetzner/obrador-shared-pins-20260909/round-3-after/chain-round-1-jobs-8/store/rm3hkap9x523hv8r8yjw19p5brc7xznb-leaf-10.drv","",1,1],"id":244293444829219,"level":3,"parent":0,"text":"building '/Users/hetzner/obrador-shared-pins-20260909/round-3-after/chain-round-1-jobs-8/store/rm3hkap9x523hv8r8yjw19p5brc7xznb-leaf-10.drv'","type":105}
@nix {"action":"result","fields":[31,53,1,0],"id":244293444829186,"type":105}
@nix {"action":"result","fields":[0,0,0,0],"id":244293444829187,"type":105}
@nix {"action":"result","fields":[101,0],"id":244293444829185,"type":106}
@nix {"action":"result","fields":[100,0],"id":244293444829185,"type":106}
@nix {"action":"result","fields":[32,54,0,0],"id":244293444829186,"type":105}
@nix {"action":"result","fields":[0,0,0,0],"id":244293444829187,"type":105}
@nix {"action":"result","fields":[101,0],"id":244293444829185,"type":106}
@nix {"action":"result","fields":[100,0],"id":244293444829185,"type":106}
@nix {"action":"stop","id":244293444829219}
@nix {"action":"start","fields":["/Users/hetzner/obrador-shared-pins-20260909/round-3-after/chain-round-1-jobs-8/store/mxp5g6qji1c6wyki4w5wwri3sqp22w4v-leaf-11.drv.drv","/Users/hetzner/obrador-shared-pins-20260909/round-3-after/chain-round-1-jobs-8/store/iy42m3mwg4z5blgknpcy34j58g3ahfxv-leaf-11.drv.drv"],"id":244293444829220,"level":3,"parent":0,"text":"resolved derivation: '/Users/hetzner/obrador-shared-pins-20260909/round-3-after/chain-round-1-jobs-8/store/mxp5g6qji1c6wyki4w5wwri3sqp22w4v-leaf-11.drv.drv' -> '/Users/hetzner/obrador-shared-pins-20260909/round-3-after/chain-round-1-jobs-8/store/iy42m3mwg4z5blgknpcy34j58g3ahfxv-leaf-11.drv.drv'","type":111}
@nix {"action":"result","fields":[32,54,0,0],"id":244293444829186,"type":105}
@nix {"action":"result","fields":[0,0,0,0],"id":244293444829187,"type":105}
@nix {"action":"result","fields":[101,0],"id":244293444829185,"type":106}
@nix {"action":"result","fields":[100,0],"id":244293444829185,"type":106}
@nix {"action":"start","fields":["/Users/hetzner/obrador-shared-pins-20260909/round-3-after/chain-round-1-jobs-8/store/iy42m3mwg4z5blgknpcy34j58g3ahfxv-leaf-11.drv.drv","",1,1],"id":244293444829221,"level":3,"parent":0,"text":"building '/Users/hetzner/obrador-shared-pins-20260909/round-3-after/chain-round-1-jobs-8/store/iy42m3mwg4z5blgknpcy34j58g3ahfxv-leaf-11.drv.drv'","type":105}
@nix {"action":"result","fields":[32,54,1,0],"id":244293444829186,"type":105}
@nix {"action":"result","fields":[0,0,0,0],"id":244293444829187,"type":105}
@nix {"action":"result","fields":[101,0],"id":244293444829185,"type":106}
@nix {"action":"result","fields":[100,0],"id":244293444829185,"type":106}
@nix {"action":"result","fields":[33,55,0,0],"id":244293444829186,"type":105}
@nix {"action":"result","fields":[0,0,0,0],"id":244293444829187,"type":105}
@nix {"action":"result","fields":[101,0],"id":244293444829185,"type":106}
@nix {"action":"result","fields":[100,0],"id":244293444829185,"type":106}
@nix {"action":"stop","id":244293444829221}
@nix {"action":"result","fields":[34,55,0,0],"id":244293444829186,"type":105}
@nix {"action":"result","fields":[0,0,0,0],"id":244293444829187,"type":105}
@nix {"action":"result","fields":[101,0],"id":244293444829185,"type":106}
@nix {"action":"result","fields":[100,0],"id":244293444829185,"type":106}
@nix {"action":"stop","id":244293444829220}
@nix {"action":"result","fields":[34,55,0,0],"id":244293444829186,"type":105}
@nix {"action":"result","fields":[0,0,0,0],"id":244293444829187,"type":105}
@nix {"action":"result","fields":[101,0],"id":244293444829185,"type":106}
@nix {"action":"result","fields":[100,0],"id":244293444829185,"type":106}
@nix {"action":"start","fields":["/Users/hetzner/obrador-shared-pins-20260909/round-3-after/chain-round-1-jobs-8/store/jz13cwh22063ip3ylyn3k3ilmv5sy09h-leaf-11.drv","",1,1],"id":244293444829222,"level":3,"parent":0,"text":"building '/Users/hetzner/obrador-shared-pins-20260909/round-3-after/chain-round-1-jobs-8/store/jz13cwh22063ip3ylyn3k3ilmv5sy09h-leaf-11.drv'","type":105}
@nix {"action":"result","fields":[34,55,1,0],"id":244293444829186,"type":105}
@nix {"action":"result","fields":[0,0,0,0],"id":244293444829187,"type":105}
@nix {"action":"result","fields":[101,0],"id":244293444829185,"type":106}
@nix {"action":"result","fields":[100,0],"id":244293444829185,"type":106}
@nix {"action":"result","fields":[35,56,0,0],"id":244293444829186,"type":105}
@nix {"action":"result","fields":[0,0,0,0],"id":244293444829187,"type":105}
@nix {"action":"result","fields":[101,0],"id":244293444829185,"type":106}
@nix {"action":"result","fields":[100,0],"id":244293444829185,"type":106}
@nix {"action":"stop","id":244293444829222}
@nix {"action":"start","fields":["/Users/hetzner/obrador-shared-pins-20260909/round-3-after/chain-round-1-jobs-8/store/acabfwwha70k8v2l9cgzmpqh29b2r93b-leaf-12.drv.drv","/Users/hetzner/obrador-shared-pins-20260909/round-3-after/chain-round-1-jobs-8/store/h4w6sja17j631nlg1jbw5vp89brqg2wk-leaf-12.drv.drv"],"id":244293444829223,"level":3,"parent":0,"text":"resolved derivation: '/Users/hetzner/obrador-shared-pins-20260909/round-3-after/chain-round-1-jobs-8/store/acabfwwha70k8v2l9cgzmpqh29b2r93b-leaf-12.drv.drv' -> '/Users/hetzner/obrador-shared-pins-20260909/round-3-after/chain-round-1-jobs-8/store/h4w6sja17j631nlg1jbw5vp89brqg2wk-leaf-12.drv.drv'","type":111}
@nix {"action":"result","fields":[35,56,0,0],"id":244293444829186,"type":105}
@nix {"action":"result","fields":[0,0,0,0],"id":244293444829187,"type":105}
@nix {"action":"result","fields":[101,0],"id":244293444829185,"type":106}
@nix {"action":"result","fields":[100,0],"id":244293444829185,"type":106}
@nix {"action":"start","fields":["/Users/hetzner/obrador-shared-pins-20260909/round-3-after/chain-round-1-jobs-8/store/h4w6sja17j631nlg1jbw5vp89brqg2wk-leaf-12.drv.drv","",1,1],"id":244293444829224,"level":3,"parent":0,"text":"building '/Users/hetzner/obrador-shared-pins-20260909/round-3-after/chain-round-1-jobs-8/store/h4w6sja17j631nlg1jbw5vp89brqg2wk-leaf-12.drv.drv'","type":105}
@nix {"action":"result","fields":[35,56,1,0],"id":244293444829186,"type":105}
@nix {"action":"result","fields":[0,0,0,0],"id":244293444829187,"type":105}
@nix {"action":"result","fields":[101,0],"id":244293444829185,"type":106}
@nix {"action":"result","fields":[100,0],"id":244293444829185,"type":106}
@nix {"action":"result","fields":[36,57,0,0],"id":244293444829186,"type":105}
@nix {"action":"result","fields":[0,0,0,0],"id":244293444829187,"type":105}
@nix {"action":"result","fields":[101,0],"id":244293444829185,"type":106}
@nix {"action":"result","fields":[100,0],"id":244293444829185,"type":106}
@nix {"action":"stop","id":244293444829224}
@nix {"action":"result","fields":[37,57,0,0],"id":244293444829186,"type":105}
@nix {"action":"result","fields":[0,0,0,0],"id":244293444829187,"type":105}
@nix {"action":"result","fields":[101,0],"id":244293444829185,"type":106}
@nix {"action":"result","fields":[100,0],"id":244293444829185,"type":106}
@nix {"action":"stop","id":244293444829223}
@nix {"action":"result","fields":[37,57,0,0],"id":244293444829186,"type":105}
@nix {"action":"result","fields":[0,0,0,0],"id":244293444829187,"type":105}
@nix {"action":"result","fields":[101,0],"id":244293444829185,"type":106}
@nix {"action":"result","fields":[100,0],"id":244293444829185,"type":106}
@nix {"action":"start","fields":["/Users/hetzner/obrador-shared-pins-20260909/round-3-after/chain-round-1-jobs-8/store/c0qzqqd03im7wk5z7ry2zw1pzplhxf2h-leaf-12.drv","",1,1],"id":244293444829225,"level":3,"parent":0,"text":"building '/Users/hetzner/obrador-shared-pins-20260909/round-3-after/chain-round-1-jobs-8/store/c0qzqqd03im7wk5z7ry2zw1pzplhxf2h-leaf-12.drv'","type":105}
@nix {"action":"result","fields":[37,57,1,0],"id":244293444829186,"type":105}
@nix {"action":"result","fields":[0,0,0,0],"id":244293444829187,"type":105}
@nix {"action":"result","fields":[101,0],"id":244293444829185,"type":106}
@nix {"action":"result","fields":[100,0],"id":244293444829185,"type":106}
@nix {"action":"result","fields":[38,58,0,0],"id":244293444829186,"type":105}
@nix {"action":"result","fields":[0,0,0,0],"id":244293444829187,"type":105}
@nix {"action":"result","fields":[101,0],"id":244293444829185,"type":106}
@nix {"action":"result","fields":[100,0],"id":244293444829185,"type":106}
@nix {"action":"stop","id":244293444829225}
@nix {"action":"start","fields":["/Users/hetzner/obrador-shared-pins-20260909/round-3-after/chain-round-1-jobs-8/store/lmzb5ja7mdaq9nhyjrk9qsvgzn6vv8af-leaf-13.drv.drv","/Users/hetzner/obrador-shared-pins-20260909/round-3-after/chain-round-1-jobs-8/store/54zw5mppbnl092f4mvqn3asra2wisnpv-leaf-13.drv.drv"],"id":244293444829226,"level":3,"parent":0,"text":"resolved derivation: '/Users/hetzner/obrador-shared-pins-20260909/round-3-after/chain-round-1-jobs-8/store/lmzb5ja7mdaq9nhyjrk9qsvgzn6vv8af-leaf-13.drv.drv' -> '/Users/hetzner/obrador-shared-pins-20260909/round-3-after/chain-round-1-jobs-8/store/54zw5mppbnl092f4mvqn3asra2wisnpv-leaf-13.drv.drv'","type":111}
@nix {"action":"result","fields":[38,58,0,0],"id":244293444829186,"type":105}
@nix {"action":"result","fields":[0,0,0,0],"id":244293444829187,"type":105}
@nix {"action":"result","fields":[101,0],"id":244293444829185,"type":106}
@nix {"action":"result","fields":[100,0],"id":244293444829185,"type":106}
@nix {"action":"start","fields":["/Users/hetzner/obrador-shared-pins-20260909/round-3-after/chain-round-1-jobs-8/store/54zw5mppbnl092f4mvqn3asra2wisnpv-leaf-13.drv.drv","",1,1],"id":244293444829227,"level":3,"parent":0,"text":"building '/Users/hetzner/obrador-shared-pins-20260909/round-3-after/chain-round-1-jobs-8/store/54zw5mppbnl092f4mvqn3asra2wisnpv-leaf-13.drv.drv'","type":105}
@nix {"action":"result","fields":[38,58,1,0],"id":244293444829186,"type":105}
@nix {"action":"result","fields":[0,0,0,0],"id":244293444829187,"type":105}
@nix {"action":"result","fields":[101,0],"id":244293444829185,"type":106}
@nix {"action":"result","fields":[100,0],"id":244293444829185,"type":106}
@nix {"action":"result","fields":[39,59,0,0],"id":244293444829186,"type":105}
@nix {"action":"result","fields":[0,0,0,0],"id":244293444829187,"type":105}
@nix {"action":"result","fields":[101,0],"id":244293444829185,"type":106}
@nix {"action":"result","fields":[100,0],"id":244293444829185,"type":106}
@nix {"action":"stop","id":244293444829227}
@nix {"action":"result","fields":[40,59,0,0],"id":244293444829186,"type":105}
@nix {"action":"result","fields":[0,0,0,0],"id":244293444829187,"type":105}
@nix {"action":"result","fields":[101,0],"id":244293444829185,"type":106}
@nix {"action":"result","fields":[100,0],"id":244293444829185,"type":106}
@nix {"action":"stop","id":244293444829226}
@nix {"action":"result","fields":[40,59,0,0],"id":244293444829186,"type":105}
@nix {"action":"result","fields":[0,0,0,0],"id":244293444829187,"type":105}
@nix {"action":"result","fields":[101,0],"id":244293444829185,"type":106}
@nix {"action":"result","fields":[100,0],"id":244293444829185,"type":106}
@nix {"action":"start","fields":["/Users/hetzner/obrador-shared-pins-20260909/round-3-after/chain-round-1-jobs-8/store/8i8zvcp80qnfbffvyw0i4j6brfc8d55v-leaf-13.drv","",1,1],"id":244293444829228,"level":3,"parent":0,"text":"building '/Users/hetzner/obrador-shared-pins-20260909/round-3-after/chain-round-1-jobs-8/store/8i8zvcp80qnfbffvyw0i4j6brfc8d55v-leaf-13.drv'","type":105}
@nix {"action":"result","fields":[40,59,1,0],"id":244293444829186,"type":105}
@nix {"action":"result","fields":[0,0,0,0],"id":244293444829187,"type":105}
@nix {"action":"result","fields":[101,0],"id":244293444829185,"type":106}
@nix {"action":"result","fields":[100,0],"id":244293444829185,"type":106}
@nix {"action":"result","fields":[41,60,0,0],"id":244293444829186,"type":105}
@nix {"action":"result","fields":[0,0,0,0],"id":244293444829187,"type":105}
@nix {"action":"result","fields":[101,0],"id":244293444829185,"type":106}
@nix {"action":"result","fields":[100,0],"id":244293444829185,"type":106}
@nix {"action":"stop","id":244293444829228}
@nix {"action":"start","fields":["/Users/hetzner/obrador-shared-pins-20260909/round-3-after/chain-round-1-jobs-8/store/sv8g0w3f60w2z9nx1605i1ys1zz8z9lp-leaf-14.drv.drv","/Users/hetzner/obrador-shared-pins-20260909/round-3-after/chain-round-1-jobs-8/store/cvxkny2ssylc4xmr5a72c4iyj9ciyc2f-leaf-14.drv.drv"],"id":244293444829229,"level":3,"parent":0,"text":"resolved derivation: '/Users/hetzner/obrador-shared-pins-20260909/round-3-after/chain-round-1-jobs-8/store/sv8g0w3f60w2z9nx1605i1ys1zz8z9lp-leaf-14.drv.drv' -> '/Users/hetzner/obrador-shared-pins-20260909/round-3-after/chain-round-1-jobs-8/store/cvxkny2ssylc4xmr5a72c4iyj9ciyc2f-leaf-14.drv.drv'","type":111}
@nix {"action":"result","fields":[41,60,0,0],"id":244293444829186,"type":105}
@nix {"action":"result","fields":[0,0,0,0],"id":244293444829187,"type":105}
@nix {"action":"result","fields":[101,0],"id":244293444829185,"type":106}
@nix {"action":"result","fields":[100,0],"id":244293444829185,"type":106}
@nix {"action":"start","fields":["/Users/hetzner/obrador-shared-pins-20260909/round-3-after/chain-round-1-jobs-8/store/cvxkny2ssylc4xmr5a72c4iyj9ciyc2f-leaf-14.drv.drv","",1,1],"id":244293444829230,"level":3,"parent":0,"text":"building '/Users/hetzner/obrador-shared-pins-20260909/round-3-after/chain-round-1-jobs-8/store/cvxkny2ssylc4xmr5a72c4iyj9ciyc2f-leaf-14.drv.drv'","type":105}
@nix {"action":"result","fields":[41,60,1,0],"id":244293444829186,"type":105}
@nix {"action":"result","fields":[0,0,0,0],"id":244293444829187,"type":105}
@nix {"action":"result","fields":[101,0],"id":244293444829185,"type":106}
@nix {"action":"result","fields":[100,0],"id":244293444829185,"type":106}
@nix {"action":"result","fields":[42,61,0,0],"id":244293444829186,"type":105}
@nix {"action":"result","fields":[0,0,0,0],"id":244293444829187,"type":105}
@nix {"action":"result","fields":[101,0],"id":244293444829185,"type":106}
@nix {"action":"result","fields":[100,0],"id":244293444829185,"type":106}
@nix {"action":"stop","id":244293444829230}
@nix {"action":"result","fields":[43,61,0,0],"id":244293444829186,"type":105}
@nix {"action":"result","fields":[0,0,0,0],"id":244293444829187,"type":105}
@nix {"action":"result","fields":[101,0],"id":244293444829185,"type":106}
@nix {"action":"result","fields":[100,0],"id":244293444829185,"type":106}
@nix {"action":"stop","id":244293444829229}
@nix {"action":"result","fields":[43,61,0,0],"id":244293444829186,"type":105}
@nix {"action":"result","fields":[0,0,0,0],"id":244293444829187,"type":105}
@nix {"action":"result","fields":[101,0],"id":244293444829185,"type":106}
@nix {"action":"result","fields":[100,0],"id":244293444829185,"type":106}
@nix {"action":"start","fields":["/Users/hetzner/obrador-shared-pins-20260909/round-3-after/chain-round-1-jobs-8/store/jclq3qd2ffb41pgvqjiz25ayd2pbfb3n-leaf-14.drv","",1,1],"id":244293444829231,"level":3,"parent":0,"text":"building '/Users/hetzner/obrador-shared-pins-20260909/round-3-after/chain-round-1-jobs-8/store/jclq3qd2ffb41pgvqjiz25ayd2pbfb3n-leaf-14.drv'","type":105}
@nix {"action":"result","fields":[43,61,1,0],"id":244293444829186,"type":105}
@nix {"action":"result","fields":[0,0,0,0],"id":244293444829187,"type":105}
@nix {"action":"result","fields":[101,0],"id":244293444829185,"type":106}
@nix {"action":"result","fields":[100,0],"id":244293444829185,"type":106}
@nix {"action":"result","fields":[44,62,0,0],"id":244293444829186,"type":105}
@nix {"action":"result","fields":[0,0,0,0],"id":244293444829187,"type":105}
@nix {"action":"result","fields":[101,0],"id":244293444829185,"type":106}
@nix {"action":"result","fields":[100,0],"id":244293444829185,"type":106}
@nix {"action":"stop","id":244293444829231}
@nix {"action":"start","fields":["/Users/hetzner/obrador-shared-pins-20260909/round-3-after/chain-round-1-jobs-8/store/drvi2gd2hvlm9g4ph9wkk16h2vbmwr1z-leaf-15.drv.drv","/Users/hetzner/obrador-shared-pins-20260909/round-3-after/chain-round-1-jobs-8/store/fmg1zp9xpqyb8pqh85wc0w306db49qlm-leaf-15.drv.drv"],"id":244293444829232,"level":3,"parent":0,"text":"resolved derivation: '/Users/hetzner/obrador-shared-pins-20260909/round-3-after/chain-round-1-jobs-8/store/drvi2gd2hvlm9g4ph9wkk16h2vbmwr1z-leaf-15.drv.drv' -> '/Users/hetzner/obrador-shared-pins-20260909/round-3-after/chain-round-1-jobs-8/store/fmg1zp9xpqyb8pqh85wc0w306db49qlm-leaf-15.drv.drv'","type":111}
@nix {"action":"result","fields":[44,62,0,0],"id":244293444829186,"type":105}
@nix {"action":"result","fields":[0,0,0,0],"id":244293444829187,"type":105}
@nix {"action":"result","fields":[101,0],"id":244293444829185,"type":106}
@nix {"action":"result","fields":[100,0],"id":244293444829185,"type":106}
@nix {"action":"start","fields":["/Users/hetzner/obrador-shared-pins-20260909/round-3-after/chain-round-1-jobs-8/store/fmg1zp9xpqyb8pqh85wc0w306db49qlm-leaf-15.drv.drv","",1,1],"id":244293444829233,"level":3,"parent":0,"text":"building '/Users/hetzner/obrador-shared-pins-20260909/round-3-after/chain-round-1-jobs-8/store/fmg1zp9xpqyb8pqh85wc0w306db49qlm-leaf-15.drv.drv'","type":105}
@nix {"action":"result","fields":[44,62,1,0],"id":244293444829186,"type":105}
@nix {"action":"result","fields":[0,0,0,0],"id":244293444829187,"type":105}
@nix {"action":"result","fields":[101,0],"id":244293444829185,"type":106}
@nix {"action":"result","fields":[100,0],"id":244293444829185,"type":106}
@nix {"action":"result","fields":[45,63,0,0],"id":244293444829186,"type":105}
@nix {"action":"result","fields":[0,0,0,0],"id":244293444829187,"type":105}
@nix {"action":"result","fields":[101,0],"id":244293444829185,"type":106}
@nix {"action":"result","fields":[100,0],"id":244293444829185,"type":106}
@nix {"action":"stop","id":244293444829233}
@nix {"action":"result","fields":[46,63,0,0],"id":244293444829186,"type":105}
@nix {"action":"result","fields":[0,0,0,0],"id":244293444829187,"type":105}
@nix {"action":"result","fields":[101,0],"id":244293444829185,"type":106}
@nix {"action":"result","fields":[100,0],"id":244293444829185,"type":106}
@nix {"action":"stop","id":244293444829232}
@nix {"action":"result","fields":[46,63,0,0],"id":244293444829186,"type":105}
@nix {"action":"result","fields":[0,0,0,0],"id":244293444829187,"type":105}
@nix {"action":"result","fields":[101,0],"id":244293444829185,"type":106}
@nix {"action":"result","fields":[100,0],"id":244293444829185,"type":106}
@nix {"action":"start","fields":["/Users/hetzner/obrador-shared-pins-20260909/round-3-after/chain-round-1-jobs-8/store/k4i540fy1db0ahzx0457bchgacbrr54g-leaf-15.drv","",1,1],"id":244293444829234,"level":3,"parent":0,"text":"building '/Users/hetzner/obrador-shared-pins-20260909/round-3-after/chain-round-1-jobs-8/store/k4i540fy1db0ahzx0457bchgacbrr54g-leaf-15.drv'","type":105}
@nix {"action":"result","fields":[46,63,1,0],"id":244293444829186,"type":105}
@nix {"action":"result","fields":[0,0,0,0],"id":244293444829187,"type":105}
@nix {"action":"result","fields":[101,0],"id":244293444829185,"type":106}
@nix {"action":"result","fields":[100,0],"id":244293444829185,"type":106}
@nix {"action":"result","fields":[47,64,0,0],"id":244293444829186,"type":105}
@nix {"action":"result","fields":[0,0,0,0],"id":244293444829187,"type":105}
@nix {"action":"result","fields":[101,0],"id":244293444829185,"type":106}
@nix {"action":"result","fields":[100,0],"id":244293444829185,"type":106}
@nix {"action":"stop","id":244293444829234}
@nix {"action":"start","fields":["/Users/hetzner/obrador-shared-pins-20260909/round-3-after/chain-round-1-jobs-8/store/4xyld5jwlgp20d4zccrv06qxgbgh5iix-leaf-16.drv.drv","/Users/hetzner/obrador-shared-pins-20260909/round-3-after/chain-round-1-jobs-8/store/idfm34dwbjihmv7r1568549g4lxp20g8-leaf-16.drv.drv"],"id":244293444829235,"level":3,"parent":0,"text":"resolved derivation: '/Users/hetzner/obrador-shared-pins-20260909/round-3-after/chain-round-1-jobs-8/store/4xyld5jwlgp20d4zccrv06qxgbgh5iix-leaf-16.drv.drv' -> '/Users/hetzner/obrador-shared-pins-20260909/round-3-after/chain-round-1-jobs-8/store/idfm34dwbjihmv7r1568549g4lxp20g8-leaf-16.drv.drv'","type":111}
@nix {"action":"result","fields":[47,64,0,0],"id":244293444829186,"type":105}
@nix {"action":"result","fields":[0,0,0,0],"id":244293444829187,"type":105}
@nix {"action":"result","fields":[101,0],"id":244293444829185,"type":106}
@nix {"action":"result","fields":[100,0],"id":244293444829185,"type":106}
@nix {"action":"start","fields":["/Users/hetzner/obrador-shared-pins-20260909/round-3-after/chain-round-1-jobs-8/store/idfm34dwbjihmv7r1568549g4lxp20g8-leaf-16.drv.drv","",1,1],"id":244293444829236,"level":3,"parent":0,"text":"building '/Users/hetzner/obrador-shared-pins-20260909/round-3-after/chain-round-1-jobs-8/store/idfm34dwbjihmv7r1568549g4lxp20g8-leaf-16.drv.drv'","type":105}
@nix {"action":"result","fields":[47,64,1,0],"id":244293444829186,"type":105}
@nix {"action":"result","fields":[0,0,0,0],"id":244293444829187,"type":105}
@nix {"action":"result","fields":[101,0],"id":244293444829185,"type":106}
@nix {"action":"result","fields":[100,0],"id":244293444829185,"type":106}
@nix {"action":"result","fields":[48,65,0,0],"id":244293444829186,"type":105}
@nix {"action":"result","fields":[0,0,0,0],"id":244293444829187,"type":105}
@nix {"action":"result","fields":[101,0],"id":244293444829185,"type":106}
@nix {"action":"result","fields":[100,0],"id":244293444829185,"type":106}
@nix {"action":"stop","id":244293444829236}
@nix {"action":"result","fields":[49,65,0,0],"id":244293444829186,"type":105}
@nix {"action":"result","fields":[0,0,0,0],"id":244293444829187,"type":105}
@nix {"action":"result","fields":[101,0],"id":244293444829185,"type":106}
@nix {"action":"result","fields":[100,0],"id":244293444829185,"type":106}
@nix {"action":"stop","id":244293444829235}
@nix {"action":"result","fields":[49,65,0,0],"id":244293444829186,"type":105}
@nix {"action":"result","fields":[0,0,0,0],"id":244293444829187,"type":105}
@nix {"action":"result","fields":[101,0],"id":244293444829185,"type":106}
@nix {"action":"result","fields":[100,0],"id":244293444829185,"type":106}
@nix {"action":"start","fields":["/Users/hetzner/obrador-shared-pins-20260909/round-3-after/chain-round-1-jobs-8/store/c2wfmj6c9biq1lq1ssawhgfpnbm3q0x4-leaf-16.drv","",1,1],"id":244293444829237,"level":3,"parent":0,"text":"building '/Users/hetzner/obrador-shared-pins-20260909/round-3-after/chain-round-1-jobs-8/store/c2wfmj6c9biq1lq1ssawhgfpnbm3q0x4-leaf-16.drv'","type":105}
@nix {"action":"result","fields":[49,65,1,0],"id":244293444829186,"type":105}
@nix {"action":"result","fields":[0,0,0,0],"id":244293444829187,"type":105}
@nix {"action":"result","fields":[101,0],"id":244293444829185,"type":106}
@nix {"action":"result","fields":[100,0],"id":244293444829185,"type":106}
@nix {"action":"result","fields":[50,66,0,0],"id":244293444829186,"type":105}
@nix {"action":"result","fields":[0,0,0,0],"id":244293444829187,"type":105}
@nix {"action":"result","fields":[101,0],"id":244293444829185,"type":106}
@nix {"action":"result","fields":[100,0],"id":244293444829185,"type":106}
@nix {"action":"stop","id":244293444829237}
@nix {"action":"start","fields":["/Users/hetzner/obrador-shared-pins-20260909/round-3-after/chain-round-1-jobs-8/store/95fghxpsgl2b5vpksz235d3iz3fy2pw8-leaf-17.drv.drv","/Users/hetzner/obrador-shared-pins-20260909/round-3-after/chain-round-1-jobs-8/store/rfy0dxvyhrijhmhd6lff0x9a7ifnjvq2-leaf-17.drv.drv"],"id":244293444829238,"level":3,"parent":0,"text":"resolved derivation: '/Users/hetzner/obrador-shared-pins-20260909/round-3-after/chain-round-1-jobs-8/store/95fghxpsgl2b5vpksz235d3iz3fy2pw8-leaf-17.drv.drv' -> '/Users/hetzner/obrador-shared-pins-20260909/round-3-after/chain-round-1-jobs-8/store/rfy0dxvyhrijhmhd6lff0x9a7ifnjvq2-leaf-17.drv.drv'","type":111}
@nix {"action":"result","fields":[50,66,0,0],"id":244293444829186,"type":105}
@nix {"action":"result","fields":[0,0,0,0],"id":244293444829187,"type":105}
@nix {"action":"result","fields":[101,0],"id":244293444829185,"type":106}
@nix {"action":"result","fields":[100,0],"id":244293444829185,"type":106}
@nix {"action":"start","fields":["/Users/hetzner/obrador-shared-pins-20260909/round-3-after/chain-round-1-jobs-8/store/rfy0dxvyhrijhmhd6lff0x9a7ifnjvq2-leaf-17.drv.drv","",1,1],"id":244293444829239,"level":3,"parent":0,"text":"building '/Users/hetzner/obrador-shared-pins-20260909/round-3-after/chain-round-1-jobs-8/store/rfy0dxvyhrijhmhd6lff0x9a7ifnjvq2-leaf-17.drv.drv'","type":105}
@nix {"action":"result","fields":[50,66,1,0],"id":244293444829186,"type":105}
@nix {"action":"result","fields":[0,0,0,0],"id":244293444829187,"type":105}
@nix {"action":"result","fields":[101,0],"id":244293444829185,"type":106}
@nix {"action":"result","fields":[100,0],"id":244293444829185,"type":106}
@nix {"action":"result","fields":[51,67,0,0],"id":244293444829186,"type":105}
@nix {"action":"result","fields":[0,0,0,0],"id":244293444829187,"type":105}
@nix {"action":"result","fields":[101,0],"id":244293444829185,"type":106}
@nix {"action":"result","fields":[100,0],"id":244293444829185,"type":106}
@nix {"action":"stop","id":244293444829239}
@nix {"action":"result","fields":[52,67,0,0],"id":244293444829186,"type":105}
@nix {"action":"result","fields":[0,0,0,0],"id":244293444829187,"type":105}
@nix {"action":"result","fields":[101,0],"id":244293444829185,"type":106}
@nix {"action":"result","fields":[100,0],"id":244293444829185,"type":106}
@nix {"action":"stop","id":244293444829238}
@nix {"action":"result","fields":[52,67,0,0],"id":244293444829186,"type":105}
@nix {"action":"result","fields":[0,0,0,0],"id":244293444829187,"type":105}
@nix {"action":"result","fields":[101,0],"id":244293444829185,"type":106}
@nix {"action":"result","fields":[100,0],"id":244293444829185,"type":106}
@nix {"action":"start","fields":["/Users/hetzner/obrador-shared-pins-20260909/round-3-after/chain-round-1-jobs-8/store/y5kcsq35gl4dakn39pbiln1af2s4vj8w-leaf-17.drv","",1,1],"id":244293444829240,"level":3,"parent":0,"text":"building '/Users/hetzner/obrador-shared-pins-20260909/round-3-after/chain-round-1-jobs-8/store/y5kcsq35gl4dakn39pbiln1af2s4vj8w-leaf-17.drv'","type":105}
@nix {"action":"result","fields":[52,67,1,0],"id":244293444829186,"type":105}
@nix {"action":"result","fields":[0,0,0,0],"id":244293444829187,"type":105}
@nix {"action":"result","fields":[101,0],"id":244293444829185,"type":106}
@nix {"action":"result","fields":[100,0],"id":244293444829185,"type":106}
@nix {"action":"result","fields":[53,68,0,0],"id":244293444829186,"type":105}
@nix {"action":"result","fields":[0,0,0,0],"id":244293444829187,"type":105}
@nix {"action":"result","fields":[101,0],"id":244293444829185,"type":106}
@nix {"action":"result","fields":[100,0],"id":244293444829185,"type":106}
@nix {"action":"stop","id":244293444829240}
@nix {"action":"start","fields":["/Users/hetzner/obrador-shared-pins-20260909/round-3-after/chain-round-1-jobs-8/store/kg7s9jg5gna7j5axpdaiqskv5qrlgcrq-leaf-18.drv.drv","/Users/hetzner/obrador-shared-pins-20260909/round-3-after/chain-round-1-jobs-8/store/6qapixjfals7vyw1l7k6da7hx4mnwvrz-leaf-18.drv.drv"],"id":244293444829241,"level":3,"parent":0,"text":"resolved derivation: '/Users/hetzner/obrador-shared-pins-20260909/round-3-after/chain-round-1-jobs-8/store/kg7s9jg5gna7j5axpdaiqskv5qrlgcrq-leaf-18.drv.drv' -> '/Users/hetzner/obrador-shared-pins-20260909/round-3-after/chain-round-1-jobs-8/store/6qapixjfals7vyw1l7k6da7hx4mnwvrz-leaf-18.drv.drv'","type":111}
@nix {"action":"result","fields":[53,68,0,0],"id":244293444829186,"type":105}
@nix {"action":"result","fields":[0,0,0,0],"id":244293444829187,"type":105}
@nix {"action":"result","fields":[101,0],"id":244293444829185,"type":106}
@nix {"action":"result","fields":[100,0],"id":244293444829185,"type":106}
@nix {"action":"start","fields":["/Users/hetzner/obrador-shared-pins-20260909/round-3-after/chain-round-1-jobs-8/store/6qapixjfals7vyw1l7k6da7hx4mnwvrz-leaf-18.drv.drv","",1,1],"id":244293444829242,"level":3,"parent":0,"text":"building '/Users/hetzner/obrador-shared-pins-20260909/round-3-after/chain-round-1-jobs-8/store/6qapixjfals7vyw1l7k6da7hx4mnwvrz-leaf-18.drv.drv'","type":105}
@nix {"action":"result","fields":[53,68,1,0],"id":244293444829186,"type":105}
@nix {"action":"result","fields":[0,0,0,0],"id":244293444829187,"type":105}
@nix {"action":"result","fields":[101,0],"id":244293444829185,"type":106}
@nix {"action":"result","fields":[100,0],"id":244293444829185,"type":106}
@nix {"action":"result","fields":[54,69,0,0],"id":244293444829186,"type":105}
@nix {"action":"result","fields":[0,0,0,0],"id":244293444829187,"type":105}
@nix {"action":"result","fields":[101,0],"id":244293444829185,"type":106}
@nix {"action":"result","fields":[100,0],"id":244293444829185,"type":106}
@nix {"action":"stop","id":244293444829242}
@nix {"action":"result","fields":[55,69,0,0],"id":244293444829186,"type":105}
@nix {"action":"result","fields":[0,0,0,0],"id":244293444829187,"type":105}
@nix {"action":"result","fields":[101,0],"id":244293444829185,"type":106}
@nix {"action":"result","fields":[100,0],"id":244293444829185,"type":106}
@nix {"action":"stop","id":244293444829241}
@nix {"action":"result","fields":[55,69,0,0],"id":244293444829186,"type":105}
@nix {"action":"result","fields":[0,0,0,0],"id":244293444829187,"type":105}
@nix {"action":"result","fields":[101,0],"id":244293444829185,"type":106}
@nix {"action":"result","fields":[100,0],"id":244293444829185,"type":106}
@nix {"action":"start","fields":["/Users/hetzner/obrador-shared-pins-20260909/round-3-after/chain-round-1-jobs-8/store/0qvymxrx35jckmbm458r4r6568kxr472-leaf-18.drv","",1,1],"id":244293444829243,"level":3,"parent":0,"text":"building '/Users/hetzner/obrador-shared-pins-20260909/round-3-after/chain-round-1-jobs-8/store/0qvymxrx35jckmbm458r4r6568kxr472-leaf-18.drv'","type":105}
@nix {"action":"result","fields":[55,69,1,0],"id":244293444829186,"type":105}
@nix {"action":"result","fields":[0,0,0,0],"id":244293444829187,"type":105}
@nix {"action":"result","fields":[101,0],"id":244293444829185,"type":106}
@nix {"action":"result","fields":[100,0],"id":244293444829185,"type":106}
@nix {"action":"result","fields":[56,70,0,0],"id":244293444829186,"type":105}
@nix {"action":"result","fields":[0,0,0,0],"id":244293444829187,"type":105}
@nix {"action":"result","fields":[101,0],"id":244293444829185,"type":106}
@nix {"action":"result","fields":[100,0],"id":244293444829185,"type":106}
@nix {"action":"stop","id":244293444829243}
@nix {"action":"start","fields":["/Users/hetzner/obrador-shared-pins-20260909/round-3-after/chain-round-1-jobs-8/store/g4msg59fnsvl2gqybb92snjjfcfss1rb-leaf-19.drv.drv","/Users/hetzner/obrador-shared-pins-20260909/round-3-after/chain-round-1-jobs-8/store/c816r36jp6nm001yr7nswzrxifqfxmmj-leaf-19.drv.drv"],"id":244293444829244,"level":3,"parent":0,"text":"resolved derivation: '/Users/hetzner/obrador-shared-pins-20260909/round-3-after/chain-round-1-jobs-8/store/g4msg59fnsvl2gqybb92snjjfcfss1rb-leaf-19.drv.drv' -> '/Users/hetzner/obrador-shared-pins-20260909/round-3-after/chain-round-1-jobs-8/store/c816r36jp6nm001yr7nswzrxifqfxmmj-leaf-19.drv.drv'","type":111}
@nix {"action":"result","fields":[56,70,0,0],"id":244293444829186,"type":105}
@nix {"action":"result","fields":[0,0,0,0],"id":244293444829187,"type":105}
@nix {"action":"result","fields":[101,0],"id":244293444829185,"type":106}
@nix {"action":"result","fields":[100,0],"id":244293444829185,"type":106}
@nix {"action":"start","fields":["/Users/hetzner/obrador-shared-pins-20260909/round-3-after/chain-round-1-jobs-8/store/c816r36jp6nm001yr7nswzrxifqfxmmj-leaf-19.drv.drv","",1,1],"id":244293444829245,"level":3,"parent":0,"text":"building '/Users/hetzner/obrador-shared-pins-20260909/round-3-after/chain-round-1-jobs-8/store/c816r36jp6nm001yr7nswzrxifqfxmmj-leaf-19.drv.drv'","type":105}
@nix {"action":"result","fields":[56,70,1,0],"id":244293444829186,"type":105}
@nix {"action":"result","fields":[0,0,0,0],"id":244293444829187,"type":105}
@nix {"action":"result","fields":[101,0],"id":244293444829185,"type":106}
@nix {"action":"result","fields":[100,0],"id":244293444829185,"type":106}
@nix {"action":"result","fields":[57,71,0,0],"id":244293444829186,"type":105}
@nix {"action":"result","fields":[0,0,0,0],"id":244293444829187,"type":105}
@nix {"action":"result","fields":[101,0],"id":244293444829185,"type":106}
@nix {"action":"result","fields":[100,0],"id":244293444829185,"type":106}
@nix {"action":"stop","id":244293444829245}
@nix {"action":"result","fields":[58,71,0,0],"id":244293444829186,"type":105}
@nix {"action":"result","fields":[0,0,0,0],"id":244293444829187,"type":105}
@nix {"action":"result","fields":[101,0],"id":244293444829185,"type":106}
@nix {"action":"result","fields":[100,0],"id":244293444829185,"type":106}
@nix {"action":"stop","id":244293444829244}
@nix {"action":"result","fields":[58,71,0,0],"id":244293444829186,"type":105}
@nix {"action":"result","fields":[0,0,0,0],"id":244293444829187,"type":105}
@nix {"action":"result","fields":[101,0],"id":244293444829185,"type":106}
@nix {"action":"result","fields":[100,0],"id":244293444829185,"type":106}
@nix {"action":"start","fields":["/Users/hetzner/obrador-shared-pins-20260909/round-3-after/chain-round-1-jobs-8/store/0gd3rhcfmgsd2nml3h8jzng88vn2lql6-leaf-19.drv","",1,1],"id":244293444829246,"level":3,"parent":0,"text":"building '/Users/hetzner/obrador-shared-pins-20260909/round-3-after/chain-round-1-jobs-8/store/0gd3rhcfmgsd2nml3h8jzng88vn2lql6-leaf-19.drv'","type":105}
@nix {"action":"result","fields":[58,71,1,0],"id":244293444829186,"type":105}
@nix {"action":"result","fields":[0,0,0,0],"id":244293444829187,"type":105}
@nix {"action":"result","fields":[101,0],"id":244293444829185,"type":106}
@nix {"action":"result","fields":[100,0],"id":244293444829185,"type":106}
@nix {"action":"result","fields":[59,72,0,0],"id":244293444829186,"type":105}
@nix {"action":"result","fields":[0,0,0,0],"id":244293444829187,"type":105}
@nix {"action":"result","fields":[101,0],"id":244293444829185,"type":106}
@nix {"action":"result","fields":[100,0],"id":244293444829185,"type":106}
@nix {"action":"stop","id":244293444829246}
@nix {"action":"start","fields":["/Users/hetzner/obrador-shared-pins-20260909/round-3-after/chain-round-1-jobs-8/store/l29qyjxr85c9n3rfnav6f3xyav2baz1m-leaf-20.drv.drv","/Users/hetzner/obrador-shared-pins-20260909/round-3-after/chain-round-1-jobs-8/store/i7j92k95wfwfh9dwy8lffj5gq5gyb4as-leaf-20.drv.drv"],"id":244293444829247,"level":3,"parent":0,"text":"resolved derivation: '/Users/hetzner/obrador-shared-pins-20260909/round-3-after/chain-round-1-jobs-8/store/l29qyjxr85c9n3rfnav6f3xyav2baz1m-leaf-20.drv.drv' -> '/Users/hetzner/obrador-shared-pins-20260909/round-3-after/chain-round-1-jobs-8/store/i7j92k95wfwfh9dwy8lffj5gq5gyb4as-leaf-20.drv.drv'","type":111}
@nix {"action":"result","fields":[59,72,0,0],"id":244293444829186,"type":105}
@nix {"action":"result","fields":[0,0,0,0],"id":244293444829187,"type":105}
@nix {"action":"result","fields":[101,0],"id":244293444829185,"type":106}
@nix {"action":"result","fields":[100,0],"id":244293444829185,"type":106}
@nix {"action":"start","fields":["/Users/hetzner/obrador-shared-pins-20260909/round-3-after/chain-round-1-jobs-8/store/i7j92k95wfwfh9dwy8lffj5gq5gyb4as-leaf-20.drv.drv","",1,1],"id":244293444829248,"level":3,"parent":0,"text":"building '/Users/hetzner/obrador-shared-pins-20260909/round-3-after/chain-round-1-jobs-8/store/i7j92k95wfwfh9dwy8lffj5gq5gyb4as-leaf-20.drv.drv'","type":105}
@nix {"action":"result","fields":[59,72,1,0],"id":244293444829186,"type":105}
@nix {"action":"result","fields":[0,0,0,0],"id":244293444829187,"type":105}
@nix {"action":"result","fields":[101,0],"id":244293444829185,"type":106}
@nix {"action":"result","fields":[100,0],"id":244293444829185,"type":106}
@nix {"action":"result","fields":[60,73,0,0],"id":244293444829186,"type":105}
@nix {"action":"result","fields":[0,0,0,0],"id":244293444829187,"type":105}
@nix {"action":"result","fields":[101,0],"id":244293444829185,"type":106}
@nix {"action":"result","fields":[100,0],"id":244293444829185,"type":106}
@nix {"action":"stop","id":244293444829248}
@nix {"action":"result","fields":[61,73,0,0],"id":244293444829186,"type":105}
@nix {"action":"result","fields":[0,0,0,0],"id":244293444829187,"type":105}
@nix {"action":"result","fields":[101,0],"id":244293444829185,"type":106}
@nix {"action":"result","fields":[100,0],"id":244293444829185,"type":106}
@nix {"action":"stop","id":244293444829247}
@nix {"action":"result","fields":[61,73,0,0],"id":244293444829186,"type":105}
@nix {"action":"result","fields":[0,0,0,0],"id":244293444829187,"type":105}
@nix {"action":"result","fields":[101,0],"id":244293444829185,"type":106}
@nix {"action":"result","fields":[100,0],"id":244293444829185,"type":106}
@nix {"action":"start","fields":["/Users/hetzner/obrador-shared-pins-20260909/round-3-after/chain-round-1-jobs-8/store/ibwbwi0s0b8zr8zixfr58258g4s1pba6-leaf-20.drv","",1,1],"id":244293444829249,"level":3,"parent":0,"text":"building '/Users/hetzner/obrador-shared-pins-20260909/round-3-after/chain-round-1-jobs-8/store/ibwbwi0s0b8zr8zixfr58258g4s1pba6-leaf-20.drv'","type":105}
@nix {"action":"result","fields":[61,73,1,0],"id":244293444829186,"type":105}
@nix {"action":"result","fields":[0,0,0,0],"id":244293444829187,"type":105}
@nix {"action":"result","fields":[101,0],"id":244293444829185,"type":106}
@nix {"action":"result","fields":[100,0],"id":244293444829185,"type":106}
@nix {"action":"result","fields":[62,74,0,0],"id":244293444829186,"type":105}
@nix {"action":"result","fields":[0,0,0,0],"id":244293444829187,"type":105}
@nix {"action":"result","fields":[101,0],"id":244293444829185,"type":106}
@nix {"action":"result","fields":[100,0],"id":244293444829185,"type":106}
@nix {"action":"stop","id":244293444829249}
@nix {"action":"start","fields":["/Users/hetzner/obrador-shared-pins-20260909/round-3-after/chain-round-1-jobs-8/store/16api9ascrhcgb4l7g716jcprh6kvjiq-leaf-21.drv.drv","/Users/hetzner/obrador-shared-pins-20260909/round-3-after/chain-round-1-jobs-8/store/bmi9x7x3jzlbx3h1w7sjp76n36halapf-leaf-21.drv.drv"],"id":244293444829250,"level":3,"parent":0,"text":"resolved derivation: '/Users/hetzner/obrador-shared-pins-20260909/round-3-after/chain-round-1-jobs-8/store/16api9ascrhcgb4l7g716jcprh6kvjiq-leaf-21.drv.drv' -> '/Users/hetzner/obrador-shared-pins-20260909/round-3-after/chain-round-1-jobs-8/store/bmi9x7x3jzlbx3h1w7sjp76n36halapf-leaf-21.drv.drv'","type":111}
@nix {"action":"result","fields":[62,74,0,0],"id":244293444829186,"type":105}
@nix {"action":"result","fields":[0,0,0,0],"id":244293444829187,"type":105}
@nix {"action":"result","fields":[101,0],"id":244293444829185,"type":106}
@nix {"action":"result","fields":[100,0],"id":244293444829185,"type":106}
@nix {"action":"start","fields":["/Users/hetzner/obrador-shared-pins-20260909/round-3-after/chain-round-1-jobs-8/store/bmi9x7x3jzlbx3h1w7sjp76n36halapf-leaf-21.drv.drv","",1,1],"id":244293444829251,"level":3,"parent":0,"text":"building '/Users/hetzner/obrador-shared-pins-20260909/round-3-after/chain-round-1-jobs-8/store/bmi9x7x3jzlbx3h1w7sjp76n36halapf-leaf-21.drv.drv'","type":105}
@nix {"action":"result","fields":[62,74,1,0],"id":244293444829186,"type":105}
@nix {"action":"result","fields":[0,0,0,0],"id":244293444829187,"type":105}
@nix {"action":"result","fields":[101,0],"id":244293444829185,"type":106}
@nix {"action":"result","fields":[100,0],"id":244293444829185,"type":106}
@nix {"action":"result","fields":[63,75,0,0],"id":244293444829186,"type":105}
@nix {"action":"result","fields":[0,0,0,0],"id":244293444829187,"type":105}
@nix {"action":"result","fields":[101,0],"id":244293444829185,"type":106}
@nix {"action":"result","fields":[100,0],"id":244293444829185,"type":106}
@nix {"action":"stop","id":244293444829251}
@nix {"action":"result","fields":[64,75,0,0],"id":244293444829186,"type":105}
@nix {"action":"result","fields":[0,0,0,0],"id":244293444829187,"type":105}
@nix {"action":"result","fields":[101,0],"id":244293444829185,"type":106}
@nix {"action":"result","fields":[100,0],"id":244293444829185,"type":106}
@nix {"action":"stop","id":244293444829250}
@nix {"action":"result","fields":[64,75,0,0],"id":244293444829186,"type":105}
@nix {"action":"result","fields":[0,0,0,0],"id":244293444829187,"type":105}
@nix {"action":"result","fields":[101,0],"id":244293444829185,"type":106}
@nix {"action":"result","fields":[100,0],"id":244293444829185,"type":106}
@nix {"action":"start","fields":["/Users/hetzner/obrador-shared-pins-20260909/round-3-after/chain-round-1-jobs-8/store/2gpa752il8dpakjj5kj0b57mpprp8djc-leaf-21.drv","",1,1],"id":244293444829252,"level":3,"parent":0,"text":"building '/Users/hetzner/obrador-shared-pins-20260909/round-3-after/chain-round-1-jobs-8/store/2gpa752il8dpakjj5kj0b57mpprp8djc-leaf-21.drv'","type":105}
@nix {"action":"result","fields":[64,75,1,0],"id":244293444829186,"type":105}
@nix {"action":"result","fields":[0,0,0,0],"id":244293444829187,"type":105}
@nix {"action":"result","fields":[101,0],"id":244293444829185,"type":106}
@nix {"action":"result","fields":[100,0],"id":244293444829185,"type":106}
@nix {"action":"result","fields":[65,76,0,0],"id":244293444829186,"type":105}
@nix {"action":"result","fields":[0,0,0,0],"id":244293444829187,"type":105}
@nix {"action":"result","fields":[101,0],"id":244293444829185,"type":106}
@nix {"action":"result","fields":[100,0],"id":244293444829185,"type":106}
@nix {"action":"stop","id":244293444829252}
@nix {"action":"start","fields":["/Users/hetzner/obrador-shared-pins-20260909/round-3-after/chain-round-1-jobs-8/store/l8hb28csgh514239i2nm8dk3l844d8as-leaf-22.drv.drv","/Users/hetzner/obrador-shared-pins-20260909/round-3-after/chain-round-1-jobs-8/store/ak4faqacp7567aa0aih1845d8x3snyg0-leaf-22.drv.drv"],"id":244293444829253,"level":3,"parent":0,"text":"resolved derivation: '/Users/hetzner/obrador-shared-pins-20260909/round-3-after/chain-round-1-jobs-8/store/l8hb28csgh514239i2nm8dk3l844d8as-leaf-22.drv.drv' -> '/Users/hetzner/obrador-shared-pins-20260909/round-3-after/chain-round-1-jobs-8/store/ak4faqacp7567aa0aih1845d8x3snyg0-leaf-22.drv.drv'","type":111}
@nix {"action":"result","fields":[65,76,0,0],"id":244293444829186,"type":105}
@nix {"action":"result","fields":[0,0,0,0],"id":244293444829187,"type":105}
@nix {"action":"result","fields":[101,0],"id":244293444829185,"type":106}
@nix {"action":"result","fields":[100,0],"id":244293444829185,"type":106}
@nix {"action":"start","fields":["/Users/hetzner/obrador-shared-pins-20260909/round-3-after/chain-round-1-jobs-8/store/ak4faqacp7567aa0aih1845d8x3snyg0-leaf-22.drv.drv","",1,1],"id":244293444829254,"level":3,"parent":0,"text":"building '/Users/hetzner/obrador-shared-pins-20260909/round-3-after/chain-round-1-jobs-8/store/ak4faqacp7567aa0aih1845d8x3snyg0-leaf-22.drv.drv'","type":105}
@nix {"action":"result","fields":[65,76,1,0],"id":244293444829186,"type":105}
@nix {"action":"result","fields":[0,0,0,0],"id":244293444829187,"type":105}
@nix {"action":"result","fields":[101,0],"id":244293444829185,"type":106}
@nix {"action":"result","fields":[100,0],"id":244293444829185,"type":106}
@nix {"action":"result","fields":[66,77,0,0],"id":244293444829186,"type":105}
@nix {"action":"result","fields":[0,0,0,0],"id":244293444829187,"type":105}
@nix {"action":"result","fields":[101,0],"id":244293444829185,"type":106}
@nix {"action":"result","fields":[100,0],"id":244293444829185,"type":106}
@nix {"action":"stop","id":244293444829254}
@nix {"action":"result","fields":[67,77,0,0],"id":244293444829186,"type":105}
@nix {"action":"result","fields":[0,0,0,0],"id":244293444829187,"type":105}
@nix {"action":"result","fields":[101,0],"id":244293444829185,"type":106}
@nix {"action":"result","fields":[100,0],"id":244293444829185,"type":106}
@nix {"action":"stop","id":244293444829253}
@nix {"action":"result","fields":[67,77,0,0],"id":244293444829186,"type":105}
@nix {"action":"result","fields":[0,0,0,0],"id":244293444829187,"type":105}
@nix {"action":"result","fields":[101,0],"id":244293444829185,"type":106}
@nix {"action":"result","fields":[100,0],"id":244293444829185,"type":106}
@nix {"action":"start","fields":["/Users/hetzner/obrador-shared-pins-20260909/round-3-after/chain-round-1-jobs-8/store/5hl54xsdhzd7bscmp5x78q0sqmvaf7ij-leaf-22.drv","",1,1],"id":244293444829255,"level":3,"parent":0,"text":"building '/Users/hetzner/obrador-shared-pins-20260909/round-3-after/chain-round-1-jobs-8/store/5hl54xsdhzd7bscmp5x78q0sqmvaf7ij-leaf-22.drv'","type":105}
@nix {"action":"result","fields":[67,77,1,0],"id":244293444829186,"type":105}
@nix {"action":"result","fields":[0,0,0,0],"id":244293444829187,"type":105}
@nix {"action":"result","fields":[101,0],"id":244293444829185,"type":106}
@nix {"action":"result","fields":[100,0],"id":244293444829185,"type":106}
@nix {"action":"result","fields":[68,78,0,0],"id":244293444829186,"type":105}
@nix {"action":"result","fields":[0,0,0,0],"id":244293444829187,"type":105}
@nix {"action":"result","fields":[101,0],"id":244293444829185,"type":106}
@nix {"action":"result","fields":[100,0],"id":244293444829185,"type":106}
@nix {"action":"stop","id":244293444829255}
@nix {"action":"start","fields":["/Users/hetzner/obrador-shared-pins-20260909/round-3-after/chain-round-1-jobs-8/store/h107jl1fx1678ahc4mw7pfl8lk81w9sk-leaf-23.drv.drv","/Users/hetzner/obrador-shared-pins-20260909/round-3-after/chain-round-1-jobs-8/store/61w4ilkl3266fh3lxnbpx59ank3l039k-leaf-23.drv.drv"],"id":244293444829256,"level":3,"parent":0,"text":"resolved derivation: '/Users/hetzner/obrador-shared-pins-20260909/round-3-after/chain-round-1-jobs-8/store/h107jl1fx1678ahc4mw7pfl8lk81w9sk-leaf-23.drv.drv' -> '/Users/hetzner/obrador-shared-pins-20260909/round-3-after/chain-round-1-jobs-8/store/61w4ilkl3266fh3lxnbpx59ank3l039k-leaf-23.drv.drv'","type":111}
@nix {"action":"result","fields":[68,78,0,0],"id":244293444829186,"type":105}
@nix {"action":"result","fields":[0,0,0,0],"id":244293444829187,"type":105}
@nix {"action":"result","fields":[101,0],"id":244293444829185,"type":106}
@nix {"action":"result","fields":[100,0],"id":244293444829185,"type":106}
@nix {"action":"start","fields":["/Users/hetzner/obrador-shared-pins-20260909/round-3-after/chain-round-1-jobs-8/store/61w4ilkl3266fh3lxnbpx59ank3l039k-leaf-23.drv.drv","",1,1],"id":244293444829257,"level":3,"parent":0,"text":"building '/Users/hetzner/obrador-shared-pins-20260909/round-3-after/chain-round-1-jobs-8/store/61w4ilkl3266fh3lxnbpx59ank3l039k-leaf-23.drv.drv'","type":105}
@nix {"action":"result","fields":[68,78,1,0],"id":244293444829186,"type":105}
@nix {"action":"result","fields":[0,0,0,0],"id":244293444829187,"type":105}
@nix {"action":"result","fields":[101,0],"id":244293444829185,"type":106}
@nix {"action":"result","fields":[100,0],"id":244293444829185,"type":106}
@nix {"action":"result","fields":[69,79,0,0],"id":244293444829186,"type":105}
@nix {"action":"result","fields":[0,0,0,0],"id":244293444829187,"type":105}
@nix {"action":"result","fields":[101,0],"id":244293444829185,"type":106}
@nix {"action":"result","fields":[100,0],"id":244293444829185,"type":106}
@nix {"action":"stop","id":244293444829257}
@nix {"action":"result","fields":[70,79,0,0],"id":244293444829186,"type":105}
@nix {"action":"result","fields":[0,0,0,0],"id":244293444829187,"type":105}
@nix {"action":"result","fields":[101,0],"id":244293444829185,"type":106}
@nix {"action":"result","fields":[100,0],"id":244293444829185,"type":106}
@nix {"action":"stop","id":244293444829256}
@nix {"action":"result","fields":[70,79,0,0],"id":244293444829186,"type":105}
@nix {"action":"result","fields":[0,0,0,0],"id":244293444829187,"type":105}
@nix {"action":"result","fields":[101,0],"id":244293444829185,"type":106}
@nix {"action":"result","fields":[100,0],"id":244293444829185,"type":106}
@nix {"action":"start","fields":["/Users/hetzner/obrador-shared-pins-20260909/round-3-after/chain-round-1-jobs-8/store/glmzpfz8xcbxk19j9lxwv945ikp1wzq2-leaf-23.drv","",1,1],"id":244293444829258,"level":3,"parent":0,"text":"building '/Users/hetzner/obrador-shared-pins-20260909/round-3-after/chain-round-1-jobs-8/store/glmzpfz8xcbxk19j9lxwv945ikp1wzq2-leaf-23.drv'","type":105}
@nix {"action":"result","fields":[70,79,1,0],"id":244293444829186,"type":105}
@nix {"action":"result","fields":[0,0,0,0],"id":244293444829187,"type":105}
@nix {"action":"result","fields":[101,0],"id":244293444829185,"type":106}
@nix {"action":"result","fields":[100,0],"id":244293444829185,"type":106}
@nix {"action":"result","fields":[71,80,0,0],"id":244293444829186,"type":105}
@nix {"action":"result","fields":[0,0,0,0],"id":244293444829187,"type":105}
@nix {"action":"result","fields":[101,0],"id":244293444829185,"type":106}
@nix {"action":"result","fields":[100,0],"id":244293444829185,"type":106}
@nix {"action":"stop","id":244293444829258}
@nix {"action":"start","fields":["/Users/hetzner/obrador-shared-pins-20260909/round-3-after/chain-round-1-jobs-8/store/8g8zsnhw8yk67y5nhk2v362vz658wvy4-leaf-24.drv.drv","/Users/hetzner/obrador-shared-pins-20260909/round-3-after/chain-round-1-jobs-8/store/1f2b66lw3g5w3mik64r10qz494agag5i-leaf-24.drv.drv"],"id":244293444829259,"level":3,"parent":0,"text":"resolved derivation: '/Users/hetzner/obrador-shared-pins-20260909/round-3-after/chain-round-1-jobs-8/store/8g8zsnhw8yk67y5nhk2v362vz658wvy4-leaf-24.drv.drv' -> '/Users/hetzner/obrador-shared-pins-20260909/round-3-after/chain-round-1-jobs-8/store/1f2b66lw3g5w3mik64r10qz494agag5i-leaf-24.drv.drv'","type":111}
@nix {"action":"result","fields":[71,80,0,0],"id":244293444829186,"type":105}
@nix {"action":"result","fields":[0,0,0,0],"id":244293444829187,"type":105}
@nix {"action":"result","fields":[101,0],"id":244293444829185,"type":106}
@nix {"action":"result","fields":[100,0],"id":244293444829185,"type":106}
@nix {"action":"start","fields":["/Users/hetzner/obrador-shared-pins-20260909/round-3-after/chain-round-1-jobs-8/store/1f2b66lw3g5w3mik64r10qz494agag5i-leaf-24.drv.drv","",1,1],"id":244293444829260,"level":3,"parent":0,"text":"building '/Users/hetzner/obrador-shared-pins-20260909/round-3-after/chain-round-1-jobs-8/store/1f2b66lw3g5w3mik64r10qz494agag5i-leaf-24.drv.drv'","type":105}
@nix {"action":"result","fields":[71,80,1,0],"id":244293444829186,"type":105}
@nix {"action":"result","fields":[0,0,0,0],"id":244293444829187,"type":105}
@nix {"action":"result","fields":[101,0],"id":244293444829185,"type":106}
@nix {"action":"result","fields":[100,0],"id":244293444829185,"type":106}
@nix {"action":"result","fields":[72,81,0,0],"id":244293444829186,"type":105}
@nix {"action":"result","fields":[0,0,0,0],"id":244293444829187,"type":105}
@nix {"action":"result","fields":[101,0],"id":244293444829185,"type":106}
@nix {"action":"result","fields":[100,0],"id":244293444829185,"type":106}
@nix {"action":"stop","id":244293444829260}
@nix {"action":"result","fields":[73,81,0,0],"id":244293444829186,"type":105}
@nix {"action":"result","fields":[0,0,0,0],"id":244293444829187,"type":105}
@nix {"action":"result","fields":[101,0],"id":244293444829185,"type":106}
@nix {"action":"result","fields":[100,0],"id":244293444829185,"type":106}
@nix {"action":"stop","id":244293444829259}
@nix {"action":"result","fields":[73,81,0,0],"id":244293444829186,"type":105}
@nix {"action":"result","fields":[0,0,0,0],"id":244293444829187,"type":105}
@nix {"action":"result","fields":[101,0],"id":244293444829185,"type":106}
@nix {"action":"result","fields":[100,0],"id":244293444829185,"type":106}
@nix {"action":"start","fields":["/Users/hetzner/obrador-shared-pins-20260909/round-3-after/chain-round-1-jobs-8/store/y9na7baf8p8a5fa8mlhaafjkzljiv2kn-leaf-24.drv","",1,1],"id":244293444829261,"level":3,"parent":0,"text":"building '/Users/hetzner/obrador-shared-pins-20260909/round-3-after/chain-round-1-jobs-8/store/y9na7baf8p8a5fa8mlhaafjkzljiv2kn-leaf-24.drv'","type":105}
@nix {"action":"result","fields":[73,81,1,0],"id":244293444829186,"type":105}
@nix {"action":"result","fields":[0,0,0,0],"id":244293444829187,"type":105}
@nix {"action":"result","fields":[101,0],"id":244293444829185,"type":106}
@nix {"action":"result","fields":[100,0],"id":244293444829185,"type":106}
@nix {"action":"result","fields":[74,82,0,0],"id":244293444829186,"type":105}
@nix {"action":"result","fields":[0,0,0,0],"id":244293444829187,"type":105}
@nix {"action":"result","fields":[101,0],"id":244293444829185,"type":106}
@nix {"action":"result","fields":[100,0],"id":244293444829185,"type":106}
@nix {"action":"stop","id":244293444829261}
@nix {"action":"start","fields":["/Users/hetzner/obrador-shared-pins-20260909/round-3-after/chain-round-1-jobs-8/store/9grjh6vzw0m1bgi7vqcf0fj47mz0b3w5-leaf-25.drv.drv","/Users/hetzner/obrador-shared-pins-20260909/round-3-after/chain-round-1-jobs-8/store/a85rapniglmzdxqcrb9b4fcn8qniarwb-leaf-25.drv.drv"],"id":244293444829262,"level":3,"parent":0,"text":"resolved derivation: '/Users/hetzner/obrador-shared-pins-20260909/round-3-after/chain-round-1-jobs-8/store/9grjh6vzw0m1bgi7vqcf0fj47mz0b3w5-leaf-25.drv.drv' -> '/Users/hetzner/obrador-shared-pins-20260909/round-3-after/chain-round-1-jobs-8/store/a85rapniglmzdxqcrb9b4fcn8qniarwb-leaf-25.drv.drv'","type":111}
@nix {"action":"result","fields":[74,82,0,0],"id":244293444829186,"type":105}
@nix {"action":"result","fields":[0,0,0,0],"id":244293444829187,"type":105}
@nix {"action":"result","fields":[101,0],"id":244293444829185,"type":106}
@nix {"action":"result","fields":[100,0],"id":244293444829185,"type":106}
@nix {"action":"start","fields":["/Users/hetzner/obrador-shared-pins-20260909/round-3-after/chain-round-1-jobs-8/store/a85rapniglmzdxqcrb9b4fcn8qniarwb-leaf-25.drv.drv","",1,1],"id":244293444829263,"level":3,"parent":0,"text":"building '/Users/hetzner/obrador-shared-pins-20260909/round-3-after/chain-round-1-jobs-8/store/a85rapniglmzdxqcrb9b4fcn8qniarwb-leaf-25.drv.drv'","type":105}
@nix {"action":"result","fields":[74,82,1,0],"id":244293444829186,"type":105}
@nix {"action":"result","fields":[0,0,0,0],"id":244293444829187,"type":105}
@nix {"action":"result","fields":[101,0],"id":244293444829185,"type":106}
@nix {"action":"result","fields":[100,0],"id":244293444829185,"type":106}
@nix {"action":"result","fields":[75,83,0,0],"id":244293444829186,"type":105}
@nix {"action":"result","fields":[0,0,0,0],"id":244293444829187,"type":105}
@nix {"action":"result","fields":[101,0],"id":244293444829185,"type":106}
@nix {"action":"result","fields":[100,0],"id":244293444829185,"type":106}
@nix {"action":"stop","id":244293444829263}
@nix {"action":"result","fields":[76,83,0,0],"id":244293444829186,"type":105}
@nix {"action":"result","fields":[0,0,0,0],"id":244293444829187,"type":105}
@nix {"action":"result","fields":[101,0],"id":244293444829185,"type":106}
@nix {"action":"result","fields":[100,0],"id":244293444829185,"type":106}
@nix {"action":"stop","id":244293444829262}
@nix {"action":"result","fields":[76,83,0,0],"id":244293444829186,"type":105}
@nix {"action":"result","fields":[0,0,0,0],"id":244293444829187,"type":105}
@nix {"action":"result","fields":[101,0],"id":244293444829185,"type":106}
@nix {"action":"result","fields":[100,0],"id":244293444829185,"type":106}
@nix {"action":"start","fields":["/Users/hetzner/obrador-shared-pins-20260909/round-3-after/chain-round-1-jobs-8/store/akdn47sl0gx2w0m123ibb5ql1ypz9fbq-leaf-25.drv","",1,1],"id":244293444829264,"level":3,"parent":0,"text":"building '/Users/hetzner/obrador-shared-pins-20260909/round-3-after/chain-round-1-jobs-8/store/akdn47sl0gx2w0m123ibb5ql1ypz9fbq-leaf-25.drv'","type":105}
@nix {"action":"result","fields":[76,83,1,0],"id":244293444829186,"type":105}
@nix {"action":"result","fields":[0,0,0,0],"id":244293444829187,"type":105}
@nix {"action":"result","fields":[101,0],"id":244293444829185,"type":106}
@nix {"action":"result","fields":[100,0],"id":244293444829185,"type":106}
@nix {"action":"result","fields":[77,84,0,0],"id":244293444829186,"type":105}
@nix {"action":"result","fields":[0,0,0,0],"id":244293444829187,"type":105}
@nix {"action":"result","fields":[101,0],"id":244293444829185,"type":106}
@nix {"action":"result","fields":[100,0],"id":244293444829185,"type":106}
@nix {"action":"stop","id":244293444829264}
@nix {"action":"start","fields":["/Users/hetzner/obrador-shared-pins-20260909/round-3-after/chain-round-1-jobs-8/store/ps1rp62m6rq81xzm35fyar56lszpgi3v-leaf-26.drv.drv","/Users/hetzner/obrador-shared-pins-20260909/round-3-after/chain-round-1-jobs-8/store/14swyw52i3y5ayjda0sij4kqnaidrmga-leaf-26.drv.drv"],"id":244293444829265,"level":3,"parent":0,"text":"resolved derivation: '/Users/hetzner/obrador-shared-pins-20260909/round-3-after/chain-round-1-jobs-8/store/ps1rp62m6rq81xzm35fyar56lszpgi3v-leaf-26.drv.drv' -> '/Users/hetzner/obrador-shared-pins-20260909/round-3-after/chain-round-1-jobs-8/store/14swyw52i3y5ayjda0sij4kqnaidrmga-leaf-26.drv.drv'","type":111}
@nix {"action":"result","fields":[77,84,0,0],"id":244293444829186,"type":105}
@nix {"action":"result","fields":[0,0,0,0],"id":244293444829187,"type":105}
@nix {"action":"result","fields":[101,0],"id":244293444829185,"type":106}
@nix {"action":"result","fields":[100,0],"id":244293444829185,"type":106}
@nix {"action":"start","fields":["/Users/hetzner/obrador-shared-pins-20260909/round-3-after/chain-round-1-jobs-8/store/14swyw52i3y5ayjda0sij4kqnaidrmga-leaf-26.drv.drv","",1,1],"id":244293444829266,"level":3,"parent":0,"text":"building '/Users/hetzner/obrador-shared-pins-20260909/round-3-after/chain-round-1-jobs-8/store/14swyw52i3y5ayjda0sij4kqnaidrmga-leaf-26.drv.drv'","type":105}
@nix {"action":"result","fields":[77,84,1,0],"id":244293444829186,"type":105}
@nix {"action":"result","fields":[0,0,0,0],"id":244293444829187,"type":105}
@nix {"action":"result","fields":[101,0],"id":244293444829185,"type":106}
@nix {"action":"result","fields":[100,0],"id":244293444829185,"type":106}
@nix {"action":"result","fields":[78,85,0,0],"id":244293444829186,"type":105}
@nix {"action":"result","fields":[0,0,0,0],"id":244293444829187,"type":105}
@nix {"action":"result","fields":[101,0],"id":244293444829185,"type":106}
@nix {"action":"result","fields":[100,0],"id":244293444829185,"type":106}
@nix {"action":"stop","id":244293444829266}
@nix {"action":"result","fields":[79,85,0,0],"id":244293444829186,"type":105}
@nix {"action":"result","fields":[0,0,0,0],"id":244293444829187,"type":105}
@nix {"action":"result","fields":[101,0],"id":244293444829185,"type":106}
@nix {"action":"result","fields":[100,0],"id":244293444829185,"type":106}
@nix {"action":"stop","id":244293444829265}
@nix {"action":"result","fields":[79,85,0,0],"id":244293444829186,"type":105}
@nix {"action":"result","fields":[0,0,0,0],"id":244293444829187,"type":105}
@nix {"action":"result","fields":[101,0],"id":244293444829185,"type":106}
@nix {"action":"result","fields":[100,0],"id":244293444829185,"type":106}
@nix {"action":"start","fields":["/Users/hetzner/obrador-shared-pins-20260909/round-3-after/chain-round-1-jobs-8/store/wdvkd2mk7j7vgwwsa1hf9dn6h0asr44y-leaf-26.drv","",1,1],"id":244293444829267,"level":3,"parent":0,"text":"building '/Users/hetzner/obrador-shared-pins-20260909/round-3-after/chain-round-1-jobs-8/store/wdvkd2mk7j7vgwwsa1hf9dn6h0asr44y-leaf-26.drv'","type":105}
@nix {"action":"result","fields":[79,85,1,0],"id":244293444829186,"type":105}
@nix {"action":"result","fields":[0,0,0,0],"id":244293444829187,"type":105}
@nix {"action":"result","fields":[101,0],"id":244293444829185,"type":106}
@nix {"action":"result","fields":[100,0],"id":244293444829185,"type":106}
@nix {"action":"result","fields":[80,86,0,0],"id":244293444829186,"type":105}
@nix {"action":"result","fields":[0,0,0,0],"id":244293444829187,"type":105}
@nix {"action":"result","fields":[101,0],"id":244293444829185,"type":106}
@nix {"action":"result","fields":[100,0],"id":244293444829185,"type":106}
@nix {"action":"stop","id":244293444829267}
@nix {"action":"start","fields":["/Users/hetzner/obrador-shared-pins-20260909/round-3-after/chain-round-1-jobs-8/store/0z2gqdahwbs0r293f12amivw3npk3850-leaf-27.drv.drv","/Users/hetzner/obrador-shared-pins-20260909/round-3-after/chain-round-1-jobs-8/store/xnna40w0g4n4590fyfm5vc8r8aiznrlc-leaf-27.drv.drv"],"id":244293444829268,"level":3,"parent":0,"text":"resolved derivation: '/Users/hetzner/obrador-shared-pins-20260909/round-3-after/chain-round-1-jobs-8/store/0z2gqdahwbs0r293f12amivw3npk3850-leaf-27.drv.drv' -> '/Users/hetzner/obrador-shared-pins-20260909/round-3-after/chain-round-1-jobs-8/store/xnna40w0g4n4590fyfm5vc8r8aiznrlc-leaf-27.drv.drv'","type":111}
@nix {"action":"result","fields":[80,86,0,0],"id":244293444829186,"type":105}
@nix {"action":"result","fields":[0,0,0,0],"id":244293444829187,"type":105}
@nix {"action":"result","fields":[101,0],"id":244293444829185,"type":106}
@nix {"action":"result","fields":[100,0],"id":244293444829185,"type":106}
@nix {"action":"start","fields":["/Users/hetzner/obrador-shared-pins-20260909/round-3-after/chain-round-1-jobs-8/store/xnna40w0g4n4590fyfm5vc8r8aiznrlc-leaf-27.drv.drv","",1,1],"id":244293444829269,"level":3,"parent":0,"text":"building '/Users/hetzner/obrador-shared-pins-20260909/round-3-after/chain-round-1-jobs-8/store/xnna40w0g4n4590fyfm5vc8r8aiznrlc-leaf-27.drv.drv'","type":105}
@nix {"action":"result","fields":[80,86,1,0],"id":244293444829186,"type":105}
@nix {"action":"result","fields":[0,0,0,0],"id":244293444829187,"type":105}
@nix {"action":"result","fields":[101,0],"id":244293444829185,"type":106}
@nix {"action":"result","fields":[100,0],"id":244293444829185,"type":106}
@nix {"action":"result","fields":[81,87,0,0],"id":244293444829186,"type":105}
@nix {"action":"result","fields":[0,0,0,0],"id":244293444829187,"type":105}
@nix {"action":"result","fields":[101,0],"id":244293444829185,"type":106}
@nix {"action":"result","fields":[100,0],"id":244293444829185,"type":106}
@nix {"action":"stop","id":244293444829269}
@nix {"action":"result","fields":[82,87,0,0],"id":244293444829186,"type":105}
@nix {"action":"result","fields":[0,0,0,0],"id":244293444829187,"type":105}
@nix {"action":"result","fields":[101,0],"id":244293444829185,"type":106}
@nix {"action":"result","fields":[100,0],"id":244293444829185,"type":106}
@nix {"action":"stop","id":244293444829268}
@nix {"action":"result","fields":[82,87,0,0],"id":244293444829186,"type":105}
@nix {"action":"result","fields":[0,0,0,0],"id":244293444829187,"type":105}
@nix {"action":"result","fields":[101,0],"id":244293444829185,"type":106}
@nix {"action":"result","fields":[100,0],"id":244293444829185,"type":106}
@nix {"action":"start","fields":["/Users/hetzner/obrador-shared-pins-20260909/round-3-after/chain-round-1-jobs-8/store/g5a3dsih5vmm677543n0lxgmv6s8055d-leaf-27.drv","",1,1],"id":244293444829270,"level":3,"parent":0,"text":"building '/Users/hetzner/obrador-shared-pins-20260909/round-3-after/chain-round-1-jobs-8/store/g5a3dsih5vmm677543n0lxgmv6s8055d-leaf-27.drv'","type":105}
@nix {"action":"result","fields":[82,87,1,0],"id":244293444829186,"type":105}
@nix {"action":"result","fields":[0,0,0,0],"id":244293444829187,"type":105}
@nix {"action":"result","fields":[101,0],"id":244293444829185,"type":106}
@nix {"action":"result","fields":[100,0],"id":244293444829185,"type":106}
@nix {"action":"result","fields":[83,88,0,0],"id":244293444829186,"type":105}
@nix {"action":"result","fields":[0,0,0,0],"id":244293444829187,"type":105}
@nix {"action":"result","fields":[101,0],"id":244293444829185,"type":106}
@nix {"action":"result","fields":[100,0],"id":244293444829185,"type":106}
@nix {"action":"stop","id":244293444829270}
@nix {"action":"start","fields":["/Users/hetzner/obrador-shared-pins-20260909/round-3-after/chain-round-1-jobs-8/store/5p1323jb4znn2f6fqshznphzrdijjf29-leaf-28.drv.drv","/Users/hetzner/obrador-shared-pins-20260909/round-3-after/chain-round-1-jobs-8/store/4pd2cxpk2ksavh4nnshc9k08c89cqgpr-leaf-28.drv.drv"],"id":244293444829271,"level":3,"parent":0,"text":"resolved derivation: '/Users/hetzner/obrador-shared-pins-20260909/round-3-after/chain-round-1-jobs-8/store/5p1323jb4znn2f6fqshznphzrdijjf29-leaf-28.drv.drv' -> '/Users/hetzner/obrador-shared-pins-20260909/round-3-after/chain-round-1-jobs-8/store/4pd2cxpk2ksavh4nnshc9k08c89cqgpr-leaf-28.drv.drv'","type":111}
@nix {"action":"result","fields":[83,88,0,0],"id":244293444829186,"type":105}
@nix {"action":"result","fields":[0,0,0,0],"id":244293444829187,"type":105}
@nix {"action":"result","fields":[101,0],"id":244293444829185,"type":106}
@nix {"action":"result","fields":[100,0],"id":244293444829185,"type":106}
@nix {"action":"start","fields":["/Users/hetzner/obrador-shared-pins-20260909/round-3-after/chain-round-1-jobs-8/store/4pd2cxpk2ksavh4nnshc9k08c89cqgpr-leaf-28.drv.drv","",1,1],"id":244293444829272,"level":3,"parent":0,"text":"building '/Users/hetzner/obrador-shared-pins-20260909/round-3-after/chain-round-1-jobs-8/store/4pd2cxpk2ksavh4nnshc9k08c89cqgpr-leaf-28.drv.drv'","type":105}
@nix {"action":"result","fields":[83,88,1,0],"id":244293444829186,"type":105}
@nix {"action":"result","fields":[0,0,0,0],"id":244293444829187,"type":105}
@nix {"action":"result","fields":[101,0],"id":244293444829185,"type":106}
@nix {"action":"result","fields":[100,0],"id":244293444829185,"type":106}
@nix {"action":"result","fields":[84,89,0,0],"id":244293444829186,"type":105}
@nix {"action":"result","fields":[0,0,0,0],"id":244293444829187,"type":105}
@nix {"action":"result","fields":[101,0],"id":244293444829185,"type":106}
@nix {"action":"result","fields":[100,0],"id":244293444829185,"type":106}
@nix {"action":"stop","id":244293444829272}
@nix {"action":"result","fields":[85,89,0,0],"id":244293444829186,"type":105}
@nix {"action":"result","fields":[0,0,0,0],"id":244293444829187,"type":105}
@nix {"action":"result","fields":[101,0],"id":244293444829185,"type":106}
@nix {"action":"result","fields":[100,0],"id":244293444829185,"type":106}
@nix {"action":"stop","id":244293444829271}
@nix {"action":"result","fields":[85,89,0,0],"id":244293444829186,"type":105}
@nix {"action":"result","fields":[0,0,0,0],"id":244293444829187,"type":105}
@nix {"action":"result","fields":[101,0],"id":244293444829185,"type":106}
@nix {"action":"result","fields":[100,0],"id":244293444829185,"type":106}
@nix {"action":"start","fields":["/Users/hetzner/obrador-shared-pins-20260909/round-3-after/chain-round-1-jobs-8/store/gy82xwrbq8wwjdb4f645az8c87s5h631-leaf-28.drv","",1,1],"id":244293444829273,"level":3,"parent":0,"text":"building '/Users/hetzner/obrador-shared-pins-20260909/round-3-after/chain-round-1-jobs-8/store/gy82xwrbq8wwjdb4f645az8c87s5h631-leaf-28.drv'","type":105}
@nix {"action":"result","fields":[85,89,1,0],"id":244293444829186,"type":105}
@nix {"action":"result","fields":[0,0,0,0],"id":244293444829187,"type":105}
@nix {"action":"result","fields":[101,0],"id":244293444829185,"type":106}
@nix {"action":"result","fields":[100,0],"id":244293444829185,"type":106}
@nix {"action":"result","fields":[86,90,0,0],"id":244293444829186,"type":105}
@nix {"action":"result","fields":[0,0,0,0],"id":244293444829187,"type":105}
@nix {"action":"result","fields":[101,0],"id":244293444829185,"type":106}
@nix {"action":"result","fields":[100,0],"id":244293444829185,"type":106}
@nix {"action":"stop","id":244293444829273}
@nix {"action":"start","fields":["/Users/hetzner/obrador-shared-pins-20260909/round-3-after/chain-round-1-jobs-8/store/c1jr7blzpv70n9rsrv9j1qsrd3vbbq5h-leaf-29.drv.drv","/Users/hetzner/obrador-shared-pins-20260909/round-3-after/chain-round-1-jobs-8/store/8afp34yfjqxgh0l92xw51fkvgg6fac00-leaf-29.drv.drv"],"id":244293444829274,"level":3,"parent":0,"text":"resolved derivation: '/Users/hetzner/obrador-shared-pins-20260909/round-3-after/chain-round-1-jobs-8/store/c1jr7blzpv70n9rsrv9j1qsrd3vbbq5h-leaf-29.drv.drv' -> '/Users/hetzner/obrador-shared-pins-20260909/round-3-after/chain-round-1-jobs-8/store/8afp34yfjqxgh0l92xw51fkvgg6fac00-leaf-29.drv.drv'","type":111}
@nix {"action":"result","fields":[86,90,0,0],"id":244293444829186,"type":105}
@nix {"action":"result","fields":[0,0,0,0],"id":244293444829187,"type":105}
@nix {"action":"result","fields":[101,0],"id":244293444829185,"type":106}
@nix {"action":"result","fields":[100,0],"id":244293444829185,"type":106}
@nix {"action":"start","fields":["/Users/hetzner/obrador-shared-pins-20260909/round-3-after/chain-round-1-jobs-8/store/8afp34yfjqxgh0l92xw51fkvgg6fac00-leaf-29.drv.drv","",1,1],"id":244293444829275,"level":3,"parent":0,"text":"building '/Users/hetzner/obrador-shared-pins-20260909/round-3-after/chain-round-1-jobs-8/store/8afp34yfjqxgh0l92xw51fkvgg6fac00-leaf-29.drv.drv'","type":105}
@nix {"action":"result","fields":[86,90,1,0],"id":244293444829186,"type":105}
@nix {"action":"result","fields":[0,0,0,0],"id":244293444829187,"type":105}
@nix {"action":"result","fields":[101,0],"id":244293444829185,"type":106}
@nix {"action":"result","fields":[100,0],"id":244293444829185,"type":106}
@nix {"action":"result","fields":[87,91,0,0],"id":244293444829186,"type":105}
@nix {"action":"result","fields":[0,0,0,0],"id":244293444829187,"type":105}
@nix {"action":"result","fields":[101,0],"id":244293444829185,"type":106}
@nix {"action":"result","fields":[100,0],"id":244293444829185,"type":106}
@nix {"action":"stop","id":244293444829275}
@nix {"action":"result","fields":[88,91,0,0],"id":244293444829186,"type":105}
@nix {"action":"result","fields":[0,0,0,0],"id":244293444829187,"type":105}
@nix {"action":"result","fields":[101,0],"id":244293444829185,"type":106}
@nix {"action":"result","fields":[100,0],"id":244293444829185,"type":106}
@nix {"action":"stop","id":244293444829274}
@nix {"action":"result","fields":[88,91,0,0],"id":244293444829186,"type":105}
@nix {"action":"result","fields":[0,0,0,0],"id":244293444829187,"type":105}
@nix {"action":"result","fields":[101,0],"id":244293444829185,"type":106}
@nix {"action":"result","fields":[100,0],"id":244293444829185,"type":106}
@nix {"action":"start","fields":["/Users/hetzner/obrador-shared-pins-20260909/round-3-after/chain-round-1-jobs-8/store/wwxc2q1rhnrs24r75ni848b0zrqf1da1-leaf-29.drv","",1,1],"id":244293444829276,"level":3,"parent":0,"text":"building '/Users/hetzner/obrador-shared-pins-20260909/round-3-after/chain-round-1-jobs-8/store/wwxc2q1rhnrs24r75ni848b0zrqf1da1-leaf-29.drv'","type":105}
@nix {"action":"result","fields":[88,91,1,0],"id":244293444829186,"type":105}
@nix {"action":"result","fields":[0,0,0,0],"id":244293444829187,"type":105}
@nix {"action":"result","fields":[101,0],"id":244293444829185,"type":106}
@nix {"action":"result","fields":[100,0],"id":244293444829185,"type":106}
@nix {"action":"result","fields":[89,92,0,0],"id":244293444829186,"type":105}
@nix {"action":"result","fields":[0,0,0,0],"id":244293444829187,"type":105}
@nix {"action":"result","fields":[101,0],"id":244293444829185,"type":106}
@nix {"action":"result","fields":[100,0],"id":244293444829185,"type":106}
@nix {"action":"stop","id":244293444829276}
@nix {"action":"start","fields":["/Users/hetzner/obrador-shared-pins-20260909/round-3-after/chain-round-1-jobs-8/store/50yb2f72kx8sj7rxdh6s34dwp208z3rq-leaf-30.drv.drv","/Users/hetzner/obrador-shared-pins-20260909/round-3-after/chain-round-1-jobs-8/store/gdcd05pfz0y1fah5g0k6qnlzrkn1s5cn-leaf-30.drv.drv"],"id":244293444829277,"level":3,"parent":0,"text":"resolved derivation: '/Users/hetzner/obrador-shared-pins-20260909/round-3-after/chain-round-1-jobs-8/store/50yb2f72kx8sj7rxdh6s34dwp208z3rq-leaf-30.drv.drv' -> '/Users/hetzner/obrador-shared-pins-20260909/round-3-after/chain-round-1-jobs-8/store/gdcd05pfz0y1fah5g0k6qnlzrkn1s5cn-leaf-30.drv.drv'","type":111}
@nix {"action":"result","fields":[89,92,0,0],"id":244293444829186,"type":105}
@nix {"action":"result","fields":[0,0,0,0],"id":244293444829187,"type":105}
@nix {"action":"result","fields":[101,0],"id":244293444829185,"type":106}
@nix {"action":"result","fields":[100,0],"id":244293444829185,"type":106}
@nix {"action":"start","fields":["/Users/hetzner/obrador-shared-pins-20260909/round-3-after/chain-round-1-jobs-8/store/gdcd05pfz0y1fah5g0k6qnlzrkn1s5cn-leaf-30.drv.drv","",1,1],"id":244293444829278,"level":3,"parent":0,"text":"building '/Users/hetzner/obrador-shared-pins-20260909/round-3-after/chain-round-1-jobs-8/store/gdcd05pfz0y1fah5g0k6qnlzrkn1s5cn-leaf-30.drv.drv'","type":105}
@nix {"action":"result","fields":[89,92,1,0],"id":244293444829186,"type":105}
@nix {"action":"result","fields":[0,0,0,0],"id":244293444829187,"type":105}
@nix {"action":"result","fields":[101,0],"id":244293444829185,"type":106}
@nix {"action":"result","fields":[100,0],"id":244293444829185,"type":106}
@nix {"action":"result","fields":[90,93,0,0],"id":244293444829186,"type":105}
@nix {"action":"result","fields":[0,0,0,0],"id":244293444829187,"type":105}
@nix {"action":"result","fields":[101,0],"id":244293444829185,"type":106}
@nix {"action":"result","fields":[100,0],"id":244293444829185,"type":106}
@nix {"action":"stop","id":244293444829278}
@nix {"action":"result","fields":[91,93,0,0],"id":244293444829186,"type":105}
@nix {"action":"result","fields":[0,0,0,0],"id":244293444829187,"type":105}
@nix {"action":"result","fields":[101,0],"id":244293444829185,"type":106}
@nix {"action":"result","fields":[100,0],"id":244293444829185,"type":106}
@nix {"action":"stop","id":244293444829277}
@nix {"action":"result","fields":[91,93,0,0],"id":244293444829186,"type":105}
@nix {"action":"result","fields":[0,0,0,0],"id":244293444829187,"type":105}
@nix {"action":"result","fields":[101,0],"id":244293444829185,"type":106}
@nix {"action":"result","fields":[100,0],"id":244293444829185,"type":106}
@nix {"action":"start","fields":["/Users/hetzner/obrador-shared-pins-20260909/round-3-after/chain-round-1-jobs-8/store/wr5k0nj6s318z7jgz1mfkbqmlapwj34m-leaf-30.drv","",1,1],"id":244293444829279,"level":3,"parent":0,"text":"building '/Users/hetzner/obrador-shared-pins-20260909/round-3-after/chain-round-1-jobs-8/store/wr5k0nj6s318z7jgz1mfkbqmlapwj34m-leaf-30.drv'","type":105}
@nix {"action":"result","fields":[91,93,1,0],"id":244293444829186,"type":105}
@nix {"action":"result","fields":[0,0,0,0],"id":244293444829187,"type":105}
@nix {"action":"result","fields":[101,0],"id":244293444829185,"type":106}
@nix {"action":"result","fields":[100,0],"id":244293444829185,"type":106}
@nix {"action":"result","fields":[92,94,0,0],"id":244293444829186,"type":105}
@nix {"action":"result","fields":[0,0,0,0],"id":244293444829187,"type":105}
@nix {"action":"result","fields":[101,0],"id":244293444829185,"type":106}
@nix {"action":"result","fields":[100,0],"id":244293444829185,"type":106}
@nix {"action":"stop","id":244293444829279}
@nix {"action":"start","fields":["/Users/hetzner/obrador-shared-pins-20260909/round-3-after/chain-round-1-jobs-8/store/n632ijjirbm1c0hibc7ran1vg2ra1mii-leaf-31.drv.drv","/Users/hetzner/obrador-shared-pins-20260909/round-3-after/chain-round-1-jobs-8/store/4npndwdlmi1sl6p8qdkd026na3xcif0x-leaf-31.drv.drv"],"id":244293444829280,"level":3,"parent":0,"text":"resolved derivation: '/Users/hetzner/obrador-shared-pins-20260909/round-3-after/chain-round-1-jobs-8/store/n632ijjirbm1c0hibc7ran1vg2ra1mii-leaf-31.drv.drv' -> '/Users/hetzner/obrador-shared-pins-20260909/round-3-after/chain-round-1-jobs-8/store/4npndwdlmi1sl6p8qdkd026na3xcif0x-leaf-31.drv.drv'","type":111}
@nix {"action":"result","fields":[92,94,0,0],"id":244293444829186,"type":105}
@nix {"action":"result","fields":[0,0,0,0],"id":244293444829187,"type":105}
@nix {"action":"result","fields":[101,0],"id":244293444829185,"type":106}
@nix {"action":"result","fields":[100,0],"id":244293444829185,"type":106}
@nix {"action":"start","fields":["/Users/hetzner/obrador-shared-pins-20260909/round-3-after/chain-round-1-jobs-8/store/4npndwdlmi1sl6p8qdkd026na3xcif0x-leaf-31.drv.drv","",1,1],"id":244293444829281,"level":3,"parent":0,"text":"building '/Users/hetzner/obrador-shared-pins-20260909/round-3-after/chain-round-1-jobs-8/store/4npndwdlmi1sl6p8qdkd026na3xcif0x-leaf-31.drv.drv'","type":105}
@nix {"action":"result","fields":[92,94,1,0],"id":244293444829186,"type":105}
@nix {"action":"result","fields":[0,0,0,0],"id":244293444829187,"type":105}
@nix {"action":"result","fields":[101,0],"id":244293444829185,"type":106}
@nix {"action":"result","fields":[100,0],"id":244293444829185,"type":106}
@nix {"action":"result","fields":[93,95,0,0],"id":244293444829186,"type":105}
@nix {"action":"result","fields":[0,0,0,0],"id":244293444829187,"type":105}
@nix {"action":"result","fields":[101,0],"id":244293444829185,"type":106}
@nix {"action":"result","fields":[100,0],"id":244293444829185,"type":106}
@nix {"action":"stop","id":244293444829281}
@nix {"action":"result","fields":[94,95,0,0],"id":244293444829186,"type":105}
@nix {"action":"result","fields":[0,0,0,0],"id":244293444829187,"type":105}
@nix {"action":"result","fields":[101,0],"id":244293444829185,"type":106}
@nix {"action":"result","fields":[100,0],"id":244293444829185,"type":106}
@nix {"action":"stop","id":244293444829280}
@nix {"action":"result","fields":[94,95,0,0],"id":244293444829186,"type":105}
@nix {"action":"result","fields":[0,0,0,0],"id":244293444829187,"type":105}
@nix {"action":"result","fields":[101,0],"id":244293444829185,"type":106}
@nix {"action":"result","fields":[100,0],"id":244293444829185,"type":106}
@nix {"action":"start","fields":["/Users/hetzner/obrador-shared-pins-20260909/round-3-after/chain-round-1-jobs-8/store/mbbn059b3z9ap4m8rkz48nmf4nkrww8s-leaf-31.drv","",1,1],"id":244293444829282,"level":3,"parent":0,"text":"building '/Users/hetzner/obrador-shared-pins-20260909/round-3-after/chain-round-1-jobs-8/store/mbbn059b3z9ap4m8rkz48nmf4nkrww8s-leaf-31.drv'","type":105}
@nix {"action":"result","fields":[94,95,1,0],"id":244293444829186,"type":105}
@nix {"action":"result","fields":[0,0,0,0],"id":244293444829187,"type":105}
@nix {"action":"result","fields":[101,0],"id":244293444829185,"type":106}
@nix {"action":"result","fields":[100,0],"id":244293444829185,"type":106}
@nix {"action":"result","fields":[95,96,0,0],"id":244293444829186,"type":105}
@nix {"action":"result","fields":[0,0,0,0],"id":244293444829187,"type":105}
@nix {"action":"result","fields":[101,0],"id":244293444829185,"type":106}
@nix {"action":"result","fields":[100,0],"id":244293444829185,"type":106}
@nix {"action":"stop","id":244293444829282}
@nix {"action":"stop","id":244293444829187}
@nix {"action":"stop","id":244293444829186}
@nix {"action":"stop","id":244293444829185}
