@nix {"action":"start","id":143091130433536,"level":6,"parent":0,"text":"querying info about missing paths","type":0}
@nix {"action":"msg","level":1,"msg":"\u001b[35;1mwarning:\u001b[0m Ignoring dynamic derivation /tmp/obrador-shared-pins-linux/round-3-retry-baseline/wide-round-1-jobs-8/store/03sv1rg397pwv8nm1b8kgbahkc78dsg9-leaf-17.drv.drv^out while querying missing paths; not yet implemented"}
@nix {"action":"msg","level":1,"msg":"\u001b[35;1mwarning:\u001b[0m Ignoring dynamic derivation /tmp/obrador-shared-pins-linux/round-3-retry-baseline/wide-round-1-jobs-8/store/1dgw8cqgxl5g83fr79qi0g266s8la6bz-leaf-6.drv.drv^out while querying missing paths; not yet implemented"}
@nix {"action":"msg","level":1,"msg":"\u001b[35;1mwarning:\u001b[0m Ignoring dynamic derivation /tmp/obrador-shared-pins-linux/round-3-retry-baseline/wide-round-1-jobs-8/store/1mcpkvjzh3lf659wx54hcyzd4vj42ihi-leaf-12.drv.drv^out while querying missing paths; not yet implemented"}
@nix {"action":"msg","level":1,"msg":"\u001b[35;1mwarning:\u001b[0m Ignoring dynamic derivation /tmp/obrador-shared-pins-linux/round-3-retry-baseline/wide-round-1-jobs-8/store/1vvrbdrmghi701higxj06290vxrmjb47-leaf-23.drv.drv^out while querying missing paths; not yet implemented"}
@nix {"action":"msg","level":1,"msg":"\u001b[35;1mwarning:\u001b[0m Ignoring dynamic derivation /tmp/obrador-shared-pins-linux/round-3-retry-baseline/wide-round-1-jobs-8/store/43yavxp7lc2nli5bln0z7r82d5h9cxr2-leaf-8.drv.drv^out while querying missing paths; not yet implemented"}
@nix {"action":"msg","level":1,"msg":"\u001b[35;1mwarning:\u001b[0m Ignoring dynamic derivation /tmp/obrador-shared-pins-linux/round-3-retry-baseline/wide-round-1-jobs-8/store/51glm14naqdyil0gysk97v5qmrbjkwyk-leaf-16.drv.drv^out while querying missing paths; not yet implemented"}
@nix {"action":"msg","level":1,"msg":"\u001b[35;1mwarning:\u001b[0m Ignoring dynamic derivation /tmp/obrador-shared-pins-linux/round-3-retry-baseline/wide-round-1-jobs-8/store/71fdkrnj0fmmq9ki2h5mgmrvqz5n5mn9-leaf-1.drv.drv^out while querying missing paths; not yet implemented"}
@nix {"action":"msg","level":1,"msg":"\u001b[35;1mwarning:\u001b[0m Ignoring dynamic derivation /tmp/obrador-shared-pins-linux/round-3-retry-baseline/wide-round-1-jobs-8/store/7rml8pxfxnvw834xgw17388mllbbjikn-leaf-15.drv.drv^out while querying missing paths; not yet implemented"}
@nix {"action":"msg","level":1,"msg":"\u001b[35;1mwarning:\u001b[0m Ignoring dynamic derivation /tmp/obrador-shared-pins-linux/round-3-retry-baseline/wide-round-1-jobs-8/store/935q2p3g7wsbfg6dqhwqgiqvg4zcxyg8-leaf-19.drv.drv^out while querying missing paths; not yet implemented"}
@nix {"action":"msg","level":1,"msg":"\u001b[35;1mwarning:\u001b[0m Ignoring dynamic derivation /tmp/obrador-shared-pins-linux/round-3-retry-baseline/wide-round-1-jobs-8/store/9r23qsl8sx9wmyhbxbd1ymg7xhb3723y-leaf-18.drv.drv^out while querying missing paths; not yet implemented"}
@nix {"action":"msg","level":1,"msg":"\u001b[35;1mwarning:\u001b[0m Ignoring dynamic derivation /tmp/obrador-shared-pins-linux/round-3-retry-baseline/wide-round-1-jobs-8/store/abh60ygf6y3mpf0v8fr1vfs186dmkky4-leaf-28.drv.drv^out while querying missing paths; not yet implemented"}
@nix {"action":"msg","level":1,"msg":"\u001b[35;1mwarning:\u001b[0m Ignoring dynamic derivation /tmp/obrador-shared-pins-linux/round-3-retry-baseline/wide-round-1-jobs-8/store/aywbssql9mciqix98wvla6az7rp336qn-leaf-26.drv.drv^out while querying missing paths; not yet implemented"}
@nix {"action":"msg","level":1,"msg":"\u001b[35;1mwarning:\u001b[0m Ignoring dynamic derivation /tmp/obrador-shared-pins-linux/round-3-retry-baseline/wide-round-1-jobs-8/store/b23s94dd876fs5nhwvrcx9gc7av8i94f-leaf-31.drv.drv^out while querying missing paths; not yet implemented"}
@nix {"action":"msg","level":1,"msg":"\u001b[35;1mwarning:\u001b[0m Ignoring dynamic derivation /tmp/obrador-shared-pins-linux/round-3-retry-baseline/wide-round-1-jobs-8/store/bf3f8jghfllhmx0903qv16rb7cy69k45-leaf-13.drv.drv^out while querying missing paths; not yet implemented"}
@nix {"action":"msg","level":1,"msg":"\u001b[35;1mwarning:\u001b[0m Ignoring dynamic derivation /tmp/obrador-shared-pins-linux/round-3-retry-baseline/wide-round-1-jobs-8/store/cdqx2xl2xdqpyhr73llydk91s4ncwfna-leaf-27.drv.drv^out while querying missing paths; not yet implemented"}
@nix {"action":"msg","level":1,"msg":"\u001b[35;1mwarning:\u001b[0m Ignoring dynamic derivation /tmp/obrador-shared-pins-linux/round-3-retry-baseline/wide-round-1-jobs-8/store/cf9805x3a4l764pmmlrqry0xni0qaz4y-leaf-22.drv.drv^out while querying missing paths; not yet implemented"}
@nix {"action":"msg","level":1,"msg":"\u001b[35;1mwarning:\u001b[0m Ignoring dynamic derivation /tmp/obrador-shared-pins-linux/round-3-retry-baseline/wide-round-1-jobs-8/store/cmqg0a352iknbxf4gn58b9wv3kvwcp62-leaf-20.drv.drv^out while querying missing paths; not yet implemented"}
@nix {"action":"msg","level":1,"msg":"\u001b[35;1mwarning:\u001b[0m Ignoring dynamic derivation /tmp/obrador-shared-pins-linux/round-3-retry-baseline/wide-round-1-jobs-8/store/gzafr3iswzr6pcx2d3vp9l2axjlkx6g0-leaf-4.drv.drv^out while querying missing paths; not yet implemented"}
@nix {"action":"msg","level":1,"msg":"\u001b[35;1mwarning:\u001b[0m Ignoring dynamic derivation /tmp/obrador-shared-pins-linux/round-3-retry-baseline/wide-round-1-jobs-8/store/i85r8am2j9dfzskbnibmjs3hma75xfp2-leaf-5.drv.drv^out while querying missing paths; not yet implemented"}
@nix {"action":"msg","level":1,"msg":"\u001b[35;1mwarning:\u001b[0m Ignoring dynamic derivation /tmp/obrador-shared-pins-linux/round-3-retry-baseline/wide-round-1-jobs-8/store/khnzf4nj4q8h6kpxlbwb1ifkwgc3nrcw-leaf-25.drv.drv^out while querying missing paths; not yet implemented"}
@nix {"action":"msg","level":1,"msg":"\u001b[35;1mwarning:\u001b[0m Ignoring dynamic derivation /tmp/obrador-shared-pins-linux/round-3-retry-baseline/wide-round-1-jobs-8/store/mlpw02mhlzx50vfw0sk9jiipkv658c2r-leaf-21.drv.drv^out while querying missing paths; not yet implemented"}
@nix {"action":"msg","level":1,"msg":"\u001b[35;1mwarning:\u001b[0m Ignoring dynamic derivation /tmp/obrador-shared-pins-linux/round-3-retry-baseline/wide-round-1-jobs-8/store/n85g5x3jf52kwgq089k2c65mmx607q60-leaf-9.drv.drv^out while querying missing paths; not yet implemented"}
@nix {"action":"msg","level":1,"msg":"\u001b[35;1mwarning:\u001b[0m Ignoring dynamic derivation /tmp/obrador-shared-pins-linux/round-3-retry-baseline/wide-round-1-jobs-8/store/p634m74ffbhg6sa2fwna8ckg4j8vvl70-leaf-24.drv.drv^out while querying missing paths; not yet implemented"}
@nix {"action":"msg","level":1,"msg":"\u001b[35;1mwarning:\u001b[0m Ignoring dynamic derivation /tmp/obrador-shared-pins-linux/round-3-retry-baseline/wide-round-1-jobs-8/store/qxa0rf7lmwisvjfaqhkvwllkx5h4h3lb-leaf-14.drv.drv^out while querying missing paths; not yet implemented"}
@nix {"action":"msg","level":1,"msg":"\u001b[35;1mwarning:\u001b[0m Ignoring dynamic derivation /tmp/obrador-shared-pins-linux/round-3-retry-baseline/wide-round-1-jobs-8/store/rxfgyyp3qclainf94q80k95814sszhrh-leaf-3.drv.drv^out while querying missing paths; not yet implemented"}
@nix {"action":"msg","level":1,"msg":"\u001b[35;1mwarning:\u001b[0m Ignoring dynamic derivation /tmp/obrador-shared-pins-linux/round-3-retry-baseline/wide-round-1-jobs-8/store/v5pxjhngvm1c80d5rcis3q6bikwj2y15-leaf-7.drv.drv^out while querying missing paths; not yet implemented"}
@nix {"action":"msg","level":1,"msg":"\u001b[35;1mwarning:\u001b[0m Ignoring dynamic derivation /tmp/obrador-shared-pins-linux/round-3-retry-baseline/wide-round-1-jobs-8/store/vp7dcrvpxmywnlbl2x86ssyqp9c86la5-leaf-29.drv.drv^out while querying missing paths; not yet implemented"}
@nix {"action":"msg","level":1,"msg":"\u001b[35;1mwarning:\u001b[0m Ignoring dynamic derivation /tmp/obrador-shared-pins-linux/round-3-retry-baseline/wide-round-1-jobs-8/store/wql1sk7awgwaaqlszzjp15s24yawyz9a-leaf-11.drv.drv^out while querying missing paths; not yet implemented"}
@nix {"action":"msg","level":1,"msg":"\u001b[35;1mwarning:\u001b[0m Ignoring dynamic derivation /tmp/obrador-shared-pins-linux/round-3-retry-baseline/wide-round-1-jobs-8/store/x5m4ksipkcm7niwmcpkf0rzzjy5a0hls-leaf-30.drv.drv^out while querying missing paths; not yet implemented"}
@nix {"action":"msg","level":1,"msg":"\u001b[35;1mwarning:\u001b[0m Ignoring dynamic derivation /tmp/obrador-shared-pins-linux/round-3-retry-baseline/wide-round-1-jobs-8/store/y7bbyadqgzjjvwpjl7bmfj5kxc6303cn-leaf-2.drv.drv^out while querying missing paths; not yet implemented"}
@nix {"action":"msg","level":1,"msg":"\u001b[35;1mwarning:\u001b[0m Ignoring dynamic derivation /tmp/obrador-shared-pins-linux/round-3-retry-baseline/wide-round-1-jobs-8/store/ywxypkg5cadis8q7a4470qlb6gvjp5lv-leaf-10.drv.drv^out while querying missing paths; not yet implemented"}
@nix {"action":"msg","level":1,"msg":"\u001b[35;1mwarning:\u001b[0m Ignoring dynamic derivation /tmp/obrador-shared-pins-linux/round-3-retry-baseline/wide-round-1-jobs-8/store/z8bzd4hyslw0vsnqigg0lrqc13qnx0ly-leaf-0.drv.drv^out while querying missing paths; not yet implemented"}
@nix {"action":"stop","id":143091130433536}
@nix {"action":"start","id":143091130433537,"level":0,"parent":0,"text":"","type":102}
@nix {"action":"start","id":143091130433538,"level":0,"parent":0,"text":"","type":104}
@nix {"action":"start","id":143091130433539,"level":0,"parent":0,"text":"","type":103}
@nix {"action":"result","fields":[0,0,0,0],"id":143091130433538,"type":105}
@nix {"action":"result","fields":[0,0,0,0],"id":143091130433539,"type":105}
@nix {"action":"result","fields":[101,0],"id":143091130433537,"type":106}
@nix {"action":"result","fields":[100,0],"id":143091130433537,"type":106}
@nix {"action":"result","fields":[0,0,0,0],"id":143091130433538,"type":105}
@nix {"action":"result","fields":[0,0,0,0],"id":143091130433539,"type":105}
@nix {"action":"result","fields":[101,0],"id":143091130433537,"type":106}
@nix {"action":"result","fields":[100,0],"id":143091130433537,"type":106}
@nix {"action":"result","fields":[0,0,0,0],"id":143091130433538,"type":105}
@nix {"action":"result","fields":[0,0,0,0],"id":143091130433539,"type":105}
@nix {"action":"result","fields":[101,0],"id":143091130433537,"type":106}
@nix {"action":"result","fields":[100,0],"id":143091130433537,"type":106}
@nix {"action":"result","fields":[0,0,0,0],"id":143091130433538,"type":105}
@nix {"action":"result","fields":[0,0,0,0],"id":143091130433539,"type":105}
@nix {"action":"result","fields":[101,0],"id":143091130433537,"type":106}
@nix {"action":"result","fields":[100,0],"id":143091130433537,"type":106}
@nix {"action":"result","fields":[0,0,0,0],"id":143091130433538,"type":105}
@nix {"action":"result","fields":[0,0,0,0],"id":143091130433539,"type":105}
@nix {"action":"result","fields":[101,0],"id":143091130433537,"type":106}
@nix {"action":"result","fields":[100,0],"id":143091130433537,"type":106}
@nix {"action":"result","fields":[0,0,0,0],"id":143091130433538,"type":105}
@nix {"action":"result","fields":[0,0,0,0],"id":143091130433539,"type":105}
@nix {"action":"result","fields":[101,0],"id":143091130433537,"type":106}
@nix {"action":"result","fields":[100,0],"id":143091130433537,"type":106}
@nix {"action":"result","fields":[0,0,0,0],"id":143091130433538,"type":105}
@nix {"action":"result","fields":[0,0,0,0],"id":143091130433539,"type":105}
@nix {"action":"result","fields":[101,0],"id":143091130433537,"type":106}
@nix {"action":"result","fields":[100,0],"id":143091130433537,"type":106}
@nix {"action":"result","fields":[0,0,0,0],"id":143091130433538,"type":105}
@nix {"action":"result","fields":[0,0,0,0],"id":143091130433539,"type":105}
@nix {"action":"result","fields":[101,0],"id":143091130433537,"type":106}
@nix {"action":"result","fields":[100,0],"id":143091130433537,"type":106}
@nix {"action":"result","fields":[0,0,0,0],"id":143091130433538,"type":105}
@nix {"action":"result","fields":[0,0,0,0],"id":143091130433539,"type":105}
@nix {"action":"result","fields":[101,0],"id":143091130433537,"type":106}
@nix {"action":"result","fields":[100,0],"id":143091130433537,"type":106}
@nix {"action":"result","fields":[0,0,0,0],"id":143091130433538,"type":105}
@nix {"action":"result","fields":[0,0,0,0],"id":143091130433539,"type":105}
@nix {"action":"result","fields":[101,0],"id":143091130433537,"type":106}
@nix {"action":"result","fields":[100,0],"id":143091130433537,"type":106}
@nix {"action":"result","fields":[0,0,0,0],"id":143091130433538,"type":105}
@nix {"action":"result","fields":[0,0,0,0],"id":143091130433539,"type":105}
@nix {"action":"result","fields":[101,0],"id":143091130433537,"type":106}
@nix {"action":"result","fields":[100,0],"id":143091130433537,"type":106}
@nix {"action":"result","fields":[0,0,0,0],"id":143091130433538,"type":105}
@nix {"action":"result","fields":[0,0,0,0],"id":143091130433539,"type":105}
@nix {"action":"result","fields":[101,0],"id":143091130433537,"type":106}
@nix {"action":"result","fields":[100,0],"id":143091130433537,"type":106}
@nix {"action":"result","fields":[0,0,0,0],"id":143091130433538,"type":105}
@nix {"action":"result","fields":[0,0,0,0],"id":143091130433539,"type":105}
@nix {"action":"result","fields":[101,0],"id":143091130433537,"type":106}
@nix {"action":"result","fields":[100,0],"id":143091130433537,"type":106}
@nix {"action":"result","fields":[0,0,0,0],"id":143091130433538,"type":105}
@nix {"action":"result","fields":[0,0,0,0],"id":143091130433539,"type":105}
@nix {"action":"result","fields":[101,0],"id":143091130433537,"type":106}
@nix {"action":"result","fields":[100,0],"id":143091130433537,"type":106}
@nix {"action":"result","fields":[0,0,0,0],"id":143091130433538,"type":105}
@nix {"action":"result","fields":[0,0,0,0],"id":143091130433539,"type":105}
@nix {"action":"result","fields":[101,0],"id":143091130433537,"type":106}
@nix {"action":"result","fields":[100,0],"id":143091130433537,"type":106}
@nix {"action":"result","fields":[0,0,0,0],"id":143091130433538,"type":105}
@nix {"action":"result","fields":[0,0,0,0],"id":143091130433539,"type":105}
@nix {"action":"result","fields":[101,0],"id":143091130433537,"type":106}
@nix {"action":"result","fields":[100,0],"id":143091130433537,"type":106}
@nix {"action":"result","fields":[0,0,0,0],"id":143091130433538,"type":105}
@nix {"action":"result","fields":[0,0,0,0],"id":143091130433539,"type":105}
@nix {"action":"result","fields":[101,0],"id":143091130433537,"type":106}
@nix {"action":"result","fields":[100,0],"id":143091130433537,"type":106}
@nix {"action":"result","fields":[0,0,0,0],"id":143091130433538,"type":105}
@nix {"action":"result","fields":[0,0,0,0],"id":143091130433539,"type":105}
@nix {"action":"result","fields":[101,0],"id":143091130433537,"type":106}
@nix {"action":"result","fields":[100,0],"id":143091130433537,"type":106}
@nix {"action":"result","fields":[0,0,0,0],"id":143091130433538,"type":105}
@nix {"action":"result","fields":[0,0,0,0],"id":143091130433539,"type":105}
@nix {"action":"result","fields":[101,0],"id":143091130433537,"type":106}
@nix {"action":"result","fields":[100,0],"id":143091130433537,"type":106}
@nix {"action":"result","fields":[0,0,0,0],"id":143091130433538,"type":105}
@nix {"action":"result","fields":[0,0,0,0],"id":143091130433539,"type":105}
@nix {"action":"result","fields":[101,0],"id":143091130433537,"type":106}
@nix {"action":"result","fields":[100,0],"id":143091130433537,"type":106}
@nix {"action":"result","fields":[0,0,0,0],"id":143091130433538,"type":105}
@nix {"action":"result","fields":[0,0,0,0],"id":143091130433539,"type":105}
@nix {"action":"result","fields":[101,0],"id":143091130433537,"type":106}
@nix {"action":"result","fields":[100,0],"id":143091130433537,"type":106}
@nix {"action":"result","fields":[0,0,0,0],"id":143091130433538,"type":105}
@nix {"action":"result","fields":[0,0,0,0],"id":143091130433539,"type":105}
@nix {"action":"result","fields":[101,0],"id":143091130433537,"type":106}
@nix {"action":"result","fields":[100,0],"id":143091130433537,"type":106}
@nix {"action":"result","fields":[0,0,0,0],"id":143091130433538,"type":105}
@nix {"action":"result","fields":[0,0,0,0],"id":143091130433539,"type":105}
@nix {"action":"result","fields":[101,0],"id":143091130433537,"type":106}
@nix {"action":"result","fields":[100,0],"id":143091130433537,"type":106}
@nix {"action":"result","fields":[0,0,0,0],"id":143091130433538,"type":105}
@nix {"action":"result","fields":[0,0,0,0],"id":143091130433539,"type":105}
@nix {"action":"result","fields":[101,0],"id":143091130433537,"type":106}
@nix {"action":"result","fields":[100,0],"id":143091130433537,"type":106}
@nix {"action":"result","fields":[0,0,0,0],"id":143091130433538,"type":105}
@nix {"action":"result","fields":[0,0,0,0],"id":143091130433539,"type":105}
@nix {"action":"result","fields":[101,0],"id":143091130433537,"type":106}
@nix {"action":"result","fields":[100,0],"id":143091130433537,"type":106}
@nix {"action":"result","fields":[0,0,0,0],"id":143091130433538,"type":105}
@nix {"action":"result","fields":[0,0,0,0],"id":143091130433539,"type":105}
@nix {"action":"result","fields":[101,0],"id":143091130433537,"type":106}
@nix {"action":"result","fields":[100,0],"id":143091130433537,"type":106}
@nix {"action":"result","fields":[0,0,0,0],"id":143091130433538,"type":105}
@nix {"action":"result","fields":[0,0,0,0],"id":143091130433539,"type":105}
@nix {"action":"result","fields":[101,0],"id":143091130433537,"type":106}
@nix {"action":"result","fields":[100,0],"id":143091130433537,"type":106}
@nix {"action":"result","fields":[0,0,0,0],"id":143091130433538,"type":105}
@nix {"action":"result","fields":[0,0,0,0],"id":143091130433539,"type":105}
@nix {"action":"result","fields":[101,0],"id":143091130433537,"type":106}
@nix {"action":"result","fields":[100,0],"id":143091130433537,"type":106}
@nix {"action":"result","fields":[0,0,0,0],"id":143091130433538,"type":105}
@nix {"action":"result","fields":[0,0,0,0],"id":143091130433539,"type":105}
@nix {"action":"result","fields":[101,0],"id":143091130433537,"type":106}
@nix {"action":"result","fields":[100,0],"id":143091130433537,"type":106}
@nix {"action":"result","fields":[0,0,0,0],"id":143091130433538,"type":105}
@nix {"action":"result","fields":[0,0,0,0],"id":143091130433539,"type":105}
@nix {"action":"result","fields":[101,0],"id":143091130433537,"type":106}
@nix {"action":"result","fields":[100,0],"id":143091130433537,"type":106}
@nix {"action":"result","fields":[0,0,0,0],"id":143091130433538,"type":105}
@nix {"action":"result","fields":[0,0,0,0],"id":143091130433539,"type":105}
@nix {"action":"result","fields":[101,0],"id":143091130433537,"type":106}
@nix {"action":"result","fields":[100,0],"id":143091130433537,"type":106}
@nix {"action":"result","fields":[0,0,0,0],"id":143091130433538,"type":105}
@nix {"action":"result","fields":[0,0,0,0],"id":143091130433539,"type":105}
@nix {"action":"result","fields":[101,0],"id":143091130433537,"type":106}
@nix {"action":"result","fields":[100,0],"id":143091130433537,"type":106}
@nix {"action":"result","fields":[0,0,0,0],"id":143091130433538,"type":105}
@nix {"action":"result","fields":[0,0,0,0],"id":143091130433539,"type":105}
@nix {"action":"result","fields":[101,0],"id":143091130433537,"type":106}
@nix {"action":"result","fields":[100,0],"id":143091130433537,"type":106}
@nix {"action":"result","fields":[0,0,0,0],"id":143091130433538,"type":105}
@nix {"action":"result","fields":[0,0,0,0],"id":143091130433539,"type":105}
@nix {"action":"result","fields":[101,0],"id":143091130433537,"type":106}
@nix {"action":"result","fields":[100,0],"id":143091130433537,"type":106}
@nix {"action":"result","fields":[0,0,0,0],"id":143091130433538,"type":105}
@nix {"action":"result","fields":[0,0,0,0],"id":143091130433539,"type":105}
@nix {"action":"result","fields":[101,0],"id":143091130433537,"type":106}
@nix {"action":"result","fields":[100,0],"id":143091130433537,"type":106}
@nix {"action":"result","fields":[0,0,0,0],"id":143091130433538,"type":105}
@nix {"action":"result","fields":[0,0,0,0],"id":143091130433539,"type":105}
@nix {"action":"result","fields":[101,0],"id":143091130433537,"type":106}
@nix {"action":"result","fields":[100,0],"id":143091130433537,"type":106}
@nix {"action":"result","fields":[0,0,0,0],"id":143091130433538,"type":105}
@nix {"action":"result","fields":[0,0,0,0],"id":143091130433539,"type":105}
@nix {"action":"result","fields":[101,0],"id":143091130433537,"type":106}
@nix {"action":"result","fields":[100,0],"id":143091130433537,"type":106}
@nix {"action":"result","fields":[0,0,0,0],"id":143091130433538,"type":105}
@nix {"action":"result","fields":[0,0,0,0],"id":143091130433539,"type":105}
@nix {"action":"result","fields":[101,0],"id":143091130433537,"type":106}
@nix {"action":"result","fields":[100,0],"id":143091130433537,"type":106}
@nix {"action":"result","fields":[0,0,0,0],"id":143091130433538,"type":105}
@nix {"action":"result","fields":[0,0,0,0],"id":143091130433539,"type":105}
@nix {"action":"result","fields":[101,0],"id":143091130433537,"type":106}
@nix {"action":"result","fields":[100,0],"id":143091130433537,"type":106}
@nix {"action":"result","fields":[0,0,0,0],"id":143091130433538,"type":105}
@nix {"action":"result","fields":[0,0,0,0],"id":143091130433539,"type":105}
@nix {"action":"result","fields":[101,0],"id":143091130433537,"type":106}
@nix {"action":"result","fields":[100,0],"id":143091130433537,"type":106}
@nix {"action":"result","fields":[0,0,0,0],"id":143091130433538,"type":105}
@nix {"action":"result","fields":[0,0,0,0],"id":143091130433539,"type":105}
@nix {"action":"result","fields":[101,0],"id":143091130433537,"type":106}
@nix {"action":"result","fields":[100,0],"id":143091130433537,"type":106}
@nix {"action":"result","fields":[0,0,0,0],"id":143091130433538,"type":105}
@nix {"action":"result","fields":[0,0,0,0],"id":143091130433539,"type":105}
@nix {"action":"result","fields":[101,0],"id":143091130433537,"type":106}
@nix {"action":"result","fields":[100,0],"id":143091130433537,"type":106}
@nix {"action":"result","fields":[0,0,0,0],"id":143091130433538,"type":105}
@nix {"action":"result","fields":[0,0,0,0],"id":143091130433539,"type":105}
@nix {"action":"result","fields":[101,0],"id":143091130433537,"type":106}
@nix {"action":"result","fields":[100,0],"id":143091130433537,"type":106}
@nix {"action":"result","fields":[0,0,0,0],"id":143091130433538,"type":105}
@nix {"action":"result","fields":[0,0,0,0],"id":143091130433539,"type":105}
@nix {"action":"result","fields":[101,0],"id":143091130433537,"type":106}
@nix {"action":"result","fields":[100,0],"id":143091130433537,"type":106}
@nix {"action":"result","fields":[0,0,0,0],"id":143091130433538,"type":105}
@nix {"action":"result","fields":[0,0,0,0],"id":143091130433539,"type":105}
@nix {"action":"result","fields":[101,0],"id":143091130433537,"type":106}
@nix {"action":"result","fields":[100,0],"id":143091130433537,"type":106}
@nix {"action":"result","fields":[0,0,0,0],"id":143091130433538,"type":105}
@nix {"action":"result","fields":[0,0,0,0],"id":143091130433539,"type":105}
@nix {"action":"result","fields":[101,0],"id":143091130433537,"type":106}
@nix {"action":"result","fields":[100,0],"id":143091130433537,"type":106}
@nix {"action":"result","fields":[0,0,0,0],"id":143091130433538,"type":105}
@nix {"action":"result","fields":[0,0,0,0],"id":143091130433539,"type":105}
@nix {"action":"result","fields":[101,0],"id":143091130433537,"type":106}
@nix {"action":"result","fields":[100,0],"id":143091130433537,"type":106}
@nix {"action":"result","fields":[0,0,0,0],"id":143091130433538,"type":105}
@nix {"action":"result","fields":[0,0,0,0],"id":143091130433539,"type":105}
@nix {"action":"result","fields":[101,0],"id":143091130433537,"type":106}
@nix {"action":"result","fields":[100,0],"id":143091130433537,"type":106}
@nix {"action":"result","fields":[0,0,0,0],"id":143091130433538,"type":105}
@nix {"action":"result","fields":[0,0,0,0],"id":143091130433539,"type":105}
@nix {"action":"result","fields":[101,0],"id":143091130433537,"type":106}
@nix {"action":"result","fields":[100,0],"id":143091130433537,"type":106}
@nix {"action":"result","fields":[0,0,0,0],"id":143091130433538,"type":105}
@nix {"action":"result","fields":[0,0,0,0],"id":143091130433539,"type":105}
@nix {"action":"result","fields":[101,0],"id":143091130433537,"type":106}
@nix {"action":"result","fields":[100,0],"id":143091130433537,"type":106}
@nix {"action":"result","fields":[0,0,0,0],"id":143091130433538,"type":105}
@nix {"action":"result","fields":[0,0,0,0],"id":143091130433539,"type":105}
@nix {"action":"result","fields":[101,0],"id":143091130433537,"type":106}
@nix {"action":"result","fields":[100,0],"id":143091130433537,"type":106}
@nix {"action":"result","fields":[0,0,0,0],"id":143091130433538,"type":105}
@nix {"action":"result","fields":[0,0,0,0],"id":143091130433539,"type":105}
@nix {"action":"result","fields":[101,0],"id":143091130433537,"type":106}
@nix {"action":"result","fields":[100,0],"id":143091130433537,"type":106}
@nix {"action":"result","fields":[0,0,0,0],"id":143091130433538,"type":105}
@nix {"action":"result","fields":[0,0,0,0],"id":143091130433539,"type":105}
@nix {"action":"result","fields":[101,0],"id":143091130433537,"type":106}
@nix {"action":"result","fields":[100,0],"id":143091130433537,"type":106}
@nix {"action":"result","fields":[0,0,0,0],"id":143091130433538,"type":105}
@nix {"action":"result","fields":[0,0,0,0],"id":143091130433539,"type":105}
@nix {"action":"result","fields":[101,0],"id":143091130433537,"type":106}
@nix {"action":"result","fields":[100,0],"id":143091130433537,"type":106}
@nix {"action":"result","fields":[0,0,0,0],"id":143091130433538,"type":105}
@nix {"action":"result","fields":[0,0,0,0],"id":143091130433539,"type":105}
@nix {"action":"result","fields":[101,0],"id":143091130433537,"type":106}
@nix {"action":"result","fields":[100,0],"id":143091130433537,"type":106}
@nix {"action":"result","fields":[0,0,0,0],"id":143091130433538,"type":105}
@nix {"action":"result","fields":[0,0,0,0],"id":143091130433539,"type":105}
@nix {"action":"result","fields":[101,0],"id":143091130433537,"type":106}
@nix {"action":"result","fields":[100,0],"id":143091130433537,"type":106}
@nix {"action":"result","fields":[0,0,0,0],"id":143091130433538,"type":105}
@nix {"action":"result","fields":[0,0,0,0],"id":143091130433539,"type":105}
@nix {"action":"result","fields":[101,0],"id":143091130433537,"type":106}
@nix {"action":"result","fields":[100,0],"id":143091130433537,"type":106}
@nix {"action":"result","fields":[0,0,0,0],"id":143091130433538,"type":105}
@nix {"action":"result","fields":[0,0,0,0],"id":143091130433539,"type":105}
@nix {"action":"result","fields":[101,0],"id":143091130433537,"type":106}
@nix {"action":"result","fields":[100,0],"id":143091130433537,"type":106}
@nix {"action":"result","fields":[0,0,0,0],"id":143091130433538,"type":105}
@nix {"action":"result","fields":[0,0,0,0],"id":143091130433539,"type":105}
@nix {"action":"result","fields":[101,0],"id":143091130433537,"type":106}
@nix {"action":"result","fields":[100,0],"id":143091130433537,"type":106}
@nix {"action":"result","fields":[0,0,0,0],"id":143091130433538,"type":105}
@nix {"action":"result","fields":[0,0,0,0],"id":143091130433539,"type":105}
@nix {"action":"result","fields":[101,0],"id":143091130433537,"type":106}
@nix {"action":"result","fields":[100,0],"id":143091130433537,"type":106}
@nix {"action":"result","fields":[0,0,0,0],"id":143091130433538,"type":105}
@nix {"action":"result","fields":[0,0,0,0],"id":143091130433539,"type":105}
@nix {"action":"result","fields":[101,0],"id":143091130433537,"type":106}
@nix {"action":"result","fields":[100,0],"id":143091130433537,"type":106}
@nix {"action":"result","fields":[0,0,0,0],"id":143091130433538,"type":105}
@nix {"action":"result","fields":[0,0,0,0],"id":143091130433539,"type":105}
@nix {"action":"result","fields":[101,0],"id":143091130433537,"type":106}
@nix {"action":"result","fields":[100,0],"id":143091130433537,"type":106}
@nix {"action":"result","fields":[0,0,0,0],"id":143091130433538,"type":105}
@nix {"action":"result","fields":[0,0,0,0],"id":143091130433539,"type":105}
@nix {"action":"result","fields":[101,0],"id":143091130433537,"type":106}
@nix {"action":"result","fields":[100,0],"id":143091130433537,"type":106}
@nix {"action":"result","fields":[0,0,0,0],"id":143091130433538,"type":105}
@nix {"action":"result","fields":[0,0,0,0],"id":143091130433539,"type":105}
@nix {"action":"result","fields":[101,0],"id":143091130433537,"type":106}
@nix {"action":"result","fields":[100,0],"id":143091130433537,"type":106}
@nix {"action":"result","fields":[0,1,0,0],"id":143091130433538,"type":105}
@nix {"action":"result","fields":[0,0,0,0],"id":143091130433539,"type":105}
@nix {"action":"result","fields":[101,0],"id":143091130433537,"type":106}
@nix {"action":"result","fields":[100,0],"id":143091130433537,"type":106}
@nix {"action":"result","fields":[0,2,0,0],"id":143091130433538,"type":105}
@nix {"action":"result","fields":[0,0,0,0],"id":143091130433539,"type":105}
@nix {"action":"result","fields":[101,0],"id":143091130433537,"type":106}
@nix {"action":"result","fields":[100,0],"id":143091130433537,"type":106}
@nix {"action":"result","fields":[0,3,0,0],"id":143091130433538,"type":105}
@nix {"action":"result","fields":[0,0,0,0],"id":143091130433539,"type":105}
@nix {"action":"result","fields":[101,0],"id":143091130433537,"type":106}
@nix {"action":"result","fields":[100,0],"id":143091130433537,"type":106}
@nix {"action":"result","fields":[0,4,0,0],"id":143091130433538,"type":105}
@nix {"action":"result","fields":[0,0,0,0],"id":143091130433539,"type":105}
@nix {"action":"result","fields":[101,0],"id":143091130433537,"type":106}
@nix {"action":"result","fields":[100,0],"id":143091130433537,"type":106}
@nix {"action":"result","fields":[0,5,0,0],"id":143091130433538,"type":105}
@nix {"action":"result","fields":[0,0,0,0],"id":143091130433539,"type":105}
@nix {"action":"result","fields":[101,0],"id":143091130433537,"type":106}
@nix {"action":"result","fields":[100,0],"id":143091130433537,"type":106}
@nix {"action":"result","fields":[0,6,0,0],"id":143091130433538,"type":105}
@nix {"action":"result","fields":[0,0,0,0],"id":143091130433539,"type":105}
@nix {"action":"result","fields":[101,0],"id":143091130433537,"type":106}
@nix {"action":"result","fields":[100,0],"id":143091130433537,"type":106}
@nix {"action":"result","fields":[0,7,0,0],"id":143091130433538,"type":105}
@nix {"action":"result","fields":[0,0,0,0],"id":143091130433539,"type":105}
@nix {"action":"result","fields":[101,0],"id":143091130433537,"type":106}
@nix {"action":"result","fields":[100,0],"id":143091130433537,"type":106}
@nix {"action":"result","fields":[0,8,0,0],"id":143091130433538,"type":105}
@nix {"action":"result","fields":[0,0,0,0],"id":143091130433539,"type":105}
@nix {"action":"result","fields":[101,0],"id":143091130433537,"type":106}
@nix {"action":"result","fields":[100,0],"id":143091130433537,"type":106}
@nix {"action":"result","fields":[0,9,0,0],"id":143091130433538,"type":105}
@nix {"action":"result","fields":[0,0,0,0],"id":143091130433539,"type":105}
@nix {"action":"result","fields":[101,0],"id":143091130433537,"type":106}
@nix {"action":"result","fields":[100,0],"id":143091130433537,"type":106}
@nix {"action":"result","fields":[0,10,0,0],"id":143091130433538,"type":105}
@nix {"action":"result","fields":[0,0,0,0],"id":143091130433539,"type":105}
@nix {"action":"result","fields":[101,0],"id":143091130433537,"type":106}
@nix {"action":"result","fields":[100,0],"id":143091130433537,"type":106}
@nix {"action":"result","fields":[0,11,0,0],"id":143091130433538,"type":105}
@nix {"action":"result","fields":[0,0,0,0],"id":143091130433539,"type":105}
@nix {"action":"result","fields":[101,0],"id":143091130433537,"type":106}
@nix {"action":"result","fields":[100,0],"id":143091130433537,"type":106}
@nix {"action":"result","fields":[0,12,0,0],"id":143091130433538,"type":105}
@nix {"action":"result","fields":[0,0,0,0],"id":143091130433539,"type":105}
@nix {"action":"result","fields":[101,0],"id":143091130433537,"type":106}
@nix {"action":"result","fields":[100,0],"id":143091130433537,"type":106}
@nix {"action":"result","fields":[0,13,0,0],"id":143091130433538,"type":105}
@nix {"action":"result","fields":[0,0,0,0],"id":143091130433539,"type":105}
@nix {"action":"result","fields":[101,0],"id":143091130433537,"type":106}
@nix {"action":"result","fields":[100,0],"id":143091130433537,"type":106}
@nix {"action":"result","fields":[0,14,0,0],"id":143091130433538,"type":105}
@nix {"action":"result","fields":[0,0,0,0],"id":143091130433539,"type":105}
@nix {"action":"result","fields":[101,0],"id":143091130433537,"type":106}
@nix {"action":"result","fields":[100,0],"id":143091130433537,"type":106}
@nix {"action":"result","fields":[0,15,0,0],"id":143091130433538,"type":105}
@nix {"action":"result","fields":[0,0,0,0],"id":143091130433539,"type":105}
@nix {"action":"result","fields":[101,0],"id":143091130433537,"type":106}
@nix {"action":"result","fields":[100,0],"id":143091130433537,"type":106}
@nix {"action":"result","fields":[0,16,0,0],"id":143091130433538,"type":105}
@nix {"action":"result","fields":[0,0,0,0],"id":143091130433539,"type":105}
@nix {"action":"result","fields":[101,0],"id":143091130433537,"type":106}
@nix {"action":"result","fields":[100,0],"id":143091130433537,"type":106}
@nix {"action":"result","fields":[0,17,0,0],"id":143091130433538,"type":105}
@nix {"action":"result","fields":[0,0,0,0],"id":143091130433539,"type":105}
@nix {"action":"result","fields":[101,0],"id":143091130433537,"type":106}
@nix {"action":"result","fields":[100,0],"id":143091130433537,"type":106}
@nix {"action":"result","fields":[0,18,0,0],"id":143091130433538,"type":105}
@nix {"action":"result","fields":[0,0,0,0],"id":143091130433539,"type":105}
@nix {"action":"result","fields":[101,0],"id":143091130433537,"type":106}
@nix {"action":"result","fields":[100,0],"id":143091130433537,"type":106}
@nix {"action":"result","fields":[0,19,0,0],"id":143091130433538,"type":105}
@nix {"action":"result","fields":[0,0,0,0],"id":143091130433539,"type":105}
@nix {"action":"result","fields":[101,0],"id":143091130433537,"type":106}
@nix {"action":"result","fields":[100,0],"id":143091130433537,"type":106}
@nix {"action":"result","fields":[0,20,0,0],"id":143091130433538,"type":105}
@nix {"action":"result","fields":[0,0,0,0],"id":143091130433539,"type":105}
@nix {"action":"result","fields":[101,0],"id":143091130433537,"type":106}
@nix {"action":"result","fields":[100,0],"id":143091130433537,"type":106}
@nix {"action":"result","fields":[0,21,0,0],"id":143091130433538,"type":105}
@nix {"action":"result","fields":[0,0,0,0],"id":143091130433539,"type":105}
@nix {"action":"result","fields":[101,0],"id":143091130433537,"type":106}
@nix {"action":"result","fields":[100,0],"id":143091130433537,"type":106}
@nix {"action":"result","fields":[0,22,0,0],"id":143091130433538,"type":105}
@nix {"action":"result","fields":[0,0,0,0],"id":143091130433539,"type":105}
@nix {"action":"result","fields":[101,0],"id":143091130433537,"type":106}
@nix {"action":"result","fields":[100,0],"id":143091130433537,"type":106}
@nix {"action":"result","fields":[0,23,0,0],"id":143091130433538,"type":105}
@nix {"action":"result","fields":[0,0,0,0],"id":143091130433539,"type":105}
@nix {"action":"result","fields":[101,0],"id":143091130433537,"type":106}
@nix {"action":"result","fields":[100,0],"id":143091130433537,"type":106}
@nix {"action":"result","fields":[0,24,0,0],"id":143091130433538,"type":105}
@nix {"action":"result","fields":[0,0,0,0],"id":143091130433539,"type":105}
@nix {"action":"result","fields":[101,0],"id":143091130433537,"type":106}
@nix {"action":"result","fields":[100,0],"id":143091130433537,"type":106}
@nix {"action":"result","fields":[0,25,0,0],"id":143091130433538,"type":105}
@nix {"action":"result","fields":[0,0,0,0],"id":143091130433539,"type":105}
@nix {"action":"result","fields":[101,0],"id":143091130433537,"type":106}
@nix {"action":"result","fields":[100,0],"id":143091130433537,"type":106}
@nix {"action":"result","fields":[0,26,0,0],"id":143091130433538,"type":105}
@nix {"action":"result","fields":[0,0,0,0],"id":143091130433539,"type":105}
@nix {"action":"result","fields":[101,0],"id":143091130433537,"type":106}
@nix {"action":"result","fields":[100,0],"id":143091130433537,"type":106}
@nix {"action":"result","fields":[0,27,0,0],"id":143091130433538,"type":105}
@nix {"action":"result","fields":[0,0,0,0],"id":143091130433539,"type":105}
@nix {"action":"result","fields":[101,0],"id":143091130433537,"type":106}
@nix {"action":"result","fields":[100,0],"id":143091130433537,"type":106}
@nix {"action":"result","fields":[0,28,0,0],"id":143091130433538,"type":105}
@nix {"action":"result","fields":[0,0,0,0],"id":143091130433539,"type":105}
@nix {"action":"result","fields":[101,0],"id":143091130433537,"type":106}
@nix {"action":"result","fields":[100,0],"id":143091130433537,"type":106}
@nix {"action":"result","fields":[0,29,0,0],"id":143091130433538,"type":105}
@nix {"action":"result","fields":[0,0,0,0],"id":143091130433539,"type":105}
@nix {"action":"result","fields":[101,0],"id":143091130433537,"type":106}
@nix {"action":"result","fields":[100,0],"id":143091130433537,"type":106}
@nix {"action":"result","fields":[0,30,0,0],"id":143091130433538,"type":105}
@nix {"action":"result","fields":[0,0,0,0],"id":143091130433539,"type":105}
@nix {"action":"result","fields":[101,0],"id":143091130433537,"type":106}
@nix {"action":"result","fields":[100,0],"id":143091130433537,"type":106}
@nix {"action":"result","fields":[0,31,0,0],"id":143091130433538,"type":105}
@nix {"action":"result","fields":[0,0,0,0],"id":143091130433539,"type":105}
@nix {"action":"result","fields":[101,0],"id":143091130433537,"type":106}
@nix {"action":"result","fields":[100,0],"id":143091130433537,"type":106}
@nix {"action":"result","fields":[0,32,0,0],"id":143091130433538,"type":105}
@nix {"action":"result","fields":[0,0,0,0],"id":143091130433539,"type":105}
@nix {"action":"result","fields":[101,0],"id":143091130433537,"type":106}
@nix {"action":"result","fields":[100,0],"id":143091130433537,"type":106}
@nix {"action":"start","fields":["/tmp/obrador-shared-pins-linux/round-3-retry-baseline/wide-round-1-jobs-8/store/z8bzd4hyslw0vsnqigg0lrqc13qnx0ly-leaf-0.drv.drv","",1,1],"id":143091130433540,"level":3,"parent":0,"text":"building '/tmp/obrador-shared-pins-linux/round-3-retry-baseline/wide-round-1-jobs-8/store/z8bzd4hyslw0vsnqigg0lrqc13qnx0ly-leaf-0.drv.drv'","type":105}
@nix {"action":"result","fields":[0,32,1,0],"id":143091130433538,"type":105}
@nix {"action":"result","fields":[0,0,0,0],"id":143091130433539,"type":105}
@nix {"action":"result","fields":[101,0],"id":143091130433537,"type":106}
@nix {"action":"result","fields":[100,0],"id":143091130433537,"type":106}
@nix {"action":"start","fields":["/tmp/obrador-shared-pins-linux/round-3-retry-baseline/wide-round-1-jobs-8/store/71fdkrnj0fmmq9ki2h5mgmrvqz5n5mn9-leaf-1.drv.drv","",1,1],"id":143091130433541,"level":3,"parent":0,"text":"building '/tmp/obrador-shared-pins-linux/round-3-retry-baseline/wide-round-1-jobs-8/store/71fdkrnj0fmmq9ki2h5mgmrvqz5n5mn9-leaf-1.drv.drv'","type":105}
@nix {"action":"result","fields":[0,32,2,0],"id":143091130433538,"type":105}
@nix {"action":"result","fields":[0,0,0,0],"id":143091130433539,"type":105}
@nix {"action":"result","fields":[101,0],"id":143091130433537,"type":106}
@nix {"action":"result","fields":[100,0],"id":143091130433537,"type":106}
@nix {"action":"start","fields":["/tmp/obrador-shared-pins-linux/round-3-retry-baseline/wide-round-1-jobs-8/store/ywxypkg5cadis8q7a4470qlb6gvjp5lv-leaf-10.drv.drv","",1,1],"id":143091130433542,"level":3,"parent":0,"text":"building '/tmp/obrador-shared-pins-linux/round-3-retry-baseline/wide-round-1-jobs-8/store/ywxypkg5cadis8q7a4470qlb6gvjp5lv-leaf-10.drv.drv'","type":105}
@nix {"action":"result","fields":[0,32,3,0],"id":143091130433538,"type":105}
@nix {"action":"result","fields":[0,0,0,0],"id":143091130433539,"type":105}
@nix {"action":"result","fields":[101,0],"id":143091130433537,"type":106}
@nix {"action":"result","fields":[100,0],"id":143091130433537,"type":106}
@nix {"action":"start","fields":["/tmp/obrador-shared-pins-linux/round-3-retry-baseline/wide-round-1-jobs-8/store/wql1sk7awgwaaqlszzjp15s24yawyz9a-leaf-11.drv.drv","",1,1],"id":143091130433543,"level":3,"parent":0,"text":"building '/tmp/obrador-shared-pins-linux/round-3-retry-baseline/wide-round-1-jobs-8/store/wql1sk7awgwaaqlszzjp15s24yawyz9a-leaf-11.drv.drv'","type":105}
@nix {"action":"result","fields":[0,32,4,0],"id":143091130433538,"type":105}
@nix {"action":"result","fields":[0,0,0,0],"id":143091130433539,"type":105}
@nix {"action":"result","fields":[101,0],"id":143091130433537,"type":106}
@nix {"action":"result","fields":[100,0],"id":143091130433537,"type":106}
@nix {"action":"start","fields":["/tmp/obrador-shared-pins-linux/round-3-retry-baseline/wide-round-1-jobs-8/store/1mcpkvjzh3lf659wx54hcyzd4vj42ihi-leaf-12.drv.drv","",1,1],"id":143091130433544,"level":3,"parent":0,"text":"building '/tmp/obrador-shared-pins-linux/round-3-retry-baseline/wide-round-1-jobs-8/store/1mcpkvjzh3lf659wx54hcyzd4vj42ihi-leaf-12.drv.drv'","type":105}
@nix {"action":"result","fields":[0,32,5,0],"id":143091130433538,"type":105}
@nix {"action":"result","fields":[0,0,0,0],"id":143091130433539,"type":105}
@nix {"action":"result","fields":[101,0],"id":143091130433537,"type":106}
@nix {"action":"result","fields":[100,0],"id":143091130433537,"type":106}
@nix {"action":"start","fields":["/tmp/obrador-shared-pins-linux/round-3-retry-baseline/wide-round-1-jobs-8/store/bf3f8jghfllhmx0903qv16rb7cy69k45-leaf-13.drv.drv","",1,1],"id":143091130433545,"level":3,"parent":0,"text":"building '/tmp/obrador-shared-pins-linux/round-3-retry-baseline/wide-round-1-jobs-8/store/bf3f8jghfllhmx0903qv16rb7cy69k45-leaf-13.drv.drv'","type":105}
@nix {"action":"result","fields":[0,32,6,0],"id":143091130433538,"type":105}
@nix {"action":"result","fields":[0,0,0,0],"id":143091130433539,"type":105}
@nix {"action":"result","fields":[101,0],"id":143091130433537,"type":106}
@nix {"action":"result","fields":[100,0],"id":143091130433537,"type":106}
@nix {"action":"start","fields":["/tmp/obrador-shared-pins-linux/round-3-retry-baseline/wide-round-1-jobs-8/store/qxa0rf7lmwisvjfaqhkvwllkx5h4h3lb-leaf-14.drv.drv","",1,1],"id":143091130433546,"level":3,"parent":0,"text":"building '/tmp/obrador-shared-pins-linux/round-3-retry-baseline/wide-round-1-jobs-8/store/qxa0rf7lmwisvjfaqhkvwllkx5h4h3lb-leaf-14.drv.drv'","type":105}
@nix {"action":"result","fields":[0,32,7,0],"id":143091130433538,"type":105}
@nix {"action":"result","fields":[0,0,0,0],"id":143091130433539,"type":105}
@nix {"action":"result","fields":[101,0],"id":143091130433537,"type":106}
@nix {"action":"result","fields":[100,0],"id":143091130433537,"type":106}
@nix {"action":"start","fields":["/tmp/obrador-shared-pins-linux/round-3-retry-baseline/wide-round-1-jobs-8/store/7rml8pxfxnvw834xgw17388mllbbjikn-leaf-15.drv.drv","",1,1],"id":143091130433547,"level":3,"parent":0,"text":"building '/tmp/obrador-shared-pins-linux/round-3-retry-baseline/wide-round-1-jobs-8/store/7rml8pxfxnvw834xgw17388mllbbjikn-leaf-15.drv.drv'","type":105}
@nix {"action":"result","fields":[0,32,8,0],"id":143091130433538,"type":105}
@nix {"action":"result","fields":[0,0,0,0],"id":143091130433539,"type":105}
@nix {"action":"result","fields":[101,0],"id":143091130433537,"type":106}
@nix {"action":"result","fields":[100,0],"id":143091130433537,"type":106}
@nix {"action":"result","fields":[1,33,7,0],"id":143091130433538,"type":105}
@nix {"action":"result","fields":[0,0,0,0],"id":143091130433539,"type":105}
@nix {"action":"result","fields":[101,0],"id":143091130433537,"type":106}
@nix {"action":"result","fields":[100,0],"id":143091130433537,"type":106}
@nix {"action":"stop","id":143091130433540}
@nix {"action":"result","fields":[2,34,6,0],"id":143091130433538,"type":105}
@nix {"action":"result","fields":[0,0,0,0],"id":143091130433539,"type":105}
@nix {"action":"result","fields":[101,0],"id":143091130433537,"type":106}
@nix {"action":"result","fields":[100,0],"id":143091130433537,"type":106}
@nix {"action":"stop","id":143091130433541}
@nix {"action":"result","fields":[3,35,5,0],"id":143091130433538,"type":105}
@nix {"action":"result","fields":[0,0,0,0],"id":143091130433539,"type":105}
@nix {"action":"result","fields":[101,0],"id":143091130433537,"type":106}
@nix {"action":"result","fields":[100,0],"id":143091130433537,"type":106}
@nix {"action":"stop","id":143091130433542}
@nix {"action":"result","fields":[4,36,4,0],"id":143091130433538,"type":105}
@nix {"action":"result","fields":[0,0,0,0],"id":143091130433539,"type":105}
@nix {"action":"result","fields":[101,0],"id":143091130433537,"type":106}
@nix {"action":"result","fields":[100,0],"id":143091130433537,"type":106}
@nix {"action":"stop","id":143091130433543}
@nix {"action":"result","fields":[5,37,3,0],"id":143091130433538,"type":105}
@nix {"action":"result","fields":[0,0,0,0],"id":143091130433539,"type":105}
@nix {"action":"result","fields":[101,0],"id":143091130433537,"type":106}
@nix {"action":"result","fields":[100,0],"id":143091130433537,"type":106}
@nix {"action":"stop","id":143091130433544}
@nix {"action":"result","fields":[6,38,2,0],"id":143091130433538,"type":105}
@nix {"action":"result","fields":[0,0,0,0],"id":143091130433539,"type":105}
@nix {"action":"result","fields":[101,0],"id":143091130433537,"type":106}
@nix {"action":"result","fields":[100,0],"id":143091130433537,"type":106}
@nix {"action":"stop","id":143091130433545}
@nix {"action":"result","fields":[7,39,1,0],"id":143091130433538,"type":105}
@nix {"action":"result","fields":[0,0,0,0],"id":143091130433539,"type":105}
@nix {"action":"result","fields":[101,0],"id":143091130433537,"type":106}
@nix {"action":"result","fields":[100,0],"id":143091130433537,"type":106}
@nix {"action":"stop","id":143091130433546}
@nix {"action":"start","fields":["/tmp/obrador-shared-pins-linux/round-3-retry-baseline/wide-round-1-jobs-8/store/b23s94dd876fs5nhwvrcx9gc7av8i94f-leaf-31.drv.drv","",1,1],"id":143091130433548,"level":3,"parent":0,"text":"building '/tmp/obrador-shared-pins-linux/round-3-retry-baseline/wide-round-1-jobs-8/store/b23s94dd876fs5nhwvrcx9gc7av8i94f-leaf-31.drv.drv'","type":105}
@nix {"action":"result","fields":[7,32,2,0],"id":143091130433538,"type":105}
@nix {"action":"result","fields":[0,0,0,0],"id":143091130433539,"type":105}
@nix {"action":"result","fields":[101,0],"id":143091130433537,"type":106}
@nix {"action":"result","fields":[100,0],"id":143091130433537,"type":106}
@nix {"action":"start","fields":["/tmp/obrador-shared-pins-linux/round-3-retry-baseline/wide-round-1-jobs-8/store/gzafr3iswzr6pcx2d3vp9l2axjlkx6g0-leaf-4.drv.drv","",1,1],"id":143091130433549,"level":3,"parent":0,"text":"building '/tmp/obrador-shared-pins-linux/round-3-retry-baseline/wide-round-1-jobs-8/store/gzafr3iswzr6pcx2d3vp9l2axjlkx6g0-leaf-4.drv.drv'","type":105}
@nix {"action":"result","fields":[7,32,3,0],"id":143091130433538,"type":105}
@nix {"action":"result","fields":[0,0,0,0],"id":143091130433539,"type":105}
@nix {"action":"result","fields":[101,0],"id":143091130433537,"type":106}
@nix {"action":"result","fields":[100,0],"id":143091130433537,"type":106}
@nix {"action":"start","fields":["/tmp/obrador-shared-pins-linux/round-3-retry-baseline/wide-round-1-jobs-8/store/i85r8am2j9dfzskbnibmjs3hma75xfp2-leaf-5.drv.drv","",1,1],"id":143091130433550,"level":3,"parent":0,"text":"building '/tmp/obrador-shared-pins-linux/round-3-retry-baseline/wide-round-1-jobs-8/store/i85r8am2j9dfzskbnibmjs3hma75xfp2-leaf-5.drv.drv'","type":105}
@nix {"action":"result","fields":[7,32,4,0],"id":143091130433538,"type":105}
@nix {"action":"result","fields":[0,0,0,0],"id":143091130433539,"type":105}
@nix {"action":"result","fields":[101,0],"id":143091130433537,"type":106}
@nix {"action":"result","fields":[100,0],"id":143091130433537,"type":106}
@nix {"action":"start","fields":["/tmp/obrador-shared-pins-linux/round-3-retry-baseline/wide-round-1-jobs-8/store/1dgw8cqgxl5g83fr79qi0g266s8la6bz-leaf-6.drv.drv","",1,1],"id":143091130433551,"level":3,"parent":0,"text":"building '/tmp/obrador-shared-pins-linux/round-3-retry-baseline/wide-round-1-jobs-8/store/1dgw8cqgxl5g83fr79qi0g266s8la6bz-leaf-6.drv.drv'","type":105}
@nix {"action":"result","fields":[7,32,5,0],"id":143091130433538,"type":105}
@nix {"action":"result","fields":[0,0,0,0],"id":143091130433539,"type":105}
@nix {"action":"result","fields":[101,0],"id":143091130433537,"type":106}
@nix {"action":"result","fields":[100,0],"id":143091130433537,"type":106}
@nix {"action":"start","fields":["/tmp/obrador-shared-pins-linux/round-3-retry-baseline/wide-round-1-jobs-8/store/v5pxjhngvm1c80d5rcis3q6bikwj2y15-leaf-7.drv.drv","",1,1],"id":143091130433552,"level":3,"parent":0,"text":"building '/tmp/obrador-shared-pins-linux/round-3-retry-baseline/wide-round-1-jobs-8/store/v5pxjhngvm1c80d5rcis3q6bikwj2y15-leaf-7.drv.drv'","type":105}
@nix {"action":"result","fields":[7,32,6,0],"id":143091130433538,"type":105}
@nix {"action":"result","fields":[0,0,0,0],"id":143091130433539,"type":105}
@nix {"action":"result","fields":[101,0],"id":143091130433537,"type":106}
@nix {"action":"result","fields":[100,0],"id":143091130433537,"type":106}
@nix {"action":"start","fields":["/tmp/obrador-shared-pins-linux/round-3-retry-baseline/wide-round-1-jobs-8/store/43yavxp7lc2nli5bln0z7r82d5h9cxr2-leaf-8.drv.drv","",1,1],"id":143091130433553,"level":3,"parent":0,"text":"building '/tmp/obrador-shared-pins-linux/round-3-retry-baseline/wide-round-1-jobs-8/store/43yavxp7lc2nli5bln0z7r82d5h9cxr2-leaf-8.drv.drv'","type":105}
@nix {"action":"result","fields":[7,32,7,0],"id":143091130433538,"type":105}
@nix {"action":"result","fields":[0,0,0,0],"id":143091130433539,"type":105}
@nix {"action":"result","fields":[101,0],"id":143091130433537,"type":106}
@nix {"action":"result","fields":[100,0],"id":143091130433537,"type":106}
@nix {"action":"start","fields":["/tmp/obrador-shared-pins-linux/round-3-retry-baseline/wide-round-1-jobs-8/store/n85g5x3jf52kwgq089k2c65mmx607q60-leaf-9.drv.drv","",1,1],"id":143091130433554,"level":3,"parent":0,"text":"building '/tmp/obrador-shared-pins-linux/round-3-retry-baseline/wide-round-1-jobs-8/store/n85g5x3jf52kwgq089k2c65mmx607q60-leaf-9.drv.drv'","type":105}
@nix {"action":"result","fields":[7,32,8,0],"id":143091130433538,"type":105}
@nix {"action":"result","fields":[0,0,0,0],"id":143091130433539,"type":105}
@nix {"action":"result","fields":[101,0],"id":143091130433537,"type":106}
@nix {"action":"result","fields":[100,0],"id":143091130433537,"type":106}
@nix {"action":"result","fields":[7,33,8,0],"id":143091130433538,"type":105}
@nix {"action":"result","fields":[0,0,0,0],"id":143091130433539,"type":105}
@nix {"action":"result","fields":[101,0],"id":143091130433537,"type":106}
@nix {"action":"result","fields":[100,0],"id":143091130433537,"type":106}
@nix {"action":"result","fields":[7,34,8,0],"id":143091130433538,"type":105}
@nix {"action":"result","fields":[0,0,0,0],"id":143091130433539,"type":105}
@nix {"action":"result","fields":[101,0],"id":143091130433537,"type":106}
@nix {"action":"result","fields":[100,0],"id":143091130433537,"type":106}
@nix {"action":"result","fields":[7,35,8,0],"id":143091130433538,"type":105}
@nix {"action":"result","fields":[0,0,0,0],"id":143091130433539,"type":105}
@nix {"action":"result","fields":[101,0],"id":143091130433537,"type":106}
@nix {"action":"result","fields":[100,0],"id":143091130433537,"type":106}
@nix {"action":"result","fields":[7,36,8,0],"id":143091130433538,"type":105}
@nix {"action":"result","fields":[0,0,0,0],"id":143091130433539,"type":105}
@nix {"action":"result","fields":[101,0],"id":143091130433537,"type":106}
@nix {"action":"result","fields":[100,0],"id":143091130433537,"type":106}
@nix {"action":"result","fields":[7,37,8,0],"id":143091130433538,"type":105}
@nix {"action":"result","fields":[0,0,0,0],"id":143091130433539,"type":105}
@nix {"action":"result","fields":[101,0],"id":143091130433537,"type":106}
@nix {"action":"result","fields":[100,0],"id":143091130433537,"type":106}
@nix {"action":"result","fields":[7,38,8,0],"id":143091130433538,"type":105}
@nix {"action":"result","fields":[0,0,0,0],"id":143091130433539,"type":105}
@nix {"action":"result","fields":[101,0],"id":143091130433537,"type":106}
@nix {"action":"result","fields":[100,0],"id":143091130433537,"type":106}
@nix {"action":"result","fields":[7,39,8,0],"id":143091130433538,"type":105}
@nix {"action":"result","fields":[0,0,0,0],"id":143091130433539,"type":105}
@nix {"action":"result","fields":[101,0],"id":143091130433537,"type":106}
@nix {"action":"result","fields":[100,0],"id":143091130433537,"type":106}
@nix {"action":"result","fields":[8,40,7,0],"id":143091130433538,"type":105}
@nix {"action":"result","fields":[0,0,0,0],"id":143091130433539,"type":105}
@nix {"action":"result","fields":[101,0],"id":143091130433537,"type":106}
@nix {"action":"result","fields":[100,0],"id":143091130433537,"type":106}
@nix {"action":"stop","id":143091130433547}
@nix {"action":"result","fields":[9,41,6,0],"id":143091130433538,"type":105}
@nix {"action":"result","fields":[0,0,0,0],"id":143091130433539,"type":105}
@nix {"action":"result","fields":[101,0],"id":143091130433537,"type":106}
@nix {"action":"result","fields":[100,0],"id":143091130433537,"type":106}
@nix {"action":"stop","id":143091130433548}
@nix {"action":"result","fields":[10,42,5,0],"id":143091130433538,"type":105}
@nix {"action":"result","fields":[0,0,0,0],"id":143091130433539,"type":105}
@nix {"action":"result","fields":[101,0],"id":143091130433537,"type":106}
@nix {"action":"result","fields":[100,0],"id":143091130433537,"type":106}
@nix {"action":"stop","id":143091130433549}
@nix {"action":"result","fields":[11,43,4,0],"id":143091130433538,"type":105}
@nix {"action":"result","fields":[0,0,0,0],"id":143091130433539,"type":105}
@nix {"action":"result","fields":[101,0],"id":143091130433537,"type":106}
@nix {"action":"result","fields":[100,0],"id":143091130433537,"type":106}
@nix {"action":"stop","id":143091130433550}
@nix {"action":"result","fields":[12,44,3,0],"id":143091130433538,"type":105}
@nix {"action":"result","fields":[0,0,0,0],"id":143091130433539,"type":105}
@nix {"action":"result","fields":[101,0],"id":143091130433537,"type":106}
@nix {"action":"result","fields":[100,0],"id":143091130433537,"type":106}
@nix {"action":"stop","id":143091130433551}
@nix {"action":"result","fields":[13,45,2,0],"id":143091130433538,"type":105}
@nix {"action":"result","fields":[0,0,0,0],"id":143091130433539,"type":105}
@nix {"action":"result","fields":[101,0],"id":143091130433537,"type":106}
@nix {"action":"result","fields":[100,0],"id":143091130433537,"type":106}
@nix {"action":"stop","id":143091130433552}
@nix {"action":"result","fields":[14,46,1,0],"id":143091130433538,"type":105}
@nix {"action":"result","fields":[0,0,0,0],"id":143091130433539,"type":105}
@nix {"action":"result","fields":[101,0],"id":143091130433537,"type":106}
@nix {"action":"result","fields":[100,0],"id":143091130433537,"type":106}
@nix {"action":"stop","id":143091130433553}
@nix {"action":"result","fields":[15,47,0,0],"id":143091130433538,"type":105}
@nix {"action":"result","fields":[0,0,0,0],"id":143091130433539,"type":105}
@nix {"action":"result","fields":[101,0],"id":143091130433537,"type":106}
@nix {"action":"result","fields":[100,0],"id":143091130433537,"type":106}
@nix {"action":"stop","id":143091130433554}
@nix {"action":"start","fields":["/tmp/obrador-shared-pins-linux/round-3-retry-baseline/wide-round-1-jobs-8/store/6zw18spgi6g27yx67s3x9qdz29zyv4wk-leaf-0.drv","",1,1],"id":143091130433555,"level":3,"parent":0,"text":"building '/tmp/obrador-shared-pins-linux/round-3-retry-baseline/wide-round-1-jobs-8/store/6zw18spgi6g27yx67s3x9qdz29zyv4wk-leaf-0.drv'","type":105}
@nix {"action":"result","fields":[15,39,1,0],"id":143091130433538,"type":105}
@nix {"action":"result","fields":[0,0,0,0],"id":143091130433539,"type":105}
@nix {"action":"result","fields":[101,0],"id":143091130433537,"type":106}
@nix {"action":"result","fields":[100,0],"id":143091130433537,"type":106}
@nix {"action":"start","fields":["/tmp/obrador-shared-pins-linux/round-3-retry-baseline/wide-round-1-jobs-8/store/3g6wwx8fid3rha7yhf54zp65n2glkmdm-leaf-1.drv","",1,1],"id":143091130433556,"level":3,"parent":0,"text":"building '/tmp/obrador-shared-pins-linux/round-3-retry-baseline/wide-round-1-jobs-8/store/3g6wwx8fid3rha7yhf54zp65n2glkmdm-leaf-1.drv'","type":105}
@nix {"action":"result","fields":[15,39,2,0],"id":143091130433538,"type":105}
@nix {"action":"result","fields":[0,0,0,0],"id":143091130433539,"type":105}
@nix {"action":"result","fields":[101,0],"id":143091130433537,"type":106}
@nix {"action":"result","fields":[100,0],"id":143091130433537,"type":106}
@nix {"action":"start","fields":["/tmp/obrador-shared-pins-linux/round-3-retry-baseline/wide-round-1-jobs-8/store/7hpd5li06ml98vw9kr7xd0rr9y65g0my-leaf-10.drv","",1,1],"id":143091130433557,"level":3,"parent":0,"text":"building '/tmp/obrador-shared-pins-linux/round-3-retry-baseline/wide-round-1-jobs-8/store/7hpd5li06ml98vw9kr7xd0rr9y65g0my-leaf-10.drv'","type":105}
@nix {"action":"result","fields":[15,39,3,0],"id":143091130433538,"type":105}
@nix {"action":"result","fields":[0,0,0,0],"id":143091130433539,"type":105}
@nix {"action":"result","fields":[101,0],"id":143091130433537,"type":106}
@nix {"action":"result","fields":[100,0],"id":143091130433537,"type":106}
@nix {"action":"start","fields":["/tmp/obrador-shared-pins-linux/round-3-retry-baseline/wide-round-1-jobs-8/store/9kymj8mfqcw17v1v7m8j190n284gna6m-leaf-11.drv","",1,1],"id":143091130433558,"level":3,"parent":0,"text":"building '/tmp/obrador-shared-pins-linux/round-3-retry-baseline/wide-round-1-jobs-8/store/9kymj8mfqcw17v1v7m8j190n284gna6m-leaf-11.drv'","type":105}
@nix {"action":"result","fields":[15,39,4,0],"id":143091130433538,"type":105}
@nix {"action":"result","fields":[0,0,0,0],"id":143091130433539,"type":105}
@nix {"action":"result","fields":[101,0],"id":143091130433537,"type":106}
@nix {"action":"result","fields":[100,0],"id":143091130433537,"type":106}
@nix {"action":"start","fields":["/tmp/obrador-shared-pins-linux/round-3-retry-baseline/wide-round-1-jobs-8/store/jy3xxqryg92ziycc5swvycz26ydailk7-leaf-12.drv","",1,1],"id":143091130433559,"level":3,"parent":0,"text":"building '/tmp/obrador-shared-pins-linux/round-3-retry-baseline/wide-round-1-jobs-8/store/jy3xxqryg92ziycc5swvycz26ydailk7-leaf-12.drv'","type":105}
@nix {"action":"result","fields":[15,39,5,0],"id":143091130433538,"type":105}
@nix {"action":"result","fields":[0,0,0,0],"id":143091130433539,"type":105}
@nix {"action":"result","fields":[101,0],"id":143091130433537,"type":106}
@nix {"action":"result","fields":[100,0],"id":143091130433537,"type":106}
@nix {"action":"start","fields":["/tmp/obrador-shared-pins-linux/round-3-retry-baseline/wide-round-1-jobs-8/store/rs3m8m396b71k0gv831sz6p0g9rqfwqs-leaf-13.drv","",1,1],"id":143091130433560,"level":3,"parent":0,"text":"building '/tmp/obrador-shared-pins-linux/round-3-retry-baseline/wide-round-1-jobs-8/store/rs3m8m396b71k0gv831sz6p0g9rqfwqs-leaf-13.drv'","type":105}
@nix {"action":"result","fields":[15,39,6,0],"id":143091130433538,"type":105}
@nix {"action":"result","fields":[0,0,0,0],"id":143091130433539,"type":105}
@nix {"action":"result","fields":[101,0],"id":143091130433537,"type":106}
@nix {"action":"result","fields":[100,0],"id":143091130433537,"type":106}
@nix {"action":"start","fields":["/tmp/obrador-shared-pins-linux/round-3-retry-baseline/wide-round-1-jobs-8/store/5q4wlqas8k4p2v0c190lrgyhffazs6ks-leaf-14.drv","",1,1],"id":143091130433561,"level":3,"parent":0,"text":"building '/tmp/obrador-shared-pins-linux/round-3-retry-baseline/wide-round-1-jobs-8/store/5q4wlqas8k4p2v0c190lrgyhffazs6ks-leaf-14.drv'","type":105}
@nix {"action":"result","fields":[15,39,7,0],"id":143091130433538,"type":105}
@nix {"action":"result","fields":[0,0,0,0],"id":143091130433539,"type":105}
@nix {"action":"result","fields":[101,0],"id":143091130433537,"type":106}
@nix {"action":"result","fields":[100,0],"id":143091130433537,"type":106}
@nix {"action":"start","fields":["/tmp/obrador-shared-pins-linux/round-3-retry-baseline/wide-round-1-jobs-8/store/mlpw02mhlzx50vfw0sk9jiipkv658c2r-leaf-21.drv.drv","",1,1],"id":143091130433562,"level":3,"parent":0,"text":"building '/tmp/obrador-shared-pins-linux/round-3-retry-baseline/wide-round-1-jobs-8/store/mlpw02mhlzx50vfw0sk9jiipkv658c2r-leaf-21.drv.drv'","type":105}
@nix {"action":"result","fields":[15,39,8,0],"id":143091130433538,"type":105}
@nix {"action":"result","fields":[0,0,0,0],"id":143091130433539,"type":105}
@nix {"action":"result","fields":[101,0],"id":143091130433537,"type":106}
@nix {"action":"result","fields":[100,0],"id":143091130433537,"type":106}
@nix {"action":"result","fields":[15,40,8,0],"id":143091130433538,"type":105}
@nix {"action":"result","fields":[0,0,0,0],"id":143091130433539,"type":105}
@nix {"action":"result","fields":[101,0],"id":143091130433537,"type":106}
@nix {"action":"result","fields":[100,0],"id":143091130433537,"type":106}
@nix {"action":"result","fields":[15,41,8,0],"id":143091130433538,"type":105}
@nix {"action":"result","fields":[0,0,0,0],"id":143091130433539,"type":105}
@nix {"action":"result","fields":[101,0],"id":143091130433537,"type":106}
@nix {"action":"result","fields":[100,0],"id":143091130433537,"type":106}
@nix {"action":"result","fields":[15,42,8,0],"id":143091130433538,"type":105}
@nix {"action":"result","fields":[0,0,0,0],"id":143091130433539,"type":105}
@nix {"action":"result","fields":[101,0],"id":143091130433537,"type":106}
@nix {"action":"result","fields":[100,0],"id":143091130433537,"type":106}
@nix {"action":"result","fields":[15,43,8,0],"id":143091130433538,"type":105}
@nix {"action":"result","fields":[0,0,0,0],"id":143091130433539,"type":105}
@nix {"action":"result","fields":[101,0],"id":143091130433537,"type":106}
@nix {"action":"result","fields":[100,0],"id":143091130433537,"type":106}
@nix {"action":"result","fields":[15,44,8,0],"id":143091130433538,"type":105}
@nix {"action":"result","fields":[0,0,0,0],"id":143091130433539,"type":105}
@nix {"action":"result","fields":[101,0],"id":143091130433537,"type":106}
@nix {"action":"result","fields":[100,0],"id":143091130433537,"type":106}
@nix {"action":"result","fields":[15,45,8,0],"id":143091130433538,"type":105}
@nix {"action":"result","fields":[0,0,0,0],"id":143091130433539,"type":105}
@nix {"action":"result","fields":[101,0],"id":143091130433537,"type":106}
@nix {"action":"result","fields":[100,0],"id":143091130433537,"type":106}
@nix {"action":"result","fields":[15,46,8,0],"id":143091130433538,"type":105}
@nix {"action":"result","fields":[0,0,0,0],"id":143091130433539,"type":105}
@nix {"action":"result","fields":[101,0],"id":143091130433537,"type":106}
@nix {"action":"result","fields":[100,0],"id":143091130433537,"type":106}
@nix {"action":"result","fields":[15,47,8,0],"id":143091130433538,"type":105}
@nix {"action":"result","fields":[0,0,0,0],"id":143091130433539,"type":105}
@nix {"action":"result","fields":[101,0],"id":143091130433537,"type":106}
@nix {"action":"result","fields":[100,0],"id":143091130433537,"type":106}
@nix {"action":"result","fields":[16,48,7,0],"id":143091130433538,"type":105}
@nix {"action":"result","fields":[0,0,0,0],"id":143091130433539,"type":105}
@nix {"action":"result","fields":[101,0],"id":143091130433537,"type":106}
@nix {"action":"result","fields":[100,0],"id":143091130433537,"type":106}
@nix {"action":"stop","id":143091130433555}
@nix {"action":"result","fields":[17,49,6,0],"id":143091130433538,"type":105}
@nix {"action":"result","fields":[0,0,0,0],"id":143091130433539,"type":105}
@nix {"action":"result","fields":[101,0],"id":143091130433537,"type":106}
@nix {"action":"result","fields":[100,0],"id":143091130433537,"type":106}
@nix {"action":"stop","id":143091130433556}
@nix {"action":"result","fields":[18,50,5,0],"id":143091130433538,"type":105}
@nix {"action":"result","fields":[0,0,0,0],"id":143091130433539,"type":105}
@nix {"action":"result","fields":[101,0],"id":143091130433537,"type":106}
@nix {"action":"result","fields":[100,0],"id":143091130433537,"type":106}
@nix {"action":"stop","id":143091130433557}
@nix {"action":"result","fields":[19,51,4,0],"id":143091130433538,"type":105}
@nix {"action":"result","fields":[0,0,0,0],"id":143091130433539,"type":105}
@nix {"action":"result","fields":[101,0],"id":143091130433537,"type":106}
@nix {"action":"result","fields":[100,0],"id":143091130433537,"type":106}
@nix {"action":"stop","id":143091130433558}
@nix {"action":"result","fields":[20,52,3,0],"id":143091130433538,"type":105}
@nix {"action":"result","fields":[0,0,0,0],"id":143091130433539,"type":105}
@nix {"action":"result","fields":[101,0],"id":143091130433537,"type":106}
@nix {"action":"result","fields":[100,0],"id":143091130433537,"type":106}
@nix {"action":"stop","id":143091130433559}
@nix {"action":"result","fields":[21,53,2,0],"id":143091130433538,"type":105}
@nix {"action":"result","fields":[0,0,0,0],"id":143091130433539,"type":105}
@nix {"action":"result","fields":[101,0],"id":143091130433537,"type":106}
@nix {"action":"result","fields":[100,0],"id":143091130433537,"type":106}
@nix {"action":"stop","id":143091130433560}
@nix {"action":"result","fields":[22,54,1,0],"id":143091130433538,"type":105}
@nix {"action":"result","fields":[0,0,0,0],"id":143091130433539,"type":105}
@nix {"action":"result","fields":[101,0],"id":143091130433537,"type":106}
@nix {"action":"result","fields":[100,0],"id":143091130433537,"type":106}
@nix {"action":"stop","id":143091130433561}
@nix {"action":"result","fields":[23,55,0,0],"id":143091130433538,"type":105}
@nix {"action":"result","fields":[0,0,0,0],"id":143091130433539,"type":105}
@nix {"action":"result","fields":[101,0],"id":143091130433537,"type":106}
@nix {"action":"result","fields":[100,0],"id":143091130433537,"type":106}
@nix {"action":"stop","id":143091130433562}
@nix {"action":"start","fields":["/tmp/obrador-shared-pins-linux/round-3-retry-baseline/wide-round-1-jobs-8/store/nz75s4f98h4gx6vdzh7fvc42v9dvm94p-leaf-15.drv","",1,1],"id":143091130433563,"level":3,"parent":0,"text":"building '/tmp/obrador-shared-pins-linux/round-3-retry-baseline/wide-round-1-jobs-8/store/nz75s4f98h4gx6vdzh7fvc42v9dvm94p-leaf-15.drv'","type":105}
@nix {"action":"result","fields":[23,47,1,0],"id":143091130433538,"type":105}
@nix {"action":"result","fields":[0,0,0,0],"id":143091130433539,"type":105}
@nix {"action":"result","fields":[101,0],"id":143091130433537,"type":106}
@nix {"action":"result","fields":[100,0],"id":143091130433537,"type":106}
@nix {"action":"start","fields":["/tmp/obrador-shared-pins-linux/round-3-retry-baseline/wide-round-1-jobs-8/store/f89r2mi6m76viccmjbsq6hi1i9g65p9d-leaf-31.drv","",1,1],"id":143091130433564,"level":3,"parent":0,"text":"building '/tmp/obrador-shared-pins-linux/round-3-retry-baseline/wide-round-1-jobs-8/store/f89r2mi6m76viccmjbsq6hi1i9g65p9d-leaf-31.drv'","type":105}
@nix {"action":"result","fields":[23,47,2,0],"id":143091130433538,"type":105}
@nix {"action":"result","fields":[0,0,0,0],"id":143091130433539,"type":105}
@nix {"action":"result","fields":[101,0],"id":143091130433537,"type":106}
@nix {"action":"result","fields":[100,0],"id":143091130433537,"type":106}
@nix {"action":"start","fields":["/tmp/obrador-shared-pins-linux/round-3-retry-baseline/wide-round-1-jobs-8/store/gcj2686m1bnl1gipp1hvkd356bfn7gw6-leaf-4.drv","",1,1],"id":143091130433565,"level":3,"parent":0,"text":"building '/tmp/obrador-shared-pins-linux/round-3-retry-baseline/wide-round-1-jobs-8/store/gcj2686m1bnl1gipp1hvkd356bfn7gw6-leaf-4.drv'","type":105}
@nix {"action":"result","fields":[23,47,3,0],"id":143091130433538,"type":105}
@nix {"action":"result","fields":[0,0,0,0],"id":143091130433539,"type":105}
@nix {"action":"result","fields":[101,0],"id":143091130433537,"type":106}
@nix {"action":"result","fields":[100,0],"id":143091130433537,"type":106}
@nix {"action":"start","fields":["/tmp/obrador-shared-pins-linux/round-3-retry-baseline/wide-round-1-jobs-8/store/87xb9i7sbkfk4jakxwb82jihlb0i5y0j-leaf-5.drv","",1,1],"id":143091130433566,"level":3,"parent":0,"text":"building '/tmp/obrador-shared-pins-linux/round-3-retry-baseline/wide-round-1-jobs-8/store/87xb9i7sbkfk4jakxwb82jihlb0i5y0j-leaf-5.drv'","type":105}
@nix {"action":"result","fields":[23,47,4,0],"id":143091130433538,"type":105}
@nix {"action":"result","fields":[0,0,0,0],"id":143091130433539,"type":105}
@nix {"action":"result","fields":[101,0],"id":143091130433537,"type":106}
@nix {"action":"result","fields":[100,0],"id":143091130433537,"type":106}
@nix {"action":"start","fields":["/tmp/obrador-shared-pins-linux/round-3-retry-baseline/wide-round-1-jobs-8/store/mwj61ip7kgyvcwv7cm13cypi6v7alzp6-leaf-6.drv","",1,1],"id":143091130433567,"level":3,"parent":0,"text":"building '/tmp/obrador-shared-pins-linux/round-3-retry-baseline/wide-round-1-jobs-8/store/mwj61ip7kgyvcwv7cm13cypi6v7alzp6-leaf-6.drv'","type":105}
@nix {"action":"result","fields":[23,47,5,0],"id":143091130433538,"type":105}
@nix {"action":"result","fields":[0,0,0,0],"id":143091130433539,"type":105}
@nix {"action":"result","fields":[101,0],"id":143091130433537,"type":106}
@nix {"action":"result","fields":[100,0],"id":143091130433537,"type":106}
@nix {"action":"start","fields":["/tmp/obrador-shared-pins-linux/round-3-retry-baseline/wide-round-1-jobs-8/store/fs755yzj9n58rw18pl7jp1hgsap43rws-leaf-7.drv","",1,1],"id":143091130433568,"level":3,"parent":0,"text":"building '/tmp/obrador-shared-pins-linux/round-3-retry-baseline/wide-round-1-jobs-8/store/fs755yzj9n58rw18pl7jp1hgsap43rws-leaf-7.drv'","type":105}
@nix {"action":"result","fields":[23,47,6,0],"id":143091130433538,"type":105}
@nix {"action":"result","fields":[0,0,0,0],"id":143091130433539,"type":105}
@nix {"action":"result","fields":[101,0],"id":143091130433537,"type":106}
@nix {"action":"result","fields":[100,0],"id":143091130433537,"type":106}
@nix {"action":"start","fields":["/tmp/obrador-shared-pins-linux/round-3-retry-baseline/wide-round-1-jobs-8/store/yad5bys725kk0yxhh087ln5pdjf5ws6v-leaf-8.drv","",1,1],"id":143091130433569,"level":3,"parent":0,"text":"building '/tmp/obrador-shared-pins-linux/round-3-retry-baseline/wide-round-1-jobs-8/store/yad5bys725kk0yxhh087ln5pdjf5ws6v-leaf-8.drv'","type":105}
@nix {"action":"result","fields":[23,47,7,0],"id":143091130433538,"type":105}
@nix {"action":"result","fields":[0,0,0,0],"id":143091130433539,"type":105}
@nix {"action":"result","fields":[101,0],"id":143091130433537,"type":106}
@nix {"action":"result","fields":[100,0],"id":143091130433537,"type":106}
@nix {"action":"start","fields":["/tmp/obrador-shared-pins-linux/round-3-retry-baseline/wide-round-1-jobs-8/store/0773jf5z5aa97l17wg1yhdxvfy7q8vnn-leaf-9.drv","",1,1],"id":143091130433570,"level":3,"parent":0,"text":"building '/tmp/obrador-shared-pins-linux/round-3-retry-baseline/wide-round-1-jobs-8/store/0773jf5z5aa97l17wg1yhdxvfy7q8vnn-leaf-9.drv'","type":105}
@nix {"action":"result","fields":[23,47,8,0],"id":143091130433538,"type":105}
@nix {"action":"result","fields":[0,0,0,0],"id":143091130433539,"type":105}
@nix {"action":"result","fields":[101,0],"id":143091130433537,"type":106}
@nix {"action":"result","fields":[100,0],"id":143091130433537,"type":106}
@nix {"action":"result","fields":[23,48,8,0],"id":143091130433538,"type":105}
@nix {"action":"result","fields":[0,0,0,0],"id":143091130433539,"type":105}
@nix {"action":"result","fields":[101,0],"id":143091130433537,"type":106}
@nix {"action":"result","fields":[100,0],"id":143091130433537,"type":106}
@nix {"action":"result","fields":[24,49,7,0],"id":143091130433538,"type":105}
@nix {"action":"result","fields":[0,0,0,0],"id":143091130433539,"type":105}
@nix {"action":"result","fields":[101,0],"id":143091130433537,"type":106}
@nix {"action":"result","fields":[100,0],"id":143091130433537,"type":106}
@nix {"action":"stop","id":143091130433563}
@nix {"action":"result","fields":[25,50,6,0],"id":143091130433538,"type":105}
@nix {"action":"result","fields":[0,0,0,0],"id":143091130433539,"type":105}
@nix {"action":"result","fields":[101,0],"id":143091130433537,"type":106}
@nix {"action":"result","fields":[100,0],"id":143091130433537,"type":106}
@nix {"action":"stop","id":143091130433564}
@nix {"action":"result","fields":[26,51,5,0],"id":143091130433538,"type":105}
@nix {"action":"result","fields":[0,0,0,0],"id":143091130433539,"type":105}
@nix {"action":"result","fields":[101,0],"id":143091130433537,"type":106}
@nix {"action":"result","fields":[100,0],"id":143091130433537,"type":106}
@nix {"action":"stop","id":143091130433565}
@nix {"action":"result","fields":[27,52,4,0],"id":143091130433538,"type":105}
@nix {"action":"result","fields":[0,0,0,0],"id":143091130433539,"type":105}
@nix {"action":"result","fields":[101,0],"id":143091130433537,"type":106}
@nix {"action":"result","fields":[100,0],"id":143091130433537,"type":106}
@nix {"action":"stop","id":143091130433566}
@nix {"action":"result","fields":[28,53,3,0],"id":143091130433538,"type":105}
@nix {"action":"result","fields":[0,0,0,0],"id":143091130433539,"type":105}
@nix {"action":"result","fields":[101,0],"id":143091130433537,"type":106}
@nix {"action":"result","fields":[100,0],"id":143091130433537,"type":106}
@nix {"action":"stop","id":143091130433567}
@nix {"action":"result","fields":[29,54,2,0],"id":143091130433538,"type":105}
@nix {"action":"result","fields":[0,0,0,0],"id":143091130433539,"type":105}
@nix {"action":"result","fields":[101,0],"id":143091130433537,"type":106}
@nix {"action":"result","fields":[100,0],"id":143091130433537,"type":106}
@nix {"action":"stop","id":143091130433568}
@nix {"action":"result","fields":[30,55,1,0],"id":143091130433538,"type":105}
@nix {"action":"result","fields":[0,0,0,0],"id":143091130433539,"type":105}
@nix {"action":"result","fields":[101,0],"id":143091130433537,"type":106}
@nix {"action":"result","fields":[100,0],"id":143091130433537,"type":106}
@nix {"action":"stop","id":143091130433569}
@nix {"action":"result","fields":[31,56,0,0],"id":143091130433538,"type":105}
@nix {"action":"result","fields":[0,0,0,0],"id":143091130433539,"type":105}
@nix {"action":"result","fields":[101,0],"id":143091130433537,"type":106}
@nix {"action":"result","fields":[100,0],"id":143091130433537,"type":106}
@nix {"action":"stop","id":143091130433570}
@nix {"action":"start","fields":["/tmp/obrador-shared-pins-linux/round-3-retry-baseline/wide-round-1-jobs-8/store/935q2p3g7wsbfg6dqhwqgiqvg4zcxyg8-leaf-19.drv.drv","",1,1],"id":143091130433571,"level":3,"parent":0,"text":"building '/tmp/obrador-shared-pins-linux/round-3-retry-baseline/wide-round-1-jobs-8/store/935q2p3g7wsbfg6dqhwqgiqvg4zcxyg8-leaf-19.drv.drv'","type":105}
@nix {"action":"result","fields":[31,48,1,0],"id":143091130433538,"type":105}
@nix {"action":"result","fields":[0,0,0,0],"id":143091130433539,"type":105}
@nix {"action":"result","fields":[101,0],"id":143091130433537,"type":106}
@nix {"action":"result","fields":[100,0],"id":143091130433537,"type":106}
@nix {"action":"start","fields":["/tmp/obrador-shared-pins-linux/round-3-retry-baseline/wide-round-1-jobs-8/store/y7bbyadqgzjjvwpjl7bmfj5kxc6303cn-leaf-2.drv.drv","",1,1],"id":143091130433572,"level":3,"parent":0,"text":"building '/tmp/obrador-shared-pins-linux/round-3-retry-baseline/wide-round-1-jobs-8/store/y7bbyadqgzjjvwpjl7bmfj5kxc6303cn-leaf-2.drv.drv'","type":105}
@nix {"action":"result","fields":[31,48,2,0],"id":143091130433538,"type":105}
@nix {"action":"result","fields":[0,0,0,0],"id":143091130433539,"type":105}
@nix {"action":"result","fields":[101,0],"id":143091130433537,"type":106}
@nix {"action":"result","fields":[100,0],"id":143091130433537,"type":106}
@nix {"action":"start","fields":["/tmp/obrador-shared-pins-linux/round-3-retry-baseline/wide-round-1-jobs-8/store/cmqg0a352iknbxf4gn58b9wv3kvwcp62-leaf-20.drv.drv","",1,1],"id":143091130433573,"level":3,"parent":0,"text":"building '/tmp/obrador-shared-pins-linux/round-3-retry-baseline/wide-round-1-jobs-8/store/cmqg0a352iknbxf4gn58b9wv3kvwcp62-leaf-20.drv.drv'","type":105}
@nix {"action":"result","fields":[31,48,3,0],"id":143091130433538,"type":105}
@nix {"action":"result","fields":[0,0,0,0],"id":143091130433539,"type":105}
@nix {"action":"result","fields":[101,0],"id":143091130433537,"type":106}
@nix {"action":"result","fields":[100,0],"id":143091130433537,"type":106}
@nix {"action":"start","fields":["/tmp/obrador-shared-pins-linux/round-3-retry-baseline/wide-round-1-jobs-8/store/bcb7jmq6f0pyjx27s12adzmq0ggnjyrz-leaf-21.drv","",1,1],"id":143091130433574,"level":3,"parent":0,"text":"building '/tmp/obrador-shared-pins-linux/round-3-retry-baseline/wide-round-1-jobs-8/store/bcb7jmq6f0pyjx27s12adzmq0ggnjyrz-leaf-21.drv'","type":105}
@nix {"action":"result","fields":[31,48,4,0],"id":143091130433538,"type":105}
@nix {"action":"result","fields":[0,0,0,0],"id":143091130433539,"type":105}
@nix {"action":"result","fields":[101,0],"id":143091130433537,"type":106}
@nix {"action":"result","fields":[100,0],"id":143091130433537,"type":106}
@nix {"action":"start","fields":["/tmp/obrador-shared-pins-linux/round-3-retry-baseline/wide-round-1-jobs-8/store/khnzf4nj4q8h6kpxlbwb1ifkwgc3nrcw-leaf-25.drv.drv","",1,1],"id":143091130433575,"level":3,"parent":0,"text":"building '/tmp/obrador-shared-pins-linux/round-3-retry-baseline/wide-round-1-jobs-8/store/khnzf4nj4q8h6kpxlbwb1ifkwgc3nrcw-leaf-25.drv.drv'","type":105}
@nix {"action":"result","fields":[31,48,5,0],"id":143091130433538,"type":105}
@nix {"action":"result","fields":[0,0,0,0],"id":143091130433539,"type":105}
@nix {"action":"result","fields":[101,0],"id":143091130433537,"type":106}
@nix {"action":"result","fields":[100,0],"id":143091130433537,"type":106}
@nix {"action":"start","fields":["/tmp/obrador-shared-pins-linux/round-3-retry-baseline/wide-round-1-jobs-8/store/aywbssql9mciqix98wvla6az7rp336qn-leaf-26.drv.drv","",1,1],"id":143091130433576,"level":3,"parent":0,"text":"building '/tmp/obrador-shared-pins-linux/round-3-retry-baseline/wide-round-1-jobs-8/store/aywbssql9mciqix98wvla6az7rp336qn-leaf-26.drv.drv'","type":105}
@nix {"action":"result","fields":[31,48,6,0],"id":143091130433538,"type":105}
@nix {"action":"result","fields":[0,0,0,0],"id":143091130433539,"type":105}
@nix {"action":"result","fields":[101,0],"id":143091130433537,"type":106}
@nix {"action":"result","fields":[100,0],"id":143091130433537,"type":106}
@nix {"action":"start","fields":["/tmp/obrador-shared-pins-linux/round-3-retry-baseline/wide-round-1-jobs-8/store/cdqx2xl2xdqpyhr73llydk91s4ncwfna-leaf-27.drv.drv","",1,1],"id":143091130433577,"level":3,"parent":0,"text":"building '/tmp/obrador-shared-pins-linux/round-3-retry-baseline/wide-round-1-jobs-8/store/cdqx2xl2xdqpyhr73llydk91s4ncwfna-leaf-27.drv.drv'","type":105}
@nix {"action":"result","fields":[31,48,7,0],"id":143091130433538,"type":105}
@nix {"action":"result","fields":[0,0,0,0],"id":143091130433539,"type":105}
@nix {"action":"result","fields":[101,0],"id":143091130433537,"type":106}
@nix {"action":"result","fields":[100,0],"id":143091130433537,"type":106}
@nix {"action":"start","fields":["/tmp/obrador-shared-pins-linux/round-3-retry-baseline/wide-round-1-jobs-8/store/abh60ygf6y3mpf0v8fr1vfs186dmkky4-leaf-28.drv.drv","",1,1],"id":143091130433578,"level":3,"parent":0,"text":"building '/tmp/obrador-shared-pins-linux/round-3-retry-baseline/wide-round-1-jobs-8/store/abh60ygf6y3mpf0v8fr1vfs186dmkky4-leaf-28.drv.drv'","type":105}
@nix {"action":"result","fields":[31,48,8,0],"id":143091130433538,"type":105}
@nix {"action":"result","fields":[0,0,0,0],"id":143091130433539,"type":105}
@nix {"action":"result","fields":[101,0],"id":143091130433537,"type":106}
@nix {"action":"result","fields":[100,0],"id":143091130433537,"type":106}
@nix {"action":"result","fields":[32,49,7,0],"id":143091130433538,"type":105}
@nix {"action":"result","fields":[0,0,0,0],"id":143091130433539,"type":105}
@nix {"action":"result","fields":[101,0],"id":143091130433537,"type":106}
@nix {"action":"result","fields":[100,0],"id":143091130433537,"type":106}
@nix {"action":"stop","id":143091130433571}
@nix {"action":"result","fields":[33,50,6,0],"id":143091130433538,"type":105}
@nix {"action":"result","fields":[0,0,0,0],"id":143091130433539,"type":105}
@nix {"action":"result","fields":[101,0],"id":143091130433537,"type":106}
@nix {"action":"result","fields":[100,0],"id":143091130433537,"type":106}
@nix {"action":"stop","id":143091130433572}
@nix {"action":"result","fields":[34,51,5,0],"id":143091130433538,"type":105}
@nix {"action":"result","fields":[0,0,0,0],"id":143091130433539,"type":105}
@nix {"action":"result","fields":[101,0],"id":143091130433537,"type":106}
@nix {"action":"result","fields":[100,0],"id":143091130433537,"type":106}
@nix {"action":"stop","id":143091130433573}
@nix {"action":"result","fields":[35,52,4,0],"id":143091130433538,"type":105}
@nix {"action":"result","fields":[0,0,0,0],"id":143091130433539,"type":105}
@nix {"action":"result","fields":[101,0],"id":143091130433537,"type":106}
@nix {"action":"result","fields":[100,0],"id":143091130433537,"type":106}
@nix {"action":"stop","id":143091130433574}
@nix {"action":"result","fields":[36,53,3,0],"id":143091130433538,"type":105}
@nix {"action":"result","fields":[0,0,0,0],"id":143091130433539,"type":105}
@nix {"action":"result","fields":[101,0],"id":143091130433537,"type":106}
@nix {"action":"result","fields":[100,0],"id":143091130433537,"type":106}
@nix {"action":"stop","id":143091130433575}
@nix {"action":"result","fields":[37,54,2,0],"id":143091130433538,"type":105}
@nix {"action":"result","fields":[0,0,0,0],"id":143091130433539,"type":105}
@nix {"action":"result","fields":[101,0],"id":143091130433537,"type":106}
@nix {"action":"result","fields":[100,0],"id":143091130433537,"type":106}
@nix {"action":"stop","id":143091130433576}
@nix {"action":"result","fields":[38,55,1,0],"id":143091130433538,"type":105}
@nix {"action":"result","fields":[0,0,0,0],"id":143091130433539,"type":105}
@nix {"action":"result","fields":[101,0],"id":143091130433537,"type":106}
@nix {"action":"result","fields":[100,0],"id":143091130433537,"type":106}
@nix {"action":"stop","id":143091130433577}
@nix {"action":"start","fields":["/tmp/obrador-shared-pins-linux/round-3-retry-baseline/wide-round-1-jobs-8/store/51glm14naqdyil0gysk97v5qmrbjkwyk-leaf-16.drv.drv","",1,1],"id":143091130433579,"level":3,"parent":0,"text":"building '/tmp/obrador-shared-pins-linux/round-3-retry-baseline/wide-round-1-jobs-8/store/51glm14naqdyil0gysk97v5qmrbjkwyk-leaf-16.drv.drv'","type":105}
@nix {"action":"result","fields":[38,48,2,0],"id":143091130433538,"type":105}
@nix {"action":"result","fields":[0,0,0,0],"id":143091130433539,"type":105}
@nix {"action":"result","fields":[101,0],"id":143091130433537,"type":106}
@nix {"action":"result","fields":[100,0],"id":143091130433537,"type":106}
@nix {"action":"start","fields":["/tmp/obrador-shared-pins-linux/round-3-retry-baseline/wide-round-1-jobs-8/store/03sv1rg397pwv8nm1b8kgbahkc78dsg9-leaf-17.drv.drv","",1,1],"id":143091130433580,"level":3,"parent":0,"text":"building '/tmp/obrador-shared-pins-linux/round-3-retry-baseline/wide-round-1-jobs-8/store/03sv1rg397pwv8nm1b8kgbahkc78dsg9-leaf-17.drv.drv'","type":105}
@nix {"action":"result","fields":[38,48,3,0],"id":143091130433538,"type":105}
@nix {"action":"result","fields":[0,0,0,0],"id":143091130433539,"type":105}
@nix {"action":"result","fields":[101,0],"id":143091130433537,"type":106}
@nix {"action":"result","fields":[100,0],"id":143091130433537,"type":106}
@nix {"action":"start","fields":["/tmp/obrador-shared-pins-linux/round-3-retry-baseline/wide-round-1-jobs-8/store/9r23qsl8sx9wmyhbxbd1ymg7xhb3723y-leaf-18.drv.drv","",1,1],"id":143091130433581,"level":3,"parent":0,"text":"building '/tmp/obrador-shared-pins-linux/round-3-retry-baseline/wide-round-1-jobs-8/store/9r23qsl8sx9wmyhbxbd1ymg7xhb3723y-leaf-18.drv.drv'","type":105}
@nix {"action":"result","fields":[38,48,4,0],"id":143091130433538,"type":105}
@nix {"action":"result","fields":[0,0,0,0],"id":143091130433539,"type":105}
@nix {"action":"result","fields":[101,0],"id":143091130433537,"type":106}
@nix {"action":"result","fields":[100,0],"id":143091130433537,"type":106}
@nix {"action":"start","fields":["/tmp/obrador-shared-pins-linux/round-3-retry-baseline/wide-round-1-jobs-8/store/cf9805x3a4l764pmmlrqry0xni0qaz4y-leaf-22.drv.drv","",1,1],"id":143091130433582,"level":3,"parent":0,"text":"building '/tmp/obrador-shared-pins-linux/round-3-retry-baseline/wide-round-1-jobs-8/store/cf9805x3a4l764pmmlrqry0xni0qaz4y-leaf-22.drv.drv'","type":105}
@nix {"action":"result","fields":[38,48,5,0],"id":143091130433538,"type":105}
@nix {"action":"result","fields":[0,0,0,0],"id":143091130433539,"type":105}
@nix {"action":"result","fields":[101,0],"id":143091130433537,"type":106}
@nix {"action":"result","fields":[100,0],"id":143091130433537,"type":106}
@nix {"action":"start","fields":["/tmp/obrador-shared-pins-linux/round-3-retry-baseline/wide-round-1-jobs-8/store/1vvrbdrmghi701higxj06290vxrmjb47-leaf-23.drv.drv","",1,1],"id":143091130433583,"level":3,"parent":0,"text":"building '/tmp/obrador-shared-pins-linux/round-3-retry-baseline/wide-round-1-jobs-8/store/1vvrbdrmghi701higxj06290vxrmjb47-leaf-23.drv.drv'","type":105}
@nix {"action":"result","fields":[38,48,6,0],"id":143091130433538,"type":105}
@nix {"action":"result","fields":[0,0,0,0],"id":143091130433539,"type":105}
@nix {"action":"result","fields":[101,0],"id":143091130433537,"type":106}
@nix {"action":"result","fields":[100,0],"id":143091130433537,"type":106}
@nix {"action":"start","fields":["/tmp/obrador-shared-pins-linux/round-3-retry-baseline/wide-round-1-jobs-8/store/p634m74ffbhg6sa2fwna8ckg4j8vvl70-leaf-24.drv.drv","",1,1],"id":143091130433584,"level":3,"parent":0,"text":"building '/tmp/obrador-shared-pins-linux/round-3-retry-baseline/wide-round-1-jobs-8/store/p634m74ffbhg6sa2fwna8ckg4j8vvl70-leaf-24.drv.drv'","type":105}
@nix {"action":"result","fields":[38,48,7,0],"id":143091130433538,"type":105}
@nix {"action":"result","fields":[0,0,0,0],"id":143091130433539,"type":105}
@nix {"action":"result","fields":[101,0],"id":143091130433537,"type":106}
@nix {"action":"result","fields":[100,0],"id":143091130433537,"type":106}
@nix {"action":"start","fields":["/tmp/obrador-shared-pins-linux/round-3-retry-baseline/wide-round-1-jobs-8/store/x5m4ksipkcm7niwmcpkf0rzzjy5a0hls-leaf-30.drv.drv","",1,1],"id":143091130433585,"level":3,"parent":0,"text":"building '/tmp/obrador-shared-pins-linux/round-3-retry-baseline/wide-round-1-jobs-8/store/x5m4ksipkcm7niwmcpkf0rzzjy5a0hls-leaf-30.drv.drv'","type":105}
@nix {"action":"result","fields":[38,48,8,0],"id":143091130433538,"type":105}
@nix {"action":"result","fields":[0,0,0,0],"id":143091130433539,"type":105}
@nix {"action":"result","fields":[101,0],"id":143091130433537,"type":106}
@nix {"action":"result","fields":[100,0],"id":143091130433537,"type":106}
@nix {"action":"result","fields":[38,49,8,0],"id":143091130433538,"type":105}
@nix {"action":"result","fields":[0,0,0,0],"id":143091130433539,"type":105}
@nix {"action":"result","fields":[101,0],"id":143091130433537,"type":106}
@nix {"action":"result","fields":[100,0],"id":143091130433537,"type":106}
@nix {"action":"result","fields":[38,50,8,0],"id":143091130433538,"type":105}
@nix {"action":"result","fields":[0,0,0,0],"id":143091130433539,"type":105}
@nix {"action":"result","fields":[101,0],"id":143091130433537,"type":106}
@nix {"action":"result","fields":[100,0],"id":143091130433537,"type":106}
@nix {"action":"result","fields":[38,51,8,0],"id":143091130433538,"type":105}
@nix {"action":"result","fields":[0,0,0,0],"id":143091130433539,"type":105}
@nix {"action":"result","fields":[101,0],"id":143091130433537,"type":106}
@nix {"action":"result","fields":[100,0],"id":143091130433537,"type":106}
@nix {"action":"result","fields":[38,52,8,0],"id":143091130433538,"type":105}
@nix {"action":"result","fields":[0,0,0,0],"id":143091130433539,"type":105}
@nix {"action":"result","fields":[101,0],"id":143091130433537,"type":106}
@nix {"action":"result","fields":[100,0],"id":143091130433537,"type":106}
@nix {"action":"result","fields":[38,53,8,0],"id":143091130433538,"type":105}
@nix {"action":"result","fields":[0,0,0,0],"id":143091130433539,"type":105}
@nix {"action":"result","fields":[101,0],"id":143091130433537,"type":106}
@nix {"action":"result","fields":[100,0],"id":143091130433537,"type":106}
@nix {"action":"result","fields":[38,54,8,0],"id":143091130433538,"type":105}
@nix {"action":"result","fields":[0,0,0,0],"id":143091130433539,"type":105}
@nix {"action":"result","fields":[101,0],"id":143091130433537,"type":106}
@nix {"action":"result","fields":[100,0],"id":143091130433537,"type":106}
@nix {"action":"result","fields":[39,55,7,0],"id":143091130433538,"type":105}
@nix {"action":"result","fields":[0,0,0,0],"id":143091130433539,"type":105}
@nix {"action":"result","fields":[101,0],"id":143091130433537,"type":106}
@nix {"action":"result","fields":[100,0],"id":143091130433537,"type":106}
@nix {"action":"stop","id":143091130433579}
@nix {"action":"result","fields":[40,56,6,0],"id":143091130433538,"type":105}
@nix {"action":"result","fields":[0,0,0,0],"id":143091130433539,"type":105}
@nix {"action":"result","fields":[101,0],"id":143091130433537,"type":106}
@nix {"action":"result","fields":[100,0],"id":143091130433537,"type":106}
@nix {"action":"stop","id":143091130433580}
@nix {"action":"result","fields":[41,57,5,0],"id":143091130433538,"type":105}
@nix {"action":"result","fields":[0,0,0,0],"id":143091130433539,"type":105}
@nix {"action":"result","fields":[101,0],"id":143091130433537,"type":106}
@nix {"action":"result","fields":[100,0],"id":143091130433537,"type":106}
@nix {"action":"stop","id":143091130433581}
@nix {"action":"result","fields":[42,58,4,0],"id":143091130433538,"type":105}
@nix {"action":"result","fields":[0,0,0,0],"id":143091130433539,"type":105}
@nix {"action":"result","fields":[101,0],"id":143091130433537,"type":106}
@nix {"action":"result","fields":[100,0],"id":143091130433537,"type":106}
@nix {"action":"stop","id":143091130433582}
@nix {"action":"result","fields":[43,59,3,0],"id":143091130433538,"type":105}
@nix {"action":"result","fields":[0,0,0,0],"id":143091130433539,"type":105}
@nix {"action":"result","fields":[101,0],"id":143091130433537,"type":106}
@nix {"action":"result","fields":[100,0],"id":143091130433537,"type":106}
@nix {"action":"stop","id":143091130433583}
@nix {"action":"result","fields":[44,60,2,0],"id":143091130433538,"type":105}
@nix {"action":"result","fields":[0,0,0,0],"id":143091130433539,"type":105}
@nix {"action":"result","fields":[101,0],"id":143091130433537,"type":106}
@nix {"action":"result","fields":[100,0],"id":143091130433537,"type":106}
@nix {"action":"stop","id":143091130433584}
@nix {"action":"result","fields":[45,61,1,0],"id":143091130433538,"type":105}
@nix {"action":"result","fields":[0,0,0,0],"id":143091130433539,"type":105}
@nix {"action":"result","fields":[101,0],"id":143091130433537,"type":106}
@nix {"action":"result","fields":[100,0],"id":143091130433537,"type":106}
@nix {"action":"stop","id":143091130433578}
@nix {"action":"result","fields":[46,62,0,0],"id":143091130433538,"type":105}
@nix {"action":"result","fields":[0,0,0,0],"id":143091130433539,"type":105}
@nix {"action":"result","fields":[101,0],"id":143091130433537,"type":106}
@nix {"action":"result","fields":[100,0],"id":143091130433537,"type":106}
@nix {"action":"stop","id":143091130433585}
@nix {"action":"start","fields":["/tmp/obrador-shared-pins-linux/round-3-retry-baseline/wide-round-1-jobs-8/store/8a5q5pr6y0z88inp5xlgjz8sqd49j62s-leaf-19.drv","",1,1],"id":143091130433586,"level":3,"parent":0,"text":"building '/tmp/obrador-shared-pins-linux/round-3-retry-baseline/wide-round-1-jobs-8/store/8a5q5pr6y0z88inp5xlgjz8sqd49j62s-leaf-19.drv'","type":105}
@nix {"action":"result","fields":[46,54,1,0],"id":143091130433538,"type":105}
@nix {"action":"result","fields":[0,0,0,0],"id":143091130433539,"type":105}
@nix {"action":"result","fields":[101,0],"id":143091130433537,"type":106}
@nix {"action":"result","fields":[100,0],"id":143091130433537,"type":106}
@nix {"action":"start","fields":["/tmp/obrador-shared-pins-linux/round-3-retry-baseline/wide-round-1-jobs-8/store/2qp63wbkrxz0715k1fcpvb8b5sbv0hyk-leaf-2.drv","",1,1],"id":143091130433587,"level":3,"parent":0,"text":"building '/tmp/obrador-shared-pins-linux/round-3-retry-baseline/wide-round-1-jobs-8/store/2qp63wbkrxz0715k1fcpvb8b5sbv0hyk-leaf-2.drv'","type":105}
@nix {"action":"result","fields":[46,54,2,0],"id":143091130433538,"type":105}
@nix {"action":"result","fields":[0,0,0,0],"id":143091130433539,"type":105}
@nix {"action":"result","fields":[101,0],"id":143091130433537,"type":106}
@nix {"action":"result","fields":[100,0],"id":143091130433537,"type":106}
@nix {"action":"start","fields":["/tmp/obrador-shared-pins-linux/round-3-retry-baseline/wide-round-1-jobs-8/store/3k373siabzhfsawqbi6gy5bq7ysdsjkd-leaf-20.drv","",1,1],"id":143091130433588,"level":3,"parent":0,"text":"building '/tmp/obrador-shared-pins-linux/round-3-retry-baseline/wide-round-1-jobs-8/store/3k373siabzhfsawqbi6gy5bq7ysdsjkd-leaf-20.drv'","type":105}
@nix {"action":"result","fields":[46,54,3,0],"id":143091130433538,"type":105}
@nix {"action":"result","fields":[0,0,0,0],"id":143091130433539,"type":105}
@nix {"action":"result","fields":[101,0],"id":143091130433537,"type":106}
@nix {"action":"result","fields":[100,0],"id":143091130433537,"type":106}
@nix {"action":"start","fields":["/tmp/obrador-shared-pins-linux/round-3-retry-baseline/wide-round-1-jobs-8/store/m7g18bzgpv5myyla5vj5m0s0ipr9qzhj-leaf-25.drv","",1,1],"id":143091130433589,"level":3,"parent":0,"text":"building '/tmp/obrador-shared-pins-linux/round-3-retry-baseline/wide-round-1-jobs-8/store/m7g18bzgpv5myyla5vj5m0s0ipr9qzhj-leaf-25.drv'","type":105}
@nix {"action":"result","fields":[46,54,4,0],"id":143091130433538,"type":105}
@nix {"action":"result","fields":[0,0,0,0],"id":143091130433539,"type":105}
@nix {"action":"result","fields":[101,0],"id":143091130433537,"type":106}
@nix {"action":"result","fields":[100,0],"id":143091130433537,"type":106}
@nix {"action":"start","fields":["/tmp/obrador-shared-pins-linux/round-3-retry-baseline/wide-round-1-jobs-8/store/pnn1s8ahxnpc96gpj2swmsxajp8lr7jf-leaf-26.drv","",1,1],"id":143091130433590,"level":3,"parent":0,"text":"building '/tmp/obrador-shared-pins-linux/round-3-retry-baseline/wide-round-1-jobs-8/store/pnn1s8ahxnpc96gpj2swmsxajp8lr7jf-leaf-26.drv'","type":105}
@nix {"action":"result","fields":[46,54,5,0],"id":143091130433538,"type":105}
@nix {"action":"result","fields":[0,0,0,0],"id":143091130433539,"type":105}
@nix {"action":"result","fields":[101,0],"id":143091130433537,"type":106}
@nix {"action":"result","fields":[100,0],"id":143091130433537,"type":106}
@nix {"action":"start","fields":["/tmp/obrador-shared-pins-linux/round-3-retry-baseline/wide-round-1-jobs-8/store/br7zyslr1dd5llhli9nnnnxz7p0fnrk4-leaf-27.drv","",1,1],"id":143091130433591,"level":3,"parent":0,"text":"building '/tmp/obrador-shared-pins-linux/round-3-retry-baseline/wide-round-1-jobs-8/store/br7zyslr1dd5llhli9nnnnxz7p0fnrk4-leaf-27.drv'","type":105}
@nix {"action":"result","fields":[46,54,6,0],"id":143091130433538,"type":105}
@nix {"action":"result","fields":[0,0,0,0],"id":143091130433539,"type":105}
@nix {"action":"result","fields":[101,0],"id":143091130433537,"type":106}
@nix {"action":"result","fields":[100,0],"id":143091130433537,"type":106}
@nix {"action":"start","fields":["/tmp/obrador-shared-pins-linux/round-3-retry-baseline/wide-round-1-jobs-8/store/vp7dcrvpxmywnlbl2x86ssyqp9c86la5-leaf-29.drv.drv","",1,1],"id":143091130433592,"level":3,"parent":0,"text":"building '/tmp/obrador-shared-pins-linux/round-3-retry-baseline/wide-round-1-jobs-8/store/vp7dcrvpxmywnlbl2x86ssyqp9c86la5-leaf-29.drv.drv'","type":105}
@nix {"action":"result","fields":[46,54,7,0],"id":143091130433538,"type":105}
@nix {"action":"result","fields":[0,0,0,0],"id":143091130433539,"type":105}
@nix {"action":"result","fields":[101,0],"id":143091130433537,"type":106}
@nix {"action":"result","fields":[100,0],"id":143091130433537,"type":106}
@nix {"action":"start","fields":["/tmp/obrador-shared-pins-linux/round-3-retry-baseline/wide-round-1-jobs-8/store/rxfgyyp3qclainf94q80k95814sszhrh-leaf-3.drv.drv","",1,1],"id":143091130433593,"level":3,"parent":0,"text":"building '/tmp/obrador-shared-pins-linux/round-3-retry-baseline/wide-round-1-jobs-8/store/rxfgyyp3qclainf94q80k95814sszhrh-leaf-3.drv.drv'","type":105}
@nix {"action":"result","fields":[46,54,8,0],"id":143091130433538,"type":105}
@nix {"action":"result","fields":[0,0,0,0],"id":143091130433539,"type":105}
@nix {"action":"result","fields":[101,0],"id":143091130433537,"type":106}
@nix {"action":"result","fields":[100,0],"id":143091130433537,"type":106}
@nix {"action":"result","fields":[46,55,8,0],"id":143091130433538,"type":105}
@nix {"action":"result","fields":[0,0,0,0],"id":143091130433539,"type":105}
@nix {"action":"result","fields":[101,0],"id":143091130433537,"type":106}
@nix {"action":"result","fields":[100,0],"id":143091130433537,"type":106}
@nix {"action":"result","fields":[46,56,8,0],"id":143091130433538,"type":105}
@nix {"action":"result","fields":[0,0,0,0],"id":143091130433539,"type":105}
@nix {"action":"result","fields":[101,0],"id":143091130433537,"type":106}
@nix {"action":"result","fields":[100,0],"id":143091130433537,"type":106}
@nix {"action":"result","fields":[46,57,8,0],"id":143091130433538,"type":105}
@nix {"action":"result","fields":[0,0,0,0],"id":143091130433539,"type":105}
@nix {"action":"result","fields":[101,0],"id":143091130433537,"type":106}
@nix {"action":"result","fields":[100,0],"id":143091130433537,"type":106}
@nix {"action":"result","fields":[46,58,8,0],"id":143091130433538,"type":105}
@nix {"action":"result","fields":[0,0,0,0],"id":143091130433539,"type":105}
@nix {"action":"result","fields":[101,0],"id":143091130433537,"type":106}
@nix {"action":"result","fields":[100,0],"id":143091130433537,"type":106}
@nix {"action":"result","fields":[46,59,8,0],"id":143091130433538,"type":105}
@nix {"action":"result","fields":[0,0,0,0],"id":143091130433539,"type":105}
@nix {"action":"result","fields":[101,0],"id":143091130433537,"type":106}
@nix {"action":"result","fields":[100,0],"id":143091130433537,"type":106}
@nix {"action":"result","fields":[46,60,8,0],"id":143091130433538,"type":105}
@nix {"action":"result","fields":[0,0,0,0],"id":143091130433539,"type":105}
@nix {"action":"result","fields":[101,0],"id":143091130433537,"type":106}
@nix {"action":"result","fields":[100,0],"id":143091130433537,"type":106}
@nix {"action":"result","fields":[46,61,8,0],"id":143091130433538,"type":105}
@nix {"action":"result","fields":[0,0,0,0],"id":143091130433539,"type":105}
@nix {"action":"result","fields":[101,0],"id":143091130433537,"type":106}
@nix {"action":"result","fields":[100,0],"id":143091130433537,"type":106}
@nix {"action":"result","fields":[46,62,8,0],"id":143091130433538,"type":105}
@nix {"action":"result","fields":[0,0,0,0],"id":143091130433539,"type":105}
@nix {"action":"result","fields":[101,0],"id":143091130433537,"type":106}
@nix {"action":"result","fields":[100,0],"id":143091130433537,"type":106}
@nix {"action":"result","fields":[47,63,7,0],"id":143091130433538,"type":105}
@nix {"action":"result","fields":[0,0,0,0],"id":143091130433539,"type":105}
@nix {"action":"result","fields":[101,0],"id":143091130433537,"type":106}
@nix {"action":"result","fields":[100,0],"id":143091130433537,"type":106}
@nix {"action":"stop","id":143091130433586}
@nix {"action":"result","fields":[48,64,6,0],"id":143091130433538,"type":105}
@nix {"action":"result","fields":[0,0,0,0],"id":143091130433539,"type":105}
@nix {"action":"result","fields":[101,0],"id":143091130433537,"type":106}
@nix {"action":"result","fields":[100,0],"id":143091130433537,"type":106}
@nix {"action":"stop","id":143091130433587}
@nix {"action":"result","fields":[49,65,5,0],"id":143091130433538,"type":105}
@nix {"action":"result","fields":[0,0,0,0],"id":143091130433539,"type":105}
@nix {"action":"result","fields":[101,0],"id":143091130433537,"type":106}
@nix {"action":"result","fields":[100,0],"id":143091130433537,"type":106}
@nix {"action":"stop","id":143091130433588}
@nix {"action":"result","fields":[50,66,4,0],"id":143091130433538,"type":105}
@nix {"action":"result","fields":[0,0,0,0],"id":143091130433539,"type":105}
@nix {"action":"result","fields":[101,0],"id":143091130433537,"type":106}
@nix {"action":"result","fields":[100,0],"id":143091130433537,"type":106}
@nix {"action":"stop","id":143091130433589}
@nix {"action":"result","fields":[51,67,3,0],"id":143091130433538,"type":105}
@nix {"action":"result","fields":[0,0,0,0],"id":143091130433539,"type":105}
@nix {"action":"result","fields":[101,0],"id":143091130433537,"type":106}
@nix {"action":"result","fields":[100,0],"id":143091130433537,"type":106}
@nix {"action":"stop","id":143091130433590}
@nix {"action":"result","fields":[52,68,2,0],"id":143091130433538,"type":105}
@nix {"action":"result","fields":[0,0,0,0],"id":143091130433539,"type":105}
@nix {"action":"result","fields":[101,0],"id":143091130433537,"type":106}
@nix {"action":"result","fields":[100,0],"id":143091130433537,"type":106}
@nix {"action":"stop","id":143091130433591}
@nix {"action":"result","fields":[53,69,1,0],"id":143091130433538,"type":105}
@nix {"action":"result","fields":[0,0,0,0],"id":143091130433539,"type":105}
@nix {"action":"result","fields":[101,0],"id":143091130433537,"type":106}
@nix {"action":"result","fields":[100,0],"id":143091130433537,"type":106}
@nix {"action":"stop","id":143091130433592}
@nix {"action":"result","fields":[54,70,0,0],"id":143091130433538,"type":105}
@nix {"action":"result","fields":[0,0,0,0],"id":143091130433539,"type":105}
@nix {"action":"result","fields":[101,0],"id":143091130433537,"type":106}
@nix {"action":"result","fields":[100,0],"id":143091130433537,"type":106}
@nix {"action":"stop","id":143091130433593}
@nix {"action":"start","fields":["/tmp/obrador-shared-pins-linux/round-3-retry-baseline/wide-round-1-jobs-8/store/x3hx0gzhjdmdf4hq4jps1sds4sc2mmsb-leaf-16.drv","",1,1],"id":143091130433594,"level":3,"parent":0,"text":"building '/tmp/obrador-shared-pins-linux/round-3-retry-baseline/wide-round-1-jobs-8/store/x3hx0gzhjdmdf4hq4jps1sds4sc2mmsb-leaf-16.drv'","type":105}
@nix {"action":"result","fields":[54,62,1,0],"id":143091130433538,"type":105}
@nix {"action":"result","fields":[0,0,0,0],"id":143091130433539,"type":105}
@nix {"action":"result","fields":[101,0],"id":143091130433537,"type":106}
@nix {"action":"result","fields":[100,0],"id":143091130433537,"type":106}
@nix {"action":"start","fields":["/tmp/obrador-shared-pins-linux/round-3-retry-baseline/wide-round-1-jobs-8/store/y8zynr0rfk40fb4m154yy2qnzkrzcbrz-leaf-17.drv","",1,1],"id":143091130433595,"level":3,"parent":0,"text":"building '/tmp/obrador-shared-pins-linux/round-3-retry-baseline/wide-round-1-jobs-8/store/y8zynr0rfk40fb4m154yy2qnzkrzcbrz-leaf-17.drv'","type":105}
@nix {"action":"result","fields":[54,62,2,0],"id":143091130433538,"type":105}
@nix {"action":"result","fields":[0,0,0,0],"id":143091130433539,"type":105}
@nix {"action":"result","fields":[101,0],"id":143091130433537,"type":106}
@nix {"action":"result","fields":[100,0],"id":143091130433537,"type":106}
@nix {"action":"start","fields":["/tmp/obrador-shared-pins-linux/round-3-retry-baseline/wide-round-1-jobs-8/store/lwiciqqq3zy8zyl942yybh8lfgxayahl-leaf-18.drv","",1,1],"id":143091130433596,"level":3,"parent":0,"text":"building '/tmp/obrador-shared-pins-linux/round-3-retry-baseline/wide-round-1-jobs-8/store/lwiciqqq3zy8zyl942yybh8lfgxayahl-leaf-18.drv'","type":105}
@nix {"action":"result","fields":[54,62,3,0],"id":143091130433538,"type":105}
@nix {"action":"result","fields":[0,0,0,0],"id":143091130433539,"type":105}
@nix {"action":"result","fields":[101,0],"id":143091130433537,"type":106}
@nix {"action":"result","fields":[100,0],"id":143091130433537,"type":106}
@nix {"action":"start","fields":["/tmp/obrador-shared-pins-linux/round-3-retry-baseline/wide-round-1-jobs-8/store/5r0hh8ydxfnj8f7s3p1lwahh25chqmpl-leaf-22.drv","",1,1],"id":143091130433597,"level":3,"parent":0,"text":"building '/tmp/obrador-shared-pins-linux/round-3-retry-baseline/wide-round-1-jobs-8/store/5r0hh8ydxfnj8f7s3p1lwahh25chqmpl-leaf-22.drv'","type":105}
@nix {"action":"result","fields":[54,62,4,0],"id":143091130433538,"type":105}
@nix {"action":"result","fields":[0,0,0,0],"id":143091130433539,"type":105}
@nix {"action":"result","fields":[101,0],"id":143091130433537,"type":106}
@nix {"action":"result","fields":[100,0],"id":143091130433537,"type":106}
@nix {"action":"start","fields":["/tmp/obrador-shared-pins-linux/round-3-retry-baseline/wide-round-1-jobs-8/store/sfpyldzca2xx4r6821khfqwb526zpxp2-leaf-23.drv","",1,1],"id":143091130433598,"level":3,"parent":0,"text":"building '/tmp/obrador-shared-pins-linux/round-3-retry-baseline/wide-round-1-jobs-8/store/sfpyldzca2xx4r6821khfqwb526zpxp2-leaf-23.drv'","type":105}
@nix {"action":"result","fields":[54,62,5,0],"id":143091130433538,"type":105}
@nix {"action":"result","fields":[0,0,0,0],"id":143091130433539,"type":105}
@nix {"action":"result","fields":[101,0],"id":143091130433537,"type":106}
@nix {"action":"result","fields":[100,0],"id":143091130433537,"type":106}
@nix {"action":"start","fields":["/tmp/obrador-shared-pins-linux/round-3-retry-baseline/wide-round-1-jobs-8/store/1a8zaldbd20c4yz82a7p4plp7gbmz28n-leaf-24.drv","",1,1],"id":143091130433599,"level":3,"parent":0,"text":"building '/tmp/obrador-shared-pins-linux/round-3-retry-baseline/wide-round-1-jobs-8/store/1a8zaldbd20c4yz82a7p4plp7gbmz28n-leaf-24.drv'","type":105}
@nix {"action":"result","fields":[54,62,6,0],"id":143091130433538,"type":105}
@nix {"action":"result","fields":[0,0,0,0],"id":143091130433539,"type":105}
@nix {"action":"result","fields":[101,0],"id":143091130433537,"type":106}
@nix {"action":"result","fields":[100,0],"id":143091130433537,"type":106}
@nix {"action":"start","fields":["/tmp/obrador-shared-pins-linux/round-3-retry-baseline/wide-round-1-jobs-8/store/hkkx45h9skgk4b982ipyci0zslcd65hb-leaf-28.drv","",1,1],"id":143091130433600,"level":3,"parent":0,"text":"building '/tmp/obrador-shared-pins-linux/round-3-retry-baseline/wide-round-1-jobs-8/store/hkkx45h9skgk4b982ipyci0zslcd65hb-leaf-28.drv'","type":105}
@nix {"action":"result","fields":[54,62,7,0],"id":143091130433538,"type":105}
@nix {"action":"result","fields":[0,0,0,0],"id":143091130433539,"type":105}
@nix {"action":"result","fields":[101,0],"id":143091130433537,"type":106}
@nix {"action":"result","fields":[100,0],"id":143091130433537,"type":106}
@nix {"action":"start","fields":["/tmp/obrador-shared-pins-linux/round-3-retry-baseline/wide-round-1-jobs-8/store/8199zz06xf329y5xr4w51wp76vm0dazn-leaf-30.drv","",1,1],"id":143091130433601,"level":3,"parent":0,"text":"building '/tmp/obrador-shared-pins-linux/round-3-retry-baseline/wide-round-1-jobs-8/store/8199zz06xf329y5xr4w51wp76vm0dazn-leaf-30.drv'","type":105}
@nix {"action":"result","fields":[54,62,8,0],"id":143091130433538,"type":105}
@nix {"action":"result","fields":[0,0,0,0],"id":143091130433539,"type":105}
@nix {"action":"result","fields":[101,0],"id":143091130433537,"type":106}
@nix {"action":"result","fields":[100,0],"id":143091130433537,"type":106}
@nix {"action":"result","fields":[54,63,8,0],"id":143091130433538,"type":105}
@nix {"action":"result","fields":[0,0,0,0],"id":143091130433539,"type":105}
@nix {"action":"result","fields":[101,0],"id":143091130433537,"type":106}
@nix {"action":"result","fields":[100,0],"id":143091130433537,"type":106}
@nix {"action":"result","fields":[54,64,8,0],"id":143091130433538,"type":105}
@nix {"action":"result","fields":[0,0,0,0],"id":143091130433539,"type":105}
@nix {"action":"result","fields":[101,0],"id":143091130433537,"type":106}
@nix {"action":"result","fields":[100,0],"id":143091130433537,"type":106}
@nix {"action":"result","fields":[55,65,7,0],"id":143091130433538,"type":105}
@nix {"action":"result","fields":[0,0,0,0],"id":143091130433539,"type":105}
@nix {"action":"result","fields":[101,0],"id":143091130433537,"type":106}
@nix {"action":"result","fields":[100,0],"id":143091130433537,"type":106}
@nix {"action":"stop","id":143091130433594}
@nix {"action":"result","fields":[56,66,6,0],"id":143091130433538,"type":105}
@nix {"action":"result","fields":[0,0,0,0],"id":143091130433539,"type":105}
@nix {"action":"result","fields":[101,0],"id":143091130433537,"type":106}
@nix {"action":"result","fields":[100,0],"id":143091130433537,"type":106}
@nix {"action":"stop","id":143091130433595}
@nix {"action":"result","fields":[57,67,5,0],"id":143091130433538,"type":105}
@nix {"action":"result","fields":[0,0,0,0],"id":143091130433539,"type":105}
@nix {"action":"result","fields":[101,0],"id":143091130433537,"type":106}
@nix {"action":"result","fields":[100,0],"id":143091130433537,"type":106}
@nix {"action":"stop","id":143091130433596}
@nix {"action":"result","fields":[58,68,4,0],"id":143091130433538,"type":105}
@nix {"action":"result","fields":[0,0,0,0],"id":143091130433539,"type":105}
@nix {"action":"result","fields":[101,0],"id":143091130433537,"type":106}
@nix {"action":"result","fields":[100,0],"id":143091130433537,"type":106}
@nix {"action":"stop","id":143091130433597}
@nix {"action":"result","fields":[59,69,3,0],"id":143091130433538,"type":105}
@nix {"action":"result","fields":[0,0,0,0],"id":143091130433539,"type":105}
@nix {"action":"result","fields":[101,0],"id":143091130433537,"type":106}
@nix {"action":"result","fields":[100,0],"id":143091130433537,"type":106}
@nix {"action":"stop","id":143091130433598}
@nix {"action":"result","fields":[60,70,2,0],"id":143091130433538,"type":105}
@nix {"action":"result","fields":[0,0,0,0],"id":143091130433539,"type":105}
@nix {"action":"result","fields":[101,0],"id":143091130433537,"type":106}
@nix {"action":"result","fields":[100,0],"id":143091130433537,"type":106}
@nix {"action":"stop","id":143091130433599}
@nix {"action":"result","fields":[61,71,1,0],"id":143091130433538,"type":105}
@nix {"action":"result","fields":[0,0,0,0],"id":143091130433539,"type":105}
@nix {"action":"result","fields":[101,0],"id":143091130433537,"type":106}
@nix {"action":"result","fields":[100,0],"id":143091130433537,"type":106}
@nix {"action":"stop","id":143091130433600}
@nix {"action":"result","fields":[62,72,0,0],"id":143091130433538,"type":105}
@nix {"action":"result","fields":[0,0,0,0],"id":143091130433539,"type":105}
@nix {"action":"result","fields":[101,0],"id":143091130433537,"type":106}
@nix {"action":"result","fields":[100,0],"id":143091130433537,"type":106}
@nix {"action":"stop","id":143091130433601}
@nix {"action":"start","fields":["/tmp/obrador-shared-pins-linux/round-3-retry-baseline/wide-round-1-jobs-8/store/h1bdlzambx1vxyyqkq31wk4wi77gr53b-leaf-29.drv","",1,1],"id":143091130433602,"level":3,"parent":0,"text":"building '/tmp/obrador-shared-pins-linux/round-3-retry-baseline/wide-round-1-jobs-8/store/h1bdlzambx1vxyyqkq31wk4wi77gr53b-leaf-29.drv'","type":105}
@nix {"action":"result","fields":[62,64,1,0],"id":143091130433538,"type":105}
@nix {"action":"result","fields":[0,0,0,0],"id":143091130433539,"type":105}
@nix {"action":"result","fields":[101,0],"id":143091130433537,"type":106}
@nix {"action":"result","fields":[100,0],"id":143091130433537,"type":106}
@nix {"action":"start","fields":["/tmp/obrador-shared-pins-linux/round-3-retry-baseline/wide-round-1-jobs-8/store/gbs2m6qvhiv8rrd9y4wzy7iwyb9frhrh-leaf-3.drv","",1,1],"id":143091130433603,"level":3,"parent":0,"text":"building '/tmp/obrador-shared-pins-linux/round-3-retry-baseline/wide-round-1-jobs-8/store/gbs2m6qvhiv8rrd9y4wzy7iwyb9frhrh-leaf-3.drv'","type":105}
@nix {"action":"result","fields":[62,64,2,0],"id":143091130433538,"type":105}
@nix {"action":"result","fields":[0,0,0,0],"id":143091130433539,"type":105}
@nix {"action":"result","fields":[101,0],"id":143091130433537,"type":106}
@nix {"action":"result","fields":[100,0],"id":143091130433537,"type":106}
@nix {"action":"result","fields":[63,65,1,0],"id":143091130433538,"type":105}
@nix {"action":"result","fields":[0,0,0,0],"id":143091130433539,"type":105}
@nix {"action":"result","fields":[101,0],"id":143091130433537,"type":106}
@nix {"action":"result","fields":[100,0],"id":143091130433537,"type":106}
@nix {"action":"stop","id":143091130433602}
@nix {"action":"result","fields":[64,65,0,0],"id":143091130433538,"type":105}
@nix {"action":"result","fields":[0,0,0,0],"id":143091130433539,"type":105}
@nix {"action":"result","fields":[101,0],"id":143091130433537,"type":106}
@nix {"action":"result","fields":[100,0],"id":143091130433537,"type":106}
@nix {"action":"stop","id":143091130433603}
@nix {"action":"stop","id":143091130433539}
@nix {"action":"stop","id":143091130433538}
@nix {"action":"stop","id":143091130433537}
