@nix {"action":"start","id":912371312754688,"level":6,"parent":0,"text":"querying info about missing paths","type":0}
@nix {"action":"msg","level":1,"msg":"\u001b[35;1mwarning:\u001b[0m Ignoring dynamic derivation /tmp/casita-chain-rerun-l2oceybd/round-3-after/chain-round-1-jobs-8/store/a0jhpn7iyv6d2b1zzc968386xw37vwvs-leaf-31.drv.drv^out while querying missing paths; not yet implemented"}
@nix {"action":"stop","id":912371312754688}
@nix {"action":"start","id":912371312754689,"level":0,"parent":0,"text":"","type":102}
@nix {"action":"start","id":912371312754690,"level":0,"parent":0,"text":"","type":104}
@nix {"action":"start","id":912371312754691,"level":0,"parent":0,"text":"","type":103}
@nix {"action":"result","fields":[0,0,0,0],"id":912371312754690,"type":105}
@nix {"action":"result","fields":[0,0,0,0],"id":912371312754691,"type":105}
@nix {"action":"result","fields":[101,0],"id":912371312754689,"type":106}
@nix {"action":"result","fields":[100,0],"id":912371312754689,"type":106}
@nix {"action":"result","fields":[0,0,0,0],"id":912371312754690,"type":105}
@nix {"action":"result","fields":[0,0,0,0],"id":912371312754691,"type":105}
@nix {"action":"result","fields":[101,0],"id":912371312754689,"type":106}
@nix {"action":"result","fields":[100,0],"id":912371312754689,"type":106}
@nix {"action":"result","fields":[0,1,0,0],"id":912371312754690,"type":105}
@nix {"action":"result","fields":[0,0,0,0],"id":912371312754691,"type":105}
@nix {"action":"result","fields":[101,0],"id":912371312754689,"type":106}
@nix {"action":"result","fields":[100,0],"id":912371312754689,"type":106}
@nix {"action":"result","fields":[0,1,0,0],"id":912371312754690,"type":105}
@nix {"action":"result","fields":[0,0,0,0],"id":912371312754691,"type":105}
@nix {"action":"result","fields":[101,0],"id":912371312754689,"type":106}
@nix {"action":"result","fields":[100,0],"id":912371312754689,"type":106}
@nix {"action":"result","fields":[0,1,0,0],"id":912371312754690,"type":105}
@nix {"action":"result","fields":[0,0,0,0],"id":912371312754691,"type":105}
@nix {"action":"result","fields":[101,0],"id":912371312754689,"type":106}
@nix {"action":"result","fields":[100,0],"id":912371312754689,"type":106}
@nix {"action":"result","fields":[0,2,0,0],"id":912371312754690,"type":105}
@nix {"action":"result","fields":[0,0,0,0],"id":912371312754691,"type":105}
@nix {"action":"result","fields":[101,0],"id":912371312754689,"type":106}
@nix {"action":"result","fields":[100,0],"id":912371312754689,"type":106}
@nix {"action":"result","fields":[0,2,0,0],"id":912371312754690,"type":105}
@nix {"action":"result","fields":[0,0,0,0],"id":912371312754691,"type":105}
@nix {"action":"result","fields":[101,0],"id":912371312754689,"type":106}
@nix {"action":"result","fields":[100,0],"id":912371312754689,"type":106}
@nix {"action":"result","fields":[0,2,0,0],"id":912371312754690,"type":105}
@nix {"action":"result","fields":[0,0,0,0],"id":912371312754691,"type":105}
@nix {"action":"result","fields":[101,0],"id":912371312754689,"type":106}
@nix {"action":"result","fields":[100,0],"id":912371312754689,"type":106}
@nix {"action":"result","fields":[0,3,0,0],"id":912371312754690,"type":105}
@nix {"action":"result","fields":[0,0,0,0],"id":912371312754691,"type":105}
@nix {"action":"result","fields":[101,0],"id":912371312754689,"type":106}
@nix {"action":"result","fields":[100,0],"id":912371312754689,"type":106}
@nix {"action":"result","fields":[0,3,0,0],"id":912371312754690,"type":105}
@nix {"action":"result","fields":[0,0,0,0],"id":912371312754691,"type":105}
@nix {"action":"result","fields":[101,0],"id":912371312754689,"type":106}
@nix {"action":"result","fields":[100,0],"id":912371312754689,"type":106}
@nix {"action":"result","fields":[0,3,0,0],"id":912371312754690,"type":105}
@nix {"action":"result","fields":[0,0,0,0],"id":912371312754691,"type":105}
@nix {"action":"result","fields":[101,0],"id":912371312754689,"type":106}
@nix {"action":"result","fields":[100,0],"id":912371312754689,"type":106}
@nix {"action":"result","fields":[0,4,0,0],"id":912371312754690,"type":105}
@nix {"action":"result","fields":[0,0,0,0],"id":912371312754691,"type":105}
@nix {"action":"result","fields":[101,0],"id":912371312754689,"type":106}
@nix {"action":"result","fields":[100,0],"id":912371312754689,"type":106}
@nix {"action":"result","fields":[0,4,0,0],"id":912371312754690,"type":105}
@nix {"action":"result","fields":[0,0,0,0],"id":912371312754691,"type":105}
@nix {"action":"result","fields":[101,0],"id":912371312754689,"type":106}
@nix {"action":"result","fields":[100,0],"id":912371312754689,"type":106}
@nix {"action":"result","fields":[0,4,0,0],"id":912371312754690,"type":105}
@nix {"action":"result","fields":[0,0,0,0],"id":912371312754691,"type":105}
@nix {"action":"result","fields":[101,0],"id":912371312754689,"type":106}
@nix {"action":"result","fields":[100,0],"id":912371312754689,"type":106}
@nix {"action":"result","fields":[0,5,0,0],"id":912371312754690,"type":105}
@nix {"action":"result","fields":[0,0,0,0],"id":912371312754691,"type":105}
@nix {"action":"result","fields":[101,0],"id":912371312754689,"type":106}
@nix {"action":"result","fields":[100,0],"id":912371312754689,"type":106}
@nix {"action":"result","fields":[0,5,0,0],"id":912371312754690,"type":105}
@nix {"action":"result","fields":[0,0,0,0],"id":912371312754691,"type":105}
@nix {"action":"result","fields":[101,0],"id":912371312754689,"type":106}
@nix {"action":"result","fields":[100,0],"id":912371312754689,"type":106}
@nix {"action":"result","fields":[0,5,0,0],"id":912371312754690,"type":105}
@nix {"action":"result","fields":[0,0,0,0],"id":912371312754691,"type":105}
@nix {"action":"result","fields":[101,0],"id":912371312754689,"type":106}
@nix {"action":"result","fields":[100,0],"id":912371312754689,"type":106}
@nix {"action":"result","fields":[0,6,0,0],"id":912371312754690,"type":105}
@nix {"action":"result","fields":[0,0,0,0],"id":912371312754691,"type":105}
@nix {"action":"result","fields":[101,0],"id":912371312754689,"type":106}
@nix {"action":"result","fields":[100,0],"id":912371312754689,"type":106}
@nix {"action":"result","fields":[0,6,0,0],"id":912371312754690,"type":105}
@nix {"action":"result","fields":[0,0,0,0],"id":912371312754691,"type":105}
@nix {"action":"result","fields":[101,0],"id":912371312754689,"type":106}
@nix {"action":"result","fields":[100,0],"id":912371312754689,"type":106}
@nix {"action":"result","fields":[0,6,0,0],"id":912371312754690,"type":105}
@nix {"action":"result","fields":[0,0,0,0],"id":912371312754691,"type":105}
@nix {"action":"result","fields":[101,0],"id":912371312754689,"type":106}
@nix {"action":"result","fields":[100,0],"id":912371312754689,"type":106}
@nix {"action":"result","fields":[0,7,0,0],"id":912371312754690,"type":105}
@nix {"action":"result","fields":[0,0,0,0],"id":912371312754691,"type":105}
@nix {"action":"result","fields":[101,0],"id":912371312754689,"type":106}
@nix {"action":"result","fields":[100,0],"id":912371312754689,"type":106}
@nix {"action":"result","fields":[0,7,0,0],"id":912371312754690,"type":105}
@nix {"action":"result","fields":[0,0,0,0],"id":912371312754691,"type":105}
@nix {"action":"result","fields":[101,0],"id":912371312754689,"type":106}
@nix {"action":"result","fields":[100,0],"id":912371312754689,"type":106}
@nix {"action":"result","fields":[0,7,0,0],"id":912371312754690,"type":105}
@nix {"action":"result","fields":[0,0,0,0],"id":912371312754691,"type":105}
@nix {"action":"result","fields":[101,0],"id":912371312754689,"type":106}
@nix {"action":"result","fields":[100,0],"id":912371312754689,"type":106}
@nix {"action":"result","fields":[0,8,0,0],"id":912371312754690,"type":105}
@nix {"action":"result","fields":[0,0,0,0],"id":912371312754691,"type":105}
@nix {"action":"result","fields":[101,0],"id":912371312754689,"type":106}
@nix {"action":"result","fields":[100,0],"id":912371312754689,"type":106}
@nix {"action":"result","fields":[0,8,0,0],"id":912371312754690,"type":105}
@nix {"action":"result","fields":[0,0,0,0],"id":912371312754691,"type":105}
@nix {"action":"result","fields":[101,0],"id":912371312754689,"type":106}
@nix {"action":"result","fields":[100,0],"id":912371312754689,"type":106}
@nix {"action":"result","fields":[0,8,0,0],"id":912371312754690,"type":105}
@nix {"action":"result","fields":[0,0,0,0],"id":912371312754691,"type":105}
@nix {"action":"result","fields":[101,0],"id":912371312754689,"type":106}
@nix {"action":"result","fields":[100,0],"id":912371312754689,"type":106}
@nix {"action":"result","fields":[0,9,0,0],"id":912371312754690,"type":105}
@nix {"action":"result","fields":[0,0,0,0],"id":912371312754691,"type":105}
@nix {"action":"result","fields":[101,0],"id":912371312754689,"type":106}
@nix {"action":"result","fields":[100,0],"id":912371312754689,"type":106}
@nix {"action":"result","fields":[0,9,0,0],"id":912371312754690,"type":105}
@nix {"action":"result","fields":[0,0,0,0],"id":912371312754691,"type":105}
@nix {"action":"result","fields":[101,0],"id":912371312754689,"type":106}
@nix {"action":"result","fields":[100,0],"id":912371312754689,"type":106}
@nix {"action":"result","fields":[0,9,0,0],"id":912371312754690,"type":105}
@nix {"action":"result","fields":[0,0,0,0],"id":912371312754691,"type":105}
@nix {"action":"result","fields":[101,0],"id":912371312754689,"type":106}
@nix {"action":"result","fields":[100,0],"id":912371312754689,"type":106}
@nix {"action":"result","fields":[0,10,0,0],"id":912371312754690,"type":105}
@nix {"action":"result","fields":[0,0,0,0],"id":912371312754691,"type":105}
@nix {"action":"result","fields":[101,0],"id":912371312754689,"type":106}
@nix {"action":"result","fields":[100,0],"id":912371312754689,"type":106}
@nix {"action":"result","fields":[0,10,0,0],"id":912371312754690,"type":105}
@nix {"action":"result","fields":[0,0,0,0],"id":912371312754691,"type":105}
@nix {"action":"result","fields":[101,0],"id":912371312754689,"type":106}
@nix {"action":"result","fields":[100,0],"id":912371312754689,"type":106}
@nix {"action":"result","fields":[0,10,0,0],"id":912371312754690,"type":105}
@nix {"action":"result","fields":[0,0,0,0],"id":912371312754691,"type":105}
@nix {"action":"result","fields":[101,0],"id":912371312754689,"type":106}
@nix {"action":"result","fields":[100,0],"id":912371312754689,"type":106}
@nix {"action":"result","fields":[0,11,0,0],"id":912371312754690,"type":105}
@nix {"action":"result","fields":[0,0,0,0],"id":912371312754691,"type":105}
@nix {"action":"result","fields":[101,0],"id":912371312754689,"type":106}
@nix {"action":"result","fields":[100,0],"id":912371312754689,"type":106}
@nix {"action":"result","fields":[0,11,0,0],"id":912371312754690,"type":105}
@nix {"action":"result","fields":[0,0,0,0],"id":912371312754691,"type":105}
@nix {"action":"result","fields":[101,0],"id":912371312754689,"type":106}
@nix {"action":"result","fields":[100,0],"id":912371312754689,"type":106}
@nix {"action":"result","fields":[0,11,0,0],"id":912371312754690,"type":105}
@nix {"action":"result","fields":[0,0,0,0],"id":912371312754691,"type":105}
@nix {"action":"result","fields":[101,0],"id":912371312754689,"type":106}
@nix {"action":"result","fields":[100,0],"id":912371312754689,"type":106}
@nix {"action":"result","fields":[0,12,0,0],"id":912371312754690,"type":105}
@nix {"action":"result","fields":[0,0,0,0],"id":912371312754691,"type":105}
@nix {"action":"result","fields":[101,0],"id":912371312754689,"type":106}
@nix {"action":"result","fields":[100,0],"id":912371312754689,"type":106}
@nix {"action":"result","fields":[0,12,0,0],"id":912371312754690,"type":105}
@nix {"action":"result","fields":[0,0,0,0],"id":912371312754691,"type":105}
@nix {"action":"result","fields":[101,0],"id":912371312754689,"type":106}
@nix {"action":"result","fields":[100,0],"id":912371312754689,"type":106}
@nix {"action":"result","fields":[0,12,0,0],"id":912371312754690,"type":105}
@nix {"action":"result","fields":[0,0,0,0],"id":912371312754691,"type":105}
@nix {"action":"result","fields":[101,0],"id":912371312754689,"type":106}
@nix {"action":"result","fields":[100,0],"id":912371312754689,"type":106}
@nix {"action":"result","fields":[0,13,0,0],"id":912371312754690,"type":105}
@nix {"action":"result","fields":[0,0,0,0],"id":912371312754691,"type":105}
@nix {"action":"result","fields":[101,0],"id":912371312754689,"type":106}
@nix {"action":"result","fields":[100,0],"id":912371312754689,"type":106}
@nix {"action":"result","fields":[0,13,0,0],"id":912371312754690,"type":105}
@nix {"action":"result","fields":[0,0,0,0],"id":912371312754691,"type":105}
@nix {"action":"result","fields":[101,0],"id":912371312754689,"type":106}
@nix {"action":"result","fields":[100,0],"id":912371312754689,"type":106}
@nix {"action":"result","fields":[0,13,0,0],"id":912371312754690,"type":105}
@nix {"action":"result","fields":[0,0,0,0],"id":912371312754691,"type":105}
@nix {"action":"result","fields":[101,0],"id":912371312754689,"type":106}
@nix {"action":"result","fields":[100,0],"id":912371312754689,"type":106}
@nix {"action":"result","fields":[0,14,0,0],"id":912371312754690,"type":105}
@nix {"action":"result","fields":[0,0,0,0],"id":912371312754691,"type":105}
@nix {"action":"result","fields":[101,0],"id":912371312754689,"type":106}
@nix {"action":"result","fields":[100,0],"id":912371312754689,"type":106}
@nix {"action":"result","fields":[0,14,0,0],"id":912371312754690,"type":105}
@nix {"action":"result","fields":[0,0,0,0],"id":912371312754691,"type":105}
@nix {"action":"result","fields":[101,0],"id":912371312754689,"type":106}
@nix {"action":"result","fields":[100,0],"id":912371312754689,"type":106}
@nix {"action":"result","fields":[0,14,0,0],"id":912371312754690,"type":105}
@nix {"action":"result","fields":[0,0,0,0],"id":912371312754691,"type":105}
@nix {"action":"result","fields":[101,0],"id":912371312754689,"type":106}
@nix {"action":"result","fields":[100,0],"id":912371312754689,"type":106}
@nix {"action":"result","fields":[0,15,0,0],"id":912371312754690,"type":105}
@nix {"action":"result","fields":[0,0,0,0],"id":912371312754691,"type":105}
@nix {"action":"result","fields":[101,0],"id":912371312754689,"type":106}
@nix {"action":"result","fields":[100,0],"id":912371312754689,"type":106}
@nix {"action":"result","fields":[0,15,0,0],"id":912371312754690,"type":105}
@nix {"action":"result","fields":[0,0,0,0],"id":912371312754691,"type":105}
@nix {"action":"result","fields":[101,0],"id":912371312754689,"type":106}
@nix {"action":"result","fields":[100,0],"id":912371312754689,"type":106}
@nix {"action":"result","fields":[0,15,0,0],"id":912371312754690,"type":105}
@nix {"action":"result","fields":[0,0,0,0],"id":912371312754691,"type":105}
@nix {"action":"result","fields":[101,0],"id":912371312754689,"type":106}
@nix {"action":"result","fields":[100,0],"id":912371312754689,"type":106}
@nix {"action":"result","fields":[0,16,0,0],"id":912371312754690,"type":105}
@nix {"action":"result","fields":[0,0,0,0],"id":912371312754691,"type":105}
@nix {"action":"result","fields":[101,0],"id":912371312754689,"type":106}
@nix {"action":"result","fields":[100,0],"id":912371312754689,"type":106}
@nix {"action":"result","fields":[0,16,0,0],"id":912371312754690,"type":105}
@nix {"action":"result","fields":[0,0,0,0],"id":912371312754691,"type":105}
@nix {"action":"result","fields":[101,0],"id":912371312754689,"type":106}
@nix {"action":"result","fields":[100,0],"id":912371312754689,"type":106}
@nix {"action":"result","fields":[0,16,0,0],"id":912371312754690,"type":105}
@nix {"action":"result","fields":[0,0,0,0],"id":912371312754691,"type":105}
@nix {"action":"result","fields":[101,0],"id":912371312754689,"type":106}
@nix {"action":"result","fields":[100,0],"id":912371312754689,"type":106}
@nix {"action":"result","fields":[0,17,0,0],"id":912371312754690,"type":105}
@nix {"action":"result","fields":[0,0,0,0],"id":912371312754691,"type":105}
@nix {"action":"result","fields":[101,0],"id":912371312754689,"type":106}
@nix {"action":"result","fields":[100,0],"id":912371312754689,"type":106}
@nix {"action":"result","fields":[0,17,0,0],"id":912371312754690,"type":105}
@nix {"action":"result","fields":[0,0,0,0],"id":912371312754691,"type":105}
@nix {"action":"result","fields":[101,0],"id":912371312754689,"type":106}
@nix {"action":"result","fields":[100,0],"id":912371312754689,"type":106}
@nix {"action":"result","fields":[0,17,0,0],"id":912371312754690,"type":105}
@nix {"action":"result","fields":[0,0,0,0],"id":912371312754691,"type":105}
@nix {"action":"result","fields":[101,0],"id":912371312754689,"type":106}
@nix {"action":"result","fields":[100,0],"id":912371312754689,"type":106}
@nix {"action":"result","fields":[0,18,0,0],"id":912371312754690,"type":105}
@nix {"action":"result","fields":[0,0,0,0],"id":912371312754691,"type":105}
@nix {"action":"result","fields":[101,0],"id":912371312754689,"type":106}
@nix {"action":"result","fields":[100,0],"id":912371312754689,"type":106}
@nix {"action":"result","fields":[0,18,0,0],"id":912371312754690,"type":105}
@nix {"action":"result","fields":[0,0,0,0],"id":912371312754691,"type":105}
@nix {"action":"result","fields":[101,0],"id":912371312754689,"type":106}
@nix {"action":"result","fields":[100,0],"id":912371312754689,"type":106}
@nix {"action":"result","fields":[0,18,0,0],"id":912371312754690,"type":105}
@nix {"action":"result","fields":[0,0,0,0],"id":912371312754691,"type":105}
@nix {"action":"result","fields":[101,0],"id":912371312754689,"type":106}
@nix {"action":"result","fields":[100,0],"id":912371312754689,"type":106}
@nix {"action":"result","fields":[0,19,0,0],"id":912371312754690,"type":105}
@nix {"action":"result","fields":[0,0,0,0],"id":912371312754691,"type":105}
@nix {"action":"result","fields":[101,0],"id":912371312754689,"type":106}
@nix {"action":"result","fields":[100,0],"id":912371312754689,"type":106}
@nix {"action":"result","fields":[0,19,0,0],"id":912371312754690,"type":105}
@nix {"action":"result","fields":[0,0,0,0],"id":912371312754691,"type":105}
@nix {"action":"result","fields":[101,0],"id":912371312754689,"type":106}
@nix {"action":"result","fields":[100,0],"id":912371312754689,"type":106}
@nix {"action":"result","fields":[0,19,0,0],"id":912371312754690,"type":105}
@nix {"action":"result","fields":[0,0,0,0],"id":912371312754691,"type":105}
@nix {"action":"result","fields":[101,0],"id":912371312754689,"type":106}
@nix {"action":"result","fields":[100,0],"id":912371312754689,"type":106}
@nix {"action":"result","fields":[0,20,0,0],"id":912371312754690,"type":105}
@nix {"action":"result","fields":[0,0,0,0],"id":912371312754691,"type":105}
@nix {"action":"result","fields":[101,0],"id":912371312754689,"type":106}
@nix {"action":"result","fields":[100,0],"id":912371312754689,"type":106}
@nix {"action":"result","fields":[0,20,0,0],"id":912371312754690,"type":105}
@nix {"action":"result","fields":[0,0,0,0],"id":912371312754691,"type":105}
@nix {"action":"result","fields":[101,0],"id":912371312754689,"type":106}
@nix {"action":"result","fields":[100,0],"id":912371312754689,"type":106}
@nix {"action":"result","fields":[0,20,0,0],"id":912371312754690,"type":105}
@nix {"action":"result","fields":[0,0,0,0],"id":912371312754691,"type":105}
@nix {"action":"result","fields":[101,0],"id":912371312754689,"type":106}
@nix {"action":"result","fields":[100,0],"id":912371312754689,"type":106}
@nix {"action":"result","fields":[0,21,0,0],"id":912371312754690,"type":105}
@nix {"action":"result","fields":[0,0,0,0],"id":912371312754691,"type":105}
@nix {"action":"result","fields":[101,0],"id":912371312754689,"type":106}
@nix {"action":"result","fields":[100,0],"id":912371312754689,"type":106}
@nix {"action":"result","fields":[0,21,0,0],"id":912371312754690,"type":105}
@nix {"action":"result","fields":[0,0,0,0],"id":912371312754691,"type":105}
@nix {"action":"result","fields":[101,0],"id":912371312754689,"type":106}
@nix {"action":"result","fields":[100,0],"id":912371312754689,"type":106}
@nix {"action":"result","fields":[0,21,0,0],"id":912371312754690,"type":105}
@nix {"action":"result","fields":[0,0,0,0],"id":912371312754691,"type":105}
@nix {"action":"result","fields":[101,0],"id":912371312754689,"type":106}
@nix {"action":"result","fields":[100,0],"id":912371312754689,"type":106}
@nix {"action":"result","fields":[0,22,0,0],"id":912371312754690,"type":105}
@nix {"action":"result","fields":[0,0,0,0],"id":912371312754691,"type":105}
@nix {"action":"result","fields":[101,0],"id":912371312754689,"type":106}
@nix {"action":"result","fields":[100,0],"id":912371312754689,"type":106}
@nix {"action":"result","fields":[0,22,0,0],"id":912371312754690,"type":105}
@nix {"action":"result","fields":[0,0,0,0],"id":912371312754691,"type":105}
@nix {"action":"result","fields":[101,0],"id":912371312754689,"type":106}
@nix {"action":"result","fields":[100,0],"id":912371312754689,"type":106}
@nix {"action":"result","fields":[0,22,0,0],"id":912371312754690,"type":105}
@nix {"action":"result","fields":[0,0,0,0],"id":912371312754691,"type":105}
@nix {"action":"result","fields":[101,0],"id":912371312754689,"type":106}
@nix {"action":"result","fields":[100,0],"id":912371312754689,"type":106}
@nix {"action":"result","fields":[0,23,0,0],"id":912371312754690,"type":105}
@nix {"action":"result","fields":[0,0,0,0],"id":912371312754691,"type":105}
@nix {"action":"result","fields":[101,0],"id":912371312754689,"type":106}
@nix {"action":"result","fields":[100,0],"id":912371312754689,"type":106}
@nix {"action":"result","fields":[0,23,0,0],"id":912371312754690,"type":105}
@nix {"action":"result","fields":[0,0,0,0],"id":912371312754691,"type":105}
@nix {"action":"result","fields":[101,0],"id":912371312754689,"type":106}
@nix {"action":"result","fields":[100,0],"id":912371312754689,"type":106}
@nix {"action":"result","fields":[0,23,0,0],"id":912371312754690,"type":105}
@nix {"action":"result","fields":[0,0,0,0],"id":912371312754691,"type":105}
@nix {"action":"result","fields":[101,0],"id":912371312754689,"type":106}
@nix {"action":"result","fields":[100,0],"id":912371312754689,"type":106}
@nix {"action":"result","fields":[0,24,0,0],"id":912371312754690,"type":105}
@nix {"action":"result","fields":[0,0,0,0],"id":912371312754691,"type":105}
@nix {"action":"result","fields":[101,0],"id":912371312754689,"type":106}
@nix {"action":"result","fields":[100,0],"id":912371312754689,"type":106}
@nix {"action":"result","fields":[0,24,0,0],"id":912371312754690,"type":105}
@nix {"action":"result","fields":[0,0,0,0],"id":912371312754691,"type":105}
@nix {"action":"result","fields":[101,0],"id":912371312754689,"type":106}
@nix {"action":"result","fields":[100,0],"id":912371312754689,"type":106}
@nix {"action":"result","fields":[0,24,0,0],"id":912371312754690,"type":105}
@nix {"action":"result","fields":[0,0,0,0],"id":912371312754691,"type":105}
@nix {"action":"result","fields":[101,0],"id":912371312754689,"type":106}
@nix {"action":"result","fields":[100,0],"id":912371312754689,"type":106}
@nix {"action":"result","fields":[0,25,0,0],"id":912371312754690,"type":105}
@nix {"action":"result","fields":[0,0,0,0],"id":912371312754691,"type":105}
@nix {"action":"result","fields":[101,0],"id":912371312754689,"type":106}
@nix {"action":"result","fields":[100,0],"id":912371312754689,"type":106}
@nix {"action":"result","fields":[0,25,0,0],"id":912371312754690,"type":105}
@nix {"action":"result","fields":[0,0,0,0],"id":912371312754691,"type":105}
@nix {"action":"result","fields":[101,0],"id":912371312754689,"type":106}
@nix {"action":"result","fields":[100,0],"id":912371312754689,"type":106}
@nix {"action":"result","fields":[0,25,0,0],"id":912371312754690,"type":105}
@nix {"action":"result","fields":[0,0,0,0],"id":912371312754691,"type":105}
@nix {"action":"result","fields":[101,0],"id":912371312754689,"type":106}
@nix {"action":"result","fields":[100,0],"id":912371312754689,"type":106}
@nix {"action":"result","fields":[0,26,0,0],"id":912371312754690,"type":105}
@nix {"action":"result","fields":[0,0,0,0],"id":912371312754691,"type":105}
@nix {"action":"result","fields":[101,0],"id":912371312754689,"type":106}
@nix {"action":"result","fields":[100,0],"id":912371312754689,"type":106}
@nix {"action":"result","fields":[0,26,0,0],"id":912371312754690,"type":105}
@nix {"action":"result","fields":[0,0,0,0],"id":912371312754691,"type":105}
@nix {"action":"result","fields":[101,0],"id":912371312754689,"type":106}
@nix {"action":"result","fields":[100,0],"id":912371312754689,"type":106}
@nix {"action":"result","fields":[0,26,0,0],"id":912371312754690,"type":105}
@nix {"action":"result","fields":[0,0,0,0],"id":912371312754691,"type":105}
@nix {"action":"result","fields":[101,0],"id":912371312754689,"type":106}
@nix {"action":"result","fields":[100,0],"id":912371312754689,"type":106}
@nix {"action":"result","fields":[0,27,0,0],"id":912371312754690,"type":105}
@nix {"action":"result","fields":[0,0,0,0],"id":912371312754691,"type":105}
@nix {"action":"result","fields":[101,0],"id":912371312754689,"type":106}
@nix {"action":"result","fields":[100,0],"id":912371312754689,"type":106}
@nix {"action":"result","fields":[0,27,0,0],"id":912371312754690,"type":105}
@nix {"action":"result","fields":[0,0,0,0],"id":912371312754691,"type":105}
@nix {"action":"result","fields":[101,0],"id":912371312754689,"type":106}
@nix {"action":"result","fields":[100,0],"id":912371312754689,"type":106}
@nix {"action":"result","fields":[0,27,0,0],"id":912371312754690,"type":105}
@nix {"action":"result","fields":[0,0,0,0],"id":912371312754691,"type":105}
@nix {"action":"result","fields":[101,0],"id":912371312754689,"type":106}
@nix {"action":"result","fields":[100,0],"id":912371312754689,"type":106}
@nix {"action":"result","fields":[0,28,0,0],"id":912371312754690,"type":105}
@nix {"action":"result","fields":[0,0,0,0],"id":912371312754691,"type":105}
@nix {"action":"result","fields":[101,0],"id":912371312754689,"type":106}
@nix {"action":"result","fields":[100,0],"id":912371312754689,"type":106}
@nix {"action":"result","fields":[0,28,0,0],"id":912371312754690,"type":105}
@nix {"action":"result","fields":[0,0,0,0],"id":912371312754691,"type":105}
@nix {"action":"result","fields":[101,0],"id":912371312754689,"type":106}
@nix {"action":"result","fields":[100,0],"id":912371312754689,"type":106}
@nix {"action":"result","fields":[0,28,0,0],"id":912371312754690,"type":105}
@nix {"action":"result","fields":[0,0,0,0],"id":912371312754691,"type":105}
@nix {"action":"result","fields":[101,0],"id":912371312754689,"type":106}
@nix {"action":"result","fields":[100,0],"id":912371312754689,"type":106}
@nix {"action":"result","fields":[0,29,0,0],"id":912371312754690,"type":105}
@nix {"action":"result","fields":[0,0,0,0],"id":912371312754691,"type":105}
@nix {"action":"result","fields":[101,0],"id":912371312754689,"type":106}
@nix {"action":"result","fields":[100,0],"id":912371312754689,"type":106}
@nix {"action":"result","fields":[0,29,0,0],"id":912371312754690,"type":105}
@nix {"action":"result","fields":[0,0,0,0],"id":912371312754691,"type":105}
@nix {"action":"result","fields":[101,0],"id":912371312754689,"type":106}
@nix {"action":"result","fields":[100,0],"id":912371312754689,"type":106}
@nix {"action":"result","fields":[0,29,0,0],"id":912371312754690,"type":105}
@nix {"action":"result","fields":[0,0,0,0],"id":912371312754691,"type":105}
@nix {"action":"result","fields":[101,0],"id":912371312754689,"type":106}
@nix {"action":"result","fields":[100,0],"id":912371312754689,"type":106}
@nix {"action":"result","fields":[0,30,0,0],"id":912371312754690,"type":105}
@nix {"action":"result","fields":[0,0,0,0],"id":912371312754691,"type":105}
@nix {"action":"result","fields":[101,0],"id":912371312754689,"type":106}
@nix {"action":"result","fields":[100,0],"id":912371312754689,"type":106}
@nix {"action":"result","fields":[0,30,0,0],"id":912371312754690,"type":105}
@nix {"action":"result","fields":[0,0,0,0],"id":912371312754691,"type":105}
@nix {"action":"result","fields":[101,0],"id":912371312754689,"type":106}
@nix {"action":"result","fields":[100,0],"id":912371312754689,"type":106}
@nix {"action":"result","fields":[0,30,0,0],"id":912371312754690,"type":105}
@nix {"action":"result","fields":[0,0,0,0],"id":912371312754691,"type":105}
@nix {"action":"result","fields":[101,0],"id":912371312754689,"type":106}
@nix {"action":"result","fields":[100,0],"id":912371312754689,"type":106}
@nix {"action":"result","fields":[0,31,0,0],"id":912371312754690,"type":105}
@nix {"action":"result","fields":[0,0,0,0],"id":912371312754691,"type":105}
@nix {"action":"result","fields":[101,0],"id":912371312754689,"type":106}
@nix {"action":"result","fields":[100,0],"id":912371312754689,"type":106}
@nix {"action":"result","fields":[0,31,0,0],"id":912371312754690,"type":105}
@nix {"action":"result","fields":[0,0,0,0],"id":912371312754691,"type":105}
@nix {"action":"result","fields":[101,0],"id":912371312754689,"type":106}
@nix {"action":"result","fields":[100,0],"id":912371312754689,"type":106}
@nix {"action":"result","fields":[0,31,0,0],"id":912371312754690,"type":105}
@nix {"action":"result","fields":[0,0,0,0],"id":912371312754691,"type":105}
@nix {"action":"result","fields":[101,0],"id":912371312754689,"type":106}
@nix {"action":"result","fields":[100,0],"id":912371312754689,"type":106}
@nix {"action":"result","fields":[0,32,0,0],"id":912371312754690,"type":105}
@nix {"action":"result","fields":[0,0,0,0],"id":912371312754691,"type":105}
@nix {"action":"result","fields":[101,0],"id":912371312754689,"type":106}
@nix {"action":"result","fields":[100,0],"id":912371312754689,"type":106}
@nix {"action":"start","fields":["/tmp/casita-chain-rerun-l2oceybd/round-3-after/chain-round-1-jobs-8/store/vxifcgf5cxm0vvw19yagn933vdbn1hpq-leaf-0.drv.drv","",1,1],"id":912371312754692,"level":3,"parent":0,"text":"building '/tmp/casita-chain-rerun-l2oceybd/round-3-after/chain-round-1-jobs-8/store/vxifcgf5cxm0vvw19yagn933vdbn1hpq-leaf-0.drv.drv'","type":105}
@nix {"action":"result","fields":[0,32,1,0],"id":912371312754690,"type":105}
@nix {"action":"result","fields":[0,0,0,0],"id":912371312754691,"type":105}
@nix {"action":"result","fields":[101,0],"id":912371312754689,"type":106}
@nix {"action":"result","fields":[100,0],"id":912371312754689,"type":106}
@nix {"action":"result","fields":[1,33,0,0],"id":912371312754690,"type":105}
@nix {"action":"result","fields":[0,0,0,0],"id":912371312754691,"type":105}
@nix {"action":"result","fields":[101,0],"id":912371312754689,"type":106}
@nix {"action":"result","fields":[100,0],"id":912371312754689,"type":106}
@nix {"action":"stop","id":912371312754692}
@nix {"action":"result","fields":[1,33,0,0],"id":912371312754690,"type":105}
@nix {"action":"result","fields":[0,0,0,0],"id":912371312754691,"type":105}
@nix {"action":"result","fields":[101,0],"id":912371312754689,"type":106}
@nix {"action":"result","fields":[100,0],"id":912371312754689,"type":106}
@nix {"action":"start","fields":["/tmp/casita-chain-rerun-l2oceybd/round-3-after/chain-round-1-jobs-8/store/w10y0kpza7ybiww8yvdnfymf1w8q1iik-leaf-0.drv","",1,1],"id":912371312754693,"level":3,"parent":0,"text":"building '/tmp/casita-chain-rerun-l2oceybd/round-3-after/chain-round-1-jobs-8/store/w10y0kpza7ybiww8yvdnfymf1w8q1iik-leaf-0.drv'","type":105}
@nix {"action":"result","fields":[1,33,1,0],"id":912371312754690,"type":105}
@nix {"action":"result","fields":[0,0,0,0],"id":912371312754691,"type":105}
@nix {"action":"result","fields":[101,0],"id":912371312754689,"type":106}
@nix {"action":"result","fields":[100,0],"id":912371312754689,"type":106}
@nix {"action":"result","fields":[2,34,0,0],"id":912371312754690,"type":105}
@nix {"action":"result","fields":[0,0,0,0],"id":912371312754691,"type":105}
@nix {"action":"result","fields":[101,0],"id":912371312754689,"type":106}
@nix {"action":"result","fields":[100,0],"id":912371312754689,"type":106}
@nix {"action":"stop","id":912371312754693}
@nix {"action":"start","fields":["/tmp/casita-chain-rerun-l2oceybd/round-3-after/chain-round-1-jobs-8/store/cy2q3dd1823xv33rs0pghwrivx570ghy-leaf-1.drv.drv","/tmp/casita-chain-rerun-l2oceybd/round-3-after/chain-round-1-jobs-8/store/bmwzffx5wdv8x7vjcdf3dbd0pw5iva59-leaf-1.drv.drv"],"id":912371312754694,"level":3,"parent":0,"text":"resolved derivation: '/tmp/casita-chain-rerun-l2oceybd/round-3-after/chain-round-1-jobs-8/store/cy2q3dd1823xv33rs0pghwrivx570ghy-leaf-1.drv.drv' -> '/tmp/casita-chain-rerun-l2oceybd/round-3-after/chain-round-1-jobs-8/store/bmwzffx5wdv8x7vjcdf3dbd0pw5iva59-leaf-1.drv.drv'","type":111}
@nix {"action":"result","fields":[2,34,0,0],"id":912371312754690,"type":105}
@nix {"action":"result","fields":[0,0,0,0],"id":912371312754691,"type":105}
@nix {"action":"result","fields":[101,0],"id":912371312754689,"type":106}
@nix {"action":"result","fields":[100,0],"id":912371312754689,"type":106}
@nix {"action":"start","fields":["/tmp/casita-chain-rerun-l2oceybd/round-3-after/chain-round-1-jobs-8/store/bmwzffx5wdv8x7vjcdf3dbd0pw5iva59-leaf-1.drv.drv","",1,1],"id":912371312754695,"level":3,"parent":0,"text":"building '/tmp/casita-chain-rerun-l2oceybd/round-3-after/chain-round-1-jobs-8/store/bmwzffx5wdv8x7vjcdf3dbd0pw5iva59-leaf-1.drv.drv'","type":105}
@nix {"action":"result","fields":[2,34,1,0],"id":912371312754690,"type":105}
@nix {"action":"result","fields":[0,0,0,0],"id":912371312754691,"type":105}
@nix {"action":"result","fields":[101,0],"id":912371312754689,"type":106}
@nix {"action":"result","fields":[100,0],"id":912371312754689,"type":106}
@nix {"action":"result","fields":[3,35,0,0],"id":912371312754690,"type":105}
@nix {"action":"result","fields":[0,0,0,0],"id":912371312754691,"type":105}
@nix {"action":"result","fields":[101,0],"id":912371312754689,"type":106}
@nix {"action":"result","fields":[100,0],"id":912371312754689,"type":106}
@nix {"action":"stop","id":912371312754695}
@nix {"action":"result","fields":[4,35,0,0],"id":912371312754690,"type":105}
@nix {"action":"result","fields":[0,0,0,0],"id":912371312754691,"type":105}
@nix {"action":"result","fields":[101,0],"id":912371312754689,"type":106}
@nix {"action":"result","fields":[100,0],"id":912371312754689,"type":106}
@nix {"action":"stop","id":912371312754694}
@nix {"action":"result","fields":[4,35,0,0],"id":912371312754690,"type":105}
@nix {"action":"result","fields":[0,0,0,0],"id":912371312754691,"type":105}
@nix {"action":"result","fields":[101,0],"id":912371312754689,"type":106}
@nix {"action":"result","fields":[100,0],"id":912371312754689,"type":106}
@nix {"action":"start","fields":["/tmp/casita-chain-rerun-l2oceybd/round-3-after/chain-round-1-jobs-8/store/9a6x87ixg3pn5cx66arkwq1mhclrrnxh-leaf-1.drv","",1,1],"id":912371312754696,"level":3,"parent":0,"text":"building '/tmp/casita-chain-rerun-l2oceybd/round-3-after/chain-round-1-jobs-8/store/9a6x87ixg3pn5cx66arkwq1mhclrrnxh-leaf-1.drv'","type":105}
@nix {"action":"result","fields":[4,35,1,0],"id":912371312754690,"type":105}
@nix {"action":"result","fields":[0,0,0,0],"id":912371312754691,"type":105}
@nix {"action":"result","fields":[101,0],"id":912371312754689,"type":106}
@nix {"action":"result","fields":[100,0],"id":912371312754689,"type":106}
@nix {"action":"result","fields":[5,36,0,0],"id":912371312754690,"type":105}
@nix {"action":"result","fields":[0,0,0,0],"id":912371312754691,"type":105}
@nix {"action":"result","fields":[101,0],"id":912371312754689,"type":106}
@nix {"action":"result","fields":[100,0],"id":912371312754689,"type":106}
@nix {"action":"stop","id":912371312754696}
@nix {"action":"start","fields":["/tmp/casita-chain-rerun-l2oceybd/round-3-after/chain-round-1-jobs-8/store/86yqn47vkf7h5ah969dzn9mghw8am4ak-leaf-2.drv.drv","/tmp/casita-chain-rerun-l2oceybd/round-3-after/chain-round-1-jobs-8/store/1x8ciai2vkrsr4lk37129pcaax1b7a8v-leaf-2.drv.drv"],"id":912371312754697,"level":3,"parent":0,"text":"resolved derivation: '/tmp/casita-chain-rerun-l2oceybd/round-3-after/chain-round-1-jobs-8/store/86yqn47vkf7h5ah969dzn9mghw8am4ak-leaf-2.drv.drv' -> '/tmp/casita-chain-rerun-l2oceybd/round-3-after/chain-round-1-jobs-8/store/1x8ciai2vkrsr4lk37129pcaax1b7a8v-leaf-2.drv.drv'","type":111}
@nix {"action":"result","fields":[5,36,0,0],"id":912371312754690,"type":105}
@nix {"action":"result","fields":[0,0,0,0],"id":912371312754691,"type":105}
@nix {"action":"result","fields":[101,0],"id":912371312754689,"type":106}
@nix {"action":"result","fields":[100,0],"id":912371312754689,"type":106}
@nix {"action":"start","fields":["/tmp/casita-chain-rerun-l2oceybd/round-3-after/chain-round-1-jobs-8/store/1x8ciai2vkrsr4lk37129pcaax1b7a8v-leaf-2.drv.drv","",1,1],"id":912371312754698,"level":3,"parent":0,"text":"building '/tmp/casita-chain-rerun-l2oceybd/round-3-after/chain-round-1-jobs-8/store/1x8ciai2vkrsr4lk37129pcaax1b7a8v-leaf-2.drv.drv'","type":105}
@nix {"action":"result","fields":[5,36,1,0],"id":912371312754690,"type":105}
@nix {"action":"result","fields":[0,0,0,0],"id":912371312754691,"type":105}
@nix {"action":"result","fields":[101,0],"id":912371312754689,"type":106}
@nix {"action":"result","fields":[100,0],"id":912371312754689,"type":106}
@nix {"action":"result","fields":[6,37,0,0],"id":912371312754690,"type":105}
@nix {"action":"result","fields":[0,0,0,0],"id":912371312754691,"type":105}
@nix {"action":"result","fields":[101,0],"id":912371312754689,"type":106}
@nix {"action":"result","fields":[100,0],"id":912371312754689,"type":106}
@nix {"action":"stop","id":912371312754698}
@nix {"action":"result","fields":[7,37,0,0],"id":912371312754690,"type":105}
@nix {"action":"result","fields":[0,0,0,0],"id":912371312754691,"type":105}
@nix {"action":"result","fields":[101,0],"id":912371312754689,"type":106}
@nix {"action":"result","fields":[100,0],"id":912371312754689,"type":106}
@nix {"action":"stop","id":912371312754697}
@nix {"action":"result","fields":[7,37,0,0],"id":912371312754690,"type":105}
@nix {"action":"result","fields":[0,0,0,0],"id":912371312754691,"type":105}
@nix {"action":"result","fields":[101,0],"id":912371312754689,"type":106}
@nix {"action":"result","fields":[100,0],"id":912371312754689,"type":106}
@nix {"action":"start","fields":["/tmp/casita-chain-rerun-l2oceybd/round-3-after/chain-round-1-jobs-8/store/k84p45amlrz914k5g7jgcjwa06kwni08-leaf-2.drv","",1,1],"id":912371312754699,"level":3,"parent":0,"text":"building '/tmp/casita-chain-rerun-l2oceybd/round-3-after/chain-round-1-jobs-8/store/k84p45amlrz914k5g7jgcjwa06kwni08-leaf-2.drv'","type":105}
@nix {"action":"result","fields":[7,37,1,0],"id":912371312754690,"type":105}
@nix {"action":"result","fields":[0,0,0,0],"id":912371312754691,"type":105}
@nix {"action":"result","fields":[101,0],"id":912371312754689,"type":106}
@nix {"action":"result","fields":[100,0],"id":912371312754689,"type":106}
@nix {"action":"result","fields":[8,38,0,0],"id":912371312754690,"type":105}
@nix {"action":"result","fields":[0,0,0,0],"id":912371312754691,"type":105}
@nix {"action":"result","fields":[101,0],"id":912371312754689,"type":106}
@nix {"action":"result","fields":[100,0],"id":912371312754689,"type":106}
@nix {"action":"stop","id":912371312754699}
@nix {"action":"start","fields":["/tmp/casita-chain-rerun-l2oceybd/round-3-after/chain-round-1-jobs-8/store/7vwmz7l0fa4r1b3i130ixzxifa2az6h9-leaf-3.drv.drv","/tmp/casita-chain-rerun-l2oceybd/round-3-after/chain-round-1-jobs-8/store/p3jmlyq9pwhsc620r4nf8mxk06l6qr2a-leaf-3.drv.drv"],"id":912371312754700,"level":3,"parent":0,"text":"resolved derivation: '/tmp/casita-chain-rerun-l2oceybd/round-3-after/chain-round-1-jobs-8/store/7vwmz7l0fa4r1b3i130ixzxifa2az6h9-leaf-3.drv.drv' -> '/tmp/casita-chain-rerun-l2oceybd/round-3-after/chain-round-1-jobs-8/store/p3jmlyq9pwhsc620r4nf8mxk06l6qr2a-leaf-3.drv.drv'","type":111}
@nix {"action":"result","fields":[8,38,0,0],"id":912371312754690,"type":105}
@nix {"action":"result","fields":[0,0,0,0],"id":912371312754691,"type":105}
@nix {"action":"result","fields":[101,0],"id":912371312754689,"type":106}
@nix {"action":"result","fields":[100,0],"id":912371312754689,"type":106}
@nix {"action":"start","fields":["/tmp/casita-chain-rerun-l2oceybd/round-3-after/chain-round-1-jobs-8/store/p3jmlyq9pwhsc620r4nf8mxk06l6qr2a-leaf-3.drv.drv","",1,1],"id":912371312754701,"level":3,"parent":0,"text":"building '/tmp/casita-chain-rerun-l2oceybd/round-3-after/chain-round-1-jobs-8/store/p3jmlyq9pwhsc620r4nf8mxk06l6qr2a-leaf-3.drv.drv'","type":105}
@nix {"action":"result","fields":[8,38,1,0],"id":912371312754690,"type":105}
@nix {"action":"result","fields":[0,0,0,0],"id":912371312754691,"type":105}
@nix {"action":"result","fields":[101,0],"id":912371312754689,"type":106}
@nix {"action":"result","fields":[100,0],"id":912371312754689,"type":106}
@nix {"action":"result","fields":[9,39,0,0],"id":912371312754690,"type":105}
@nix {"action":"result","fields":[0,0,0,0],"id":912371312754691,"type":105}
@nix {"action":"result","fields":[101,0],"id":912371312754689,"type":106}
@nix {"action":"result","fields":[100,0],"id":912371312754689,"type":106}
@nix {"action":"stop","id":912371312754701}
@nix {"action":"result","fields":[10,39,0,0],"id":912371312754690,"type":105}
@nix {"action":"result","fields":[0,0,0,0],"id":912371312754691,"type":105}
@nix {"action":"result","fields":[101,0],"id":912371312754689,"type":106}
@nix {"action":"result","fields":[100,0],"id":912371312754689,"type":106}
@nix {"action":"stop","id":912371312754700}
@nix {"action":"result","fields":[10,39,0,0],"id":912371312754690,"type":105}
@nix {"action":"result","fields":[0,0,0,0],"id":912371312754691,"type":105}
@nix {"action":"result","fields":[101,0],"id":912371312754689,"type":106}
@nix {"action":"result","fields":[100,0],"id":912371312754689,"type":106}
@nix {"action":"start","fields":["/tmp/casita-chain-rerun-l2oceybd/round-3-after/chain-round-1-jobs-8/store/l6ywy9hv8jwjky6n0whszvz766q4x5s1-leaf-3.drv","",1,1],"id":912371312754702,"level":3,"parent":0,"text":"building '/tmp/casita-chain-rerun-l2oceybd/round-3-after/chain-round-1-jobs-8/store/l6ywy9hv8jwjky6n0whszvz766q4x5s1-leaf-3.drv'","type":105}
@nix {"action":"result","fields":[10,39,1,0],"id":912371312754690,"type":105}
@nix {"action":"result","fields":[0,0,0,0],"id":912371312754691,"type":105}
@nix {"action":"result","fields":[101,0],"id":912371312754689,"type":106}
@nix {"action":"result","fields":[100,0],"id":912371312754689,"type":106}
@nix {"action":"result","fields":[11,40,0,0],"id":912371312754690,"type":105}
@nix {"action":"result","fields":[0,0,0,0],"id":912371312754691,"type":105}
@nix {"action":"result","fields":[101,0],"id":912371312754689,"type":106}
@nix {"action":"result","fields":[100,0],"id":912371312754689,"type":106}
@nix {"action":"stop","id":912371312754702}
@nix {"action":"start","fields":["/tmp/casita-chain-rerun-l2oceybd/round-3-after/chain-round-1-jobs-8/store/3yg10rvvw187g22d7xx8cd0chxa7xy1q-leaf-4.drv.drv","/tmp/casita-chain-rerun-l2oceybd/round-3-after/chain-round-1-jobs-8/store/51qchzrmfqqbx3j8zfbfpzs2bzn88lwx-leaf-4.drv.drv"],"id":912371312754703,"level":3,"parent":0,"text":"resolved derivation: '/tmp/casita-chain-rerun-l2oceybd/round-3-after/chain-round-1-jobs-8/store/3yg10rvvw187g22d7xx8cd0chxa7xy1q-leaf-4.drv.drv' -> '/tmp/casita-chain-rerun-l2oceybd/round-3-after/chain-round-1-jobs-8/store/51qchzrmfqqbx3j8zfbfpzs2bzn88lwx-leaf-4.drv.drv'","type":111}
@nix {"action":"result","fields":[11,40,0,0],"id":912371312754690,"type":105}
@nix {"action":"result","fields":[0,0,0,0],"id":912371312754691,"type":105}
@nix {"action":"result","fields":[101,0],"id":912371312754689,"type":106}
@nix {"action":"result","fields":[100,0],"id":912371312754689,"type":106}
@nix {"action":"start","fields":["/tmp/casita-chain-rerun-l2oceybd/round-3-after/chain-round-1-jobs-8/store/51qchzrmfqqbx3j8zfbfpzs2bzn88lwx-leaf-4.drv.drv","",1,1],"id":912371312754704,"level":3,"parent":0,"text":"building '/tmp/casita-chain-rerun-l2oceybd/round-3-after/chain-round-1-jobs-8/store/51qchzrmfqqbx3j8zfbfpzs2bzn88lwx-leaf-4.drv.drv'","type":105}
@nix {"action":"result","fields":[11,40,1,0],"id":912371312754690,"type":105}
@nix {"action":"result","fields":[0,0,0,0],"id":912371312754691,"type":105}
@nix {"action":"result","fields":[101,0],"id":912371312754689,"type":106}
@nix {"action":"result","fields":[100,0],"id":912371312754689,"type":106}
@nix {"action":"result","fields":[12,41,0,0],"id":912371312754690,"type":105}
@nix {"action":"result","fields":[0,0,0,0],"id":912371312754691,"type":105}
@nix {"action":"result","fields":[101,0],"id":912371312754689,"type":106}
@nix {"action":"result","fields":[100,0],"id":912371312754689,"type":106}
@nix {"action":"stop","id":912371312754704}
@nix {"action":"result","fields":[13,41,0,0],"id":912371312754690,"type":105}
@nix {"action":"result","fields":[0,0,0,0],"id":912371312754691,"type":105}
@nix {"action":"result","fields":[101,0],"id":912371312754689,"type":106}
@nix {"action":"result","fields":[100,0],"id":912371312754689,"type":106}
@nix {"action":"stop","id":912371312754703}
@nix {"action":"result","fields":[13,41,0,0],"id":912371312754690,"type":105}
@nix {"action":"result","fields":[0,0,0,0],"id":912371312754691,"type":105}
@nix {"action":"result","fields":[101,0],"id":912371312754689,"type":106}
@nix {"action":"result","fields":[100,0],"id":912371312754689,"type":106}
@nix {"action":"start","fields":["/tmp/casita-chain-rerun-l2oceybd/round-3-after/chain-round-1-jobs-8/store/ds2xpdh2grjys33lkh7nmmhhs4h0l6kz-leaf-4.drv","",1,1],"id":912371312754705,"level":3,"parent":0,"text":"building '/tmp/casita-chain-rerun-l2oceybd/round-3-after/chain-round-1-jobs-8/store/ds2xpdh2grjys33lkh7nmmhhs4h0l6kz-leaf-4.drv'","type":105}
@nix {"action":"result","fields":[13,41,1,0],"id":912371312754690,"type":105}
@nix {"action":"result","fields":[0,0,0,0],"id":912371312754691,"type":105}
@nix {"action":"result","fields":[101,0],"id":912371312754689,"type":106}
@nix {"action":"result","fields":[100,0],"id":912371312754689,"type":106}
@nix {"action":"result","fields":[14,42,0,0],"id":912371312754690,"type":105}
@nix {"action":"result","fields":[0,0,0,0],"id":912371312754691,"type":105}
@nix {"action":"result","fields":[101,0],"id":912371312754689,"type":106}
@nix {"action":"result","fields":[100,0],"id":912371312754689,"type":106}
@nix {"action":"stop","id":912371312754705}
@nix {"action":"start","fields":["/tmp/casita-chain-rerun-l2oceybd/round-3-after/chain-round-1-jobs-8/store/73x7m0vc6yzkdpj4q9000qy7f2a0hdl0-leaf-5.drv.drv","/tmp/casita-chain-rerun-l2oceybd/round-3-after/chain-round-1-jobs-8/store/nnfrmp8p650zpf6hlcmssgai9zyjs1k0-leaf-5.drv.drv"],"id":912371312754706,"level":3,"parent":0,"text":"resolved derivation: '/tmp/casita-chain-rerun-l2oceybd/round-3-after/chain-round-1-jobs-8/store/73x7m0vc6yzkdpj4q9000qy7f2a0hdl0-leaf-5.drv.drv' -> '/tmp/casita-chain-rerun-l2oceybd/round-3-after/chain-round-1-jobs-8/store/nnfrmp8p650zpf6hlcmssgai9zyjs1k0-leaf-5.drv.drv'","type":111}
@nix {"action":"result","fields":[14,42,0,0],"id":912371312754690,"type":105}
@nix {"action":"result","fields":[0,0,0,0],"id":912371312754691,"type":105}
@nix {"action":"result","fields":[101,0],"id":912371312754689,"type":106}
@nix {"action":"result","fields":[100,0],"id":912371312754689,"type":106}
@nix {"action":"start","fields":["/tmp/casita-chain-rerun-l2oceybd/round-3-after/chain-round-1-jobs-8/store/nnfrmp8p650zpf6hlcmssgai9zyjs1k0-leaf-5.drv.drv","",1,1],"id":912371312754707,"level":3,"parent":0,"text":"building '/tmp/casita-chain-rerun-l2oceybd/round-3-after/chain-round-1-jobs-8/store/nnfrmp8p650zpf6hlcmssgai9zyjs1k0-leaf-5.drv.drv'","type":105}
@nix {"action":"result","fields":[14,42,1,0],"id":912371312754690,"type":105}
@nix {"action":"result","fields":[0,0,0,0],"id":912371312754691,"type":105}
@nix {"action":"result","fields":[101,0],"id":912371312754689,"type":106}
@nix {"action":"result","fields":[100,0],"id":912371312754689,"type":106}
@nix {"action":"result","fields":[15,43,0,0],"id":912371312754690,"type":105}
@nix {"action":"result","fields":[0,0,0,0],"id":912371312754691,"type":105}
@nix {"action":"result","fields":[101,0],"id":912371312754689,"type":106}
@nix {"action":"result","fields":[100,0],"id":912371312754689,"type":106}
@nix {"action":"stop","id":912371312754707}
@nix {"action":"result","fields":[16,43,0,0],"id":912371312754690,"type":105}
@nix {"action":"result","fields":[0,0,0,0],"id":912371312754691,"type":105}
@nix {"action":"result","fields":[101,0],"id":912371312754689,"type":106}
@nix {"action":"result","fields":[100,0],"id":912371312754689,"type":106}
@nix {"action":"stop","id":912371312754706}
@nix {"action":"result","fields":[16,43,0,0],"id":912371312754690,"type":105}
@nix {"action":"result","fields":[0,0,0,0],"id":912371312754691,"type":105}
@nix {"action":"result","fields":[101,0],"id":912371312754689,"type":106}
@nix {"action":"result","fields":[100,0],"id":912371312754689,"type":106}
@nix {"action":"start","fields":["/tmp/casita-chain-rerun-l2oceybd/round-3-after/chain-round-1-jobs-8/store/z8msh0fcqpd7j7sdlpvv5ljrfg9mbrqc-leaf-5.drv","",1,1],"id":912371312754708,"level":3,"parent":0,"text":"building '/tmp/casita-chain-rerun-l2oceybd/round-3-after/chain-round-1-jobs-8/store/z8msh0fcqpd7j7sdlpvv5ljrfg9mbrqc-leaf-5.drv'","type":105}
@nix {"action":"result","fields":[16,43,1,0],"id":912371312754690,"type":105}
@nix {"action":"result","fields":[0,0,0,0],"id":912371312754691,"type":105}
@nix {"action":"result","fields":[101,0],"id":912371312754689,"type":106}
@nix {"action":"result","fields":[100,0],"id":912371312754689,"type":106}
@nix {"action":"result","fields":[17,44,0,0],"id":912371312754690,"type":105}
@nix {"action":"result","fields":[0,0,0,0],"id":912371312754691,"type":105}
@nix {"action":"result","fields":[101,0],"id":912371312754689,"type":106}
@nix {"action":"result","fields":[100,0],"id":912371312754689,"type":106}
@nix {"action":"stop","id":912371312754708}
@nix {"action":"start","fields":["/tmp/casita-chain-rerun-l2oceybd/round-3-after/chain-round-1-jobs-8/store/9070d7cdrc933q7nxxs3j47y9jjaci23-leaf-6.drv.drv","/tmp/casita-chain-rerun-l2oceybd/round-3-after/chain-round-1-jobs-8/store/k95cxdxmbgmf7rvp3limhc328lp28c84-leaf-6.drv.drv"],"id":912371312754709,"level":3,"parent":0,"text":"resolved derivation: '/tmp/casita-chain-rerun-l2oceybd/round-3-after/chain-round-1-jobs-8/store/9070d7cdrc933q7nxxs3j47y9jjaci23-leaf-6.drv.drv' -> '/tmp/casita-chain-rerun-l2oceybd/round-3-after/chain-round-1-jobs-8/store/k95cxdxmbgmf7rvp3limhc328lp28c84-leaf-6.drv.drv'","type":111}
@nix {"action":"result","fields":[17,44,0,0],"id":912371312754690,"type":105}
@nix {"action":"result","fields":[0,0,0,0],"id":912371312754691,"type":105}
@nix {"action":"result","fields":[101,0],"id":912371312754689,"type":106}
@nix {"action":"result","fields":[100,0],"id":912371312754689,"type":106}
@nix {"action":"start","fields":["/tmp/casita-chain-rerun-l2oceybd/round-3-after/chain-round-1-jobs-8/store/k95cxdxmbgmf7rvp3limhc328lp28c84-leaf-6.drv.drv","",1,1],"id":912371312754710,"level":3,"parent":0,"text":"building '/tmp/casita-chain-rerun-l2oceybd/round-3-after/chain-round-1-jobs-8/store/k95cxdxmbgmf7rvp3limhc328lp28c84-leaf-6.drv.drv'","type":105}
@nix {"action":"result","fields":[17,44,1,0],"id":912371312754690,"type":105}
@nix {"action":"result","fields":[0,0,0,0],"id":912371312754691,"type":105}
@nix {"action":"result","fields":[101,0],"id":912371312754689,"type":106}
@nix {"action":"result","fields":[100,0],"id":912371312754689,"type":106}
@nix {"action":"result","fields":[18,45,0,0],"id":912371312754690,"type":105}
@nix {"action":"result","fields":[0,0,0,0],"id":912371312754691,"type":105}
@nix {"action":"result","fields":[101,0],"id":912371312754689,"type":106}
@nix {"action":"result","fields":[100,0],"id":912371312754689,"type":106}
@nix {"action":"stop","id":912371312754710}
@nix {"action":"result","fields":[19,45,0,0],"id":912371312754690,"type":105}
@nix {"action":"result","fields":[0,0,0,0],"id":912371312754691,"type":105}
@nix {"action":"result","fields":[101,0],"id":912371312754689,"type":106}
@nix {"action":"result","fields":[100,0],"id":912371312754689,"type":106}
@nix {"action":"stop","id":912371312754709}
@nix {"action":"result","fields":[19,45,0,0],"id":912371312754690,"type":105}
@nix {"action":"result","fields":[0,0,0,0],"id":912371312754691,"type":105}
@nix {"action":"result","fields":[101,0],"id":912371312754689,"type":106}
@nix {"action":"result","fields":[100,0],"id":912371312754689,"type":106}
@nix {"action":"start","fields":["/tmp/casita-chain-rerun-l2oceybd/round-3-after/chain-round-1-jobs-8/store/fs62jxchq6arx579pppiza8nilmy4nl0-leaf-6.drv","",1,1],"id":912371312754711,"level":3,"parent":0,"text":"building '/tmp/casita-chain-rerun-l2oceybd/round-3-after/chain-round-1-jobs-8/store/fs62jxchq6arx579pppiza8nilmy4nl0-leaf-6.drv'","type":105}
@nix {"action":"result","fields":[19,45,1,0],"id":912371312754690,"type":105}
@nix {"action":"result","fields":[0,0,0,0],"id":912371312754691,"type":105}
@nix {"action":"result","fields":[101,0],"id":912371312754689,"type":106}
@nix {"action":"result","fields":[100,0],"id":912371312754689,"type":106}
@nix {"action":"result","fields":[20,46,0,0],"id":912371312754690,"type":105}
@nix {"action":"result","fields":[0,0,0,0],"id":912371312754691,"type":105}
@nix {"action":"result","fields":[101,0],"id":912371312754689,"type":106}
@nix {"action":"result","fields":[100,0],"id":912371312754689,"type":106}
@nix {"action":"stop","id":912371312754711}
@nix {"action":"start","fields":["/tmp/casita-chain-rerun-l2oceybd/round-3-after/chain-round-1-jobs-8/store/b6aznwr4iqi6irbyv5vq59bxl6r8ylyc-leaf-7.drv.drv","/tmp/casita-chain-rerun-l2oceybd/round-3-after/chain-round-1-jobs-8/store/4dhm1z92r42w07d7arbxqvs5nxa6izkq-leaf-7.drv.drv"],"id":912371312754712,"level":3,"parent":0,"text":"resolved derivation: '/tmp/casita-chain-rerun-l2oceybd/round-3-after/chain-round-1-jobs-8/store/b6aznwr4iqi6irbyv5vq59bxl6r8ylyc-leaf-7.drv.drv' -> '/tmp/casita-chain-rerun-l2oceybd/round-3-after/chain-round-1-jobs-8/store/4dhm1z92r42w07d7arbxqvs5nxa6izkq-leaf-7.drv.drv'","type":111}
@nix {"action":"result","fields":[20,46,0,0],"id":912371312754690,"type":105}
@nix {"action":"result","fields":[0,0,0,0],"id":912371312754691,"type":105}
@nix {"action":"result","fields":[101,0],"id":912371312754689,"type":106}
@nix {"action":"result","fields":[100,0],"id":912371312754689,"type":106}
@nix {"action":"start","fields":["/tmp/casita-chain-rerun-l2oceybd/round-3-after/chain-round-1-jobs-8/store/4dhm1z92r42w07d7arbxqvs5nxa6izkq-leaf-7.drv.drv","",1,1],"id":912371312754713,"level":3,"parent":0,"text":"building '/tmp/casita-chain-rerun-l2oceybd/round-3-after/chain-round-1-jobs-8/store/4dhm1z92r42w07d7arbxqvs5nxa6izkq-leaf-7.drv.drv'","type":105}
@nix {"action":"result","fields":[20,46,1,0],"id":912371312754690,"type":105}
@nix {"action":"result","fields":[0,0,0,0],"id":912371312754691,"type":105}
@nix {"action":"result","fields":[101,0],"id":912371312754689,"type":106}
@nix {"action":"result","fields":[100,0],"id":912371312754689,"type":106}
@nix {"action":"result","fields":[21,47,0,0],"id":912371312754690,"type":105}
@nix {"action":"result","fields":[0,0,0,0],"id":912371312754691,"type":105}
@nix {"action":"result","fields":[101,0],"id":912371312754689,"type":106}
@nix {"action":"result","fields":[100,0],"id":912371312754689,"type":106}
@nix {"action":"stop","id":912371312754713}
@nix {"action":"result","fields":[22,47,0,0],"id":912371312754690,"type":105}
@nix {"action":"result","fields":[0,0,0,0],"id":912371312754691,"type":105}
@nix {"action":"result","fields":[101,0],"id":912371312754689,"type":106}
@nix {"action":"result","fields":[100,0],"id":912371312754689,"type":106}
@nix {"action":"stop","id":912371312754712}
@nix {"action":"result","fields":[22,47,0,0],"id":912371312754690,"type":105}
@nix {"action":"result","fields":[0,0,0,0],"id":912371312754691,"type":105}
@nix {"action":"result","fields":[101,0],"id":912371312754689,"type":106}
@nix {"action":"result","fields":[100,0],"id":912371312754689,"type":106}
@nix {"action":"start","fields":["/tmp/casita-chain-rerun-l2oceybd/round-3-after/chain-round-1-jobs-8/store/1hi1brnn91kwachg27zfmxb4fxvf1b33-leaf-7.drv","",1,1],"id":912371312754714,"level":3,"parent":0,"text":"building '/tmp/casita-chain-rerun-l2oceybd/round-3-after/chain-round-1-jobs-8/store/1hi1brnn91kwachg27zfmxb4fxvf1b33-leaf-7.drv'","type":105}
@nix {"action":"result","fields":[22,47,1,0],"id":912371312754690,"type":105}
@nix {"action":"result","fields":[0,0,0,0],"id":912371312754691,"type":105}
@nix {"action":"result","fields":[101,0],"id":912371312754689,"type":106}
@nix {"action":"result","fields":[100,0],"id":912371312754689,"type":106}
@nix {"action":"result","fields":[23,48,0,0],"id":912371312754690,"type":105}
@nix {"action":"result","fields":[0,0,0,0],"id":912371312754691,"type":105}
@nix {"action":"result","fields":[101,0],"id":912371312754689,"type":106}
@nix {"action":"result","fields":[100,0],"id":912371312754689,"type":106}
@nix {"action":"stop","id":912371312754714}
@nix {"action":"start","fields":["/tmp/casita-chain-rerun-l2oceybd/round-3-after/chain-round-1-jobs-8/store/dyh6iq2axqf53qn4ca5fl5l4q6xhmgbs-leaf-8.drv.drv","/tmp/casita-chain-rerun-l2oceybd/round-3-after/chain-round-1-jobs-8/store/hfb1qx7r3f4jpkvq1rwyj9vwn8n4g88n-leaf-8.drv.drv"],"id":912371312754715,"level":3,"parent":0,"text":"resolved derivation: '/tmp/casita-chain-rerun-l2oceybd/round-3-after/chain-round-1-jobs-8/store/dyh6iq2axqf53qn4ca5fl5l4q6xhmgbs-leaf-8.drv.drv' -> '/tmp/casita-chain-rerun-l2oceybd/round-3-after/chain-round-1-jobs-8/store/hfb1qx7r3f4jpkvq1rwyj9vwn8n4g88n-leaf-8.drv.drv'","type":111}
@nix {"action":"result","fields":[23,48,0,0],"id":912371312754690,"type":105}
@nix {"action":"result","fields":[0,0,0,0],"id":912371312754691,"type":105}
@nix {"action":"result","fields":[101,0],"id":912371312754689,"type":106}
@nix {"action":"result","fields":[100,0],"id":912371312754689,"type":106}
@nix {"action":"start","fields":["/tmp/casita-chain-rerun-l2oceybd/round-3-after/chain-round-1-jobs-8/store/hfb1qx7r3f4jpkvq1rwyj9vwn8n4g88n-leaf-8.drv.drv","",1,1],"id":912371312754716,"level":3,"parent":0,"text":"building '/tmp/casita-chain-rerun-l2oceybd/round-3-after/chain-round-1-jobs-8/store/hfb1qx7r3f4jpkvq1rwyj9vwn8n4g88n-leaf-8.drv.drv'","type":105}
@nix {"action":"result","fields":[23,48,1,0],"id":912371312754690,"type":105}
@nix {"action":"result","fields":[0,0,0,0],"id":912371312754691,"type":105}
@nix {"action":"result","fields":[101,0],"id":912371312754689,"type":106}
@nix {"action":"result","fields":[100,0],"id":912371312754689,"type":106}
@nix {"action":"result","fields":[24,49,0,0],"id":912371312754690,"type":105}
@nix {"action":"result","fields":[0,0,0,0],"id":912371312754691,"type":105}
@nix {"action":"result","fields":[101,0],"id":912371312754689,"type":106}
@nix {"action":"result","fields":[100,0],"id":912371312754689,"type":106}
@nix {"action":"stop","id":912371312754716}
@nix {"action":"result","fields":[25,49,0,0],"id":912371312754690,"type":105}
@nix {"action":"result","fields":[0,0,0,0],"id":912371312754691,"type":105}
@nix {"action":"result","fields":[101,0],"id":912371312754689,"type":106}
@nix {"action":"result","fields":[100,0],"id":912371312754689,"type":106}
@nix {"action":"stop","id":912371312754715}
@nix {"action":"result","fields":[25,49,0,0],"id":912371312754690,"type":105}
@nix {"action":"result","fields":[0,0,0,0],"id":912371312754691,"type":105}
@nix {"action":"result","fields":[101,0],"id":912371312754689,"type":106}
@nix {"action":"result","fields":[100,0],"id":912371312754689,"type":106}
@nix {"action":"start","fields":["/tmp/casita-chain-rerun-l2oceybd/round-3-after/chain-round-1-jobs-8/store/adiqbxqibia6szbcmvqhw6314mdqi0cr-leaf-8.drv","",1,1],"id":912371312754717,"level":3,"parent":0,"text":"building '/tmp/casita-chain-rerun-l2oceybd/round-3-after/chain-round-1-jobs-8/store/adiqbxqibia6szbcmvqhw6314mdqi0cr-leaf-8.drv'","type":105}
@nix {"action":"result","fields":[25,49,1,0],"id":912371312754690,"type":105}
@nix {"action":"result","fields":[0,0,0,0],"id":912371312754691,"type":105}
@nix {"action":"result","fields":[101,0],"id":912371312754689,"type":106}
@nix {"action":"result","fields":[100,0],"id":912371312754689,"type":106}
@nix {"action":"result","fields":[26,50,0,0],"id":912371312754690,"type":105}
@nix {"action":"result","fields":[0,0,0,0],"id":912371312754691,"type":105}
@nix {"action":"result","fields":[101,0],"id":912371312754689,"type":106}
@nix {"action":"result","fields":[100,0],"id":912371312754689,"type":106}
@nix {"action":"stop","id":912371312754717}
@nix {"action":"start","fields":["/tmp/casita-chain-rerun-l2oceybd/round-3-after/chain-round-1-jobs-8/store/vkgxdy3ixi81iw39ifa2yzk097afyqzf-leaf-9.drv.drv","/tmp/casita-chain-rerun-l2oceybd/round-3-after/chain-round-1-jobs-8/store/n954hs0bqf3g75zbm4vc1pd2q62rgliq-leaf-9.drv.drv"],"id":912371312754718,"level":3,"parent":0,"text":"resolved derivation: '/tmp/casita-chain-rerun-l2oceybd/round-3-after/chain-round-1-jobs-8/store/vkgxdy3ixi81iw39ifa2yzk097afyqzf-leaf-9.drv.drv' -> '/tmp/casita-chain-rerun-l2oceybd/round-3-after/chain-round-1-jobs-8/store/n954hs0bqf3g75zbm4vc1pd2q62rgliq-leaf-9.drv.drv'","type":111}
@nix {"action":"result","fields":[26,50,0,0],"id":912371312754690,"type":105}
@nix {"action":"result","fields":[0,0,0,0],"id":912371312754691,"type":105}
@nix {"action":"result","fields":[101,0],"id":912371312754689,"type":106}
@nix {"action":"result","fields":[100,0],"id":912371312754689,"type":106}
@nix {"action":"start","fields":["/tmp/casita-chain-rerun-l2oceybd/round-3-after/chain-round-1-jobs-8/store/n954hs0bqf3g75zbm4vc1pd2q62rgliq-leaf-9.drv.drv","",1,1],"id":912371312754719,"level":3,"parent":0,"text":"building '/tmp/casita-chain-rerun-l2oceybd/round-3-after/chain-round-1-jobs-8/store/n954hs0bqf3g75zbm4vc1pd2q62rgliq-leaf-9.drv.drv'","type":105}
@nix {"action":"result","fields":[26,50,1,0],"id":912371312754690,"type":105}
@nix {"action":"result","fields":[0,0,0,0],"id":912371312754691,"type":105}
@nix {"action":"result","fields":[101,0],"id":912371312754689,"type":106}
@nix {"action":"result","fields":[100,0],"id":912371312754689,"type":106}
@nix {"action":"result","fields":[27,51,0,0],"id":912371312754690,"type":105}
@nix {"action":"result","fields":[0,0,0,0],"id":912371312754691,"type":105}
@nix {"action":"result","fields":[101,0],"id":912371312754689,"type":106}
@nix {"action":"result","fields":[100,0],"id":912371312754689,"type":106}
@nix {"action":"stop","id":912371312754719}
@nix {"action":"result","fields":[28,51,0,0],"id":912371312754690,"type":105}
@nix {"action":"result","fields":[0,0,0,0],"id":912371312754691,"type":105}
@nix {"action":"result","fields":[101,0],"id":912371312754689,"type":106}
@nix {"action":"result","fields":[100,0],"id":912371312754689,"type":106}
@nix {"action":"stop","id":912371312754718}
@nix {"action":"result","fields":[28,51,0,0],"id":912371312754690,"type":105}
@nix {"action":"result","fields":[0,0,0,0],"id":912371312754691,"type":105}
@nix {"action":"result","fields":[101,0],"id":912371312754689,"type":106}
@nix {"action":"result","fields":[100,0],"id":912371312754689,"type":106}
@nix {"action":"start","fields":["/tmp/casita-chain-rerun-l2oceybd/round-3-after/chain-round-1-jobs-8/store/xhi5jqybq1c64x3xnxj5bf5nnjsd4jfn-leaf-9.drv","",1,1],"id":912371312754720,"level":3,"parent":0,"text":"building '/tmp/casita-chain-rerun-l2oceybd/round-3-after/chain-round-1-jobs-8/store/xhi5jqybq1c64x3xnxj5bf5nnjsd4jfn-leaf-9.drv'","type":105}
@nix {"action":"result","fields":[28,51,1,0],"id":912371312754690,"type":105}
@nix {"action":"result","fields":[0,0,0,0],"id":912371312754691,"type":105}
@nix {"action":"result","fields":[101,0],"id":912371312754689,"type":106}
@nix {"action":"result","fields":[100,0],"id":912371312754689,"type":106}
@nix {"action":"result","fields":[29,52,0,0],"id":912371312754690,"type":105}
@nix {"action":"result","fields":[0,0,0,0],"id":912371312754691,"type":105}
@nix {"action":"result","fields":[101,0],"id":912371312754689,"type":106}
@nix {"action":"result","fields":[100,0],"id":912371312754689,"type":106}
@nix {"action":"stop","id":912371312754720}
@nix {"action":"start","fields":["/tmp/casita-chain-rerun-l2oceybd/round-3-after/chain-round-1-jobs-8/store/xipny5r6fiikpwcql618s5r9j9rg54ax-leaf-10.drv.drv","/tmp/casita-chain-rerun-l2oceybd/round-3-after/chain-round-1-jobs-8/store/b92y0z5kbsjgpx2fmx831h7vwvq5grz4-leaf-10.drv.drv"],"id":912371312754721,"level":3,"parent":0,"text":"resolved derivation: '/tmp/casita-chain-rerun-l2oceybd/round-3-after/chain-round-1-jobs-8/store/xipny5r6fiikpwcql618s5r9j9rg54ax-leaf-10.drv.drv' -> '/tmp/casita-chain-rerun-l2oceybd/round-3-after/chain-round-1-jobs-8/store/b92y0z5kbsjgpx2fmx831h7vwvq5grz4-leaf-10.drv.drv'","type":111}
@nix {"action":"result","fields":[29,52,0,0],"id":912371312754690,"type":105}
@nix {"action":"result","fields":[0,0,0,0],"id":912371312754691,"type":105}
@nix {"action":"result","fields":[101,0],"id":912371312754689,"type":106}
@nix {"action":"result","fields":[100,0],"id":912371312754689,"type":106}
@nix {"action":"start","fields":["/tmp/casita-chain-rerun-l2oceybd/round-3-after/chain-round-1-jobs-8/store/b92y0z5kbsjgpx2fmx831h7vwvq5grz4-leaf-10.drv.drv","",1,1],"id":912371312754722,"level":3,"parent":0,"text":"building '/tmp/casita-chain-rerun-l2oceybd/round-3-after/chain-round-1-jobs-8/store/b92y0z5kbsjgpx2fmx831h7vwvq5grz4-leaf-10.drv.drv'","type":105}
@nix {"action":"result","fields":[29,52,1,0],"id":912371312754690,"type":105}
@nix {"action":"result","fields":[0,0,0,0],"id":912371312754691,"type":105}
@nix {"action":"result","fields":[101,0],"id":912371312754689,"type":106}
@nix {"action":"result","fields":[100,0],"id":912371312754689,"type":106}
@nix {"action":"result","fields":[30,53,0,0],"id":912371312754690,"type":105}
@nix {"action":"result","fields":[0,0,0,0],"id":912371312754691,"type":105}
@nix {"action":"result","fields":[101,0],"id":912371312754689,"type":106}
@nix {"action":"result","fields":[100,0],"id":912371312754689,"type":106}
@nix {"action":"stop","id":912371312754722}
@nix {"action":"result","fields":[31,53,0,0],"id":912371312754690,"type":105}
@nix {"action":"result","fields":[0,0,0,0],"id":912371312754691,"type":105}
@nix {"action":"result","fields":[101,0],"id":912371312754689,"type":106}
@nix {"action":"result","fields":[100,0],"id":912371312754689,"type":106}
@nix {"action":"stop","id":912371312754721}
@nix {"action":"result","fields":[31,53,0,0],"id":912371312754690,"type":105}
@nix {"action":"result","fields":[0,0,0,0],"id":912371312754691,"type":105}
@nix {"action":"result","fields":[101,0],"id":912371312754689,"type":106}
@nix {"action":"result","fields":[100,0],"id":912371312754689,"type":106}
@nix {"action":"start","fields":["/tmp/casita-chain-rerun-l2oceybd/round-3-after/chain-round-1-jobs-8/store/0qvq34wqnlq7ix7kk207ng0nhj91ldrv-leaf-10.drv","",1,1],"id":912371312754723,"level":3,"parent":0,"text":"building '/tmp/casita-chain-rerun-l2oceybd/round-3-after/chain-round-1-jobs-8/store/0qvq34wqnlq7ix7kk207ng0nhj91ldrv-leaf-10.drv'","type":105}
@nix {"action":"result","fields":[31,53,1,0],"id":912371312754690,"type":105}
@nix {"action":"result","fields":[0,0,0,0],"id":912371312754691,"type":105}
@nix {"action":"result","fields":[101,0],"id":912371312754689,"type":106}
@nix {"action":"result","fields":[100,0],"id":912371312754689,"type":106}
@nix {"action":"result","fields":[32,54,0,0],"id":912371312754690,"type":105}
@nix {"action":"result","fields":[0,0,0,0],"id":912371312754691,"type":105}
@nix {"action":"result","fields":[101,0],"id":912371312754689,"type":106}
@nix {"action":"result","fields":[100,0],"id":912371312754689,"type":106}
@nix {"action":"stop","id":912371312754723}
@nix {"action":"start","fields":["/tmp/casita-chain-rerun-l2oceybd/round-3-after/chain-round-1-jobs-8/store/k40v340md9zvm29r2kn4287g3wbdqsnc-leaf-11.drv.drv","/tmp/casita-chain-rerun-l2oceybd/round-3-after/chain-round-1-jobs-8/store/dj3gg1gqinnl71qyfw40q6rnxsazjcxv-leaf-11.drv.drv"],"id":912371312754724,"level":3,"parent":0,"text":"resolved derivation: '/tmp/casita-chain-rerun-l2oceybd/round-3-after/chain-round-1-jobs-8/store/k40v340md9zvm29r2kn4287g3wbdqsnc-leaf-11.drv.drv' -> '/tmp/casita-chain-rerun-l2oceybd/round-3-after/chain-round-1-jobs-8/store/dj3gg1gqinnl71qyfw40q6rnxsazjcxv-leaf-11.drv.drv'","type":111}
@nix {"action":"result","fields":[32,54,0,0],"id":912371312754690,"type":105}
@nix {"action":"result","fields":[0,0,0,0],"id":912371312754691,"type":105}
@nix {"action":"result","fields":[101,0],"id":912371312754689,"type":106}
@nix {"action":"result","fields":[100,0],"id":912371312754689,"type":106}
@nix {"action":"start","fields":["/tmp/casita-chain-rerun-l2oceybd/round-3-after/chain-round-1-jobs-8/store/dj3gg1gqinnl71qyfw40q6rnxsazjcxv-leaf-11.drv.drv","",1,1],"id":912371312754725,"level":3,"parent":0,"text":"building '/tmp/casita-chain-rerun-l2oceybd/round-3-after/chain-round-1-jobs-8/store/dj3gg1gqinnl71qyfw40q6rnxsazjcxv-leaf-11.drv.drv'","type":105}
@nix {"action":"result","fields":[32,54,1,0],"id":912371312754690,"type":105}
@nix {"action":"result","fields":[0,0,0,0],"id":912371312754691,"type":105}
@nix {"action":"result","fields":[101,0],"id":912371312754689,"type":106}
@nix {"action":"result","fields":[100,0],"id":912371312754689,"type":106}
@nix {"action":"result","fields":[33,55,0,0],"id":912371312754690,"type":105}
@nix {"action":"result","fields":[0,0,0,0],"id":912371312754691,"type":105}
@nix {"action":"result","fields":[101,0],"id":912371312754689,"type":106}
@nix {"action":"result","fields":[100,0],"id":912371312754689,"type":106}
@nix {"action":"stop","id":912371312754725}
@nix {"action":"result","fields":[34,55,0,0],"id":912371312754690,"type":105}
@nix {"action":"result","fields":[0,0,0,0],"id":912371312754691,"type":105}
@nix {"action":"result","fields":[101,0],"id":912371312754689,"type":106}
@nix {"action":"result","fields":[100,0],"id":912371312754689,"type":106}
@nix {"action":"stop","id":912371312754724}
@nix {"action":"result","fields":[34,55,0,0],"id":912371312754690,"type":105}
@nix {"action":"result","fields":[0,0,0,0],"id":912371312754691,"type":105}
@nix {"action":"result","fields":[101,0],"id":912371312754689,"type":106}
@nix {"action":"result","fields":[100,0],"id":912371312754689,"type":106}
@nix {"action":"start","fields":["/tmp/casita-chain-rerun-l2oceybd/round-3-after/chain-round-1-jobs-8/store/zk4q4k8dzwx3asrfb92djxdfxi108rhf-leaf-11.drv","",1,1],"id":912371312754726,"level":3,"parent":0,"text":"building '/tmp/casita-chain-rerun-l2oceybd/round-3-after/chain-round-1-jobs-8/store/zk4q4k8dzwx3asrfb92djxdfxi108rhf-leaf-11.drv'","type":105}
@nix {"action":"result","fields":[34,55,1,0],"id":912371312754690,"type":105}
@nix {"action":"result","fields":[0,0,0,0],"id":912371312754691,"type":105}
@nix {"action":"result","fields":[101,0],"id":912371312754689,"type":106}
@nix {"action":"result","fields":[100,0],"id":912371312754689,"type":106}
@nix {"action":"result","fields":[35,56,0,0],"id":912371312754690,"type":105}
@nix {"action":"result","fields":[0,0,0,0],"id":912371312754691,"type":105}
@nix {"action":"result","fields":[101,0],"id":912371312754689,"type":106}
@nix {"action":"result","fields":[100,0],"id":912371312754689,"type":106}
@nix {"action":"stop","id":912371312754726}
@nix {"action":"start","fields":["/tmp/casita-chain-rerun-l2oceybd/round-3-after/chain-round-1-jobs-8/store/295maflgn1jdl74fln3jw2y994fmcbxx-leaf-12.drv.drv","/tmp/casita-chain-rerun-l2oceybd/round-3-after/chain-round-1-jobs-8/store/fan8a3yry0gz9s8fr981v5w4sk981asl-leaf-12.drv.drv"],"id":912371312754727,"level":3,"parent":0,"text":"resolved derivation: '/tmp/casita-chain-rerun-l2oceybd/round-3-after/chain-round-1-jobs-8/store/295maflgn1jdl74fln3jw2y994fmcbxx-leaf-12.drv.drv' -> '/tmp/casita-chain-rerun-l2oceybd/round-3-after/chain-round-1-jobs-8/store/fan8a3yry0gz9s8fr981v5w4sk981asl-leaf-12.drv.drv'","type":111}
@nix {"action":"result","fields":[35,56,0,0],"id":912371312754690,"type":105}
@nix {"action":"result","fields":[0,0,0,0],"id":912371312754691,"type":105}
@nix {"action":"result","fields":[101,0],"id":912371312754689,"type":106}
@nix {"action":"result","fields":[100,0],"id":912371312754689,"type":106}
@nix {"action":"start","fields":["/tmp/casita-chain-rerun-l2oceybd/round-3-after/chain-round-1-jobs-8/store/fan8a3yry0gz9s8fr981v5w4sk981asl-leaf-12.drv.drv","",1,1],"id":912371312754728,"level":3,"parent":0,"text":"building '/tmp/casita-chain-rerun-l2oceybd/round-3-after/chain-round-1-jobs-8/store/fan8a3yry0gz9s8fr981v5w4sk981asl-leaf-12.drv.drv'","type":105}
@nix {"action":"result","fields":[35,56,1,0],"id":912371312754690,"type":105}
@nix {"action":"result","fields":[0,0,0,0],"id":912371312754691,"type":105}
@nix {"action":"result","fields":[101,0],"id":912371312754689,"type":106}
@nix {"action":"result","fields":[100,0],"id":912371312754689,"type":106}
@nix {"action":"result","fields":[36,57,0,0],"id":912371312754690,"type":105}
@nix {"action":"result","fields":[0,0,0,0],"id":912371312754691,"type":105}
@nix {"action":"result","fields":[101,0],"id":912371312754689,"type":106}
@nix {"action":"result","fields":[100,0],"id":912371312754689,"type":106}
@nix {"action":"stop","id":912371312754728}
@nix {"action":"result","fields":[37,57,0,0],"id":912371312754690,"type":105}
@nix {"action":"result","fields":[0,0,0,0],"id":912371312754691,"type":105}
@nix {"action":"result","fields":[101,0],"id":912371312754689,"type":106}
@nix {"action":"result","fields":[100,0],"id":912371312754689,"type":106}
@nix {"action":"stop","id":912371312754727}
@nix {"action":"result","fields":[37,57,0,0],"id":912371312754690,"type":105}
@nix {"action":"result","fields":[0,0,0,0],"id":912371312754691,"type":105}
@nix {"action":"result","fields":[101,0],"id":912371312754689,"type":106}
@nix {"action":"result","fields":[100,0],"id":912371312754689,"type":106}
@nix {"action":"start","fields":["/tmp/casita-chain-rerun-l2oceybd/round-3-after/chain-round-1-jobs-8/store/pcmwr2vmyhj8chnnx45zx4nimplszpkv-leaf-12.drv","",1,1],"id":912371312754729,"level":3,"parent":0,"text":"building '/tmp/casita-chain-rerun-l2oceybd/round-3-after/chain-round-1-jobs-8/store/pcmwr2vmyhj8chnnx45zx4nimplszpkv-leaf-12.drv'","type":105}
@nix {"action":"result","fields":[37,57,1,0],"id":912371312754690,"type":105}
@nix {"action":"result","fields":[0,0,0,0],"id":912371312754691,"type":105}
@nix {"action":"result","fields":[101,0],"id":912371312754689,"type":106}
@nix {"action":"result","fields":[100,0],"id":912371312754689,"type":106}
@nix {"action":"result","fields":[38,58,0,0],"id":912371312754690,"type":105}
@nix {"action":"result","fields":[0,0,0,0],"id":912371312754691,"type":105}
@nix {"action":"result","fields":[101,0],"id":912371312754689,"type":106}
@nix {"action":"result","fields":[100,0],"id":912371312754689,"type":106}
@nix {"action":"stop","id":912371312754729}
@nix {"action":"start","fields":["/tmp/casita-chain-rerun-l2oceybd/round-3-after/chain-round-1-jobs-8/store/xls6zs3g378kp62y4pbz74gggz4l89zw-leaf-13.drv.drv","/tmp/casita-chain-rerun-l2oceybd/round-3-after/chain-round-1-jobs-8/store/sy53rkkxx43b129bsnkn4lshj5iskg2h-leaf-13.drv.drv"],"id":912371312754730,"level":3,"parent":0,"text":"resolved derivation: '/tmp/casita-chain-rerun-l2oceybd/round-3-after/chain-round-1-jobs-8/store/xls6zs3g378kp62y4pbz74gggz4l89zw-leaf-13.drv.drv' -> '/tmp/casita-chain-rerun-l2oceybd/round-3-after/chain-round-1-jobs-8/store/sy53rkkxx43b129bsnkn4lshj5iskg2h-leaf-13.drv.drv'","type":111}
@nix {"action":"result","fields":[38,58,0,0],"id":912371312754690,"type":105}
@nix {"action":"result","fields":[0,0,0,0],"id":912371312754691,"type":105}
@nix {"action":"result","fields":[101,0],"id":912371312754689,"type":106}
@nix {"action":"result","fields":[100,0],"id":912371312754689,"type":106}
@nix {"action":"start","fields":["/tmp/casita-chain-rerun-l2oceybd/round-3-after/chain-round-1-jobs-8/store/sy53rkkxx43b129bsnkn4lshj5iskg2h-leaf-13.drv.drv","",1,1],"id":912371312754731,"level":3,"parent":0,"text":"building '/tmp/casita-chain-rerun-l2oceybd/round-3-after/chain-round-1-jobs-8/store/sy53rkkxx43b129bsnkn4lshj5iskg2h-leaf-13.drv.drv'","type":105}
@nix {"action":"result","fields":[38,58,1,0],"id":912371312754690,"type":105}
@nix {"action":"result","fields":[0,0,0,0],"id":912371312754691,"type":105}
@nix {"action":"result","fields":[101,0],"id":912371312754689,"type":106}
@nix {"action":"result","fields":[100,0],"id":912371312754689,"type":106}
@nix {"action":"result","fields":[39,59,0,0],"id":912371312754690,"type":105}
@nix {"action":"result","fields":[0,0,0,0],"id":912371312754691,"type":105}
@nix {"action":"result","fields":[101,0],"id":912371312754689,"type":106}
@nix {"action":"result","fields":[100,0],"id":912371312754689,"type":106}
@nix {"action":"stop","id":912371312754731}
@nix {"action":"result","fields":[40,59,0,0],"id":912371312754690,"type":105}
@nix {"action":"result","fields":[0,0,0,0],"id":912371312754691,"type":105}
@nix {"action":"result","fields":[101,0],"id":912371312754689,"type":106}
@nix {"action":"result","fields":[100,0],"id":912371312754689,"type":106}
@nix {"action":"stop","id":912371312754730}
@nix {"action":"result","fields":[40,59,0,0],"id":912371312754690,"type":105}
@nix {"action":"result","fields":[0,0,0,0],"id":912371312754691,"type":105}
@nix {"action":"result","fields":[101,0],"id":912371312754689,"type":106}
@nix {"action":"result","fields":[100,0],"id":912371312754689,"type":106}
@nix {"action":"start","fields":["/tmp/casita-chain-rerun-l2oceybd/round-3-after/chain-round-1-jobs-8/store/3waj6x73398wcm1wi4mhsd07nq85vkdm-leaf-13.drv","",1,1],"id":912371312754732,"level":3,"parent":0,"text":"building '/tmp/casita-chain-rerun-l2oceybd/round-3-after/chain-round-1-jobs-8/store/3waj6x73398wcm1wi4mhsd07nq85vkdm-leaf-13.drv'","type":105}
@nix {"action":"result","fields":[40,59,1,0],"id":912371312754690,"type":105}
@nix {"action":"result","fields":[0,0,0,0],"id":912371312754691,"type":105}
@nix {"action":"result","fields":[101,0],"id":912371312754689,"type":106}
@nix {"action":"result","fields":[100,0],"id":912371312754689,"type":106}
@nix {"action":"result","fields":[41,60,0,0],"id":912371312754690,"type":105}
@nix {"action":"result","fields":[0,0,0,0],"id":912371312754691,"type":105}
@nix {"action":"result","fields":[101,0],"id":912371312754689,"type":106}
@nix {"action":"result","fields":[100,0],"id":912371312754689,"type":106}
@nix {"action":"stop","id":912371312754732}
@nix {"action":"start","fields":["/tmp/casita-chain-rerun-l2oceybd/round-3-after/chain-round-1-jobs-8/store/wrafv474klvvvcqlzsl5szrd0v39c4r9-leaf-14.drv.drv","/tmp/casita-chain-rerun-l2oceybd/round-3-after/chain-round-1-jobs-8/store/vpysmsa7c74my92192la3wvwn4w95g3v-leaf-14.drv.drv"],"id":912371312754733,"level":3,"parent":0,"text":"resolved derivation: '/tmp/casita-chain-rerun-l2oceybd/round-3-after/chain-round-1-jobs-8/store/wrafv474klvvvcqlzsl5szrd0v39c4r9-leaf-14.drv.drv' -> '/tmp/casita-chain-rerun-l2oceybd/round-3-after/chain-round-1-jobs-8/store/vpysmsa7c74my92192la3wvwn4w95g3v-leaf-14.drv.drv'","type":111}
@nix {"action":"result","fields":[41,60,0,0],"id":912371312754690,"type":105}
@nix {"action":"result","fields":[0,0,0,0],"id":912371312754691,"type":105}
@nix {"action":"result","fields":[101,0],"id":912371312754689,"type":106}
@nix {"action":"result","fields":[100,0],"id":912371312754689,"type":106}
@nix {"action":"start","fields":["/tmp/casita-chain-rerun-l2oceybd/round-3-after/chain-round-1-jobs-8/store/vpysmsa7c74my92192la3wvwn4w95g3v-leaf-14.drv.drv","",1,1],"id":912371312754734,"level":3,"parent":0,"text":"building '/tmp/casita-chain-rerun-l2oceybd/round-3-after/chain-round-1-jobs-8/store/vpysmsa7c74my92192la3wvwn4w95g3v-leaf-14.drv.drv'","type":105}
@nix {"action":"result","fields":[41,60,1,0],"id":912371312754690,"type":105}
@nix {"action":"result","fields":[0,0,0,0],"id":912371312754691,"type":105}
@nix {"action":"result","fields":[101,0],"id":912371312754689,"type":106}
@nix {"action":"result","fields":[100,0],"id":912371312754689,"type":106}
@nix {"action":"result","fields":[42,61,0,0],"id":912371312754690,"type":105}
@nix {"action":"result","fields":[0,0,0,0],"id":912371312754691,"type":105}
@nix {"action":"result","fields":[101,0],"id":912371312754689,"type":106}
@nix {"action":"result","fields":[100,0],"id":912371312754689,"type":106}
@nix {"action":"stop","id":912371312754734}
@nix {"action":"result","fields":[43,61,0,0],"id":912371312754690,"type":105}
@nix {"action":"result","fields":[0,0,0,0],"id":912371312754691,"type":105}
@nix {"action":"result","fields":[101,0],"id":912371312754689,"type":106}
@nix {"action":"result","fields":[100,0],"id":912371312754689,"type":106}
@nix {"action":"stop","id":912371312754733}
@nix {"action":"result","fields":[43,61,0,0],"id":912371312754690,"type":105}
@nix {"action":"result","fields":[0,0,0,0],"id":912371312754691,"type":105}
@nix {"action":"result","fields":[101,0],"id":912371312754689,"type":106}
@nix {"action":"result","fields":[100,0],"id":912371312754689,"type":106}
@nix {"action":"start","fields":["/tmp/casita-chain-rerun-l2oceybd/round-3-after/chain-round-1-jobs-8/store/16fid1pax8zwn99c4d1h5ym9ibrv1pw6-leaf-14.drv","",1,1],"id":912371312754735,"level":3,"parent":0,"text":"building '/tmp/casita-chain-rerun-l2oceybd/round-3-after/chain-round-1-jobs-8/store/16fid1pax8zwn99c4d1h5ym9ibrv1pw6-leaf-14.drv'","type":105}
@nix {"action":"result","fields":[43,61,1,0],"id":912371312754690,"type":105}
@nix {"action":"result","fields":[0,0,0,0],"id":912371312754691,"type":105}
@nix {"action":"result","fields":[101,0],"id":912371312754689,"type":106}
@nix {"action":"result","fields":[100,0],"id":912371312754689,"type":106}
@nix {"action":"result","fields":[44,62,0,0],"id":912371312754690,"type":105}
@nix {"action":"result","fields":[0,0,0,0],"id":912371312754691,"type":105}
@nix {"action":"result","fields":[101,0],"id":912371312754689,"type":106}
@nix {"action":"result","fields":[100,0],"id":912371312754689,"type":106}
@nix {"action":"stop","id":912371312754735}
@nix {"action":"start","fields":["/tmp/casita-chain-rerun-l2oceybd/round-3-after/chain-round-1-jobs-8/store/sjm3sd22mskwvzlsc8jafpb8d8vi1qaf-leaf-15.drv.drv","/tmp/casita-chain-rerun-l2oceybd/round-3-after/chain-round-1-jobs-8/store/mqpqm7cmvcihaih742ddldq2maps40q0-leaf-15.drv.drv"],"id":912371312754736,"level":3,"parent":0,"text":"resolved derivation: '/tmp/casita-chain-rerun-l2oceybd/round-3-after/chain-round-1-jobs-8/store/sjm3sd22mskwvzlsc8jafpb8d8vi1qaf-leaf-15.drv.drv' -> '/tmp/casita-chain-rerun-l2oceybd/round-3-after/chain-round-1-jobs-8/store/mqpqm7cmvcihaih742ddldq2maps40q0-leaf-15.drv.drv'","type":111}
@nix {"action":"result","fields":[44,62,0,0],"id":912371312754690,"type":105}
@nix {"action":"result","fields":[0,0,0,0],"id":912371312754691,"type":105}
@nix {"action":"result","fields":[101,0],"id":912371312754689,"type":106}
@nix {"action":"result","fields":[100,0],"id":912371312754689,"type":106}
@nix {"action":"start","fields":["/tmp/casita-chain-rerun-l2oceybd/round-3-after/chain-round-1-jobs-8/store/mqpqm7cmvcihaih742ddldq2maps40q0-leaf-15.drv.drv","",1,1],"id":912371312754737,"level":3,"parent":0,"text":"building '/tmp/casita-chain-rerun-l2oceybd/round-3-after/chain-round-1-jobs-8/store/mqpqm7cmvcihaih742ddldq2maps40q0-leaf-15.drv.drv'","type":105}
@nix {"action":"result","fields":[44,62,1,0],"id":912371312754690,"type":105}
@nix {"action":"result","fields":[0,0,0,0],"id":912371312754691,"type":105}
@nix {"action":"result","fields":[101,0],"id":912371312754689,"type":106}
@nix {"action":"result","fields":[100,0],"id":912371312754689,"type":106}
@nix {"action":"result","fields":[45,63,0,0],"id":912371312754690,"type":105}
@nix {"action":"result","fields":[0,0,0,0],"id":912371312754691,"type":105}
@nix {"action":"result","fields":[101,0],"id":912371312754689,"type":106}
@nix {"action":"result","fields":[100,0],"id":912371312754689,"type":106}
@nix {"action":"stop","id":912371312754737}
@nix {"action":"result","fields":[46,63,0,0],"id":912371312754690,"type":105}
@nix {"action":"result","fields":[0,0,0,0],"id":912371312754691,"type":105}
@nix {"action":"result","fields":[101,0],"id":912371312754689,"type":106}
@nix {"action":"result","fields":[100,0],"id":912371312754689,"type":106}
@nix {"action":"stop","id":912371312754736}
@nix {"action":"result","fields":[46,63,0,0],"id":912371312754690,"type":105}
@nix {"action":"result","fields":[0,0,0,0],"id":912371312754691,"type":105}
@nix {"action":"result","fields":[101,0],"id":912371312754689,"type":106}
@nix {"action":"result","fields":[100,0],"id":912371312754689,"type":106}
@nix {"action":"start","fields":["/tmp/casita-chain-rerun-l2oceybd/round-3-after/chain-round-1-jobs-8/store/ilfg37gyrmadg5n8ikv5n9m2xgq3bhhm-leaf-15.drv","",1,1],"id":912371312754738,"level":3,"parent":0,"text":"building '/tmp/casita-chain-rerun-l2oceybd/round-3-after/chain-round-1-jobs-8/store/ilfg37gyrmadg5n8ikv5n9m2xgq3bhhm-leaf-15.drv'","type":105}
@nix {"action":"result","fields":[46,63,1,0],"id":912371312754690,"type":105}
@nix {"action":"result","fields":[0,0,0,0],"id":912371312754691,"type":105}
@nix {"action":"result","fields":[101,0],"id":912371312754689,"type":106}
@nix {"action":"result","fields":[100,0],"id":912371312754689,"type":106}
@nix {"action":"result","fields":[47,64,0,0],"id":912371312754690,"type":105}
@nix {"action":"result","fields":[0,0,0,0],"id":912371312754691,"type":105}
@nix {"action":"result","fields":[101,0],"id":912371312754689,"type":106}
@nix {"action":"result","fields":[100,0],"id":912371312754689,"type":106}
@nix {"action":"stop","id":912371312754738}
@nix {"action":"start","fields":["/tmp/casita-chain-rerun-l2oceybd/round-3-after/chain-round-1-jobs-8/store/0yvlzfmim4di1vpd84l49wx0vmawh2df-leaf-16.drv.drv","/tmp/casita-chain-rerun-l2oceybd/round-3-after/chain-round-1-jobs-8/store/vk91vib1s4xshb9awl7a2b537crvyvqm-leaf-16.drv.drv"],"id":912371312754739,"level":3,"parent":0,"text":"resolved derivation: '/tmp/casita-chain-rerun-l2oceybd/round-3-after/chain-round-1-jobs-8/store/0yvlzfmim4di1vpd84l49wx0vmawh2df-leaf-16.drv.drv' -> '/tmp/casita-chain-rerun-l2oceybd/round-3-after/chain-round-1-jobs-8/store/vk91vib1s4xshb9awl7a2b537crvyvqm-leaf-16.drv.drv'","type":111}
@nix {"action":"result","fields":[47,64,0,0],"id":912371312754690,"type":105}
@nix {"action":"result","fields":[0,0,0,0],"id":912371312754691,"type":105}
@nix {"action":"result","fields":[101,0],"id":912371312754689,"type":106}
@nix {"action":"result","fields":[100,0],"id":912371312754689,"type":106}
@nix {"action":"start","fields":["/tmp/casita-chain-rerun-l2oceybd/round-3-after/chain-round-1-jobs-8/store/vk91vib1s4xshb9awl7a2b537crvyvqm-leaf-16.drv.drv","",1,1],"id":912371312754740,"level":3,"parent":0,"text":"building '/tmp/casita-chain-rerun-l2oceybd/round-3-after/chain-round-1-jobs-8/store/vk91vib1s4xshb9awl7a2b537crvyvqm-leaf-16.drv.drv'","type":105}
@nix {"action":"result","fields":[47,64,1,0],"id":912371312754690,"type":105}
@nix {"action":"result","fields":[0,0,0,0],"id":912371312754691,"type":105}
@nix {"action":"result","fields":[101,0],"id":912371312754689,"type":106}
@nix {"action":"result","fields":[100,0],"id":912371312754689,"type":106}
@nix {"action":"result","fields":[48,65,0,0],"id":912371312754690,"type":105}
@nix {"action":"result","fields":[0,0,0,0],"id":912371312754691,"type":105}
@nix {"action":"result","fields":[101,0],"id":912371312754689,"type":106}
@nix {"action":"result","fields":[100,0],"id":912371312754689,"type":106}
@nix {"action":"stop","id":912371312754740}
@nix {"action":"result","fields":[49,65,0,0],"id":912371312754690,"type":105}
@nix {"action":"result","fields":[0,0,0,0],"id":912371312754691,"type":105}
@nix {"action":"result","fields":[101,0],"id":912371312754689,"type":106}
@nix {"action":"result","fields":[100,0],"id":912371312754689,"type":106}
@nix {"action":"stop","id":912371312754739}
@nix {"action":"result","fields":[49,65,0,0],"id":912371312754690,"type":105}
@nix {"action":"result","fields":[0,0,0,0],"id":912371312754691,"type":105}
@nix {"action":"result","fields":[101,0],"id":912371312754689,"type":106}
@nix {"action":"result","fields":[100,0],"id":912371312754689,"type":106}
@nix {"action":"start","fields":["/tmp/casita-chain-rerun-l2oceybd/round-3-after/chain-round-1-jobs-8/store/hhnpmiwwdb8qq8x09nn3ry5rsm9dy0nv-leaf-16.drv","",1,1],"id":912371312754741,"level":3,"parent":0,"text":"building '/tmp/casita-chain-rerun-l2oceybd/round-3-after/chain-round-1-jobs-8/store/hhnpmiwwdb8qq8x09nn3ry5rsm9dy0nv-leaf-16.drv'","type":105}
@nix {"action":"result","fields":[49,65,1,0],"id":912371312754690,"type":105}
@nix {"action":"result","fields":[0,0,0,0],"id":912371312754691,"type":105}
@nix {"action":"result","fields":[101,0],"id":912371312754689,"type":106}
@nix {"action":"result","fields":[100,0],"id":912371312754689,"type":106}
@nix {"action":"result","fields":[50,66,0,0],"id":912371312754690,"type":105}
@nix {"action":"result","fields":[0,0,0,0],"id":912371312754691,"type":105}
@nix {"action":"result","fields":[101,0],"id":912371312754689,"type":106}
@nix {"action":"result","fields":[100,0],"id":912371312754689,"type":106}
@nix {"action":"stop","id":912371312754741}
@nix {"action":"start","fields":["/tmp/casita-chain-rerun-l2oceybd/round-3-after/chain-round-1-jobs-8/store/pdabv4apwgqbqx3kyxripmyvvb6nm1ql-leaf-17.drv.drv","/tmp/casita-chain-rerun-l2oceybd/round-3-after/chain-round-1-jobs-8/store/78jj75xyw4rgas69b0pggdjr0fc0sr9c-leaf-17.drv.drv"],"id":912371312754742,"level":3,"parent":0,"text":"resolved derivation: '/tmp/casita-chain-rerun-l2oceybd/round-3-after/chain-round-1-jobs-8/store/pdabv4apwgqbqx3kyxripmyvvb6nm1ql-leaf-17.drv.drv' -> '/tmp/casita-chain-rerun-l2oceybd/round-3-after/chain-round-1-jobs-8/store/78jj75xyw4rgas69b0pggdjr0fc0sr9c-leaf-17.drv.drv'","type":111}
@nix {"action":"result","fields":[50,66,0,0],"id":912371312754690,"type":105}
@nix {"action":"result","fields":[0,0,0,0],"id":912371312754691,"type":105}
@nix {"action":"result","fields":[101,0],"id":912371312754689,"type":106}
@nix {"action":"result","fields":[100,0],"id":912371312754689,"type":106}
@nix {"action":"start","fields":["/tmp/casita-chain-rerun-l2oceybd/round-3-after/chain-round-1-jobs-8/store/78jj75xyw4rgas69b0pggdjr0fc0sr9c-leaf-17.drv.drv","",1,1],"id":912371312754743,"level":3,"parent":0,"text":"building '/tmp/casita-chain-rerun-l2oceybd/round-3-after/chain-round-1-jobs-8/store/78jj75xyw4rgas69b0pggdjr0fc0sr9c-leaf-17.drv.drv'","type":105}
@nix {"action":"result","fields":[50,66,1,0],"id":912371312754690,"type":105}
@nix {"action":"result","fields":[0,0,0,0],"id":912371312754691,"type":105}
@nix {"action":"result","fields":[101,0],"id":912371312754689,"type":106}
@nix {"action":"result","fields":[100,0],"id":912371312754689,"type":106}
@nix {"action":"result","fields":[51,67,0,0],"id":912371312754690,"type":105}
@nix {"action":"result","fields":[0,0,0,0],"id":912371312754691,"type":105}
@nix {"action":"result","fields":[101,0],"id":912371312754689,"type":106}
@nix {"action":"result","fields":[100,0],"id":912371312754689,"type":106}
@nix {"action":"stop","id":912371312754743}
@nix {"action":"result","fields":[52,67,0,0],"id":912371312754690,"type":105}
@nix {"action":"result","fields":[0,0,0,0],"id":912371312754691,"type":105}
@nix {"action":"result","fields":[101,0],"id":912371312754689,"type":106}
@nix {"action":"result","fields":[100,0],"id":912371312754689,"type":106}
@nix {"action":"stop","id":912371312754742}
@nix {"action":"result","fields":[52,67,0,0],"id":912371312754690,"type":105}
@nix {"action":"result","fields":[0,0,0,0],"id":912371312754691,"type":105}
@nix {"action":"result","fields":[101,0],"id":912371312754689,"type":106}
@nix {"action":"result","fields":[100,0],"id":912371312754689,"type":106}
@nix {"action":"start","fields":["/tmp/casita-chain-rerun-l2oceybd/round-3-after/chain-round-1-jobs-8/store/p4y08k644hmiix8zb58aiv1dw6z8lijy-leaf-17.drv","",1,1],"id":912371312754744,"level":3,"parent":0,"text":"building '/tmp/casita-chain-rerun-l2oceybd/round-3-after/chain-round-1-jobs-8/store/p4y08k644hmiix8zb58aiv1dw6z8lijy-leaf-17.drv'","type":105}
@nix {"action":"result","fields":[52,67,1,0],"id":912371312754690,"type":105}
@nix {"action":"result","fields":[0,0,0,0],"id":912371312754691,"type":105}
@nix {"action":"result","fields":[101,0],"id":912371312754689,"type":106}
@nix {"action":"result","fields":[100,0],"id":912371312754689,"type":106}
@nix {"action":"result","fields":[53,68,0,0],"id":912371312754690,"type":105}
@nix {"action":"result","fields":[0,0,0,0],"id":912371312754691,"type":105}
@nix {"action":"result","fields":[101,0],"id":912371312754689,"type":106}
@nix {"action":"result","fields":[100,0],"id":912371312754689,"type":106}
@nix {"action":"stop","id":912371312754744}
@nix {"action":"start","fields":["/tmp/casita-chain-rerun-l2oceybd/round-3-after/chain-round-1-jobs-8/store/zxxda5vawc0f859vsi3a7aqp5z2jaxsb-leaf-18.drv.drv","/tmp/casita-chain-rerun-l2oceybd/round-3-after/chain-round-1-jobs-8/store/npbqxjj02wwjhlb9n95ylsw2f8hxi7gg-leaf-18.drv.drv"],"id":912371312754745,"level":3,"parent":0,"text":"resolved derivation: '/tmp/casita-chain-rerun-l2oceybd/round-3-after/chain-round-1-jobs-8/store/zxxda5vawc0f859vsi3a7aqp5z2jaxsb-leaf-18.drv.drv' -> '/tmp/casita-chain-rerun-l2oceybd/round-3-after/chain-round-1-jobs-8/store/npbqxjj02wwjhlb9n95ylsw2f8hxi7gg-leaf-18.drv.drv'","type":111}
@nix {"action":"result","fields":[53,68,0,0],"id":912371312754690,"type":105}
@nix {"action":"result","fields":[0,0,0,0],"id":912371312754691,"type":105}
@nix {"action":"result","fields":[101,0],"id":912371312754689,"type":106}
@nix {"action":"result","fields":[100,0],"id":912371312754689,"type":106}
@nix {"action":"start","fields":["/tmp/casita-chain-rerun-l2oceybd/round-3-after/chain-round-1-jobs-8/store/npbqxjj02wwjhlb9n95ylsw2f8hxi7gg-leaf-18.drv.drv","",1,1],"id":912371312754746,"level":3,"parent":0,"text":"building '/tmp/casita-chain-rerun-l2oceybd/round-3-after/chain-round-1-jobs-8/store/npbqxjj02wwjhlb9n95ylsw2f8hxi7gg-leaf-18.drv.drv'","type":105}
@nix {"action":"result","fields":[53,68,1,0],"id":912371312754690,"type":105}
@nix {"action":"result","fields":[0,0,0,0],"id":912371312754691,"type":105}
@nix {"action":"result","fields":[101,0],"id":912371312754689,"type":106}
@nix {"action":"result","fields":[100,0],"id":912371312754689,"type":106}
@nix {"action":"result","fields":[54,69,0,0],"id":912371312754690,"type":105}
@nix {"action":"result","fields":[0,0,0,0],"id":912371312754691,"type":105}
@nix {"action":"result","fields":[101,0],"id":912371312754689,"type":106}
@nix {"action":"result","fields":[100,0],"id":912371312754689,"type":106}
@nix {"action":"stop","id":912371312754746}
@nix {"action":"result","fields":[55,69,0,0],"id":912371312754690,"type":105}
@nix {"action":"result","fields":[0,0,0,0],"id":912371312754691,"type":105}
@nix {"action":"result","fields":[101,0],"id":912371312754689,"type":106}
@nix {"action":"result","fields":[100,0],"id":912371312754689,"type":106}
@nix {"action":"stop","id":912371312754745}
@nix {"action":"result","fields":[55,69,0,0],"id":912371312754690,"type":105}
@nix {"action":"result","fields":[0,0,0,0],"id":912371312754691,"type":105}
@nix {"action":"result","fields":[101,0],"id":912371312754689,"type":106}
@nix {"action":"result","fields":[100,0],"id":912371312754689,"type":106}
@nix {"action":"start","fields":["/tmp/casita-chain-rerun-l2oceybd/round-3-after/chain-round-1-jobs-8/store/fzkybi6diq7m2kfa9dfc1hm7g1mc4n92-leaf-18.drv","",1,1],"id":912371312754747,"level":3,"parent":0,"text":"building '/tmp/casita-chain-rerun-l2oceybd/round-3-after/chain-round-1-jobs-8/store/fzkybi6diq7m2kfa9dfc1hm7g1mc4n92-leaf-18.drv'","type":105}
@nix {"action":"result","fields":[55,69,1,0],"id":912371312754690,"type":105}
@nix {"action":"result","fields":[0,0,0,0],"id":912371312754691,"type":105}
@nix {"action":"result","fields":[101,0],"id":912371312754689,"type":106}
@nix {"action":"result","fields":[100,0],"id":912371312754689,"type":106}
@nix {"action":"result","fields":[56,70,0,0],"id":912371312754690,"type":105}
@nix {"action":"result","fields":[0,0,0,0],"id":912371312754691,"type":105}
@nix {"action":"result","fields":[101,0],"id":912371312754689,"type":106}
@nix {"action":"result","fields":[100,0],"id":912371312754689,"type":106}
@nix {"action":"stop","id":912371312754747}
@nix {"action":"start","fields":["/tmp/casita-chain-rerun-l2oceybd/round-3-after/chain-round-1-jobs-8/store/3yx19cbr9v0d70pfq03yr0d75zqdjwz0-leaf-19.drv.drv","/tmp/casita-chain-rerun-l2oceybd/round-3-after/chain-round-1-jobs-8/store/4d0yjcvzy648q4g3n8xf14ynlws3h3xk-leaf-19.drv.drv"],"id":912371312754748,"level":3,"parent":0,"text":"resolved derivation: '/tmp/casita-chain-rerun-l2oceybd/round-3-after/chain-round-1-jobs-8/store/3yx19cbr9v0d70pfq03yr0d75zqdjwz0-leaf-19.drv.drv' -> '/tmp/casita-chain-rerun-l2oceybd/round-3-after/chain-round-1-jobs-8/store/4d0yjcvzy648q4g3n8xf14ynlws3h3xk-leaf-19.drv.drv'","type":111}
@nix {"action":"result","fields":[56,70,0,0],"id":912371312754690,"type":105}
@nix {"action":"result","fields":[0,0,0,0],"id":912371312754691,"type":105}
@nix {"action":"result","fields":[101,0],"id":912371312754689,"type":106}
@nix {"action":"result","fields":[100,0],"id":912371312754689,"type":106}
@nix {"action":"start","fields":["/tmp/casita-chain-rerun-l2oceybd/round-3-after/chain-round-1-jobs-8/store/4d0yjcvzy648q4g3n8xf14ynlws3h3xk-leaf-19.drv.drv","",1,1],"id":912371312754749,"level":3,"parent":0,"text":"building '/tmp/casita-chain-rerun-l2oceybd/round-3-after/chain-round-1-jobs-8/store/4d0yjcvzy648q4g3n8xf14ynlws3h3xk-leaf-19.drv.drv'","type":105}
@nix {"action":"result","fields":[56,70,1,0],"id":912371312754690,"type":105}
@nix {"action":"result","fields":[0,0,0,0],"id":912371312754691,"type":105}
@nix {"action":"result","fields":[101,0],"id":912371312754689,"type":106}
@nix {"action":"result","fields":[100,0],"id":912371312754689,"type":106}
@nix {"action":"result","fields":[57,71,0,0],"id":912371312754690,"type":105}
@nix {"action":"result","fields":[0,0,0,0],"id":912371312754691,"type":105}
@nix {"action":"result","fields":[101,0],"id":912371312754689,"type":106}
@nix {"action":"result","fields":[100,0],"id":912371312754689,"type":106}
@nix {"action":"stop","id":912371312754749}
@nix {"action":"result","fields":[58,71,0,0],"id":912371312754690,"type":105}
@nix {"action":"result","fields":[0,0,0,0],"id":912371312754691,"type":105}
@nix {"action":"result","fields":[101,0],"id":912371312754689,"type":106}
@nix {"action":"result","fields":[100,0],"id":912371312754689,"type":106}
@nix {"action":"stop","id":912371312754748}
@nix {"action":"result","fields":[58,71,0,0],"id":912371312754690,"type":105}
@nix {"action":"result","fields":[0,0,0,0],"id":912371312754691,"type":105}
@nix {"action":"result","fields":[101,0],"id":912371312754689,"type":106}
@nix {"action":"result","fields":[100,0],"id":912371312754689,"type":106}
@nix {"action":"start","fields":["/tmp/casita-chain-rerun-l2oceybd/round-3-after/chain-round-1-jobs-8/store/pwygs8alsbcbbvry5czdkb9jils565ay-leaf-19.drv","",1,1],"id":912371312754750,"level":3,"parent":0,"text":"building '/tmp/casita-chain-rerun-l2oceybd/round-3-after/chain-round-1-jobs-8/store/pwygs8alsbcbbvry5czdkb9jils565ay-leaf-19.drv'","type":105}
@nix {"action":"result","fields":[58,71,1,0],"id":912371312754690,"type":105}
@nix {"action":"result","fields":[0,0,0,0],"id":912371312754691,"type":105}
@nix {"action":"result","fields":[101,0],"id":912371312754689,"type":106}
@nix {"action":"result","fields":[100,0],"id":912371312754689,"type":106}
@nix {"action":"result","fields":[59,72,0,0],"id":912371312754690,"type":105}
@nix {"action":"result","fields":[0,0,0,0],"id":912371312754691,"type":105}
@nix {"action":"result","fields":[101,0],"id":912371312754689,"type":106}
@nix {"action":"result","fields":[100,0],"id":912371312754689,"type":106}
@nix {"action":"stop","id":912371312754750}
@nix {"action":"start","fields":["/tmp/casita-chain-rerun-l2oceybd/round-3-after/chain-round-1-jobs-8/store/2yl4frgf5gx835gdzvwbi7yqd2s6s20c-leaf-20.drv.drv","/tmp/casita-chain-rerun-l2oceybd/round-3-after/chain-round-1-jobs-8/store/4alpylzcwznyp3dhi4ngxsn850s4l1w3-leaf-20.drv.drv"],"id":912371312754751,"level":3,"parent":0,"text":"resolved derivation: '/tmp/casita-chain-rerun-l2oceybd/round-3-after/chain-round-1-jobs-8/store/2yl4frgf5gx835gdzvwbi7yqd2s6s20c-leaf-20.drv.drv' -> '/tmp/casita-chain-rerun-l2oceybd/round-3-after/chain-round-1-jobs-8/store/4alpylzcwznyp3dhi4ngxsn850s4l1w3-leaf-20.drv.drv'","type":111}
@nix {"action":"result","fields":[59,72,0,0],"id":912371312754690,"type":105}
@nix {"action":"result","fields":[0,0,0,0],"id":912371312754691,"type":105}
@nix {"action":"result","fields":[101,0],"id":912371312754689,"type":106}
@nix {"action":"result","fields":[100,0],"id":912371312754689,"type":106}
@nix {"action":"start","fields":["/tmp/casita-chain-rerun-l2oceybd/round-3-after/chain-round-1-jobs-8/store/4alpylzcwznyp3dhi4ngxsn850s4l1w3-leaf-20.drv.drv","",1,1],"id":912371312754752,"level":3,"parent":0,"text":"building '/tmp/casita-chain-rerun-l2oceybd/round-3-after/chain-round-1-jobs-8/store/4alpylzcwznyp3dhi4ngxsn850s4l1w3-leaf-20.drv.drv'","type":105}
@nix {"action":"result","fields":[59,72,1,0],"id":912371312754690,"type":105}
@nix {"action":"result","fields":[0,0,0,0],"id":912371312754691,"type":105}
@nix {"action":"result","fields":[101,0],"id":912371312754689,"type":106}
@nix {"action":"result","fields":[100,0],"id":912371312754689,"type":106}
@nix {"action":"result","fields":[60,73,0,0],"id":912371312754690,"type":105}
@nix {"action":"result","fields":[0,0,0,0],"id":912371312754691,"type":105}
@nix {"action":"result","fields":[101,0],"id":912371312754689,"type":106}
@nix {"action":"result","fields":[100,0],"id":912371312754689,"type":106}
@nix {"action":"stop","id":912371312754752}
@nix {"action":"result","fields":[61,73,0,0],"id":912371312754690,"type":105}
@nix {"action":"result","fields":[0,0,0,0],"id":912371312754691,"type":105}
@nix {"action":"result","fields":[101,0],"id":912371312754689,"type":106}
@nix {"action":"result","fields":[100,0],"id":912371312754689,"type":106}
@nix {"action":"stop","id":912371312754751}
@nix {"action":"result","fields":[61,73,0,0],"id":912371312754690,"type":105}
@nix {"action":"result","fields":[0,0,0,0],"id":912371312754691,"type":105}
@nix {"action":"result","fields":[101,0],"id":912371312754689,"type":106}
@nix {"action":"result","fields":[100,0],"id":912371312754689,"type":106}
@nix {"action":"start","fields":["/tmp/casita-chain-rerun-l2oceybd/round-3-after/chain-round-1-jobs-8/store/x78aw5k7aq6pganbpmvqyhamv625bkza-leaf-20.drv","",1,1],"id":912371312754753,"level":3,"parent":0,"text":"building '/tmp/casita-chain-rerun-l2oceybd/round-3-after/chain-round-1-jobs-8/store/x78aw5k7aq6pganbpmvqyhamv625bkza-leaf-20.drv'","type":105}
@nix {"action":"result","fields":[61,73,1,0],"id":912371312754690,"type":105}
@nix {"action":"result","fields":[0,0,0,0],"id":912371312754691,"type":105}
@nix {"action":"result","fields":[101,0],"id":912371312754689,"type":106}
@nix {"action":"result","fields":[100,0],"id":912371312754689,"type":106}
@nix {"action":"result","fields":[62,74,0,0],"id":912371312754690,"type":105}
@nix {"action":"result","fields":[0,0,0,0],"id":912371312754691,"type":105}
@nix {"action":"result","fields":[101,0],"id":912371312754689,"type":106}
@nix {"action":"result","fields":[100,0],"id":912371312754689,"type":106}
@nix {"action":"stop","id":912371312754753}
@nix {"action":"start","fields":["/tmp/casita-chain-rerun-l2oceybd/round-3-after/chain-round-1-jobs-8/store/kc60kr68yfpwn2zpvkd66m7wq2cl0if3-leaf-21.drv.drv","/tmp/casita-chain-rerun-l2oceybd/round-3-after/chain-round-1-jobs-8/store/wbfqy38nh3bfwlbczn2xsk39dcaiz9zl-leaf-21.drv.drv"],"id":912371312754754,"level":3,"parent":0,"text":"resolved derivation: '/tmp/casita-chain-rerun-l2oceybd/round-3-after/chain-round-1-jobs-8/store/kc60kr68yfpwn2zpvkd66m7wq2cl0if3-leaf-21.drv.drv' -> '/tmp/casita-chain-rerun-l2oceybd/round-3-after/chain-round-1-jobs-8/store/wbfqy38nh3bfwlbczn2xsk39dcaiz9zl-leaf-21.drv.drv'","type":111}
@nix {"action":"result","fields":[62,74,0,0],"id":912371312754690,"type":105}
@nix {"action":"result","fields":[0,0,0,0],"id":912371312754691,"type":105}
@nix {"action":"result","fields":[101,0],"id":912371312754689,"type":106}
@nix {"action":"result","fields":[100,0],"id":912371312754689,"type":106}
@nix {"action":"start","fields":["/tmp/casita-chain-rerun-l2oceybd/round-3-after/chain-round-1-jobs-8/store/wbfqy38nh3bfwlbczn2xsk39dcaiz9zl-leaf-21.drv.drv","",1,1],"id":912371312754755,"level":3,"parent":0,"text":"building '/tmp/casita-chain-rerun-l2oceybd/round-3-after/chain-round-1-jobs-8/store/wbfqy38nh3bfwlbczn2xsk39dcaiz9zl-leaf-21.drv.drv'","type":105}
@nix {"action":"result","fields":[62,74,1,0],"id":912371312754690,"type":105}
@nix {"action":"result","fields":[0,0,0,0],"id":912371312754691,"type":105}
@nix {"action":"result","fields":[101,0],"id":912371312754689,"type":106}
@nix {"action":"result","fields":[100,0],"id":912371312754689,"type":106}
@nix {"action":"result","fields":[63,75,0,0],"id":912371312754690,"type":105}
@nix {"action":"result","fields":[0,0,0,0],"id":912371312754691,"type":105}
@nix {"action":"result","fields":[101,0],"id":912371312754689,"type":106}
@nix {"action":"result","fields":[100,0],"id":912371312754689,"type":106}
@nix {"action":"stop","id":912371312754755}
@nix {"action":"result","fields":[64,75,0,0],"id":912371312754690,"type":105}
@nix {"action":"result","fields":[0,0,0,0],"id":912371312754691,"type":105}
@nix {"action":"result","fields":[101,0],"id":912371312754689,"type":106}
@nix {"action":"result","fields":[100,0],"id":912371312754689,"type":106}
@nix {"action":"stop","id":912371312754754}
@nix {"action":"result","fields":[64,75,0,0],"id":912371312754690,"type":105}
@nix {"action":"result","fields":[0,0,0,0],"id":912371312754691,"type":105}
@nix {"action":"result","fields":[101,0],"id":912371312754689,"type":106}
@nix {"action":"result","fields":[100,0],"id":912371312754689,"type":106}
@nix {"action":"start","fields":["/tmp/casita-chain-rerun-l2oceybd/round-3-after/chain-round-1-jobs-8/store/vx66bq4qichk4lha3ng1phlnq5jmm5nw-leaf-21.drv","",1,1],"id":912371312754756,"level":3,"parent":0,"text":"building '/tmp/casita-chain-rerun-l2oceybd/round-3-after/chain-round-1-jobs-8/store/vx66bq4qichk4lha3ng1phlnq5jmm5nw-leaf-21.drv'","type":105}
@nix {"action":"result","fields":[64,75,1,0],"id":912371312754690,"type":105}
@nix {"action":"result","fields":[0,0,0,0],"id":912371312754691,"type":105}
@nix {"action":"result","fields":[101,0],"id":912371312754689,"type":106}
@nix {"action":"result","fields":[100,0],"id":912371312754689,"type":106}
@nix {"action":"result","fields":[65,76,0,0],"id":912371312754690,"type":105}
@nix {"action":"result","fields":[0,0,0,0],"id":912371312754691,"type":105}
@nix {"action":"result","fields":[101,0],"id":912371312754689,"type":106}
@nix {"action":"result","fields":[100,0],"id":912371312754689,"type":106}
@nix {"action":"stop","id":912371312754756}
@nix {"action":"start","fields":["/tmp/casita-chain-rerun-l2oceybd/round-3-after/chain-round-1-jobs-8/store/13z1ja9lj3m8k5ivi7qwacldpk57wgn4-leaf-22.drv.drv","/tmp/casita-chain-rerun-l2oceybd/round-3-after/chain-round-1-jobs-8/store/q9nm2pslrvicvyhkj6yx9s07ikam9yc7-leaf-22.drv.drv"],"id":912371312754757,"level":3,"parent":0,"text":"resolved derivation: '/tmp/casita-chain-rerun-l2oceybd/round-3-after/chain-round-1-jobs-8/store/13z1ja9lj3m8k5ivi7qwacldpk57wgn4-leaf-22.drv.drv' -> '/tmp/casita-chain-rerun-l2oceybd/round-3-after/chain-round-1-jobs-8/store/q9nm2pslrvicvyhkj6yx9s07ikam9yc7-leaf-22.drv.drv'","type":111}
@nix {"action":"result","fields":[65,76,0,0],"id":912371312754690,"type":105}
@nix {"action":"result","fields":[0,0,0,0],"id":912371312754691,"type":105}
@nix {"action":"result","fields":[101,0],"id":912371312754689,"type":106}
@nix {"action":"result","fields":[100,0],"id":912371312754689,"type":106}
@nix {"action":"start","fields":["/tmp/casita-chain-rerun-l2oceybd/round-3-after/chain-round-1-jobs-8/store/q9nm2pslrvicvyhkj6yx9s07ikam9yc7-leaf-22.drv.drv","",1,1],"id":912371312754758,"level":3,"parent":0,"text":"building '/tmp/casita-chain-rerun-l2oceybd/round-3-after/chain-round-1-jobs-8/store/q9nm2pslrvicvyhkj6yx9s07ikam9yc7-leaf-22.drv.drv'","type":105}
@nix {"action":"result","fields":[65,76,1,0],"id":912371312754690,"type":105}
@nix {"action":"result","fields":[0,0,0,0],"id":912371312754691,"type":105}
@nix {"action":"result","fields":[101,0],"id":912371312754689,"type":106}
@nix {"action":"result","fields":[100,0],"id":912371312754689,"type":106}
@nix {"action":"result","fields":[66,77,0,0],"id":912371312754690,"type":105}
@nix {"action":"result","fields":[0,0,0,0],"id":912371312754691,"type":105}
@nix {"action":"result","fields":[101,0],"id":912371312754689,"type":106}
@nix {"action":"result","fields":[100,0],"id":912371312754689,"type":106}
@nix {"action":"stop","id":912371312754758}
@nix {"action":"result","fields":[67,77,0,0],"id":912371312754690,"type":105}
@nix {"action":"result","fields":[0,0,0,0],"id":912371312754691,"type":105}
@nix {"action":"result","fields":[101,0],"id":912371312754689,"type":106}
@nix {"action":"result","fields":[100,0],"id":912371312754689,"type":106}
@nix {"action":"stop","id":912371312754757}
@nix {"action":"result","fields":[67,77,0,0],"id":912371312754690,"type":105}
@nix {"action":"result","fields":[0,0,0,0],"id":912371312754691,"type":105}
@nix {"action":"result","fields":[101,0],"id":912371312754689,"type":106}
@nix {"action":"result","fields":[100,0],"id":912371312754689,"type":106}
@nix {"action":"start","fields":["/tmp/casita-chain-rerun-l2oceybd/round-3-after/chain-round-1-jobs-8/store/8x5bq218s31qcd1bwxl9srsr1f8xjfq4-leaf-22.drv","",1,1],"id":912371312754759,"level":3,"parent":0,"text":"building '/tmp/casita-chain-rerun-l2oceybd/round-3-after/chain-round-1-jobs-8/store/8x5bq218s31qcd1bwxl9srsr1f8xjfq4-leaf-22.drv'","type":105}
@nix {"action":"result","fields":[67,77,1,0],"id":912371312754690,"type":105}
@nix {"action":"result","fields":[0,0,0,0],"id":912371312754691,"type":105}
@nix {"action":"result","fields":[101,0],"id":912371312754689,"type":106}
@nix {"action":"result","fields":[100,0],"id":912371312754689,"type":106}
@nix {"action":"result","fields":[68,78,0,0],"id":912371312754690,"type":105}
@nix {"action":"result","fields":[0,0,0,0],"id":912371312754691,"type":105}
@nix {"action":"result","fields":[101,0],"id":912371312754689,"type":106}
@nix {"action":"result","fields":[100,0],"id":912371312754689,"type":106}
@nix {"action":"stop","id":912371312754759}
@nix {"action":"start","fields":["/tmp/casita-chain-rerun-l2oceybd/round-3-after/chain-round-1-jobs-8/store/pdq96vslyz1mi4l301qjvqw1bhlr9say-leaf-23.drv.drv","/tmp/casita-chain-rerun-l2oceybd/round-3-after/chain-round-1-jobs-8/store/52zsdxzmgf24brlzzmcn9aw2akrv0sgk-leaf-23.drv.drv"],"id":912371312754760,"level":3,"parent":0,"text":"resolved derivation: '/tmp/casita-chain-rerun-l2oceybd/round-3-after/chain-round-1-jobs-8/store/pdq96vslyz1mi4l301qjvqw1bhlr9say-leaf-23.drv.drv' -> '/tmp/casita-chain-rerun-l2oceybd/round-3-after/chain-round-1-jobs-8/store/52zsdxzmgf24brlzzmcn9aw2akrv0sgk-leaf-23.drv.drv'","type":111}
@nix {"action":"result","fields":[68,78,0,0],"id":912371312754690,"type":105}
@nix {"action":"result","fields":[0,0,0,0],"id":912371312754691,"type":105}
@nix {"action":"result","fields":[101,0],"id":912371312754689,"type":106}
@nix {"action":"result","fields":[100,0],"id":912371312754689,"type":106}
@nix {"action":"start","fields":["/tmp/casita-chain-rerun-l2oceybd/round-3-after/chain-round-1-jobs-8/store/52zsdxzmgf24brlzzmcn9aw2akrv0sgk-leaf-23.drv.drv","",1,1],"id":912371312754761,"level":3,"parent":0,"text":"building '/tmp/casita-chain-rerun-l2oceybd/round-3-after/chain-round-1-jobs-8/store/52zsdxzmgf24brlzzmcn9aw2akrv0sgk-leaf-23.drv.drv'","type":105}
@nix {"action":"result","fields":[68,78,1,0],"id":912371312754690,"type":105}
@nix {"action":"result","fields":[0,0,0,0],"id":912371312754691,"type":105}
@nix {"action":"result","fields":[101,0],"id":912371312754689,"type":106}
@nix {"action":"result","fields":[100,0],"id":912371312754689,"type":106}
@nix {"action":"result","fields":[69,79,0,0],"id":912371312754690,"type":105}
@nix {"action":"result","fields":[0,0,0,0],"id":912371312754691,"type":105}
@nix {"action":"result","fields":[101,0],"id":912371312754689,"type":106}
@nix {"action":"result","fields":[100,0],"id":912371312754689,"type":106}
@nix {"action":"stop","id":912371312754761}
@nix {"action":"result","fields":[70,79,0,0],"id":912371312754690,"type":105}
@nix {"action":"result","fields":[0,0,0,0],"id":912371312754691,"type":105}
@nix {"action":"result","fields":[101,0],"id":912371312754689,"type":106}
@nix {"action":"result","fields":[100,0],"id":912371312754689,"type":106}
@nix {"action":"stop","id":912371312754760}
@nix {"action":"result","fields":[70,79,0,0],"id":912371312754690,"type":105}
@nix {"action":"result","fields":[0,0,0,0],"id":912371312754691,"type":105}
@nix {"action":"result","fields":[101,0],"id":912371312754689,"type":106}
@nix {"action":"result","fields":[100,0],"id":912371312754689,"type":106}
@nix {"action":"start","fields":["/tmp/casita-chain-rerun-l2oceybd/round-3-after/chain-round-1-jobs-8/store/5242l84rjlf6wv6mf3ivyjcis143x2aw-leaf-23.drv","",1,1],"id":912371312754762,"level":3,"parent":0,"text":"building '/tmp/casita-chain-rerun-l2oceybd/round-3-after/chain-round-1-jobs-8/store/5242l84rjlf6wv6mf3ivyjcis143x2aw-leaf-23.drv'","type":105}
@nix {"action":"result","fields":[70,79,1,0],"id":912371312754690,"type":105}
@nix {"action":"result","fields":[0,0,0,0],"id":912371312754691,"type":105}
@nix {"action":"result","fields":[101,0],"id":912371312754689,"type":106}
@nix {"action":"result","fields":[100,0],"id":912371312754689,"type":106}
@nix {"action":"result","fields":[71,80,0,0],"id":912371312754690,"type":105}
@nix {"action":"result","fields":[0,0,0,0],"id":912371312754691,"type":105}
@nix {"action":"result","fields":[101,0],"id":912371312754689,"type":106}
@nix {"action":"result","fields":[100,0],"id":912371312754689,"type":106}
@nix {"action":"stop","id":912371312754762}
@nix {"action":"start","fields":["/tmp/casita-chain-rerun-l2oceybd/round-3-after/chain-round-1-jobs-8/store/pnqdinbzah9w5nnyikjsvlkr9ml44n6r-leaf-24.drv.drv","/tmp/casita-chain-rerun-l2oceybd/round-3-after/chain-round-1-jobs-8/store/krknxx8vc5ggv0sr7c44aqvf57ysijh0-leaf-24.drv.drv"],"id":912371312754763,"level":3,"parent":0,"text":"resolved derivation: '/tmp/casita-chain-rerun-l2oceybd/round-3-after/chain-round-1-jobs-8/store/pnqdinbzah9w5nnyikjsvlkr9ml44n6r-leaf-24.drv.drv' -> '/tmp/casita-chain-rerun-l2oceybd/round-3-after/chain-round-1-jobs-8/store/krknxx8vc5ggv0sr7c44aqvf57ysijh0-leaf-24.drv.drv'","type":111}
@nix {"action":"result","fields":[71,80,0,0],"id":912371312754690,"type":105}
@nix {"action":"result","fields":[0,0,0,0],"id":912371312754691,"type":105}
@nix {"action":"result","fields":[101,0],"id":912371312754689,"type":106}
@nix {"action":"result","fields":[100,0],"id":912371312754689,"type":106}
@nix {"action":"start","fields":["/tmp/casita-chain-rerun-l2oceybd/round-3-after/chain-round-1-jobs-8/store/krknxx8vc5ggv0sr7c44aqvf57ysijh0-leaf-24.drv.drv","",1,1],"id":912371312754764,"level":3,"parent":0,"text":"building '/tmp/casita-chain-rerun-l2oceybd/round-3-after/chain-round-1-jobs-8/store/krknxx8vc5ggv0sr7c44aqvf57ysijh0-leaf-24.drv.drv'","type":105}
@nix {"action":"result","fields":[71,80,1,0],"id":912371312754690,"type":105}
@nix {"action":"result","fields":[0,0,0,0],"id":912371312754691,"type":105}
@nix {"action":"result","fields":[101,0],"id":912371312754689,"type":106}
@nix {"action":"result","fields":[100,0],"id":912371312754689,"type":106}
@nix {"action":"result","fields":[72,81,0,0],"id":912371312754690,"type":105}
@nix {"action":"result","fields":[0,0,0,0],"id":912371312754691,"type":105}
@nix {"action":"result","fields":[101,0],"id":912371312754689,"type":106}
@nix {"action":"result","fields":[100,0],"id":912371312754689,"type":106}
@nix {"action":"stop","id":912371312754764}
@nix {"action":"result","fields":[73,81,0,0],"id":912371312754690,"type":105}
@nix {"action":"result","fields":[0,0,0,0],"id":912371312754691,"type":105}
@nix {"action":"result","fields":[101,0],"id":912371312754689,"type":106}
@nix {"action":"result","fields":[100,0],"id":912371312754689,"type":106}
@nix {"action":"stop","id":912371312754763}
@nix {"action":"result","fields":[73,81,0,0],"id":912371312754690,"type":105}
@nix {"action":"result","fields":[0,0,0,0],"id":912371312754691,"type":105}
@nix {"action":"result","fields":[101,0],"id":912371312754689,"type":106}
@nix {"action":"result","fields":[100,0],"id":912371312754689,"type":106}
@nix {"action":"start","fields":["/tmp/casita-chain-rerun-l2oceybd/round-3-after/chain-round-1-jobs-8/store/mby51nvsw4fkn1x86hg07w14hbpwjb4g-leaf-24.drv","",1,1],"id":912371312754765,"level":3,"parent":0,"text":"building '/tmp/casita-chain-rerun-l2oceybd/round-3-after/chain-round-1-jobs-8/store/mby51nvsw4fkn1x86hg07w14hbpwjb4g-leaf-24.drv'","type":105}
@nix {"action":"result","fields":[73,81,1,0],"id":912371312754690,"type":105}
@nix {"action":"result","fields":[0,0,0,0],"id":912371312754691,"type":105}
@nix {"action":"result","fields":[101,0],"id":912371312754689,"type":106}
@nix {"action":"result","fields":[100,0],"id":912371312754689,"type":106}
@nix {"action":"result","fields":[74,82,0,0],"id":912371312754690,"type":105}
@nix {"action":"result","fields":[0,0,0,0],"id":912371312754691,"type":105}
@nix {"action":"result","fields":[101,0],"id":912371312754689,"type":106}
@nix {"action":"result","fields":[100,0],"id":912371312754689,"type":106}
@nix {"action":"stop","id":912371312754765}
@nix {"action":"start","fields":["/tmp/casita-chain-rerun-l2oceybd/round-3-after/chain-round-1-jobs-8/store/00vi799id8jsih9wpzxj65bsk89j33qh-leaf-25.drv.drv","/tmp/casita-chain-rerun-l2oceybd/round-3-after/chain-round-1-jobs-8/store/c7vwx28nhb0c3dza49gawf66g43b64p6-leaf-25.drv.drv"],"id":912371312754766,"level":3,"parent":0,"text":"resolved derivation: '/tmp/casita-chain-rerun-l2oceybd/round-3-after/chain-round-1-jobs-8/store/00vi799id8jsih9wpzxj65bsk89j33qh-leaf-25.drv.drv' -> '/tmp/casita-chain-rerun-l2oceybd/round-3-after/chain-round-1-jobs-8/store/c7vwx28nhb0c3dza49gawf66g43b64p6-leaf-25.drv.drv'","type":111}
@nix {"action":"result","fields":[74,82,0,0],"id":912371312754690,"type":105}
@nix {"action":"result","fields":[0,0,0,0],"id":912371312754691,"type":105}
@nix {"action":"result","fields":[101,0],"id":912371312754689,"type":106}
@nix {"action":"result","fields":[100,0],"id":912371312754689,"type":106}
@nix {"action":"start","fields":["/tmp/casita-chain-rerun-l2oceybd/round-3-after/chain-round-1-jobs-8/store/c7vwx28nhb0c3dza49gawf66g43b64p6-leaf-25.drv.drv","",1,1],"id":912371312754767,"level":3,"parent":0,"text":"building '/tmp/casita-chain-rerun-l2oceybd/round-3-after/chain-round-1-jobs-8/store/c7vwx28nhb0c3dza49gawf66g43b64p6-leaf-25.drv.drv'","type":105}
@nix {"action":"result","fields":[74,82,1,0],"id":912371312754690,"type":105}
@nix {"action":"result","fields":[0,0,0,0],"id":912371312754691,"type":105}
@nix {"action":"result","fields":[101,0],"id":912371312754689,"type":106}
@nix {"action":"result","fields":[100,0],"id":912371312754689,"type":106}
@nix {"action":"result","fields":[75,83,0,0],"id":912371312754690,"type":105}
@nix {"action":"result","fields":[0,0,0,0],"id":912371312754691,"type":105}
@nix {"action":"result","fields":[101,0],"id":912371312754689,"type":106}
@nix {"action":"result","fields":[100,0],"id":912371312754689,"type":106}
@nix {"action":"stop","id":912371312754767}
@nix {"action":"result","fields":[76,83,0,0],"id":912371312754690,"type":105}
@nix {"action":"result","fields":[0,0,0,0],"id":912371312754691,"type":105}
@nix {"action":"result","fields":[101,0],"id":912371312754689,"type":106}
@nix {"action":"result","fields":[100,0],"id":912371312754689,"type":106}
@nix {"action":"stop","id":912371312754766}
@nix {"action":"result","fields":[76,83,0,0],"id":912371312754690,"type":105}
@nix {"action":"result","fields":[0,0,0,0],"id":912371312754691,"type":105}
@nix {"action":"result","fields":[101,0],"id":912371312754689,"type":106}
@nix {"action":"result","fields":[100,0],"id":912371312754689,"type":106}
@nix {"action":"start","fields":["/tmp/casita-chain-rerun-l2oceybd/round-3-after/chain-round-1-jobs-8/store/s349bm7ap8vw8psj00qvh36v1c1amvrp-leaf-25.drv","",1,1],"id":912371312754768,"level":3,"parent":0,"text":"building '/tmp/casita-chain-rerun-l2oceybd/round-3-after/chain-round-1-jobs-8/store/s349bm7ap8vw8psj00qvh36v1c1amvrp-leaf-25.drv'","type":105}
@nix {"action":"result","fields":[76,83,1,0],"id":912371312754690,"type":105}
@nix {"action":"result","fields":[0,0,0,0],"id":912371312754691,"type":105}
@nix {"action":"result","fields":[101,0],"id":912371312754689,"type":106}
@nix {"action":"result","fields":[100,0],"id":912371312754689,"type":106}
@nix {"action":"result","fields":[77,84,0,0],"id":912371312754690,"type":105}
@nix {"action":"result","fields":[0,0,0,0],"id":912371312754691,"type":105}
@nix {"action":"result","fields":[101,0],"id":912371312754689,"type":106}
@nix {"action":"result","fields":[100,0],"id":912371312754689,"type":106}
@nix {"action":"stop","id":912371312754768}
@nix {"action":"start","fields":["/tmp/casita-chain-rerun-l2oceybd/round-3-after/chain-round-1-jobs-8/store/v1hsqp8ays4jglmwqjgwa3kdpqq0i8qr-leaf-26.drv.drv","/tmp/casita-chain-rerun-l2oceybd/round-3-after/chain-round-1-jobs-8/store/gj2qz80kslig2dxmqgkdsk7craxh0fcs-leaf-26.drv.drv"],"id":912371312754769,"level":3,"parent":0,"text":"resolved derivation: '/tmp/casita-chain-rerun-l2oceybd/round-3-after/chain-round-1-jobs-8/store/v1hsqp8ays4jglmwqjgwa3kdpqq0i8qr-leaf-26.drv.drv' -> '/tmp/casita-chain-rerun-l2oceybd/round-3-after/chain-round-1-jobs-8/store/gj2qz80kslig2dxmqgkdsk7craxh0fcs-leaf-26.drv.drv'","type":111}
@nix {"action":"result","fields":[77,84,0,0],"id":912371312754690,"type":105}
@nix {"action":"result","fields":[0,0,0,0],"id":912371312754691,"type":105}
@nix {"action":"result","fields":[101,0],"id":912371312754689,"type":106}
@nix {"action":"result","fields":[100,0],"id":912371312754689,"type":106}
@nix {"action":"start","fields":["/tmp/casita-chain-rerun-l2oceybd/round-3-after/chain-round-1-jobs-8/store/gj2qz80kslig2dxmqgkdsk7craxh0fcs-leaf-26.drv.drv","",1,1],"id":912371312754770,"level":3,"parent":0,"text":"building '/tmp/casita-chain-rerun-l2oceybd/round-3-after/chain-round-1-jobs-8/store/gj2qz80kslig2dxmqgkdsk7craxh0fcs-leaf-26.drv.drv'","type":105}
@nix {"action":"result","fields":[77,84,1,0],"id":912371312754690,"type":105}
@nix {"action":"result","fields":[0,0,0,0],"id":912371312754691,"type":105}
@nix {"action":"result","fields":[101,0],"id":912371312754689,"type":106}
@nix {"action":"result","fields":[100,0],"id":912371312754689,"type":106}
@nix {"action":"result","fields":[78,85,0,0],"id":912371312754690,"type":105}
@nix {"action":"result","fields":[0,0,0,0],"id":912371312754691,"type":105}
@nix {"action":"result","fields":[101,0],"id":912371312754689,"type":106}
@nix {"action":"result","fields":[100,0],"id":912371312754689,"type":106}
@nix {"action":"stop","id":912371312754770}
@nix {"action":"result","fields":[79,85,0,0],"id":912371312754690,"type":105}
@nix {"action":"result","fields":[0,0,0,0],"id":912371312754691,"type":105}
@nix {"action":"result","fields":[101,0],"id":912371312754689,"type":106}
@nix {"action":"result","fields":[100,0],"id":912371312754689,"type":106}
@nix {"action":"stop","id":912371312754769}
@nix {"action":"result","fields":[79,85,0,0],"id":912371312754690,"type":105}
@nix {"action":"result","fields":[0,0,0,0],"id":912371312754691,"type":105}
@nix {"action":"result","fields":[101,0],"id":912371312754689,"type":106}
@nix {"action":"result","fields":[100,0],"id":912371312754689,"type":106}
@nix {"action":"start","fields":["/tmp/casita-chain-rerun-l2oceybd/round-3-after/chain-round-1-jobs-8/store/pq112vp9816dwlapx305z9vfp139h0cn-leaf-26.drv","",1,1],"id":912371312754771,"level":3,"parent":0,"text":"building '/tmp/casita-chain-rerun-l2oceybd/round-3-after/chain-round-1-jobs-8/store/pq112vp9816dwlapx305z9vfp139h0cn-leaf-26.drv'","type":105}
@nix {"action":"result","fields":[79,85,1,0],"id":912371312754690,"type":105}
@nix {"action":"result","fields":[0,0,0,0],"id":912371312754691,"type":105}
@nix {"action":"result","fields":[101,0],"id":912371312754689,"type":106}
@nix {"action":"result","fields":[100,0],"id":912371312754689,"type":106}
@nix {"action":"result","fields":[80,86,0,0],"id":912371312754690,"type":105}
@nix {"action":"result","fields":[0,0,0,0],"id":912371312754691,"type":105}
@nix {"action":"result","fields":[101,0],"id":912371312754689,"type":106}
@nix {"action":"result","fields":[100,0],"id":912371312754689,"type":106}
@nix {"action":"stop","id":912371312754771}
@nix {"action":"start","fields":["/tmp/casita-chain-rerun-l2oceybd/round-3-after/chain-round-1-jobs-8/store/wp9mvwyxbakisbriyxm2dzz1rad620yz-leaf-27.drv.drv","/tmp/casita-chain-rerun-l2oceybd/round-3-after/chain-round-1-jobs-8/store/swdn4isdzlqb4sinr25y91blia9px9qd-leaf-27.drv.drv"],"id":912371312754772,"level":3,"parent":0,"text":"resolved derivation: '/tmp/casita-chain-rerun-l2oceybd/round-3-after/chain-round-1-jobs-8/store/wp9mvwyxbakisbriyxm2dzz1rad620yz-leaf-27.drv.drv' -> '/tmp/casita-chain-rerun-l2oceybd/round-3-after/chain-round-1-jobs-8/store/swdn4isdzlqb4sinr25y91blia9px9qd-leaf-27.drv.drv'","type":111}
@nix {"action":"result","fields":[80,86,0,0],"id":912371312754690,"type":105}
@nix {"action":"result","fields":[0,0,0,0],"id":912371312754691,"type":105}
@nix {"action":"result","fields":[101,0],"id":912371312754689,"type":106}
@nix {"action":"result","fields":[100,0],"id":912371312754689,"type":106}
@nix {"action":"start","fields":["/tmp/casita-chain-rerun-l2oceybd/round-3-after/chain-round-1-jobs-8/store/swdn4isdzlqb4sinr25y91blia9px9qd-leaf-27.drv.drv","",1,1],"id":912371312754773,"level":3,"parent":0,"text":"building '/tmp/casita-chain-rerun-l2oceybd/round-3-after/chain-round-1-jobs-8/store/swdn4isdzlqb4sinr25y91blia9px9qd-leaf-27.drv.drv'","type":105}
@nix {"action":"result","fields":[80,86,1,0],"id":912371312754690,"type":105}
@nix {"action":"result","fields":[0,0,0,0],"id":912371312754691,"type":105}
@nix {"action":"result","fields":[101,0],"id":912371312754689,"type":106}
@nix {"action":"result","fields":[100,0],"id":912371312754689,"type":106}
@nix {"action":"result","fields":[81,87,0,0],"id":912371312754690,"type":105}
@nix {"action":"result","fields":[0,0,0,0],"id":912371312754691,"type":105}
@nix {"action":"result","fields":[101,0],"id":912371312754689,"type":106}
@nix {"action":"result","fields":[100,0],"id":912371312754689,"type":106}
@nix {"action":"stop","id":912371312754773}
@nix {"action":"result","fields":[82,87,0,0],"id":912371312754690,"type":105}
@nix {"action":"result","fields":[0,0,0,0],"id":912371312754691,"type":105}
@nix {"action":"result","fields":[101,0],"id":912371312754689,"type":106}
@nix {"action":"result","fields":[100,0],"id":912371312754689,"type":106}
@nix {"action":"stop","id":912371312754772}
@nix {"action":"result","fields":[82,87,0,0],"id":912371312754690,"type":105}
@nix {"action":"result","fields":[0,0,0,0],"id":912371312754691,"type":105}
@nix {"action":"result","fields":[101,0],"id":912371312754689,"type":106}
@nix {"action":"result","fields":[100,0],"id":912371312754689,"type":106}
@nix {"action":"start","fields":["/tmp/casita-chain-rerun-l2oceybd/round-3-after/chain-round-1-jobs-8/store/vc47lmmpcjwm7vah5dlm221ily17z265-leaf-27.drv","",1,1],"id":912371312754774,"level":3,"parent":0,"text":"building '/tmp/casita-chain-rerun-l2oceybd/round-3-after/chain-round-1-jobs-8/store/vc47lmmpcjwm7vah5dlm221ily17z265-leaf-27.drv'","type":105}
@nix {"action":"result","fields":[82,87,1,0],"id":912371312754690,"type":105}
@nix {"action":"result","fields":[0,0,0,0],"id":912371312754691,"type":105}
@nix {"action":"result","fields":[101,0],"id":912371312754689,"type":106}
@nix {"action":"result","fields":[100,0],"id":912371312754689,"type":106}
@nix {"action":"result","fields":[83,88,0,0],"id":912371312754690,"type":105}
@nix {"action":"result","fields":[0,0,0,0],"id":912371312754691,"type":105}
@nix {"action":"result","fields":[101,0],"id":912371312754689,"type":106}
@nix {"action":"result","fields":[100,0],"id":912371312754689,"type":106}
@nix {"action":"stop","id":912371312754774}
@nix {"action":"start","fields":["/tmp/casita-chain-rerun-l2oceybd/round-3-after/chain-round-1-jobs-8/store/p76yy8vgmqp8jm67kl1pjq619hm6knnn-leaf-28.drv.drv","/tmp/casita-chain-rerun-l2oceybd/round-3-after/chain-round-1-jobs-8/store/pa062ssmqwffagsgz21nc1b6kh2ch8fk-leaf-28.drv.drv"],"id":912371312754775,"level":3,"parent":0,"text":"resolved derivation: '/tmp/casita-chain-rerun-l2oceybd/round-3-after/chain-round-1-jobs-8/store/p76yy8vgmqp8jm67kl1pjq619hm6knnn-leaf-28.drv.drv' -> '/tmp/casita-chain-rerun-l2oceybd/round-3-after/chain-round-1-jobs-8/store/pa062ssmqwffagsgz21nc1b6kh2ch8fk-leaf-28.drv.drv'","type":111}
@nix {"action":"result","fields":[83,88,0,0],"id":912371312754690,"type":105}
@nix {"action":"result","fields":[0,0,0,0],"id":912371312754691,"type":105}
@nix {"action":"result","fields":[101,0],"id":912371312754689,"type":106}
@nix {"action":"result","fields":[100,0],"id":912371312754689,"type":106}
@nix {"action":"start","fields":["/tmp/casita-chain-rerun-l2oceybd/round-3-after/chain-round-1-jobs-8/store/pa062ssmqwffagsgz21nc1b6kh2ch8fk-leaf-28.drv.drv","",1,1],"id":912371312754776,"level":3,"parent":0,"text":"building '/tmp/casita-chain-rerun-l2oceybd/round-3-after/chain-round-1-jobs-8/store/pa062ssmqwffagsgz21nc1b6kh2ch8fk-leaf-28.drv.drv'","type":105}
@nix {"action":"result","fields":[83,88,1,0],"id":912371312754690,"type":105}
@nix {"action":"result","fields":[0,0,0,0],"id":912371312754691,"type":105}
@nix {"action":"result","fields":[101,0],"id":912371312754689,"type":106}
@nix {"action":"result","fields":[100,0],"id":912371312754689,"type":106}
@nix {"action":"result","fields":[84,89,0,0],"id":912371312754690,"type":105}
@nix {"action":"result","fields":[0,0,0,0],"id":912371312754691,"type":105}
@nix {"action":"result","fields":[101,0],"id":912371312754689,"type":106}
@nix {"action":"result","fields":[100,0],"id":912371312754689,"type":106}
@nix {"action":"stop","id":912371312754776}
@nix {"action":"result","fields":[85,89,0,0],"id":912371312754690,"type":105}
@nix {"action":"result","fields":[0,0,0,0],"id":912371312754691,"type":105}
@nix {"action":"result","fields":[101,0],"id":912371312754689,"type":106}
@nix {"action":"result","fields":[100,0],"id":912371312754689,"type":106}
@nix {"action":"stop","id":912371312754775}
@nix {"action":"result","fields":[85,89,0,0],"id":912371312754690,"type":105}
@nix {"action":"result","fields":[0,0,0,0],"id":912371312754691,"type":105}
@nix {"action":"result","fields":[101,0],"id":912371312754689,"type":106}
@nix {"action":"result","fields":[100,0],"id":912371312754689,"type":106}
@nix {"action":"start","fields":["/tmp/casita-chain-rerun-l2oceybd/round-3-after/chain-round-1-jobs-8/store/asnnwnnmkqkn94b050fqg9gabnp03qv1-leaf-28.drv","",1,1],"id":912371312754777,"level":3,"parent":0,"text":"building '/tmp/casita-chain-rerun-l2oceybd/round-3-after/chain-round-1-jobs-8/store/asnnwnnmkqkn94b050fqg9gabnp03qv1-leaf-28.drv'","type":105}
@nix {"action":"result","fields":[85,89,1,0],"id":912371312754690,"type":105}
@nix {"action":"result","fields":[0,0,0,0],"id":912371312754691,"type":105}
@nix {"action":"result","fields":[101,0],"id":912371312754689,"type":106}
@nix {"action":"result","fields":[100,0],"id":912371312754689,"type":106}
@nix {"action":"result","fields":[86,90,0,0],"id":912371312754690,"type":105}
@nix {"action":"result","fields":[0,0,0,0],"id":912371312754691,"type":105}
@nix {"action":"result","fields":[101,0],"id":912371312754689,"type":106}
@nix {"action":"result","fields":[100,0],"id":912371312754689,"type":106}
@nix {"action":"stop","id":912371312754777}
@nix {"action":"start","fields":["/tmp/casita-chain-rerun-l2oceybd/round-3-after/chain-round-1-jobs-8/store/gp4brpqic77n5h32vlim2d76w58lh7dc-leaf-29.drv.drv","/tmp/casita-chain-rerun-l2oceybd/round-3-after/chain-round-1-jobs-8/store/crlfal062j273lzz8dhmzlj2jfa6z6rs-leaf-29.drv.drv"],"id":912371312754778,"level":3,"parent":0,"text":"resolved derivation: '/tmp/casita-chain-rerun-l2oceybd/round-3-after/chain-round-1-jobs-8/store/gp4brpqic77n5h32vlim2d76w58lh7dc-leaf-29.drv.drv' -> '/tmp/casita-chain-rerun-l2oceybd/round-3-after/chain-round-1-jobs-8/store/crlfal062j273lzz8dhmzlj2jfa6z6rs-leaf-29.drv.drv'","type":111}
@nix {"action":"result","fields":[86,90,0,0],"id":912371312754690,"type":105}
@nix {"action":"result","fields":[0,0,0,0],"id":912371312754691,"type":105}
@nix {"action":"result","fields":[101,0],"id":912371312754689,"type":106}
@nix {"action":"result","fields":[100,0],"id":912371312754689,"type":106}
@nix {"action":"start","fields":["/tmp/casita-chain-rerun-l2oceybd/round-3-after/chain-round-1-jobs-8/store/crlfal062j273lzz8dhmzlj2jfa6z6rs-leaf-29.drv.drv","",1,1],"id":912371312754779,"level":3,"parent":0,"text":"building '/tmp/casita-chain-rerun-l2oceybd/round-3-after/chain-round-1-jobs-8/store/crlfal062j273lzz8dhmzlj2jfa6z6rs-leaf-29.drv.drv'","type":105}
@nix {"action":"result","fields":[86,90,1,0],"id":912371312754690,"type":105}
@nix {"action":"result","fields":[0,0,0,0],"id":912371312754691,"type":105}
@nix {"action":"result","fields":[101,0],"id":912371312754689,"type":106}
@nix {"action":"result","fields":[100,0],"id":912371312754689,"type":106}
@nix {"action":"result","fields":[87,91,0,0],"id":912371312754690,"type":105}
@nix {"action":"result","fields":[0,0,0,0],"id":912371312754691,"type":105}
@nix {"action":"result","fields":[101,0],"id":912371312754689,"type":106}
@nix {"action":"result","fields":[100,0],"id":912371312754689,"type":106}
@nix {"action":"stop","id":912371312754779}
@nix {"action":"result","fields":[88,91,0,0],"id":912371312754690,"type":105}
@nix {"action":"result","fields":[0,0,0,0],"id":912371312754691,"type":105}
@nix {"action":"result","fields":[101,0],"id":912371312754689,"type":106}
@nix {"action":"result","fields":[100,0],"id":912371312754689,"type":106}
@nix {"action":"stop","id":912371312754778}
@nix {"action":"result","fields":[88,91,0,0],"id":912371312754690,"type":105}
@nix {"action":"result","fields":[0,0,0,0],"id":912371312754691,"type":105}
@nix {"action":"result","fields":[101,0],"id":912371312754689,"type":106}
@nix {"action":"result","fields":[100,0],"id":912371312754689,"type":106}
@nix {"action":"start","fields":["/tmp/casita-chain-rerun-l2oceybd/round-3-after/chain-round-1-jobs-8/store/200mmrg7kynrag370djx7i44xnlg5h9g-leaf-29.drv","",1,1],"id":912371312754780,"level":3,"parent":0,"text":"building '/tmp/casita-chain-rerun-l2oceybd/round-3-after/chain-round-1-jobs-8/store/200mmrg7kynrag370djx7i44xnlg5h9g-leaf-29.drv'","type":105}
@nix {"action":"result","fields":[88,91,1,0],"id":912371312754690,"type":105}
@nix {"action":"result","fields":[0,0,0,0],"id":912371312754691,"type":105}
@nix {"action":"result","fields":[101,0],"id":912371312754689,"type":106}
@nix {"action":"result","fields":[100,0],"id":912371312754689,"type":106}
@nix {"action":"result","fields":[89,92,0,0],"id":912371312754690,"type":105}
@nix {"action":"result","fields":[0,0,0,0],"id":912371312754691,"type":105}
@nix {"action":"result","fields":[101,0],"id":912371312754689,"type":106}
@nix {"action":"result","fields":[100,0],"id":912371312754689,"type":106}
@nix {"action":"stop","id":912371312754780}
@nix {"action":"start","fields":["/tmp/casita-chain-rerun-l2oceybd/round-3-after/chain-round-1-jobs-8/store/gvib9zq9xpmyrzb5gxvmm0f0bzhwqqq5-leaf-30.drv.drv","/tmp/casita-chain-rerun-l2oceybd/round-3-after/chain-round-1-jobs-8/store/0lkfnih7vnddflp85rxvbzq3fza2hyd4-leaf-30.drv.drv"],"id":912371312754781,"level":3,"parent":0,"text":"resolved derivation: '/tmp/casita-chain-rerun-l2oceybd/round-3-after/chain-round-1-jobs-8/store/gvib9zq9xpmyrzb5gxvmm0f0bzhwqqq5-leaf-30.drv.drv' -> '/tmp/casita-chain-rerun-l2oceybd/round-3-after/chain-round-1-jobs-8/store/0lkfnih7vnddflp85rxvbzq3fza2hyd4-leaf-30.drv.drv'","type":111}
@nix {"action":"result","fields":[89,92,0,0],"id":912371312754690,"type":105}
@nix {"action":"result","fields":[0,0,0,0],"id":912371312754691,"type":105}
@nix {"action":"result","fields":[101,0],"id":912371312754689,"type":106}
@nix {"action":"result","fields":[100,0],"id":912371312754689,"type":106}
@nix {"action":"start","fields":["/tmp/casita-chain-rerun-l2oceybd/round-3-after/chain-round-1-jobs-8/store/0lkfnih7vnddflp85rxvbzq3fza2hyd4-leaf-30.drv.drv","",1,1],"id":912371312754782,"level":3,"parent":0,"text":"building '/tmp/casita-chain-rerun-l2oceybd/round-3-after/chain-round-1-jobs-8/store/0lkfnih7vnddflp85rxvbzq3fza2hyd4-leaf-30.drv.drv'","type":105}
@nix {"action":"result","fields":[89,92,1,0],"id":912371312754690,"type":105}
@nix {"action":"result","fields":[0,0,0,0],"id":912371312754691,"type":105}
@nix {"action":"result","fields":[101,0],"id":912371312754689,"type":106}
@nix {"action":"result","fields":[100,0],"id":912371312754689,"type":106}
@nix {"action":"result","fields":[90,93,0,0],"id":912371312754690,"type":105}
@nix {"action":"result","fields":[0,0,0,0],"id":912371312754691,"type":105}
@nix {"action":"result","fields":[101,0],"id":912371312754689,"type":106}
@nix {"action":"result","fields":[100,0],"id":912371312754689,"type":106}
@nix {"action":"stop","id":912371312754782}
@nix {"action":"result","fields":[91,93,0,0],"id":912371312754690,"type":105}
@nix {"action":"result","fields":[0,0,0,0],"id":912371312754691,"type":105}
@nix {"action":"result","fields":[101,0],"id":912371312754689,"type":106}
@nix {"action":"result","fields":[100,0],"id":912371312754689,"type":106}
@nix {"action":"stop","id":912371312754781}
@nix {"action":"result","fields":[91,93,0,0],"id":912371312754690,"type":105}
@nix {"action":"result","fields":[0,0,0,0],"id":912371312754691,"type":105}
@nix {"action":"result","fields":[101,0],"id":912371312754689,"type":106}
@nix {"action":"result","fields":[100,0],"id":912371312754689,"type":106}
@nix {"action":"start","fields":["/tmp/casita-chain-rerun-l2oceybd/round-3-after/chain-round-1-jobs-8/store/n1104ff72skipdgad7k1bzd45hx7w80i-leaf-30.drv","",1,1],"id":912371312754783,"level":3,"parent":0,"text":"building '/tmp/casita-chain-rerun-l2oceybd/round-3-after/chain-round-1-jobs-8/store/n1104ff72skipdgad7k1bzd45hx7w80i-leaf-30.drv'","type":105}
@nix {"action":"result","fields":[91,93,1,0],"id":912371312754690,"type":105}
@nix {"action":"result","fields":[0,0,0,0],"id":912371312754691,"type":105}
@nix {"action":"result","fields":[101,0],"id":912371312754689,"type":106}
@nix {"action":"result","fields":[100,0],"id":912371312754689,"type":106}
@nix {"action":"result","fields":[92,94,0,0],"id":912371312754690,"type":105}
@nix {"action":"result","fields":[0,0,0,0],"id":912371312754691,"type":105}
@nix {"action":"result","fields":[101,0],"id":912371312754689,"type":106}
@nix {"action":"result","fields":[100,0],"id":912371312754689,"type":106}
@nix {"action":"stop","id":912371312754783}
@nix {"action":"start","fields":["/tmp/casita-chain-rerun-l2oceybd/round-3-after/chain-round-1-jobs-8/store/a0jhpn7iyv6d2b1zzc968386xw37vwvs-leaf-31.drv.drv","/tmp/casita-chain-rerun-l2oceybd/round-3-after/chain-round-1-jobs-8/store/axlh6jd6z15ykbi0gjb6284v4lilc1yx-leaf-31.drv.drv"],"id":912371312754784,"level":3,"parent":0,"text":"resolved derivation: '/tmp/casita-chain-rerun-l2oceybd/round-3-after/chain-round-1-jobs-8/store/a0jhpn7iyv6d2b1zzc968386xw37vwvs-leaf-31.drv.drv' -> '/tmp/casita-chain-rerun-l2oceybd/round-3-after/chain-round-1-jobs-8/store/axlh6jd6z15ykbi0gjb6284v4lilc1yx-leaf-31.drv.drv'","type":111}
@nix {"action":"result","fields":[92,94,0,0],"id":912371312754690,"type":105}
@nix {"action":"result","fields":[0,0,0,0],"id":912371312754691,"type":105}
@nix {"action":"result","fields":[101,0],"id":912371312754689,"type":106}
@nix {"action":"result","fields":[100,0],"id":912371312754689,"type":106}
@nix {"action":"start","fields":["/tmp/casita-chain-rerun-l2oceybd/round-3-after/chain-round-1-jobs-8/store/axlh6jd6z15ykbi0gjb6284v4lilc1yx-leaf-31.drv.drv","",1,1],"id":912371312754785,"level":3,"parent":0,"text":"building '/tmp/casita-chain-rerun-l2oceybd/round-3-after/chain-round-1-jobs-8/store/axlh6jd6z15ykbi0gjb6284v4lilc1yx-leaf-31.drv.drv'","type":105}
@nix {"action":"result","fields":[92,94,1,0],"id":912371312754690,"type":105}
@nix {"action":"result","fields":[0,0,0,0],"id":912371312754691,"type":105}
@nix {"action":"result","fields":[101,0],"id":912371312754689,"type":106}
@nix {"action":"result","fields":[100,0],"id":912371312754689,"type":106}
@nix {"action":"result","fields":[93,95,0,0],"id":912371312754690,"type":105}
@nix {"action":"result","fields":[0,0,0,0],"id":912371312754691,"type":105}
@nix {"action":"result","fields":[101,0],"id":912371312754689,"type":106}
@nix {"action":"result","fields":[100,0],"id":912371312754689,"type":106}
@nix {"action":"stop","id":912371312754785}
@nix {"action":"result","fields":[94,95,0,0],"id":912371312754690,"type":105}
@nix {"action":"result","fields":[0,0,0,0],"id":912371312754691,"type":105}
@nix {"action":"result","fields":[101,0],"id":912371312754689,"type":106}
@nix {"action":"result","fields":[100,0],"id":912371312754689,"type":106}
@nix {"action":"stop","id":912371312754784}
@nix {"action":"result","fields":[94,95,0,0],"id":912371312754690,"type":105}
@nix {"action":"result","fields":[0,0,0,0],"id":912371312754691,"type":105}
@nix {"action":"result","fields":[101,0],"id":912371312754689,"type":106}
@nix {"action":"result","fields":[100,0],"id":912371312754689,"type":106}
@nix {"action":"start","fields":["/tmp/casita-chain-rerun-l2oceybd/round-3-after/chain-round-1-jobs-8/store/ki9waxsplhv2vlnqp8052cvkwgfkbsfn-leaf-31.drv","",1,1],"id":912371312754786,"level":3,"parent":0,"text":"building '/tmp/casita-chain-rerun-l2oceybd/round-3-after/chain-round-1-jobs-8/store/ki9waxsplhv2vlnqp8052cvkwgfkbsfn-leaf-31.drv'","type":105}
@nix {"action":"result","fields":[94,95,1,0],"id":912371312754690,"type":105}
@nix {"action":"result","fields":[0,0,0,0],"id":912371312754691,"type":105}
@nix {"action":"result","fields":[101,0],"id":912371312754689,"type":106}
@nix {"action":"result","fields":[100,0],"id":912371312754689,"type":106}
@nix {"action":"result","fields":[95,96,0,0],"id":912371312754690,"type":105}
@nix {"action":"result","fields":[0,0,0,0],"id":912371312754691,"type":105}
@nix {"action":"result","fields":[101,0],"id":912371312754689,"type":106}
@nix {"action":"result","fields":[100,0],"id":912371312754689,"type":106}
@nix {"action":"stop","id":912371312754786}
@nix {"action":"stop","id":912371312754691}
@nix {"action":"stop","id":912371312754690}
@nix {"action":"stop","id":912371312754689}
