@nix {"action":"start","id":138426795950080,"level":6,"parent":0,"text":"querying info about missing paths","type":0}
@nix {"action":"msg","level":1,"msg":"\u001b[35;1mwarning:\u001b[0m Ignoring dynamic derivation /tmp/obrador-shared-pins-linux/round-3-retry-baseline/chain-round-1-jobs-8/store/qkidsglw8gndq2jph4gcnhbskx4yq9zr-leaf-31.drv.drv^out while querying missing paths; not yet implemented"}
@nix {"action":"stop","id":138426795950080}
@nix {"action":"start","id":138426795950081,"level":0,"parent":0,"text":"","type":102}
@nix {"action":"start","id":138426795950082,"level":0,"parent":0,"text":"","type":104}
@nix {"action":"start","id":138426795950083,"level":0,"parent":0,"text":"","type":103}
@nix {"action":"result","fields":[0,0,0,0],"id":138426795950082,"type":105}
@nix {"action":"result","fields":[0,0,0,0],"id":138426795950083,"type":105}
@nix {"action":"result","fields":[101,0],"id":138426795950081,"type":106}
@nix {"action":"result","fields":[100,0],"id":138426795950081,"type":106}
@nix {"action":"result","fields":[0,0,0,0],"id":138426795950082,"type":105}
@nix {"action":"result","fields":[0,0,0,0],"id":138426795950083,"type":105}
@nix {"action":"result","fields":[101,0],"id":138426795950081,"type":106}
@nix {"action":"result","fields":[100,0],"id":138426795950081,"type":106}
@nix {"action":"result","fields":[0,1,0,0],"id":138426795950082,"type":105}
@nix {"action":"result","fields":[0,0,0,0],"id":138426795950083,"type":105}
@nix {"action":"result","fields":[101,0],"id":138426795950081,"type":106}
@nix {"action":"result","fields":[100,0],"id":138426795950081,"type":106}
@nix {"action":"result","fields":[0,1,0,0],"id":138426795950082,"type":105}
@nix {"action":"result","fields":[0,0,0,0],"id":138426795950083,"type":105}
@nix {"action":"result","fields":[101,0],"id":138426795950081,"type":106}
@nix {"action":"result","fields":[100,0],"id":138426795950081,"type":106}
@nix {"action":"result","fields":[0,1,0,0],"id":138426795950082,"type":105}
@nix {"action":"result","fields":[0,0,0,0],"id":138426795950083,"type":105}
@nix {"action":"result","fields":[101,0],"id":138426795950081,"type":106}
@nix {"action":"result","fields":[100,0],"id":138426795950081,"type":106}
@nix {"action":"result","fields":[0,2,0,0],"id":138426795950082,"type":105}
@nix {"action":"result","fields":[0,0,0,0],"id":138426795950083,"type":105}
@nix {"action":"result","fields":[101,0],"id":138426795950081,"type":106}
@nix {"action":"result","fields":[100,0],"id":138426795950081,"type":106}
@nix {"action":"result","fields":[0,2,0,0],"id":138426795950082,"type":105}
@nix {"action":"result","fields":[0,0,0,0],"id":138426795950083,"type":105}
@nix {"action":"result","fields":[101,0],"id":138426795950081,"type":106}
@nix {"action":"result","fields":[100,0],"id":138426795950081,"type":106}
@nix {"action":"result","fields":[0,2,0,0],"id":138426795950082,"type":105}
@nix {"action":"result","fields":[0,0,0,0],"id":138426795950083,"type":105}
@nix {"action":"result","fields":[101,0],"id":138426795950081,"type":106}
@nix {"action":"result","fields":[100,0],"id":138426795950081,"type":106}
@nix {"action":"result","fields":[0,3,0,0],"id":138426795950082,"type":105}
@nix {"action":"result","fields":[0,0,0,0],"id":138426795950083,"type":105}
@nix {"action":"result","fields":[101,0],"id":138426795950081,"type":106}
@nix {"action":"result","fields":[100,0],"id":138426795950081,"type":106}
@nix {"action":"result","fields":[0,3,0,0],"id":138426795950082,"type":105}
@nix {"action":"result","fields":[0,0,0,0],"id":138426795950083,"type":105}
@nix {"action":"result","fields":[101,0],"id":138426795950081,"type":106}
@nix {"action":"result","fields":[100,0],"id":138426795950081,"type":106}
@nix {"action":"result","fields":[0,3,0,0],"id":138426795950082,"type":105}
@nix {"action":"result","fields":[0,0,0,0],"id":138426795950083,"type":105}
@nix {"action":"result","fields":[101,0],"id":138426795950081,"type":106}
@nix {"action":"result","fields":[100,0],"id":138426795950081,"type":106}
@nix {"action":"result","fields":[0,4,0,0],"id":138426795950082,"type":105}
@nix {"action":"result","fields":[0,0,0,0],"id":138426795950083,"type":105}
@nix {"action":"result","fields":[101,0],"id":138426795950081,"type":106}
@nix {"action":"result","fields":[100,0],"id":138426795950081,"type":106}
@nix {"action":"result","fields":[0,4,0,0],"id":138426795950082,"type":105}
@nix {"action":"result","fields":[0,0,0,0],"id":138426795950083,"type":105}
@nix {"action":"result","fields":[101,0],"id":138426795950081,"type":106}
@nix {"action":"result","fields":[100,0],"id":138426795950081,"type":106}
@nix {"action":"result","fields":[0,4,0,0],"id":138426795950082,"type":105}
@nix {"action":"result","fields":[0,0,0,0],"id":138426795950083,"type":105}
@nix {"action":"result","fields":[101,0],"id":138426795950081,"type":106}
@nix {"action":"result","fields":[100,0],"id":138426795950081,"type":106}
@nix {"action":"result","fields":[0,5,0,0],"id":138426795950082,"type":105}
@nix {"action":"result","fields":[0,0,0,0],"id":138426795950083,"type":105}
@nix {"action":"result","fields":[101,0],"id":138426795950081,"type":106}
@nix {"action":"result","fields":[100,0],"id":138426795950081,"type":106}
@nix {"action":"result","fields":[0,5,0,0],"id":138426795950082,"type":105}
@nix {"action":"result","fields":[0,0,0,0],"id":138426795950083,"type":105}
@nix {"action":"result","fields":[101,0],"id":138426795950081,"type":106}
@nix {"action":"result","fields":[100,0],"id":138426795950081,"type":106}
@nix {"action":"result","fields":[0,5,0,0],"id":138426795950082,"type":105}
@nix {"action":"result","fields":[0,0,0,0],"id":138426795950083,"type":105}
@nix {"action":"result","fields":[101,0],"id":138426795950081,"type":106}
@nix {"action":"result","fields":[100,0],"id":138426795950081,"type":106}
@nix {"action":"result","fields":[0,6,0,0],"id":138426795950082,"type":105}
@nix {"action":"result","fields":[0,0,0,0],"id":138426795950083,"type":105}
@nix {"action":"result","fields":[101,0],"id":138426795950081,"type":106}
@nix {"action":"result","fields":[100,0],"id":138426795950081,"type":106}
@nix {"action":"result","fields":[0,6,0,0],"id":138426795950082,"type":105}
@nix {"action":"result","fields":[0,0,0,0],"id":138426795950083,"type":105}
@nix {"action":"result","fields":[101,0],"id":138426795950081,"type":106}
@nix {"action":"result","fields":[100,0],"id":138426795950081,"type":106}
@nix {"action":"result","fields":[0,6,0,0],"id":138426795950082,"type":105}
@nix {"action":"result","fields":[0,0,0,0],"id":138426795950083,"type":105}
@nix {"action":"result","fields":[101,0],"id":138426795950081,"type":106}
@nix {"action":"result","fields":[100,0],"id":138426795950081,"type":106}
@nix {"action":"result","fields":[0,7,0,0],"id":138426795950082,"type":105}
@nix {"action":"result","fields":[0,0,0,0],"id":138426795950083,"type":105}
@nix {"action":"result","fields":[101,0],"id":138426795950081,"type":106}
@nix {"action":"result","fields":[100,0],"id":138426795950081,"type":106}
@nix {"action":"result","fields":[0,7,0,0],"id":138426795950082,"type":105}
@nix {"action":"result","fields":[0,0,0,0],"id":138426795950083,"type":105}
@nix {"action":"result","fields":[101,0],"id":138426795950081,"type":106}
@nix {"action":"result","fields":[100,0],"id":138426795950081,"type":106}
@nix {"action":"result","fields":[0,7,0,0],"id":138426795950082,"type":105}
@nix {"action":"result","fields":[0,0,0,0],"id":138426795950083,"type":105}
@nix {"action":"result","fields":[101,0],"id":138426795950081,"type":106}
@nix {"action":"result","fields":[100,0],"id":138426795950081,"type":106}
@nix {"action":"result","fields":[0,8,0,0],"id":138426795950082,"type":105}
@nix {"action":"result","fields":[0,0,0,0],"id":138426795950083,"type":105}
@nix {"action":"result","fields":[101,0],"id":138426795950081,"type":106}
@nix {"action":"result","fields":[100,0],"id":138426795950081,"type":106}
@nix {"action":"result","fields":[0,8,0,0],"id":138426795950082,"type":105}
@nix {"action":"result","fields":[0,0,0,0],"id":138426795950083,"type":105}
@nix {"action":"result","fields":[101,0],"id":138426795950081,"type":106}
@nix {"action":"result","fields":[100,0],"id":138426795950081,"type":106}
@nix {"action":"result","fields":[0,8,0,0],"id":138426795950082,"type":105}
@nix {"action":"result","fields":[0,0,0,0],"id":138426795950083,"type":105}
@nix {"action":"result","fields":[101,0],"id":138426795950081,"type":106}
@nix {"action":"result","fields":[100,0],"id":138426795950081,"type":106}
@nix {"action":"result","fields":[0,9,0,0],"id":138426795950082,"type":105}
@nix {"action":"result","fields":[0,0,0,0],"id":138426795950083,"type":105}
@nix {"action":"result","fields":[101,0],"id":138426795950081,"type":106}
@nix {"action":"result","fields":[100,0],"id":138426795950081,"type":106}
@nix {"action":"result","fields":[0,9,0,0],"id":138426795950082,"type":105}
@nix {"action":"result","fields":[0,0,0,0],"id":138426795950083,"type":105}
@nix {"action":"result","fields":[101,0],"id":138426795950081,"type":106}
@nix {"action":"result","fields":[100,0],"id":138426795950081,"type":106}
@nix {"action":"result","fields":[0,9,0,0],"id":138426795950082,"type":105}
@nix {"action":"result","fields":[0,0,0,0],"id":138426795950083,"type":105}
@nix {"action":"result","fields":[101,0],"id":138426795950081,"type":106}
@nix {"action":"result","fields":[100,0],"id":138426795950081,"type":106}
@nix {"action":"result","fields":[0,10,0,0],"id":138426795950082,"type":105}
@nix {"action":"result","fields":[0,0,0,0],"id":138426795950083,"type":105}
@nix {"action":"result","fields":[101,0],"id":138426795950081,"type":106}
@nix {"action":"result","fields":[100,0],"id":138426795950081,"type":106}
@nix {"action":"result","fields":[0,10,0,0],"id":138426795950082,"type":105}
@nix {"action":"result","fields":[0,0,0,0],"id":138426795950083,"type":105}
@nix {"action":"result","fields":[101,0],"id":138426795950081,"type":106}
@nix {"action":"result","fields":[100,0],"id":138426795950081,"type":106}
@nix {"action":"result","fields":[0,10,0,0],"id":138426795950082,"type":105}
@nix {"action":"result","fields":[0,0,0,0],"id":138426795950083,"type":105}
@nix {"action":"result","fields":[101,0],"id":138426795950081,"type":106}
@nix {"action":"result","fields":[100,0],"id":138426795950081,"type":106}
@nix {"action":"result","fields":[0,11,0,0],"id":138426795950082,"type":105}
@nix {"action":"result","fields":[0,0,0,0],"id":138426795950083,"type":105}
@nix {"action":"result","fields":[101,0],"id":138426795950081,"type":106}
@nix {"action":"result","fields":[100,0],"id":138426795950081,"type":106}
@nix {"action":"result","fields":[0,11,0,0],"id":138426795950082,"type":105}
@nix {"action":"result","fields":[0,0,0,0],"id":138426795950083,"type":105}
@nix {"action":"result","fields":[101,0],"id":138426795950081,"type":106}
@nix {"action":"result","fields":[100,0],"id":138426795950081,"type":106}
@nix {"action":"result","fields":[0,11,0,0],"id":138426795950082,"type":105}
@nix {"action":"result","fields":[0,0,0,0],"id":138426795950083,"type":105}
@nix {"action":"result","fields":[101,0],"id":138426795950081,"type":106}
@nix {"action":"result","fields":[100,0],"id":138426795950081,"type":106}
@nix {"action":"result","fields":[0,12,0,0],"id":138426795950082,"type":105}
@nix {"action":"result","fields":[0,0,0,0],"id":138426795950083,"type":105}
@nix {"action":"result","fields":[101,0],"id":138426795950081,"type":106}
@nix {"action":"result","fields":[100,0],"id":138426795950081,"type":106}
@nix {"action":"result","fields":[0,12,0,0],"id":138426795950082,"type":105}
@nix {"action":"result","fields":[0,0,0,0],"id":138426795950083,"type":105}
@nix {"action":"result","fields":[101,0],"id":138426795950081,"type":106}
@nix {"action":"result","fields":[100,0],"id":138426795950081,"type":106}
@nix {"action":"result","fields":[0,12,0,0],"id":138426795950082,"type":105}
@nix {"action":"result","fields":[0,0,0,0],"id":138426795950083,"type":105}
@nix {"action":"result","fields":[101,0],"id":138426795950081,"type":106}
@nix {"action":"result","fields":[100,0],"id":138426795950081,"type":106}
@nix {"action":"result","fields":[0,13,0,0],"id":138426795950082,"type":105}
@nix {"action":"result","fields":[0,0,0,0],"id":138426795950083,"type":105}
@nix {"action":"result","fields":[101,0],"id":138426795950081,"type":106}
@nix {"action":"result","fields":[100,0],"id":138426795950081,"type":106}
@nix {"action":"result","fields":[0,13,0,0],"id":138426795950082,"type":105}
@nix {"action":"result","fields":[0,0,0,0],"id":138426795950083,"type":105}
@nix {"action":"result","fields":[101,0],"id":138426795950081,"type":106}
@nix {"action":"result","fields":[100,0],"id":138426795950081,"type":106}
@nix {"action":"result","fields":[0,13,0,0],"id":138426795950082,"type":105}
@nix {"action":"result","fields":[0,0,0,0],"id":138426795950083,"type":105}
@nix {"action":"result","fields":[101,0],"id":138426795950081,"type":106}
@nix {"action":"result","fields":[100,0],"id":138426795950081,"type":106}
@nix {"action":"result","fields":[0,14,0,0],"id":138426795950082,"type":105}
@nix {"action":"result","fields":[0,0,0,0],"id":138426795950083,"type":105}
@nix {"action":"result","fields":[101,0],"id":138426795950081,"type":106}
@nix {"action":"result","fields":[100,0],"id":138426795950081,"type":106}
@nix {"action":"result","fields":[0,14,0,0],"id":138426795950082,"type":105}
@nix {"action":"result","fields":[0,0,0,0],"id":138426795950083,"type":105}
@nix {"action":"result","fields":[101,0],"id":138426795950081,"type":106}
@nix {"action":"result","fields":[100,0],"id":138426795950081,"type":106}
@nix {"action":"result","fields":[0,14,0,0],"id":138426795950082,"type":105}
@nix {"action":"result","fields":[0,0,0,0],"id":138426795950083,"type":105}
@nix {"action":"result","fields":[101,0],"id":138426795950081,"type":106}
@nix {"action":"result","fields":[100,0],"id":138426795950081,"type":106}
@nix {"action":"result","fields":[0,15,0,0],"id":138426795950082,"type":105}
@nix {"action":"result","fields":[0,0,0,0],"id":138426795950083,"type":105}
@nix {"action":"result","fields":[101,0],"id":138426795950081,"type":106}
@nix {"action":"result","fields":[100,0],"id":138426795950081,"type":106}
@nix {"action":"result","fields":[0,15,0,0],"id":138426795950082,"type":105}
@nix {"action":"result","fields":[0,0,0,0],"id":138426795950083,"type":105}
@nix {"action":"result","fields":[101,0],"id":138426795950081,"type":106}
@nix {"action":"result","fields":[100,0],"id":138426795950081,"type":106}
@nix {"action":"result","fields":[0,15,0,0],"id":138426795950082,"type":105}
@nix {"action":"result","fields":[0,0,0,0],"id":138426795950083,"type":105}
@nix {"action":"result","fields":[101,0],"id":138426795950081,"type":106}
@nix {"action":"result","fields":[100,0],"id":138426795950081,"type":106}
@nix {"action":"result","fields":[0,16,0,0],"id":138426795950082,"type":105}
@nix {"action":"result","fields":[0,0,0,0],"id":138426795950083,"type":105}
@nix {"action":"result","fields":[101,0],"id":138426795950081,"type":106}
@nix {"action":"result","fields":[100,0],"id":138426795950081,"type":106}
@nix {"action":"result","fields":[0,16,0,0],"id":138426795950082,"type":105}
@nix {"action":"result","fields":[0,0,0,0],"id":138426795950083,"type":105}
@nix {"action":"result","fields":[101,0],"id":138426795950081,"type":106}
@nix {"action":"result","fields":[100,0],"id":138426795950081,"type":106}
@nix {"action":"result","fields":[0,16,0,0],"id":138426795950082,"type":105}
@nix {"action":"result","fields":[0,0,0,0],"id":138426795950083,"type":105}
@nix {"action":"result","fields":[101,0],"id":138426795950081,"type":106}
@nix {"action":"result","fields":[100,0],"id":138426795950081,"type":106}
@nix {"action":"result","fields":[0,17,0,0],"id":138426795950082,"type":105}
@nix {"action":"result","fields":[0,0,0,0],"id":138426795950083,"type":105}
@nix {"action":"result","fields":[101,0],"id":138426795950081,"type":106}
@nix {"action":"result","fields":[100,0],"id":138426795950081,"type":106}
@nix {"action":"result","fields":[0,17,0,0],"id":138426795950082,"type":105}
@nix {"action":"result","fields":[0,0,0,0],"id":138426795950083,"type":105}
@nix {"action":"result","fields":[101,0],"id":138426795950081,"type":106}
@nix {"action":"result","fields":[100,0],"id":138426795950081,"type":106}
@nix {"action":"result","fields":[0,17,0,0],"id":138426795950082,"type":105}
@nix {"action":"result","fields":[0,0,0,0],"id":138426795950083,"type":105}
@nix {"action":"result","fields":[101,0],"id":138426795950081,"type":106}
@nix {"action":"result","fields":[100,0],"id":138426795950081,"type":106}
@nix {"action":"result","fields":[0,18,0,0],"id":138426795950082,"type":105}
@nix {"action":"result","fields":[0,0,0,0],"id":138426795950083,"type":105}
@nix {"action":"result","fields":[101,0],"id":138426795950081,"type":106}
@nix {"action":"result","fields":[100,0],"id":138426795950081,"type":106}
@nix {"action":"result","fields":[0,18,0,0],"id":138426795950082,"type":105}
@nix {"action":"result","fields":[0,0,0,0],"id":138426795950083,"type":105}
@nix {"action":"result","fields":[101,0],"id":138426795950081,"type":106}
@nix {"action":"result","fields":[100,0],"id":138426795950081,"type":106}
@nix {"action":"result","fields":[0,18,0,0],"id":138426795950082,"type":105}
@nix {"action":"result","fields":[0,0,0,0],"id":138426795950083,"type":105}
@nix {"action":"result","fields":[101,0],"id":138426795950081,"type":106}
@nix {"action":"result","fields":[100,0],"id":138426795950081,"type":106}
@nix {"action":"result","fields":[0,19,0,0],"id":138426795950082,"type":105}
@nix {"action":"result","fields":[0,0,0,0],"id":138426795950083,"type":105}
@nix {"action":"result","fields":[101,0],"id":138426795950081,"type":106}
@nix {"action":"result","fields":[100,0],"id":138426795950081,"type":106}
@nix {"action":"result","fields":[0,19,0,0],"id":138426795950082,"type":105}
@nix {"action":"result","fields":[0,0,0,0],"id":138426795950083,"type":105}
@nix {"action":"result","fields":[101,0],"id":138426795950081,"type":106}
@nix {"action":"result","fields":[100,0],"id":138426795950081,"type":106}
@nix {"action":"result","fields":[0,19,0,0],"id":138426795950082,"type":105}
@nix {"action":"result","fields":[0,0,0,0],"id":138426795950083,"type":105}
@nix {"action":"result","fields":[101,0],"id":138426795950081,"type":106}
@nix {"action":"result","fields":[100,0],"id":138426795950081,"type":106}
@nix {"action":"result","fields":[0,20,0,0],"id":138426795950082,"type":105}
@nix {"action":"result","fields":[0,0,0,0],"id":138426795950083,"type":105}
@nix {"action":"result","fields":[101,0],"id":138426795950081,"type":106}
@nix {"action":"result","fields":[100,0],"id":138426795950081,"type":106}
@nix {"action":"result","fields":[0,20,0,0],"id":138426795950082,"type":105}
@nix {"action":"result","fields":[0,0,0,0],"id":138426795950083,"type":105}
@nix {"action":"result","fields":[101,0],"id":138426795950081,"type":106}
@nix {"action":"result","fields":[100,0],"id":138426795950081,"type":106}
@nix {"action":"result","fields":[0,20,0,0],"id":138426795950082,"type":105}
@nix {"action":"result","fields":[0,0,0,0],"id":138426795950083,"type":105}
@nix {"action":"result","fields":[101,0],"id":138426795950081,"type":106}
@nix {"action":"result","fields":[100,0],"id":138426795950081,"type":106}
@nix {"action":"result","fields":[0,21,0,0],"id":138426795950082,"type":105}
@nix {"action":"result","fields":[0,0,0,0],"id":138426795950083,"type":105}
@nix {"action":"result","fields":[101,0],"id":138426795950081,"type":106}
@nix {"action":"result","fields":[100,0],"id":138426795950081,"type":106}
@nix {"action":"result","fields":[0,21,0,0],"id":138426795950082,"type":105}
@nix {"action":"result","fields":[0,0,0,0],"id":138426795950083,"type":105}
@nix {"action":"result","fields":[101,0],"id":138426795950081,"type":106}
@nix {"action":"result","fields":[100,0],"id":138426795950081,"type":106}
@nix {"action":"result","fields":[0,21,0,0],"id":138426795950082,"type":105}
@nix {"action":"result","fields":[0,0,0,0],"id":138426795950083,"type":105}
@nix {"action":"result","fields":[101,0],"id":138426795950081,"type":106}
@nix {"action":"result","fields":[100,0],"id":138426795950081,"type":106}
@nix {"action":"result","fields":[0,22,0,0],"id":138426795950082,"type":105}
@nix {"action":"result","fields":[0,0,0,0],"id":138426795950083,"type":105}
@nix {"action":"result","fields":[101,0],"id":138426795950081,"type":106}
@nix {"action":"result","fields":[100,0],"id":138426795950081,"type":106}
@nix {"action":"result","fields":[0,22,0,0],"id":138426795950082,"type":105}
@nix {"action":"result","fields":[0,0,0,0],"id":138426795950083,"type":105}
@nix {"action":"result","fields":[101,0],"id":138426795950081,"type":106}
@nix {"action":"result","fields":[100,0],"id":138426795950081,"type":106}
@nix {"action":"result","fields":[0,22,0,0],"id":138426795950082,"type":105}
@nix {"action":"result","fields":[0,0,0,0],"id":138426795950083,"type":105}
@nix {"action":"result","fields":[101,0],"id":138426795950081,"type":106}
@nix {"action":"result","fields":[100,0],"id":138426795950081,"type":106}
@nix {"action":"result","fields":[0,23,0,0],"id":138426795950082,"type":105}
@nix {"action":"result","fields":[0,0,0,0],"id":138426795950083,"type":105}
@nix {"action":"result","fields":[101,0],"id":138426795950081,"type":106}
@nix {"action":"result","fields":[100,0],"id":138426795950081,"type":106}
@nix {"action":"result","fields":[0,23,0,0],"id":138426795950082,"type":105}
@nix {"action":"result","fields":[0,0,0,0],"id":138426795950083,"type":105}
@nix {"action":"result","fields":[101,0],"id":138426795950081,"type":106}
@nix {"action":"result","fields":[100,0],"id":138426795950081,"type":106}
@nix {"action":"result","fields":[0,23,0,0],"id":138426795950082,"type":105}
@nix {"action":"result","fields":[0,0,0,0],"id":138426795950083,"type":105}
@nix {"action":"result","fields":[101,0],"id":138426795950081,"type":106}
@nix {"action":"result","fields":[100,0],"id":138426795950081,"type":106}
@nix {"action":"result","fields":[0,24,0,0],"id":138426795950082,"type":105}
@nix {"action":"result","fields":[0,0,0,0],"id":138426795950083,"type":105}
@nix {"action":"result","fields":[101,0],"id":138426795950081,"type":106}
@nix {"action":"result","fields":[100,0],"id":138426795950081,"type":106}
@nix {"action":"result","fields":[0,24,0,0],"id":138426795950082,"type":105}
@nix {"action":"result","fields":[0,0,0,0],"id":138426795950083,"type":105}
@nix {"action":"result","fields":[101,0],"id":138426795950081,"type":106}
@nix {"action":"result","fields":[100,0],"id":138426795950081,"type":106}
@nix {"action":"result","fields":[0,24,0,0],"id":138426795950082,"type":105}
@nix {"action":"result","fields":[0,0,0,0],"id":138426795950083,"type":105}
@nix {"action":"result","fields":[101,0],"id":138426795950081,"type":106}
@nix {"action":"result","fields":[100,0],"id":138426795950081,"type":106}
@nix {"action":"result","fields":[0,25,0,0],"id":138426795950082,"type":105}
@nix {"action":"result","fields":[0,0,0,0],"id":138426795950083,"type":105}
@nix {"action":"result","fields":[101,0],"id":138426795950081,"type":106}
@nix {"action":"result","fields":[100,0],"id":138426795950081,"type":106}
@nix {"action":"result","fields":[0,25,0,0],"id":138426795950082,"type":105}
@nix {"action":"result","fields":[0,0,0,0],"id":138426795950083,"type":105}
@nix {"action":"result","fields":[101,0],"id":138426795950081,"type":106}
@nix {"action":"result","fields":[100,0],"id":138426795950081,"type":106}
@nix {"action":"result","fields":[0,25,0,0],"id":138426795950082,"type":105}
@nix {"action":"result","fields":[0,0,0,0],"id":138426795950083,"type":105}
@nix {"action":"result","fields":[101,0],"id":138426795950081,"type":106}
@nix {"action":"result","fields":[100,0],"id":138426795950081,"type":106}
@nix {"action":"result","fields":[0,26,0,0],"id":138426795950082,"type":105}
@nix {"action":"result","fields":[0,0,0,0],"id":138426795950083,"type":105}
@nix {"action":"result","fields":[101,0],"id":138426795950081,"type":106}
@nix {"action":"result","fields":[100,0],"id":138426795950081,"type":106}
@nix {"action":"result","fields":[0,26,0,0],"id":138426795950082,"type":105}
@nix {"action":"result","fields":[0,0,0,0],"id":138426795950083,"type":105}
@nix {"action":"result","fields":[101,0],"id":138426795950081,"type":106}
@nix {"action":"result","fields":[100,0],"id":138426795950081,"type":106}
@nix {"action":"result","fields":[0,26,0,0],"id":138426795950082,"type":105}
@nix {"action":"result","fields":[0,0,0,0],"id":138426795950083,"type":105}
@nix {"action":"result","fields":[101,0],"id":138426795950081,"type":106}
@nix {"action":"result","fields":[100,0],"id":138426795950081,"type":106}
@nix {"action":"result","fields":[0,27,0,0],"id":138426795950082,"type":105}
@nix {"action":"result","fields":[0,0,0,0],"id":138426795950083,"type":105}
@nix {"action":"result","fields":[101,0],"id":138426795950081,"type":106}
@nix {"action":"result","fields":[100,0],"id":138426795950081,"type":106}
@nix {"action":"result","fields":[0,27,0,0],"id":138426795950082,"type":105}
@nix {"action":"result","fields":[0,0,0,0],"id":138426795950083,"type":105}
@nix {"action":"result","fields":[101,0],"id":138426795950081,"type":106}
@nix {"action":"result","fields":[100,0],"id":138426795950081,"type":106}
@nix {"action":"result","fields":[0,27,0,0],"id":138426795950082,"type":105}
@nix {"action":"result","fields":[0,0,0,0],"id":138426795950083,"type":105}
@nix {"action":"result","fields":[101,0],"id":138426795950081,"type":106}
@nix {"action":"result","fields":[100,0],"id":138426795950081,"type":106}
@nix {"action":"result","fields":[0,28,0,0],"id":138426795950082,"type":105}
@nix {"action":"result","fields":[0,0,0,0],"id":138426795950083,"type":105}
@nix {"action":"result","fields":[101,0],"id":138426795950081,"type":106}
@nix {"action":"result","fields":[100,0],"id":138426795950081,"type":106}
@nix {"action":"result","fields":[0,28,0,0],"id":138426795950082,"type":105}
@nix {"action":"result","fields":[0,0,0,0],"id":138426795950083,"type":105}
@nix {"action":"result","fields":[101,0],"id":138426795950081,"type":106}
@nix {"action":"result","fields":[100,0],"id":138426795950081,"type":106}
@nix {"action":"result","fields":[0,28,0,0],"id":138426795950082,"type":105}
@nix {"action":"result","fields":[0,0,0,0],"id":138426795950083,"type":105}
@nix {"action":"result","fields":[101,0],"id":138426795950081,"type":106}
@nix {"action":"result","fields":[100,0],"id":138426795950081,"type":106}
@nix {"action":"result","fields":[0,29,0,0],"id":138426795950082,"type":105}
@nix {"action":"result","fields":[0,0,0,0],"id":138426795950083,"type":105}
@nix {"action":"result","fields":[101,0],"id":138426795950081,"type":106}
@nix {"action":"result","fields":[100,0],"id":138426795950081,"type":106}
@nix {"action":"result","fields":[0,29,0,0],"id":138426795950082,"type":105}
@nix {"action":"result","fields":[0,0,0,0],"id":138426795950083,"type":105}
@nix {"action":"result","fields":[101,0],"id":138426795950081,"type":106}
@nix {"action":"result","fields":[100,0],"id":138426795950081,"type":106}
@nix {"action":"result","fields":[0,29,0,0],"id":138426795950082,"type":105}
@nix {"action":"result","fields":[0,0,0,0],"id":138426795950083,"type":105}
@nix {"action":"result","fields":[101,0],"id":138426795950081,"type":106}
@nix {"action":"result","fields":[100,0],"id":138426795950081,"type":106}
@nix {"action":"result","fields":[0,30,0,0],"id":138426795950082,"type":105}
@nix {"action":"result","fields":[0,0,0,0],"id":138426795950083,"type":105}
@nix {"action":"result","fields":[101,0],"id":138426795950081,"type":106}
@nix {"action":"result","fields":[100,0],"id":138426795950081,"type":106}
@nix {"action":"result","fields":[0,30,0,0],"id":138426795950082,"type":105}
@nix {"action":"result","fields":[0,0,0,0],"id":138426795950083,"type":105}
@nix {"action":"result","fields":[101,0],"id":138426795950081,"type":106}
@nix {"action":"result","fields":[100,0],"id":138426795950081,"type":106}
@nix {"action":"result","fields":[0,30,0,0],"id":138426795950082,"type":105}
@nix {"action":"result","fields":[0,0,0,0],"id":138426795950083,"type":105}
@nix {"action":"result","fields":[101,0],"id":138426795950081,"type":106}
@nix {"action":"result","fields":[100,0],"id":138426795950081,"type":106}
@nix {"action":"result","fields":[0,31,0,0],"id":138426795950082,"type":105}
@nix {"action":"result","fields":[0,0,0,0],"id":138426795950083,"type":105}
@nix {"action":"result","fields":[101,0],"id":138426795950081,"type":106}
@nix {"action":"result","fields":[100,0],"id":138426795950081,"type":106}
@nix {"action":"result","fields":[0,31,0,0],"id":138426795950082,"type":105}
@nix {"action":"result","fields":[0,0,0,0],"id":138426795950083,"type":105}
@nix {"action":"result","fields":[101,0],"id":138426795950081,"type":106}
@nix {"action":"result","fields":[100,0],"id":138426795950081,"type":106}
@nix {"action":"result","fields":[0,31,0,0],"id":138426795950082,"type":105}
@nix {"action":"result","fields":[0,0,0,0],"id":138426795950083,"type":105}
@nix {"action":"result","fields":[101,0],"id":138426795950081,"type":106}
@nix {"action":"result","fields":[100,0],"id":138426795950081,"type":106}
@nix {"action":"result","fields":[0,32,0,0],"id":138426795950082,"type":105}
@nix {"action":"result","fields":[0,0,0,0],"id":138426795950083,"type":105}
@nix {"action":"result","fields":[101,0],"id":138426795950081,"type":106}
@nix {"action":"result","fields":[100,0],"id":138426795950081,"type":106}
@nix {"action":"start","fields":["/tmp/obrador-shared-pins-linux/round-3-retry-baseline/chain-round-1-jobs-8/store/lxy5b7ly7ia358xr42w4c90h9mjpy24w-leaf-0.drv.drv","",1,1],"id":138426795950084,"level":3,"parent":0,"text":"building '/tmp/obrador-shared-pins-linux/round-3-retry-baseline/chain-round-1-jobs-8/store/lxy5b7ly7ia358xr42w4c90h9mjpy24w-leaf-0.drv.drv'","type":105}
@nix {"action":"result","fields":[0,32,1,0],"id":138426795950082,"type":105}
@nix {"action":"result","fields":[0,0,0,0],"id":138426795950083,"type":105}
@nix {"action":"result","fields":[101,0],"id":138426795950081,"type":106}
@nix {"action":"result","fields":[100,0],"id":138426795950081,"type":106}
@nix {"action":"result","fields":[1,33,0,0],"id":138426795950082,"type":105}
@nix {"action":"result","fields":[0,0,0,0],"id":138426795950083,"type":105}
@nix {"action":"result","fields":[101,0],"id":138426795950081,"type":106}
@nix {"action":"result","fields":[100,0],"id":138426795950081,"type":106}
@nix {"action":"stop","id":138426795950084}
@nix {"action":"result","fields":[1,33,0,0],"id":138426795950082,"type":105}
@nix {"action":"result","fields":[0,0,0,0],"id":138426795950083,"type":105}
@nix {"action":"result","fields":[101,0],"id":138426795950081,"type":106}
@nix {"action":"result","fields":[100,0],"id":138426795950081,"type":106}
@nix {"action":"start","fields":["/tmp/obrador-shared-pins-linux/round-3-retry-baseline/chain-round-1-jobs-8/store/kmric01vpi7ixa3k9b3gkh42rc9h6kxy-leaf-0.drv","",1,1],"id":138426795950085,"level":3,"parent":0,"text":"building '/tmp/obrador-shared-pins-linux/round-3-retry-baseline/chain-round-1-jobs-8/store/kmric01vpi7ixa3k9b3gkh42rc9h6kxy-leaf-0.drv'","type":105}
@nix {"action":"result","fields":[1,33,1,0],"id":138426795950082,"type":105}
@nix {"action":"result","fields":[0,0,0,0],"id":138426795950083,"type":105}
@nix {"action":"result","fields":[101,0],"id":138426795950081,"type":106}
@nix {"action":"result","fields":[100,0],"id":138426795950081,"type":106}
@nix {"action":"result","fields":[2,34,0,0],"id":138426795950082,"type":105}
@nix {"action":"result","fields":[0,0,0,0],"id":138426795950083,"type":105}
@nix {"action":"result","fields":[101,0],"id":138426795950081,"type":106}
@nix {"action":"result","fields":[100,0],"id":138426795950081,"type":106}
@nix {"action":"stop","id":138426795950085}
@nix {"action":"start","fields":["/tmp/obrador-shared-pins-linux/round-3-retry-baseline/chain-round-1-jobs-8/store/p43a0zv96ky6bmfsx47f5saq9ly33apx-leaf-1.drv.drv","/tmp/obrador-shared-pins-linux/round-3-retry-baseline/chain-round-1-jobs-8/store/vff0kjhbqf5ksnl80lsax9n6x1xzcp8s-leaf-1.drv.drv"],"id":138426795950086,"level":3,"parent":0,"text":"resolved derivation: '/tmp/obrador-shared-pins-linux/round-3-retry-baseline/chain-round-1-jobs-8/store/p43a0zv96ky6bmfsx47f5saq9ly33apx-leaf-1.drv.drv' -> '/tmp/obrador-shared-pins-linux/round-3-retry-baseline/chain-round-1-jobs-8/store/vff0kjhbqf5ksnl80lsax9n6x1xzcp8s-leaf-1.drv.drv'","type":111}
@nix {"action":"result","fields":[2,34,0,0],"id":138426795950082,"type":105}
@nix {"action":"result","fields":[0,0,0,0],"id":138426795950083,"type":105}
@nix {"action":"result","fields":[101,0],"id":138426795950081,"type":106}
@nix {"action":"result","fields":[100,0],"id":138426795950081,"type":106}
@nix {"action":"start","fields":["/tmp/obrador-shared-pins-linux/round-3-retry-baseline/chain-round-1-jobs-8/store/vff0kjhbqf5ksnl80lsax9n6x1xzcp8s-leaf-1.drv.drv","",1,1],"id":138426795950087,"level":3,"parent":0,"text":"building '/tmp/obrador-shared-pins-linux/round-3-retry-baseline/chain-round-1-jobs-8/store/vff0kjhbqf5ksnl80lsax9n6x1xzcp8s-leaf-1.drv.drv'","type":105}
@nix {"action":"result","fields":[2,34,1,0],"id":138426795950082,"type":105}
@nix {"action":"result","fields":[0,0,0,0],"id":138426795950083,"type":105}
@nix {"action":"result","fields":[101,0],"id":138426795950081,"type":106}
@nix {"action":"result","fields":[100,0],"id":138426795950081,"type":106}
@nix {"action":"result","fields":[3,35,0,0],"id":138426795950082,"type":105}
@nix {"action":"result","fields":[0,0,0,0],"id":138426795950083,"type":105}
@nix {"action":"result","fields":[101,0],"id":138426795950081,"type":106}
@nix {"action":"result","fields":[100,0],"id":138426795950081,"type":106}
@nix {"action":"stop","id":138426795950087}
@nix {"action":"result","fields":[4,35,0,0],"id":138426795950082,"type":105}
@nix {"action":"result","fields":[0,0,0,0],"id":138426795950083,"type":105}
@nix {"action":"result","fields":[101,0],"id":138426795950081,"type":106}
@nix {"action":"result","fields":[100,0],"id":138426795950081,"type":106}
@nix {"action":"stop","id":138426795950086}
@nix {"action":"result","fields":[4,35,0,0],"id":138426795950082,"type":105}
@nix {"action":"result","fields":[0,0,0,0],"id":138426795950083,"type":105}
@nix {"action":"result","fields":[101,0],"id":138426795950081,"type":106}
@nix {"action":"result","fields":[100,0],"id":138426795950081,"type":106}
@nix {"action":"start","fields":["/tmp/obrador-shared-pins-linux/round-3-retry-baseline/chain-round-1-jobs-8/store/iyc2ly1h53ymi48paw83n15j58n30zsp-leaf-1.drv","",1,1],"id":138426795950088,"level":3,"parent":0,"text":"building '/tmp/obrador-shared-pins-linux/round-3-retry-baseline/chain-round-1-jobs-8/store/iyc2ly1h53ymi48paw83n15j58n30zsp-leaf-1.drv'","type":105}
@nix {"action":"result","fields":[4,35,1,0],"id":138426795950082,"type":105}
@nix {"action":"result","fields":[0,0,0,0],"id":138426795950083,"type":105}
@nix {"action":"result","fields":[101,0],"id":138426795950081,"type":106}
@nix {"action":"result","fields":[100,0],"id":138426795950081,"type":106}
@nix {"action":"result","fields":[5,36,0,0],"id":138426795950082,"type":105}
@nix {"action":"result","fields":[0,0,0,0],"id":138426795950083,"type":105}
@nix {"action":"result","fields":[101,0],"id":138426795950081,"type":106}
@nix {"action":"result","fields":[100,0],"id":138426795950081,"type":106}
@nix {"action":"stop","id":138426795950088}
@nix {"action":"start","fields":["/tmp/obrador-shared-pins-linux/round-3-retry-baseline/chain-round-1-jobs-8/store/fnqdp4r786f3drhhn3amawqlc7k3vcly-leaf-2.drv.drv","/tmp/obrador-shared-pins-linux/round-3-retry-baseline/chain-round-1-jobs-8/store/pf225la5jxjvyb4ss44qaz9q9c3kkwda-leaf-2.drv.drv"],"id":138426795950089,"level":3,"parent":0,"text":"resolved derivation: '/tmp/obrador-shared-pins-linux/round-3-retry-baseline/chain-round-1-jobs-8/store/fnqdp4r786f3drhhn3amawqlc7k3vcly-leaf-2.drv.drv' -> '/tmp/obrador-shared-pins-linux/round-3-retry-baseline/chain-round-1-jobs-8/store/pf225la5jxjvyb4ss44qaz9q9c3kkwda-leaf-2.drv.drv'","type":111}
@nix {"action":"result","fields":[5,36,0,0],"id":138426795950082,"type":105}
@nix {"action":"result","fields":[0,0,0,0],"id":138426795950083,"type":105}
@nix {"action":"result","fields":[101,0],"id":138426795950081,"type":106}
@nix {"action":"result","fields":[100,0],"id":138426795950081,"type":106}
@nix {"action":"start","fields":["/tmp/obrador-shared-pins-linux/round-3-retry-baseline/chain-round-1-jobs-8/store/pf225la5jxjvyb4ss44qaz9q9c3kkwda-leaf-2.drv.drv","",1,1],"id":138426795950090,"level":3,"parent":0,"text":"building '/tmp/obrador-shared-pins-linux/round-3-retry-baseline/chain-round-1-jobs-8/store/pf225la5jxjvyb4ss44qaz9q9c3kkwda-leaf-2.drv.drv'","type":105}
@nix {"action":"result","fields":[5,36,1,0],"id":138426795950082,"type":105}
@nix {"action":"result","fields":[0,0,0,0],"id":138426795950083,"type":105}
@nix {"action":"result","fields":[101,0],"id":138426795950081,"type":106}
@nix {"action":"result","fields":[100,0],"id":138426795950081,"type":106}
@nix {"action":"result","fields":[6,37,0,0],"id":138426795950082,"type":105}
@nix {"action":"result","fields":[0,0,0,0],"id":138426795950083,"type":105}
@nix {"action":"result","fields":[101,0],"id":138426795950081,"type":106}
@nix {"action":"result","fields":[100,0],"id":138426795950081,"type":106}
@nix {"action":"stop","id":138426795950090}
@nix {"action":"result","fields":[7,37,0,0],"id":138426795950082,"type":105}
@nix {"action":"result","fields":[0,0,0,0],"id":138426795950083,"type":105}
@nix {"action":"result","fields":[101,0],"id":138426795950081,"type":106}
@nix {"action":"result","fields":[100,0],"id":138426795950081,"type":106}
@nix {"action":"stop","id":138426795950089}
@nix {"action":"result","fields":[7,37,0,0],"id":138426795950082,"type":105}
@nix {"action":"result","fields":[0,0,0,0],"id":138426795950083,"type":105}
@nix {"action":"result","fields":[101,0],"id":138426795950081,"type":106}
@nix {"action":"result","fields":[100,0],"id":138426795950081,"type":106}
@nix {"action":"start","fields":["/tmp/obrador-shared-pins-linux/round-3-retry-baseline/chain-round-1-jobs-8/store/qwcv39a7xk0rl4ysd3nrahds9m6a4kqw-leaf-2.drv","",1,1],"id":138426795950091,"level":3,"parent":0,"text":"building '/tmp/obrador-shared-pins-linux/round-3-retry-baseline/chain-round-1-jobs-8/store/qwcv39a7xk0rl4ysd3nrahds9m6a4kqw-leaf-2.drv'","type":105}
@nix {"action":"result","fields":[7,37,1,0],"id":138426795950082,"type":105}
@nix {"action":"result","fields":[0,0,0,0],"id":138426795950083,"type":105}
@nix {"action":"result","fields":[101,0],"id":138426795950081,"type":106}
@nix {"action":"result","fields":[100,0],"id":138426795950081,"type":106}
@nix {"action":"result","fields":[8,38,0,0],"id":138426795950082,"type":105}
@nix {"action":"result","fields":[0,0,0,0],"id":138426795950083,"type":105}
@nix {"action":"result","fields":[101,0],"id":138426795950081,"type":106}
@nix {"action":"result","fields":[100,0],"id":138426795950081,"type":106}
@nix {"action":"stop","id":138426795950091}
@nix {"action":"start","fields":["/tmp/obrador-shared-pins-linux/round-3-retry-baseline/chain-round-1-jobs-8/store/shl1i45wzbzn1kayzf44wzjjzgsz4nnk-leaf-3.drv.drv","/tmp/obrador-shared-pins-linux/round-3-retry-baseline/chain-round-1-jobs-8/store/r4hkrrargv46dmb2w0i6fnxfajsfn47q-leaf-3.drv.drv"],"id":138426795950092,"level":3,"parent":0,"text":"resolved derivation: '/tmp/obrador-shared-pins-linux/round-3-retry-baseline/chain-round-1-jobs-8/store/shl1i45wzbzn1kayzf44wzjjzgsz4nnk-leaf-3.drv.drv' -> '/tmp/obrador-shared-pins-linux/round-3-retry-baseline/chain-round-1-jobs-8/store/r4hkrrargv46dmb2w0i6fnxfajsfn47q-leaf-3.drv.drv'","type":111}
@nix {"action":"result","fields":[8,38,0,0],"id":138426795950082,"type":105}
@nix {"action":"result","fields":[0,0,0,0],"id":138426795950083,"type":105}
@nix {"action":"result","fields":[101,0],"id":138426795950081,"type":106}
@nix {"action":"result","fields":[100,0],"id":138426795950081,"type":106}
@nix {"action":"start","fields":["/tmp/obrador-shared-pins-linux/round-3-retry-baseline/chain-round-1-jobs-8/store/r4hkrrargv46dmb2w0i6fnxfajsfn47q-leaf-3.drv.drv","",1,1],"id":138426795950093,"level":3,"parent":0,"text":"building '/tmp/obrador-shared-pins-linux/round-3-retry-baseline/chain-round-1-jobs-8/store/r4hkrrargv46dmb2w0i6fnxfajsfn47q-leaf-3.drv.drv'","type":105}
@nix {"action":"result","fields":[8,38,1,0],"id":138426795950082,"type":105}
@nix {"action":"result","fields":[0,0,0,0],"id":138426795950083,"type":105}
@nix {"action":"result","fields":[101,0],"id":138426795950081,"type":106}
@nix {"action":"result","fields":[100,0],"id":138426795950081,"type":106}
@nix {"action":"result","fields":[9,39,0,0],"id":138426795950082,"type":105}
@nix {"action":"result","fields":[0,0,0,0],"id":138426795950083,"type":105}
@nix {"action":"result","fields":[101,0],"id":138426795950081,"type":106}
@nix {"action":"result","fields":[100,0],"id":138426795950081,"type":106}
@nix {"action":"stop","id":138426795950093}
@nix {"action":"result","fields":[10,39,0,0],"id":138426795950082,"type":105}
@nix {"action":"result","fields":[0,0,0,0],"id":138426795950083,"type":105}
@nix {"action":"result","fields":[101,0],"id":138426795950081,"type":106}
@nix {"action":"result","fields":[100,0],"id":138426795950081,"type":106}
@nix {"action":"stop","id":138426795950092}
@nix {"action":"result","fields":[10,39,0,0],"id":138426795950082,"type":105}
@nix {"action":"result","fields":[0,0,0,0],"id":138426795950083,"type":105}
@nix {"action":"result","fields":[101,0],"id":138426795950081,"type":106}
@nix {"action":"result","fields":[100,0],"id":138426795950081,"type":106}
@nix {"action":"start","fields":["/tmp/obrador-shared-pins-linux/round-3-retry-baseline/chain-round-1-jobs-8/store/svn6qzqfi4h11wn4p9aawpaqspq00k11-leaf-3.drv","",1,1],"id":138426795950094,"level":3,"parent":0,"text":"building '/tmp/obrador-shared-pins-linux/round-3-retry-baseline/chain-round-1-jobs-8/store/svn6qzqfi4h11wn4p9aawpaqspq00k11-leaf-3.drv'","type":105}
@nix {"action":"result","fields":[10,39,1,0],"id":138426795950082,"type":105}
@nix {"action":"result","fields":[0,0,0,0],"id":138426795950083,"type":105}
@nix {"action":"result","fields":[101,0],"id":138426795950081,"type":106}
@nix {"action":"result","fields":[100,0],"id":138426795950081,"type":106}
@nix {"action":"result","fields":[11,40,0,0],"id":138426795950082,"type":105}
@nix {"action":"result","fields":[0,0,0,0],"id":138426795950083,"type":105}
@nix {"action":"result","fields":[101,0],"id":138426795950081,"type":106}
@nix {"action":"result","fields":[100,0],"id":138426795950081,"type":106}
@nix {"action":"stop","id":138426795950094}
@nix {"action":"start","fields":["/tmp/obrador-shared-pins-linux/round-3-retry-baseline/chain-round-1-jobs-8/store/631amz5vhmky1d7y36v5656hqb43x9bs-leaf-4.drv.drv","/tmp/obrador-shared-pins-linux/round-3-retry-baseline/chain-round-1-jobs-8/store/njss574ammqnq19zi0r4i1p1hb43zrlr-leaf-4.drv.drv"],"id":138426795950095,"level":3,"parent":0,"text":"resolved derivation: '/tmp/obrador-shared-pins-linux/round-3-retry-baseline/chain-round-1-jobs-8/store/631amz5vhmky1d7y36v5656hqb43x9bs-leaf-4.drv.drv' -> '/tmp/obrador-shared-pins-linux/round-3-retry-baseline/chain-round-1-jobs-8/store/njss574ammqnq19zi0r4i1p1hb43zrlr-leaf-4.drv.drv'","type":111}
@nix {"action":"result","fields":[11,40,0,0],"id":138426795950082,"type":105}
@nix {"action":"result","fields":[0,0,0,0],"id":138426795950083,"type":105}
@nix {"action":"result","fields":[101,0],"id":138426795950081,"type":106}
@nix {"action":"result","fields":[100,0],"id":138426795950081,"type":106}
@nix {"action":"start","fields":["/tmp/obrador-shared-pins-linux/round-3-retry-baseline/chain-round-1-jobs-8/store/njss574ammqnq19zi0r4i1p1hb43zrlr-leaf-4.drv.drv","",1,1],"id":138426795950096,"level":3,"parent":0,"text":"building '/tmp/obrador-shared-pins-linux/round-3-retry-baseline/chain-round-1-jobs-8/store/njss574ammqnq19zi0r4i1p1hb43zrlr-leaf-4.drv.drv'","type":105}
@nix {"action":"result","fields":[11,40,1,0],"id":138426795950082,"type":105}
@nix {"action":"result","fields":[0,0,0,0],"id":138426795950083,"type":105}
@nix {"action":"result","fields":[101,0],"id":138426795950081,"type":106}
@nix {"action":"result","fields":[100,0],"id":138426795950081,"type":106}
@nix {"action":"result","fields":[12,41,0,0],"id":138426795950082,"type":105}
@nix {"action":"result","fields":[0,0,0,0],"id":138426795950083,"type":105}
@nix {"action":"result","fields":[101,0],"id":138426795950081,"type":106}
@nix {"action":"result","fields":[100,0],"id":138426795950081,"type":106}
@nix {"action":"stop","id":138426795950096}
@nix {"action":"result","fields":[13,41,0,0],"id":138426795950082,"type":105}
@nix {"action":"result","fields":[0,0,0,0],"id":138426795950083,"type":105}
@nix {"action":"result","fields":[101,0],"id":138426795950081,"type":106}
@nix {"action":"result","fields":[100,0],"id":138426795950081,"type":106}
@nix {"action":"stop","id":138426795950095}
@nix {"action":"result","fields":[13,41,0,0],"id":138426795950082,"type":105}
@nix {"action":"result","fields":[0,0,0,0],"id":138426795950083,"type":105}
@nix {"action":"result","fields":[101,0],"id":138426795950081,"type":106}
@nix {"action":"result","fields":[100,0],"id":138426795950081,"type":106}
@nix {"action":"start","fields":["/tmp/obrador-shared-pins-linux/round-3-retry-baseline/chain-round-1-jobs-8/store/br7fsa6sl50fabh9v0pd79762z7sbz52-leaf-4.drv","",1,1],"id":138426795950097,"level":3,"parent":0,"text":"building '/tmp/obrador-shared-pins-linux/round-3-retry-baseline/chain-round-1-jobs-8/store/br7fsa6sl50fabh9v0pd79762z7sbz52-leaf-4.drv'","type":105}
@nix {"action":"result","fields":[13,41,1,0],"id":138426795950082,"type":105}
@nix {"action":"result","fields":[0,0,0,0],"id":138426795950083,"type":105}
@nix {"action":"result","fields":[101,0],"id":138426795950081,"type":106}
@nix {"action":"result","fields":[100,0],"id":138426795950081,"type":106}
@nix {"action":"result","fields":[14,42,0,0],"id":138426795950082,"type":105}
@nix {"action":"result","fields":[0,0,0,0],"id":138426795950083,"type":105}
@nix {"action":"result","fields":[101,0],"id":138426795950081,"type":106}
@nix {"action":"result","fields":[100,0],"id":138426795950081,"type":106}
@nix {"action":"stop","id":138426795950097}
@nix {"action":"start","fields":["/tmp/obrador-shared-pins-linux/round-3-retry-baseline/chain-round-1-jobs-8/store/pxwjw411g6sbfa2ma4my0vnz75i0zkza-leaf-5.drv.drv","/tmp/obrador-shared-pins-linux/round-3-retry-baseline/chain-round-1-jobs-8/store/mp6cbyi7v0lrs5irinxhgkfsklb5d21k-leaf-5.drv.drv"],"id":138426795950098,"level":3,"parent":0,"text":"resolved derivation: '/tmp/obrador-shared-pins-linux/round-3-retry-baseline/chain-round-1-jobs-8/store/pxwjw411g6sbfa2ma4my0vnz75i0zkza-leaf-5.drv.drv' -> '/tmp/obrador-shared-pins-linux/round-3-retry-baseline/chain-round-1-jobs-8/store/mp6cbyi7v0lrs5irinxhgkfsklb5d21k-leaf-5.drv.drv'","type":111}
@nix {"action":"result","fields":[14,42,0,0],"id":138426795950082,"type":105}
@nix {"action":"result","fields":[0,0,0,0],"id":138426795950083,"type":105}
@nix {"action":"result","fields":[101,0],"id":138426795950081,"type":106}
@nix {"action":"result","fields":[100,0],"id":138426795950081,"type":106}
@nix {"action":"start","fields":["/tmp/obrador-shared-pins-linux/round-3-retry-baseline/chain-round-1-jobs-8/store/mp6cbyi7v0lrs5irinxhgkfsklb5d21k-leaf-5.drv.drv","",1,1],"id":138426795950099,"level":3,"parent":0,"text":"building '/tmp/obrador-shared-pins-linux/round-3-retry-baseline/chain-round-1-jobs-8/store/mp6cbyi7v0lrs5irinxhgkfsklb5d21k-leaf-5.drv.drv'","type":105}
@nix {"action":"result","fields":[14,42,1,0],"id":138426795950082,"type":105}
@nix {"action":"result","fields":[0,0,0,0],"id":138426795950083,"type":105}
@nix {"action":"result","fields":[101,0],"id":138426795950081,"type":106}
@nix {"action":"result","fields":[100,0],"id":138426795950081,"type":106}
@nix {"action":"result","fields":[15,43,0,0],"id":138426795950082,"type":105}
@nix {"action":"result","fields":[0,0,0,0],"id":138426795950083,"type":105}
@nix {"action":"result","fields":[101,0],"id":138426795950081,"type":106}
@nix {"action":"result","fields":[100,0],"id":138426795950081,"type":106}
@nix {"action":"stop","id":138426795950099}
@nix {"action":"result","fields":[16,43,0,0],"id":138426795950082,"type":105}
@nix {"action":"result","fields":[0,0,0,0],"id":138426795950083,"type":105}
@nix {"action":"result","fields":[101,0],"id":138426795950081,"type":106}
@nix {"action":"result","fields":[100,0],"id":138426795950081,"type":106}
@nix {"action":"stop","id":138426795950098}
@nix {"action":"result","fields":[16,43,0,0],"id":138426795950082,"type":105}
@nix {"action":"result","fields":[0,0,0,0],"id":138426795950083,"type":105}
@nix {"action":"result","fields":[101,0],"id":138426795950081,"type":106}
@nix {"action":"result","fields":[100,0],"id":138426795950081,"type":106}
@nix {"action":"start","fields":["/tmp/obrador-shared-pins-linux/round-3-retry-baseline/chain-round-1-jobs-8/store/73k6bfy9ca8fbiaj0a615xj98z0958pr-leaf-5.drv","",1,1],"id":138426795950100,"level":3,"parent":0,"text":"building '/tmp/obrador-shared-pins-linux/round-3-retry-baseline/chain-round-1-jobs-8/store/73k6bfy9ca8fbiaj0a615xj98z0958pr-leaf-5.drv'","type":105}
@nix {"action":"result","fields":[16,43,1,0],"id":138426795950082,"type":105}
@nix {"action":"result","fields":[0,0,0,0],"id":138426795950083,"type":105}
@nix {"action":"result","fields":[101,0],"id":138426795950081,"type":106}
@nix {"action":"result","fields":[100,0],"id":138426795950081,"type":106}
@nix {"action":"result","fields":[17,44,0,0],"id":138426795950082,"type":105}
@nix {"action":"result","fields":[0,0,0,0],"id":138426795950083,"type":105}
@nix {"action":"result","fields":[101,0],"id":138426795950081,"type":106}
@nix {"action":"result","fields":[100,0],"id":138426795950081,"type":106}
@nix {"action":"stop","id":138426795950100}
@nix {"action":"start","fields":["/tmp/obrador-shared-pins-linux/round-3-retry-baseline/chain-round-1-jobs-8/store/zifwkmm6hd4q951nmld1f373vlm2sk00-leaf-6.drv.drv","/tmp/obrador-shared-pins-linux/round-3-retry-baseline/chain-round-1-jobs-8/store/8f7x4j9hnfk1z1ikdiy38xi9bh9fvb1z-leaf-6.drv.drv"],"id":138426795950101,"level":3,"parent":0,"text":"resolved derivation: '/tmp/obrador-shared-pins-linux/round-3-retry-baseline/chain-round-1-jobs-8/store/zifwkmm6hd4q951nmld1f373vlm2sk00-leaf-6.drv.drv' -> '/tmp/obrador-shared-pins-linux/round-3-retry-baseline/chain-round-1-jobs-8/store/8f7x4j9hnfk1z1ikdiy38xi9bh9fvb1z-leaf-6.drv.drv'","type":111}
@nix {"action":"result","fields":[17,44,0,0],"id":138426795950082,"type":105}
@nix {"action":"result","fields":[0,0,0,0],"id":138426795950083,"type":105}
@nix {"action":"result","fields":[101,0],"id":138426795950081,"type":106}
@nix {"action":"result","fields":[100,0],"id":138426795950081,"type":106}
@nix {"action":"start","fields":["/tmp/obrador-shared-pins-linux/round-3-retry-baseline/chain-round-1-jobs-8/store/8f7x4j9hnfk1z1ikdiy38xi9bh9fvb1z-leaf-6.drv.drv","",1,1],"id":138426795950102,"level":3,"parent":0,"text":"building '/tmp/obrador-shared-pins-linux/round-3-retry-baseline/chain-round-1-jobs-8/store/8f7x4j9hnfk1z1ikdiy38xi9bh9fvb1z-leaf-6.drv.drv'","type":105}
@nix {"action":"result","fields":[17,44,1,0],"id":138426795950082,"type":105}
@nix {"action":"result","fields":[0,0,0,0],"id":138426795950083,"type":105}
@nix {"action":"result","fields":[101,0],"id":138426795950081,"type":106}
@nix {"action":"result","fields":[100,0],"id":138426795950081,"type":106}
@nix {"action":"result","fields":[18,45,0,0],"id":138426795950082,"type":105}
@nix {"action":"result","fields":[0,0,0,0],"id":138426795950083,"type":105}
@nix {"action":"result","fields":[101,0],"id":138426795950081,"type":106}
@nix {"action":"result","fields":[100,0],"id":138426795950081,"type":106}
@nix {"action":"stop","id":138426795950102}
@nix {"action":"result","fields":[19,45,0,0],"id":138426795950082,"type":105}
@nix {"action":"result","fields":[0,0,0,0],"id":138426795950083,"type":105}
@nix {"action":"result","fields":[101,0],"id":138426795950081,"type":106}
@nix {"action":"result","fields":[100,0],"id":138426795950081,"type":106}
@nix {"action":"stop","id":138426795950101}
@nix {"action":"result","fields":[19,45,0,0],"id":138426795950082,"type":105}
@nix {"action":"result","fields":[0,0,0,0],"id":138426795950083,"type":105}
@nix {"action":"result","fields":[101,0],"id":138426795950081,"type":106}
@nix {"action":"result","fields":[100,0],"id":138426795950081,"type":106}
@nix {"action":"start","fields":["/tmp/obrador-shared-pins-linux/round-3-retry-baseline/chain-round-1-jobs-8/store/z1abvv31bivgkx1ajipq6h0gxyyjk8c4-leaf-6.drv","",1,1],"id":138426795950103,"level":3,"parent":0,"text":"building '/tmp/obrador-shared-pins-linux/round-3-retry-baseline/chain-round-1-jobs-8/store/z1abvv31bivgkx1ajipq6h0gxyyjk8c4-leaf-6.drv'","type":105}
@nix {"action":"result","fields":[19,45,1,0],"id":138426795950082,"type":105}
@nix {"action":"result","fields":[0,0,0,0],"id":138426795950083,"type":105}
@nix {"action":"result","fields":[101,0],"id":138426795950081,"type":106}
@nix {"action":"result","fields":[100,0],"id":138426795950081,"type":106}
@nix {"action":"result","fields":[20,46,0,0],"id":138426795950082,"type":105}
@nix {"action":"result","fields":[0,0,0,0],"id":138426795950083,"type":105}
@nix {"action":"result","fields":[101,0],"id":138426795950081,"type":106}
@nix {"action":"result","fields":[100,0],"id":138426795950081,"type":106}
@nix {"action":"stop","id":138426795950103}
@nix {"action":"start","fields":["/tmp/obrador-shared-pins-linux/round-3-retry-baseline/chain-round-1-jobs-8/store/6zfkvm5kjgy6q5kick2990k83sbg2xl9-leaf-7.drv.drv","/tmp/obrador-shared-pins-linux/round-3-retry-baseline/chain-round-1-jobs-8/store/4a8qi4jl1av5sqh60dzc57lxjz0jy20h-leaf-7.drv.drv"],"id":138426795950104,"level":3,"parent":0,"text":"resolved derivation: '/tmp/obrador-shared-pins-linux/round-3-retry-baseline/chain-round-1-jobs-8/store/6zfkvm5kjgy6q5kick2990k83sbg2xl9-leaf-7.drv.drv' -> '/tmp/obrador-shared-pins-linux/round-3-retry-baseline/chain-round-1-jobs-8/store/4a8qi4jl1av5sqh60dzc57lxjz0jy20h-leaf-7.drv.drv'","type":111}
@nix {"action":"result","fields":[20,46,0,0],"id":138426795950082,"type":105}
@nix {"action":"result","fields":[0,0,0,0],"id":138426795950083,"type":105}
@nix {"action":"result","fields":[101,0],"id":138426795950081,"type":106}
@nix {"action":"result","fields":[100,0],"id":138426795950081,"type":106}
@nix {"action":"start","fields":["/tmp/obrador-shared-pins-linux/round-3-retry-baseline/chain-round-1-jobs-8/store/4a8qi4jl1av5sqh60dzc57lxjz0jy20h-leaf-7.drv.drv","",1,1],"id":138426795950105,"level":3,"parent":0,"text":"building '/tmp/obrador-shared-pins-linux/round-3-retry-baseline/chain-round-1-jobs-8/store/4a8qi4jl1av5sqh60dzc57lxjz0jy20h-leaf-7.drv.drv'","type":105}
@nix {"action":"result","fields":[20,46,1,0],"id":138426795950082,"type":105}
@nix {"action":"result","fields":[0,0,0,0],"id":138426795950083,"type":105}
@nix {"action":"result","fields":[101,0],"id":138426795950081,"type":106}
@nix {"action":"result","fields":[100,0],"id":138426795950081,"type":106}
@nix {"action":"result","fields":[21,47,0,0],"id":138426795950082,"type":105}
@nix {"action":"result","fields":[0,0,0,0],"id":138426795950083,"type":105}
@nix {"action":"result","fields":[101,0],"id":138426795950081,"type":106}
@nix {"action":"result","fields":[100,0],"id":138426795950081,"type":106}
@nix {"action":"stop","id":138426795950105}
@nix {"action":"result","fields":[22,47,0,0],"id":138426795950082,"type":105}
@nix {"action":"result","fields":[0,0,0,0],"id":138426795950083,"type":105}
@nix {"action":"result","fields":[101,0],"id":138426795950081,"type":106}
@nix {"action":"result","fields":[100,0],"id":138426795950081,"type":106}
@nix {"action":"stop","id":138426795950104}
@nix {"action":"result","fields":[22,47,0,0],"id":138426795950082,"type":105}
@nix {"action":"result","fields":[0,0,0,0],"id":138426795950083,"type":105}
@nix {"action":"result","fields":[101,0],"id":138426795950081,"type":106}
@nix {"action":"result","fields":[100,0],"id":138426795950081,"type":106}
@nix {"action":"start","fields":["/tmp/obrador-shared-pins-linux/round-3-retry-baseline/chain-round-1-jobs-8/store/i2vhqv9jc8i26381i767h3djbvrprdn5-leaf-7.drv","",1,1],"id":138426795950106,"level":3,"parent":0,"text":"building '/tmp/obrador-shared-pins-linux/round-3-retry-baseline/chain-round-1-jobs-8/store/i2vhqv9jc8i26381i767h3djbvrprdn5-leaf-7.drv'","type":105}
@nix {"action":"result","fields":[22,47,1,0],"id":138426795950082,"type":105}
@nix {"action":"result","fields":[0,0,0,0],"id":138426795950083,"type":105}
@nix {"action":"result","fields":[101,0],"id":138426795950081,"type":106}
@nix {"action":"result","fields":[100,0],"id":138426795950081,"type":106}
@nix {"action":"result","fields":[23,48,0,0],"id":138426795950082,"type":105}
@nix {"action":"result","fields":[0,0,0,0],"id":138426795950083,"type":105}
@nix {"action":"result","fields":[101,0],"id":138426795950081,"type":106}
@nix {"action":"result","fields":[100,0],"id":138426795950081,"type":106}
@nix {"action":"stop","id":138426795950106}
@nix {"action":"start","fields":["/tmp/obrador-shared-pins-linux/round-3-retry-baseline/chain-round-1-jobs-8/store/ikqizfxj8qrmn4hywkl24f7hg6rp7gnf-leaf-8.drv.drv","/tmp/obrador-shared-pins-linux/round-3-retry-baseline/chain-round-1-jobs-8/store/fcd72xk1r510yznmsgj30gs49yy4lnib-leaf-8.drv.drv"],"id":138426795950107,"level":3,"parent":0,"text":"resolved derivation: '/tmp/obrador-shared-pins-linux/round-3-retry-baseline/chain-round-1-jobs-8/store/ikqizfxj8qrmn4hywkl24f7hg6rp7gnf-leaf-8.drv.drv' -> '/tmp/obrador-shared-pins-linux/round-3-retry-baseline/chain-round-1-jobs-8/store/fcd72xk1r510yznmsgj30gs49yy4lnib-leaf-8.drv.drv'","type":111}
@nix {"action":"result","fields":[23,48,0,0],"id":138426795950082,"type":105}
@nix {"action":"result","fields":[0,0,0,0],"id":138426795950083,"type":105}
@nix {"action":"result","fields":[101,0],"id":138426795950081,"type":106}
@nix {"action":"result","fields":[100,0],"id":138426795950081,"type":106}
@nix {"action":"start","fields":["/tmp/obrador-shared-pins-linux/round-3-retry-baseline/chain-round-1-jobs-8/store/fcd72xk1r510yznmsgj30gs49yy4lnib-leaf-8.drv.drv","",1,1],"id":138426795950108,"level":3,"parent":0,"text":"building '/tmp/obrador-shared-pins-linux/round-3-retry-baseline/chain-round-1-jobs-8/store/fcd72xk1r510yznmsgj30gs49yy4lnib-leaf-8.drv.drv'","type":105}
@nix {"action":"result","fields":[23,48,1,0],"id":138426795950082,"type":105}
@nix {"action":"result","fields":[0,0,0,0],"id":138426795950083,"type":105}
@nix {"action":"result","fields":[101,0],"id":138426795950081,"type":106}
@nix {"action":"result","fields":[100,0],"id":138426795950081,"type":106}
@nix {"action":"result","fields":[24,49,0,0],"id":138426795950082,"type":105}
@nix {"action":"result","fields":[0,0,0,0],"id":138426795950083,"type":105}
@nix {"action":"result","fields":[101,0],"id":138426795950081,"type":106}
@nix {"action":"result","fields":[100,0],"id":138426795950081,"type":106}
@nix {"action":"stop","id":138426795950108}
@nix {"action":"result","fields":[25,49,0,0],"id":138426795950082,"type":105}
@nix {"action":"result","fields":[0,0,0,0],"id":138426795950083,"type":105}
@nix {"action":"result","fields":[101,0],"id":138426795950081,"type":106}
@nix {"action":"result","fields":[100,0],"id":138426795950081,"type":106}
@nix {"action":"stop","id":138426795950107}
@nix {"action":"result","fields":[25,49,0,0],"id":138426795950082,"type":105}
@nix {"action":"result","fields":[0,0,0,0],"id":138426795950083,"type":105}
@nix {"action":"result","fields":[101,0],"id":138426795950081,"type":106}
@nix {"action":"result","fields":[100,0],"id":138426795950081,"type":106}
@nix {"action":"start","fields":["/tmp/obrador-shared-pins-linux/round-3-retry-baseline/chain-round-1-jobs-8/store/65rf899hsh6i16x7dg5dnzznqdbjncfn-leaf-8.drv","",1,1],"id":138426795950109,"level":3,"parent":0,"text":"building '/tmp/obrador-shared-pins-linux/round-3-retry-baseline/chain-round-1-jobs-8/store/65rf899hsh6i16x7dg5dnzznqdbjncfn-leaf-8.drv'","type":105}
@nix {"action":"result","fields":[25,49,1,0],"id":138426795950082,"type":105}
@nix {"action":"result","fields":[0,0,0,0],"id":138426795950083,"type":105}
@nix {"action":"result","fields":[101,0],"id":138426795950081,"type":106}
@nix {"action":"result","fields":[100,0],"id":138426795950081,"type":106}
@nix {"action":"result","fields":[26,50,0,0],"id":138426795950082,"type":105}
@nix {"action":"result","fields":[0,0,0,0],"id":138426795950083,"type":105}
@nix {"action":"result","fields":[101,0],"id":138426795950081,"type":106}
@nix {"action":"result","fields":[100,0],"id":138426795950081,"type":106}
@nix {"action":"stop","id":138426795950109}
@nix {"action":"start","fields":["/tmp/obrador-shared-pins-linux/round-3-retry-baseline/chain-round-1-jobs-8/store/m490dmagg6z283zshhjp0c0kwvn8ib7j-leaf-9.drv.drv","/tmp/obrador-shared-pins-linux/round-3-retry-baseline/chain-round-1-jobs-8/store/qxwrrc8ibpgk12jw5809r6vz3ilwn9b2-leaf-9.drv.drv"],"id":138426795950110,"level":3,"parent":0,"text":"resolved derivation: '/tmp/obrador-shared-pins-linux/round-3-retry-baseline/chain-round-1-jobs-8/store/m490dmagg6z283zshhjp0c0kwvn8ib7j-leaf-9.drv.drv' -> '/tmp/obrador-shared-pins-linux/round-3-retry-baseline/chain-round-1-jobs-8/store/qxwrrc8ibpgk12jw5809r6vz3ilwn9b2-leaf-9.drv.drv'","type":111}
@nix {"action":"result","fields":[26,50,0,0],"id":138426795950082,"type":105}
@nix {"action":"result","fields":[0,0,0,0],"id":138426795950083,"type":105}
@nix {"action":"result","fields":[101,0],"id":138426795950081,"type":106}
@nix {"action":"result","fields":[100,0],"id":138426795950081,"type":106}
@nix {"action":"start","fields":["/tmp/obrador-shared-pins-linux/round-3-retry-baseline/chain-round-1-jobs-8/store/qxwrrc8ibpgk12jw5809r6vz3ilwn9b2-leaf-9.drv.drv","",1,1],"id":138426795950111,"level":3,"parent":0,"text":"building '/tmp/obrador-shared-pins-linux/round-3-retry-baseline/chain-round-1-jobs-8/store/qxwrrc8ibpgk12jw5809r6vz3ilwn9b2-leaf-9.drv.drv'","type":105}
@nix {"action":"result","fields":[26,50,1,0],"id":138426795950082,"type":105}
@nix {"action":"result","fields":[0,0,0,0],"id":138426795950083,"type":105}
@nix {"action":"result","fields":[101,0],"id":138426795950081,"type":106}
@nix {"action":"result","fields":[100,0],"id":138426795950081,"type":106}
@nix {"action":"result","fields":[27,51,0,0],"id":138426795950082,"type":105}
@nix {"action":"result","fields":[0,0,0,0],"id":138426795950083,"type":105}
@nix {"action":"result","fields":[101,0],"id":138426795950081,"type":106}
@nix {"action":"result","fields":[100,0],"id":138426795950081,"type":106}
@nix {"action":"stop","id":138426795950111}
@nix {"action":"result","fields":[28,51,0,0],"id":138426795950082,"type":105}
@nix {"action":"result","fields":[0,0,0,0],"id":138426795950083,"type":105}
@nix {"action":"result","fields":[101,0],"id":138426795950081,"type":106}
@nix {"action":"result","fields":[100,0],"id":138426795950081,"type":106}
@nix {"action":"stop","id":138426795950110}
@nix {"action":"result","fields":[28,51,0,0],"id":138426795950082,"type":105}
@nix {"action":"result","fields":[0,0,0,0],"id":138426795950083,"type":105}
@nix {"action":"result","fields":[101,0],"id":138426795950081,"type":106}
@nix {"action":"result","fields":[100,0],"id":138426795950081,"type":106}
@nix {"action":"start","fields":["/tmp/obrador-shared-pins-linux/round-3-retry-baseline/chain-round-1-jobs-8/store/pyanmyynnwvyhihr5c2a9w6z6aaabx9l-leaf-9.drv","",1,1],"id":138426795950112,"level":3,"parent":0,"text":"building '/tmp/obrador-shared-pins-linux/round-3-retry-baseline/chain-round-1-jobs-8/store/pyanmyynnwvyhihr5c2a9w6z6aaabx9l-leaf-9.drv'","type":105}
@nix {"action":"result","fields":[28,51,1,0],"id":138426795950082,"type":105}
@nix {"action":"result","fields":[0,0,0,0],"id":138426795950083,"type":105}
@nix {"action":"result","fields":[101,0],"id":138426795950081,"type":106}
@nix {"action":"result","fields":[100,0],"id":138426795950081,"type":106}
@nix {"action":"result","fields":[29,52,0,0],"id":138426795950082,"type":105}
@nix {"action":"result","fields":[0,0,0,0],"id":138426795950083,"type":105}
@nix {"action":"result","fields":[101,0],"id":138426795950081,"type":106}
@nix {"action":"result","fields":[100,0],"id":138426795950081,"type":106}
@nix {"action":"stop","id":138426795950112}
@nix {"action":"start","fields":["/tmp/obrador-shared-pins-linux/round-3-retry-baseline/chain-round-1-jobs-8/store/yb2swl8z87b66dq79ia57v0v9p72yzg9-leaf-10.drv.drv","/tmp/obrador-shared-pins-linux/round-3-retry-baseline/chain-round-1-jobs-8/store/ca8bxsbqbrr7hbhbsdj1rsm3fac8ni1d-leaf-10.drv.drv"],"id":138426795950113,"level":3,"parent":0,"text":"resolved derivation: '/tmp/obrador-shared-pins-linux/round-3-retry-baseline/chain-round-1-jobs-8/store/yb2swl8z87b66dq79ia57v0v9p72yzg9-leaf-10.drv.drv' -> '/tmp/obrador-shared-pins-linux/round-3-retry-baseline/chain-round-1-jobs-8/store/ca8bxsbqbrr7hbhbsdj1rsm3fac8ni1d-leaf-10.drv.drv'","type":111}
@nix {"action":"result","fields":[29,52,0,0],"id":138426795950082,"type":105}
@nix {"action":"result","fields":[0,0,0,0],"id":138426795950083,"type":105}
@nix {"action":"result","fields":[101,0],"id":138426795950081,"type":106}
@nix {"action":"result","fields":[100,0],"id":138426795950081,"type":106}
@nix {"action":"start","fields":["/tmp/obrador-shared-pins-linux/round-3-retry-baseline/chain-round-1-jobs-8/store/ca8bxsbqbrr7hbhbsdj1rsm3fac8ni1d-leaf-10.drv.drv","",1,1],"id":138426795950114,"level":3,"parent":0,"text":"building '/tmp/obrador-shared-pins-linux/round-3-retry-baseline/chain-round-1-jobs-8/store/ca8bxsbqbrr7hbhbsdj1rsm3fac8ni1d-leaf-10.drv.drv'","type":105}
@nix {"action":"result","fields":[29,52,1,0],"id":138426795950082,"type":105}
@nix {"action":"result","fields":[0,0,0,0],"id":138426795950083,"type":105}
@nix {"action":"result","fields":[101,0],"id":138426795950081,"type":106}
@nix {"action":"result","fields":[100,0],"id":138426795950081,"type":106}
@nix {"action":"result","fields":[30,53,0,0],"id":138426795950082,"type":105}
@nix {"action":"result","fields":[0,0,0,0],"id":138426795950083,"type":105}
@nix {"action":"result","fields":[101,0],"id":138426795950081,"type":106}
@nix {"action":"result","fields":[100,0],"id":138426795950081,"type":106}
@nix {"action":"stop","id":138426795950114}
@nix {"action":"result","fields":[31,53,0,0],"id":138426795950082,"type":105}
@nix {"action":"result","fields":[0,0,0,0],"id":138426795950083,"type":105}
@nix {"action":"result","fields":[101,0],"id":138426795950081,"type":106}
@nix {"action":"result","fields":[100,0],"id":138426795950081,"type":106}
@nix {"action":"stop","id":138426795950113}
@nix {"action":"result","fields":[31,53,0,0],"id":138426795950082,"type":105}
@nix {"action":"result","fields":[0,0,0,0],"id":138426795950083,"type":105}
@nix {"action":"result","fields":[101,0],"id":138426795950081,"type":106}
@nix {"action":"result","fields":[100,0],"id":138426795950081,"type":106}
@nix {"action":"start","fields":["/tmp/obrador-shared-pins-linux/round-3-retry-baseline/chain-round-1-jobs-8/store/dlq5vkr4pji00bvlm7jw31i1iwknlk8r-leaf-10.drv","",1,1],"id":138426795950115,"level":3,"parent":0,"text":"building '/tmp/obrador-shared-pins-linux/round-3-retry-baseline/chain-round-1-jobs-8/store/dlq5vkr4pji00bvlm7jw31i1iwknlk8r-leaf-10.drv'","type":105}
@nix {"action":"result","fields":[31,53,1,0],"id":138426795950082,"type":105}
@nix {"action":"result","fields":[0,0,0,0],"id":138426795950083,"type":105}
@nix {"action":"result","fields":[101,0],"id":138426795950081,"type":106}
@nix {"action":"result","fields":[100,0],"id":138426795950081,"type":106}
@nix {"action":"result","fields":[32,54,0,0],"id":138426795950082,"type":105}
@nix {"action":"result","fields":[0,0,0,0],"id":138426795950083,"type":105}
@nix {"action":"result","fields":[101,0],"id":138426795950081,"type":106}
@nix {"action":"result","fields":[100,0],"id":138426795950081,"type":106}
@nix {"action":"stop","id":138426795950115}
@nix {"action":"start","fields":["/tmp/obrador-shared-pins-linux/round-3-retry-baseline/chain-round-1-jobs-8/store/8sajdasxlrhc4sw8f5i8vnxszi1s0rws-leaf-11.drv.drv","/tmp/obrador-shared-pins-linux/round-3-retry-baseline/chain-round-1-jobs-8/store/pfi4mxhvj0sgi339m9sw7s392bgnmp7l-leaf-11.drv.drv"],"id":138426795950116,"level":3,"parent":0,"text":"resolved derivation: '/tmp/obrador-shared-pins-linux/round-3-retry-baseline/chain-round-1-jobs-8/store/8sajdasxlrhc4sw8f5i8vnxszi1s0rws-leaf-11.drv.drv' -> '/tmp/obrador-shared-pins-linux/round-3-retry-baseline/chain-round-1-jobs-8/store/pfi4mxhvj0sgi339m9sw7s392bgnmp7l-leaf-11.drv.drv'","type":111}
@nix {"action":"result","fields":[32,54,0,0],"id":138426795950082,"type":105}
@nix {"action":"result","fields":[0,0,0,0],"id":138426795950083,"type":105}
@nix {"action":"result","fields":[101,0],"id":138426795950081,"type":106}
@nix {"action":"result","fields":[100,0],"id":138426795950081,"type":106}
@nix {"action":"start","fields":["/tmp/obrador-shared-pins-linux/round-3-retry-baseline/chain-round-1-jobs-8/store/pfi4mxhvj0sgi339m9sw7s392bgnmp7l-leaf-11.drv.drv","",1,1],"id":138426795950117,"level":3,"parent":0,"text":"building '/tmp/obrador-shared-pins-linux/round-3-retry-baseline/chain-round-1-jobs-8/store/pfi4mxhvj0sgi339m9sw7s392bgnmp7l-leaf-11.drv.drv'","type":105}
@nix {"action":"result","fields":[32,54,1,0],"id":138426795950082,"type":105}
@nix {"action":"result","fields":[0,0,0,0],"id":138426795950083,"type":105}
@nix {"action":"result","fields":[101,0],"id":138426795950081,"type":106}
@nix {"action":"result","fields":[100,0],"id":138426795950081,"type":106}
@nix {"action":"result","fields":[33,55,0,0],"id":138426795950082,"type":105}
@nix {"action":"result","fields":[0,0,0,0],"id":138426795950083,"type":105}
@nix {"action":"result","fields":[101,0],"id":138426795950081,"type":106}
@nix {"action":"result","fields":[100,0],"id":138426795950081,"type":106}
@nix {"action":"stop","id":138426795950117}
@nix {"action":"result","fields":[34,55,0,0],"id":138426795950082,"type":105}
@nix {"action":"result","fields":[0,0,0,0],"id":138426795950083,"type":105}
@nix {"action":"result","fields":[101,0],"id":138426795950081,"type":106}
@nix {"action":"result","fields":[100,0],"id":138426795950081,"type":106}
@nix {"action":"stop","id":138426795950116}
@nix {"action":"result","fields":[34,55,0,0],"id":138426795950082,"type":105}
@nix {"action":"result","fields":[0,0,0,0],"id":138426795950083,"type":105}
@nix {"action":"result","fields":[101,0],"id":138426795950081,"type":106}
@nix {"action":"result","fields":[100,0],"id":138426795950081,"type":106}
@nix {"action":"start","fields":["/tmp/obrador-shared-pins-linux/round-3-retry-baseline/chain-round-1-jobs-8/store/882cri0p89kzr4c4v3gy35qk6z1f9zpl-leaf-11.drv","",1,1],"id":138426795950118,"level":3,"parent":0,"text":"building '/tmp/obrador-shared-pins-linux/round-3-retry-baseline/chain-round-1-jobs-8/store/882cri0p89kzr4c4v3gy35qk6z1f9zpl-leaf-11.drv'","type":105}
@nix {"action":"result","fields":[34,55,1,0],"id":138426795950082,"type":105}
@nix {"action":"result","fields":[0,0,0,0],"id":138426795950083,"type":105}
@nix {"action":"result","fields":[101,0],"id":138426795950081,"type":106}
@nix {"action":"result","fields":[100,0],"id":138426795950081,"type":106}
@nix {"action":"result","fields":[35,56,0,0],"id":138426795950082,"type":105}
@nix {"action":"result","fields":[0,0,0,0],"id":138426795950083,"type":105}
@nix {"action":"result","fields":[101,0],"id":138426795950081,"type":106}
@nix {"action":"result","fields":[100,0],"id":138426795950081,"type":106}
@nix {"action":"stop","id":138426795950118}
@nix {"action":"start","fields":["/tmp/obrador-shared-pins-linux/round-3-retry-baseline/chain-round-1-jobs-8/store/sw5c5af133k8rnv7hdqxgqsf51f8cgwn-leaf-12.drv.drv","/tmp/obrador-shared-pins-linux/round-3-retry-baseline/chain-round-1-jobs-8/store/wzdh3h3f8cmzb85g9ian12v347fhlxkw-leaf-12.drv.drv"],"id":138426795950119,"level":3,"parent":0,"text":"resolved derivation: '/tmp/obrador-shared-pins-linux/round-3-retry-baseline/chain-round-1-jobs-8/store/sw5c5af133k8rnv7hdqxgqsf51f8cgwn-leaf-12.drv.drv' -> '/tmp/obrador-shared-pins-linux/round-3-retry-baseline/chain-round-1-jobs-8/store/wzdh3h3f8cmzb85g9ian12v347fhlxkw-leaf-12.drv.drv'","type":111}
@nix {"action":"result","fields":[35,56,0,0],"id":138426795950082,"type":105}
@nix {"action":"result","fields":[0,0,0,0],"id":138426795950083,"type":105}
@nix {"action":"result","fields":[101,0],"id":138426795950081,"type":106}
@nix {"action":"result","fields":[100,0],"id":138426795950081,"type":106}
@nix {"action":"start","fields":["/tmp/obrador-shared-pins-linux/round-3-retry-baseline/chain-round-1-jobs-8/store/wzdh3h3f8cmzb85g9ian12v347fhlxkw-leaf-12.drv.drv","",1,1],"id":138426795950120,"level":3,"parent":0,"text":"building '/tmp/obrador-shared-pins-linux/round-3-retry-baseline/chain-round-1-jobs-8/store/wzdh3h3f8cmzb85g9ian12v347fhlxkw-leaf-12.drv.drv'","type":105}
@nix {"action":"result","fields":[35,56,1,0],"id":138426795950082,"type":105}
@nix {"action":"result","fields":[0,0,0,0],"id":138426795950083,"type":105}
@nix {"action":"result","fields":[101,0],"id":138426795950081,"type":106}
@nix {"action":"result","fields":[100,0],"id":138426795950081,"type":106}
@nix {"action":"result","fields":[36,57,0,0],"id":138426795950082,"type":105}
@nix {"action":"result","fields":[0,0,0,0],"id":138426795950083,"type":105}
@nix {"action":"result","fields":[101,0],"id":138426795950081,"type":106}
@nix {"action":"result","fields":[100,0],"id":138426795950081,"type":106}
@nix {"action":"stop","id":138426795950120}
@nix {"action":"result","fields":[37,57,0,0],"id":138426795950082,"type":105}
@nix {"action":"result","fields":[0,0,0,0],"id":138426795950083,"type":105}
@nix {"action":"result","fields":[101,0],"id":138426795950081,"type":106}
@nix {"action":"result","fields":[100,0],"id":138426795950081,"type":106}
@nix {"action":"stop","id":138426795950119}
@nix {"action":"result","fields":[37,57,0,0],"id":138426795950082,"type":105}
@nix {"action":"result","fields":[0,0,0,0],"id":138426795950083,"type":105}
@nix {"action":"result","fields":[101,0],"id":138426795950081,"type":106}
@nix {"action":"result","fields":[100,0],"id":138426795950081,"type":106}
@nix {"action":"start","fields":["/tmp/obrador-shared-pins-linux/round-3-retry-baseline/chain-round-1-jobs-8/store/iak7ggqmgk8rpi3wsgybgp08z9bccl77-leaf-12.drv","",1,1],"id":138426795950121,"level":3,"parent":0,"text":"building '/tmp/obrador-shared-pins-linux/round-3-retry-baseline/chain-round-1-jobs-8/store/iak7ggqmgk8rpi3wsgybgp08z9bccl77-leaf-12.drv'","type":105}
@nix {"action":"result","fields":[37,57,1,0],"id":138426795950082,"type":105}
@nix {"action":"result","fields":[0,0,0,0],"id":138426795950083,"type":105}
@nix {"action":"result","fields":[101,0],"id":138426795950081,"type":106}
@nix {"action":"result","fields":[100,0],"id":138426795950081,"type":106}
@nix {"action":"result","fields":[38,58,0,0],"id":138426795950082,"type":105}
@nix {"action":"result","fields":[0,0,0,0],"id":138426795950083,"type":105}
@nix {"action":"result","fields":[101,0],"id":138426795950081,"type":106}
@nix {"action":"result","fields":[100,0],"id":138426795950081,"type":106}
@nix {"action":"stop","id":138426795950121}
@nix {"action":"start","fields":["/tmp/obrador-shared-pins-linux/round-3-retry-baseline/chain-round-1-jobs-8/store/gqc5g4c1nny1zk46q3mp85kgmnv0c9fv-leaf-13.drv.drv","/tmp/obrador-shared-pins-linux/round-3-retry-baseline/chain-round-1-jobs-8/store/f9jy22jlnbiqks5jjyxjy9vq2r8knaiq-leaf-13.drv.drv"],"id":138426795950122,"level":3,"parent":0,"text":"resolved derivation: '/tmp/obrador-shared-pins-linux/round-3-retry-baseline/chain-round-1-jobs-8/store/gqc5g4c1nny1zk46q3mp85kgmnv0c9fv-leaf-13.drv.drv' -> '/tmp/obrador-shared-pins-linux/round-3-retry-baseline/chain-round-1-jobs-8/store/f9jy22jlnbiqks5jjyxjy9vq2r8knaiq-leaf-13.drv.drv'","type":111}
@nix {"action":"result","fields":[38,58,0,0],"id":138426795950082,"type":105}
@nix {"action":"result","fields":[0,0,0,0],"id":138426795950083,"type":105}
@nix {"action":"result","fields":[101,0],"id":138426795950081,"type":106}
@nix {"action":"result","fields":[100,0],"id":138426795950081,"type":106}
@nix {"action":"start","fields":["/tmp/obrador-shared-pins-linux/round-3-retry-baseline/chain-round-1-jobs-8/store/f9jy22jlnbiqks5jjyxjy9vq2r8knaiq-leaf-13.drv.drv","",1,1],"id":138426795950123,"level":3,"parent":0,"text":"building '/tmp/obrador-shared-pins-linux/round-3-retry-baseline/chain-round-1-jobs-8/store/f9jy22jlnbiqks5jjyxjy9vq2r8knaiq-leaf-13.drv.drv'","type":105}
@nix {"action":"result","fields":[38,58,1,0],"id":138426795950082,"type":105}
@nix {"action":"result","fields":[0,0,0,0],"id":138426795950083,"type":105}
@nix {"action":"result","fields":[101,0],"id":138426795950081,"type":106}
@nix {"action":"result","fields":[100,0],"id":138426795950081,"type":106}
@nix {"action":"result","fields":[39,59,0,0],"id":138426795950082,"type":105}
@nix {"action":"result","fields":[0,0,0,0],"id":138426795950083,"type":105}
@nix {"action":"result","fields":[101,0],"id":138426795950081,"type":106}
@nix {"action":"result","fields":[100,0],"id":138426795950081,"type":106}
@nix {"action":"stop","id":138426795950123}
@nix {"action":"result","fields":[40,59,0,0],"id":138426795950082,"type":105}
@nix {"action":"result","fields":[0,0,0,0],"id":138426795950083,"type":105}
@nix {"action":"result","fields":[101,0],"id":138426795950081,"type":106}
@nix {"action":"result","fields":[100,0],"id":138426795950081,"type":106}
@nix {"action":"stop","id":138426795950122}
@nix {"action":"result","fields":[40,59,0,0],"id":138426795950082,"type":105}
@nix {"action":"result","fields":[0,0,0,0],"id":138426795950083,"type":105}
@nix {"action":"result","fields":[101,0],"id":138426795950081,"type":106}
@nix {"action":"result","fields":[100,0],"id":138426795950081,"type":106}
@nix {"action":"start","fields":["/tmp/obrador-shared-pins-linux/round-3-retry-baseline/chain-round-1-jobs-8/store/c770bvb0qvfmpm0xc06prwlisv5g83rw-leaf-13.drv","",1,1],"id":138426795950124,"level":3,"parent":0,"text":"building '/tmp/obrador-shared-pins-linux/round-3-retry-baseline/chain-round-1-jobs-8/store/c770bvb0qvfmpm0xc06prwlisv5g83rw-leaf-13.drv'","type":105}
@nix {"action":"result","fields":[40,59,1,0],"id":138426795950082,"type":105}
@nix {"action":"result","fields":[0,0,0,0],"id":138426795950083,"type":105}
@nix {"action":"result","fields":[101,0],"id":138426795950081,"type":106}
@nix {"action":"result","fields":[100,0],"id":138426795950081,"type":106}
@nix {"action":"result","fields":[41,60,0,0],"id":138426795950082,"type":105}
@nix {"action":"result","fields":[0,0,0,0],"id":138426795950083,"type":105}
@nix {"action":"result","fields":[101,0],"id":138426795950081,"type":106}
@nix {"action":"result","fields":[100,0],"id":138426795950081,"type":106}
@nix {"action":"stop","id":138426795950124}
@nix {"action":"start","fields":["/tmp/obrador-shared-pins-linux/round-3-retry-baseline/chain-round-1-jobs-8/store/kbv7jy5llv6asp6qfsxcg5cgdlh3h092-leaf-14.drv.drv","/tmp/obrador-shared-pins-linux/round-3-retry-baseline/chain-round-1-jobs-8/store/s3h0rqd6zyqbc657ydrdpjdqpd9lzarz-leaf-14.drv.drv"],"id":138426795950125,"level":3,"parent":0,"text":"resolved derivation: '/tmp/obrador-shared-pins-linux/round-3-retry-baseline/chain-round-1-jobs-8/store/kbv7jy5llv6asp6qfsxcg5cgdlh3h092-leaf-14.drv.drv' -> '/tmp/obrador-shared-pins-linux/round-3-retry-baseline/chain-round-1-jobs-8/store/s3h0rqd6zyqbc657ydrdpjdqpd9lzarz-leaf-14.drv.drv'","type":111}
@nix {"action":"result","fields":[41,60,0,0],"id":138426795950082,"type":105}
@nix {"action":"result","fields":[0,0,0,0],"id":138426795950083,"type":105}
@nix {"action":"result","fields":[101,0],"id":138426795950081,"type":106}
@nix {"action":"result","fields":[100,0],"id":138426795950081,"type":106}
@nix {"action":"start","fields":["/tmp/obrador-shared-pins-linux/round-3-retry-baseline/chain-round-1-jobs-8/store/s3h0rqd6zyqbc657ydrdpjdqpd9lzarz-leaf-14.drv.drv","",1,1],"id":138426795950126,"level":3,"parent":0,"text":"building '/tmp/obrador-shared-pins-linux/round-3-retry-baseline/chain-round-1-jobs-8/store/s3h0rqd6zyqbc657ydrdpjdqpd9lzarz-leaf-14.drv.drv'","type":105}
@nix {"action":"result","fields":[41,60,1,0],"id":138426795950082,"type":105}
@nix {"action":"result","fields":[0,0,0,0],"id":138426795950083,"type":105}
@nix {"action":"result","fields":[101,0],"id":138426795950081,"type":106}
@nix {"action":"result","fields":[100,0],"id":138426795950081,"type":106}
@nix {"action":"result","fields":[42,61,0,0],"id":138426795950082,"type":105}
@nix {"action":"result","fields":[0,0,0,0],"id":138426795950083,"type":105}
@nix {"action":"result","fields":[101,0],"id":138426795950081,"type":106}
@nix {"action":"result","fields":[100,0],"id":138426795950081,"type":106}
@nix {"action":"stop","id":138426795950126}
@nix {"action":"result","fields":[43,61,0,0],"id":138426795950082,"type":105}
@nix {"action":"result","fields":[0,0,0,0],"id":138426795950083,"type":105}
@nix {"action":"result","fields":[101,0],"id":138426795950081,"type":106}
@nix {"action":"result","fields":[100,0],"id":138426795950081,"type":106}
@nix {"action":"stop","id":138426795950125}
@nix {"action":"result","fields":[43,61,0,0],"id":138426795950082,"type":105}
@nix {"action":"result","fields":[0,0,0,0],"id":138426795950083,"type":105}
@nix {"action":"result","fields":[101,0],"id":138426795950081,"type":106}
@nix {"action":"result","fields":[100,0],"id":138426795950081,"type":106}
@nix {"action":"start","fields":["/tmp/obrador-shared-pins-linux/round-3-retry-baseline/chain-round-1-jobs-8/store/s3v75zfafnyqqg3sfkbd7j5bmx80raqv-leaf-14.drv","",1,1],"id":138426795950127,"level":3,"parent":0,"text":"building '/tmp/obrador-shared-pins-linux/round-3-retry-baseline/chain-round-1-jobs-8/store/s3v75zfafnyqqg3sfkbd7j5bmx80raqv-leaf-14.drv'","type":105}
@nix {"action":"result","fields":[43,61,1,0],"id":138426795950082,"type":105}
@nix {"action":"result","fields":[0,0,0,0],"id":138426795950083,"type":105}
@nix {"action":"result","fields":[101,0],"id":138426795950081,"type":106}
@nix {"action":"result","fields":[100,0],"id":138426795950081,"type":106}
@nix {"action":"result","fields":[44,62,0,0],"id":138426795950082,"type":105}
@nix {"action":"result","fields":[0,0,0,0],"id":138426795950083,"type":105}
@nix {"action":"result","fields":[101,0],"id":138426795950081,"type":106}
@nix {"action":"result","fields":[100,0],"id":138426795950081,"type":106}
@nix {"action":"stop","id":138426795950127}
@nix {"action":"start","fields":["/tmp/obrador-shared-pins-linux/round-3-retry-baseline/chain-round-1-jobs-8/store/y8z3hnqc7gdyvg7kvsgb6475i5xx63ml-leaf-15.drv.drv","/tmp/obrador-shared-pins-linux/round-3-retry-baseline/chain-round-1-jobs-8/store/j26hmg7l65x3mjjyjs0zajq0f2swc5zr-leaf-15.drv.drv"],"id":138426795950128,"level":3,"parent":0,"text":"resolved derivation: '/tmp/obrador-shared-pins-linux/round-3-retry-baseline/chain-round-1-jobs-8/store/y8z3hnqc7gdyvg7kvsgb6475i5xx63ml-leaf-15.drv.drv' -> '/tmp/obrador-shared-pins-linux/round-3-retry-baseline/chain-round-1-jobs-8/store/j26hmg7l65x3mjjyjs0zajq0f2swc5zr-leaf-15.drv.drv'","type":111}
@nix {"action":"result","fields":[44,62,0,0],"id":138426795950082,"type":105}
@nix {"action":"result","fields":[0,0,0,0],"id":138426795950083,"type":105}
@nix {"action":"result","fields":[101,0],"id":138426795950081,"type":106}
@nix {"action":"result","fields":[100,0],"id":138426795950081,"type":106}
@nix {"action":"start","fields":["/tmp/obrador-shared-pins-linux/round-3-retry-baseline/chain-round-1-jobs-8/store/j26hmg7l65x3mjjyjs0zajq0f2swc5zr-leaf-15.drv.drv","",1,1],"id":138426795950129,"level":3,"parent":0,"text":"building '/tmp/obrador-shared-pins-linux/round-3-retry-baseline/chain-round-1-jobs-8/store/j26hmg7l65x3mjjyjs0zajq0f2swc5zr-leaf-15.drv.drv'","type":105}
@nix {"action":"result","fields":[44,62,1,0],"id":138426795950082,"type":105}
@nix {"action":"result","fields":[0,0,0,0],"id":138426795950083,"type":105}
@nix {"action":"result","fields":[101,0],"id":138426795950081,"type":106}
@nix {"action":"result","fields":[100,0],"id":138426795950081,"type":106}
@nix {"action":"result","fields":[45,63,0,0],"id":138426795950082,"type":105}
@nix {"action":"result","fields":[0,0,0,0],"id":138426795950083,"type":105}
@nix {"action":"result","fields":[101,0],"id":138426795950081,"type":106}
@nix {"action":"result","fields":[100,0],"id":138426795950081,"type":106}
@nix {"action":"stop","id":138426795950129}
@nix {"action":"result","fields":[46,63,0,0],"id":138426795950082,"type":105}
@nix {"action":"result","fields":[0,0,0,0],"id":138426795950083,"type":105}
@nix {"action":"result","fields":[101,0],"id":138426795950081,"type":106}
@nix {"action":"result","fields":[100,0],"id":138426795950081,"type":106}
@nix {"action":"stop","id":138426795950128}
@nix {"action":"result","fields":[46,63,0,0],"id":138426795950082,"type":105}
@nix {"action":"result","fields":[0,0,0,0],"id":138426795950083,"type":105}
@nix {"action":"result","fields":[101,0],"id":138426795950081,"type":106}
@nix {"action":"result","fields":[100,0],"id":138426795950081,"type":106}
@nix {"action":"start","fields":["/tmp/obrador-shared-pins-linux/round-3-retry-baseline/chain-round-1-jobs-8/store/v5skm9n5bpihla24mmk74qz8075sl7c3-leaf-15.drv","",1,1],"id":138426795950130,"level":3,"parent":0,"text":"building '/tmp/obrador-shared-pins-linux/round-3-retry-baseline/chain-round-1-jobs-8/store/v5skm9n5bpihla24mmk74qz8075sl7c3-leaf-15.drv'","type":105}
@nix {"action":"result","fields":[46,63,1,0],"id":138426795950082,"type":105}
@nix {"action":"result","fields":[0,0,0,0],"id":138426795950083,"type":105}
@nix {"action":"result","fields":[101,0],"id":138426795950081,"type":106}
@nix {"action":"result","fields":[100,0],"id":138426795950081,"type":106}
@nix {"action":"result","fields":[47,64,0,0],"id":138426795950082,"type":105}
@nix {"action":"result","fields":[0,0,0,0],"id":138426795950083,"type":105}
@nix {"action":"result","fields":[101,0],"id":138426795950081,"type":106}
@nix {"action":"result","fields":[100,0],"id":138426795950081,"type":106}
@nix {"action":"stop","id":138426795950130}
@nix {"action":"start","fields":["/tmp/obrador-shared-pins-linux/round-3-retry-baseline/chain-round-1-jobs-8/store/ckrcqxpfnryh4lfyxjb1acymsvr8az4w-leaf-16.drv.drv","/tmp/obrador-shared-pins-linux/round-3-retry-baseline/chain-round-1-jobs-8/store/92ckz9q2dhz4r48rawfakc5ikcni88a0-leaf-16.drv.drv"],"id":138426795950131,"level":3,"parent":0,"text":"resolved derivation: '/tmp/obrador-shared-pins-linux/round-3-retry-baseline/chain-round-1-jobs-8/store/ckrcqxpfnryh4lfyxjb1acymsvr8az4w-leaf-16.drv.drv' -> '/tmp/obrador-shared-pins-linux/round-3-retry-baseline/chain-round-1-jobs-8/store/92ckz9q2dhz4r48rawfakc5ikcni88a0-leaf-16.drv.drv'","type":111}
@nix {"action":"result","fields":[47,64,0,0],"id":138426795950082,"type":105}
@nix {"action":"result","fields":[0,0,0,0],"id":138426795950083,"type":105}
@nix {"action":"result","fields":[101,0],"id":138426795950081,"type":106}
@nix {"action":"result","fields":[100,0],"id":138426795950081,"type":106}
@nix {"action":"start","fields":["/tmp/obrador-shared-pins-linux/round-3-retry-baseline/chain-round-1-jobs-8/store/92ckz9q2dhz4r48rawfakc5ikcni88a0-leaf-16.drv.drv","",1,1],"id":138426795950132,"level":3,"parent":0,"text":"building '/tmp/obrador-shared-pins-linux/round-3-retry-baseline/chain-round-1-jobs-8/store/92ckz9q2dhz4r48rawfakc5ikcni88a0-leaf-16.drv.drv'","type":105}
@nix {"action":"result","fields":[47,64,1,0],"id":138426795950082,"type":105}
@nix {"action":"result","fields":[0,0,0,0],"id":138426795950083,"type":105}
@nix {"action":"result","fields":[101,0],"id":138426795950081,"type":106}
@nix {"action":"result","fields":[100,0],"id":138426795950081,"type":106}
@nix {"action":"result","fields":[48,65,0,0],"id":138426795950082,"type":105}
@nix {"action":"result","fields":[0,0,0,0],"id":138426795950083,"type":105}
@nix {"action":"result","fields":[101,0],"id":138426795950081,"type":106}
@nix {"action":"result","fields":[100,0],"id":138426795950081,"type":106}
@nix {"action":"stop","id":138426795950132}
@nix {"action":"result","fields":[49,65,0,0],"id":138426795950082,"type":105}
@nix {"action":"result","fields":[0,0,0,0],"id":138426795950083,"type":105}
@nix {"action":"result","fields":[101,0],"id":138426795950081,"type":106}
@nix {"action":"result","fields":[100,0],"id":138426795950081,"type":106}
@nix {"action":"stop","id":138426795950131}
@nix {"action":"result","fields":[49,65,0,0],"id":138426795950082,"type":105}
@nix {"action":"result","fields":[0,0,0,0],"id":138426795950083,"type":105}
@nix {"action":"result","fields":[101,0],"id":138426795950081,"type":106}
@nix {"action":"result","fields":[100,0],"id":138426795950081,"type":106}
@nix {"action":"start","fields":["/tmp/obrador-shared-pins-linux/round-3-retry-baseline/chain-round-1-jobs-8/store/535cs0kppq7kvgvxkqqx7b33j8nwyl5x-leaf-16.drv","",1,1],"id":138426795950133,"level":3,"parent":0,"text":"building '/tmp/obrador-shared-pins-linux/round-3-retry-baseline/chain-round-1-jobs-8/store/535cs0kppq7kvgvxkqqx7b33j8nwyl5x-leaf-16.drv'","type":105}
@nix {"action":"result","fields":[49,65,1,0],"id":138426795950082,"type":105}
@nix {"action":"result","fields":[0,0,0,0],"id":138426795950083,"type":105}
@nix {"action":"result","fields":[101,0],"id":138426795950081,"type":106}
@nix {"action":"result","fields":[100,0],"id":138426795950081,"type":106}
@nix {"action":"result","fields":[50,66,0,0],"id":138426795950082,"type":105}
@nix {"action":"result","fields":[0,0,0,0],"id":138426795950083,"type":105}
@nix {"action":"result","fields":[101,0],"id":138426795950081,"type":106}
@nix {"action":"result","fields":[100,0],"id":138426795950081,"type":106}
@nix {"action":"stop","id":138426795950133}
@nix {"action":"start","fields":["/tmp/obrador-shared-pins-linux/round-3-retry-baseline/chain-round-1-jobs-8/store/kxmp1kp1y23k9qanlxvj3aa1zx9jgjsr-leaf-17.drv.drv","/tmp/obrador-shared-pins-linux/round-3-retry-baseline/chain-round-1-jobs-8/store/y8kzz5q9y2rzx5rbrs6z7mpyma9qsngz-leaf-17.drv.drv"],"id":138426795950134,"level":3,"parent":0,"text":"resolved derivation: '/tmp/obrador-shared-pins-linux/round-3-retry-baseline/chain-round-1-jobs-8/store/kxmp1kp1y23k9qanlxvj3aa1zx9jgjsr-leaf-17.drv.drv' -> '/tmp/obrador-shared-pins-linux/round-3-retry-baseline/chain-round-1-jobs-8/store/y8kzz5q9y2rzx5rbrs6z7mpyma9qsngz-leaf-17.drv.drv'","type":111}
@nix {"action":"result","fields":[50,66,0,0],"id":138426795950082,"type":105}
@nix {"action":"result","fields":[0,0,0,0],"id":138426795950083,"type":105}
@nix {"action":"result","fields":[101,0],"id":138426795950081,"type":106}
@nix {"action":"result","fields":[100,0],"id":138426795950081,"type":106}
@nix {"action":"start","fields":["/tmp/obrador-shared-pins-linux/round-3-retry-baseline/chain-round-1-jobs-8/store/y8kzz5q9y2rzx5rbrs6z7mpyma9qsngz-leaf-17.drv.drv","",1,1],"id":138426795950135,"level":3,"parent":0,"text":"building '/tmp/obrador-shared-pins-linux/round-3-retry-baseline/chain-round-1-jobs-8/store/y8kzz5q9y2rzx5rbrs6z7mpyma9qsngz-leaf-17.drv.drv'","type":105}
@nix {"action":"result","fields":[50,66,1,0],"id":138426795950082,"type":105}
@nix {"action":"result","fields":[0,0,0,0],"id":138426795950083,"type":105}
@nix {"action":"result","fields":[101,0],"id":138426795950081,"type":106}
@nix {"action":"result","fields":[100,0],"id":138426795950081,"type":106}
@nix {"action":"result","fields":[51,67,0,0],"id":138426795950082,"type":105}
@nix {"action":"result","fields":[0,0,0,0],"id":138426795950083,"type":105}
@nix {"action":"result","fields":[101,0],"id":138426795950081,"type":106}
@nix {"action":"result","fields":[100,0],"id":138426795950081,"type":106}
@nix {"action":"stop","id":138426795950135}
@nix {"action":"result","fields":[52,67,0,0],"id":138426795950082,"type":105}
@nix {"action":"result","fields":[0,0,0,0],"id":138426795950083,"type":105}
@nix {"action":"result","fields":[101,0],"id":138426795950081,"type":106}
@nix {"action":"result","fields":[100,0],"id":138426795950081,"type":106}
@nix {"action":"stop","id":138426795950134}
@nix {"action":"result","fields":[52,67,0,0],"id":138426795950082,"type":105}
@nix {"action":"result","fields":[0,0,0,0],"id":138426795950083,"type":105}
@nix {"action":"result","fields":[101,0],"id":138426795950081,"type":106}
@nix {"action":"result","fields":[100,0],"id":138426795950081,"type":106}
@nix {"action":"start","fields":["/tmp/obrador-shared-pins-linux/round-3-retry-baseline/chain-round-1-jobs-8/store/iz774hhk2zcd0bx8r22bxw2956d2kk4v-leaf-17.drv","",1,1],"id":138426795950136,"level":3,"parent":0,"text":"building '/tmp/obrador-shared-pins-linux/round-3-retry-baseline/chain-round-1-jobs-8/store/iz774hhk2zcd0bx8r22bxw2956d2kk4v-leaf-17.drv'","type":105}
@nix {"action":"result","fields":[52,67,1,0],"id":138426795950082,"type":105}
@nix {"action":"result","fields":[0,0,0,0],"id":138426795950083,"type":105}
@nix {"action":"result","fields":[101,0],"id":138426795950081,"type":106}
@nix {"action":"result","fields":[100,0],"id":138426795950081,"type":106}
@nix {"action":"result","fields":[53,68,0,0],"id":138426795950082,"type":105}
@nix {"action":"result","fields":[0,0,0,0],"id":138426795950083,"type":105}
@nix {"action":"result","fields":[101,0],"id":138426795950081,"type":106}
@nix {"action":"result","fields":[100,0],"id":138426795950081,"type":106}
@nix {"action":"stop","id":138426795950136}
@nix {"action":"start","fields":["/tmp/obrador-shared-pins-linux/round-3-retry-baseline/chain-round-1-jobs-8/store/75j14k5p9ra52h75qvnpd9zplwnwpvy5-leaf-18.drv.drv","/tmp/obrador-shared-pins-linux/round-3-retry-baseline/chain-round-1-jobs-8/store/k8g2kgfsv6sbgmn65rvy3wggdw2a9jg4-leaf-18.drv.drv"],"id":138426795950137,"level":3,"parent":0,"text":"resolved derivation: '/tmp/obrador-shared-pins-linux/round-3-retry-baseline/chain-round-1-jobs-8/store/75j14k5p9ra52h75qvnpd9zplwnwpvy5-leaf-18.drv.drv' -> '/tmp/obrador-shared-pins-linux/round-3-retry-baseline/chain-round-1-jobs-8/store/k8g2kgfsv6sbgmn65rvy3wggdw2a9jg4-leaf-18.drv.drv'","type":111}
@nix {"action":"result","fields":[53,68,0,0],"id":138426795950082,"type":105}
@nix {"action":"result","fields":[0,0,0,0],"id":138426795950083,"type":105}
@nix {"action":"result","fields":[101,0],"id":138426795950081,"type":106}
@nix {"action":"result","fields":[100,0],"id":138426795950081,"type":106}
@nix {"action":"start","fields":["/tmp/obrador-shared-pins-linux/round-3-retry-baseline/chain-round-1-jobs-8/store/k8g2kgfsv6sbgmn65rvy3wggdw2a9jg4-leaf-18.drv.drv","",1,1],"id":138426795950138,"level":3,"parent":0,"text":"building '/tmp/obrador-shared-pins-linux/round-3-retry-baseline/chain-round-1-jobs-8/store/k8g2kgfsv6sbgmn65rvy3wggdw2a9jg4-leaf-18.drv.drv'","type":105}
@nix {"action":"result","fields":[53,68,1,0],"id":138426795950082,"type":105}
@nix {"action":"result","fields":[0,0,0,0],"id":138426795950083,"type":105}
@nix {"action":"result","fields":[101,0],"id":138426795950081,"type":106}
@nix {"action":"result","fields":[100,0],"id":138426795950081,"type":106}
@nix {"action":"result","fields":[54,69,0,0],"id":138426795950082,"type":105}
@nix {"action":"result","fields":[0,0,0,0],"id":138426795950083,"type":105}
@nix {"action":"result","fields":[101,0],"id":138426795950081,"type":106}
@nix {"action":"result","fields":[100,0],"id":138426795950081,"type":106}
@nix {"action":"stop","id":138426795950138}
@nix {"action":"result","fields":[55,69,0,0],"id":138426795950082,"type":105}
@nix {"action":"result","fields":[0,0,0,0],"id":138426795950083,"type":105}
@nix {"action":"result","fields":[101,0],"id":138426795950081,"type":106}
@nix {"action":"result","fields":[100,0],"id":138426795950081,"type":106}
@nix {"action":"stop","id":138426795950137}
@nix {"action":"result","fields":[55,69,0,0],"id":138426795950082,"type":105}
@nix {"action":"result","fields":[0,0,0,0],"id":138426795950083,"type":105}
@nix {"action":"result","fields":[101,0],"id":138426795950081,"type":106}
@nix {"action":"result","fields":[100,0],"id":138426795950081,"type":106}
@nix {"action":"start","fields":["/tmp/obrador-shared-pins-linux/round-3-retry-baseline/chain-round-1-jobs-8/store/c694qjyi0014zgf0c5f0q5zp3h9kb9vi-leaf-18.drv","",1,1],"id":138426795950139,"level":3,"parent":0,"text":"building '/tmp/obrador-shared-pins-linux/round-3-retry-baseline/chain-round-1-jobs-8/store/c694qjyi0014zgf0c5f0q5zp3h9kb9vi-leaf-18.drv'","type":105}
@nix {"action":"result","fields":[55,69,1,0],"id":138426795950082,"type":105}
@nix {"action":"result","fields":[0,0,0,0],"id":138426795950083,"type":105}
@nix {"action":"result","fields":[101,0],"id":138426795950081,"type":106}
@nix {"action":"result","fields":[100,0],"id":138426795950081,"type":106}
@nix {"action":"result","fields":[56,70,0,0],"id":138426795950082,"type":105}
@nix {"action":"result","fields":[0,0,0,0],"id":138426795950083,"type":105}
@nix {"action":"result","fields":[101,0],"id":138426795950081,"type":106}
@nix {"action":"result","fields":[100,0],"id":138426795950081,"type":106}
@nix {"action":"stop","id":138426795950139}
@nix {"action":"start","fields":["/tmp/obrador-shared-pins-linux/round-3-retry-baseline/chain-round-1-jobs-8/store/83xygr1n9xddp70hr5vdck3fh9dl2cj5-leaf-19.drv.drv","/tmp/obrador-shared-pins-linux/round-3-retry-baseline/chain-round-1-jobs-8/store/qcvqp9gk96fd9vh56fww92crb0w3ajvd-leaf-19.drv.drv"],"id":138426795950140,"level":3,"parent":0,"text":"resolved derivation: '/tmp/obrador-shared-pins-linux/round-3-retry-baseline/chain-round-1-jobs-8/store/83xygr1n9xddp70hr5vdck3fh9dl2cj5-leaf-19.drv.drv' -> '/tmp/obrador-shared-pins-linux/round-3-retry-baseline/chain-round-1-jobs-8/store/qcvqp9gk96fd9vh56fww92crb0w3ajvd-leaf-19.drv.drv'","type":111}
@nix {"action":"result","fields":[56,70,0,0],"id":138426795950082,"type":105}
@nix {"action":"result","fields":[0,0,0,0],"id":138426795950083,"type":105}
@nix {"action":"result","fields":[101,0],"id":138426795950081,"type":106}
@nix {"action":"result","fields":[100,0],"id":138426795950081,"type":106}
@nix {"action":"start","fields":["/tmp/obrador-shared-pins-linux/round-3-retry-baseline/chain-round-1-jobs-8/store/qcvqp9gk96fd9vh56fww92crb0w3ajvd-leaf-19.drv.drv","",1,1],"id":138426795950141,"level":3,"parent":0,"text":"building '/tmp/obrador-shared-pins-linux/round-3-retry-baseline/chain-round-1-jobs-8/store/qcvqp9gk96fd9vh56fww92crb0w3ajvd-leaf-19.drv.drv'","type":105}
@nix {"action":"result","fields":[56,70,1,0],"id":138426795950082,"type":105}
@nix {"action":"result","fields":[0,0,0,0],"id":138426795950083,"type":105}
@nix {"action":"result","fields":[101,0],"id":138426795950081,"type":106}
@nix {"action":"result","fields":[100,0],"id":138426795950081,"type":106}
@nix {"action":"result","fields":[57,71,0,0],"id":138426795950082,"type":105}
@nix {"action":"result","fields":[0,0,0,0],"id":138426795950083,"type":105}
@nix {"action":"result","fields":[101,0],"id":138426795950081,"type":106}
@nix {"action":"result","fields":[100,0],"id":138426795950081,"type":106}
@nix {"action":"stop","id":138426795950141}
@nix {"action":"result","fields":[58,71,0,0],"id":138426795950082,"type":105}
@nix {"action":"result","fields":[0,0,0,0],"id":138426795950083,"type":105}
@nix {"action":"result","fields":[101,0],"id":138426795950081,"type":106}
@nix {"action":"result","fields":[100,0],"id":138426795950081,"type":106}
@nix {"action":"stop","id":138426795950140}
@nix {"action":"result","fields":[58,71,0,0],"id":138426795950082,"type":105}
@nix {"action":"result","fields":[0,0,0,0],"id":138426795950083,"type":105}
@nix {"action":"result","fields":[101,0],"id":138426795950081,"type":106}
@nix {"action":"result","fields":[100,0],"id":138426795950081,"type":106}
@nix {"action":"start","fields":["/tmp/obrador-shared-pins-linux/round-3-retry-baseline/chain-round-1-jobs-8/store/3kpvpjm37k1vm50bgkkj565vbj0jdxyh-leaf-19.drv","",1,1],"id":138426795950142,"level":3,"parent":0,"text":"building '/tmp/obrador-shared-pins-linux/round-3-retry-baseline/chain-round-1-jobs-8/store/3kpvpjm37k1vm50bgkkj565vbj0jdxyh-leaf-19.drv'","type":105}
@nix {"action":"result","fields":[58,71,1,0],"id":138426795950082,"type":105}
@nix {"action":"result","fields":[0,0,0,0],"id":138426795950083,"type":105}
@nix {"action":"result","fields":[101,0],"id":138426795950081,"type":106}
@nix {"action":"result","fields":[100,0],"id":138426795950081,"type":106}
@nix {"action":"result","fields":[59,72,0,0],"id":138426795950082,"type":105}
@nix {"action":"result","fields":[0,0,0,0],"id":138426795950083,"type":105}
@nix {"action":"result","fields":[101,0],"id":138426795950081,"type":106}
@nix {"action":"result","fields":[100,0],"id":138426795950081,"type":106}
@nix {"action":"stop","id":138426795950142}
@nix {"action":"start","fields":["/tmp/obrador-shared-pins-linux/round-3-retry-baseline/chain-round-1-jobs-8/store/r9bb0p59szivk4lz2nj80jk4mpkac9fs-leaf-20.drv.drv","/tmp/obrador-shared-pins-linux/round-3-retry-baseline/chain-round-1-jobs-8/store/p9ka2707lfldvkxixhwqsdqjq43qlqd9-leaf-20.drv.drv"],"id":138426795950143,"level":3,"parent":0,"text":"resolved derivation: '/tmp/obrador-shared-pins-linux/round-3-retry-baseline/chain-round-1-jobs-8/store/r9bb0p59szivk4lz2nj80jk4mpkac9fs-leaf-20.drv.drv' -> '/tmp/obrador-shared-pins-linux/round-3-retry-baseline/chain-round-1-jobs-8/store/p9ka2707lfldvkxixhwqsdqjq43qlqd9-leaf-20.drv.drv'","type":111}
@nix {"action":"result","fields":[59,72,0,0],"id":138426795950082,"type":105}
@nix {"action":"result","fields":[0,0,0,0],"id":138426795950083,"type":105}
@nix {"action":"result","fields":[101,0],"id":138426795950081,"type":106}
@nix {"action":"result","fields":[100,0],"id":138426795950081,"type":106}
@nix {"action":"start","fields":["/tmp/obrador-shared-pins-linux/round-3-retry-baseline/chain-round-1-jobs-8/store/p9ka2707lfldvkxixhwqsdqjq43qlqd9-leaf-20.drv.drv","",1,1],"id":138426795950144,"level":3,"parent":0,"text":"building '/tmp/obrador-shared-pins-linux/round-3-retry-baseline/chain-round-1-jobs-8/store/p9ka2707lfldvkxixhwqsdqjq43qlqd9-leaf-20.drv.drv'","type":105}
@nix {"action":"result","fields":[59,72,1,0],"id":138426795950082,"type":105}
@nix {"action":"result","fields":[0,0,0,0],"id":138426795950083,"type":105}
@nix {"action":"result","fields":[101,0],"id":138426795950081,"type":106}
@nix {"action":"result","fields":[100,0],"id":138426795950081,"type":106}
@nix {"action":"result","fields":[60,73,0,0],"id":138426795950082,"type":105}
@nix {"action":"result","fields":[0,0,0,0],"id":138426795950083,"type":105}
@nix {"action":"result","fields":[101,0],"id":138426795950081,"type":106}
@nix {"action":"result","fields":[100,0],"id":138426795950081,"type":106}
@nix {"action":"stop","id":138426795950144}
@nix {"action":"result","fields":[61,73,0,0],"id":138426795950082,"type":105}
@nix {"action":"result","fields":[0,0,0,0],"id":138426795950083,"type":105}
@nix {"action":"result","fields":[101,0],"id":138426795950081,"type":106}
@nix {"action":"result","fields":[100,0],"id":138426795950081,"type":106}
@nix {"action":"stop","id":138426795950143}
@nix {"action":"result","fields":[61,73,0,0],"id":138426795950082,"type":105}
@nix {"action":"result","fields":[0,0,0,0],"id":138426795950083,"type":105}
@nix {"action":"result","fields":[101,0],"id":138426795950081,"type":106}
@nix {"action":"result","fields":[100,0],"id":138426795950081,"type":106}
@nix {"action":"start","fields":["/tmp/obrador-shared-pins-linux/round-3-retry-baseline/chain-round-1-jobs-8/store/nipsg7wq3f0h1b9zfvzi2i7m3sqqbrn2-leaf-20.drv","",1,1],"id":138426795950145,"level":3,"parent":0,"text":"building '/tmp/obrador-shared-pins-linux/round-3-retry-baseline/chain-round-1-jobs-8/store/nipsg7wq3f0h1b9zfvzi2i7m3sqqbrn2-leaf-20.drv'","type":105}
@nix {"action":"result","fields":[61,73,1,0],"id":138426795950082,"type":105}
@nix {"action":"result","fields":[0,0,0,0],"id":138426795950083,"type":105}
@nix {"action":"result","fields":[101,0],"id":138426795950081,"type":106}
@nix {"action":"result","fields":[100,0],"id":138426795950081,"type":106}
@nix {"action":"result","fields":[62,74,0,0],"id":138426795950082,"type":105}
@nix {"action":"result","fields":[0,0,0,0],"id":138426795950083,"type":105}
@nix {"action":"result","fields":[101,0],"id":138426795950081,"type":106}
@nix {"action":"result","fields":[100,0],"id":138426795950081,"type":106}
@nix {"action":"stop","id":138426795950145}
@nix {"action":"start","fields":["/tmp/obrador-shared-pins-linux/round-3-retry-baseline/chain-round-1-jobs-8/store/9hk6dv29ichsa9p2hddiwxzf4gwdl50l-leaf-21.drv.drv","/tmp/obrador-shared-pins-linux/round-3-retry-baseline/chain-round-1-jobs-8/store/5x1ajaazcmkglcvm2iys1iiik3vgqfq3-leaf-21.drv.drv"],"id":138426795950146,"level":3,"parent":0,"text":"resolved derivation: '/tmp/obrador-shared-pins-linux/round-3-retry-baseline/chain-round-1-jobs-8/store/9hk6dv29ichsa9p2hddiwxzf4gwdl50l-leaf-21.drv.drv' -> '/tmp/obrador-shared-pins-linux/round-3-retry-baseline/chain-round-1-jobs-8/store/5x1ajaazcmkglcvm2iys1iiik3vgqfq3-leaf-21.drv.drv'","type":111}
@nix {"action":"result","fields":[62,74,0,0],"id":138426795950082,"type":105}
@nix {"action":"result","fields":[0,0,0,0],"id":138426795950083,"type":105}
@nix {"action":"result","fields":[101,0],"id":138426795950081,"type":106}
@nix {"action":"result","fields":[100,0],"id":138426795950081,"type":106}
@nix {"action":"start","fields":["/tmp/obrador-shared-pins-linux/round-3-retry-baseline/chain-round-1-jobs-8/store/5x1ajaazcmkglcvm2iys1iiik3vgqfq3-leaf-21.drv.drv","",1,1],"id":138426795950147,"level":3,"parent":0,"text":"building '/tmp/obrador-shared-pins-linux/round-3-retry-baseline/chain-round-1-jobs-8/store/5x1ajaazcmkglcvm2iys1iiik3vgqfq3-leaf-21.drv.drv'","type":105}
@nix {"action":"result","fields":[62,74,1,0],"id":138426795950082,"type":105}
@nix {"action":"result","fields":[0,0,0,0],"id":138426795950083,"type":105}
@nix {"action":"result","fields":[101,0],"id":138426795950081,"type":106}
@nix {"action":"result","fields":[100,0],"id":138426795950081,"type":106}
@nix {"action":"result","fields":[63,75,0,0],"id":138426795950082,"type":105}
@nix {"action":"result","fields":[0,0,0,0],"id":138426795950083,"type":105}
@nix {"action":"result","fields":[101,0],"id":138426795950081,"type":106}
@nix {"action":"result","fields":[100,0],"id":138426795950081,"type":106}
@nix {"action":"stop","id":138426795950147}
@nix {"action":"result","fields":[64,75,0,0],"id":138426795950082,"type":105}
@nix {"action":"result","fields":[0,0,0,0],"id":138426795950083,"type":105}
@nix {"action":"result","fields":[101,0],"id":138426795950081,"type":106}
@nix {"action":"result","fields":[100,0],"id":138426795950081,"type":106}
@nix {"action":"stop","id":138426795950146}
@nix {"action":"result","fields":[64,75,0,0],"id":138426795950082,"type":105}
@nix {"action":"result","fields":[0,0,0,0],"id":138426795950083,"type":105}
@nix {"action":"result","fields":[101,0],"id":138426795950081,"type":106}
@nix {"action":"result","fields":[100,0],"id":138426795950081,"type":106}
@nix {"action":"start","fields":["/tmp/obrador-shared-pins-linux/round-3-retry-baseline/chain-round-1-jobs-8/store/1i2iwfycj0fx5yr2axjm4xn4s957caqi-leaf-21.drv","",1,1],"id":138426795950148,"level":3,"parent":0,"text":"building '/tmp/obrador-shared-pins-linux/round-3-retry-baseline/chain-round-1-jobs-8/store/1i2iwfycj0fx5yr2axjm4xn4s957caqi-leaf-21.drv'","type":105}
@nix {"action":"result","fields":[64,75,1,0],"id":138426795950082,"type":105}
@nix {"action":"result","fields":[0,0,0,0],"id":138426795950083,"type":105}
@nix {"action":"result","fields":[101,0],"id":138426795950081,"type":106}
@nix {"action":"result","fields":[100,0],"id":138426795950081,"type":106}
@nix {"action":"result","fields":[65,76,0,0],"id":138426795950082,"type":105}
@nix {"action":"result","fields":[0,0,0,0],"id":138426795950083,"type":105}
@nix {"action":"result","fields":[101,0],"id":138426795950081,"type":106}
@nix {"action":"result","fields":[100,0],"id":138426795950081,"type":106}
@nix {"action":"stop","id":138426795950148}
@nix {"action":"start","fields":["/tmp/obrador-shared-pins-linux/round-3-retry-baseline/chain-round-1-jobs-8/store/f7padfw1ai5bdk8ansms80xbxnyvynrg-leaf-22.drv.drv","/tmp/obrador-shared-pins-linux/round-3-retry-baseline/chain-round-1-jobs-8/store/mg42x0q7qp56zf479lnmg5jsfrz9nl0a-leaf-22.drv.drv"],"id":138426795950149,"level":3,"parent":0,"text":"resolved derivation: '/tmp/obrador-shared-pins-linux/round-3-retry-baseline/chain-round-1-jobs-8/store/f7padfw1ai5bdk8ansms80xbxnyvynrg-leaf-22.drv.drv' -> '/tmp/obrador-shared-pins-linux/round-3-retry-baseline/chain-round-1-jobs-8/store/mg42x0q7qp56zf479lnmg5jsfrz9nl0a-leaf-22.drv.drv'","type":111}
@nix {"action":"result","fields":[65,76,0,0],"id":138426795950082,"type":105}
@nix {"action":"result","fields":[0,0,0,0],"id":138426795950083,"type":105}
@nix {"action":"result","fields":[101,0],"id":138426795950081,"type":106}
@nix {"action":"result","fields":[100,0],"id":138426795950081,"type":106}
@nix {"action":"start","fields":["/tmp/obrador-shared-pins-linux/round-3-retry-baseline/chain-round-1-jobs-8/store/mg42x0q7qp56zf479lnmg5jsfrz9nl0a-leaf-22.drv.drv","",1,1],"id":138426795950150,"level":3,"parent":0,"text":"building '/tmp/obrador-shared-pins-linux/round-3-retry-baseline/chain-round-1-jobs-8/store/mg42x0q7qp56zf479lnmg5jsfrz9nl0a-leaf-22.drv.drv'","type":105}
@nix {"action":"result","fields":[65,76,1,0],"id":138426795950082,"type":105}
@nix {"action":"result","fields":[0,0,0,0],"id":138426795950083,"type":105}
@nix {"action":"result","fields":[101,0],"id":138426795950081,"type":106}
@nix {"action":"result","fields":[100,0],"id":138426795950081,"type":106}
@nix {"action":"result","fields":[66,77,0,0],"id":138426795950082,"type":105}
@nix {"action":"result","fields":[0,0,0,0],"id":138426795950083,"type":105}
@nix {"action":"result","fields":[101,0],"id":138426795950081,"type":106}
@nix {"action":"result","fields":[100,0],"id":138426795950081,"type":106}
@nix {"action":"stop","id":138426795950150}
@nix {"action":"result","fields":[67,77,0,0],"id":138426795950082,"type":105}
@nix {"action":"result","fields":[0,0,0,0],"id":138426795950083,"type":105}
@nix {"action":"result","fields":[101,0],"id":138426795950081,"type":106}
@nix {"action":"result","fields":[100,0],"id":138426795950081,"type":106}
@nix {"action":"stop","id":138426795950149}
@nix {"action":"result","fields":[67,77,0,0],"id":138426795950082,"type":105}
@nix {"action":"result","fields":[0,0,0,0],"id":138426795950083,"type":105}
@nix {"action":"result","fields":[101,0],"id":138426795950081,"type":106}
@nix {"action":"result","fields":[100,0],"id":138426795950081,"type":106}
@nix {"action":"start","fields":["/tmp/obrador-shared-pins-linux/round-3-retry-baseline/chain-round-1-jobs-8/store/lmxqb4v4bslga19y9q75ycqcpbhhrl0z-leaf-22.drv","",1,1],"id":138426795950151,"level":3,"parent":0,"text":"building '/tmp/obrador-shared-pins-linux/round-3-retry-baseline/chain-round-1-jobs-8/store/lmxqb4v4bslga19y9q75ycqcpbhhrl0z-leaf-22.drv'","type":105}
@nix {"action":"result","fields":[67,77,1,0],"id":138426795950082,"type":105}
@nix {"action":"result","fields":[0,0,0,0],"id":138426795950083,"type":105}
@nix {"action":"result","fields":[101,0],"id":138426795950081,"type":106}
@nix {"action":"result","fields":[100,0],"id":138426795950081,"type":106}
@nix {"action":"result","fields":[68,78,0,0],"id":138426795950082,"type":105}
@nix {"action":"result","fields":[0,0,0,0],"id":138426795950083,"type":105}
@nix {"action":"result","fields":[101,0],"id":138426795950081,"type":106}
@nix {"action":"result","fields":[100,0],"id":138426795950081,"type":106}
@nix {"action":"stop","id":138426795950151}
@nix {"action":"start","fields":["/tmp/obrador-shared-pins-linux/round-3-retry-baseline/chain-round-1-jobs-8/store/yvvk2x0cvcq62a6xsnbvr9b5acwhgh7q-leaf-23.drv.drv","/tmp/obrador-shared-pins-linux/round-3-retry-baseline/chain-round-1-jobs-8/store/8vqm5157db5bz9w7f4lcymqpnpcl0lqq-leaf-23.drv.drv"],"id":138426795950152,"level":3,"parent":0,"text":"resolved derivation: '/tmp/obrador-shared-pins-linux/round-3-retry-baseline/chain-round-1-jobs-8/store/yvvk2x0cvcq62a6xsnbvr9b5acwhgh7q-leaf-23.drv.drv' -> '/tmp/obrador-shared-pins-linux/round-3-retry-baseline/chain-round-1-jobs-8/store/8vqm5157db5bz9w7f4lcymqpnpcl0lqq-leaf-23.drv.drv'","type":111}
@nix {"action":"result","fields":[68,78,0,0],"id":138426795950082,"type":105}
@nix {"action":"result","fields":[0,0,0,0],"id":138426795950083,"type":105}
@nix {"action":"result","fields":[101,0],"id":138426795950081,"type":106}
@nix {"action":"result","fields":[100,0],"id":138426795950081,"type":106}
@nix {"action":"start","fields":["/tmp/obrador-shared-pins-linux/round-3-retry-baseline/chain-round-1-jobs-8/store/8vqm5157db5bz9w7f4lcymqpnpcl0lqq-leaf-23.drv.drv","",1,1],"id":138426795950153,"level":3,"parent":0,"text":"building '/tmp/obrador-shared-pins-linux/round-3-retry-baseline/chain-round-1-jobs-8/store/8vqm5157db5bz9w7f4lcymqpnpcl0lqq-leaf-23.drv.drv'","type":105}
@nix {"action":"result","fields":[68,78,1,0],"id":138426795950082,"type":105}
@nix {"action":"result","fields":[0,0,0,0],"id":138426795950083,"type":105}
@nix {"action":"result","fields":[101,0],"id":138426795950081,"type":106}
@nix {"action":"result","fields":[100,0],"id":138426795950081,"type":106}
@nix {"action":"result","fields":[69,79,0,0],"id":138426795950082,"type":105}
@nix {"action":"result","fields":[0,0,0,0],"id":138426795950083,"type":105}
@nix {"action":"result","fields":[101,0],"id":138426795950081,"type":106}
@nix {"action":"result","fields":[100,0],"id":138426795950081,"type":106}
@nix {"action":"stop","id":138426795950153}
@nix {"action":"result","fields":[70,79,0,0],"id":138426795950082,"type":105}
@nix {"action":"result","fields":[0,0,0,0],"id":138426795950083,"type":105}
@nix {"action":"result","fields":[101,0],"id":138426795950081,"type":106}
@nix {"action":"result","fields":[100,0],"id":138426795950081,"type":106}
@nix {"action":"stop","id":138426795950152}
@nix {"action":"result","fields":[70,79,0,0],"id":138426795950082,"type":105}
@nix {"action":"result","fields":[0,0,0,0],"id":138426795950083,"type":105}
@nix {"action":"result","fields":[101,0],"id":138426795950081,"type":106}
@nix {"action":"result","fields":[100,0],"id":138426795950081,"type":106}
@nix {"action":"start","fields":["/tmp/obrador-shared-pins-linux/round-3-retry-baseline/chain-round-1-jobs-8/store/jrj5jpd3mw6fk4fahsa90z8a819a80r4-leaf-23.drv","",1,1],"id":138426795950154,"level":3,"parent":0,"text":"building '/tmp/obrador-shared-pins-linux/round-3-retry-baseline/chain-round-1-jobs-8/store/jrj5jpd3mw6fk4fahsa90z8a819a80r4-leaf-23.drv'","type":105}
@nix {"action":"result","fields":[70,79,1,0],"id":138426795950082,"type":105}
@nix {"action":"result","fields":[0,0,0,0],"id":138426795950083,"type":105}
@nix {"action":"result","fields":[101,0],"id":138426795950081,"type":106}
@nix {"action":"result","fields":[100,0],"id":138426795950081,"type":106}
@nix {"action":"result","fields":[71,80,0,0],"id":138426795950082,"type":105}
@nix {"action":"result","fields":[0,0,0,0],"id":138426795950083,"type":105}
@nix {"action":"result","fields":[101,0],"id":138426795950081,"type":106}
@nix {"action":"result","fields":[100,0],"id":138426795950081,"type":106}
@nix {"action":"stop","id":138426795950154}
@nix {"action":"start","fields":["/tmp/obrador-shared-pins-linux/round-3-retry-baseline/chain-round-1-jobs-8/store/r40z69v76m34qh5c3m2ikbgr14q67bfq-leaf-24.drv.drv","/tmp/obrador-shared-pins-linux/round-3-retry-baseline/chain-round-1-jobs-8/store/xhm28vnqrzd0n6nn5q33r3i2hasbd32i-leaf-24.drv.drv"],"id":138426795950155,"level":3,"parent":0,"text":"resolved derivation: '/tmp/obrador-shared-pins-linux/round-3-retry-baseline/chain-round-1-jobs-8/store/r40z69v76m34qh5c3m2ikbgr14q67bfq-leaf-24.drv.drv' -> '/tmp/obrador-shared-pins-linux/round-3-retry-baseline/chain-round-1-jobs-8/store/xhm28vnqrzd0n6nn5q33r3i2hasbd32i-leaf-24.drv.drv'","type":111}
@nix {"action":"result","fields":[71,80,0,0],"id":138426795950082,"type":105}
@nix {"action":"result","fields":[0,0,0,0],"id":138426795950083,"type":105}
@nix {"action":"result","fields":[101,0],"id":138426795950081,"type":106}
@nix {"action":"result","fields":[100,0],"id":138426795950081,"type":106}
@nix {"action":"start","fields":["/tmp/obrador-shared-pins-linux/round-3-retry-baseline/chain-round-1-jobs-8/store/xhm28vnqrzd0n6nn5q33r3i2hasbd32i-leaf-24.drv.drv","",1,1],"id":138426795950156,"level":3,"parent":0,"text":"building '/tmp/obrador-shared-pins-linux/round-3-retry-baseline/chain-round-1-jobs-8/store/xhm28vnqrzd0n6nn5q33r3i2hasbd32i-leaf-24.drv.drv'","type":105}
@nix {"action":"result","fields":[71,80,1,0],"id":138426795950082,"type":105}
@nix {"action":"result","fields":[0,0,0,0],"id":138426795950083,"type":105}
@nix {"action":"result","fields":[101,0],"id":138426795950081,"type":106}
@nix {"action":"result","fields":[100,0],"id":138426795950081,"type":106}
@nix {"action":"result","fields":[72,81,0,0],"id":138426795950082,"type":105}
@nix {"action":"result","fields":[0,0,0,0],"id":138426795950083,"type":105}
@nix {"action":"result","fields":[101,0],"id":138426795950081,"type":106}
@nix {"action":"result","fields":[100,0],"id":138426795950081,"type":106}
@nix {"action":"stop","id":138426795950156}
@nix {"action":"result","fields":[73,81,0,0],"id":138426795950082,"type":105}
@nix {"action":"result","fields":[0,0,0,0],"id":138426795950083,"type":105}
@nix {"action":"result","fields":[101,0],"id":138426795950081,"type":106}
@nix {"action":"result","fields":[100,0],"id":138426795950081,"type":106}
@nix {"action":"stop","id":138426795950155}
@nix {"action":"result","fields":[73,81,0,0],"id":138426795950082,"type":105}
@nix {"action":"result","fields":[0,0,0,0],"id":138426795950083,"type":105}
@nix {"action":"result","fields":[101,0],"id":138426795950081,"type":106}
@nix {"action":"result","fields":[100,0],"id":138426795950081,"type":106}
@nix {"action":"start","fields":["/tmp/obrador-shared-pins-linux/round-3-retry-baseline/chain-round-1-jobs-8/store/kkb6jpwgrcgamlvqsn3hi5bvv6gbpw2f-leaf-24.drv","",1,1],"id":138426795950157,"level":3,"parent":0,"text":"building '/tmp/obrador-shared-pins-linux/round-3-retry-baseline/chain-round-1-jobs-8/store/kkb6jpwgrcgamlvqsn3hi5bvv6gbpw2f-leaf-24.drv'","type":105}
@nix {"action":"result","fields":[73,81,1,0],"id":138426795950082,"type":105}
@nix {"action":"result","fields":[0,0,0,0],"id":138426795950083,"type":105}
@nix {"action":"result","fields":[101,0],"id":138426795950081,"type":106}
@nix {"action":"result","fields":[100,0],"id":138426795950081,"type":106}
@nix {"action":"result","fields":[74,82,0,0],"id":138426795950082,"type":105}
@nix {"action":"result","fields":[0,0,0,0],"id":138426795950083,"type":105}
@nix {"action":"result","fields":[101,0],"id":138426795950081,"type":106}
@nix {"action":"result","fields":[100,0],"id":138426795950081,"type":106}
@nix {"action":"stop","id":138426795950157}
@nix {"action":"start","fields":["/tmp/obrador-shared-pins-linux/round-3-retry-baseline/chain-round-1-jobs-8/store/nq27lwrzwrlh43p6m2zymp3qlyldfnr9-leaf-25.drv.drv","/tmp/obrador-shared-pins-linux/round-3-retry-baseline/chain-round-1-jobs-8/store/vsws0cbp0fkqaw4m8d5zrdgw8v0jd9h0-leaf-25.drv.drv"],"id":138426795950158,"level":3,"parent":0,"text":"resolved derivation: '/tmp/obrador-shared-pins-linux/round-3-retry-baseline/chain-round-1-jobs-8/store/nq27lwrzwrlh43p6m2zymp3qlyldfnr9-leaf-25.drv.drv' -> '/tmp/obrador-shared-pins-linux/round-3-retry-baseline/chain-round-1-jobs-8/store/vsws0cbp0fkqaw4m8d5zrdgw8v0jd9h0-leaf-25.drv.drv'","type":111}
@nix {"action":"result","fields":[74,82,0,0],"id":138426795950082,"type":105}
@nix {"action":"result","fields":[0,0,0,0],"id":138426795950083,"type":105}
@nix {"action":"result","fields":[101,0],"id":138426795950081,"type":106}
@nix {"action":"result","fields":[100,0],"id":138426795950081,"type":106}
@nix {"action":"start","fields":["/tmp/obrador-shared-pins-linux/round-3-retry-baseline/chain-round-1-jobs-8/store/vsws0cbp0fkqaw4m8d5zrdgw8v0jd9h0-leaf-25.drv.drv","",1,1],"id":138426795950159,"level":3,"parent":0,"text":"building '/tmp/obrador-shared-pins-linux/round-3-retry-baseline/chain-round-1-jobs-8/store/vsws0cbp0fkqaw4m8d5zrdgw8v0jd9h0-leaf-25.drv.drv'","type":105}
@nix {"action":"result","fields":[74,82,1,0],"id":138426795950082,"type":105}
@nix {"action":"result","fields":[0,0,0,0],"id":138426795950083,"type":105}
@nix {"action":"result","fields":[101,0],"id":138426795950081,"type":106}
@nix {"action":"result","fields":[100,0],"id":138426795950081,"type":106}
@nix {"action":"result","fields":[75,83,0,0],"id":138426795950082,"type":105}
@nix {"action":"result","fields":[0,0,0,0],"id":138426795950083,"type":105}
@nix {"action":"result","fields":[101,0],"id":138426795950081,"type":106}
@nix {"action":"result","fields":[100,0],"id":138426795950081,"type":106}
@nix {"action":"stop","id":138426795950159}
@nix {"action":"result","fields":[76,83,0,0],"id":138426795950082,"type":105}
@nix {"action":"result","fields":[0,0,0,0],"id":138426795950083,"type":105}
@nix {"action":"result","fields":[101,0],"id":138426795950081,"type":106}
@nix {"action":"result","fields":[100,0],"id":138426795950081,"type":106}
@nix {"action":"stop","id":138426795950158}
@nix {"action":"result","fields":[76,83,0,0],"id":138426795950082,"type":105}
@nix {"action":"result","fields":[0,0,0,0],"id":138426795950083,"type":105}
@nix {"action":"result","fields":[101,0],"id":138426795950081,"type":106}
@nix {"action":"result","fields":[100,0],"id":138426795950081,"type":106}
@nix {"action":"start","fields":["/tmp/obrador-shared-pins-linux/round-3-retry-baseline/chain-round-1-jobs-8/store/y5qi2wc6kw5hlll1rcbsbz4jjzsxk007-leaf-25.drv","",1,1],"id":138426795950160,"level":3,"parent":0,"text":"building '/tmp/obrador-shared-pins-linux/round-3-retry-baseline/chain-round-1-jobs-8/store/y5qi2wc6kw5hlll1rcbsbz4jjzsxk007-leaf-25.drv'","type":105}
@nix {"action":"result","fields":[76,83,1,0],"id":138426795950082,"type":105}
@nix {"action":"result","fields":[0,0,0,0],"id":138426795950083,"type":105}
@nix {"action":"result","fields":[101,0],"id":138426795950081,"type":106}
@nix {"action":"result","fields":[100,0],"id":138426795950081,"type":106}
@nix {"action":"result","fields":[77,84,0,0],"id":138426795950082,"type":105}
@nix {"action":"result","fields":[0,0,0,0],"id":138426795950083,"type":105}
@nix {"action":"result","fields":[101,0],"id":138426795950081,"type":106}
@nix {"action":"result","fields":[100,0],"id":138426795950081,"type":106}
@nix {"action":"stop","id":138426795950160}
@nix {"action":"start","fields":["/tmp/obrador-shared-pins-linux/round-3-retry-baseline/chain-round-1-jobs-8/store/1i5x1rcb2q3z1w45ypmqa6mp1p20yv8k-leaf-26.drv.drv","/tmp/obrador-shared-pins-linux/round-3-retry-baseline/chain-round-1-jobs-8/store/jga1y5s0jq2f35mbiwr9zbdgmfgh24pn-leaf-26.drv.drv"],"id":138426795950161,"level":3,"parent":0,"text":"resolved derivation: '/tmp/obrador-shared-pins-linux/round-3-retry-baseline/chain-round-1-jobs-8/store/1i5x1rcb2q3z1w45ypmqa6mp1p20yv8k-leaf-26.drv.drv' -> '/tmp/obrador-shared-pins-linux/round-3-retry-baseline/chain-round-1-jobs-8/store/jga1y5s0jq2f35mbiwr9zbdgmfgh24pn-leaf-26.drv.drv'","type":111}
@nix {"action":"result","fields":[77,84,0,0],"id":138426795950082,"type":105}
@nix {"action":"result","fields":[0,0,0,0],"id":138426795950083,"type":105}
@nix {"action":"result","fields":[101,0],"id":138426795950081,"type":106}
@nix {"action":"result","fields":[100,0],"id":138426795950081,"type":106}
@nix {"action":"start","fields":["/tmp/obrador-shared-pins-linux/round-3-retry-baseline/chain-round-1-jobs-8/store/jga1y5s0jq2f35mbiwr9zbdgmfgh24pn-leaf-26.drv.drv","",1,1],"id":138426795950162,"level":3,"parent":0,"text":"building '/tmp/obrador-shared-pins-linux/round-3-retry-baseline/chain-round-1-jobs-8/store/jga1y5s0jq2f35mbiwr9zbdgmfgh24pn-leaf-26.drv.drv'","type":105}
@nix {"action":"result","fields":[77,84,1,0],"id":138426795950082,"type":105}
@nix {"action":"result","fields":[0,0,0,0],"id":138426795950083,"type":105}
@nix {"action":"result","fields":[101,0],"id":138426795950081,"type":106}
@nix {"action":"result","fields":[100,0],"id":138426795950081,"type":106}
@nix {"action":"result","fields":[78,85,0,0],"id":138426795950082,"type":105}
@nix {"action":"result","fields":[0,0,0,0],"id":138426795950083,"type":105}
@nix {"action":"result","fields":[101,0],"id":138426795950081,"type":106}
@nix {"action":"result","fields":[100,0],"id":138426795950081,"type":106}
@nix {"action":"stop","id":138426795950162}
@nix {"action":"result","fields":[79,85,0,0],"id":138426795950082,"type":105}
@nix {"action":"result","fields":[0,0,0,0],"id":138426795950083,"type":105}
@nix {"action":"result","fields":[101,0],"id":138426795950081,"type":106}
@nix {"action":"result","fields":[100,0],"id":138426795950081,"type":106}
@nix {"action":"stop","id":138426795950161}
@nix {"action":"result","fields":[79,85,0,0],"id":138426795950082,"type":105}
@nix {"action":"result","fields":[0,0,0,0],"id":138426795950083,"type":105}
@nix {"action":"result","fields":[101,0],"id":138426795950081,"type":106}
@nix {"action":"result","fields":[100,0],"id":138426795950081,"type":106}
@nix {"action":"start","fields":["/tmp/obrador-shared-pins-linux/round-3-retry-baseline/chain-round-1-jobs-8/store/2ps212s2fx9vkjs1r5bd9jah89sr7fah-leaf-26.drv","",1,1],"id":138426795950163,"level":3,"parent":0,"text":"building '/tmp/obrador-shared-pins-linux/round-3-retry-baseline/chain-round-1-jobs-8/store/2ps212s2fx9vkjs1r5bd9jah89sr7fah-leaf-26.drv'","type":105}
@nix {"action":"result","fields":[79,85,1,0],"id":138426795950082,"type":105}
@nix {"action":"result","fields":[0,0,0,0],"id":138426795950083,"type":105}
@nix {"action":"result","fields":[101,0],"id":138426795950081,"type":106}
@nix {"action":"result","fields":[100,0],"id":138426795950081,"type":106}
@nix {"action":"result","fields":[80,86,0,0],"id":138426795950082,"type":105}
@nix {"action":"result","fields":[0,0,0,0],"id":138426795950083,"type":105}
@nix {"action":"result","fields":[101,0],"id":138426795950081,"type":106}
@nix {"action":"result","fields":[100,0],"id":138426795950081,"type":106}
@nix {"action":"stop","id":138426795950163}
@nix {"action":"start","fields":["/tmp/obrador-shared-pins-linux/round-3-retry-baseline/chain-round-1-jobs-8/store/dd2dhhjlalsa8hrp1jwkn4a4pk6hm96c-leaf-27.drv.drv","/tmp/obrador-shared-pins-linux/round-3-retry-baseline/chain-round-1-jobs-8/store/cw63w776n3q2w12f6g32360i9gn57ii7-leaf-27.drv.drv"],"id":138426795950164,"level":3,"parent":0,"text":"resolved derivation: '/tmp/obrador-shared-pins-linux/round-3-retry-baseline/chain-round-1-jobs-8/store/dd2dhhjlalsa8hrp1jwkn4a4pk6hm96c-leaf-27.drv.drv' -> '/tmp/obrador-shared-pins-linux/round-3-retry-baseline/chain-round-1-jobs-8/store/cw63w776n3q2w12f6g32360i9gn57ii7-leaf-27.drv.drv'","type":111}
@nix {"action":"result","fields":[80,86,0,0],"id":138426795950082,"type":105}
@nix {"action":"result","fields":[0,0,0,0],"id":138426795950083,"type":105}
@nix {"action":"result","fields":[101,0],"id":138426795950081,"type":106}
@nix {"action":"result","fields":[100,0],"id":138426795950081,"type":106}
@nix {"action":"start","fields":["/tmp/obrador-shared-pins-linux/round-3-retry-baseline/chain-round-1-jobs-8/store/cw63w776n3q2w12f6g32360i9gn57ii7-leaf-27.drv.drv","",1,1],"id":138426795950165,"level":3,"parent":0,"text":"building '/tmp/obrador-shared-pins-linux/round-3-retry-baseline/chain-round-1-jobs-8/store/cw63w776n3q2w12f6g32360i9gn57ii7-leaf-27.drv.drv'","type":105}
@nix {"action":"result","fields":[80,86,1,0],"id":138426795950082,"type":105}
@nix {"action":"result","fields":[0,0,0,0],"id":138426795950083,"type":105}
@nix {"action":"result","fields":[101,0],"id":138426795950081,"type":106}
@nix {"action":"result","fields":[100,0],"id":138426795950081,"type":106}
@nix {"action":"result","fields":[81,87,0,0],"id":138426795950082,"type":105}
@nix {"action":"result","fields":[0,0,0,0],"id":138426795950083,"type":105}
@nix {"action":"result","fields":[101,0],"id":138426795950081,"type":106}
@nix {"action":"result","fields":[100,0],"id":138426795950081,"type":106}
@nix {"action":"stop","id":138426795950165}
@nix {"action":"result","fields":[82,87,0,0],"id":138426795950082,"type":105}
@nix {"action":"result","fields":[0,0,0,0],"id":138426795950083,"type":105}
@nix {"action":"result","fields":[101,0],"id":138426795950081,"type":106}
@nix {"action":"result","fields":[100,0],"id":138426795950081,"type":106}
@nix {"action":"stop","id":138426795950164}
@nix {"action":"result","fields":[82,87,0,0],"id":138426795950082,"type":105}
@nix {"action":"result","fields":[0,0,0,0],"id":138426795950083,"type":105}
@nix {"action":"result","fields":[101,0],"id":138426795950081,"type":106}
@nix {"action":"result","fields":[100,0],"id":138426795950081,"type":106}
@nix {"action":"start","fields":["/tmp/obrador-shared-pins-linux/round-3-retry-baseline/chain-round-1-jobs-8/store/a0hgxdh5sy8fq0bcdl8i5cfki31zp4l2-leaf-27.drv","",1,1],"id":138426795950166,"level":3,"parent":0,"text":"building '/tmp/obrador-shared-pins-linux/round-3-retry-baseline/chain-round-1-jobs-8/store/a0hgxdh5sy8fq0bcdl8i5cfki31zp4l2-leaf-27.drv'","type":105}
@nix {"action":"result","fields":[82,87,1,0],"id":138426795950082,"type":105}
@nix {"action":"result","fields":[0,0,0,0],"id":138426795950083,"type":105}
@nix {"action":"result","fields":[101,0],"id":138426795950081,"type":106}
@nix {"action":"result","fields":[100,0],"id":138426795950081,"type":106}
@nix {"action":"result","fields":[83,88,0,0],"id":138426795950082,"type":105}
@nix {"action":"result","fields":[0,0,0,0],"id":138426795950083,"type":105}
@nix {"action":"result","fields":[101,0],"id":138426795950081,"type":106}
@nix {"action":"result","fields":[100,0],"id":138426795950081,"type":106}
@nix {"action":"stop","id":138426795950166}
@nix {"action":"start","fields":["/tmp/obrador-shared-pins-linux/round-3-retry-baseline/chain-round-1-jobs-8/store/5pdr2c14dzw1ld6m7mgbmh3fdb720sbx-leaf-28.drv.drv","/tmp/obrador-shared-pins-linux/round-3-retry-baseline/chain-round-1-jobs-8/store/02d1k0fzawpwyv19qh848q6fnkg2fiaf-leaf-28.drv.drv"],"id":138426795950167,"level":3,"parent":0,"text":"resolved derivation: '/tmp/obrador-shared-pins-linux/round-3-retry-baseline/chain-round-1-jobs-8/store/5pdr2c14dzw1ld6m7mgbmh3fdb720sbx-leaf-28.drv.drv' -> '/tmp/obrador-shared-pins-linux/round-3-retry-baseline/chain-round-1-jobs-8/store/02d1k0fzawpwyv19qh848q6fnkg2fiaf-leaf-28.drv.drv'","type":111}
@nix {"action":"result","fields":[83,88,0,0],"id":138426795950082,"type":105}
@nix {"action":"result","fields":[0,0,0,0],"id":138426795950083,"type":105}
@nix {"action":"result","fields":[101,0],"id":138426795950081,"type":106}
@nix {"action":"result","fields":[100,0],"id":138426795950081,"type":106}
@nix {"action":"start","fields":["/tmp/obrador-shared-pins-linux/round-3-retry-baseline/chain-round-1-jobs-8/store/02d1k0fzawpwyv19qh848q6fnkg2fiaf-leaf-28.drv.drv","",1,1],"id":138426795950168,"level":3,"parent":0,"text":"building '/tmp/obrador-shared-pins-linux/round-3-retry-baseline/chain-round-1-jobs-8/store/02d1k0fzawpwyv19qh848q6fnkg2fiaf-leaf-28.drv.drv'","type":105}
@nix {"action":"result","fields":[83,88,1,0],"id":138426795950082,"type":105}
@nix {"action":"result","fields":[0,0,0,0],"id":138426795950083,"type":105}
@nix {"action":"result","fields":[101,0],"id":138426795950081,"type":106}
@nix {"action":"result","fields":[100,0],"id":138426795950081,"type":106}
@nix {"action":"result","fields":[84,89,0,0],"id":138426795950082,"type":105}
@nix {"action":"result","fields":[0,0,0,0],"id":138426795950083,"type":105}
@nix {"action":"result","fields":[101,0],"id":138426795950081,"type":106}
@nix {"action":"result","fields":[100,0],"id":138426795950081,"type":106}
@nix {"action":"stop","id":138426795950168}
@nix {"action":"result","fields":[85,89,0,0],"id":138426795950082,"type":105}
@nix {"action":"result","fields":[0,0,0,0],"id":138426795950083,"type":105}
@nix {"action":"result","fields":[101,0],"id":138426795950081,"type":106}
@nix {"action":"result","fields":[100,0],"id":138426795950081,"type":106}
@nix {"action":"stop","id":138426795950167}
@nix {"action":"result","fields":[85,89,0,0],"id":138426795950082,"type":105}
@nix {"action":"result","fields":[0,0,0,0],"id":138426795950083,"type":105}
@nix {"action":"result","fields":[101,0],"id":138426795950081,"type":106}
@nix {"action":"result","fields":[100,0],"id":138426795950081,"type":106}
@nix {"action":"start","fields":["/tmp/obrador-shared-pins-linux/round-3-retry-baseline/chain-round-1-jobs-8/store/sxrgbmca6z2w4fsa53s46hdrcg2pbsqn-leaf-28.drv","",1,1],"id":138426795950169,"level":3,"parent":0,"text":"building '/tmp/obrador-shared-pins-linux/round-3-retry-baseline/chain-round-1-jobs-8/store/sxrgbmca6z2w4fsa53s46hdrcg2pbsqn-leaf-28.drv'","type":105}
@nix {"action":"result","fields":[85,89,1,0],"id":138426795950082,"type":105}
@nix {"action":"result","fields":[0,0,0,0],"id":138426795950083,"type":105}
@nix {"action":"result","fields":[101,0],"id":138426795950081,"type":106}
@nix {"action":"result","fields":[100,0],"id":138426795950081,"type":106}
@nix {"action":"result","fields":[86,90,0,0],"id":138426795950082,"type":105}
@nix {"action":"result","fields":[0,0,0,0],"id":138426795950083,"type":105}
@nix {"action":"result","fields":[101,0],"id":138426795950081,"type":106}
@nix {"action":"result","fields":[100,0],"id":138426795950081,"type":106}
@nix {"action":"stop","id":138426795950169}
@nix {"action":"start","fields":["/tmp/obrador-shared-pins-linux/round-3-retry-baseline/chain-round-1-jobs-8/store/949w1ygsmjmsb4ln01kcj71lgrza4gmm-leaf-29.drv.drv","/tmp/obrador-shared-pins-linux/round-3-retry-baseline/chain-round-1-jobs-8/store/0kmja0q6i7vhwvwbpi2zh809b5jsrvpw-leaf-29.drv.drv"],"id":138426795950170,"level":3,"parent":0,"text":"resolved derivation: '/tmp/obrador-shared-pins-linux/round-3-retry-baseline/chain-round-1-jobs-8/store/949w1ygsmjmsb4ln01kcj71lgrza4gmm-leaf-29.drv.drv' -> '/tmp/obrador-shared-pins-linux/round-3-retry-baseline/chain-round-1-jobs-8/store/0kmja0q6i7vhwvwbpi2zh809b5jsrvpw-leaf-29.drv.drv'","type":111}
@nix {"action":"result","fields":[86,90,0,0],"id":138426795950082,"type":105}
@nix {"action":"result","fields":[0,0,0,0],"id":138426795950083,"type":105}
@nix {"action":"result","fields":[101,0],"id":138426795950081,"type":106}
@nix {"action":"result","fields":[100,0],"id":138426795950081,"type":106}
@nix {"action":"start","fields":["/tmp/obrador-shared-pins-linux/round-3-retry-baseline/chain-round-1-jobs-8/store/0kmja0q6i7vhwvwbpi2zh809b5jsrvpw-leaf-29.drv.drv","",1,1],"id":138426795950171,"level":3,"parent":0,"text":"building '/tmp/obrador-shared-pins-linux/round-3-retry-baseline/chain-round-1-jobs-8/store/0kmja0q6i7vhwvwbpi2zh809b5jsrvpw-leaf-29.drv.drv'","type":105}
@nix {"action":"result","fields":[86,90,1,0],"id":138426795950082,"type":105}
@nix {"action":"result","fields":[0,0,0,0],"id":138426795950083,"type":105}
@nix {"action":"result","fields":[101,0],"id":138426795950081,"type":106}
@nix {"action":"result","fields":[100,0],"id":138426795950081,"type":106}
@nix {"action":"result","fields":[87,91,0,0],"id":138426795950082,"type":105}
@nix {"action":"result","fields":[0,0,0,0],"id":138426795950083,"type":105}
@nix {"action":"result","fields":[101,0],"id":138426795950081,"type":106}
@nix {"action":"result","fields":[100,0],"id":138426795950081,"type":106}
@nix {"action":"stop","id":138426795950171}
@nix {"action":"result","fields":[88,91,0,0],"id":138426795950082,"type":105}
@nix {"action":"result","fields":[0,0,0,0],"id":138426795950083,"type":105}
@nix {"action":"result","fields":[101,0],"id":138426795950081,"type":106}
@nix {"action":"result","fields":[100,0],"id":138426795950081,"type":106}
@nix {"action":"stop","id":138426795950170}
@nix {"action":"result","fields":[88,91,0,0],"id":138426795950082,"type":105}
@nix {"action":"result","fields":[0,0,0,0],"id":138426795950083,"type":105}
@nix {"action":"result","fields":[101,0],"id":138426795950081,"type":106}
@nix {"action":"result","fields":[100,0],"id":138426795950081,"type":106}
@nix {"action":"start","fields":["/tmp/obrador-shared-pins-linux/round-3-retry-baseline/chain-round-1-jobs-8/store/64bfpfn5k0758jwnavs6fp7rn776l7rq-leaf-29.drv","",1,1],"id":138426795950172,"level":3,"parent":0,"text":"building '/tmp/obrador-shared-pins-linux/round-3-retry-baseline/chain-round-1-jobs-8/store/64bfpfn5k0758jwnavs6fp7rn776l7rq-leaf-29.drv'","type":105}
@nix {"action":"result","fields":[88,91,1,0],"id":138426795950082,"type":105}
@nix {"action":"result","fields":[0,0,0,0],"id":138426795950083,"type":105}
@nix {"action":"result","fields":[101,0],"id":138426795950081,"type":106}
@nix {"action":"result","fields":[100,0],"id":138426795950081,"type":106}
@nix {"action":"result","fields":[89,92,0,0],"id":138426795950082,"type":105}
@nix {"action":"result","fields":[0,0,0,0],"id":138426795950083,"type":105}
@nix {"action":"result","fields":[101,0],"id":138426795950081,"type":106}
@nix {"action":"result","fields":[100,0],"id":138426795950081,"type":106}
@nix {"action":"stop","id":138426795950172}
@nix {"action":"start","fields":["/tmp/obrador-shared-pins-linux/round-3-retry-baseline/chain-round-1-jobs-8/store/2bj5b7173nc3mrwyq0x89w6r5w5g1d1g-leaf-30.drv.drv","/tmp/obrador-shared-pins-linux/round-3-retry-baseline/chain-round-1-jobs-8/store/4ssm41jvqnanh0m075sr1j49xnsdz0z6-leaf-30.drv.drv"],"id":138426795950173,"level":3,"parent":0,"text":"resolved derivation: '/tmp/obrador-shared-pins-linux/round-3-retry-baseline/chain-round-1-jobs-8/store/2bj5b7173nc3mrwyq0x89w6r5w5g1d1g-leaf-30.drv.drv' -> '/tmp/obrador-shared-pins-linux/round-3-retry-baseline/chain-round-1-jobs-8/store/4ssm41jvqnanh0m075sr1j49xnsdz0z6-leaf-30.drv.drv'","type":111}
@nix {"action":"result","fields":[89,92,0,0],"id":138426795950082,"type":105}
@nix {"action":"result","fields":[0,0,0,0],"id":138426795950083,"type":105}
@nix {"action":"result","fields":[101,0],"id":138426795950081,"type":106}
@nix {"action":"result","fields":[100,0],"id":138426795950081,"type":106}
@nix {"action":"start","fields":["/tmp/obrador-shared-pins-linux/round-3-retry-baseline/chain-round-1-jobs-8/store/4ssm41jvqnanh0m075sr1j49xnsdz0z6-leaf-30.drv.drv","",1,1],"id":138426795950174,"level":3,"parent":0,"text":"building '/tmp/obrador-shared-pins-linux/round-3-retry-baseline/chain-round-1-jobs-8/store/4ssm41jvqnanh0m075sr1j49xnsdz0z6-leaf-30.drv.drv'","type":105}
@nix {"action":"result","fields":[89,92,1,0],"id":138426795950082,"type":105}
@nix {"action":"result","fields":[0,0,0,0],"id":138426795950083,"type":105}
@nix {"action":"result","fields":[101,0],"id":138426795950081,"type":106}
@nix {"action":"result","fields":[100,0],"id":138426795950081,"type":106}
@nix {"action":"result","fields":[90,93,0,0],"id":138426795950082,"type":105}
@nix {"action":"result","fields":[0,0,0,0],"id":138426795950083,"type":105}
@nix {"action":"result","fields":[101,0],"id":138426795950081,"type":106}
@nix {"action":"result","fields":[100,0],"id":138426795950081,"type":106}
@nix {"action":"stop","id":138426795950174}
@nix {"action":"result","fields":[91,93,0,0],"id":138426795950082,"type":105}
@nix {"action":"result","fields":[0,0,0,0],"id":138426795950083,"type":105}
@nix {"action":"result","fields":[101,0],"id":138426795950081,"type":106}
@nix {"action":"result","fields":[100,0],"id":138426795950081,"type":106}
@nix {"action":"stop","id":138426795950173}
@nix {"action":"result","fields":[91,93,0,0],"id":138426795950082,"type":105}
@nix {"action":"result","fields":[0,0,0,0],"id":138426795950083,"type":105}
@nix {"action":"result","fields":[101,0],"id":138426795950081,"type":106}
@nix {"action":"result","fields":[100,0],"id":138426795950081,"type":106}
@nix {"action":"start","fields":["/tmp/obrador-shared-pins-linux/round-3-retry-baseline/chain-round-1-jobs-8/store/sdpyc2d7y8l3m527zd71bipiz5n571c0-leaf-30.drv","",1,1],"id":138426795950175,"level":3,"parent":0,"text":"building '/tmp/obrador-shared-pins-linux/round-3-retry-baseline/chain-round-1-jobs-8/store/sdpyc2d7y8l3m527zd71bipiz5n571c0-leaf-30.drv'","type":105}
@nix {"action":"result","fields":[91,93,1,0],"id":138426795950082,"type":105}
@nix {"action":"result","fields":[0,0,0,0],"id":138426795950083,"type":105}
@nix {"action":"result","fields":[101,0],"id":138426795950081,"type":106}
@nix {"action":"result","fields":[100,0],"id":138426795950081,"type":106}
@nix {"action":"result","fields":[92,94,0,0],"id":138426795950082,"type":105}
@nix {"action":"result","fields":[0,0,0,0],"id":138426795950083,"type":105}
@nix {"action":"result","fields":[101,0],"id":138426795950081,"type":106}
@nix {"action":"result","fields":[100,0],"id":138426795950081,"type":106}
@nix {"action":"stop","id":138426795950175}
@nix {"action":"start","fields":["/tmp/obrador-shared-pins-linux/round-3-retry-baseline/chain-round-1-jobs-8/store/qkidsglw8gndq2jph4gcnhbskx4yq9zr-leaf-31.drv.drv","/tmp/obrador-shared-pins-linux/round-3-retry-baseline/chain-round-1-jobs-8/store/y90pdczhm31gsanw5245lz0w8abb1g8f-leaf-31.drv.drv"],"id":138426795950176,"level":3,"parent":0,"text":"resolved derivation: '/tmp/obrador-shared-pins-linux/round-3-retry-baseline/chain-round-1-jobs-8/store/qkidsglw8gndq2jph4gcnhbskx4yq9zr-leaf-31.drv.drv' -> '/tmp/obrador-shared-pins-linux/round-3-retry-baseline/chain-round-1-jobs-8/store/y90pdczhm31gsanw5245lz0w8abb1g8f-leaf-31.drv.drv'","type":111}
@nix {"action":"result","fields":[92,94,0,0],"id":138426795950082,"type":105}
@nix {"action":"result","fields":[0,0,0,0],"id":138426795950083,"type":105}
@nix {"action":"result","fields":[101,0],"id":138426795950081,"type":106}
@nix {"action":"result","fields":[100,0],"id":138426795950081,"type":106}
@nix {"action":"start","fields":["/tmp/obrador-shared-pins-linux/round-3-retry-baseline/chain-round-1-jobs-8/store/y90pdczhm31gsanw5245lz0w8abb1g8f-leaf-31.drv.drv","",1,1],"id":138426795950177,"level":3,"parent":0,"text":"building '/tmp/obrador-shared-pins-linux/round-3-retry-baseline/chain-round-1-jobs-8/store/y90pdczhm31gsanw5245lz0w8abb1g8f-leaf-31.drv.drv'","type":105}
@nix {"action":"result","fields":[92,94,1,0],"id":138426795950082,"type":105}
@nix {"action":"result","fields":[0,0,0,0],"id":138426795950083,"type":105}
@nix {"action":"result","fields":[101,0],"id":138426795950081,"type":106}
@nix {"action":"result","fields":[100,0],"id":138426795950081,"type":106}
@nix {"action":"result","fields":[93,95,0,0],"id":138426795950082,"type":105}
@nix {"action":"result","fields":[0,0,0,0],"id":138426795950083,"type":105}
@nix {"action":"result","fields":[101,0],"id":138426795950081,"type":106}
@nix {"action":"result","fields":[100,0],"id":138426795950081,"type":106}
@nix {"action":"stop","id":138426795950177}
@nix {"action":"result","fields":[94,95,0,0],"id":138426795950082,"type":105}
@nix {"action":"result","fields":[0,0,0,0],"id":138426795950083,"type":105}
@nix {"action":"result","fields":[101,0],"id":138426795950081,"type":106}
@nix {"action":"result","fields":[100,0],"id":138426795950081,"type":106}
@nix {"action":"stop","id":138426795950176}
@nix {"action":"result","fields":[94,95,0,0],"id":138426795950082,"type":105}
@nix {"action":"result","fields":[0,0,0,0],"id":138426795950083,"type":105}
@nix {"action":"result","fields":[101,0],"id":138426795950081,"type":106}
@nix {"action":"result","fields":[100,0],"id":138426795950081,"type":106}
@nix {"action":"start","fields":["/tmp/obrador-shared-pins-linux/round-3-retry-baseline/chain-round-1-jobs-8/store/6prf2743wgn1cspnis8s68ilpp7pc3fi-leaf-31.drv","",1,1],"id":138426795950178,"level":3,"parent":0,"text":"building '/tmp/obrador-shared-pins-linux/round-3-retry-baseline/chain-round-1-jobs-8/store/6prf2743wgn1cspnis8s68ilpp7pc3fi-leaf-31.drv'","type":105}
@nix {"action":"result","fields":[94,95,1,0],"id":138426795950082,"type":105}
@nix {"action":"result","fields":[0,0,0,0],"id":138426795950083,"type":105}
@nix {"action":"result","fields":[101,0],"id":138426795950081,"type":106}
@nix {"action":"result","fields":[100,0],"id":138426795950081,"type":106}
@nix {"action":"result","fields":[95,96,0,0],"id":138426795950082,"type":105}
@nix {"action":"result","fields":[0,0,0,0],"id":138426795950083,"type":105}
@nix {"action":"result","fields":[101,0],"id":138426795950081,"type":106}
@nix {"action":"result","fields":[100,0],"id":138426795950081,"type":106}
@nix {"action":"stop","id":138426795950178}
@nix {"action":"stop","id":138426795950083}
@nix {"action":"stop","id":138426795950082}
@nix {"action":"stop","id":138426795950081}
