@nix {"action":"start","id":240758686744576,"level":6,"parent":0,"text":"querying info about missing paths","type":0}
@nix {"action":"msg","level":1,"msg":"\u001b[35;1mwarning:\u001b[0m Ignoring dynamic derivation /Users/hetzner/obrador-shared-pins-20260909/round-2-baseline/wide-round-1-jobs-8/store/0ffmnqvpv9vpl08pql5rc3am27504cgb-leaf-10.drv.drv^out while querying missing paths; not yet implemented"}
@nix {"action":"msg","level":1,"msg":"\u001b[35;1mwarning:\u001b[0m Ignoring dynamic derivation /Users/hetzner/obrador-shared-pins-20260909/round-2-baseline/wide-round-1-jobs-8/store/1kkc3idqi29gczcifllw63rbb3plqlyf-leaf-14.drv.drv^out while querying missing paths; not yet implemented"}
@nix {"action":"msg","level":1,"msg":"\u001b[35;1mwarning:\u001b[0m Ignoring dynamic derivation /Users/hetzner/obrador-shared-pins-20260909/round-2-baseline/wide-round-1-jobs-8/store/2jhzr6n5kr4yc375878ga4cam1b4f1kv-leaf-6.drv.drv^out while querying missing paths; not yet implemented"}
@nix {"action":"msg","level":1,"msg":"\u001b[35;1mwarning:\u001b[0m Ignoring dynamic derivation /Users/hetzner/obrador-shared-pins-20260909/round-2-baseline/wide-round-1-jobs-8/store/3759cjr03xjgvbwi6m34kgcrna2l219c-leaf-16.drv.drv^out while querying missing paths; not yet implemented"}
@nix {"action":"msg","level":1,"msg":"\u001b[35;1mwarning:\u001b[0m Ignoring dynamic derivation /Users/hetzner/obrador-shared-pins-20260909/round-2-baseline/wide-round-1-jobs-8/store/47wic7cmh2vd05d1gaxfxlvmqcikp3h9-leaf-22.drv.drv^out while querying missing paths; not yet implemented"}
@nix {"action":"msg","level":1,"msg":"\u001b[35;1mwarning:\u001b[0m Ignoring dynamic derivation /Users/hetzner/obrador-shared-pins-20260909/round-2-baseline/wide-round-1-jobs-8/store/4my1asyafsdychkfw9r53g2plxkvgv3w-leaf-13.drv.drv^out while querying missing paths; not yet implemented"}
@nix {"action":"msg","level":1,"msg":"\u001b[35;1mwarning:\u001b[0m Ignoring dynamic derivation /Users/hetzner/obrador-shared-pins-20260909/round-2-baseline/wide-round-1-jobs-8/store/5a4czpsx643v0cvdz019m5x5jbwyrp7m-leaf-30.drv.drv^out while querying missing paths; not yet implemented"}
@nix {"action":"msg","level":1,"msg":"\u001b[35;1mwarning:\u001b[0m Ignoring dynamic derivation /Users/hetzner/obrador-shared-pins-20260909/round-2-baseline/wide-round-1-jobs-8/store/5chnp8ks7db94hsv2kfnsg2xdgh86811-leaf-9.drv.drv^out while querying missing paths; not yet implemented"}
@nix {"action":"msg","level":1,"msg":"\u001b[35;1mwarning:\u001b[0m Ignoring dynamic derivation /Users/hetzner/obrador-shared-pins-20260909/round-2-baseline/wide-round-1-jobs-8/store/5v442siam382ck3yh59zapmfsfpj41w4-leaf-29.drv.drv^out while querying missing paths; not yet implemented"}
@nix {"action":"msg","level":1,"msg":"\u001b[35;1mwarning:\u001b[0m Ignoring dynamic derivation /Users/hetzner/obrador-shared-pins-20260909/round-2-baseline/wide-round-1-jobs-8/store/64bldm4k11jp1bl56zrqljazvz3yk05q-leaf-20.drv.drv^out while querying missing paths; not yet implemented"}
@nix {"action":"msg","level":1,"msg":"\u001b[35;1mwarning:\u001b[0m Ignoring dynamic derivation /Users/hetzner/obrador-shared-pins-20260909/round-2-baseline/wide-round-1-jobs-8/store/6phm6db44bksf7an6r5fz8kfb04518fd-leaf-5.drv.drv^out while querying missing paths; not yet implemented"}
@nix {"action":"msg","level":1,"msg":"\u001b[35;1mwarning:\u001b[0m Ignoring dynamic derivation /Users/hetzner/obrador-shared-pins-20260909/round-2-baseline/wide-round-1-jobs-8/store/72d95qm69p6qji82sq1wx5nnylx0zsqa-leaf-0.drv.drv^out while querying missing paths; not yet implemented"}
@nix {"action":"msg","level":1,"msg":"\u001b[35;1mwarning:\u001b[0m Ignoring dynamic derivation /Users/hetzner/obrador-shared-pins-20260909/round-2-baseline/wide-round-1-jobs-8/store/73vqrwsmh4zw7rbh01y5gnp8nrym68ch-leaf-15.drv.drv^out while querying missing paths; not yet implemented"}
@nix {"action":"msg","level":1,"msg":"\u001b[35;1mwarning:\u001b[0m Ignoring dynamic derivation /Users/hetzner/obrador-shared-pins-20260909/round-2-baseline/wide-round-1-jobs-8/store/9jp775mnrllkcpw5dbasbw91k6fa00wl-leaf-11.drv.drv^out while querying missing paths; not yet implemented"}
@nix {"action":"msg","level":1,"msg":"\u001b[35;1mwarning:\u001b[0m Ignoring dynamic derivation /Users/hetzner/obrador-shared-pins-20260909/round-2-baseline/wide-round-1-jobs-8/store/a9wfvb06v40sqflxzrngnv10c6rxq149-leaf-18.drv.drv^out while querying missing paths; not yet implemented"}
@nix {"action":"msg","level":1,"msg":"\u001b[35;1mwarning:\u001b[0m Ignoring dynamic derivation /Users/hetzner/obrador-shared-pins-20260909/round-2-baseline/wide-round-1-jobs-8/store/dfyfzf1nwd2qcq25p70flb0x0djppw3p-leaf-1.drv.drv^out while querying missing paths; not yet implemented"}
@nix {"action":"msg","level":1,"msg":"\u001b[35;1mwarning:\u001b[0m Ignoring dynamic derivation /Users/hetzner/obrador-shared-pins-20260909/round-2-baseline/wide-round-1-jobs-8/store/gdvj2n1kgjgry0dndcsmglc8d8cb3iaf-leaf-3.drv.drv^out while querying missing paths; not yet implemented"}
@nix {"action":"msg","level":1,"msg":"\u001b[35;1mwarning:\u001b[0m Ignoring dynamic derivation /Users/hetzner/obrador-shared-pins-20260909/round-2-baseline/wide-round-1-jobs-8/store/jfid6xrcqc7yp89w4pdiq67lhmnzajmj-leaf-19.drv.drv^out while querying missing paths; not yet implemented"}
@nix {"action":"msg","level":1,"msg":"\u001b[35;1mwarning:\u001b[0m Ignoring dynamic derivation /Users/hetzner/obrador-shared-pins-20260909/round-2-baseline/wide-round-1-jobs-8/store/la7y8i7f2p3dggclap1k3688fhi1zzcy-leaf-4.drv.drv^out while querying missing paths; not yet implemented"}
@nix {"action":"msg","level":1,"msg":"\u001b[35;1mwarning:\u001b[0m Ignoring dynamic derivation /Users/hetzner/obrador-shared-pins-20260909/round-2-baseline/wide-round-1-jobs-8/store/n14hp71jwfqkw1jvxykw34cimhlgq137-leaf-28.drv.drv^out while querying missing paths; not yet implemented"}
@nix {"action":"msg","level":1,"msg":"\u001b[35;1mwarning:\u001b[0m Ignoring dynamic derivation /Users/hetzner/obrador-shared-pins-20260909/round-2-baseline/wide-round-1-jobs-8/store/n4p0f26rh0xnmyfl3vlmrk04yd82bglr-leaf-2.drv.drv^out while querying missing paths; not yet implemented"}
@nix {"action":"msg","level":1,"msg":"\u001b[35;1mwarning:\u001b[0m Ignoring dynamic derivation /Users/hetzner/obrador-shared-pins-20260909/round-2-baseline/wide-round-1-jobs-8/store/ndlpjy91qa7vwanvbyw0b91gdhdnbv1b-leaf-21.drv.drv^out while querying missing paths; not yet implemented"}
@nix {"action":"msg","level":1,"msg":"\u001b[35;1mwarning:\u001b[0m Ignoring dynamic derivation /Users/hetzner/obrador-shared-pins-20260909/round-2-baseline/wide-round-1-jobs-8/store/nsg8fjidwcdnwmia6z5f1xv14ifn3z3k-leaf-31.drv.drv^out while querying missing paths; not yet implemented"}
@nix {"action":"msg","level":1,"msg":"\u001b[35;1mwarning:\u001b[0m Ignoring dynamic derivation /Users/hetzner/obrador-shared-pins-20260909/round-2-baseline/wide-round-1-jobs-8/store/p09gbijyh29mdynj97ynh2zqfis4xfr2-leaf-7.drv.drv^out while querying missing paths; not yet implemented"}
@nix {"action":"msg","level":1,"msg":"\u001b[35;1mwarning:\u001b[0m Ignoring dynamic derivation /Users/hetzner/obrador-shared-pins-20260909/round-2-baseline/wide-round-1-jobs-8/store/pkhkchpvhlrpvhaxh4vn41h2d6w9myg5-leaf-8.drv.drv^out while querying missing paths; not yet implemented"}
@nix {"action":"msg","level":1,"msg":"\u001b[35;1mwarning:\u001b[0m Ignoring dynamic derivation /Users/hetzner/obrador-shared-pins-20260909/round-2-baseline/wide-round-1-jobs-8/store/r892279j3lcc8flqndixmnnxhhdkkiw9-leaf-17.drv.drv^out while querying missing paths; not yet implemented"}
@nix {"action":"msg","level":1,"msg":"\u001b[35;1mwarning:\u001b[0m Ignoring dynamic derivation /Users/hetzner/obrador-shared-pins-20260909/round-2-baseline/wide-round-1-jobs-8/store/rk1f79v8bv6mx84k2xwwx43xa55gzf7l-leaf-26.drv.drv^out while querying missing paths; not yet implemented"}
@nix {"action":"msg","level":1,"msg":"\u001b[35;1mwarning:\u001b[0m Ignoring dynamic derivation /Users/hetzner/obrador-shared-pins-20260909/round-2-baseline/wide-round-1-jobs-8/store/s3pxx5jmfk660qzybzn2mbcqxzs02bqv-leaf-12.drv.drv^out while querying missing paths; not yet implemented"}
@nix {"action":"msg","level":1,"msg":"\u001b[35;1mwarning:\u001b[0m Ignoring dynamic derivation /Users/hetzner/obrador-shared-pins-20260909/round-2-baseline/wide-round-1-jobs-8/store/w2q0j97jaad5q4ij358gl318bzz5lax4-leaf-27.drv.drv^out while querying missing paths; not yet implemented"}
@nix {"action":"msg","level":1,"msg":"\u001b[35;1mwarning:\u001b[0m Ignoring dynamic derivation /Users/hetzner/obrador-shared-pins-20260909/round-2-baseline/wide-round-1-jobs-8/store/wf8pi0l8qx02ky8kcsnni4wnqdrwi26m-leaf-24.drv.drv^out while querying missing paths; not yet implemented"}
@nix {"action":"msg","level":1,"msg":"\u001b[35;1mwarning:\u001b[0m Ignoring dynamic derivation /Users/hetzner/obrador-shared-pins-20260909/round-2-baseline/wide-round-1-jobs-8/store/yq0limig789brksrxlqkw4cc72qcazan-leaf-25.drv.drv^out while querying missing paths; not yet implemented"}
@nix {"action":"msg","level":1,"msg":"\u001b[35;1mwarning:\u001b[0m Ignoring dynamic derivation /Users/hetzner/obrador-shared-pins-20260909/round-2-baseline/wide-round-1-jobs-8/store/zagwjdssdgd8kmp53isi9v3y1jbsmzsl-leaf-23.drv.drv^out while querying missing paths; not yet implemented"}
@nix {"action":"stop","id":240758686744576}
@nix {"action":"start","id":240758686744577,"level":0,"parent":0,"text":"","type":102}
@nix {"action":"start","id":240758686744578,"level":0,"parent":0,"text":"","type":104}
@nix {"action":"start","id":240758686744579,"level":0,"parent":0,"text":"","type":103}
@nix {"action":"result","fields":[0,0,0,0],"id":240758686744578,"type":105}
@nix {"action":"result","fields":[0,0,0,0],"id":240758686744579,"type":105}
@nix {"action":"result","fields":[101,0],"id":240758686744577,"type":106}
@nix {"action":"result","fields":[100,0],"id":240758686744577,"type":106}
@nix {"action":"result","fields":[0,0,0,0],"id":240758686744578,"type":105}
@nix {"action":"result","fields":[0,0,0,0],"id":240758686744579,"type":105}
@nix {"action":"result","fields":[101,0],"id":240758686744577,"type":106}
@nix {"action":"result","fields":[100,0],"id":240758686744577,"type":106}
@nix {"action":"result","fields":[0,0,0,0],"id":240758686744578,"type":105}
@nix {"action":"result","fields":[0,0,0,0],"id":240758686744579,"type":105}
@nix {"action":"result","fields":[101,0],"id":240758686744577,"type":106}
@nix {"action":"result","fields":[100,0],"id":240758686744577,"type":106}
@nix {"action":"result","fields":[0,0,0,0],"id":240758686744578,"type":105}
@nix {"action":"result","fields":[0,0,0,0],"id":240758686744579,"type":105}
@nix {"action":"result","fields":[101,0],"id":240758686744577,"type":106}
@nix {"action":"result","fields":[100,0],"id":240758686744577,"type":106}
@nix {"action":"result","fields":[0,0,0,0],"id":240758686744578,"type":105}
@nix {"action":"result","fields":[0,0,0,0],"id":240758686744579,"type":105}
@nix {"action":"result","fields":[101,0],"id":240758686744577,"type":106}
@nix {"action":"result","fields":[100,0],"id":240758686744577,"type":106}
@nix {"action":"result","fields":[0,0,0,0],"id":240758686744578,"type":105}
@nix {"action":"result","fields":[0,0,0,0],"id":240758686744579,"type":105}
@nix {"action":"result","fields":[101,0],"id":240758686744577,"type":106}
@nix {"action":"result","fields":[100,0],"id":240758686744577,"type":106}
@nix {"action":"result","fields":[0,0,0,0],"id":240758686744578,"type":105}
@nix {"action":"result","fields":[0,0,0,0],"id":240758686744579,"type":105}
@nix {"action":"result","fields":[101,0],"id":240758686744577,"type":106}
@nix {"action":"result","fields":[100,0],"id":240758686744577,"type":106}
@nix {"action":"result","fields":[0,0,0,0],"id":240758686744578,"type":105}
@nix {"action":"result","fields":[0,0,0,0],"id":240758686744579,"type":105}
@nix {"action":"result","fields":[101,0],"id":240758686744577,"type":106}
@nix {"action":"result","fields":[100,0],"id":240758686744577,"type":106}
@nix {"action":"result","fields":[0,0,0,0],"id":240758686744578,"type":105}
@nix {"action":"result","fields":[0,0,0,0],"id":240758686744579,"type":105}
@nix {"action":"result","fields":[101,0],"id":240758686744577,"type":106}
@nix {"action":"result","fields":[100,0],"id":240758686744577,"type":106}
@nix {"action":"result","fields":[0,0,0,0],"id":240758686744578,"type":105}
@nix {"action":"result","fields":[0,0,0,0],"id":240758686744579,"type":105}
@nix {"action":"result","fields":[101,0],"id":240758686744577,"type":106}
@nix {"action":"result","fields":[100,0],"id":240758686744577,"type":106}
@nix {"action":"result","fields":[0,0,0,0],"id":240758686744578,"type":105}
@nix {"action":"result","fields":[0,0,0,0],"id":240758686744579,"type":105}
@nix {"action":"result","fields":[101,0],"id":240758686744577,"type":106}
@nix {"action":"result","fields":[100,0],"id":240758686744577,"type":106}
@nix {"action":"result","fields":[0,0,0,0],"id":240758686744578,"type":105}
@nix {"action":"result","fields":[0,0,0,0],"id":240758686744579,"type":105}
@nix {"action":"result","fields":[101,0],"id":240758686744577,"type":106}
@nix {"action":"result","fields":[100,0],"id":240758686744577,"type":106}
@nix {"action":"result","fields":[0,0,0,0],"id":240758686744578,"type":105}
@nix {"action":"result","fields":[0,0,0,0],"id":240758686744579,"type":105}
@nix {"action":"result","fields":[101,0],"id":240758686744577,"type":106}
@nix {"action":"result","fields":[100,0],"id":240758686744577,"type":106}
@nix {"action":"result","fields":[0,0,0,0],"id":240758686744578,"type":105}
@nix {"action":"result","fields":[0,0,0,0],"id":240758686744579,"type":105}
@nix {"action":"result","fields":[101,0],"id":240758686744577,"type":106}
@nix {"action":"result","fields":[100,0],"id":240758686744577,"type":106}
@nix {"action":"result","fields":[0,0,0,0],"id":240758686744578,"type":105}
@nix {"action":"result","fields":[0,0,0,0],"id":240758686744579,"type":105}
@nix {"action":"result","fields":[101,0],"id":240758686744577,"type":106}
@nix {"action":"result","fields":[100,0],"id":240758686744577,"type":106}
@nix {"action":"result","fields":[0,0,0,0],"id":240758686744578,"type":105}
@nix {"action":"result","fields":[0,0,0,0],"id":240758686744579,"type":105}
@nix {"action":"result","fields":[101,0],"id":240758686744577,"type":106}
@nix {"action":"result","fields":[100,0],"id":240758686744577,"type":106}
@nix {"action":"result","fields":[0,0,0,0],"id":240758686744578,"type":105}
@nix {"action":"result","fields":[0,0,0,0],"id":240758686744579,"type":105}
@nix {"action":"result","fields":[101,0],"id":240758686744577,"type":106}
@nix {"action":"result","fields":[100,0],"id":240758686744577,"type":106}
@nix {"action":"result","fields":[0,0,0,0],"id":240758686744578,"type":105}
@nix {"action":"result","fields":[0,0,0,0],"id":240758686744579,"type":105}
@nix {"action":"result","fields":[101,0],"id":240758686744577,"type":106}
@nix {"action":"result","fields":[100,0],"id":240758686744577,"type":106}
@nix {"action":"result","fields":[0,0,0,0],"id":240758686744578,"type":105}
@nix {"action":"result","fields":[0,0,0,0],"id":240758686744579,"type":105}
@nix {"action":"result","fields":[101,0],"id":240758686744577,"type":106}
@nix {"action":"result","fields":[100,0],"id":240758686744577,"type":106}
@nix {"action":"result","fields":[0,0,0,0],"id":240758686744578,"type":105}
@nix {"action":"result","fields":[0,0,0,0],"id":240758686744579,"type":105}
@nix {"action":"result","fields":[101,0],"id":240758686744577,"type":106}
@nix {"action":"result","fields":[100,0],"id":240758686744577,"type":106}
@nix {"action":"result","fields":[0,0,0,0],"id":240758686744578,"type":105}
@nix {"action":"result","fields":[0,0,0,0],"id":240758686744579,"type":105}
@nix {"action":"result","fields":[101,0],"id":240758686744577,"type":106}
@nix {"action":"result","fields":[100,0],"id":240758686744577,"type":106}
@nix {"action":"result","fields":[0,0,0,0],"id":240758686744578,"type":105}
@nix {"action":"result","fields":[0,0,0,0],"id":240758686744579,"type":105}
@nix {"action":"result","fields":[101,0],"id":240758686744577,"type":106}
@nix {"action":"result","fields":[100,0],"id":240758686744577,"type":106}
@nix {"action":"result","fields":[0,0,0,0],"id":240758686744578,"type":105}
@nix {"action":"result","fields":[0,0,0,0],"id":240758686744579,"type":105}
@nix {"action":"result","fields":[101,0],"id":240758686744577,"type":106}
@nix {"action":"result","fields":[100,0],"id":240758686744577,"type":106}
@nix {"action":"result","fields":[0,0,0,0],"id":240758686744578,"type":105}
@nix {"action":"result","fields":[0,0,0,0],"id":240758686744579,"type":105}
@nix {"action":"result","fields":[101,0],"id":240758686744577,"type":106}
@nix {"action":"result","fields":[100,0],"id":240758686744577,"type":106}
@nix {"action":"result","fields":[0,0,0,0],"id":240758686744578,"type":105}
@nix {"action":"result","fields":[0,0,0,0],"id":240758686744579,"type":105}
@nix {"action":"result","fields":[101,0],"id":240758686744577,"type":106}
@nix {"action":"result","fields":[100,0],"id":240758686744577,"type":106}
@nix {"action":"result","fields":[0,0,0,0],"id":240758686744578,"type":105}
@nix {"action":"result","fields":[0,0,0,0],"id":240758686744579,"type":105}
@nix {"action":"result","fields":[101,0],"id":240758686744577,"type":106}
@nix {"action":"result","fields":[100,0],"id":240758686744577,"type":106}
@nix {"action":"result","fields":[0,0,0,0],"id":240758686744578,"type":105}
@nix {"action":"result","fields":[0,0,0,0],"id":240758686744579,"type":105}
@nix {"action":"result","fields":[101,0],"id":240758686744577,"type":106}
@nix {"action":"result","fields":[100,0],"id":240758686744577,"type":106}
@nix {"action":"result","fields":[0,0,0,0],"id":240758686744578,"type":105}
@nix {"action":"result","fields":[0,0,0,0],"id":240758686744579,"type":105}
@nix {"action":"result","fields":[101,0],"id":240758686744577,"type":106}
@nix {"action":"result","fields":[100,0],"id":240758686744577,"type":106}
@nix {"action":"result","fields":[0,0,0,0],"id":240758686744578,"type":105}
@nix {"action":"result","fields":[0,0,0,0],"id":240758686744579,"type":105}
@nix {"action":"result","fields":[101,0],"id":240758686744577,"type":106}
@nix {"action":"result","fields":[100,0],"id":240758686744577,"type":106}
@nix {"action":"result","fields":[0,0,0,0],"id":240758686744578,"type":105}
@nix {"action":"result","fields":[0,0,0,0],"id":240758686744579,"type":105}
@nix {"action":"result","fields":[101,0],"id":240758686744577,"type":106}
@nix {"action":"result","fields":[100,0],"id":240758686744577,"type":106}
@nix {"action":"result","fields":[0,0,0,0],"id":240758686744578,"type":105}
@nix {"action":"result","fields":[0,0,0,0],"id":240758686744579,"type":105}
@nix {"action":"result","fields":[101,0],"id":240758686744577,"type":106}
@nix {"action":"result","fields":[100,0],"id":240758686744577,"type":106}
@nix {"action":"result","fields":[0,0,0,0],"id":240758686744578,"type":105}
@nix {"action":"result","fields":[0,0,0,0],"id":240758686744579,"type":105}
@nix {"action":"result","fields":[101,0],"id":240758686744577,"type":106}
@nix {"action":"result","fields":[100,0],"id":240758686744577,"type":106}
@nix {"action":"result","fields":[0,0,0,0],"id":240758686744578,"type":105}
@nix {"action":"result","fields":[0,0,0,0],"id":240758686744579,"type":105}
@nix {"action":"result","fields":[101,0],"id":240758686744577,"type":106}
@nix {"action":"result","fields":[100,0],"id":240758686744577,"type":106}
@nix {"action":"result","fields":[0,0,0,0],"id":240758686744578,"type":105}
@nix {"action":"result","fields":[0,0,0,0],"id":240758686744579,"type":105}
@nix {"action":"result","fields":[101,0],"id":240758686744577,"type":106}
@nix {"action":"result","fields":[100,0],"id":240758686744577,"type":106}
@nix {"action":"result","fields":[0,0,0,0],"id":240758686744578,"type":105}
@nix {"action":"result","fields":[0,0,0,0],"id":240758686744579,"type":105}
@nix {"action":"result","fields":[101,0],"id":240758686744577,"type":106}
@nix {"action":"result","fields":[100,0],"id":240758686744577,"type":106}
@nix {"action":"result","fields":[0,0,0,0],"id":240758686744578,"type":105}
@nix {"action":"result","fields":[0,0,0,0],"id":240758686744579,"type":105}
@nix {"action":"result","fields":[101,0],"id":240758686744577,"type":106}
@nix {"action":"result","fields":[100,0],"id":240758686744577,"type":106}
@nix {"action":"result","fields":[0,0,0,0],"id":240758686744578,"type":105}
@nix {"action":"result","fields":[0,0,0,0],"id":240758686744579,"type":105}
@nix {"action":"result","fields":[101,0],"id":240758686744577,"type":106}
@nix {"action":"result","fields":[100,0],"id":240758686744577,"type":106}
@nix {"action":"result","fields":[0,0,0,0],"id":240758686744578,"type":105}
@nix {"action":"result","fields":[0,0,0,0],"id":240758686744579,"type":105}
@nix {"action":"result","fields":[101,0],"id":240758686744577,"type":106}
@nix {"action":"result","fields":[100,0],"id":240758686744577,"type":106}
@nix {"action":"result","fields":[0,0,0,0],"id":240758686744578,"type":105}
@nix {"action":"result","fields":[0,0,0,0],"id":240758686744579,"type":105}
@nix {"action":"result","fields":[101,0],"id":240758686744577,"type":106}
@nix {"action":"result","fields":[100,0],"id":240758686744577,"type":106}
@nix {"action":"result","fields":[0,0,0,0],"id":240758686744578,"type":105}
@nix {"action":"result","fields":[0,0,0,0],"id":240758686744579,"type":105}
@nix {"action":"result","fields":[101,0],"id":240758686744577,"type":106}
@nix {"action":"result","fields":[100,0],"id":240758686744577,"type":106}
@nix {"action":"result","fields":[0,0,0,0],"id":240758686744578,"type":105}
@nix {"action":"result","fields":[0,0,0,0],"id":240758686744579,"type":105}
@nix {"action":"result","fields":[101,0],"id":240758686744577,"type":106}
@nix {"action":"result","fields":[100,0],"id":240758686744577,"type":106}
@nix {"action":"result","fields":[0,0,0,0],"id":240758686744578,"type":105}
@nix {"action":"result","fields":[0,0,0,0],"id":240758686744579,"type":105}
@nix {"action":"result","fields":[101,0],"id":240758686744577,"type":106}
@nix {"action":"result","fields":[100,0],"id":240758686744577,"type":106}
@nix {"action":"result","fields":[0,0,0,0],"id":240758686744578,"type":105}
@nix {"action":"result","fields":[0,0,0,0],"id":240758686744579,"type":105}
@nix {"action":"result","fields":[101,0],"id":240758686744577,"type":106}
@nix {"action":"result","fields":[100,0],"id":240758686744577,"type":106}
@nix {"action":"result","fields":[0,0,0,0],"id":240758686744578,"type":105}
@nix {"action":"result","fields":[0,0,0,0],"id":240758686744579,"type":105}
@nix {"action":"result","fields":[101,0],"id":240758686744577,"type":106}
@nix {"action":"result","fields":[100,0],"id":240758686744577,"type":106}
@nix {"action":"result","fields":[0,0,0,0],"id":240758686744578,"type":105}
@nix {"action":"result","fields":[0,0,0,0],"id":240758686744579,"type":105}
@nix {"action":"result","fields":[101,0],"id":240758686744577,"type":106}
@nix {"action":"result","fields":[100,0],"id":240758686744577,"type":106}
@nix {"action":"result","fields":[0,0,0,0],"id":240758686744578,"type":105}
@nix {"action":"result","fields":[0,0,0,0],"id":240758686744579,"type":105}
@nix {"action":"result","fields":[101,0],"id":240758686744577,"type":106}
@nix {"action":"result","fields":[100,0],"id":240758686744577,"type":106}
@nix {"action":"result","fields":[0,0,0,0],"id":240758686744578,"type":105}
@nix {"action":"result","fields":[0,0,0,0],"id":240758686744579,"type":105}
@nix {"action":"result","fields":[101,0],"id":240758686744577,"type":106}
@nix {"action":"result","fields":[100,0],"id":240758686744577,"type":106}
@nix {"action":"result","fields":[0,0,0,0],"id":240758686744578,"type":105}
@nix {"action":"result","fields":[0,0,0,0],"id":240758686744579,"type":105}
@nix {"action":"result","fields":[101,0],"id":240758686744577,"type":106}
@nix {"action":"result","fields":[100,0],"id":240758686744577,"type":106}
@nix {"action":"result","fields":[0,0,0,0],"id":240758686744578,"type":105}
@nix {"action":"result","fields":[0,0,0,0],"id":240758686744579,"type":105}
@nix {"action":"result","fields":[101,0],"id":240758686744577,"type":106}
@nix {"action":"result","fields":[100,0],"id":240758686744577,"type":106}
@nix {"action":"result","fields":[0,0,0,0],"id":240758686744578,"type":105}
@nix {"action":"result","fields":[0,0,0,0],"id":240758686744579,"type":105}
@nix {"action":"result","fields":[101,0],"id":240758686744577,"type":106}
@nix {"action":"result","fields":[100,0],"id":240758686744577,"type":106}
@nix {"action":"result","fields":[0,0,0,0],"id":240758686744578,"type":105}
@nix {"action":"result","fields":[0,0,0,0],"id":240758686744579,"type":105}
@nix {"action":"result","fields":[101,0],"id":240758686744577,"type":106}
@nix {"action":"result","fields":[100,0],"id":240758686744577,"type":106}
@nix {"action":"result","fields":[0,0,0,0],"id":240758686744578,"type":105}
@nix {"action":"result","fields":[0,0,0,0],"id":240758686744579,"type":105}
@nix {"action":"result","fields":[101,0],"id":240758686744577,"type":106}
@nix {"action":"result","fields":[100,0],"id":240758686744577,"type":106}
@nix {"action":"result","fields":[0,0,0,0],"id":240758686744578,"type":105}
@nix {"action":"result","fields":[0,0,0,0],"id":240758686744579,"type":105}
@nix {"action":"result","fields":[101,0],"id":240758686744577,"type":106}
@nix {"action":"result","fields":[100,0],"id":240758686744577,"type":106}
@nix {"action":"result","fields":[0,0,0,0],"id":240758686744578,"type":105}
@nix {"action":"result","fields":[0,0,0,0],"id":240758686744579,"type":105}
@nix {"action":"result","fields":[101,0],"id":240758686744577,"type":106}
@nix {"action":"result","fields":[100,0],"id":240758686744577,"type":106}
@nix {"action":"result","fields":[0,0,0,0],"id":240758686744578,"type":105}
@nix {"action":"result","fields":[0,0,0,0],"id":240758686744579,"type":105}
@nix {"action":"result","fields":[101,0],"id":240758686744577,"type":106}
@nix {"action":"result","fields":[100,0],"id":240758686744577,"type":106}
@nix {"action":"result","fields":[0,0,0,0],"id":240758686744578,"type":105}
@nix {"action":"result","fields":[0,0,0,0],"id":240758686744579,"type":105}
@nix {"action":"result","fields":[101,0],"id":240758686744577,"type":106}
@nix {"action":"result","fields":[100,0],"id":240758686744577,"type":106}
@nix {"action":"result","fields":[0,0,0,0],"id":240758686744578,"type":105}
@nix {"action":"result","fields":[0,0,0,0],"id":240758686744579,"type":105}
@nix {"action":"result","fields":[101,0],"id":240758686744577,"type":106}
@nix {"action":"result","fields":[100,0],"id":240758686744577,"type":106}
@nix {"action":"result","fields":[0,0,0,0],"id":240758686744578,"type":105}
@nix {"action":"result","fields":[0,0,0,0],"id":240758686744579,"type":105}
@nix {"action":"result","fields":[101,0],"id":240758686744577,"type":106}
@nix {"action":"result","fields":[100,0],"id":240758686744577,"type":106}
@nix {"action":"result","fields":[0,0,0,0],"id":240758686744578,"type":105}
@nix {"action":"result","fields":[0,0,0,0],"id":240758686744579,"type":105}
@nix {"action":"result","fields":[101,0],"id":240758686744577,"type":106}
@nix {"action":"result","fields":[100,0],"id":240758686744577,"type":106}
@nix {"action":"result","fields":[0,0,0,0],"id":240758686744578,"type":105}
@nix {"action":"result","fields":[0,0,0,0],"id":240758686744579,"type":105}
@nix {"action":"result","fields":[101,0],"id":240758686744577,"type":106}
@nix {"action":"result","fields":[100,0],"id":240758686744577,"type":106}
@nix {"action":"result","fields":[0,0,0,0],"id":240758686744578,"type":105}
@nix {"action":"result","fields":[0,0,0,0],"id":240758686744579,"type":105}
@nix {"action":"result","fields":[101,0],"id":240758686744577,"type":106}
@nix {"action":"result","fields":[100,0],"id":240758686744577,"type":106}
@nix {"action":"result","fields":[0,0,0,0],"id":240758686744578,"type":105}
@nix {"action":"result","fields":[0,0,0,0],"id":240758686744579,"type":105}
@nix {"action":"result","fields":[101,0],"id":240758686744577,"type":106}
@nix {"action":"result","fields":[100,0],"id":240758686744577,"type":106}
@nix {"action":"result","fields":[0,0,0,0],"id":240758686744578,"type":105}
@nix {"action":"result","fields":[0,0,0,0],"id":240758686744579,"type":105}
@nix {"action":"result","fields":[101,0],"id":240758686744577,"type":106}
@nix {"action":"result","fields":[100,0],"id":240758686744577,"type":106}
@nix {"action":"result","fields":[0,0,0,0],"id":240758686744578,"type":105}
@nix {"action":"result","fields":[0,0,0,0],"id":240758686744579,"type":105}
@nix {"action":"result","fields":[101,0],"id":240758686744577,"type":106}
@nix {"action":"result","fields":[100,0],"id":240758686744577,"type":106}
@nix {"action":"result","fields":[0,1,0,0],"id":240758686744578,"type":105}
@nix {"action":"result","fields":[0,0,0,0],"id":240758686744579,"type":105}
@nix {"action":"result","fields":[101,0],"id":240758686744577,"type":106}
@nix {"action":"result","fields":[100,0],"id":240758686744577,"type":106}
@nix {"action":"result","fields":[0,2,0,0],"id":240758686744578,"type":105}
@nix {"action":"result","fields":[0,0,0,0],"id":240758686744579,"type":105}
@nix {"action":"result","fields":[101,0],"id":240758686744577,"type":106}
@nix {"action":"result","fields":[100,0],"id":240758686744577,"type":106}
@nix {"action":"result","fields":[0,3,0,0],"id":240758686744578,"type":105}
@nix {"action":"result","fields":[0,0,0,0],"id":240758686744579,"type":105}
@nix {"action":"result","fields":[101,0],"id":240758686744577,"type":106}
@nix {"action":"result","fields":[100,0],"id":240758686744577,"type":106}
@nix {"action":"result","fields":[0,4,0,0],"id":240758686744578,"type":105}
@nix {"action":"result","fields":[0,0,0,0],"id":240758686744579,"type":105}
@nix {"action":"result","fields":[101,0],"id":240758686744577,"type":106}
@nix {"action":"result","fields":[100,0],"id":240758686744577,"type":106}
@nix {"action":"result","fields":[0,5,0,0],"id":240758686744578,"type":105}
@nix {"action":"result","fields":[0,0,0,0],"id":240758686744579,"type":105}
@nix {"action":"result","fields":[101,0],"id":240758686744577,"type":106}
@nix {"action":"result","fields":[100,0],"id":240758686744577,"type":106}
@nix {"action":"result","fields":[0,6,0,0],"id":240758686744578,"type":105}
@nix {"action":"result","fields":[0,0,0,0],"id":240758686744579,"type":105}
@nix {"action":"result","fields":[101,0],"id":240758686744577,"type":106}
@nix {"action":"result","fields":[100,0],"id":240758686744577,"type":106}
@nix {"action":"result","fields":[0,7,0,0],"id":240758686744578,"type":105}
@nix {"action":"result","fields":[0,0,0,0],"id":240758686744579,"type":105}
@nix {"action":"result","fields":[101,0],"id":240758686744577,"type":106}
@nix {"action":"result","fields":[100,0],"id":240758686744577,"type":106}
@nix {"action":"result","fields":[0,8,0,0],"id":240758686744578,"type":105}
@nix {"action":"result","fields":[0,0,0,0],"id":240758686744579,"type":105}
@nix {"action":"result","fields":[101,0],"id":240758686744577,"type":106}
@nix {"action":"result","fields":[100,0],"id":240758686744577,"type":106}
@nix {"action":"result","fields":[0,9,0,0],"id":240758686744578,"type":105}
@nix {"action":"result","fields":[0,0,0,0],"id":240758686744579,"type":105}
@nix {"action":"result","fields":[101,0],"id":240758686744577,"type":106}
@nix {"action":"result","fields":[100,0],"id":240758686744577,"type":106}
@nix {"action":"result","fields":[0,10,0,0],"id":240758686744578,"type":105}
@nix {"action":"result","fields":[0,0,0,0],"id":240758686744579,"type":105}
@nix {"action":"result","fields":[101,0],"id":240758686744577,"type":106}
@nix {"action":"result","fields":[100,0],"id":240758686744577,"type":106}
@nix {"action":"result","fields":[0,11,0,0],"id":240758686744578,"type":105}
@nix {"action":"result","fields":[0,0,0,0],"id":240758686744579,"type":105}
@nix {"action":"result","fields":[101,0],"id":240758686744577,"type":106}
@nix {"action":"result","fields":[100,0],"id":240758686744577,"type":106}
@nix {"action":"result","fields":[0,12,0,0],"id":240758686744578,"type":105}
@nix {"action":"result","fields":[0,0,0,0],"id":240758686744579,"type":105}
@nix {"action":"result","fields":[101,0],"id":240758686744577,"type":106}
@nix {"action":"result","fields":[100,0],"id":240758686744577,"type":106}
@nix {"action":"result","fields":[0,13,0,0],"id":240758686744578,"type":105}
@nix {"action":"result","fields":[0,0,0,0],"id":240758686744579,"type":105}
@nix {"action":"result","fields":[101,0],"id":240758686744577,"type":106}
@nix {"action":"result","fields":[100,0],"id":240758686744577,"type":106}
@nix {"action":"result","fields":[0,14,0,0],"id":240758686744578,"type":105}
@nix {"action":"result","fields":[0,0,0,0],"id":240758686744579,"type":105}
@nix {"action":"result","fields":[101,0],"id":240758686744577,"type":106}
@nix {"action":"result","fields":[100,0],"id":240758686744577,"type":106}
@nix {"action":"result","fields":[0,15,0,0],"id":240758686744578,"type":105}
@nix {"action":"result","fields":[0,0,0,0],"id":240758686744579,"type":105}
@nix {"action":"result","fields":[101,0],"id":240758686744577,"type":106}
@nix {"action":"result","fields":[100,0],"id":240758686744577,"type":106}
@nix {"action":"result","fields":[0,16,0,0],"id":240758686744578,"type":105}
@nix {"action":"result","fields":[0,0,0,0],"id":240758686744579,"type":105}
@nix {"action":"result","fields":[101,0],"id":240758686744577,"type":106}
@nix {"action":"result","fields":[100,0],"id":240758686744577,"type":106}
@nix {"action":"result","fields":[0,17,0,0],"id":240758686744578,"type":105}
@nix {"action":"result","fields":[0,0,0,0],"id":240758686744579,"type":105}
@nix {"action":"result","fields":[101,0],"id":240758686744577,"type":106}
@nix {"action":"result","fields":[100,0],"id":240758686744577,"type":106}
@nix {"action":"result","fields":[0,18,0,0],"id":240758686744578,"type":105}
@nix {"action":"result","fields":[0,0,0,0],"id":240758686744579,"type":105}
@nix {"action":"result","fields":[101,0],"id":240758686744577,"type":106}
@nix {"action":"result","fields":[100,0],"id":240758686744577,"type":106}
@nix {"action":"result","fields":[0,19,0,0],"id":240758686744578,"type":105}
@nix {"action":"result","fields":[0,0,0,0],"id":240758686744579,"type":105}
@nix {"action":"result","fields":[101,0],"id":240758686744577,"type":106}
@nix {"action":"result","fields":[100,0],"id":240758686744577,"type":106}
@nix {"action":"result","fields":[0,20,0,0],"id":240758686744578,"type":105}
@nix {"action":"result","fields":[0,0,0,0],"id":240758686744579,"type":105}
@nix {"action":"result","fields":[101,0],"id":240758686744577,"type":106}
@nix {"action":"result","fields":[100,0],"id":240758686744577,"type":106}
@nix {"action":"result","fields":[0,21,0,0],"id":240758686744578,"type":105}
@nix {"action":"result","fields":[0,0,0,0],"id":240758686744579,"type":105}
@nix {"action":"result","fields":[101,0],"id":240758686744577,"type":106}
@nix {"action":"result","fields":[100,0],"id":240758686744577,"type":106}
@nix {"action":"result","fields":[0,22,0,0],"id":240758686744578,"type":105}
@nix {"action":"result","fields":[0,0,0,0],"id":240758686744579,"type":105}
@nix {"action":"result","fields":[101,0],"id":240758686744577,"type":106}
@nix {"action":"result","fields":[100,0],"id":240758686744577,"type":106}
@nix {"action":"result","fields":[0,23,0,0],"id":240758686744578,"type":105}
@nix {"action":"result","fields":[0,0,0,0],"id":240758686744579,"type":105}
@nix {"action":"result","fields":[101,0],"id":240758686744577,"type":106}
@nix {"action":"result","fields":[100,0],"id":240758686744577,"type":106}
@nix {"action":"result","fields":[0,24,0,0],"id":240758686744578,"type":105}
@nix {"action":"result","fields":[0,0,0,0],"id":240758686744579,"type":105}
@nix {"action":"result","fields":[101,0],"id":240758686744577,"type":106}
@nix {"action":"result","fields":[100,0],"id":240758686744577,"type":106}
@nix {"action":"result","fields":[0,25,0,0],"id":240758686744578,"type":105}
@nix {"action":"result","fields":[0,0,0,0],"id":240758686744579,"type":105}
@nix {"action":"result","fields":[101,0],"id":240758686744577,"type":106}
@nix {"action":"result","fields":[100,0],"id":240758686744577,"type":106}
@nix {"action":"result","fields":[0,26,0,0],"id":240758686744578,"type":105}
@nix {"action":"result","fields":[0,0,0,0],"id":240758686744579,"type":105}
@nix {"action":"result","fields":[101,0],"id":240758686744577,"type":106}
@nix {"action":"result","fields":[100,0],"id":240758686744577,"type":106}
@nix {"action":"result","fields":[0,27,0,0],"id":240758686744578,"type":105}
@nix {"action":"result","fields":[0,0,0,0],"id":240758686744579,"type":105}
@nix {"action":"result","fields":[101,0],"id":240758686744577,"type":106}
@nix {"action":"result","fields":[100,0],"id":240758686744577,"type":106}
@nix {"action":"result","fields":[0,28,0,0],"id":240758686744578,"type":105}
@nix {"action":"result","fields":[0,0,0,0],"id":240758686744579,"type":105}
@nix {"action":"result","fields":[101,0],"id":240758686744577,"type":106}
@nix {"action":"result","fields":[100,0],"id":240758686744577,"type":106}
@nix {"action":"result","fields":[0,29,0,0],"id":240758686744578,"type":105}
@nix {"action":"result","fields":[0,0,0,0],"id":240758686744579,"type":105}
@nix {"action":"result","fields":[101,0],"id":240758686744577,"type":106}
@nix {"action":"result","fields":[100,0],"id":240758686744577,"type":106}
@nix {"action":"result","fields":[0,30,0,0],"id":240758686744578,"type":105}
@nix {"action":"result","fields":[0,0,0,0],"id":240758686744579,"type":105}
@nix {"action":"result","fields":[101,0],"id":240758686744577,"type":106}
@nix {"action":"result","fields":[100,0],"id":240758686744577,"type":106}
@nix {"action":"result","fields":[0,31,0,0],"id":240758686744578,"type":105}
@nix {"action":"result","fields":[0,0,0,0],"id":240758686744579,"type":105}
@nix {"action":"result","fields":[101,0],"id":240758686744577,"type":106}
@nix {"action":"result","fields":[100,0],"id":240758686744577,"type":106}
@nix {"action":"result","fields":[0,32,0,0],"id":240758686744578,"type":105}
@nix {"action":"result","fields":[0,0,0,0],"id":240758686744579,"type":105}
@nix {"action":"result","fields":[101,0],"id":240758686744577,"type":106}
@nix {"action":"result","fields":[100,0],"id":240758686744577,"type":106}
@nix {"action":"start","fields":["/Users/hetzner/obrador-shared-pins-20260909/round-2-baseline/wide-round-1-jobs-8/store/72d95qm69p6qji82sq1wx5nnylx0zsqa-leaf-0.drv.drv","",1,1],"id":240758686744580,"level":3,"parent":0,"text":"building '/Users/hetzner/obrador-shared-pins-20260909/round-2-baseline/wide-round-1-jobs-8/store/72d95qm69p6qji82sq1wx5nnylx0zsqa-leaf-0.drv.drv'","type":105}
@nix {"action":"result","fields":[0,32,1,0],"id":240758686744578,"type":105}
@nix {"action":"result","fields":[0,0,0,0],"id":240758686744579,"type":105}
@nix {"action":"result","fields":[101,0],"id":240758686744577,"type":106}
@nix {"action":"result","fields":[100,0],"id":240758686744577,"type":106}
@nix {"action":"start","fields":["/Users/hetzner/obrador-shared-pins-20260909/round-2-baseline/wide-round-1-jobs-8/store/dfyfzf1nwd2qcq25p70flb0x0djppw3p-leaf-1.drv.drv","",1,1],"id":240758686744581,"level":3,"parent":0,"text":"building '/Users/hetzner/obrador-shared-pins-20260909/round-2-baseline/wide-round-1-jobs-8/store/dfyfzf1nwd2qcq25p70flb0x0djppw3p-leaf-1.drv.drv'","type":105}
@nix {"action":"result","fields":[0,32,2,0],"id":240758686744578,"type":105}
@nix {"action":"result","fields":[0,0,0,0],"id":240758686744579,"type":105}
@nix {"action":"result","fields":[101,0],"id":240758686744577,"type":106}
@nix {"action":"result","fields":[100,0],"id":240758686744577,"type":106}
@nix {"action":"start","fields":["/Users/hetzner/obrador-shared-pins-20260909/round-2-baseline/wide-round-1-jobs-8/store/0ffmnqvpv9vpl08pql5rc3am27504cgb-leaf-10.drv.drv","",1,1],"id":240758686744582,"level":3,"parent":0,"text":"building '/Users/hetzner/obrador-shared-pins-20260909/round-2-baseline/wide-round-1-jobs-8/store/0ffmnqvpv9vpl08pql5rc3am27504cgb-leaf-10.drv.drv'","type":105}
@nix {"action":"result","fields":[0,32,3,0],"id":240758686744578,"type":105}
@nix {"action":"result","fields":[0,0,0,0],"id":240758686744579,"type":105}
@nix {"action":"result","fields":[101,0],"id":240758686744577,"type":106}
@nix {"action":"result","fields":[100,0],"id":240758686744577,"type":106}
@nix {"action":"start","fields":["/Users/hetzner/obrador-shared-pins-20260909/round-2-baseline/wide-round-1-jobs-8/store/9jp775mnrllkcpw5dbasbw91k6fa00wl-leaf-11.drv.drv","",1,1],"id":240758686744583,"level":3,"parent":0,"text":"building '/Users/hetzner/obrador-shared-pins-20260909/round-2-baseline/wide-round-1-jobs-8/store/9jp775mnrllkcpw5dbasbw91k6fa00wl-leaf-11.drv.drv'","type":105}
@nix {"action":"result","fields":[0,32,4,0],"id":240758686744578,"type":105}
@nix {"action":"result","fields":[0,0,0,0],"id":240758686744579,"type":105}
@nix {"action":"result","fields":[101,0],"id":240758686744577,"type":106}
@nix {"action":"result","fields":[100,0],"id":240758686744577,"type":106}
@nix {"action":"start","fields":["/Users/hetzner/obrador-shared-pins-20260909/round-2-baseline/wide-round-1-jobs-8/store/s3pxx5jmfk660qzybzn2mbcqxzs02bqv-leaf-12.drv.drv","",1,1],"id":240758686744584,"level":3,"parent":0,"text":"building '/Users/hetzner/obrador-shared-pins-20260909/round-2-baseline/wide-round-1-jobs-8/store/s3pxx5jmfk660qzybzn2mbcqxzs02bqv-leaf-12.drv.drv'","type":105}
@nix {"action":"result","fields":[0,32,5,0],"id":240758686744578,"type":105}
@nix {"action":"result","fields":[0,0,0,0],"id":240758686744579,"type":105}
@nix {"action":"result","fields":[101,0],"id":240758686744577,"type":106}
@nix {"action":"result","fields":[100,0],"id":240758686744577,"type":106}
@nix {"action":"start","fields":["/Users/hetzner/obrador-shared-pins-20260909/round-2-baseline/wide-round-1-jobs-8/store/4my1asyafsdychkfw9r53g2plxkvgv3w-leaf-13.drv.drv","",1,1],"id":240758686744585,"level":3,"parent":0,"text":"building '/Users/hetzner/obrador-shared-pins-20260909/round-2-baseline/wide-round-1-jobs-8/store/4my1asyafsdychkfw9r53g2plxkvgv3w-leaf-13.drv.drv'","type":105}
@nix {"action":"result","fields":[0,32,6,0],"id":240758686744578,"type":105}
@nix {"action":"result","fields":[0,0,0,0],"id":240758686744579,"type":105}
@nix {"action":"result","fields":[101,0],"id":240758686744577,"type":106}
@nix {"action":"result","fields":[100,0],"id":240758686744577,"type":106}
@nix {"action":"start","fields":["/Users/hetzner/obrador-shared-pins-20260909/round-2-baseline/wide-round-1-jobs-8/store/1kkc3idqi29gczcifllw63rbb3plqlyf-leaf-14.drv.drv","",1,1],"id":240758686744586,"level":3,"parent":0,"text":"building '/Users/hetzner/obrador-shared-pins-20260909/round-2-baseline/wide-round-1-jobs-8/store/1kkc3idqi29gczcifllw63rbb3plqlyf-leaf-14.drv.drv'","type":105}
@nix {"action":"result","fields":[0,32,7,0],"id":240758686744578,"type":105}
@nix {"action":"result","fields":[0,0,0,0],"id":240758686744579,"type":105}
@nix {"action":"result","fields":[101,0],"id":240758686744577,"type":106}
@nix {"action":"result","fields":[100,0],"id":240758686744577,"type":106}
@nix {"action":"start","fields":["/Users/hetzner/obrador-shared-pins-20260909/round-2-baseline/wide-round-1-jobs-8/store/73vqrwsmh4zw7rbh01y5gnp8nrym68ch-leaf-15.drv.drv","",1,1],"id":240758686744587,"level":3,"parent":0,"text":"building '/Users/hetzner/obrador-shared-pins-20260909/round-2-baseline/wide-round-1-jobs-8/store/73vqrwsmh4zw7rbh01y5gnp8nrym68ch-leaf-15.drv.drv'","type":105}
@nix {"action":"result","fields":[0,32,8,0],"id":240758686744578,"type":105}
@nix {"action":"result","fields":[0,0,0,0],"id":240758686744579,"type":105}
@nix {"action":"result","fields":[101,0],"id":240758686744577,"type":106}
@nix {"action":"result","fields":[100,0],"id":240758686744577,"type":106}
@nix {"action":"result","fields":[1,33,7,0],"id":240758686744578,"type":105}
@nix {"action":"result","fields":[0,0,0,0],"id":240758686744579,"type":105}
@nix {"action":"result","fields":[101,0],"id":240758686744577,"type":106}
@nix {"action":"result","fields":[100,0],"id":240758686744577,"type":106}
@nix {"action":"stop","id":240758686744580}
@nix {"action":"result","fields":[2,34,6,0],"id":240758686744578,"type":105}
@nix {"action":"result","fields":[0,0,0,0],"id":240758686744579,"type":105}
@nix {"action":"result","fields":[101,0],"id":240758686744577,"type":106}
@nix {"action":"result","fields":[100,0],"id":240758686744577,"type":106}
@nix {"action":"stop","id":240758686744581}
@nix {"action":"result","fields":[3,35,5,0],"id":240758686744578,"type":105}
@nix {"action":"result","fields":[0,0,0,0],"id":240758686744579,"type":105}
@nix {"action":"result","fields":[101,0],"id":240758686744577,"type":106}
@nix {"action":"result","fields":[100,0],"id":240758686744577,"type":106}
@nix {"action":"stop","id":240758686744582}
@nix {"action":"result","fields":[4,36,4,0],"id":240758686744578,"type":105}
@nix {"action":"result","fields":[0,0,0,0],"id":240758686744579,"type":105}
@nix {"action":"result","fields":[101,0],"id":240758686744577,"type":106}
@nix {"action":"result","fields":[100,0],"id":240758686744577,"type":106}
@nix {"action":"stop","id":240758686744583}
@nix {"action":"result","fields":[5,37,3,0],"id":240758686744578,"type":105}
@nix {"action":"result","fields":[0,0,0,0],"id":240758686744579,"type":105}
@nix {"action":"result","fields":[101,0],"id":240758686744577,"type":106}
@nix {"action":"result","fields":[100,0],"id":240758686744577,"type":106}
@nix {"action":"stop","id":240758686744584}
@nix {"action":"result","fields":[6,38,2,0],"id":240758686744578,"type":105}
@nix {"action":"result","fields":[0,0,0,0],"id":240758686744579,"type":105}
@nix {"action":"result","fields":[101,0],"id":240758686744577,"type":106}
@nix {"action":"result","fields":[100,0],"id":240758686744577,"type":106}
@nix {"action":"stop","id":240758686744585}
@nix {"action":"result","fields":[7,39,1,0],"id":240758686744578,"type":105}
@nix {"action":"result","fields":[0,0,0,0],"id":240758686744579,"type":105}
@nix {"action":"result","fields":[101,0],"id":240758686744577,"type":106}
@nix {"action":"result","fields":[100,0],"id":240758686744577,"type":106}
@nix {"action":"stop","id":240758686744586}
@nix {"action":"start","fields":["/Users/hetzner/obrador-shared-pins-20260909/round-2-baseline/wide-round-1-jobs-8/store/nsg8fjidwcdnwmia6z5f1xv14ifn3z3k-leaf-31.drv.drv","",1,1],"id":240758686744588,"level":3,"parent":0,"text":"building '/Users/hetzner/obrador-shared-pins-20260909/round-2-baseline/wide-round-1-jobs-8/store/nsg8fjidwcdnwmia6z5f1xv14ifn3z3k-leaf-31.drv.drv'","type":105}
@nix {"action":"result","fields":[7,32,2,0],"id":240758686744578,"type":105}
@nix {"action":"result","fields":[0,0,0,0],"id":240758686744579,"type":105}
@nix {"action":"result","fields":[101,0],"id":240758686744577,"type":106}
@nix {"action":"result","fields":[100,0],"id":240758686744577,"type":106}
@nix {"action":"start","fields":["/Users/hetzner/obrador-shared-pins-20260909/round-2-baseline/wide-round-1-jobs-8/store/la7y8i7f2p3dggclap1k3688fhi1zzcy-leaf-4.drv.drv","",1,1],"id":240758686744589,"level":3,"parent":0,"text":"building '/Users/hetzner/obrador-shared-pins-20260909/round-2-baseline/wide-round-1-jobs-8/store/la7y8i7f2p3dggclap1k3688fhi1zzcy-leaf-4.drv.drv'","type":105}
@nix {"action":"result","fields":[7,32,3,0],"id":240758686744578,"type":105}
@nix {"action":"result","fields":[0,0,0,0],"id":240758686744579,"type":105}
@nix {"action":"result","fields":[101,0],"id":240758686744577,"type":106}
@nix {"action":"result","fields":[100,0],"id":240758686744577,"type":106}
@nix {"action":"start","fields":["/Users/hetzner/obrador-shared-pins-20260909/round-2-baseline/wide-round-1-jobs-8/store/6phm6db44bksf7an6r5fz8kfb04518fd-leaf-5.drv.drv","",1,1],"id":240758686744590,"level":3,"parent":0,"text":"building '/Users/hetzner/obrador-shared-pins-20260909/round-2-baseline/wide-round-1-jobs-8/store/6phm6db44bksf7an6r5fz8kfb04518fd-leaf-5.drv.drv'","type":105}
@nix {"action":"result","fields":[7,32,4,0],"id":240758686744578,"type":105}
@nix {"action":"result","fields":[0,0,0,0],"id":240758686744579,"type":105}
@nix {"action":"result","fields":[101,0],"id":240758686744577,"type":106}
@nix {"action":"result","fields":[100,0],"id":240758686744577,"type":106}
@nix {"action":"start","fields":["/Users/hetzner/obrador-shared-pins-20260909/round-2-baseline/wide-round-1-jobs-8/store/2jhzr6n5kr4yc375878ga4cam1b4f1kv-leaf-6.drv.drv","",1,1],"id":240758686744591,"level":3,"parent":0,"text":"building '/Users/hetzner/obrador-shared-pins-20260909/round-2-baseline/wide-round-1-jobs-8/store/2jhzr6n5kr4yc375878ga4cam1b4f1kv-leaf-6.drv.drv'","type":105}
@nix {"action":"result","fields":[7,32,5,0],"id":240758686744578,"type":105}
@nix {"action":"result","fields":[0,0,0,0],"id":240758686744579,"type":105}
@nix {"action":"result","fields":[101,0],"id":240758686744577,"type":106}
@nix {"action":"result","fields":[100,0],"id":240758686744577,"type":106}
@nix {"action":"start","fields":["/Users/hetzner/obrador-shared-pins-20260909/round-2-baseline/wide-round-1-jobs-8/store/p09gbijyh29mdynj97ynh2zqfis4xfr2-leaf-7.drv.drv","",1,1],"id":240758686744592,"level":3,"parent":0,"text":"building '/Users/hetzner/obrador-shared-pins-20260909/round-2-baseline/wide-round-1-jobs-8/store/p09gbijyh29mdynj97ynh2zqfis4xfr2-leaf-7.drv.drv'","type":105}
@nix {"action":"result","fields":[7,32,6,0],"id":240758686744578,"type":105}
@nix {"action":"result","fields":[0,0,0,0],"id":240758686744579,"type":105}
@nix {"action":"result","fields":[101,0],"id":240758686744577,"type":106}
@nix {"action":"result","fields":[100,0],"id":240758686744577,"type":106}
@nix {"action":"start","fields":["/Users/hetzner/obrador-shared-pins-20260909/round-2-baseline/wide-round-1-jobs-8/store/pkhkchpvhlrpvhaxh4vn41h2d6w9myg5-leaf-8.drv.drv","",1,1],"id":240758686744593,"level":3,"parent":0,"text":"building '/Users/hetzner/obrador-shared-pins-20260909/round-2-baseline/wide-round-1-jobs-8/store/pkhkchpvhlrpvhaxh4vn41h2d6w9myg5-leaf-8.drv.drv'","type":105}
@nix {"action":"result","fields":[7,32,7,0],"id":240758686744578,"type":105}
@nix {"action":"result","fields":[0,0,0,0],"id":240758686744579,"type":105}
@nix {"action":"result","fields":[101,0],"id":240758686744577,"type":106}
@nix {"action":"result","fields":[100,0],"id":240758686744577,"type":106}
@nix {"action":"start","fields":["/Users/hetzner/obrador-shared-pins-20260909/round-2-baseline/wide-round-1-jobs-8/store/5chnp8ks7db94hsv2kfnsg2xdgh86811-leaf-9.drv.drv","",1,1],"id":240758686744594,"level":3,"parent":0,"text":"building '/Users/hetzner/obrador-shared-pins-20260909/round-2-baseline/wide-round-1-jobs-8/store/5chnp8ks7db94hsv2kfnsg2xdgh86811-leaf-9.drv.drv'","type":105}
@nix {"action":"result","fields":[7,32,8,0],"id":240758686744578,"type":105}
@nix {"action":"result","fields":[0,0,0,0],"id":240758686744579,"type":105}
@nix {"action":"result","fields":[101,0],"id":240758686744577,"type":106}
@nix {"action":"result","fields":[100,0],"id":240758686744577,"type":106}
@nix {"action":"result","fields":[7,33,8,0],"id":240758686744578,"type":105}
@nix {"action":"result","fields":[0,0,0,0],"id":240758686744579,"type":105}
@nix {"action":"result","fields":[101,0],"id":240758686744577,"type":106}
@nix {"action":"result","fields":[100,0],"id":240758686744577,"type":106}
@nix {"action":"result","fields":[7,34,8,0],"id":240758686744578,"type":105}
@nix {"action":"result","fields":[0,0,0,0],"id":240758686744579,"type":105}
@nix {"action":"result","fields":[101,0],"id":240758686744577,"type":106}
@nix {"action":"result","fields":[100,0],"id":240758686744577,"type":106}
@nix {"action":"result","fields":[7,35,8,0],"id":240758686744578,"type":105}
@nix {"action":"result","fields":[0,0,0,0],"id":240758686744579,"type":105}
@nix {"action":"result","fields":[101,0],"id":240758686744577,"type":106}
@nix {"action":"result","fields":[100,0],"id":240758686744577,"type":106}
@nix {"action":"result","fields":[7,36,8,0],"id":240758686744578,"type":105}
@nix {"action":"result","fields":[0,0,0,0],"id":240758686744579,"type":105}
@nix {"action":"result","fields":[101,0],"id":240758686744577,"type":106}
@nix {"action":"result","fields":[100,0],"id":240758686744577,"type":106}
@nix {"action":"result","fields":[7,37,8,0],"id":240758686744578,"type":105}
@nix {"action":"result","fields":[0,0,0,0],"id":240758686744579,"type":105}
@nix {"action":"result","fields":[101,0],"id":240758686744577,"type":106}
@nix {"action":"result","fields":[100,0],"id":240758686744577,"type":106}
@nix {"action":"result","fields":[7,38,8,0],"id":240758686744578,"type":105}
@nix {"action":"result","fields":[0,0,0,0],"id":240758686744579,"type":105}
@nix {"action":"result","fields":[101,0],"id":240758686744577,"type":106}
@nix {"action":"result","fields":[100,0],"id":240758686744577,"type":106}
@nix {"action":"result","fields":[7,39,8,0],"id":240758686744578,"type":105}
@nix {"action":"result","fields":[0,0,0,0],"id":240758686744579,"type":105}
@nix {"action":"result","fields":[101,0],"id":240758686744577,"type":106}
@nix {"action":"result","fields":[100,0],"id":240758686744577,"type":106}
@nix {"action":"result","fields":[8,40,7,0],"id":240758686744578,"type":105}
@nix {"action":"result","fields":[0,0,0,0],"id":240758686744579,"type":105}
@nix {"action":"result","fields":[101,0],"id":240758686744577,"type":106}
@nix {"action":"result","fields":[100,0],"id":240758686744577,"type":106}
@nix {"action":"stop","id":240758686744587}
@nix {"action":"result","fields":[9,41,6,0],"id":240758686744578,"type":105}
@nix {"action":"result","fields":[0,0,0,0],"id":240758686744579,"type":105}
@nix {"action":"result","fields":[101,0],"id":240758686744577,"type":106}
@nix {"action":"result","fields":[100,0],"id":240758686744577,"type":106}
@nix {"action":"stop","id":240758686744588}
@nix {"action":"result","fields":[10,42,5,0],"id":240758686744578,"type":105}
@nix {"action":"result","fields":[0,0,0,0],"id":240758686744579,"type":105}
@nix {"action":"result","fields":[101,0],"id":240758686744577,"type":106}
@nix {"action":"result","fields":[100,0],"id":240758686744577,"type":106}
@nix {"action":"stop","id":240758686744589}
@nix {"action":"result","fields":[11,43,4,0],"id":240758686744578,"type":105}
@nix {"action":"result","fields":[0,0,0,0],"id":240758686744579,"type":105}
@nix {"action":"result","fields":[101,0],"id":240758686744577,"type":106}
@nix {"action":"result","fields":[100,0],"id":240758686744577,"type":106}
@nix {"action":"stop","id":240758686744590}
@nix {"action":"result","fields":[12,44,3,0],"id":240758686744578,"type":105}
@nix {"action":"result","fields":[0,0,0,0],"id":240758686744579,"type":105}
@nix {"action":"result","fields":[101,0],"id":240758686744577,"type":106}
@nix {"action":"result","fields":[100,0],"id":240758686744577,"type":106}
@nix {"action":"stop","id":240758686744591}
@nix {"action":"result","fields":[13,45,2,0],"id":240758686744578,"type":105}
@nix {"action":"result","fields":[0,0,0,0],"id":240758686744579,"type":105}
@nix {"action":"result","fields":[101,0],"id":240758686744577,"type":106}
@nix {"action":"result","fields":[100,0],"id":240758686744577,"type":106}
@nix {"action":"stop","id":240758686744592}
@nix {"action":"result","fields":[14,46,1,0],"id":240758686744578,"type":105}
@nix {"action":"result","fields":[0,0,0,0],"id":240758686744579,"type":105}
@nix {"action":"result","fields":[101,0],"id":240758686744577,"type":106}
@nix {"action":"result","fields":[100,0],"id":240758686744577,"type":106}
@nix {"action":"stop","id":240758686744593}
@nix {"action":"start","fields":["/Users/hetzner/obrador-shared-pins-20260909/round-2-baseline/wide-round-1-jobs-8/store/p9a363ji04m4jnbpxya1qc6jipy6p3zx-leaf-0.drv","",1,1],"id":240758686744595,"level":3,"parent":0,"text":"building '/Users/hetzner/obrador-shared-pins-20260909/round-2-baseline/wide-round-1-jobs-8/store/p9a363ji04m4jnbpxya1qc6jipy6p3zx-leaf-0.drv'","type":105}
@nix {"action":"result","fields":[14,39,2,0],"id":240758686744578,"type":105}
@nix {"action":"result","fields":[0,0,0,0],"id":240758686744579,"type":105}
@nix {"action":"result","fields":[101,0],"id":240758686744577,"type":106}
@nix {"action":"result","fields":[100,0],"id":240758686744577,"type":106}
@nix {"action":"start","fields":["/Users/hetzner/obrador-shared-pins-20260909/round-2-baseline/wide-round-1-jobs-8/store/nxnj1k6mn5xnaa2bsx7xzqn3q7qim51s-leaf-1.drv","",1,1],"id":240758686744596,"level":3,"parent":0,"text":"building '/Users/hetzner/obrador-shared-pins-20260909/round-2-baseline/wide-round-1-jobs-8/store/nxnj1k6mn5xnaa2bsx7xzqn3q7qim51s-leaf-1.drv'","type":105}
@nix {"action":"result","fields":[14,39,3,0],"id":240758686744578,"type":105}
@nix {"action":"result","fields":[0,0,0,0],"id":240758686744579,"type":105}
@nix {"action":"result","fields":[101,0],"id":240758686744577,"type":106}
@nix {"action":"result","fields":[100,0],"id":240758686744577,"type":106}
@nix {"action":"start","fields":["/Users/hetzner/obrador-shared-pins-20260909/round-2-baseline/wide-round-1-jobs-8/store/8rfrzq8hcf1wn868aajwlawxpdxipcfq-leaf-11.drv","",1,1],"id":240758686744597,"level":3,"parent":0,"text":"building '/Users/hetzner/obrador-shared-pins-20260909/round-2-baseline/wide-round-1-jobs-8/store/8rfrzq8hcf1wn868aajwlawxpdxipcfq-leaf-11.drv'","type":105}
@nix {"action":"result","fields":[14,39,4,0],"id":240758686744578,"type":105}
@nix {"action":"result","fields":[0,0,0,0],"id":240758686744579,"type":105}
@nix {"action":"result","fields":[101,0],"id":240758686744577,"type":106}
@nix {"action":"result","fields":[100,0],"id":240758686744577,"type":106}
@nix {"action":"start","fields":["/Users/hetzner/obrador-shared-pins-20260909/round-2-baseline/wide-round-1-jobs-8/store/dg4aqkav21wk3pjggvzgrrk7x75c9ds2-leaf-12.drv","",1,1],"id":240758686744598,"level":3,"parent":0,"text":"building '/Users/hetzner/obrador-shared-pins-20260909/round-2-baseline/wide-round-1-jobs-8/store/dg4aqkav21wk3pjggvzgrrk7x75c9ds2-leaf-12.drv'","type":105}
@nix {"action":"result","fields":[14,39,5,0],"id":240758686744578,"type":105}
@nix {"action":"result","fields":[0,0,0,0],"id":240758686744579,"type":105}
@nix {"action":"result","fields":[101,0],"id":240758686744577,"type":106}
@nix {"action":"result","fields":[100,0],"id":240758686744577,"type":106}
@nix {"action":"start","fields":["/Users/hetzner/obrador-shared-pins-20260909/round-2-baseline/wide-round-1-jobs-8/store/9nc8m3100dsgcb9i9rfw4vpxz5wadgiq-leaf-13.drv","",1,1],"id":240758686744599,"level":3,"parent":0,"text":"building '/Users/hetzner/obrador-shared-pins-20260909/round-2-baseline/wide-round-1-jobs-8/store/9nc8m3100dsgcb9i9rfw4vpxz5wadgiq-leaf-13.drv'","type":105}
@nix {"action":"result","fields":[14,39,6,0],"id":240758686744578,"type":105}
@nix {"action":"result","fields":[0,0,0,0],"id":240758686744579,"type":105}
@nix {"action":"result","fields":[101,0],"id":240758686744577,"type":106}
@nix {"action":"result","fields":[100,0],"id":240758686744577,"type":106}
@nix {"action":"start","fields":["/Users/hetzner/obrador-shared-pins-20260909/round-2-baseline/wide-round-1-jobs-8/store/62halh18flab0ma9k37m7107kk60m57x-leaf-14.drv","",1,1],"id":240758686744600,"level":3,"parent":0,"text":"building '/Users/hetzner/obrador-shared-pins-20260909/round-2-baseline/wide-round-1-jobs-8/store/62halh18flab0ma9k37m7107kk60m57x-leaf-14.drv'","type":105}
@nix {"action":"result","fields":[14,39,7,0],"id":240758686744578,"type":105}
@nix {"action":"result","fields":[0,0,0,0],"id":240758686744579,"type":105}
@nix {"action":"result","fields":[101,0],"id":240758686744577,"type":106}
@nix {"action":"result","fields":[100,0],"id":240758686744577,"type":106}
@nix {"action":"start","fields":["/Users/hetzner/obrador-shared-pins-20260909/round-2-baseline/wide-round-1-jobs-8/store/5a4czpsx643v0cvdz019m5x5jbwyrp7m-leaf-30.drv.drv","",1,1],"id":240758686744601,"level":3,"parent":0,"text":"building '/Users/hetzner/obrador-shared-pins-20260909/round-2-baseline/wide-round-1-jobs-8/store/5a4czpsx643v0cvdz019m5x5jbwyrp7m-leaf-30.drv.drv'","type":105}
@nix {"action":"result","fields":[14,39,8,0],"id":240758686744578,"type":105}
@nix {"action":"result","fields":[0,0,0,0],"id":240758686744579,"type":105}
@nix {"action":"result","fields":[101,0],"id":240758686744577,"type":106}
@nix {"action":"result","fields":[100,0],"id":240758686744577,"type":106}
@nix {"action":"result","fields":[14,40,8,0],"id":240758686744578,"type":105}
@nix {"action":"result","fields":[0,0,0,0],"id":240758686744579,"type":105}
@nix {"action":"result","fields":[101,0],"id":240758686744577,"type":106}
@nix {"action":"result","fields":[100,0],"id":240758686744577,"type":106}
@nix {"action":"result","fields":[14,41,8,0],"id":240758686744578,"type":105}
@nix {"action":"result","fields":[0,0,0,0],"id":240758686744579,"type":105}
@nix {"action":"result","fields":[101,0],"id":240758686744577,"type":106}
@nix {"action":"result","fields":[100,0],"id":240758686744577,"type":106}
@nix {"action":"result","fields":[14,42,8,0],"id":240758686744578,"type":105}
@nix {"action":"result","fields":[0,0,0,0],"id":240758686744579,"type":105}
@nix {"action":"result","fields":[101,0],"id":240758686744577,"type":106}
@nix {"action":"result","fields":[100,0],"id":240758686744577,"type":106}
@nix {"action":"result","fields":[14,43,8,0],"id":240758686744578,"type":105}
@nix {"action":"result","fields":[0,0,0,0],"id":240758686744579,"type":105}
@nix {"action":"result","fields":[101,0],"id":240758686744577,"type":106}
@nix {"action":"result","fields":[100,0],"id":240758686744577,"type":106}
@nix {"action":"result","fields":[14,44,8,0],"id":240758686744578,"type":105}
@nix {"action":"result","fields":[0,0,0,0],"id":240758686744579,"type":105}
@nix {"action":"result","fields":[101,0],"id":240758686744577,"type":106}
@nix {"action":"result","fields":[100,0],"id":240758686744577,"type":106}
@nix {"action":"result","fields":[14,45,8,0],"id":240758686744578,"type":105}
@nix {"action":"result","fields":[0,0,0,0],"id":240758686744579,"type":105}
@nix {"action":"result","fields":[101,0],"id":240758686744577,"type":106}
@nix {"action":"result","fields":[100,0],"id":240758686744577,"type":106}
@nix {"action":"result","fields":[14,46,8,0],"id":240758686744578,"type":105}
@nix {"action":"result","fields":[0,0,0,0],"id":240758686744579,"type":105}
@nix {"action":"result","fields":[101,0],"id":240758686744577,"type":106}
@nix {"action":"result","fields":[100,0],"id":240758686744577,"type":106}
@nix {"action":"result","fields":[15,47,7,0],"id":240758686744578,"type":105}
@nix {"action":"result","fields":[0,0,0,0],"id":240758686744579,"type":105}
@nix {"action":"result","fields":[101,0],"id":240758686744577,"type":106}
@nix {"action":"result","fields":[100,0],"id":240758686744577,"type":106}
@nix {"action":"stop","id":240758686744595}
@nix {"action":"result","fields":[16,48,6,0],"id":240758686744578,"type":105}
@nix {"action":"result","fields":[0,0,0,0],"id":240758686744579,"type":105}
@nix {"action":"result","fields":[101,0],"id":240758686744577,"type":106}
@nix {"action":"result","fields":[100,0],"id":240758686744577,"type":106}
@nix {"action":"stop","id":240758686744596}
@nix {"action":"result","fields":[17,49,5,0],"id":240758686744578,"type":105}
@nix {"action":"result","fields":[0,0,0,0],"id":240758686744579,"type":105}
@nix {"action":"result","fields":[101,0],"id":240758686744577,"type":106}
@nix {"action":"result","fields":[100,0],"id":240758686744577,"type":106}
@nix {"action":"stop","id":240758686744597}
@nix {"action":"result","fields":[18,50,4,0],"id":240758686744578,"type":105}
@nix {"action":"result","fields":[0,0,0,0],"id":240758686744579,"type":105}
@nix {"action":"result","fields":[101,0],"id":240758686744577,"type":106}
@nix {"action":"result","fields":[100,0],"id":240758686744577,"type":106}
@nix {"action":"stop","id":240758686744598}
@nix {"action":"result","fields":[19,51,3,0],"id":240758686744578,"type":105}
@nix {"action":"result","fields":[0,0,0,0],"id":240758686744579,"type":105}
@nix {"action":"result","fields":[101,0],"id":240758686744577,"type":106}
@nix {"action":"result","fields":[100,0],"id":240758686744577,"type":106}
@nix {"action":"stop","id":240758686744599}
@nix {"action":"result","fields":[20,52,2,0],"id":240758686744578,"type":105}
@nix {"action":"result","fields":[0,0,0,0],"id":240758686744579,"type":105}
@nix {"action":"result","fields":[101,0],"id":240758686744577,"type":106}
@nix {"action":"result","fields":[100,0],"id":240758686744577,"type":106}
@nix {"action":"stop","id":240758686744600}
@nix {"action":"result","fields":[21,53,1,0],"id":240758686744578,"type":105}
@nix {"action":"result","fields":[0,0,0,0],"id":240758686744579,"type":105}
@nix {"action":"result","fields":[101,0],"id":240758686744577,"type":106}
@nix {"action":"result","fields":[100,0],"id":240758686744577,"type":106}
@nix {"action":"stop","id":240758686744594}
@nix {"action":"start","fields":["/Users/hetzner/obrador-shared-pins-20260909/round-2-baseline/wide-round-1-jobs-8/store/vwvlvbmfsvqv2lppd93x0abfhvd12d1i-leaf-15.drv","",1,1],"id":240758686744602,"level":3,"parent":0,"text":"building '/Users/hetzner/obrador-shared-pins-20260909/round-2-baseline/wide-round-1-jobs-8/store/vwvlvbmfsvqv2lppd93x0abfhvd12d1i-leaf-15.drv'","type":105}
@nix {"action":"result","fields":[21,46,2,0],"id":240758686744578,"type":105}
@nix {"action":"result","fields":[0,0,0,0],"id":240758686744579,"type":105}
@nix {"action":"result","fields":[101,0],"id":240758686744577,"type":106}
@nix {"action":"result","fields":[100,0],"id":240758686744577,"type":106}
@nix {"action":"start","fields":["/Users/hetzner/obrador-shared-pins-20260909/round-2-baseline/wide-round-1-jobs-8/store/sq8kzrrnbm2i0642m9pi5i4jqwfxq6in-leaf-31.drv","",1,1],"id":240758686744603,"level":3,"parent":0,"text":"building '/Users/hetzner/obrador-shared-pins-20260909/round-2-baseline/wide-round-1-jobs-8/store/sq8kzrrnbm2i0642m9pi5i4jqwfxq6in-leaf-31.drv'","type":105}
@nix {"action":"result","fields":[21,46,3,0],"id":240758686744578,"type":105}
@nix {"action":"result","fields":[0,0,0,0],"id":240758686744579,"type":105}
@nix {"action":"result","fields":[101,0],"id":240758686744577,"type":106}
@nix {"action":"result","fields":[100,0],"id":240758686744577,"type":106}
@nix {"action":"start","fields":["/Users/hetzner/obrador-shared-pins-20260909/round-2-baseline/wide-round-1-jobs-8/store/rh88xcrmfvx9n5xy7my9pcz6slbx6lbg-leaf-4.drv","",1,1],"id":240758686744604,"level":3,"parent":0,"text":"building '/Users/hetzner/obrador-shared-pins-20260909/round-2-baseline/wide-round-1-jobs-8/store/rh88xcrmfvx9n5xy7my9pcz6slbx6lbg-leaf-4.drv'","type":105}
@nix {"action":"result","fields":[21,46,4,0],"id":240758686744578,"type":105}
@nix {"action":"result","fields":[0,0,0,0],"id":240758686744579,"type":105}
@nix {"action":"result","fields":[101,0],"id":240758686744577,"type":106}
@nix {"action":"result","fields":[100,0],"id":240758686744577,"type":106}
@nix {"action":"start","fields":["/Users/hetzner/obrador-shared-pins-20260909/round-2-baseline/wide-round-1-jobs-8/store/24cj7fzijikzzrnif3ixzaaigw89d42q-leaf-5.drv","",1,1],"id":240758686744605,"level":3,"parent":0,"text":"building '/Users/hetzner/obrador-shared-pins-20260909/round-2-baseline/wide-round-1-jobs-8/store/24cj7fzijikzzrnif3ixzaaigw89d42q-leaf-5.drv'","type":105}
@nix {"action":"result","fields":[21,46,5,0],"id":240758686744578,"type":105}
@nix {"action":"result","fields":[0,0,0,0],"id":240758686744579,"type":105}
@nix {"action":"result","fields":[101,0],"id":240758686744577,"type":106}
@nix {"action":"result","fields":[100,0],"id":240758686744577,"type":106}
@nix {"action":"start","fields":["/Users/hetzner/obrador-shared-pins-20260909/round-2-baseline/wide-round-1-jobs-8/store/5zxd4f14ga9j6s1rdd6i76h80zvbqn8y-leaf-6.drv","",1,1],"id":240758686744606,"level":3,"parent":0,"text":"building '/Users/hetzner/obrador-shared-pins-20260909/round-2-baseline/wide-round-1-jobs-8/store/5zxd4f14ga9j6s1rdd6i76h80zvbqn8y-leaf-6.drv'","type":105}
@nix {"action":"result","fields":[21,46,6,0],"id":240758686744578,"type":105}
@nix {"action":"result","fields":[0,0,0,0],"id":240758686744579,"type":105}
@nix {"action":"result","fields":[101,0],"id":240758686744577,"type":106}
@nix {"action":"result","fields":[100,0],"id":240758686744577,"type":106}
@nix {"action":"start","fields":["/Users/hetzner/obrador-shared-pins-20260909/round-2-baseline/wide-round-1-jobs-8/store/b6wy7nmpjnf88pja496bq1fmgx8kwj3p-leaf-7.drv","",1,1],"id":240758686744607,"level":3,"parent":0,"text":"building '/Users/hetzner/obrador-shared-pins-20260909/round-2-baseline/wide-round-1-jobs-8/store/b6wy7nmpjnf88pja496bq1fmgx8kwj3p-leaf-7.drv'","type":105}
@nix {"action":"result","fields":[21,46,7,0],"id":240758686744578,"type":105}
@nix {"action":"result","fields":[0,0,0,0],"id":240758686744579,"type":105}
@nix {"action":"result","fields":[101,0],"id":240758686744577,"type":106}
@nix {"action":"result","fields":[100,0],"id":240758686744577,"type":106}
@nix {"action":"start","fields":["/Users/hetzner/obrador-shared-pins-20260909/round-2-baseline/wide-round-1-jobs-8/store/x7yps48hddwp0qkrrjcahw21wcb5ry29-leaf-8.drv","",1,1],"id":240758686744608,"level":3,"parent":0,"text":"building '/Users/hetzner/obrador-shared-pins-20260909/round-2-baseline/wide-round-1-jobs-8/store/x7yps48hddwp0qkrrjcahw21wcb5ry29-leaf-8.drv'","type":105}
@nix {"action":"result","fields":[21,46,8,0],"id":240758686744578,"type":105}
@nix {"action":"result","fields":[0,0,0,0],"id":240758686744579,"type":105}
@nix {"action":"result","fields":[101,0],"id":240758686744577,"type":106}
@nix {"action":"result","fields":[100,0],"id":240758686744577,"type":106}
@nix {"action":"result","fields":[21,47,8,0],"id":240758686744578,"type":105}
@nix {"action":"result","fields":[0,0,0,0],"id":240758686744579,"type":105}
@nix {"action":"result","fields":[101,0],"id":240758686744577,"type":106}
@nix {"action":"result","fields":[100,0],"id":240758686744577,"type":106}
@nix {"action":"result","fields":[22,48,7,0],"id":240758686744578,"type":105}
@nix {"action":"result","fields":[0,0,0,0],"id":240758686744579,"type":105}
@nix {"action":"result","fields":[101,0],"id":240758686744577,"type":106}
@nix {"action":"result","fields":[100,0],"id":240758686744577,"type":106}
@nix {"action":"stop","id":240758686744602}
@nix {"action":"result","fields":[23,49,6,0],"id":240758686744578,"type":105}
@nix {"action":"result","fields":[0,0,0,0],"id":240758686744579,"type":105}
@nix {"action":"result","fields":[101,0],"id":240758686744577,"type":106}
@nix {"action":"result","fields":[100,0],"id":240758686744577,"type":106}
@nix {"action":"stop","id":240758686744601}
@nix {"action":"result","fields":[24,50,5,0],"id":240758686744578,"type":105}
@nix {"action":"result","fields":[0,0,0,0],"id":240758686744579,"type":105}
@nix {"action":"result","fields":[101,0],"id":240758686744577,"type":106}
@nix {"action":"result","fields":[100,0],"id":240758686744577,"type":106}
@nix {"action":"stop","id":240758686744603}
@nix {"action":"result","fields":[25,51,4,0],"id":240758686744578,"type":105}
@nix {"action":"result","fields":[0,0,0,0],"id":240758686744579,"type":105}
@nix {"action":"result","fields":[101,0],"id":240758686744577,"type":106}
@nix {"action":"result","fields":[100,0],"id":240758686744577,"type":106}
@nix {"action":"stop","id":240758686744604}
@nix {"action":"result","fields":[26,52,3,0],"id":240758686744578,"type":105}
@nix {"action":"result","fields":[0,0,0,0],"id":240758686744579,"type":105}
@nix {"action":"result","fields":[101,0],"id":240758686744577,"type":106}
@nix {"action":"result","fields":[100,0],"id":240758686744577,"type":106}
@nix {"action":"stop","id":240758686744605}
@nix {"action":"result","fields":[27,53,2,0],"id":240758686744578,"type":105}
@nix {"action":"result","fields":[0,0,0,0],"id":240758686744579,"type":105}
@nix {"action":"result","fields":[101,0],"id":240758686744577,"type":106}
@nix {"action":"result","fields":[100,0],"id":240758686744577,"type":106}
@nix {"action":"stop","id":240758686744606}
@nix {"action":"result","fields":[28,54,1,0],"id":240758686744578,"type":105}
@nix {"action":"result","fields":[0,0,0,0],"id":240758686744579,"type":105}
@nix {"action":"result","fields":[101,0],"id":240758686744577,"type":106}
@nix {"action":"result","fields":[100,0],"id":240758686744577,"type":106}
@nix {"action":"stop","id":240758686744607}
@nix {"action":"start","fields":["/Users/hetzner/obrador-shared-pins-20260909/round-2-baseline/wide-round-1-jobs-8/store/9i8jj3mbdygqs9wz2z3b1k585rzawkrx-leaf-10.drv","",1,1],"id":240758686744609,"level":3,"parent":0,"text":"building '/Users/hetzner/obrador-shared-pins-20260909/round-2-baseline/wide-round-1-jobs-8/store/9i8jj3mbdygqs9wz2z3b1k585rzawkrx-leaf-10.drv'","type":105}
@nix {"action":"result","fields":[28,47,2,0],"id":240758686744578,"type":105}
@nix {"action":"result","fields":[0,0,0,0],"id":240758686744579,"type":105}
@nix {"action":"result","fields":[101,0],"id":240758686744577,"type":106}
@nix {"action":"result","fields":[100,0],"id":240758686744577,"type":106}
@nix {"action":"start","fields":["/Users/hetzner/obrador-shared-pins-20260909/round-2-baseline/wide-round-1-jobs-8/store/rk1f79v8bv6mx84k2xwwx43xa55gzf7l-leaf-26.drv.drv","",1,1],"id":240758686744610,"level":3,"parent":0,"text":"building '/Users/hetzner/obrador-shared-pins-20260909/round-2-baseline/wide-round-1-jobs-8/store/rk1f79v8bv6mx84k2xwwx43xa55gzf7l-leaf-26.drv.drv'","type":105}
@nix {"action":"result","fields":[28,47,3,0],"id":240758686744578,"type":105}
@nix {"action":"result","fields":[0,0,0,0],"id":240758686744579,"type":105}
@nix {"action":"result","fields":[101,0],"id":240758686744577,"type":106}
@nix {"action":"result","fields":[100,0],"id":240758686744577,"type":106}
@nix {"action":"start","fields":["/Users/hetzner/obrador-shared-pins-20260909/round-2-baseline/wide-round-1-jobs-8/store/w2q0j97jaad5q4ij358gl318bzz5lax4-leaf-27.drv.drv","",1,1],"id":240758686744611,"level":3,"parent":0,"text":"building '/Users/hetzner/obrador-shared-pins-20260909/round-2-baseline/wide-round-1-jobs-8/store/w2q0j97jaad5q4ij358gl318bzz5lax4-leaf-27.drv.drv'","type":105}
@nix {"action":"result","fields":[28,47,4,0],"id":240758686744578,"type":105}
@nix {"action":"result","fields":[0,0,0,0],"id":240758686744579,"type":105}
@nix {"action":"result","fields":[101,0],"id":240758686744577,"type":106}
@nix {"action":"result","fields":[100,0],"id":240758686744577,"type":106}
@nix {"action":"start","fields":["/Users/hetzner/obrador-shared-pins-20260909/round-2-baseline/wide-round-1-jobs-8/store/n14hp71jwfqkw1jvxykw34cimhlgq137-leaf-28.drv.drv","",1,1],"id":240758686744612,"level":3,"parent":0,"text":"building '/Users/hetzner/obrador-shared-pins-20260909/round-2-baseline/wide-round-1-jobs-8/store/n14hp71jwfqkw1jvxykw34cimhlgq137-leaf-28.drv.drv'","type":105}
@nix {"action":"result","fields":[28,47,5,0],"id":240758686744578,"type":105}
@nix {"action":"result","fields":[0,0,0,0],"id":240758686744579,"type":105}
@nix {"action":"result","fields":[101,0],"id":240758686744577,"type":106}
@nix {"action":"result","fields":[100,0],"id":240758686744577,"type":106}
@nix {"action":"start","fields":["/Users/hetzner/obrador-shared-pins-20260909/round-2-baseline/wide-round-1-jobs-8/store/5v442siam382ck3yh59zapmfsfpj41w4-leaf-29.drv.drv","",1,1],"id":240758686744613,"level":3,"parent":0,"text":"building '/Users/hetzner/obrador-shared-pins-20260909/round-2-baseline/wide-round-1-jobs-8/store/5v442siam382ck3yh59zapmfsfpj41w4-leaf-29.drv.drv'","type":105}
@nix {"action":"result","fields":[28,47,6,0],"id":240758686744578,"type":105}
@nix {"action":"result","fields":[0,0,0,0],"id":240758686744579,"type":105}
@nix {"action":"result","fields":[101,0],"id":240758686744577,"type":106}
@nix {"action":"result","fields":[100,0],"id":240758686744577,"type":106}
@nix {"action":"start","fields":["/Users/hetzner/obrador-shared-pins-20260909/round-2-baseline/wide-round-1-jobs-8/store/gdvj2n1kgjgry0dndcsmglc8d8cb3iaf-leaf-3.drv.drv","",1,1],"id":240758686744614,"level":3,"parent":0,"text":"building '/Users/hetzner/obrador-shared-pins-20260909/round-2-baseline/wide-round-1-jobs-8/store/gdvj2n1kgjgry0dndcsmglc8d8cb3iaf-leaf-3.drv.drv'","type":105}
@nix {"action":"result","fields":[28,47,7,0],"id":240758686744578,"type":105}
@nix {"action":"result","fields":[0,0,0,0],"id":240758686744579,"type":105}
@nix {"action":"result","fields":[101,0],"id":240758686744577,"type":106}
@nix {"action":"result","fields":[100,0],"id":240758686744577,"type":106}
@nix {"action":"start","fields":["/Users/hetzner/obrador-shared-pins-20260909/round-2-baseline/wide-round-1-jobs-8/store/wz1m4pk3n97hzdxmrgmxy98zg18hzwx9-leaf-9.drv","",1,1],"id":240758686744615,"level":3,"parent":0,"text":"building '/Users/hetzner/obrador-shared-pins-20260909/round-2-baseline/wide-round-1-jobs-8/store/wz1m4pk3n97hzdxmrgmxy98zg18hzwx9-leaf-9.drv'","type":105}
@nix {"action":"result","fields":[28,47,8,0],"id":240758686744578,"type":105}
@nix {"action":"result","fields":[0,0,0,0],"id":240758686744579,"type":105}
@nix {"action":"result","fields":[101,0],"id":240758686744577,"type":106}
@nix {"action":"result","fields":[100,0],"id":240758686744577,"type":106}
@nix {"action":"result","fields":[28,48,8,0],"id":240758686744578,"type":105}
@nix {"action":"result","fields":[0,0,0,0],"id":240758686744579,"type":105}
@nix {"action":"result","fields":[101,0],"id":240758686744577,"type":106}
@nix {"action":"result","fields":[100,0],"id":240758686744577,"type":106}
@nix {"action":"result","fields":[29,49,7,0],"id":240758686744578,"type":105}
@nix {"action":"result","fields":[0,0,0,0],"id":240758686744579,"type":105}
@nix {"action":"result","fields":[101,0],"id":240758686744577,"type":106}
@nix {"action":"result","fields":[100,0],"id":240758686744577,"type":106}
@nix {"action":"stop","id":240758686744609}
@nix {"action":"result","fields":[30,50,6,0],"id":240758686744578,"type":105}
@nix {"action":"result","fields":[0,0,0,0],"id":240758686744579,"type":105}
@nix {"action":"result","fields":[101,0],"id":240758686744577,"type":106}
@nix {"action":"result","fields":[100,0],"id":240758686744577,"type":106}
@nix {"action":"stop","id":240758686744610}
@nix {"action":"result","fields":[31,51,5,0],"id":240758686744578,"type":105}
@nix {"action":"result","fields":[0,0,0,0],"id":240758686744579,"type":105}
@nix {"action":"result","fields":[101,0],"id":240758686744577,"type":106}
@nix {"action":"result","fields":[100,0],"id":240758686744577,"type":106}
@nix {"action":"stop","id":240758686744611}
@nix {"action":"result","fields":[32,52,4,0],"id":240758686744578,"type":105}
@nix {"action":"result","fields":[0,0,0,0],"id":240758686744579,"type":105}
@nix {"action":"result","fields":[101,0],"id":240758686744577,"type":106}
@nix {"action":"result","fields":[100,0],"id":240758686744577,"type":106}
@nix {"action":"stop","id":240758686744612}
@nix {"action":"result","fields":[33,53,3,0],"id":240758686744578,"type":105}
@nix {"action":"result","fields":[0,0,0,0],"id":240758686744579,"type":105}
@nix {"action":"result","fields":[101,0],"id":240758686744577,"type":106}
@nix {"action":"result","fields":[100,0],"id":240758686744577,"type":106}
@nix {"action":"stop","id":240758686744613}
@nix {"action":"result","fields":[34,54,2,0],"id":240758686744578,"type":105}
@nix {"action":"result","fields":[0,0,0,0],"id":240758686744579,"type":105}
@nix {"action":"result","fields":[101,0],"id":240758686744577,"type":106}
@nix {"action":"result","fields":[100,0],"id":240758686744577,"type":106}
@nix {"action":"stop","id":240758686744614}
@nix {"action":"result","fields":[35,55,1,0],"id":240758686744578,"type":105}
@nix {"action":"result","fields":[0,0,0,0],"id":240758686744579,"type":105}
@nix {"action":"result","fields":[101,0],"id":240758686744577,"type":106}
@nix {"action":"result","fields":[100,0],"id":240758686744577,"type":106}
@nix {"action":"stop","id":240758686744608}
@nix {"action":"start","fields":["/Users/hetzner/obrador-shared-pins-20260909/round-2-baseline/wide-round-1-jobs-8/store/64bldm4k11jp1bl56zrqljazvz3yk05q-leaf-20.drv.drv","",1,1],"id":240758686744616,"level":3,"parent":0,"text":"building '/Users/hetzner/obrador-shared-pins-20260909/round-2-baseline/wide-round-1-jobs-8/store/64bldm4k11jp1bl56zrqljazvz3yk05q-leaf-20.drv.drv'","type":105}
@nix {"action":"result","fields":[35,48,2,0],"id":240758686744578,"type":105}
@nix {"action":"result","fields":[0,0,0,0],"id":240758686744579,"type":105}
@nix {"action":"result","fields":[101,0],"id":240758686744577,"type":106}
@nix {"action":"result","fields":[100,0],"id":240758686744577,"type":106}
@nix {"action":"start","fields":["/Users/hetzner/obrador-shared-pins-20260909/round-2-baseline/wide-round-1-jobs-8/store/ndlpjy91qa7vwanvbyw0b91gdhdnbv1b-leaf-21.drv.drv","",1,1],"id":240758686744617,"level":3,"parent":0,"text":"building '/Users/hetzner/obrador-shared-pins-20260909/round-2-baseline/wide-round-1-jobs-8/store/ndlpjy91qa7vwanvbyw0b91gdhdnbv1b-leaf-21.drv.drv'","type":105}
@nix {"action":"result","fields":[35,48,3,0],"id":240758686744578,"type":105}
@nix {"action":"result","fields":[0,0,0,0],"id":240758686744579,"type":105}
@nix {"action":"result","fields":[101,0],"id":240758686744577,"type":106}
@nix {"action":"result","fields":[100,0],"id":240758686744577,"type":106}
@nix {"action":"start","fields":["/Users/hetzner/obrador-shared-pins-20260909/round-2-baseline/wide-round-1-jobs-8/store/47wic7cmh2vd05d1gaxfxlvmqcikp3h9-leaf-22.drv.drv","",1,1],"id":240758686744618,"level":3,"parent":0,"text":"building '/Users/hetzner/obrador-shared-pins-20260909/round-2-baseline/wide-round-1-jobs-8/store/47wic7cmh2vd05d1gaxfxlvmqcikp3h9-leaf-22.drv.drv'","type":105}
@nix {"action":"result","fields":[35,48,4,0],"id":240758686744578,"type":105}
@nix {"action":"result","fields":[0,0,0,0],"id":240758686744579,"type":105}
@nix {"action":"result","fields":[101,0],"id":240758686744577,"type":106}
@nix {"action":"result","fields":[100,0],"id":240758686744577,"type":106}
@nix {"action":"start","fields":["/Users/hetzner/obrador-shared-pins-20260909/round-2-baseline/wide-round-1-jobs-8/store/zagwjdssdgd8kmp53isi9v3y1jbsmzsl-leaf-23.drv.drv","",1,1],"id":240758686744619,"level":3,"parent":0,"text":"building '/Users/hetzner/obrador-shared-pins-20260909/round-2-baseline/wide-round-1-jobs-8/store/zagwjdssdgd8kmp53isi9v3y1jbsmzsl-leaf-23.drv.drv'","type":105}
@nix {"action":"result","fields":[35,48,5,0],"id":240758686744578,"type":105}
@nix {"action":"result","fields":[0,0,0,0],"id":240758686744579,"type":105}
@nix {"action":"result","fields":[101,0],"id":240758686744577,"type":106}
@nix {"action":"result","fields":[100,0],"id":240758686744577,"type":106}
@nix {"action":"start","fields":["/Users/hetzner/obrador-shared-pins-20260909/round-2-baseline/wide-round-1-jobs-8/store/wf8pi0l8qx02ky8kcsnni4wnqdrwi26m-leaf-24.drv.drv","",1,1],"id":240758686744620,"level":3,"parent":0,"text":"building '/Users/hetzner/obrador-shared-pins-20260909/round-2-baseline/wide-round-1-jobs-8/store/wf8pi0l8qx02ky8kcsnni4wnqdrwi26m-leaf-24.drv.drv'","type":105}
@nix {"action":"result","fields":[35,48,6,0],"id":240758686744578,"type":105}
@nix {"action":"result","fields":[0,0,0,0],"id":240758686744579,"type":105}
@nix {"action":"result","fields":[101,0],"id":240758686744577,"type":106}
@nix {"action":"result","fields":[100,0],"id":240758686744577,"type":106}
@nix {"action":"start","fields":["/Users/hetzner/obrador-shared-pins-20260909/round-2-baseline/wide-round-1-jobs-8/store/yq0limig789brksrxlqkw4cc72qcazan-leaf-25.drv.drv","",1,1],"id":240758686744621,"level":3,"parent":0,"text":"building '/Users/hetzner/obrador-shared-pins-20260909/round-2-baseline/wide-round-1-jobs-8/store/yq0limig789brksrxlqkw4cc72qcazan-leaf-25.drv.drv'","type":105}
@nix {"action":"result","fields":[35,48,7,0],"id":240758686744578,"type":105}
@nix {"action":"result","fields":[0,0,0,0],"id":240758686744579,"type":105}
@nix {"action":"result","fields":[101,0],"id":240758686744577,"type":106}
@nix {"action":"result","fields":[100,0],"id":240758686744577,"type":106}
@nix {"action":"start","fields":["/Users/hetzner/obrador-shared-pins-20260909/round-2-baseline/wide-round-1-jobs-8/store/97zpx7chpahf9py70i5bqjb9pq42snml-leaf-30.drv","",1,1],"id":240758686744622,"level":3,"parent":0,"text":"building '/Users/hetzner/obrador-shared-pins-20260909/round-2-baseline/wide-round-1-jobs-8/store/97zpx7chpahf9py70i5bqjb9pq42snml-leaf-30.drv'","type":105}
@nix {"action":"result","fields":[35,48,8,0],"id":240758686744578,"type":105}
@nix {"action":"result","fields":[0,0,0,0],"id":240758686744579,"type":105}
@nix {"action":"result","fields":[101,0],"id":240758686744577,"type":106}
@nix {"action":"result","fields":[100,0],"id":240758686744577,"type":106}
@nix {"action":"result","fields":[35,49,8,0],"id":240758686744578,"type":105}
@nix {"action":"result","fields":[0,0,0,0],"id":240758686744579,"type":105}
@nix {"action":"result","fields":[101,0],"id":240758686744577,"type":106}
@nix {"action":"result","fields":[100,0],"id":240758686744577,"type":106}
@nix {"action":"result","fields":[35,50,8,0],"id":240758686744578,"type":105}
@nix {"action":"result","fields":[0,0,0,0],"id":240758686744579,"type":105}
@nix {"action":"result","fields":[101,0],"id":240758686744577,"type":106}
@nix {"action":"result","fields":[100,0],"id":240758686744577,"type":106}
@nix {"action":"result","fields":[35,51,8,0],"id":240758686744578,"type":105}
@nix {"action":"result","fields":[0,0,0,0],"id":240758686744579,"type":105}
@nix {"action":"result","fields":[101,0],"id":240758686744577,"type":106}
@nix {"action":"result","fields":[100,0],"id":240758686744577,"type":106}
@nix {"action":"result","fields":[35,52,8,0],"id":240758686744578,"type":105}
@nix {"action":"result","fields":[0,0,0,0],"id":240758686744579,"type":105}
@nix {"action":"result","fields":[101,0],"id":240758686744577,"type":106}
@nix {"action":"result","fields":[100,0],"id":240758686744577,"type":106}
@nix {"action":"result","fields":[35,53,8,0],"id":240758686744578,"type":105}
@nix {"action":"result","fields":[0,0,0,0],"id":240758686744579,"type":105}
@nix {"action":"result","fields":[101,0],"id":240758686744577,"type":106}
@nix {"action":"result","fields":[100,0],"id":240758686744577,"type":106}
@nix {"action":"result","fields":[36,54,7,0],"id":240758686744578,"type":105}
@nix {"action":"result","fields":[0,0,0,0],"id":240758686744579,"type":105}
@nix {"action":"result","fields":[101,0],"id":240758686744577,"type":106}
@nix {"action":"result","fields":[100,0],"id":240758686744577,"type":106}
@nix {"action":"stop","id":240758686744616}
@nix {"action":"result","fields":[37,55,6,0],"id":240758686744578,"type":105}
@nix {"action":"result","fields":[0,0,0,0],"id":240758686744579,"type":105}
@nix {"action":"result","fields":[101,0],"id":240758686744577,"type":106}
@nix {"action":"result","fields":[100,0],"id":240758686744577,"type":106}
@nix {"action":"stop","id":240758686744617}
@nix {"action":"result","fields":[38,56,5,0],"id":240758686744578,"type":105}
@nix {"action":"result","fields":[0,0,0,0],"id":240758686744579,"type":105}
@nix {"action":"result","fields":[101,0],"id":240758686744577,"type":106}
@nix {"action":"result","fields":[100,0],"id":240758686744577,"type":106}
@nix {"action":"stop","id":240758686744618}
@nix {"action":"result","fields":[39,57,4,0],"id":240758686744578,"type":105}
@nix {"action":"result","fields":[0,0,0,0],"id":240758686744579,"type":105}
@nix {"action":"result","fields":[101,0],"id":240758686744577,"type":106}
@nix {"action":"result","fields":[100,0],"id":240758686744577,"type":106}
@nix {"action":"stop","id":240758686744619}
@nix {"action":"result","fields":[40,58,3,0],"id":240758686744578,"type":105}
@nix {"action":"result","fields":[0,0,0,0],"id":240758686744579,"type":105}
@nix {"action":"result","fields":[101,0],"id":240758686744577,"type":106}
@nix {"action":"result","fields":[100,0],"id":240758686744577,"type":106}
@nix {"action":"stop","id":240758686744620}
@nix {"action":"result","fields":[41,59,2,0],"id":240758686744578,"type":105}
@nix {"action":"result","fields":[0,0,0,0],"id":240758686744579,"type":105}
@nix {"action":"result","fields":[101,0],"id":240758686744577,"type":106}
@nix {"action":"result","fields":[100,0],"id":240758686744577,"type":106}
@nix {"action":"stop","id":240758686744621}
@nix {"action":"result","fields":[42,60,1,0],"id":240758686744578,"type":105}
@nix {"action":"result","fields":[0,0,0,0],"id":240758686744579,"type":105}
@nix {"action":"result","fields":[101,0],"id":240758686744577,"type":106}
@nix {"action":"result","fields":[100,0],"id":240758686744577,"type":106}
@nix {"action":"stop","id":240758686744615}
@nix {"action":"start","fields":["/Users/hetzner/obrador-shared-pins-20260909/round-2-baseline/wide-round-1-jobs-8/store/3759cjr03xjgvbwi6m34kgcrna2l219c-leaf-16.drv.drv","",1,1],"id":240758686744623,"level":3,"parent":0,"text":"building '/Users/hetzner/obrador-shared-pins-20260909/round-2-baseline/wide-round-1-jobs-8/store/3759cjr03xjgvbwi6m34kgcrna2l219c-leaf-16.drv.drv'","type":105}
@nix {"action":"result","fields":[42,53,2,0],"id":240758686744578,"type":105}
@nix {"action":"result","fields":[0,0,0,0],"id":240758686744579,"type":105}
@nix {"action":"result","fields":[101,0],"id":240758686744577,"type":106}
@nix {"action":"result","fields":[100,0],"id":240758686744577,"type":106}
@nix {"action":"start","fields":["/Users/hetzner/obrador-shared-pins-20260909/round-2-baseline/wide-round-1-jobs-8/store/r892279j3lcc8flqndixmnnxhhdkkiw9-leaf-17.drv.drv","",1,1],"id":240758686744624,"level":3,"parent":0,"text":"building '/Users/hetzner/obrador-shared-pins-20260909/round-2-baseline/wide-round-1-jobs-8/store/r892279j3lcc8flqndixmnnxhhdkkiw9-leaf-17.drv.drv'","type":105}
@nix {"action":"result","fields":[42,53,3,0],"id":240758686744578,"type":105}
@nix {"action":"result","fields":[0,0,0,0],"id":240758686744579,"type":105}
@nix {"action":"result","fields":[101,0],"id":240758686744577,"type":106}
@nix {"action":"result","fields":[100,0],"id":240758686744577,"type":106}
@nix {"action":"start","fields":["/Users/hetzner/obrador-shared-pins-20260909/round-2-baseline/wide-round-1-jobs-8/store/8rwxd1wsfr4n7d1da15jbjhkraqy32x6-leaf-26.drv","",1,1],"id":240758686744625,"level":3,"parent":0,"text":"building '/Users/hetzner/obrador-shared-pins-20260909/round-2-baseline/wide-round-1-jobs-8/store/8rwxd1wsfr4n7d1da15jbjhkraqy32x6-leaf-26.drv'","type":105}
@nix {"action":"result","fields":[42,53,4,0],"id":240758686744578,"type":105}
@nix {"action":"result","fields":[0,0,0,0],"id":240758686744579,"type":105}
@nix {"action":"result","fields":[101,0],"id":240758686744577,"type":106}
@nix {"action":"result","fields":[100,0],"id":240758686744577,"type":106}
@nix {"action":"start","fields":["/Users/hetzner/obrador-shared-pins-20260909/round-2-baseline/wide-round-1-jobs-8/store/4682vp8hlym7cki0f5q53yg3gr014vn5-leaf-27.drv","",1,1],"id":240758686744626,"level":3,"parent":0,"text":"building '/Users/hetzner/obrador-shared-pins-20260909/round-2-baseline/wide-round-1-jobs-8/store/4682vp8hlym7cki0f5q53yg3gr014vn5-leaf-27.drv'","type":105}
@nix {"action":"result","fields":[42,53,5,0],"id":240758686744578,"type":105}
@nix {"action":"result","fields":[0,0,0,0],"id":240758686744579,"type":105}
@nix {"action":"result","fields":[101,0],"id":240758686744577,"type":106}
@nix {"action":"result","fields":[100,0],"id":240758686744577,"type":106}
@nix {"action":"start","fields":["/Users/hetzner/obrador-shared-pins-20260909/round-2-baseline/wide-round-1-jobs-8/store/y9w2783iv35zxjwlj9v77xa5ckvvzxlj-leaf-28.drv","",1,1],"id":240758686744627,"level":3,"parent":0,"text":"building '/Users/hetzner/obrador-shared-pins-20260909/round-2-baseline/wide-round-1-jobs-8/store/y9w2783iv35zxjwlj9v77xa5ckvvzxlj-leaf-28.drv'","type":105}
@nix {"action":"result","fields":[42,53,6,0],"id":240758686744578,"type":105}
@nix {"action":"result","fields":[0,0,0,0],"id":240758686744579,"type":105}
@nix {"action":"result","fields":[101,0],"id":240758686744577,"type":106}
@nix {"action":"result","fields":[100,0],"id":240758686744577,"type":106}
@nix {"action":"start","fields":["/Users/hetzner/obrador-shared-pins-20260909/round-2-baseline/wide-round-1-jobs-8/store/6n0rm40kisbww692xqhpip8fyi7ivcmk-leaf-29.drv","",1,1],"id":240758686744628,"level":3,"parent":0,"text":"building '/Users/hetzner/obrador-shared-pins-20260909/round-2-baseline/wide-round-1-jobs-8/store/6n0rm40kisbww692xqhpip8fyi7ivcmk-leaf-29.drv'","type":105}
@nix {"action":"result","fields":[42,53,7,0],"id":240758686744578,"type":105}
@nix {"action":"result","fields":[0,0,0,0],"id":240758686744579,"type":105}
@nix {"action":"result","fields":[101,0],"id":240758686744577,"type":106}
@nix {"action":"result","fields":[100,0],"id":240758686744577,"type":106}
@nix {"action":"start","fields":["/Users/hetzner/obrador-shared-pins-20260909/round-2-baseline/wide-round-1-jobs-8/store/5rn1m0mjfx65192i8rqzmbgg0cv6sx8k-leaf-3.drv","",1,1],"id":240758686744629,"level":3,"parent":0,"text":"building '/Users/hetzner/obrador-shared-pins-20260909/round-2-baseline/wide-round-1-jobs-8/store/5rn1m0mjfx65192i8rqzmbgg0cv6sx8k-leaf-3.drv'","type":105}
@nix {"action":"result","fields":[42,53,8,0],"id":240758686744578,"type":105}
@nix {"action":"result","fields":[0,0,0,0],"id":240758686744579,"type":105}
@nix {"action":"result","fields":[101,0],"id":240758686744577,"type":106}
@nix {"action":"result","fields":[100,0],"id":240758686744577,"type":106}
@nix {"action":"result","fields":[42,54,8,0],"id":240758686744578,"type":105}
@nix {"action":"result","fields":[0,0,0,0],"id":240758686744579,"type":105}
@nix {"action":"result","fields":[101,0],"id":240758686744577,"type":106}
@nix {"action":"result","fields":[100,0],"id":240758686744577,"type":106}
@nix {"action":"result","fields":[42,55,8,0],"id":240758686744578,"type":105}
@nix {"action":"result","fields":[0,0,0,0],"id":240758686744579,"type":105}
@nix {"action":"result","fields":[101,0],"id":240758686744577,"type":106}
@nix {"action":"result","fields":[100,0],"id":240758686744577,"type":106}
@nix {"action":"result","fields":[42,56,8,0],"id":240758686744578,"type":105}
@nix {"action":"result","fields":[0,0,0,0],"id":240758686744579,"type":105}
@nix {"action":"result","fields":[101,0],"id":240758686744577,"type":106}
@nix {"action":"result","fields":[100,0],"id":240758686744577,"type":106}
@nix {"action":"result","fields":[42,57,8,0],"id":240758686744578,"type":105}
@nix {"action":"result","fields":[0,0,0,0],"id":240758686744579,"type":105}
@nix {"action":"result","fields":[101,0],"id":240758686744577,"type":106}
@nix {"action":"result","fields":[100,0],"id":240758686744577,"type":106}
@nix {"action":"result","fields":[42,58,8,0],"id":240758686744578,"type":105}
@nix {"action":"result","fields":[0,0,0,0],"id":240758686744579,"type":105}
@nix {"action":"result","fields":[101,0],"id":240758686744577,"type":106}
@nix {"action":"result","fields":[100,0],"id":240758686744577,"type":106}
@nix {"action":"result","fields":[42,59,8,0],"id":240758686744578,"type":105}
@nix {"action":"result","fields":[0,0,0,0],"id":240758686744579,"type":105}
@nix {"action":"result","fields":[101,0],"id":240758686744577,"type":106}
@nix {"action":"result","fields":[100,0],"id":240758686744577,"type":106}
@nix {"action":"result","fields":[43,60,7,0],"id":240758686744578,"type":105}
@nix {"action":"result","fields":[0,0,0,0],"id":240758686744579,"type":105}
@nix {"action":"result","fields":[101,0],"id":240758686744577,"type":106}
@nix {"action":"result","fields":[100,0],"id":240758686744577,"type":106}
@nix {"action":"stop","id":240758686744623}
@nix {"action":"result","fields":[44,61,6,0],"id":240758686744578,"type":105}
@nix {"action":"result","fields":[0,0,0,0],"id":240758686744579,"type":105}
@nix {"action":"result","fields":[101,0],"id":240758686744577,"type":106}
@nix {"action":"result","fields":[100,0],"id":240758686744577,"type":106}
@nix {"action":"stop","id":240758686744624}
@nix {"action":"result","fields":[45,62,5,0],"id":240758686744578,"type":105}
@nix {"action":"result","fields":[0,0,0,0],"id":240758686744579,"type":105}
@nix {"action":"result","fields":[101,0],"id":240758686744577,"type":106}
@nix {"action":"result","fields":[100,0],"id":240758686744577,"type":106}
@nix {"action":"stop","id":240758686744625}
@nix {"action":"result","fields":[46,63,4,0],"id":240758686744578,"type":105}
@nix {"action":"result","fields":[0,0,0,0],"id":240758686744579,"type":105}
@nix {"action":"result","fields":[101,0],"id":240758686744577,"type":106}
@nix {"action":"result","fields":[100,0],"id":240758686744577,"type":106}
@nix {"action":"stop","id":240758686744626}
@nix {"action":"result","fields":[47,64,3,0],"id":240758686744578,"type":105}
@nix {"action":"result","fields":[0,0,0,0],"id":240758686744579,"type":105}
@nix {"action":"result","fields":[101,0],"id":240758686744577,"type":106}
@nix {"action":"result","fields":[100,0],"id":240758686744577,"type":106}
@nix {"action":"stop","id":240758686744627}
@nix {"action":"result","fields":[48,65,2,0],"id":240758686744578,"type":105}
@nix {"action":"result","fields":[0,0,0,0],"id":240758686744579,"type":105}
@nix {"action":"result","fields":[101,0],"id":240758686744577,"type":106}
@nix {"action":"result","fields":[100,0],"id":240758686744577,"type":106}
@nix {"action":"stop","id":240758686744628}
@nix {"action":"result","fields":[49,66,1,0],"id":240758686744578,"type":105}
@nix {"action":"result","fields":[0,0,0,0],"id":240758686744579,"type":105}
@nix {"action":"result","fields":[101,0],"id":240758686744577,"type":106}
@nix {"action":"result","fields":[100,0],"id":240758686744577,"type":106}
@nix {"action":"stop","id":240758686744622}
@nix {"action":"start","fields":["/Users/hetzner/obrador-shared-pins-20260909/round-2-baseline/wide-round-1-jobs-8/store/a9wfvb06v40sqflxzrngnv10c6rxq149-leaf-18.drv.drv","",1,1],"id":240758686744630,"level":3,"parent":0,"text":"building '/Users/hetzner/obrador-shared-pins-20260909/round-2-baseline/wide-round-1-jobs-8/store/a9wfvb06v40sqflxzrngnv10c6rxq149-leaf-18.drv.drv'","type":105}
@nix {"action":"result","fields":[49,59,2,0],"id":240758686744578,"type":105}
@nix {"action":"result","fields":[0,0,0,0],"id":240758686744579,"type":105}
@nix {"action":"result","fields":[101,0],"id":240758686744577,"type":106}
@nix {"action":"result","fields":[100,0],"id":240758686744577,"type":106}
@nix {"action":"start","fields":["/Users/hetzner/obrador-shared-pins-20260909/round-2-baseline/wide-round-1-jobs-8/store/7wms0837j5v50x1lwampbz588cm1gc3i-leaf-20.drv","",1,1],"id":240758686744631,"level":3,"parent":0,"text":"building '/Users/hetzner/obrador-shared-pins-20260909/round-2-baseline/wide-round-1-jobs-8/store/7wms0837j5v50x1lwampbz588cm1gc3i-leaf-20.drv'","type":105}
@nix {"action":"result","fields":[49,59,3,0],"id":240758686744578,"type":105}
@nix {"action":"result","fields":[0,0,0,0],"id":240758686744579,"type":105}
@nix {"action":"result","fields":[101,0],"id":240758686744577,"type":106}
@nix {"action":"result","fields":[100,0],"id":240758686744577,"type":106}
@nix {"action":"start","fields":["/Users/hetzner/obrador-shared-pins-20260909/round-2-baseline/wide-round-1-jobs-8/store/f810691zmzakybaaq3ixd0mhc4hi0rg7-leaf-21.drv","",1,1],"id":240758686744632,"level":3,"parent":0,"text":"building '/Users/hetzner/obrador-shared-pins-20260909/round-2-baseline/wide-round-1-jobs-8/store/f810691zmzakybaaq3ixd0mhc4hi0rg7-leaf-21.drv'","type":105}
@nix {"action":"result","fields":[49,59,4,0],"id":240758686744578,"type":105}
@nix {"action":"result","fields":[0,0,0,0],"id":240758686744579,"type":105}
@nix {"action":"result","fields":[101,0],"id":240758686744577,"type":106}
@nix {"action":"result","fields":[100,0],"id":240758686744577,"type":106}
@nix {"action":"start","fields":["/Users/hetzner/obrador-shared-pins-20260909/round-2-baseline/wide-round-1-jobs-8/store/azf8cgvhnlb58ns13nkj2p1a0wyq39zg-leaf-22.drv","",1,1],"id":240758686744633,"level":3,"parent":0,"text":"building '/Users/hetzner/obrador-shared-pins-20260909/round-2-baseline/wide-round-1-jobs-8/store/azf8cgvhnlb58ns13nkj2p1a0wyq39zg-leaf-22.drv'","type":105}
@nix {"action":"result","fields":[49,59,5,0],"id":240758686744578,"type":105}
@nix {"action":"result","fields":[0,0,0,0],"id":240758686744579,"type":105}
@nix {"action":"result","fields":[101,0],"id":240758686744577,"type":106}
@nix {"action":"result","fields":[100,0],"id":240758686744577,"type":106}
@nix {"action":"start","fields":["/Users/hetzner/obrador-shared-pins-20260909/round-2-baseline/wide-round-1-jobs-8/store/bf08v1hc10ras8hkmh5a98m43w5islfb-leaf-23.drv","",1,1],"id":240758686744634,"level":3,"parent":0,"text":"building '/Users/hetzner/obrador-shared-pins-20260909/round-2-baseline/wide-round-1-jobs-8/store/bf08v1hc10ras8hkmh5a98m43w5islfb-leaf-23.drv'","type":105}
@nix {"action":"result","fields":[49,59,6,0],"id":240758686744578,"type":105}
@nix {"action":"result","fields":[0,0,0,0],"id":240758686744579,"type":105}
@nix {"action":"result","fields":[101,0],"id":240758686744577,"type":106}
@nix {"action":"result","fields":[100,0],"id":240758686744577,"type":106}
@nix {"action":"start","fields":["/Users/hetzner/obrador-shared-pins-20260909/round-2-baseline/wide-round-1-jobs-8/store/z2pskh1mqnp5ibjfvxddf5dnmx31jfg3-leaf-24.drv","",1,1],"id":240758686744635,"level":3,"parent":0,"text":"building '/Users/hetzner/obrador-shared-pins-20260909/round-2-baseline/wide-round-1-jobs-8/store/z2pskh1mqnp5ibjfvxddf5dnmx31jfg3-leaf-24.drv'","type":105}
@nix {"action":"result","fields":[49,59,7,0],"id":240758686744578,"type":105}
@nix {"action":"result","fields":[0,0,0,0],"id":240758686744579,"type":105}
@nix {"action":"result","fields":[101,0],"id":240758686744577,"type":106}
@nix {"action":"result","fields":[100,0],"id":240758686744577,"type":106}
@nix {"action":"start","fields":["/Users/hetzner/obrador-shared-pins-20260909/round-2-baseline/wide-round-1-jobs-8/store/vm0hl2z8zcml526g9zakdbgdxskcinlp-leaf-25.drv","",1,1],"id":240758686744636,"level":3,"parent":0,"text":"building '/Users/hetzner/obrador-shared-pins-20260909/round-2-baseline/wide-round-1-jobs-8/store/vm0hl2z8zcml526g9zakdbgdxskcinlp-leaf-25.drv'","type":105}
@nix {"action":"result","fields":[49,59,8,0],"id":240758686744578,"type":105}
@nix {"action":"result","fields":[0,0,0,0],"id":240758686744579,"type":105}
@nix {"action":"result","fields":[101,0],"id":240758686744577,"type":106}
@nix {"action":"result","fields":[100,0],"id":240758686744577,"type":106}
@nix {"action":"result","fields":[49,60,8,0],"id":240758686744578,"type":105}
@nix {"action":"result","fields":[0,0,0,0],"id":240758686744579,"type":105}
@nix {"action":"result","fields":[101,0],"id":240758686744577,"type":106}
@nix {"action":"result","fields":[100,0],"id":240758686744577,"type":106}
@nix {"action":"result","fields":[49,61,8,0],"id":240758686744578,"type":105}
@nix {"action":"result","fields":[0,0,0,0],"id":240758686744579,"type":105}
@nix {"action":"result","fields":[101,0],"id":240758686744577,"type":106}
@nix {"action":"result","fields":[100,0],"id":240758686744577,"type":106}
@nix {"action":"result","fields":[50,62,7,0],"id":240758686744578,"type":105}
@nix {"action":"result","fields":[0,0,0,0],"id":240758686744579,"type":105}
@nix {"action":"result","fields":[101,0],"id":240758686744577,"type":106}
@nix {"action":"result","fields":[100,0],"id":240758686744577,"type":106}
@nix {"action":"stop","id":240758686744630}
@nix {"action":"result","fields":[51,63,6,0],"id":240758686744578,"type":105}
@nix {"action":"result","fields":[0,0,0,0],"id":240758686744579,"type":105}
@nix {"action":"result","fields":[101,0],"id":240758686744577,"type":106}
@nix {"action":"result","fields":[100,0],"id":240758686744577,"type":106}
@nix {"action":"stop","id":240758686744631}
@nix {"action":"result","fields":[52,64,5,0],"id":240758686744578,"type":105}
@nix {"action":"result","fields":[0,0,0,0],"id":240758686744579,"type":105}
@nix {"action":"result","fields":[101,0],"id":240758686744577,"type":106}
@nix {"action":"result","fields":[100,0],"id":240758686744577,"type":106}
@nix {"action":"stop","id":240758686744632}
@nix {"action":"result","fields":[53,65,4,0],"id":240758686744578,"type":105}
@nix {"action":"result","fields":[0,0,0,0],"id":240758686744579,"type":105}
@nix {"action":"result","fields":[101,0],"id":240758686744577,"type":106}
@nix {"action":"result","fields":[100,0],"id":240758686744577,"type":106}
@nix {"action":"stop","id":240758686744633}
@nix {"action":"result","fields":[54,66,3,0],"id":240758686744578,"type":105}
@nix {"action":"result","fields":[0,0,0,0],"id":240758686744579,"type":105}
@nix {"action":"result","fields":[101,0],"id":240758686744577,"type":106}
@nix {"action":"result","fields":[100,0],"id":240758686744577,"type":106}
@nix {"action":"stop","id":240758686744634}
@nix {"action":"result","fields":[55,67,2,0],"id":240758686744578,"type":105}
@nix {"action":"result","fields":[0,0,0,0],"id":240758686744579,"type":105}
@nix {"action":"result","fields":[101,0],"id":240758686744577,"type":106}
@nix {"action":"result","fields":[100,0],"id":240758686744577,"type":106}
@nix {"action":"stop","id":240758686744635}
@nix {"action":"result","fields":[56,68,1,0],"id":240758686744578,"type":105}
@nix {"action":"result","fields":[0,0,0,0],"id":240758686744579,"type":105}
@nix {"action":"result","fields":[101,0],"id":240758686744577,"type":106}
@nix {"action":"result","fields":[100,0],"id":240758686744577,"type":106}
@nix {"action":"stop","id":240758686744629}
@nix {"action":"start","fields":["/Users/hetzner/obrador-shared-pins-20260909/round-2-baseline/wide-round-1-jobs-8/store/lwazankbr3j8b9y7xqgmz1qrqcynxpvh-leaf-16.drv","",1,1],"id":240758686744637,"level":3,"parent":0,"text":"building '/Users/hetzner/obrador-shared-pins-20260909/round-2-baseline/wide-round-1-jobs-8/store/lwazankbr3j8b9y7xqgmz1qrqcynxpvh-leaf-16.drv'","type":105}
@nix {"action":"result","fields":[56,61,2,0],"id":240758686744578,"type":105}
@nix {"action":"result","fields":[0,0,0,0],"id":240758686744579,"type":105}
@nix {"action":"result","fields":[101,0],"id":240758686744577,"type":106}
@nix {"action":"result","fields":[100,0],"id":240758686744577,"type":106}
@nix {"action":"start","fields":["/Users/hetzner/obrador-shared-pins-20260909/round-2-baseline/wide-round-1-jobs-8/store/wyqc2saxd5dhi6wrwgnp3c80bhwb8i5g-leaf-17.drv","",1,1],"id":240758686744638,"level":3,"parent":0,"text":"building '/Users/hetzner/obrador-shared-pins-20260909/round-2-baseline/wide-round-1-jobs-8/store/wyqc2saxd5dhi6wrwgnp3c80bhwb8i5g-leaf-17.drv'","type":105}
@nix {"action":"result","fields":[56,61,3,0],"id":240758686744578,"type":105}
@nix {"action":"result","fields":[0,0,0,0],"id":240758686744579,"type":105}
@nix {"action":"result","fields":[101,0],"id":240758686744577,"type":106}
@nix {"action":"result","fields":[100,0],"id":240758686744577,"type":106}
@nix {"action":"start","fields":["/Users/hetzner/obrador-shared-pins-20260909/round-2-baseline/wide-round-1-jobs-8/store/jfid6xrcqc7yp89w4pdiq67lhmnzajmj-leaf-19.drv.drv","",1,1],"id":240758686744639,"level":3,"parent":0,"text":"building '/Users/hetzner/obrador-shared-pins-20260909/round-2-baseline/wide-round-1-jobs-8/store/jfid6xrcqc7yp89w4pdiq67lhmnzajmj-leaf-19.drv.drv'","type":105}
@nix {"action":"result","fields":[56,61,4,0],"id":240758686744578,"type":105}
@nix {"action":"result","fields":[0,0,0,0],"id":240758686744579,"type":105}
@nix {"action":"result","fields":[101,0],"id":240758686744577,"type":106}
@nix {"action":"result","fields":[100,0],"id":240758686744577,"type":106}
@nix {"action":"start","fields":["/Users/hetzner/obrador-shared-pins-20260909/round-2-baseline/wide-round-1-jobs-8/store/n4p0f26rh0xnmyfl3vlmrk04yd82bglr-leaf-2.drv.drv","",1,1],"id":240758686744640,"level":3,"parent":0,"text":"building '/Users/hetzner/obrador-shared-pins-20260909/round-2-baseline/wide-round-1-jobs-8/store/n4p0f26rh0xnmyfl3vlmrk04yd82bglr-leaf-2.drv.drv'","type":105}
@nix {"action":"result","fields":[56,61,5,0],"id":240758686744578,"type":105}
@nix {"action":"result","fields":[0,0,0,0],"id":240758686744579,"type":105}
@nix {"action":"result","fields":[101,0],"id":240758686744577,"type":106}
@nix {"action":"result","fields":[100,0],"id":240758686744577,"type":106}
@nix {"action":"result","fields":[56,62,5,0],"id":240758686744578,"type":105}
@nix {"action":"result","fields":[0,0,0,0],"id":240758686744579,"type":105}
@nix {"action":"result","fields":[101,0],"id":240758686744577,"type":106}
@nix {"action":"result","fields":[100,0],"id":240758686744577,"type":106}
@nix {"action":"start","fields":["/Users/hetzner/obrador-shared-pins-20260909/round-2-baseline/wide-round-1-jobs-8/store/zi4g8q11mzv5lcfw2kj6wlv2w55r1h4j-leaf-18.drv","",1,1],"id":240758686744641,"level":3,"parent":0,"text":"building '/Users/hetzner/obrador-shared-pins-20260909/round-2-baseline/wide-round-1-jobs-8/store/zi4g8q11mzv5lcfw2kj6wlv2w55r1h4j-leaf-18.drv'","type":105}
@nix {"action":"result","fields":[56,62,6,0],"id":240758686744578,"type":105}
@nix {"action":"result","fields":[0,0,0,0],"id":240758686744579,"type":105}
@nix {"action":"result","fields":[101,0],"id":240758686744577,"type":106}
@nix {"action":"result","fields":[100,0],"id":240758686744577,"type":106}
@nix {"action":"result","fields":[57,63,5,0],"id":240758686744578,"type":105}
@nix {"action":"result","fields":[0,0,0,0],"id":240758686744579,"type":105}
@nix {"action":"result","fields":[101,0],"id":240758686744577,"type":106}
@nix {"action":"result","fields":[100,0],"id":240758686744577,"type":106}
@nix {"action":"stop","id":240758686744637}
@nix {"action":"result","fields":[58,64,4,0],"id":240758686744578,"type":105}
@nix {"action":"result","fields":[0,0,0,0],"id":240758686744579,"type":105}
@nix {"action":"result","fields":[101,0],"id":240758686744577,"type":106}
@nix {"action":"result","fields":[100,0],"id":240758686744577,"type":106}
@nix {"action":"stop","id":240758686744638}
@nix {"action":"result","fields":[59,65,3,0],"id":240758686744578,"type":105}
@nix {"action":"result","fields":[0,0,0,0],"id":240758686744579,"type":105}
@nix {"action":"result","fields":[101,0],"id":240758686744577,"type":106}
@nix {"action":"result","fields":[100,0],"id":240758686744577,"type":106}
@nix {"action":"stop","id":240758686744639}
@nix {"action":"result","fields":[60,66,2,0],"id":240758686744578,"type":105}
@nix {"action":"result","fields":[0,0,0,0],"id":240758686744579,"type":105}
@nix {"action":"result","fields":[101,0],"id":240758686744577,"type":106}
@nix {"action":"result","fields":[100,0],"id":240758686744577,"type":106}
@nix {"action":"stop","id":240758686744640}
@nix {"action":"result","fields":[61,67,1,0],"id":240758686744578,"type":105}
@nix {"action":"result","fields":[0,0,0,0],"id":240758686744579,"type":105}
@nix {"action":"result","fields":[101,0],"id":240758686744577,"type":106}
@nix {"action":"result","fields":[100,0],"id":240758686744577,"type":106}
@nix {"action":"stop","id":240758686744636}
@nix {"action":"result","fields":[61,63,1,0],"id":240758686744578,"type":105}
@nix {"action":"result","fields":[0,0,0,0],"id":240758686744579,"type":105}
@nix {"action":"result","fields":[101,0],"id":240758686744577,"type":106}
@nix {"action":"result","fields":[100,0],"id":240758686744577,"type":106}
@nix {"action":"result","fields":[61,64,1,0],"id":240758686744578,"type":105}
@nix {"action":"result","fields":[0,0,0,0],"id":240758686744579,"type":105}
@nix {"action":"result","fields":[101,0],"id":240758686744577,"type":106}
@nix {"action":"result","fields":[100,0],"id":240758686744577,"type":106}
@nix {"action":"start","fields":["/Users/hetzner/obrador-shared-pins-20260909/round-2-baseline/wide-round-1-jobs-8/store/nxz9zbqsn14a2ppck8785d3zgjsldm75-leaf-19.drv","",1,1],"id":240758686744642,"level":3,"parent":0,"text":"building '/Users/hetzner/obrador-shared-pins-20260909/round-2-baseline/wide-round-1-jobs-8/store/nxz9zbqsn14a2ppck8785d3zgjsldm75-leaf-19.drv'","type":105}
@nix {"action":"result","fields":[61,64,2,0],"id":240758686744578,"type":105}
@nix {"action":"result","fields":[0,0,0,0],"id":240758686744579,"type":105}
@nix {"action":"result","fields":[101,0],"id":240758686744577,"type":106}
@nix {"action":"result","fields":[100,0],"id":240758686744577,"type":106}
@nix {"action":"start","fields":["/Users/hetzner/obrador-shared-pins-20260909/round-2-baseline/wide-round-1-jobs-8/store/xw677qqh5llz9yzpp3lq2dmypi19hm13-leaf-2.drv","",1,1],"id":240758686744643,"level":3,"parent":0,"text":"building '/Users/hetzner/obrador-shared-pins-20260909/round-2-baseline/wide-round-1-jobs-8/store/xw677qqh5llz9yzpp3lq2dmypi19hm13-leaf-2.drv'","type":105}
@nix {"action":"result","fields":[61,64,3,0],"id":240758686744578,"type":105}
@nix {"action":"result","fields":[0,0,0,0],"id":240758686744579,"type":105}
@nix {"action":"result","fields":[101,0],"id":240758686744577,"type":106}
@nix {"action":"result","fields":[100,0],"id":240758686744577,"type":106}
@nix {"action":"result","fields":[62,65,2,0],"id":240758686744578,"type":105}
@nix {"action":"result","fields":[0,0,0,0],"id":240758686744579,"type":105}
@nix {"action":"result","fields":[101,0],"id":240758686744577,"type":106}
@nix {"action":"result","fields":[100,0],"id":240758686744577,"type":106}
@nix {"action":"stop","id":240758686744641}
@nix {"action":"result","fields":[63,66,1,0],"id":240758686744578,"type":105}
@nix {"action":"result","fields":[0,0,0,0],"id":240758686744579,"type":105}
@nix {"action":"result","fields":[101,0],"id":240758686744577,"type":106}
@nix {"action":"result","fields":[100,0],"id":240758686744577,"type":106}
@nix {"action":"stop","id":240758686744642}
@nix {"action":"result","fields":[64,65,0,0],"id":240758686744578,"type":105}
@nix {"action":"result","fields":[0,0,0,0],"id":240758686744579,"type":105}
@nix {"action":"result","fields":[101,0],"id":240758686744577,"type":106}
@nix {"action":"result","fields":[100,0],"id":240758686744577,"type":106}
@nix {"action":"stop","id":240758686744643}
@nix {"action":"stop","id":240758686744579}
@nix {"action":"stop","id":240758686744578}
@nix {"action":"stop","id":240758686744577}
