@nix {"action":"start","id":153373282140160,"level":6,"parent":0,"text":"querying info about missing paths","type":0}
@nix {"action":"msg","level":1,"msg":"\u001b[35;1mwarning:\u001b[0m Ignoring dynamic derivation /tmp/obrador-shared-pins-linux/round-3-retry-after/wide-round-1-jobs-8/store/0rsqkn8xq7cmv6miv6dylnd1x0lbwbr4-leaf-24.drv.drv^out while querying missing paths; not yet implemented"}
@nix {"action":"msg","level":1,"msg":"\u001b[35;1mwarning:\u001b[0m Ignoring dynamic derivation /tmp/obrador-shared-pins-linux/round-3-retry-after/wide-round-1-jobs-8/store/1c5j98rg3gvzcm4hy7igngqshlya7hhr-leaf-28.drv.drv^out while querying missing paths; not yet implemented"}
@nix {"action":"msg","level":1,"msg":"\u001b[35;1mwarning:\u001b[0m Ignoring dynamic derivation /tmp/obrador-shared-pins-linux/round-3-retry-after/wide-round-1-jobs-8/store/1nlqvwwi2dwvi5b63majw8j9289cdsq2-leaf-5.drv.drv^out while querying missing paths; not yet implemented"}
@nix {"action":"msg","level":1,"msg":"\u001b[35;1mwarning:\u001b[0m Ignoring dynamic derivation /tmp/obrador-shared-pins-linux/round-3-retry-after/wide-round-1-jobs-8/store/3hlh2calsb2rm0n61kcvgjbn14k9hdf3-leaf-31.drv.drv^out while querying missing paths; not yet implemented"}
@nix {"action":"msg","level":1,"msg":"\u001b[35;1mwarning:\u001b[0m Ignoring dynamic derivation /tmp/obrador-shared-pins-linux/round-3-retry-after/wide-round-1-jobs-8/store/3yxxwmyb7rrhc4k5811hxnpr9wq4wfr9-leaf-3.drv.drv^out while querying missing paths; not yet implemented"}
@nix {"action":"msg","level":1,"msg":"\u001b[35;1mwarning:\u001b[0m Ignoring dynamic derivation /tmp/obrador-shared-pins-linux/round-3-retry-after/wide-round-1-jobs-8/store/4m926gfl3g2656rdsa4q1yxbwkrr0iyh-leaf-19.drv.drv^out while querying missing paths; not yet implemented"}
@nix {"action":"msg","level":1,"msg":"\u001b[35;1mwarning:\u001b[0m Ignoring dynamic derivation /tmp/obrador-shared-pins-linux/round-3-retry-after/wide-round-1-jobs-8/store/50709wc2y9v3sn3ijhzzc6gl1nmjdblw-leaf-1.drv.drv^out while querying missing paths; not yet implemented"}
@nix {"action":"msg","level":1,"msg":"\u001b[35;1mwarning:\u001b[0m Ignoring dynamic derivation /tmp/obrador-shared-pins-linux/round-3-retry-after/wide-round-1-jobs-8/store/5c0gk2a4yk32pfr3swp6g09f8i4arrkv-leaf-16.drv.drv^out while querying missing paths; not yet implemented"}
@nix {"action":"msg","level":1,"msg":"\u001b[35;1mwarning:\u001b[0m Ignoring dynamic derivation /tmp/obrador-shared-pins-linux/round-3-retry-after/wide-round-1-jobs-8/store/6ilxpdayns89xix7pcgwmkhfjxzcgbr2-leaf-26.drv.drv^out while querying missing paths; not yet implemented"}
@nix {"action":"msg","level":1,"msg":"\u001b[35;1mwarning:\u001b[0m Ignoring dynamic derivation /tmp/obrador-shared-pins-linux/round-3-retry-after/wide-round-1-jobs-8/store/7cjycmva33ccs23qw45qmzd1m75p7xc1-leaf-18.drv.drv^out while querying missing paths; not yet implemented"}
@nix {"action":"msg","level":1,"msg":"\u001b[35;1mwarning:\u001b[0m Ignoring dynamic derivation /tmp/obrador-shared-pins-linux/round-3-retry-after/wide-round-1-jobs-8/store/7mzmhljx538i8yagp4lyfjc5xv7x7yyh-leaf-30.drv.drv^out while querying missing paths; not yet implemented"}
@nix {"action":"msg","level":1,"msg":"\u001b[35;1mwarning:\u001b[0m Ignoring dynamic derivation /tmp/obrador-shared-pins-linux/round-3-retry-after/wide-round-1-jobs-8/store/8gm4p8iibl2677jc6z3p6ri247q5cryz-leaf-7.drv.drv^out while querying missing paths; not yet implemented"}
@nix {"action":"msg","level":1,"msg":"\u001b[35;1mwarning:\u001b[0m Ignoring dynamic derivation /tmp/obrador-shared-pins-linux/round-3-retry-after/wide-round-1-jobs-8/store/904mfdrhszlqiz3ysyq4gb7vhn4s1vj8-leaf-17.drv.drv^out while querying missing paths; not yet implemented"}
@nix {"action":"msg","level":1,"msg":"\u001b[35;1mwarning:\u001b[0m Ignoring dynamic derivation /tmp/obrador-shared-pins-linux/round-3-retry-after/wide-round-1-jobs-8/store/aw6ahk0wzj9k5f0w7jbjzsd2nrkrcp6y-leaf-23.drv.drv^out while querying missing paths; not yet implemented"}
@nix {"action":"msg","level":1,"msg":"\u001b[35;1mwarning:\u001b[0m Ignoring dynamic derivation /tmp/obrador-shared-pins-linux/round-3-retry-after/wide-round-1-jobs-8/store/bcpkfpz87b48fsva79vf5dhk6qhmaj7n-leaf-10.drv.drv^out while querying missing paths; not yet implemented"}
@nix {"action":"msg","level":1,"msg":"\u001b[35;1mwarning:\u001b[0m Ignoring dynamic derivation /tmp/obrador-shared-pins-linux/round-3-retry-after/wide-round-1-jobs-8/store/c63fzkbzdginqvlfx2mwlv9hd534xpzi-leaf-14.drv.drv^out while querying missing paths; not yet implemented"}
@nix {"action":"msg","level":1,"msg":"\u001b[35;1mwarning:\u001b[0m Ignoring dynamic derivation /tmp/obrador-shared-pins-linux/round-3-retry-after/wide-round-1-jobs-8/store/d12qlppfr6r022z4dh223ccq5m9g28zd-leaf-9.drv.drv^out while querying missing paths; not yet implemented"}
@nix {"action":"msg","level":1,"msg":"\u001b[35;1mwarning:\u001b[0m Ignoring dynamic derivation /tmp/obrador-shared-pins-linux/round-3-retry-after/wide-round-1-jobs-8/store/dkbnwyagm0jaj94hyf4xygplwivynyx9-leaf-15.drv.drv^out while querying missing paths; not yet implemented"}
@nix {"action":"msg","level":1,"msg":"\u001b[35;1mwarning:\u001b[0m Ignoring dynamic derivation /tmp/obrador-shared-pins-linux/round-3-retry-after/wide-round-1-jobs-8/store/dp5hzaqk1nq1lxw2f1ajxnda07g0cglc-leaf-29.drv.drv^out while querying missing paths; not yet implemented"}
@nix {"action":"msg","level":1,"msg":"\u001b[35;1mwarning:\u001b[0m Ignoring dynamic derivation /tmp/obrador-shared-pins-linux/round-3-retry-after/wide-round-1-jobs-8/store/hjx4rar7khg5fqj694whr980wpfmg13f-leaf-4.drv.drv^out while querying missing paths; not yet implemented"}
@nix {"action":"msg","level":1,"msg":"\u001b[35;1mwarning:\u001b[0m Ignoring dynamic derivation /tmp/obrador-shared-pins-linux/round-3-retry-after/wide-round-1-jobs-8/store/hkdv1bn5k5mnpfsjif6vmqsx75l8h90s-leaf-8.drv.drv^out while querying missing paths; not yet implemented"}
@nix {"action":"msg","level":1,"msg":"\u001b[35;1mwarning:\u001b[0m Ignoring dynamic derivation /tmp/obrador-shared-pins-linux/round-3-retry-after/wide-round-1-jobs-8/store/irfch3hd0qsn4dv2afz9kmy1mnhaj0q2-leaf-21.drv.drv^out while querying missing paths; not yet implemented"}
@nix {"action":"msg","level":1,"msg":"\u001b[35;1mwarning:\u001b[0m Ignoring dynamic derivation /tmp/obrador-shared-pins-linux/round-3-retry-after/wide-round-1-jobs-8/store/kzfpf2h3vdjny7b5dg0afjhy9xclw77f-leaf-22.drv.drv^out while querying missing paths; not yet implemented"}
@nix {"action":"msg","level":1,"msg":"\u001b[35;1mwarning:\u001b[0m Ignoring dynamic derivation /tmp/obrador-shared-pins-linux/round-3-retry-after/wide-round-1-jobs-8/store/lrrdqm8ra3wi032jkg7nakj0rnx45ayb-leaf-11.drv.drv^out while querying missing paths; not yet implemented"}
@nix {"action":"msg","level":1,"msg":"\u001b[35;1mwarning:\u001b[0m Ignoring dynamic derivation /tmp/obrador-shared-pins-linux/round-3-retry-after/wide-round-1-jobs-8/store/mybngasqimvs0ip7i281msvpm2c2ndfl-leaf-6.drv.drv^out while querying missing paths; not yet implemented"}
@nix {"action":"msg","level":1,"msg":"\u001b[35;1mwarning:\u001b[0m Ignoring dynamic derivation /tmp/obrador-shared-pins-linux/round-3-retry-after/wide-round-1-jobs-8/store/nz8bjr7r9nazdp9a30yjdw31j40dw1hx-leaf-0.drv.drv^out while querying missing paths; not yet implemented"}
@nix {"action":"msg","level":1,"msg":"\u001b[35;1mwarning:\u001b[0m Ignoring dynamic derivation /tmp/obrador-shared-pins-linux/round-3-retry-after/wide-round-1-jobs-8/store/qqaw37ma2aijlbagssx9fgfzp37gb1v6-leaf-25.drv.drv^out while querying missing paths; not yet implemented"}
@nix {"action":"msg","level":1,"msg":"\u001b[35;1mwarning:\u001b[0m Ignoring dynamic derivation /tmp/obrador-shared-pins-linux/round-3-retry-after/wide-round-1-jobs-8/store/r5jv4cn9ss398690r9iq9mnv2p8x1al8-leaf-13.drv.drv^out while querying missing paths; not yet implemented"}
@nix {"action":"msg","level":1,"msg":"\u001b[35;1mwarning:\u001b[0m Ignoring dynamic derivation /tmp/obrador-shared-pins-linux/round-3-retry-after/wide-round-1-jobs-8/store/vql5yb01g429bwiakpddpprn0xkw0fbw-leaf-2.drv.drv^out while querying missing paths; not yet implemented"}
@nix {"action":"msg","level":1,"msg":"\u001b[35;1mwarning:\u001b[0m Ignoring dynamic derivation /tmp/obrador-shared-pins-linux/round-3-retry-after/wide-round-1-jobs-8/store/wigmqaj0prm8y27ch0n172xz12qkbiry-leaf-20.drv.drv^out while querying missing paths; not yet implemented"}
@nix {"action":"msg","level":1,"msg":"\u001b[35;1mwarning:\u001b[0m Ignoring dynamic derivation /tmp/obrador-shared-pins-linux/round-3-retry-after/wide-round-1-jobs-8/store/xjadkrp79kkrwari55xc0bc5gmyw31k5-leaf-27.drv.drv^out while querying missing paths; not yet implemented"}
@nix {"action":"msg","level":1,"msg":"\u001b[35;1mwarning:\u001b[0m Ignoring dynamic derivation /tmp/obrador-shared-pins-linux/round-3-retry-after/wide-round-1-jobs-8/store/ysrfjgm5cwbqpcmad7w40p9rg2zj6mm1-leaf-12.drv.drv^out while querying missing paths; not yet implemented"}
@nix {"action":"stop","id":153373282140160}
@nix {"action":"start","id":153373282140161,"level":0,"parent":0,"text":"","type":102}
@nix {"action":"start","id":153373282140162,"level":0,"parent":0,"text":"","type":104}
@nix {"action":"start","id":153373282140163,"level":0,"parent":0,"text":"","type":103}
@nix {"action":"result","fields":[0,0,0,0],"id":153373282140162,"type":105}
@nix {"action":"result","fields":[0,0,0,0],"id":153373282140163,"type":105}
@nix {"action":"result","fields":[101,0],"id":153373282140161,"type":106}
@nix {"action":"result","fields":[100,0],"id":153373282140161,"type":106}
@nix {"action":"result","fields":[0,0,0,0],"id":153373282140162,"type":105}
@nix {"action":"result","fields":[0,0,0,0],"id":153373282140163,"type":105}
@nix {"action":"result","fields":[101,0],"id":153373282140161,"type":106}
@nix {"action":"result","fields":[100,0],"id":153373282140161,"type":106}
@nix {"action":"result","fields":[0,0,0,0],"id":153373282140162,"type":105}
@nix {"action":"result","fields":[0,0,0,0],"id":153373282140163,"type":105}
@nix {"action":"result","fields":[101,0],"id":153373282140161,"type":106}
@nix {"action":"result","fields":[100,0],"id":153373282140161,"type":106}
@nix {"action":"result","fields":[0,0,0,0],"id":153373282140162,"type":105}
@nix {"action":"result","fields":[0,0,0,0],"id":153373282140163,"type":105}
@nix {"action":"result","fields":[101,0],"id":153373282140161,"type":106}
@nix {"action":"result","fields":[100,0],"id":153373282140161,"type":106}
@nix {"action":"result","fields":[0,0,0,0],"id":153373282140162,"type":105}
@nix {"action":"result","fields":[0,0,0,0],"id":153373282140163,"type":105}
@nix {"action":"result","fields":[101,0],"id":153373282140161,"type":106}
@nix {"action":"result","fields":[100,0],"id":153373282140161,"type":106}
@nix {"action":"result","fields":[0,0,0,0],"id":153373282140162,"type":105}
@nix {"action":"result","fields":[0,0,0,0],"id":153373282140163,"type":105}
@nix {"action":"result","fields":[101,0],"id":153373282140161,"type":106}
@nix {"action":"result","fields":[100,0],"id":153373282140161,"type":106}
@nix {"action":"result","fields":[0,0,0,0],"id":153373282140162,"type":105}
@nix {"action":"result","fields":[0,0,0,0],"id":153373282140163,"type":105}
@nix {"action":"result","fields":[101,0],"id":153373282140161,"type":106}
@nix {"action":"result","fields":[100,0],"id":153373282140161,"type":106}
@nix {"action":"result","fields":[0,0,0,0],"id":153373282140162,"type":105}
@nix {"action":"result","fields":[0,0,0,0],"id":153373282140163,"type":105}
@nix {"action":"result","fields":[101,0],"id":153373282140161,"type":106}
@nix {"action":"result","fields":[100,0],"id":153373282140161,"type":106}
@nix {"action":"result","fields":[0,0,0,0],"id":153373282140162,"type":105}
@nix {"action":"result","fields":[0,0,0,0],"id":153373282140163,"type":105}
@nix {"action":"result","fields":[101,0],"id":153373282140161,"type":106}
@nix {"action":"result","fields":[100,0],"id":153373282140161,"type":106}
@nix {"action":"result","fields":[0,0,0,0],"id":153373282140162,"type":105}
@nix {"action":"result","fields":[0,0,0,0],"id":153373282140163,"type":105}
@nix {"action":"result","fields":[101,0],"id":153373282140161,"type":106}
@nix {"action":"result","fields":[100,0],"id":153373282140161,"type":106}
@nix {"action":"result","fields":[0,0,0,0],"id":153373282140162,"type":105}
@nix {"action":"result","fields":[0,0,0,0],"id":153373282140163,"type":105}
@nix {"action":"result","fields":[101,0],"id":153373282140161,"type":106}
@nix {"action":"result","fields":[100,0],"id":153373282140161,"type":106}
@nix {"action":"result","fields":[0,0,0,0],"id":153373282140162,"type":105}
@nix {"action":"result","fields":[0,0,0,0],"id":153373282140163,"type":105}
@nix {"action":"result","fields":[101,0],"id":153373282140161,"type":106}
@nix {"action":"result","fields":[100,0],"id":153373282140161,"type":106}
@nix {"action":"result","fields":[0,0,0,0],"id":153373282140162,"type":105}
@nix {"action":"result","fields":[0,0,0,0],"id":153373282140163,"type":105}
@nix {"action":"result","fields":[101,0],"id":153373282140161,"type":106}
@nix {"action":"result","fields":[100,0],"id":153373282140161,"type":106}
@nix {"action":"result","fields":[0,0,0,0],"id":153373282140162,"type":105}
@nix {"action":"result","fields":[0,0,0,0],"id":153373282140163,"type":105}
@nix {"action":"result","fields":[101,0],"id":153373282140161,"type":106}
@nix {"action":"result","fields":[100,0],"id":153373282140161,"type":106}
@nix {"action":"result","fields":[0,0,0,0],"id":153373282140162,"type":105}
@nix {"action":"result","fields":[0,0,0,0],"id":153373282140163,"type":105}
@nix {"action":"result","fields":[101,0],"id":153373282140161,"type":106}
@nix {"action":"result","fields":[100,0],"id":153373282140161,"type":106}
@nix {"action":"result","fields":[0,0,0,0],"id":153373282140162,"type":105}
@nix {"action":"result","fields":[0,0,0,0],"id":153373282140163,"type":105}
@nix {"action":"result","fields":[101,0],"id":153373282140161,"type":106}
@nix {"action":"result","fields":[100,0],"id":153373282140161,"type":106}
@nix {"action":"result","fields":[0,0,0,0],"id":153373282140162,"type":105}
@nix {"action":"result","fields":[0,0,0,0],"id":153373282140163,"type":105}
@nix {"action":"result","fields":[101,0],"id":153373282140161,"type":106}
@nix {"action":"result","fields":[100,0],"id":153373282140161,"type":106}
@nix {"action":"result","fields":[0,0,0,0],"id":153373282140162,"type":105}
@nix {"action":"result","fields":[0,0,0,0],"id":153373282140163,"type":105}
@nix {"action":"result","fields":[101,0],"id":153373282140161,"type":106}
@nix {"action":"result","fields":[100,0],"id":153373282140161,"type":106}
@nix {"action":"result","fields":[0,0,0,0],"id":153373282140162,"type":105}
@nix {"action":"result","fields":[0,0,0,0],"id":153373282140163,"type":105}
@nix {"action":"result","fields":[101,0],"id":153373282140161,"type":106}
@nix {"action":"result","fields":[100,0],"id":153373282140161,"type":106}
@nix {"action":"result","fields":[0,0,0,0],"id":153373282140162,"type":105}
@nix {"action":"result","fields":[0,0,0,0],"id":153373282140163,"type":105}
@nix {"action":"result","fields":[101,0],"id":153373282140161,"type":106}
@nix {"action":"result","fields":[100,0],"id":153373282140161,"type":106}
@nix {"action":"result","fields":[0,0,0,0],"id":153373282140162,"type":105}
@nix {"action":"result","fields":[0,0,0,0],"id":153373282140163,"type":105}
@nix {"action":"result","fields":[101,0],"id":153373282140161,"type":106}
@nix {"action":"result","fields":[100,0],"id":153373282140161,"type":106}
@nix {"action":"result","fields":[0,0,0,0],"id":153373282140162,"type":105}
@nix {"action":"result","fields":[0,0,0,0],"id":153373282140163,"type":105}
@nix {"action":"result","fields":[101,0],"id":153373282140161,"type":106}
@nix {"action":"result","fields":[100,0],"id":153373282140161,"type":106}
@nix {"action":"result","fields":[0,0,0,0],"id":153373282140162,"type":105}
@nix {"action":"result","fields":[0,0,0,0],"id":153373282140163,"type":105}
@nix {"action":"result","fields":[101,0],"id":153373282140161,"type":106}
@nix {"action":"result","fields":[100,0],"id":153373282140161,"type":106}
@nix {"action":"result","fields":[0,0,0,0],"id":153373282140162,"type":105}
@nix {"action":"result","fields":[0,0,0,0],"id":153373282140163,"type":105}
@nix {"action":"result","fields":[101,0],"id":153373282140161,"type":106}
@nix {"action":"result","fields":[100,0],"id":153373282140161,"type":106}
@nix {"action":"result","fields":[0,0,0,0],"id":153373282140162,"type":105}
@nix {"action":"result","fields":[0,0,0,0],"id":153373282140163,"type":105}
@nix {"action":"result","fields":[101,0],"id":153373282140161,"type":106}
@nix {"action":"result","fields":[100,0],"id":153373282140161,"type":106}
@nix {"action":"result","fields":[0,0,0,0],"id":153373282140162,"type":105}
@nix {"action":"result","fields":[0,0,0,0],"id":153373282140163,"type":105}
@nix {"action":"result","fields":[101,0],"id":153373282140161,"type":106}
@nix {"action":"result","fields":[100,0],"id":153373282140161,"type":106}
@nix {"action":"result","fields":[0,0,0,0],"id":153373282140162,"type":105}
@nix {"action":"result","fields":[0,0,0,0],"id":153373282140163,"type":105}
@nix {"action":"result","fields":[101,0],"id":153373282140161,"type":106}
@nix {"action":"result","fields":[100,0],"id":153373282140161,"type":106}
@nix {"action":"result","fields":[0,0,0,0],"id":153373282140162,"type":105}
@nix {"action":"result","fields":[0,0,0,0],"id":153373282140163,"type":105}
@nix {"action":"result","fields":[101,0],"id":153373282140161,"type":106}
@nix {"action":"result","fields":[100,0],"id":153373282140161,"type":106}
@nix {"action":"result","fields":[0,0,0,0],"id":153373282140162,"type":105}
@nix {"action":"result","fields":[0,0,0,0],"id":153373282140163,"type":105}
@nix {"action":"result","fields":[101,0],"id":153373282140161,"type":106}
@nix {"action":"result","fields":[100,0],"id":153373282140161,"type":106}
@nix {"action":"result","fields":[0,0,0,0],"id":153373282140162,"type":105}
@nix {"action":"result","fields":[0,0,0,0],"id":153373282140163,"type":105}
@nix {"action":"result","fields":[101,0],"id":153373282140161,"type":106}
@nix {"action":"result","fields":[100,0],"id":153373282140161,"type":106}
@nix {"action":"result","fields":[0,0,0,0],"id":153373282140162,"type":105}
@nix {"action":"result","fields":[0,0,0,0],"id":153373282140163,"type":105}
@nix {"action":"result","fields":[101,0],"id":153373282140161,"type":106}
@nix {"action":"result","fields":[100,0],"id":153373282140161,"type":106}
@nix {"action":"result","fields":[0,0,0,0],"id":153373282140162,"type":105}
@nix {"action":"result","fields":[0,0,0,0],"id":153373282140163,"type":105}
@nix {"action":"result","fields":[101,0],"id":153373282140161,"type":106}
@nix {"action":"result","fields":[100,0],"id":153373282140161,"type":106}
@nix {"action":"result","fields":[0,0,0,0],"id":153373282140162,"type":105}
@nix {"action":"result","fields":[0,0,0,0],"id":153373282140163,"type":105}
@nix {"action":"result","fields":[101,0],"id":153373282140161,"type":106}
@nix {"action":"result","fields":[100,0],"id":153373282140161,"type":106}
@nix {"action":"result","fields":[0,0,0,0],"id":153373282140162,"type":105}
@nix {"action":"result","fields":[0,0,0,0],"id":153373282140163,"type":105}
@nix {"action":"result","fields":[101,0],"id":153373282140161,"type":106}
@nix {"action":"result","fields":[100,0],"id":153373282140161,"type":106}
@nix {"action":"result","fields":[0,0,0,0],"id":153373282140162,"type":105}
@nix {"action":"result","fields":[0,0,0,0],"id":153373282140163,"type":105}
@nix {"action":"result","fields":[101,0],"id":153373282140161,"type":106}
@nix {"action":"result","fields":[100,0],"id":153373282140161,"type":106}
@nix {"action":"result","fields":[0,0,0,0],"id":153373282140162,"type":105}
@nix {"action":"result","fields":[0,0,0,0],"id":153373282140163,"type":105}
@nix {"action":"result","fields":[101,0],"id":153373282140161,"type":106}
@nix {"action":"result","fields":[100,0],"id":153373282140161,"type":106}
@nix {"action":"result","fields":[0,0,0,0],"id":153373282140162,"type":105}
@nix {"action":"result","fields":[0,0,0,0],"id":153373282140163,"type":105}
@nix {"action":"result","fields":[101,0],"id":153373282140161,"type":106}
@nix {"action":"result","fields":[100,0],"id":153373282140161,"type":106}
@nix {"action":"result","fields":[0,0,0,0],"id":153373282140162,"type":105}
@nix {"action":"result","fields":[0,0,0,0],"id":153373282140163,"type":105}
@nix {"action":"result","fields":[101,0],"id":153373282140161,"type":106}
@nix {"action":"result","fields":[100,0],"id":153373282140161,"type":106}
@nix {"action":"result","fields":[0,0,0,0],"id":153373282140162,"type":105}
@nix {"action":"result","fields":[0,0,0,0],"id":153373282140163,"type":105}
@nix {"action":"result","fields":[101,0],"id":153373282140161,"type":106}
@nix {"action":"result","fields":[100,0],"id":153373282140161,"type":106}
@nix {"action":"result","fields":[0,0,0,0],"id":153373282140162,"type":105}
@nix {"action":"result","fields":[0,0,0,0],"id":153373282140163,"type":105}
@nix {"action":"result","fields":[101,0],"id":153373282140161,"type":106}
@nix {"action":"result","fields":[100,0],"id":153373282140161,"type":106}
@nix {"action":"result","fields":[0,0,0,0],"id":153373282140162,"type":105}
@nix {"action":"result","fields":[0,0,0,0],"id":153373282140163,"type":105}
@nix {"action":"result","fields":[101,0],"id":153373282140161,"type":106}
@nix {"action":"result","fields":[100,0],"id":153373282140161,"type":106}
@nix {"action":"result","fields":[0,0,0,0],"id":153373282140162,"type":105}
@nix {"action":"result","fields":[0,0,0,0],"id":153373282140163,"type":105}
@nix {"action":"result","fields":[101,0],"id":153373282140161,"type":106}
@nix {"action":"result","fields":[100,0],"id":153373282140161,"type":106}
@nix {"action":"result","fields":[0,0,0,0],"id":153373282140162,"type":105}
@nix {"action":"result","fields":[0,0,0,0],"id":153373282140163,"type":105}
@nix {"action":"result","fields":[101,0],"id":153373282140161,"type":106}
@nix {"action":"result","fields":[100,0],"id":153373282140161,"type":106}
@nix {"action":"result","fields":[0,0,0,0],"id":153373282140162,"type":105}
@nix {"action":"result","fields":[0,0,0,0],"id":153373282140163,"type":105}
@nix {"action":"result","fields":[101,0],"id":153373282140161,"type":106}
@nix {"action":"result","fields":[100,0],"id":153373282140161,"type":106}
@nix {"action":"result","fields":[0,0,0,0],"id":153373282140162,"type":105}
@nix {"action":"result","fields":[0,0,0,0],"id":153373282140163,"type":105}
@nix {"action":"result","fields":[101,0],"id":153373282140161,"type":106}
@nix {"action":"result","fields":[100,0],"id":153373282140161,"type":106}
@nix {"action":"result","fields":[0,0,0,0],"id":153373282140162,"type":105}
@nix {"action":"result","fields":[0,0,0,0],"id":153373282140163,"type":105}
@nix {"action":"result","fields":[101,0],"id":153373282140161,"type":106}
@nix {"action":"result","fields":[100,0],"id":153373282140161,"type":106}
@nix {"action":"result","fields":[0,0,0,0],"id":153373282140162,"type":105}
@nix {"action":"result","fields":[0,0,0,0],"id":153373282140163,"type":105}
@nix {"action":"result","fields":[101,0],"id":153373282140161,"type":106}
@nix {"action":"result","fields":[100,0],"id":153373282140161,"type":106}
@nix {"action":"result","fields":[0,0,0,0],"id":153373282140162,"type":105}
@nix {"action":"result","fields":[0,0,0,0],"id":153373282140163,"type":105}
@nix {"action":"result","fields":[101,0],"id":153373282140161,"type":106}
@nix {"action":"result","fields":[100,0],"id":153373282140161,"type":106}
@nix {"action":"result","fields":[0,0,0,0],"id":153373282140162,"type":105}
@nix {"action":"result","fields":[0,0,0,0],"id":153373282140163,"type":105}
@nix {"action":"result","fields":[101,0],"id":153373282140161,"type":106}
@nix {"action":"result","fields":[100,0],"id":153373282140161,"type":106}
@nix {"action":"result","fields":[0,0,0,0],"id":153373282140162,"type":105}
@nix {"action":"result","fields":[0,0,0,0],"id":153373282140163,"type":105}
@nix {"action":"result","fields":[101,0],"id":153373282140161,"type":106}
@nix {"action":"result","fields":[100,0],"id":153373282140161,"type":106}
@nix {"action":"result","fields":[0,0,0,0],"id":153373282140162,"type":105}
@nix {"action":"result","fields":[0,0,0,0],"id":153373282140163,"type":105}
@nix {"action":"result","fields":[101,0],"id":153373282140161,"type":106}
@nix {"action":"result","fields":[100,0],"id":153373282140161,"type":106}
@nix {"action":"result","fields":[0,0,0,0],"id":153373282140162,"type":105}
@nix {"action":"result","fields":[0,0,0,0],"id":153373282140163,"type":105}
@nix {"action":"result","fields":[101,0],"id":153373282140161,"type":106}
@nix {"action":"result","fields":[100,0],"id":153373282140161,"type":106}
@nix {"action":"result","fields":[0,0,0,0],"id":153373282140162,"type":105}
@nix {"action":"result","fields":[0,0,0,0],"id":153373282140163,"type":105}
@nix {"action":"result","fields":[101,0],"id":153373282140161,"type":106}
@nix {"action":"result","fields":[100,0],"id":153373282140161,"type":106}
@nix {"action":"result","fields":[0,0,0,0],"id":153373282140162,"type":105}
@nix {"action":"result","fields":[0,0,0,0],"id":153373282140163,"type":105}
@nix {"action":"result","fields":[101,0],"id":153373282140161,"type":106}
@nix {"action":"result","fields":[100,0],"id":153373282140161,"type":106}
@nix {"action":"result","fields":[0,0,0,0],"id":153373282140162,"type":105}
@nix {"action":"result","fields":[0,0,0,0],"id":153373282140163,"type":105}
@nix {"action":"result","fields":[101,0],"id":153373282140161,"type":106}
@nix {"action":"result","fields":[100,0],"id":153373282140161,"type":106}
@nix {"action":"result","fields":[0,0,0,0],"id":153373282140162,"type":105}
@nix {"action":"result","fields":[0,0,0,0],"id":153373282140163,"type":105}
@nix {"action":"result","fields":[101,0],"id":153373282140161,"type":106}
@nix {"action":"result","fields":[100,0],"id":153373282140161,"type":106}
@nix {"action":"result","fields":[0,0,0,0],"id":153373282140162,"type":105}
@nix {"action":"result","fields":[0,0,0,0],"id":153373282140163,"type":105}
@nix {"action":"result","fields":[101,0],"id":153373282140161,"type":106}
@nix {"action":"result","fields":[100,0],"id":153373282140161,"type":106}
@nix {"action":"result","fields":[0,0,0,0],"id":153373282140162,"type":105}
@nix {"action":"result","fields":[0,0,0,0],"id":153373282140163,"type":105}
@nix {"action":"result","fields":[101,0],"id":153373282140161,"type":106}
@nix {"action":"result","fields":[100,0],"id":153373282140161,"type":106}
@nix {"action":"result","fields":[0,0,0,0],"id":153373282140162,"type":105}
@nix {"action":"result","fields":[0,0,0,0],"id":153373282140163,"type":105}
@nix {"action":"result","fields":[101,0],"id":153373282140161,"type":106}
@nix {"action":"result","fields":[100,0],"id":153373282140161,"type":106}
@nix {"action":"result","fields":[0,0,0,0],"id":153373282140162,"type":105}
@nix {"action":"result","fields":[0,0,0,0],"id":153373282140163,"type":105}
@nix {"action":"result","fields":[101,0],"id":153373282140161,"type":106}
@nix {"action":"result","fields":[100,0],"id":153373282140161,"type":106}
@nix {"action":"result","fields":[0,0,0,0],"id":153373282140162,"type":105}
@nix {"action":"result","fields":[0,0,0,0],"id":153373282140163,"type":105}
@nix {"action":"result","fields":[101,0],"id":153373282140161,"type":106}
@nix {"action":"result","fields":[100,0],"id":153373282140161,"type":106}
@nix {"action":"result","fields":[0,0,0,0],"id":153373282140162,"type":105}
@nix {"action":"result","fields":[0,0,0,0],"id":153373282140163,"type":105}
@nix {"action":"result","fields":[101,0],"id":153373282140161,"type":106}
@nix {"action":"result","fields":[100,0],"id":153373282140161,"type":106}
@nix {"action":"result","fields":[0,0,0,0],"id":153373282140162,"type":105}
@nix {"action":"result","fields":[0,0,0,0],"id":153373282140163,"type":105}
@nix {"action":"result","fields":[101,0],"id":153373282140161,"type":106}
@nix {"action":"result","fields":[100,0],"id":153373282140161,"type":106}
@nix {"action":"result","fields":[0,0,0,0],"id":153373282140162,"type":105}
@nix {"action":"result","fields":[0,0,0,0],"id":153373282140163,"type":105}
@nix {"action":"result","fields":[101,0],"id":153373282140161,"type":106}
@nix {"action":"result","fields":[100,0],"id":153373282140161,"type":106}
@nix {"action":"result","fields":[0,1,0,0],"id":153373282140162,"type":105}
@nix {"action":"result","fields":[0,0,0,0],"id":153373282140163,"type":105}
@nix {"action":"result","fields":[101,0],"id":153373282140161,"type":106}
@nix {"action":"result","fields":[100,0],"id":153373282140161,"type":106}
@nix {"action":"result","fields":[0,2,0,0],"id":153373282140162,"type":105}
@nix {"action":"result","fields":[0,0,0,0],"id":153373282140163,"type":105}
@nix {"action":"result","fields":[101,0],"id":153373282140161,"type":106}
@nix {"action":"result","fields":[100,0],"id":153373282140161,"type":106}
@nix {"action":"result","fields":[0,3,0,0],"id":153373282140162,"type":105}
@nix {"action":"result","fields":[0,0,0,0],"id":153373282140163,"type":105}
@nix {"action":"result","fields":[101,0],"id":153373282140161,"type":106}
@nix {"action":"result","fields":[100,0],"id":153373282140161,"type":106}
@nix {"action":"result","fields":[0,4,0,0],"id":153373282140162,"type":105}
@nix {"action":"result","fields":[0,0,0,0],"id":153373282140163,"type":105}
@nix {"action":"result","fields":[101,0],"id":153373282140161,"type":106}
@nix {"action":"result","fields":[100,0],"id":153373282140161,"type":106}
@nix {"action":"result","fields":[0,5,0,0],"id":153373282140162,"type":105}
@nix {"action":"result","fields":[0,0,0,0],"id":153373282140163,"type":105}
@nix {"action":"result","fields":[101,0],"id":153373282140161,"type":106}
@nix {"action":"result","fields":[100,0],"id":153373282140161,"type":106}
@nix {"action":"result","fields":[0,6,0,0],"id":153373282140162,"type":105}
@nix {"action":"result","fields":[0,0,0,0],"id":153373282140163,"type":105}
@nix {"action":"result","fields":[101,0],"id":153373282140161,"type":106}
@nix {"action":"result","fields":[100,0],"id":153373282140161,"type":106}
@nix {"action":"result","fields":[0,7,0,0],"id":153373282140162,"type":105}
@nix {"action":"result","fields":[0,0,0,0],"id":153373282140163,"type":105}
@nix {"action":"result","fields":[101,0],"id":153373282140161,"type":106}
@nix {"action":"result","fields":[100,0],"id":153373282140161,"type":106}
@nix {"action":"result","fields":[0,8,0,0],"id":153373282140162,"type":105}
@nix {"action":"result","fields":[0,0,0,0],"id":153373282140163,"type":105}
@nix {"action":"result","fields":[101,0],"id":153373282140161,"type":106}
@nix {"action":"result","fields":[100,0],"id":153373282140161,"type":106}
@nix {"action":"result","fields":[0,9,0,0],"id":153373282140162,"type":105}
@nix {"action":"result","fields":[0,0,0,0],"id":153373282140163,"type":105}
@nix {"action":"result","fields":[101,0],"id":153373282140161,"type":106}
@nix {"action":"result","fields":[100,0],"id":153373282140161,"type":106}
@nix {"action":"result","fields":[0,10,0,0],"id":153373282140162,"type":105}
@nix {"action":"result","fields":[0,0,0,0],"id":153373282140163,"type":105}
@nix {"action":"result","fields":[101,0],"id":153373282140161,"type":106}
@nix {"action":"result","fields":[100,0],"id":153373282140161,"type":106}
@nix {"action":"result","fields":[0,11,0,0],"id":153373282140162,"type":105}
@nix {"action":"result","fields":[0,0,0,0],"id":153373282140163,"type":105}
@nix {"action":"result","fields":[101,0],"id":153373282140161,"type":106}
@nix {"action":"result","fields":[100,0],"id":153373282140161,"type":106}
@nix {"action":"result","fields":[0,12,0,0],"id":153373282140162,"type":105}
@nix {"action":"result","fields":[0,0,0,0],"id":153373282140163,"type":105}
@nix {"action":"result","fields":[101,0],"id":153373282140161,"type":106}
@nix {"action":"result","fields":[100,0],"id":153373282140161,"type":106}
@nix {"action":"result","fields":[0,13,0,0],"id":153373282140162,"type":105}
@nix {"action":"result","fields":[0,0,0,0],"id":153373282140163,"type":105}
@nix {"action":"result","fields":[101,0],"id":153373282140161,"type":106}
@nix {"action":"result","fields":[100,0],"id":153373282140161,"type":106}
@nix {"action":"result","fields":[0,14,0,0],"id":153373282140162,"type":105}
@nix {"action":"result","fields":[0,0,0,0],"id":153373282140163,"type":105}
@nix {"action":"result","fields":[101,0],"id":153373282140161,"type":106}
@nix {"action":"result","fields":[100,0],"id":153373282140161,"type":106}
@nix {"action":"result","fields":[0,15,0,0],"id":153373282140162,"type":105}
@nix {"action":"result","fields":[0,0,0,0],"id":153373282140163,"type":105}
@nix {"action":"result","fields":[101,0],"id":153373282140161,"type":106}
@nix {"action":"result","fields":[100,0],"id":153373282140161,"type":106}
@nix {"action":"result","fields":[0,16,0,0],"id":153373282140162,"type":105}
@nix {"action":"result","fields":[0,0,0,0],"id":153373282140163,"type":105}
@nix {"action":"result","fields":[101,0],"id":153373282140161,"type":106}
@nix {"action":"result","fields":[100,0],"id":153373282140161,"type":106}
@nix {"action":"result","fields":[0,17,0,0],"id":153373282140162,"type":105}
@nix {"action":"result","fields":[0,0,0,0],"id":153373282140163,"type":105}
@nix {"action":"result","fields":[101,0],"id":153373282140161,"type":106}
@nix {"action":"result","fields":[100,0],"id":153373282140161,"type":106}
@nix {"action":"result","fields":[0,18,0,0],"id":153373282140162,"type":105}
@nix {"action":"result","fields":[0,0,0,0],"id":153373282140163,"type":105}
@nix {"action":"result","fields":[101,0],"id":153373282140161,"type":106}
@nix {"action":"result","fields":[100,0],"id":153373282140161,"type":106}
@nix {"action":"result","fields":[0,19,0,0],"id":153373282140162,"type":105}
@nix {"action":"result","fields":[0,0,0,0],"id":153373282140163,"type":105}
@nix {"action":"result","fields":[101,0],"id":153373282140161,"type":106}
@nix {"action":"result","fields":[100,0],"id":153373282140161,"type":106}
@nix {"action":"result","fields":[0,20,0,0],"id":153373282140162,"type":105}
@nix {"action":"result","fields":[0,0,0,0],"id":153373282140163,"type":105}
@nix {"action":"result","fields":[101,0],"id":153373282140161,"type":106}
@nix {"action":"result","fields":[100,0],"id":153373282140161,"type":106}
@nix {"action":"result","fields":[0,21,0,0],"id":153373282140162,"type":105}
@nix {"action":"result","fields":[0,0,0,0],"id":153373282140163,"type":105}
@nix {"action":"result","fields":[101,0],"id":153373282140161,"type":106}
@nix {"action":"result","fields":[100,0],"id":153373282140161,"type":106}
@nix {"action":"result","fields":[0,22,0,0],"id":153373282140162,"type":105}
@nix {"action":"result","fields":[0,0,0,0],"id":153373282140163,"type":105}
@nix {"action":"result","fields":[101,0],"id":153373282140161,"type":106}
@nix {"action":"result","fields":[100,0],"id":153373282140161,"type":106}
@nix {"action":"result","fields":[0,23,0,0],"id":153373282140162,"type":105}
@nix {"action":"result","fields":[0,0,0,0],"id":153373282140163,"type":105}
@nix {"action":"result","fields":[101,0],"id":153373282140161,"type":106}
@nix {"action":"result","fields":[100,0],"id":153373282140161,"type":106}
@nix {"action":"result","fields":[0,24,0,0],"id":153373282140162,"type":105}
@nix {"action":"result","fields":[0,0,0,0],"id":153373282140163,"type":105}
@nix {"action":"result","fields":[101,0],"id":153373282140161,"type":106}
@nix {"action":"result","fields":[100,0],"id":153373282140161,"type":106}
@nix {"action":"result","fields":[0,25,0,0],"id":153373282140162,"type":105}
@nix {"action":"result","fields":[0,0,0,0],"id":153373282140163,"type":105}
@nix {"action":"result","fields":[101,0],"id":153373282140161,"type":106}
@nix {"action":"result","fields":[100,0],"id":153373282140161,"type":106}
@nix {"action":"result","fields":[0,26,0,0],"id":153373282140162,"type":105}
@nix {"action":"result","fields":[0,0,0,0],"id":153373282140163,"type":105}
@nix {"action":"result","fields":[101,0],"id":153373282140161,"type":106}
@nix {"action":"result","fields":[100,0],"id":153373282140161,"type":106}
@nix {"action":"result","fields":[0,27,0,0],"id":153373282140162,"type":105}
@nix {"action":"result","fields":[0,0,0,0],"id":153373282140163,"type":105}
@nix {"action":"result","fields":[101,0],"id":153373282140161,"type":106}
@nix {"action":"result","fields":[100,0],"id":153373282140161,"type":106}
@nix {"action":"result","fields":[0,28,0,0],"id":153373282140162,"type":105}
@nix {"action":"result","fields":[0,0,0,0],"id":153373282140163,"type":105}
@nix {"action":"result","fields":[101,0],"id":153373282140161,"type":106}
@nix {"action":"result","fields":[100,0],"id":153373282140161,"type":106}
@nix {"action":"result","fields":[0,29,0,0],"id":153373282140162,"type":105}
@nix {"action":"result","fields":[0,0,0,0],"id":153373282140163,"type":105}
@nix {"action":"result","fields":[101,0],"id":153373282140161,"type":106}
@nix {"action":"result","fields":[100,0],"id":153373282140161,"type":106}
@nix {"action":"result","fields":[0,30,0,0],"id":153373282140162,"type":105}
@nix {"action":"result","fields":[0,0,0,0],"id":153373282140163,"type":105}
@nix {"action":"result","fields":[101,0],"id":153373282140161,"type":106}
@nix {"action":"result","fields":[100,0],"id":153373282140161,"type":106}
@nix {"action":"result","fields":[0,31,0,0],"id":153373282140162,"type":105}
@nix {"action":"result","fields":[0,0,0,0],"id":153373282140163,"type":105}
@nix {"action":"result","fields":[101,0],"id":153373282140161,"type":106}
@nix {"action":"result","fields":[100,0],"id":153373282140161,"type":106}
@nix {"action":"result","fields":[0,32,0,0],"id":153373282140162,"type":105}
@nix {"action":"result","fields":[0,0,0,0],"id":153373282140163,"type":105}
@nix {"action":"result","fields":[101,0],"id":153373282140161,"type":106}
@nix {"action":"result","fields":[100,0],"id":153373282140161,"type":106}
@nix {"action":"start","fields":["/tmp/obrador-shared-pins-linux/round-3-retry-after/wide-round-1-jobs-8/store/nz8bjr7r9nazdp9a30yjdw31j40dw1hx-leaf-0.drv.drv","",1,1],"id":153373282140164,"level":3,"parent":0,"text":"building '/tmp/obrador-shared-pins-linux/round-3-retry-after/wide-round-1-jobs-8/store/nz8bjr7r9nazdp9a30yjdw31j40dw1hx-leaf-0.drv.drv'","type":105}
@nix {"action":"result","fields":[0,32,1,0],"id":153373282140162,"type":105}
@nix {"action":"result","fields":[0,0,0,0],"id":153373282140163,"type":105}
@nix {"action":"result","fields":[101,0],"id":153373282140161,"type":106}
@nix {"action":"result","fields":[100,0],"id":153373282140161,"type":106}
@nix {"action":"start","fields":["/tmp/obrador-shared-pins-linux/round-3-retry-after/wide-round-1-jobs-8/store/50709wc2y9v3sn3ijhzzc6gl1nmjdblw-leaf-1.drv.drv","",1,1],"id":153373282140165,"level":3,"parent":0,"text":"building '/tmp/obrador-shared-pins-linux/round-3-retry-after/wide-round-1-jobs-8/store/50709wc2y9v3sn3ijhzzc6gl1nmjdblw-leaf-1.drv.drv'","type":105}
@nix {"action":"result","fields":[0,32,2,0],"id":153373282140162,"type":105}
@nix {"action":"result","fields":[0,0,0,0],"id":153373282140163,"type":105}
@nix {"action":"result","fields":[101,0],"id":153373282140161,"type":106}
@nix {"action":"result","fields":[100,0],"id":153373282140161,"type":106}
@nix {"action":"start","fields":["/tmp/obrador-shared-pins-linux/round-3-retry-after/wide-round-1-jobs-8/store/bcpkfpz87b48fsva79vf5dhk6qhmaj7n-leaf-10.drv.drv","",1,1],"id":153373282140166,"level":3,"parent":0,"text":"building '/tmp/obrador-shared-pins-linux/round-3-retry-after/wide-round-1-jobs-8/store/bcpkfpz87b48fsva79vf5dhk6qhmaj7n-leaf-10.drv.drv'","type":105}
@nix {"action":"result","fields":[0,32,3,0],"id":153373282140162,"type":105}
@nix {"action":"result","fields":[0,0,0,0],"id":153373282140163,"type":105}
@nix {"action":"result","fields":[101,0],"id":153373282140161,"type":106}
@nix {"action":"result","fields":[100,0],"id":153373282140161,"type":106}
@nix {"action":"start","fields":["/tmp/obrador-shared-pins-linux/round-3-retry-after/wide-round-1-jobs-8/store/lrrdqm8ra3wi032jkg7nakj0rnx45ayb-leaf-11.drv.drv","",1,1],"id":153373282140167,"level":3,"parent":0,"text":"building '/tmp/obrador-shared-pins-linux/round-3-retry-after/wide-round-1-jobs-8/store/lrrdqm8ra3wi032jkg7nakj0rnx45ayb-leaf-11.drv.drv'","type":105}
@nix {"action":"result","fields":[0,32,4,0],"id":153373282140162,"type":105}
@nix {"action":"result","fields":[0,0,0,0],"id":153373282140163,"type":105}
@nix {"action":"result","fields":[101,0],"id":153373282140161,"type":106}
@nix {"action":"result","fields":[100,0],"id":153373282140161,"type":106}
@nix {"action":"start","fields":["/tmp/obrador-shared-pins-linux/round-3-retry-after/wide-round-1-jobs-8/store/ysrfjgm5cwbqpcmad7w40p9rg2zj6mm1-leaf-12.drv.drv","",1,1],"id":153373282140168,"level":3,"parent":0,"text":"building '/tmp/obrador-shared-pins-linux/round-3-retry-after/wide-round-1-jobs-8/store/ysrfjgm5cwbqpcmad7w40p9rg2zj6mm1-leaf-12.drv.drv'","type":105}
@nix {"action":"result","fields":[0,32,5,0],"id":153373282140162,"type":105}
@nix {"action":"result","fields":[0,0,0,0],"id":153373282140163,"type":105}
@nix {"action":"result","fields":[101,0],"id":153373282140161,"type":106}
@nix {"action":"result","fields":[100,0],"id":153373282140161,"type":106}
@nix {"action":"start","fields":["/tmp/obrador-shared-pins-linux/round-3-retry-after/wide-round-1-jobs-8/store/r5jv4cn9ss398690r9iq9mnv2p8x1al8-leaf-13.drv.drv","",1,1],"id":153373282140169,"level":3,"parent":0,"text":"building '/tmp/obrador-shared-pins-linux/round-3-retry-after/wide-round-1-jobs-8/store/r5jv4cn9ss398690r9iq9mnv2p8x1al8-leaf-13.drv.drv'","type":105}
@nix {"action":"result","fields":[0,32,6,0],"id":153373282140162,"type":105}
@nix {"action":"result","fields":[0,0,0,0],"id":153373282140163,"type":105}
@nix {"action":"result","fields":[101,0],"id":153373282140161,"type":106}
@nix {"action":"result","fields":[100,0],"id":153373282140161,"type":106}
@nix {"action":"start","fields":["/tmp/obrador-shared-pins-linux/round-3-retry-after/wide-round-1-jobs-8/store/c63fzkbzdginqvlfx2mwlv9hd534xpzi-leaf-14.drv.drv","",1,1],"id":153373282140170,"level":3,"parent":0,"text":"building '/tmp/obrador-shared-pins-linux/round-3-retry-after/wide-round-1-jobs-8/store/c63fzkbzdginqvlfx2mwlv9hd534xpzi-leaf-14.drv.drv'","type":105}
@nix {"action":"result","fields":[0,32,7,0],"id":153373282140162,"type":105}
@nix {"action":"result","fields":[0,0,0,0],"id":153373282140163,"type":105}
@nix {"action":"result","fields":[101,0],"id":153373282140161,"type":106}
@nix {"action":"result","fields":[100,0],"id":153373282140161,"type":106}
@nix {"action":"start","fields":["/tmp/obrador-shared-pins-linux/round-3-retry-after/wide-round-1-jobs-8/store/dkbnwyagm0jaj94hyf4xygplwivynyx9-leaf-15.drv.drv","",1,1],"id":153373282140171,"level":3,"parent":0,"text":"building '/tmp/obrador-shared-pins-linux/round-3-retry-after/wide-round-1-jobs-8/store/dkbnwyagm0jaj94hyf4xygplwivynyx9-leaf-15.drv.drv'","type":105}
@nix {"action":"result","fields":[0,32,8,0],"id":153373282140162,"type":105}
@nix {"action":"result","fields":[0,0,0,0],"id":153373282140163,"type":105}
@nix {"action":"result","fields":[101,0],"id":153373282140161,"type":106}
@nix {"action":"result","fields":[100,0],"id":153373282140161,"type":106}
@nix {"action":"result","fields":[1,33,7,0],"id":153373282140162,"type":105}
@nix {"action":"result","fields":[0,0,0,0],"id":153373282140163,"type":105}
@nix {"action":"result","fields":[101,0],"id":153373282140161,"type":106}
@nix {"action":"result","fields":[100,0],"id":153373282140161,"type":106}
@nix {"action":"stop","id":153373282140164}
@nix {"action":"result","fields":[2,34,6,0],"id":153373282140162,"type":105}
@nix {"action":"result","fields":[0,0,0,0],"id":153373282140163,"type":105}
@nix {"action":"result","fields":[101,0],"id":153373282140161,"type":106}
@nix {"action":"result","fields":[100,0],"id":153373282140161,"type":106}
@nix {"action":"stop","id":153373282140165}
@nix {"action":"result","fields":[3,35,5,0],"id":153373282140162,"type":105}
@nix {"action":"result","fields":[0,0,0,0],"id":153373282140163,"type":105}
@nix {"action":"result","fields":[101,0],"id":153373282140161,"type":106}
@nix {"action":"result","fields":[100,0],"id":153373282140161,"type":106}
@nix {"action":"stop","id":153373282140166}
@nix {"action":"result","fields":[4,36,4,0],"id":153373282140162,"type":105}
@nix {"action":"result","fields":[0,0,0,0],"id":153373282140163,"type":105}
@nix {"action":"result","fields":[101,0],"id":153373282140161,"type":106}
@nix {"action":"result","fields":[100,0],"id":153373282140161,"type":106}
@nix {"action":"stop","id":153373282140167}
@nix {"action":"result","fields":[5,37,3,0],"id":153373282140162,"type":105}
@nix {"action":"result","fields":[0,0,0,0],"id":153373282140163,"type":105}
@nix {"action":"result","fields":[101,0],"id":153373282140161,"type":106}
@nix {"action":"result","fields":[100,0],"id":153373282140161,"type":106}
@nix {"action":"stop","id":153373282140168}
@nix {"action":"result","fields":[6,38,2,0],"id":153373282140162,"type":105}
@nix {"action":"result","fields":[0,0,0,0],"id":153373282140163,"type":105}
@nix {"action":"result","fields":[101,0],"id":153373282140161,"type":106}
@nix {"action":"result","fields":[100,0],"id":153373282140161,"type":106}
@nix {"action":"stop","id":153373282140169}
@nix {"action":"result","fields":[7,39,1,0],"id":153373282140162,"type":105}
@nix {"action":"result","fields":[0,0,0,0],"id":153373282140163,"type":105}
@nix {"action":"result","fields":[101,0],"id":153373282140161,"type":106}
@nix {"action":"result","fields":[100,0],"id":153373282140161,"type":106}
@nix {"action":"stop","id":153373282140170}
@nix {"action":"start","fields":["/tmp/obrador-shared-pins-linux/round-3-retry-after/wide-round-1-jobs-8/store/3hlh2calsb2rm0n61kcvgjbn14k9hdf3-leaf-31.drv.drv","",1,1],"id":153373282140172,"level":3,"parent":0,"text":"building '/tmp/obrador-shared-pins-linux/round-3-retry-after/wide-round-1-jobs-8/store/3hlh2calsb2rm0n61kcvgjbn14k9hdf3-leaf-31.drv.drv'","type":105}
@nix {"action":"result","fields":[7,32,2,0],"id":153373282140162,"type":105}
@nix {"action":"result","fields":[0,0,0,0],"id":153373282140163,"type":105}
@nix {"action":"result","fields":[101,0],"id":153373282140161,"type":106}
@nix {"action":"result","fields":[100,0],"id":153373282140161,"type":106}
@nix {"action":"start","fields":["/tmp/obrador-shared-pins-linux/round-3-retry-after/wide-round-1-jobs-8/store/hjx4rar7khg5fqj694whr980wpfmg13f-leaf-4.drv.drv","",1,1],"id":153373282140173,"level":3,"parent":0,"text":"building '/tmp/obrador-shared-pins-linux/round-3-retry-after/wide-round-1-jobs-8/store/hjx4rar7khg5fqj694whr980wpfmg13f-leaf-4.drv.drv'","type":105}
@nix {"action":"result","fields":[7,32,3,0],"id":153373282140162,"type":105}
@nix {"action":"result","fields":[0,0,0,0],"id":153373282140163,"type":105}
@nix {"action":"result","fields":[101,0],"id":153373282140161,"type":106}
@nix {"action":"result","fields":[100,0],"id":153373282140161,"type":106}
@nix {"action":"start","fields":["/tmp/obrador-shared-pins-linux/round-3-retry-after/wide-round-1-jobs-8/store/1nlqvwwi2dwvi5b63majw8j9289cdsq2-leaf-5.drv.drv","",1,1],"id":153373282140174,"level":3,"parent":0,"text":"building '/tmp/obrador-shared-pins-linux/round-3-retry-after/wide-round-1-jobs-8/store/1nlqvwwi2dwvi5b63majw8j9289cdsq2-leaf-5.drv.drv'","type":105}
@nix {"action":"result","fields":[7,32,4,0],"id":153373282140162,"type":105}
@nix {"action":"result","fields":[0,0,0,0],"id":153373282140163,"type":105}
@nix {"action":"result","fields":[101,0],"id":153373282140161,"type":106}
@nix {"action":"result","fields":[100,0],"id":153373282140161,"type":106}
@nix {"action":"start","fields":["/tmp/obrador-shared-pins-linux/round-3-retry-after/wide-round-1-jobs-8/store/mybngasqimvs0ip7i281msvpm2c2ndfl-leaf-6.drv.drv","",1,1],"id":153373282140175,"level":3,"parent":0,"text":"building '/tmp/obrador-shared-pins-linux/round-3-retry-after/wide-round-1-jobs-8/store/mybngasqimvs0ip7i281msvpm2c2ndfl-leaf-6.drv.drv'","type":105}
@nix {"action":"result","fields":[7,32,5,0],"id":153373282140162,"type":105}
@nix {"action":"result","fields":[0,0,0,0],"id":153373282140163,"type":105}
@nix {"action":"result","fields":[101,0],"id":153373282140161,"type":106}
@nix {"action":"result","fields":[100,0],"id":153373282140161,"type":106}
@nix {"action":"start","fields":["/tmp/obrador-shared-pins-linux/round-3-retry-after/wide-round-1-jobs-8/store/8gm4p8iibl2677jc6z3p6ri247q5cryz-leaf-7.drv.drv","",1,1],"id":153373282140176,"level":3,"parent":0,"text":"building '/tmp/obrador-shared-pins-linux/round-3-retry-after/wide-round-1-jobs-8/store/8gm4p8iibl2677jc6z3p6ri247q5cryz-leaf-7.drv.drv'","type":105}
@nix {"action":"result","fields":[7,32,6,0],"id":153373282140162,"type":105}
@nix {"action":"result","fields":[0,0,0,0],"id":153373282140163,"type":105}
@nix {"action":"result","fields":[101,0],"id":153373282140161,"type":106}
@nix {"action":"result","fields":[100,0],"id":153373282140161,"type":106}
@nix {"action":"start","fields":["/tmp/obrador-shared-pins-linux/round-3-retry-after/wide-round-1-jobs-8/store/hkdv1bn5k5mnpfsjif6vmqsx75l8h90s-leaf-8.drv.drv","",1,1],"id":153373282140177,"level":3,"parent":0,"text":"building '/tmp/obrador-shared-pins-linux/round-3-retry-after/wide-round-1-jobs-8/store/hkdv1bn5k5mnpfsjif6vmqsx75l8h90s-leaf-8.drv.drv'","type":105}
@nix {"action":"result","fields":[7,32,7,0],"id":153373282140162,"type":105}
@nix {"action":"result","fields":[0,0,0,0],"id":153373282140163,"type":105}
@nix {"action":"result","fields":[101,0],"id":153373282140161,"type":106}
@nix {"action":"result","fields":[100,0],"id":153373282140161,"type":106}
@nix {"action":"start","fields":["/tmp/obrador-shared-pins-linux/round-3-retry-after/wide-round-1-jobs-8/store/d12qlppfr6r022z4dh223ccq5m9g28zd-leaf-9.drv.drv","",1,1],"id":153373282140178,"level":3,"parent":0,"text":"building '/tmp/obrador-shared-pins-linux/round-3-retry-after/wide-round-1-jobs-8/store/d12qlppfr6r022z4dh223ccq5m9g28zd-leaf-9.drv.drv'","type":105}
@nix {"action":"result","fields":[7,32,8,0],"id":153373282140162,"type":105}
@nix {"action":"result","fields":[0,0,0,0],"id":153373282140163,"type":105}
@nix {"action":"result","fields":[101,0],"id":153373282140161,"type":106}
@nix {"action":"result","fields":[100,0],"id":153373282140161,"type":106}
@nix {"action":"result","fields":[7,33,8,0],"id":153373282140162,"type":105}
@nix {"action":"result","fields":[0,0,0,0],"id":153373282140163,"type":105}
@nix {"action":"result","fields":[101,0],"id":153373282140161,"type":106}
@nix {"action":"result","fields":[100,0],"id":153373282140161,"type":106}
@nix {"action":"result","fields":[7,34,8,0],"id":153373282140162,"type":105}
@nix {"action":"result","fields":[0,0,0,0],"id":153373282140163,"type":105}
@nix {"action":"result","fields":[101,0],"id":153373282140161,"type":106}
@nix {"action":"result","fields":[100,0],"id":153373282140161,"type":106}
@nix {"action":"result","fields":[7,35,8,0],"id":153373282140162,"type":105}
@nix {"action":"result","fields":[0,0,0,0],"id":153373282140163,"type":105}
@nix {"action":"result","fields":[101,0],"id":153373282140161,"type":106}
@nix {"action":"result","fields":[100,0],"id":153373282140161,"type":106}
@nix {"action":"result","fields":[7,36,8,0],"id":153373282140162,"type":105}
@nix {"action":"result","fields":[0,0,0,0],"id":153373282140163,"type":105}
@nix {"action":"result","fields":[101,0],"id":153373282140161,"type":106}
@nix {"action":"result","fields":[100,0],"id":153373282140161,"type":106}
@nix {"action":"result","fields":[7,37,8,0],"id":153373282140162,"type":105}
@nix {"action":"result","fields":[0,0,0,0],"id":153373282140163,"type":105}
@nix {"action":"result","fields":[101,0],"id":153373282140161,"type":106}
@nix {"action":"result","fields":[100,0],"id":153373282140161,"type":106}
@nix {"action":"result","fields":[7,38,8,0],"id":153373282140162,"type":105}
@nix {"action":"result","fields":[0,0,0,0],"id":153373282140163,"type":105}
@nix {"action":"result","fields":[101,0],"id":153373282140161,"type":106}
@nix {"action":"result","fields":[100,0],"id":153373282140161,"type":106}
@nix {"action":"result","fields":[7,39,8,0],"id":153373282140162,"type":105}
@nix {"action":"result","fields":[0,0,0,0],"id":153373282140163,"type":105}
@nix {"action":"result","fields":[101,0],"id":153373282140161,"type":106}
@nix {"action":"result","fields":[100,0],"id":153373282140161,"type":106}
@nix {"action":"result","fields":[8,40,7,0],"id":153373282140162,"type":105}
@nix {"action":"result","fields":[0,0,0,0],"id":153373282140163,"type":105}
@nix {"action":"result","fields":[101,0],"id":153373282140161,"type":106}
@nix {"action":"result","fields":[100,0],"id":153373282140161,"type":106}
@nix {"action":"stop","id":153373282140171}
@nix {"action":"result","fields":[9,41,6,0],"id":153373282140162,"type":105}
@nix {"action":"result","fields":[0,0,0,0],"id":153373282140163,"type":105}
@nix {"action":"result","fields":[101,0],"id":153373282140161,"type":106}
@nix {"action":"result","fields":[100,0],"id":153373282140161,"type":106}
@nix {"action":"stop","id":153373282140172}
@nix {"action":"result","fields":[10,42,5,0],"id":153373282140162,"type":105}
@nix {"action":"result","fields":[0,0,0,0],"id":153373282140163,"type":105}
@nix {"action":"result","fields":[101,0],"id":153373282140161,"type":106}
@nix {"action":"result","fields":[100,0],"id":153373282140161,"type":106}
@nix {"action":"stop","id":153373282140173}
@nix {"action":"result","fields":[11,43,4,0],"id":153373282140162,"type":105}
@nix {"action":"result","fields":[0,0,0,0],"id":153373282140163,"type":105}
@nix {"action":"result","fields":[101,0],"id":153373282140161,"type":106}
@nix {"action":"result","fields":[100,0],"id":153373282140161,"type":106}
@nix {"action":"stop","id":153373282140174}
@nix {"action":"result","fields":[12,44,3,0],"id":153373282140162,"type":105}
@nix {"action":"result","fields":[0,0,0,0],"id":153373282140163,"type":105}
@nix {"action":"result","fields":[101,0],"id":153373282140161,"type":106}
@nix {"action":"result","fields":[100,0],"id":153373282140161,"type":106}
@nix {"action":"stop","id":153373282140175}
@nix {"action":"result","fields":[13,45,2,0],"id":153373282140162,"type":105}
@nix {"action":"result","fields":[0,0,0,0],"id":153373282140163,"type":105}
@nix {"action":"result","fields":[101,0],"id":153373282140161,"type":106}
@nix {"action":"result","fields":[100,0],"id":153373282140161,"type":106}
@nix {"action":"stop","id":153373282140176}
@nix {"action":"result","fields":[14,46,1,0],"id":153373282140162,"type":105}
@nix {"action":"result","fields":[0,0,0,0],"id":153373282140163,"type":105}
@nix {"action":"result","fields":[101,0],"id":153373282140161,"type":106}
@nix {"action":"result","fields":[100,0],"id":153373282140161,"type":106}
@nix {"action":"stop","id":153373282140177}
@nix {"action":"result","fields":[15,47,0,0],"id":153373282140162,"type":105}
@nix {"action":"result","fields":[0,0,0,0],"id":153373282140163,"type":105}
@nix {"action":"result","fields":[101,0],"id":153373282140161,"type":106}
@nix {"action":"result","fields":[100,0],"id":153373282140161,"type":106}
@nix {"action":"stop","id":153373282140178}
@nix {"action":"start","fields":["/tmp/obrador-shared-pins-linux/round-3-retry-after/wide-round-1-jobs-8/store/ykqxb1pmxmxz7j6jwrjwkgj8xi6r3ahn-leaf-0.drv","",1,1],"id":153373282140179,"level":3,"parent":0,"text":"building '/tmp/obrador-shared-pins-linux/round-3-retry-after/wide-round-1-jobs-8/store/ykqxb1pmxmxz7j6jwrjwkgj8xi6r3ahn-leaf-0.drv'","type":105}
@nix {"action":"result","fields":[15,39,1,0],"id":153373282140162,"type":105}
@nix {"action":"result","fields":[0,0,0,0],"id":153373282140163,"type":105}
@nix {"action":"result","fields":[101,0],"id":153373282140161,"type":106}
@nix {"action":"result","fields":[100,0],"id":153373282140161,"type":106}
@nix {"action":"start","fields":["/tmp/obrador-shared-pins-linux/round-3-retry-after/wide-round-1-jobs-8/store/67j92x25561hjchdib434yz4fibgkmyx-leaf-1.drv","",1,1],"id":153373282140180,"level":3,"parent":0,"text":"building '/tmp/obrador-shared-pins-linux/round-3-retry-after/wide-round-1-jobs-8/store/67j92x25561hjchdib434yz4fibgkmyx-leaf-1.drv'","type":105}
@nix {"action":"result","fields":[15,39,2,0],"id":153373282140162,"type":105}
@nix {"action":"result","fields":[0,0,0,0],"id":153373282140163,"type":105}
@nix {"action":"result","fields":[101,0],"id":153373282140161,"type":106}
@nix {"action":"result","fields":[100,0],"id":153373282140161,"type":106}
@nix {"action":"start","fields":["/tmp/obrador-shared-pins-linux/round-3-retry-after/wide-round-1-jobs-8/store/np0mzd49zb9ckiaiylzw4y5zcgbjxdan-leaf-10.drv","",1,1],"id":153373282140181,"level":3,"parent":0,"text":"building '/tmp/obrador-shared-pins-linux/round-3-retry-after/wide-round-1-jobs-8/store/np0mzd49zb9ckiaiylzw4y5zcgbjxdan-leaf-10.drv'","type":105}
@nix {"action":"result","fields":[15,39,3,0],"id":153373282140162,"type":105}
@nix {"action":"result","fields":[0,0,0,0],"id":153373282140163,"type":105}
@nix {"action":"result","fields":[101,0],"id":153373282140161,"type":106}
@nix {"action":"result","fields":[100,0],"id":153373282140161,"type":106}
@nix {"action":"start","fields":["/tmp/obrador-shared-pins-linux/round-3-retry-after/wide-round-1-jobs-8/store/3qlpf133ks0g65qhkqcb2pv4agyisb6m-leaf-11.drv","",1,1],"id":153373282140182,"level":3,"parent":0,"text":"building '/tmp/obrador-shared-pins-linux/round-3-retry-after/wide-round-1-jobs-8/store/3qlpf133ks0g65qhkqcb2pv4agyisb6m-leaf-11.drv'","type":105}
@nix {"action":"result","fields":[15,39,4,0],"id":153373282140162,"type":105}
@nix {"action":"result","fields":[0,0,0,0],"id":153373282140163,"type":105}
@nix {"action":"result","fields":[101,0],"id":153373282140161,"type":106}
@nix {"action":"result","fields":[100,0],"id":153373282140161,"type":106}
@nix {"action":"start","fields":["/tmp/obrador-shared-pins-linux/round-3-retry-after/wide-round-1-jobs-8/store/3b7cv6dh0vvcjvc361mikkvj2yc10h5b-leaf-12.drv","",1,1],"id":153373282140183,"level":3,"parent":0,"text":"building '/tmp/obrador-shared-pins-linux/round-3-retry-after/wide-round-1-jobs-8/store/3b7cv6dh0vvcjvc361mikkvj2yc10h5b-leaf-12.drv'","type":105}
@nix {"action":"result","fields":[15,39,5,0],"id":153373282140162,"type":105}
@nix {"action":"result","fields":[0,0,0,0],"id":153373282140163,"type":105}
@nix {"action":"result","fields":[101,0],"id":153373282140161,"type":106}
@nix {"action":"result","fields":[100,0],"id":153373282140161,"type":106}
@nix {"action":"start","fields":["/tmp/obrador-shared-pins-linux/round-3-retry-after/wide-round-1-jobs-8/store/frhfyjh36jwb44sa0dbxgv8wfgpkfdc3-leaf-13.drv","",1,1],"id":153373282140184,"level":3,"parent":0,"text":"building '/tmp/obrador-shared-pins-linux/round-3-retry-after/wide-round-1-jobs-8/store/frhfyjh36jwb44sa0dbxgv8wfgpkfdc3-leaf-13.drv'","type":105}
@nix {"action":"result","fields":[15,39,6,0],"id":153373282140162,"type":105}
@nix {"action":"result","fields":[0,0,0,0],"id":153373282140163,"type":105}
@nix {"action":"result","fields":[101,0],"id":153373282140161,"type":106}
@nix {"action":"result","fields":[100,0],"id":153373282140161,"type":106}
@nix {"action":"start","fields":["/tmp/obrador-shared-pins-linux/round-3-retry-after/wide-round-1-jobs-8/store/yp98zqrynp3rz4fras1zxpbaij48xf71-leaf-14.drv","",1,1],"id":153373282140185,"level":3,"parent":0,"text":"building '/tmp/obrador-shared-pins-linux/round-3-retry-after/wide-round-1-jobs-8/store/yp98zqrynp3rz4fras1zxpbaij48xf71-leaf-14.drv'","type":105}
@nix {"action":"result","fields":[15,39,7,0],"id":153373282140162,"type":105}
@nix {"action":"result","fields":[0,0,0,0],"id":153373282140163,"type":105}
@nix {"action":"result","fields":[101,0],"id":153373282140161,"type":106}
@nix {"action":"result","fields":[100,0],"id":153373282140161,"type":106}
@nix {"action":"start","fields":["/tmp/obrador-shared-pins-linux/round-3-retry-after/wide-round-1-jobs-8/store/irfch3hd0qsn4dv2afz9kmy1mnhaj0q2-leaf-21.drv.drv","",1,1],"id":153373282140186,"level":3,"parent":0,"text":"building '/tmp/obrador-shared-pins-linux/round-3-retry-after/wide-round-1-jobs-8/store/irfch3hd0qsn4dv2afz9kmy1mnhaj0q2-leaf-21.drv.drv'","type":105}
@nix {"action":"result","fields":[15,39,8,0],"id":153373282140162,"type":105}
@nix {"action":"result","fields":[0,0,0,0],"id":153373282140163,"type":105}
@nix {"action":"result","fields":[101,0],"id":153373282140161,"type":106}
@nix {"action":"result","fields":[100,0],"id":153373282140161,"type":106}
@nix {"action":"result","fields":[15,40,8,0],"id":153373282140162,"type":105}
@nix {"action":"result","fields":[0,0,0,0],"id":153373282140163,"type":105}
@nix {"action":"result","fields":[101,0],"id":153373282140161,"type":106}
@nix {"action":"result","fields":[100,0],"id":153373282140161,"type":106}
@nix {"action":"result","fields":[15,41,8,0],"id":153373282140162,"type":105}
@nix {"action":"result","fields":[0,0,0,0],"id":153373282140163,"type":105}
@nix {"action":"result","fields":[101,0],"id":153373282140161,"type":106}
@nix {"action":"result","fields":[100,0],"id":153373282140161,"type":106}
@nix {"action":"result","fields":[15,42,8,0],"id":153373282140162,"type":105}
@nix {"action":"result","fields":[0,0,0,0],"id":153373282140163,"type":105}
@nix {"action":"result","fields":[101,0],"id":153373282140161,"type":106}
@nix {"action":"result","fields":[100,0],"id":153373282140161,"type":106}
@nix {"action":"result","fields":[15,43,8,0],"id":153373282140162,"type":105}
@nix {"action":"result","fields":[0,0,0,0],"id":153373282140163,"type":105}
@nix {"action":"result","fields":[101,0],"id":153373282140161,"type":106}
@nix {"action":"result","fields":[100,0],"id":153373282140161,"type":106}
@nix {"action":"result","fields":[15,44,8,0],"id":153373282140162,"type":105}
@nix {"action":"result","fields":[0,0,0,0],"id":153373282140163,"type":105}
@nix {"action":"result","fields":[101,0],"id":153373282140161,"type":106}
@nix {"action":"result","fields":[100,0],"id":153373282140161,"type":106}
@nix {"action":"result","fields":[15,45,8,0],"id":153373282140162,"type":105}
@nix {"action":"result","fields":[0,0,0,0],"id":153373282140163,"type":105}
@nix {"action":"result","fields":[101,0],"id":153373282140161,"type":106}
@nix {"action":"result","fields":[100,0],"id":153373282140161,"type":106}
@nix {"action":"result","fields":[15,46,8,0],"id":153373282140162,"type":105}
@nix {"action":"result","fields":[0,0,0,0],"id":153373282140163,"type":105}
@nix {"action":"result","fields":[101,0],"id":153373282140161,"type":106}
@nix {"action":"result","fields":[100,0],"id":153373282140161,"type":106}
@nix {"action":"result","fields":[15,47,8,0],"id":153373282140162,"type":105}
@nix {"action":"result","fields":[0,0,0,0],"id":153373282140163,"type":105}
@nix {"action":"result","fields":[101,0],"id":153373282140161,"type":106}
@nix {"action":"result","fields":[100,0],"id":153373282140161,"type":106}
@nix {"action":"result","fields":[16,48,7,0],"id":153373282140162,"type":105}
@nix {"action":"result","fields":[0,0,0,0],"id":153373282140163,"type":105}
@nix {"action":"result","fields":[101,0],"id":153373282140161,"type":106}
@nix {"action":"result","fields":[100,0],"id":153373282140161,"type":106}
@nix {"action":"stop","id":153373282140179}
@nix {"action":"result","fields":[17,49,6,0],"id":153373282140162,"type":105}
@nix {"action":"result","fields":[0,0,0,0],"id":153373282140163,"type":105}
@nix {"action":"result","fields":[101,0],"id":153373282140161,"type":106}
@nix {"action":"result","fields":[100,0],"id":153373282140161,"type":106}
@nix {"action":"stop","id":153373282140180}
@nix {"action":"result","fields":[18,50,5,0],"id":153373282140162,"type":105}
@nix {"action":"result","fields":[0,0,0,0],"id":153373282140163,"type":105}
@nix {"action":"result","fields":[101,0],"id":153373282140161,"type":106}
@nix {"action":"result","fields":[100,0],"id":153373282140161,"type":106}
@nix {"action":"stop","id":153373282140181}
@nix {"action":"result","fields":[19,51,4,0],"id":153373282140162,"type":105}
@nix {"action":"result","fields":[0,0,0,0],"id":153373282140163,"type":105}
@nix {"action":"result","fields":[101,0],"id":153373282140161,"type":106}
@nix {"action":"result","fields":[100,0],"id":153373282140161,"type":106}
@nix {"action":"stop","id":153373282140182}
@nix {"action":"result","fields":[20,52,3,0],"id":153373282140162,"type":105}
@nix {"action":"result","fields":[0,0,0,0],"id":153373282140163,"type":105}
@nix {"action":"result","fields":[101,0],"id":153373282140161,"type":106}
@nix {"action":"result","fields":[100,0],"id":153373282140161,"type":106}
@nix {"action":"stop","id":153373282140183}
@nix {"action":"result","fields":[21,53,2,0],"id":153373282140162,"type":105}
@nix {"action":"result","fields":[0,0,0,0],"id":153373282140163,"type":105}
@nix {"action":"result","fields":[101,0],"id":153373282140161,"type":106}
@nix {"action":"result","fields":[100,0],"id":153373282140161,"type":106}
@nix {"action":"stop","id":153373282140184}
@nix {"action":"result","fields":[22,54,1,0],"id":153373282140162,"type":105}
@nix {"action":"result","fields":[0,0,0,0],"id":153373282140163,"type":105}
@nix {"action":"result","fields":[101,0],"id":153373282140161,"type":106}
@nix {"action":"result","fields":[100,0],"id":153373282140161,"type":106}
@nix {"action":"stop","id":153373282140185}
@nix {"action":"result","fields":[23,55,0,0],"id":153373282140162,"type":105}
@nix {"action":"result","fields":[0,0,0,0],"id":153373282140163,"type":105}
@nix {"action":"result","fields":[101,0],"id":153373282140161,"type":106}
@nix {"action":"result","fields":[100,0],"id":153373282140161,"type":106}
@nix {"action":"stop","id":153373282140186}
@nix {"action":"start","fields":["/tmp/obrador-shared-pins-linux/round-3-retry-after/wide-round-1-jobs-8/store/7567qa2xvvl1jakc3pz7b5vxa16ca20m-leaf-15.drv","",1,1],"id":153373282140187,"level":3,"parent":0,"text":"building '/tmp/obrador-shared-pins-linux/round-3-retry-after/wide-round-1-jobs-8/store/7567qa2xvvl1jakc3pz7b5vxa16ca20m-leaf-15.drv'","type":105}
@nix {"action":"result","fields":[23,47,1,0],"id":153373282140162,"type":105}
@nix {"action":"result","fields":[0,0,0,0],"id":153373282140163,"type":105}
@nix {"action":"result","fields":[101,0],"id":153373282140161,"type":106}
@nix {"action":"result","fields":[100,0],"id":153373282140161,"type":106}
@nix {"action":"start","fields":["/tmp/obrador-shared-pins-linux/round-3-retry-after/wide-round-1-jobs-8/store/zq5vljymykvbfbj7dyxrkn66xjrzvl2v-leaf-31.drv","",1,1],"id":153373282140188,"level":3,"parent":0,"text":"building '/tmp/obrador-shared-pins-linux/round-3-retry-after/wide-round-1-jobs-8/store/zq5vljymykvbfbj7dyxrkn66xjrzvl2v-leaf-31.drv'","type":105}
@nix {"action":"result","fields":[23,47,2,0],"id":153373282140162,"type":105}
@nix {"action":"result","fields":[0,0,0,0],"id":153373282140163,"type":105}
@nix {"action":"result","fields":[101,0],"id":153373282140161,"type":106}
@nix {"action":"result","fields":[100,0],"id":153373282140161,"type":106}
@nix {"action":"start","fields":["/tmp/obrador-shared-pins-linux/round-3-retry-after/wide-round-1-jobs-8/store/aylkj8znnddb0j9cxlsinzfj65qqmgz3-leaf-4.drv","",1,1],"id":153373282140189,"level":3,"parent":0,"text":"building '/tmp/obrador-shared-pins-linux/round-3-retry-after/wide-round-1-jobs-8/store/aylkj8znnddb0j9cxlsinzfj65qqmgz3-leaf-4.drv'","type":105}
@nix {"action":"result","fields":[23,47,3,0],"id":153373282140162,"type":105}
@nix {"action":"result","fields":[0,0,0,0],"id":153373282140163,"type":105}
@nix {"action":"result","fields":[101,0],"id":153373282140161,"type":106}
@nix {"action":"result","fields":[100,0],"id":153373282140161,"type":106}
@nix {"action":"start","fields":["/tmp/obrador-shared-pins-linux/round-3-retry-after/wide-round-1-jobs-8/store/05mb81vf6ncpg90ng2cd9r6ldl9s5q1y-leaf-5.drv","",1,1],"id":153373282140190,"level":3,"parent":0,"text":"building '/tmp/obrador-shared-pins-linux/round-3-retry-after/wide-round-1-jobs-8/store/05mb81vf6ncpg90ng2cd9r6ldl9s5q1y-leaf-5.drv'","type":105}
@nix {"action":"result","fields":[23,47,4,0],"id":153373282140162,"type":105}
@nix {"action":"result","fields":[0,0,0,0],"id":153373282140163,"type":105}
@nix {"action":"result","fields":[101,0],"id":153373282140161,"type":106}
@nix {"action":"result","fields":[100,0],"id":153373282140161,"type":106}
@nix {"action":"start","fields":["/tmp/obrador-shared-pins-linux/round-3-retry-after/wide-round-1-jobs-8/store/fpi0v3qgnccwiqa7mq2zp00dz0s990c2-leaf-6.drv","",1,1],"id":153373282140191,"level":3,"parent":0,"text":"building '/tmp/obrador-shared-pins-linux/round-3-retry-after/wide-round-1-jobs-8/store/fpi0v3qgnccwiqa7mq2zp00dz0s990c2-leaf-6.drv'","type":105}
@nix {"action":"result","fields":[23,47,5,0],"id":153373282140162,"type":105}
@nix {"action":"result","fields":[0,0,0,0],"id":153373282140163,"type":105}
@nix {"action":"result","fields":[101,0],"id":153373282140161,"type":106}
@nix {"action":"result","fields":[100,0],"id":153373282140161,"type":106}
@nix {"action":"start","fields":["/tmp/obrador-shared-pins-linux/round-3-retry-after/wide-round-1-jobs-8/store/mq8mh74sr7biq8jnlsvzmps5hdnv3vvx-leaf-7.drv","",1,1],"id":153373282140192,"level":3,"parent":0,"text":"building '/tmp/obrador-shared-pins-linux/round-3-retry-after/wide-round-1-jobs-8/store/mq8mh74sr7biq8jnlsvzmps5hdnv3vvx-leaf-7.drv'","type":105}
@nix {"action":"result","fields":[23,47,6,0],"id":153373282140162,"type":105}
@nix {"action":"result","fields":[0,0,0,0],"id":153373282140163,"type":105}
@nix {"action":"result","fields":[101,0],"id":153373282140161,"type":106}
@nix {"action":"result","fields":[100,0],"id":153373282140161,"type":106}
@nix {"action":"start","fields":["/tmp/obrador-shared-pins-linux/round-3-retry-after/wide-round-1-jobs-8/store/8vlzab9nxb38bx56h93r9my7kd42h2pr-leaf-8.drv","",1,1],"id":153373282140193,"level":3,"parent":0,"text":"building '/tmp/obrador-shared-pins-linux/round-3-retry-after/wide-round-1-jobs-8/store/8vlzab9nxb38bx56h93r9my7kd42h2pr-leaf-8.drv'","type":105}
@nix {"action":"result","fields":[23,47,7,0],"id":153373282140162,"type":105}
@nix {"action":"result","fields":[0,0,0,0],"id":153373282140163,"type":105}
@nix {"action":"result","fields":[101,0],"id":153373282140161,"type":106}
@nix {"action":"result","fields":[100,0],"id":153373282140161,"type":106}
@nix {"action":"start","fields":["/tmp/obrador-shared-pins-linux/round-3-retry-after/wide-round-1-jobs-8/store/3i3rwpffgmgcmygccgqa8l77rswvjz83-leaf-9.drv","",1,1],"id":153373282140194,"level":3,"parent":0,"text":"building '/tmp/obrador-shared-pins-linux/round-3-retry-after/wide-round-1-jobs-8/store/3i3rwpffgmgcmygccgqa8l77rswvjz83-leaf-9.drv'","type":105}
@nix {"action":"result","fields":[23,47,8,0],"id":153373282140162,"type":105}
@nix {"action":"result","fields":[0,0,0,0],"id":153373282140163,"type":105}
@nix {"action":"result","fields":[101,0],"id":153373282140161,"type":106}
@nix {"action":"result","fields":[100,0],"id":153373282140161,"type":106}
@nix {"action":"result","fields":[23,48,8,0],"id":153373282140162,"type":105}
@nix {"action":"result","fields":[0,0,0,0],"id":153373282140163,"type":105}
@nix {"action":"result","fields":[101,0],"id":153373282140161,"type":106}
@nix {"action":"result","fields":[100,0],"id":153373282140161,"type":106}
@nix {"action":"result","fields":[24,49,7,0],"id":153373282140162,"type":105}
@nix {"action":"result","fields":[0,0,0,0],"id":153373282140163,"type":105}
@nix {"action":"result","fields":[101,0],"id":153373282140161,"type":106}
@nix {"action":"result","fields":[100,0],"id":153373282140161,"type":106}
@nix {"action":"stop","id":153373282140187}
@nix {"action":"result","fields":[25,50,6,0],"id":153373282140162,"type":105}
@nix {"action":"result","fields":[0,0,0,0],"id":153373282140163,"type":105}
@nix {"action":"result","fields":[101,0],"id":153373282140161,"type":106}
@nix {"action":"result","fields":[100,0],"id":153373282140161,"type":106}
@nix {"action":"stop","id":153373282140188}
@nix {"action":"result","fields":[26,51,5,0],"id":153373282140162,"type":105}
@nix {"action":"result","fields":[0,0,0,0],"id":153373282140163,"type":105}
@nix {"action":"result","fields":[101,0],"id":153373282140161,"type":106}
@nix {"action":"result","fields":[100,0],"id":153373282140161,"type":106}
@nix {"action":"stop","id":153373282140189}
@nix {"action":"result","fields":[27,52,4,0],"id":153373282140162,"type":105}
@nix {"action":"result","fields":[0,0,0,0],"id":153373282140163,"type":105}
@nix {"action":"result","fields":[101,0],"id":153373282140161,"type":106}
@nix {"action":"result","fields":[100,0],"id":153373282140161,"type":106}
@nix {"action":"stop","id":153373282140190}
@nix {"action":"result","fields":[28,53,3,0],"id":153373282140162,"type":105}
@nix {"action":"result","fields":[0,0,0,0],"id":153373282140163,"type":105}
@nix {"action":"result","fields":[101,0],"id":153373282140161,"type":106}
@nix {"action":"result","fields":[100,0],"id":153373282140161,"type":106}
@nix {"action":"stop","id":153373282140191}
@nix {"action":"result","fields":[29,54,2,0],"id":153373282140162,"type":105}
@nix {"action":"result","fields":[0,0,0,0],"id":153373282140163,"type":105}
@nix {"action":"result","fields":[101,0],"id":153373282140161,"type":106}
@nix {"action":"result","fields":[100,0],"id":153373282140161,"type":106}
@nix {"action":"stop","id":153373282140192}
@nix {"action":"result","fields":[30,55,1,0],"id":153373282140162,"type":105}
@nix {"action":"result","fields":[0,0,0,0],"id":153373282140163,"type":105}
@nix {"action":"result","fields":[101,0],"id":153373282140161,"type":106}
@nix {"action":"result","fields":[100,0],"id":153373282140161,"type":106}
@nix {"action":"stop","id":153373282140193}
@nix {"action":"start","fields":["/tmp/obrador-shared-pins-linux/round-3-retry-after/wide-round-1-jobs-8/store/4m926gfl3g2656rdsa4q1yxbwkrr0iyh-leaf-19.drv.drv","",1,1],"id":153373282140195,"level":3,"parent":0,"text":"building '/tmp/obrador-shared-pins-linux/round-3-retry-after/wide-round-1-jobs-8/store/4m926gfl3g2656rdsa4q1yxbwkrr0iyh-leaf-19.drv.drv'","type":105}
@nix {"action":"result","fields":[30,48,2,0],"id":153373282140162,"type":105}
@nix {"action":"result","fields":[0,0,0,0],"id":153373282140163,"type":105}
@nix {"action":"result","fields":[101,0],"id":153373282140161,"type":106}
@nix {"action":"result","fields":[100,0],"id":153373282140161,"type":106}
@nix {"action":"start","fields":["/tmp/obrador-shared-pins-linux/round-3-retry-after/wide-round-1-jobs-8/store/vql5yb01g429bwiakpddpprn0xkw0fbw-leaf-2.drv.drv","",1,1],"id":153373282140196,"level":3,"parent":0,"text":"building '/tmp/obrador-shared-pins-linux/round-3-retry-after/wide-round-1-jobs-8/store/vql5yb01g429bwiakpddpprn0xkw0fbw-leaf-2.drv.drv'","type":105}
@nix {"action":"result","fields":[30,48,3,0],"id":153373282140162,"type":105}
@nix {"action":"result","fields":[0,0,0,0],"id":153373282140163,"type":105}
@nix {"action":"result","fields":[101,0],"id":153373282140161,"type":106}
@nix {"action":"result","fields":[100,0],"id":153373282140161,"type":106}
@nix {"action":"start","fields":["/tmp/obrador-shared-pins-linux/round-3-retry-after/wide-round-1-jobs-8/store/wigmqaj0prm8y27ch0n172xz12qkbiry-leaf-20.drv.drv","",1,1],"id":153373282140197,"level":3,"parent":0,"text":"building '/tmp/obrador-shared-pins-linux/round-3-retry-after/wide-round-1-jobs-8/store/wigmqaj0prm8y27ch0n172xz12qkbiry-leaf-20.drv.drv'","type":105}
@nix {"action":"result","fields":[30,48,4,0],"id":153373282140162,"type":105}
@nix {"action":"result","fields":[0,0,0,0],"id":153373282140163,"type":105}
@nix {"action":"result","fields":[101,0],"id":153373282140161,"type":106}
@nix {"action":"result","fields":[100,0],"id":153373282140161,"type":106}
@nix {"action":"start","fields":["/tmp/obrador-shared-pins-linux/round-3-retry-after/wide-round-1-jobs-8/store/05vik1i5grw90d3wv0ac7vrwlp075sr4-leaf-21.drv","",1,1],"id":153373282140198,"level":3,"parent":0,"text":"building '/tmp/obrador-shared-pins-linux/round-3-retry-after/wide-round-1-jobs-8/store/05vik1i5grw90d3wv0ac7vrwlp075sr4-leaf-21.drv'","type":105}
@nix {"action":"result","fields":[30,48,5,0],"id":153373282140162,"type":105}
@nix {"action":"result","fields":[0,0,0,0],"id":153373282140163,"type":105}
@nix {"action":"result","fields":[101,0],"id":153373282140161,"type":106}
@nix {"action":"result","fields":[100,0],"id":153373282140161,"type":106}
@nix {"action":"start","fields":["/tmp/obrador-shared-pins-linux/round-3-retry-after/wide-round-1-jobs-8/store/6ilxpdayns89xix7pcgwmkhfjxzcgbr2-leaf-26.drv.drv","",1,1],"id":153373282140199,"level":3,"parent":0,"text":"building '/tmp/obrador-shared-pins-linux/round-3-retry-after/wide-round-1-jobs-8/store/6ilxpdayns89xix7pcgwmkhfjxzcgbr2-leaf-26.drv.drv'","type":105}
@nix {"action":"result","fields":[30,48,6,0],"id":153373282140162,"type":105}
@nix {"action":"result","fields":[0,0,0,0],"id":153373282140163,"type":105}
@nix {"action":"result","fields":[101,0],"id":153373282140161,"type":106}
@nix {"action":"result","fields":[100,0],"id":153373282140161,"type":106}
@nix {"action":"start","fields":["/tmp/obrador-shared-pins-linux/round-3-retry-after/wide-round-1-jobs-8/store/xjadkrp79kkrwari55xc0bc5gmyw31k5-leaf-27.drv.drv","",1,1],"id":153373282140200,"level":3,"parent":0,"text":"building '/tmp/obrador-shared-pins-linux/round-3-retry-after/wide-round-1-jobs-8/store/xjadkrp79kkrwari55xc0bc5gmyw31k5-leaf-27.drv.drv'","type":105}
@nix {"action":"result","fields":[30,48,7,0],"id":153373282140162,"type":105}
@nix {"action":"result","fields":[0,0,0,0],"id":153373282140163,"type":105}
@nix {"action":"result","fields":[101,0],"id":153373282140161,"type":106}
@nix {"action":"result","fields":[100,0],"id":153373282140161,"type":106}
@nix {"action":"start","fields":["/tmp/obrador-shared-pins-linux/round-3-retry-after/wide-round-1-jobs-8/store/1c5j98rg3gvzcm4hy7igngqshlya7hhr-leaf-28.drv.drv","",1,1],"id":153373282140201,"level":3,"parent":0,"text":"building '/tmp/obrador-shared-pins-linux/round-3-retry-after/wide-round-1-jobs-8/store/1c5j98rg3gvzcm4hy7igngqshlya7hhr-leaf-28.drv.drv'","type":105}
@nix {"action":"result","fields":[30,48,8,0],"id":153373282140162,"type":105}
@nix {"action":"result","fields":[0,0,0,0],"id":153373282140163,"type":105}
@nix {"action":"result","fields":[101,0],"id":153373282140161,"type":106}
@nix {"action":"result","fields":[100,0],"id":153373282140161,"type":106}
@nix {"action":"result","fields":[31,49,7,0],"id":153373282140162,"type":105}
@nix {"action":"result","fields":[0,0,0,0],"id":153373282140163,"type":105}
@nix {"action":"result","fields":[101,0],"id":153373282140161,"type":106}
@nix {"action":"result","fields":[100,0],"id":153373282140161,"type":106}
@nix {"action":"stop","id":153373282140195}
@nix {"action":"result","fields":[32,50,6,0],"id":153373282140162,"type":105}
@nix {"action":"result","fields":[0,0,0,0],"id":153373282140163,"type":105}
@nix {"action":"result","fields":[101,0],"id":153373282140161,"type":106}
@nix {"action":"result","fields":[100,0],"id":153373282140161,"type":106}
@nix {"action":"stop","id":153373282140196}
@nix {"action":"result","fields":[33,51,5,0],"id":153373282140162,"type":105}
@nix {"action":"result","fields":[0,0,0,0],"id":153373282140163,"type":105}
@nix {"action":"result","fields":[101,0],"id":153373282140161,"type":106}
@nix {"action":"result","fields":[100,0],"id":153373282140161,"type":106}
@nix {"action":"stop","id":153373282140197}
@nix {"action":"result","fields":[34,52,4,0],"id":153373282140162,"type":105}
@nix {"action":"result","fields":[0,0,0,0],"id":153373282140163,"type":105}
@nix {"action":"result","fields":[101,0],"id":153373282140161,"type":106}
@nix {"action":"result","fields":[100,0],"id":153373282140161,"type":106}
@nix {"action":"stop","id":153373282140198}
@nix {"action":"result","fields":[35,53,3,0],"id":153373282140162,"type":105}
@nix {"action":"result","fields":[0,0,0,0],"id":153373282140163,"type":105}
@nix {"action":"result","fields":[101,0],"id":153373282140161,"type":106}
@nix {"action":"result","fields":[100,0],"id":153373282140161,"type":106}
@nix {"action":"stop","id":153373282140199}
@nix {"action":"result","fields":[36,54,2,0],"id":153373282140162,"type":105}
@nix {"action":"result","fields":[0,0,0,0],"id":153373282140163,"type":105}
@nix {"action":"result","fields":[101,0],"id":153373282140161,"type":106}
@nix {"action":"result","fields":[100,0],"id":153373282140161,"type":106}
@nix {"action":"stop","id":153373282140200}
@nix {"action":"result","fields":[37,55,1,0],"id":153373282140162,"type":105}
@nix {"action":"result","fields":[0,0,0,0],"id":153373282140163,"type":105}
@nix {"action":"result","fields":[101,0],"id":153373282140161,"type":106}
@nix {"action":"result","fields":[100,0],"id":153373282140161,"type":106}
@nix {"action":"stop","id":153373282140194}
@nix {"action":"start","fields":["/tmp/obrador-shared-pins-linux/round-3-retry-after/wide-round-1-jobs-8/store/5c0gk2a4yk32pfr3swp6g09f8i4arrkv-leaf-16.drv.drv","",1,1],"id":153373282140202,"level":3,"parent":0,"text":"building '/tmp/obrador-shared-pins-linux/round-3-retry-after/wide-round-1-jobs-8/store/5c0gk2a4yk32pfr3swp6g09f8i4arrkv-leaf-16.drv.drv'","type":105}
@nix {"action":"result","fields":[37,48,2,0],"id":153373282140162,"type":105}
@nix {"action":"result","fields":[0,0,0,0],"id":153373282140163,"type":105}
@nix {"action":"result","fields":[101,0],"id":153373282140161,"type":106}
@nix {"action":"result","fields":[100,0],"id":153373282140161,"type":106}
@nix {"action":"start","fields":["/tmp/obrador-shared-pins-linux/round-3-retry-after/wide-round-1-jobs-8/store/904mfdrhszlqiz3ysyq4gb7vhn4s1vj8-leaf-17.drv.drv","",1,1],"id":153373282140203,"level":3,"parent":0,"text":"building '/tmp/obrador-shared-pins-linux/round-3-retry-after/wide-round-1-jobs-8/store/904mfdrhszlqiz3ysyq4gb7vhn4s1vj8-leaf-17.drv.drv'","type":105}
@nix {"action":"result","fields":[37,48,3,0],"id":153373282140162,"type":105}
@nix {"action":"result","fields":[0,0,0,0],"id":153373282140163,"type":105}
@nix {"action":"result","fields":[101,0],"id":153373282140161,"type":106}
@nix {"action":"result","fields":[100,0],"id":153373282140161,"type":106}
@nix {"action":"start","fields":["/tmp/obrador-shared-pins-linux/round-3-retry-after/wide-round-1-jobs-8/store/7cjycmva33ccs23qw45qmzd1m75p7xc1-leaf-18.drv.drv","",1,1],"id":153373282140204,"level":3,"parent":0,"text":"building '/tmp/obrador-shared-pins-linux/round-3-retry-after/wide-round-1-jobs-8/store/7cjycmva33ccs23qw45qmzd1m75p7xc1-leaf-18.drv.drv'","type":105}
@nix {"action":"result","fields":[37,48,4,0],"id":153373282140162,"type":105}
@nix {"action":"result","fields":[0,0,0,0],"id":153373282140163,"type":105}
@nix {"action":"result","fields":[101,0],"id":153373282140161,"type":106}
@nix {"action":"result","fields":[100,0],"id":153373282140161,"type":106}
@nix {"action":"start","fields":["/tmp/obrador-shared-pins-linux/round-3-retry-after/wide-round-1-jobs-8/store/kzfpf2h3vdjny7b5dg0afjhy9xclw77f-leaf-22.drv.drv","",1,1],"id":153373282140205,"level":3,"parent":0,"text":"building '/tmp/obrador-shared-pins-linux/round-3-retry-after/wide-round-1-jobs-8/store/kzfpf2h3vdjny7b5dg0afjhy9xclw77f-leaf-22.drv.drv'","type":105}
@nix {"action":"result","fields":[37,48,5,0],"id":153373282140162,"type":105}
@nix {"action":"result","fields":[0,0,0,0],"id":153373282140163,"type":105}
@nix {"action":"result","fields":[101,0],"id":153373282140161,"type":106}
@nix {"action":"result","fields":[100,0],"id":153373282140161,"type":106}
@nix {"action":"start","fields":["/tmp/obrador-shared-pins-linux/round-3-retry-after/wide-round-1-jobs-8/store/aw6ahk0wzj9k5f0w7jbjzsd2nrkrcp6y-leaf-23.drv.drv","",1,1],"id":153373282140206,"level":3,"parent":0,"text":"building '/tmp/obrador-shared-pins-linux/round-3-retry-after/wide-round-1-jobs-8/store/aw6ahk0wzj9k5f0w7jbjzsd2nrkrcp6y-leaf-23.drv.drv'","type":105}
@nix {"action":"result","fields":[37,48,6,0],"id":153373282140162,"type":105}
@nix {"action":"result","fields":[0,0,0,0],"id":153373282140163,"type":105}
@nix {"action":"result","fields":[101,0],"id":153373282140161,"type":106}
@nix {"action":"result","fields":[100,0],"id":153373282140161,"type":106}
@nix {"action":"start","fields":["/tmp/obrador-shared-pins-linux/round-3-retry-after/wide-round-1-jobs-8/store/0rsqkn8xq7cmv6miv6dylnd1x0lbwbr4-leaf-24.drv.drv","",1,1],"id":153373282140207,"level":3,"parent":0,"text":"building '/tmp/obrador-shared-pins-linux/round-3-retry-after/wide-round-1-jobs-8/store/0rsqkn8xq7cmv6miv6dylnd1x0lbwbr4-leaf-24.drv.drv'","type":105}
@nix {"action":"result","fields":[37,48,7,0],"id":153373282140162,"type":105}
@nix {"action":"result","fields":[0,0,0,0],"id":153373282140163,"type":105}
@nix {"action":"result","fields":[101,0],"id":153373282140161,"type":106}
@nix {"action":"result","fields":[100,0],"id":153373282140161,"type":106}
@nix {"action":"start","fields":["/tmp/obrador-shared-pins-linux/round-3-retry-after/wide-round-1-jobs-8/store/qqaw37ma2aijlbagssx9fgfzp37gb1v6-leaf-25.drv.drv","",1,1],"id":153373282140208,"level":3,"parent":0,"text":"building '/tmp/obrador-shared-pins-linux/round-3-retry-after/wide-round-1-jobs-8/store/qqaw37ma2aijlbagssx9fgfzp37gb1v6-leaf-25.drv.drv'","type":105}
@nix {"action":"result","fields":[37,48,8,0],"id":153373282140162,"type":105}
@nix {"action":"result","fields":[0,0,0,0],"id":153373282140163,"type":105}
@nix {"action":"result","fields":[101,0],"id":153373282140161,"type":106}
@nix {"action":"result","fields":[100,0],"id":153373282140161,"type":106}
@nix {"action":"result","fields":[37,49,8,0],"id":153373282140162,"type":105}
@nix {"action":"result","fields":[0,0,0,0],"id":153373282140163,"type":105}
@nix {"action":"result","fields":[101,0],"id":153373282140161,"type":106}
@nix {"action":"result","fields":[100,0],"id":153373282140161,"type":106}
@nix {"action":"result","fields":[37,50,8,0],"id":153373282140162,"type":105}
@nix {"action":"result","fields":[0,0,0,0],"id":153373282140163,"type":105}
@nix {"action":"result","fields":[101,0],"id":153373282140161,"type":106}
@nix {"action":"result","fields":[100,0],"id":153373282140161,"type":106}
@nix {"action":"result","fields":[37,51,8,0],"id":153373282140162,"type":105}
@nix {"action":"result","fields":[0,0,0,0],"id":153373282140163,"type":105}
@nix {"action":"result","fields":[101,0],"id":153373282140161,"type":106}
@nix {"action":"result","fields":[100,0],"id":153373282140161,"type":106}
@nix {"action":"result","fields":[37,52,8,0],"id":153373282140162,"type":105}
@nix {"action":"result","fields":[0,0,0,0],"id":153373282140163,"type":105}
@nix {"action":"result","fields":[101,0],"id":153373282140161,"type":106}
@nix {"action":"result","fields":[100,0],"id":153373282140161,"type":106}
@nix {"action":"result","fields":[37,53,8,0],"id":153373282140162,"type":105}
@nix {"action":"result","fields":[0,0,0,0],"id":153373282140163,"type":105}
@nix {"action":"result","fields":[101,0],"id":153373282140161,"type":106}
@nix {"action":"result","fields":[100,0],"id":153373282140161,"type":106}
@nix {"action":"result","fields":[38,54,7,0],"id":153373282140162,"type":105}
@nix {"action":"result","fields":[0,0,0,0],"id":153373282140163,"type":105}
@nix {"action":"result","fields":[101,0],"id":153373282140161,"type":106}
@nix {"action":"result","fields":[100,0],"id":153373282140161,"type":106}
@nix {"action":"stop","id":153373282140202}
@nix {"action":"result","fields":[39,55,6,0],"id":153373282140162,"type":105}
@nix {"action":"result","fields":[0,0,0,0],"id":153373282140163,"type":105}
@nix {"action":"result","fields":[101,0],"id":153373282140161,"type":106}
@nix {"action":"result","fields":[100,0],"id":153373282140161,"type":106}
@nix {"action":"stop","id":153373282140203}
@nix {"action":"result","fields":[40,56,5,0],"id":153373282140162,"type":105}
@nix {"action":"result","fields":[0,0,0,0],"id":153373282140163,"type":105}
@nix {"action":"result","fields":[101,0],"id":153373282140161,"type":106}
@nix {"action":"result","fields":[100,0],"id":153373282140161,"type":106}
@nix {"action":"stop","id":153373282140204}
@nix {"action":"result","fields":[41,57,4,0],"id":153373282140162,"type":105}
@nix {"action":"result","fields":[0,0,0,0],"id":153373282140163,"type":105}
@nix {"action":"result","fields":[101,0],"id":153373282140161,"type":106}
@nix {"action":"result","fields":[100,0],"id":153373282140161,"type":106}
@nix {"action":"stop","id":153373282140205}
@nix {"action":"result","fields":[42,58,3,0],"id":153373282140162,"type":105}
@nix {"action":"result","fields":[0,0,0,0],"id":153373282140163,"type":105}
@nix {"action":"result","fields":[101,0],"id":153373282140161,"type":106}
@nix {"action":"result","fields":[100,0],"id":153373282140161,"type":106}
@nix {"action":"stop","id":153373282140206}
@nix {"action":"result","fields":[43,59,2,0],"id":153373282140162,"type":105}
@nix {"action":"result","fields":[0,0,0,0],"id":153373282140163,"type":105}
@nix {"action":"result","fields":[101,0],"id":153373282140161,"type":106}
@nix {"action":"result","fields":[100,0],"id":153373282140161,"type":106}
@nix {"action":"stop","id":153373282140207}
@nix {"action":"result","fields":[44,60,1,0],"id":153373282140162,"type":105}
@nix {"action":"result","fields":[0,0,0,0],"id":153373282140163,"type":105}
@nix {"action":"result","fields":[101,0],"id":153373282140161,"type":106}
@nix {"action":"result","fields":[100,0],"id":153373282140161,"type":106}
@nix {"action":"stop","id":153373282140208}
@nix {"action":"result","fields":[45,61,0,0],"id":153373282140162,"type":105}
@nix {"action":"result","fields":[0,0,0,0],"id":153373282140163,"type":105}
@nix {"action":"result","fields":[101,0],"id":153373282140161,"type":106}
@nix {"action":"result","fields":[100,0],"id":153373282140161,"type":106}
@nix {"action":"stop","id":153373282140201}
@nix {"action":"start","fields":["/tmp/obrador-shared-pins-linux/round-3-retry-after/wide-round-1-jobs-8/store/iib9i1gdbvlzygvhx5srh2mydbbl3fl8-leaf-19.drv","",1,1],"id":153373282140209,"level":3,"parent":0,"text":"building '/tmp/obrador-shared-pins-linux/round-3-retry-after/wide-round-1-jobs-8/store/iib9i1gdbvlzygvhx5srh2mydbbl3fl8-leaf-19.drv'","type":105}
@nix {"action":"result","fields":[45,53,1,0],"id":153373282140162,"type":105}
@nix {"action":"result","fields":[0,0,0,0],"id":153373282140163,"type":105}
@nix {"action":"result","fields":[101,0],"id":153373282140161,"type":106}
@nix {"action":"result","fields":[100,0],"id":153373282140161,"type":106}
@nix {"action":"start","fields":["/tmp/obrador-shared-pins-linux/round-3-retry-after/wide-round-1-jobs-8/store/ayp0wycwbv76bpjfyvp546bqg031aylk-leaf-2.drv","",1,1],"id":153373282140210,"level":3,"parent":0,"text":"building '/tmp/obrador-shared-pins-linux/round-3-retry-after/wide-round-1-jobs-8/store/ayp0wycwbv76bpjfyvp546bqg031aylk-leaf-2.drv'","type":105}
@nix {"action":"result","fields":[45,53,2,0],"id":153373282140162,"type":105}
@nix {"action":"result","fields":[0,0,0,0],"id":153373282140163,"type":105}
@nix {"action":"result","fields":[101,0],"id":153373282140161,"type":106}
@nix {"action":"result","fields":[100,0],"id":153373282140161,"type":106}
@nix {"action":"start","fields":["/tmp/obrador-shared-pins-linux/round-3-retry-after/wide-round-1-jobs-8/store/9phr3bh7f8imybmcdbzvggqkv839v59x-leaf-20.drv","",1,1],"id":153373282140211,"level":3,"parent":0,"text":"building '/tmp/obrador-shared-pins-linux/round-3-retry-after/wide-round-1-jobs-8/store/9phr3bh7f8imybmcdbzvggqkv839v59x-leaf-20.drv'","type":105}
@nix {"action":"result","fields":[45,53,3,0],"id":153373282140162,"type":105}
@nix {"action":"result","fields":[0,0,0,0],"id":153373282140163,"type":105}
@nix {"action":"result","fields":[101,0],"id":153373282140161,"type":106}
@nix {"action":"result","fields":[100,0],"id":153373282140161,"type":106}
@nix {"action":"start","fields":["/tmp/obrador-shared-pins-linux/round-3-retry-after/wide-round-1-jobs-8/store/gp9y3p3il31kdxskvacwbx8vny651g8m-leaf-26.drv","",1,1],"id":153373282140212,"level":3,"parent":0,"text":"building '/tmp/obrador-shared-pins-linux/round-3-retry-after/wide-round-1-jobs-8/store/gp9y3p3il31kdxskvacwbx8vny651g8m-leaf-26.drv'","type":105}
@nix {"action":"result","fields":[45,53,4,0],"id":153373282140162,"type":105}
@nix {"action":"result","fields":[0,0,0,0],"id":153373282140163,"type":105}
@nix {"action":"result","fields":[101,0],"id":153373282140161,"type":106}
@nix {"action":"result","fields":[100,0],"id":153373282140161,"type":106}
@nix {"action":"start","fields":["/tmp/obrador-shared-pins-linux/round-3-retry-after/wide-round-1-jobs-8/store/746j7pg7fxhzxmkijyfjvsvwgjgbl84a-leaf-27.drv","",1,1],"id":153373282140213,"level":3,"parent":0,"text":"building '/tmp/obrador-shared-pins-linux/round-3-retry-after/wide-round-1-jobs-8/store/746j7pg7fxhzxmkijyfjvsvwgjgbl84a-leaf-27.drv'","type":105}
@nix {"action":"result","fields":[45,53,5,0],"id":153373282140162,"type":105}
@nix {"action":"result","fields":[0,0,0,0],"id":153373282140163,"type":105}
@nix {"action":"result","fields":[101,0],"id":153373282140161,"type":106}
@nix {"action":"result","fields":[100,0],"id":153373282140161,"type":106}
@nix {"action":"start","fields":["/tmp/obrador-shared-pins-linux/round-3-retry-after/wide-round-1-jobs-8/store/dp5hzaqk1nq1lxw2f1ajxnda07g0cglc-leaf-29.drv.drv","",1,1],"id":153373282140214,"level":3,"parent":0,"text":"building '/tmp/obrador-shared-pins-linux/round-3-retry-after/wide-round-1-jobs-8/store/dp5hzaqk1nq1lxw2f1ajxnda07g0cglc-leaf-29.drv.drv'","type":105}
@nix {"action":"result","fields":[45,53,6,0],"id":153373282140162,"type":105}
@nix {"action":"result","fields":[0,0,0,0],"id":153373282140163,"type":105}
@nix {"action":"result","fields":[101,0],"id":153373282140161,"type":106}
@nix {"action":"result","fields":[100,0],"id":153373282140161,"type":106}
@nix {"action":"start","fields":["/tmp/obrador-shared-pins-linux/round-3-retry-after/wide-round-1-jobs-8/store/3yxxwmyb7rrhc4k5811hxnpr9wq4wfr9-leaf-3.drv.drv","",1,1],"id":153373282140215,"level":3,"parent":0,"text":"building '/tmp/obrador-shared-pins-linux/round-3-retry-after/wide-round-1-jobs-8/store/3yxxwmyb7rrhc4k5811hxnpr9wq4wfr9-leaf-3.drv.drv'","type":105}
@nix {"action":"result","fields":[45,53,7,0],"id":153373282140162,"type":105}
@nix {"action":"result","fields":[0,0,0,0],"id":153373282140163,"type":105}
@nix {"action":"result","fields":[101,0],"id":153373282140161,"type":106}
@nix {"action":"result","fields":[100,0],"id":153373282140161,"type":106}
@nix {"action":"start","fields":["/tmp/obrador-shared-pins-linux/round-3-retry-after/wide-round-1-jobs-8/store/7mzmhljx538i8yagp4lyfjc5xv7x7yyh-leaf-30.drv.drv","",1,1],"id":153373282140216,"level":3,"parent":0,"text":"building '/tmp/obrador-shared-pins-linux/round-3-retry-after/wide-round-1-jobs-8/store/7mzmhljx538i8yagp4lyfjc5xv7x7yyh-leaf-30.drv.drv'","type":105}
@nix {"action":"result","fields":[45,53,8,0],"id":153373282140162,"type":105}
@nix {"action":"result","fields":[0,0,0,0],"id":153373282140163,"type":105}
@nix {"action":"result","fields":[101,0],"id":153373282140161,"type":106}
@nix {"action":"result","fields":[100,0],"id":153373282140161,"type":106}
@nix {"action":"result","fields":[45,54,8,0],"id":153373282140162,"type":105}
@nix {"action":"result","fields":[0,0,0,0],"id":153373282140163,"type":105}
@nix {"action":"result","fields":[101,0],"id":153373282140161,"type":106}
@nix {"action":"result","fields":[100,0],"id":153373282140161,"type":106}
@nix {"action":"result","fields":[45,55,8,0],"id":153373282140162,"type":105}
@nix {"action":"result","fields":[0,0,0,0],"id":153373282140163,"type":105}
@nix {"action":"result","fields":[101,0],"id":153373282140161,"type":106}
@nix {"action":"result","fields":[100,0],"id":153373282140161,"type":106}
@nix {"action":"result","fields":[45,56,8,0],"id":153373282140162,"type":105}
@nix {"action":"result","fields":[0,0,0,0],"id":153373282140163,"type":105}
@nix {"action":"result","fields":[101,0],"id":153373282140161,"type":106}
@nix {"action":"result","fields":[100,0],"id":153373282140161,"type":106}
@nix {"action":"result","fields":[45,57,8,0],"id":153373282140162,"type":105}
@nix {"action":"result","fields":[0,0,0,0],"id":153373282140163,"type":105}
@nix {"action":"result","fields":[101,0],"id":153373282140161,"type":106}
@nix {"action":"result","fields":[100,0],"id":153373282140161,"type":106}
@nix {"action":"result","fields":[45,58,8,0],"id":153373282140162,"type":105}
@nix {"action":"result","fields":[0,0,0,0],"id":153373282140163,"type":105}
@nix {"action":"result","fields":[101,0],"id":153373282140161,"type":106}
@nix {"action":"result","fields":[100,0],"id":153373282140161,"type":106}
@nix {"action":"result","fields":[45,59,8,0],"id":153373282140162,"type":105}
@nix {"action":"result","fields":[0,0,0,0],"id":153373282140163,"type":105}
@nix {"action":"result","fields":[101,0],"id":153373282140161,"type":106}
@nix {"action":"result","fields":[100,0],"id":153373282140161,"type":106}
@nix {"action":"result","fields":[45,60,8,0],"id":153373282140162,"type":105}
@nix {"action":"result","fields":[0,0,0,0],"id":153373282140163,"type":105}
@nix {"action":"result","fields":[101,0],"id":153373282140161,"type":106}
@nix {"action":"result","fields":[100,0],"id":153373282140161,"type":106}
@nix {"action":"result","fields":[45,61,8,0],"id":153373282140162,"type":105}
@nix {"action":"result","fields":[0,0,0,0],"id":153373282140163,"type":105}
@nix {"action":"result","fields":[101,0],"id":153373282140161,"type":106}
@nix {"action":"result","fields":[100,0],"id":153373282140161,"type":106}
@nix {"action":"result","fields":[46,62,7,0],"id":153373282140162,"type":105}
@nix {"action":"result","fields":[0,0,0,0],"id":153373282140163,"type":105}
@nix {"action":"result","fields":[101,0],"id":153373282140161,"type":106}
@nix {"action":"result","fields":[100,0],"id":153373282140161,"type":106}
@nix {"action":"stop","id":153373282140209}
@nix {"action":"result","fields":[47,63,6,0],"id":153373282140162,"type":105}
@nix {"action":"result","fields":[0,0,0,0],"id":153373282140163,"type":105}
@nix {"action":"result","fields":[101,0],"id":153373282140161,"type":106}
@nix {"action":"result","fields":[100,0],"id":153373282140161,"type":106}
@nix {"action":"stop","id":153373282140210}
@nix {"action":"result","fields":[48,64,5,0],"id":153373282140162,"type":105}
@nix {"action":"result","fields":[0,0,0,0],"id":153373282140163,"type":105}
@nix {"action":"result","fields":[101,0],"id":153373282140161,"type":106}
@nix {"action":"result","fields":[100,0],"id":153373282140161,"type":106}
@nix {"action":"stop","id":153373282140211}
@nix {"action":"result","fields":[49,65,4,0],"id":153373282140162,"type":105}
@nix {"action":"result","fields":[0,0,0,0],"id":153373282140163,"type":105}
@nix {"action":"result","fields":[101,0],"id":153373282140161,"type":106}
@nix {"action":"result","fields":[100,0],"id":153373282140161,"type":106}
@nix {"action":"stop","id":153373282140212}
@nix {"action":"result","fields":[50,66,3,0],"id":153373282140162,"type":105}
@nix {"action":"result","fields":[0,0,0,0],"id":153373282140163,"type":105}
@nix {"action":"result","fields":[101,0],"id":153373282140161,"type":106}
@nix {"action":"result","fields":[100,0],"id":153373282140161,"type":106}
@nix {"action":"stop","id":153373282140213}
@nix {"action":"result","fields":[51,67,2,0],"id":153373282140162,"type":105}
@nix {"action":"result","fields":[0,0,0,0],"id":153373282140163,"type":105}
@nix {"action":"result","fields":[101,0],"id":153373282140161,"type":106}
@nix {"action":"result","fields":[100,0],"id":153373282140161,"type":106}
@nix {"action":"stop","id":153373282140214}
@nix {"action":"result","fields":[52,68,1,0],"id":153373282140162,"type":105}
@nix {"action":"result","fields":[0,0,0,0],"id":153373282140163,"type":105}
@nix {"action":"result","fields":[101,0],"id":153373282140161,"type":106}
@nix {"action":"result","fields":[100,0],"id":153373282140161,"type":106}
@nix {"action":"stop","id":153373282140215}
@nix {"action":"result","fields":[53,69,0,0],"id":153373282140162,"type":105}
@nix {"action":"result","fields":[0,0,0,0],"id":153373282140163,"type":105}
@nix {"action":"result","fields":[101,0],"id":153373282140161,"type":106}
@nix {"action":"result","fields":[100,0],"id":153373282140161,"type":106}
@nix {"action":"stop","id":153373282140216}
@nix {"action":"start","fields":["/tmp/obrador-shared-pins-linux/round-3-retry-after/wide-round-1-jobs-8/store/7823h5xx8mrgx7pl29xjg9xnnl4fpy98-leaf-16.drv","",1,1],"id":153373282140217,"level":3,"parent":0,"text":"building '/tmp/obrador-shared-pins-linux/round-3-retry-after/wide-round-1-jobs-8/store/7823h5xx8mrgx7pl29xjg9xnnl4fpy98-leaf-16.drv'","type":105}
@nix {"action":"result","fields":[53,61,1,0],"id":153373282140162,"type":105}
@nix {"action":"result","fields":[0,0,0,0],"id":153373282140163,"type":105}
@nix {"action":"result","fields":[101,0],"id":153373282140161,"type":106}
@nix {"action":"result","fields":[100,0],"id":153373282140161,"type":106}
@nix {"action":"start","fields":["/tmp/obrador-shared-pins-linux/round-3-retry-after/wide-round-1-jobs-8/store/1a6ls0i6yrrqh7zh2388n2xq0mvivv8h-leaf-17.drv","",1,1],"id":153373282140218,"level":3,"parent":0,"text":"building '/tmp/obrador-shared-pins-linux/round-3-retry-after/wide-round-1-jobs-8/store/1a6ls0i6yrrqh7zh2388n2xq0mvivv8h-leaf-17.drv'","type":105}
@nix {"action":"result","fields":[53,61,2,0],"id":153373282140162,"type":105}
@nix {"action":"result","fields":[0,0,0,0],"id":153373282140163,"type":105}
@nix {"action":"result","fields":[101,0],"id":153373282140161,"type":106}
@nix {"action":"result","fields":[100,0],"id":153373282140161,"type":106}
@nix {"action":"start","fields":["/tmp/obrador-shared-pins-linux/round-3-retry-after/wide-round-1-jobs-8/store/w33nd705jkkdn6vsz8fbsdk9jrja3dvv-leaf-18.drv","",1,1],"id":153373282140219,"level":3,"parent":0,"text":"building '/tmp/obrador-shared-pins-linux/round-3-retry-after/wide-round-1-jobs-8/store/w33nd705jkkdn6vsz8fbsdk9jrja3dvv-leaf-18.drv'","type":105}
@nix {"action":"result","fields":[53,61,3,0],"id":153373282140162,"type":105}
@nix {"action":"result","fields":[0,0,0,0],"id":153373282140163,"type":105}
@nix {"action":"result","fields":[101,0],"id":153373282140161,"type":106}
@nix {"action":"result","fields":[100,0],"id":153373282140161,"type":106}
@nix {"action":"start","fields":["/tmp/obrador-shared-pins-linux/round-3-retry-after/wide-round-1-jobs-8/store/fcl3b6j10kfbbrsg2cbgamhi3a2i1nn9-leaf-22.drv","",1,1],"id":153373282140220,"level":3,"parent":0,"text":"building '/tmp/obrador-shared-pins-linux/round-3-retry-after/wide-round-1-jobs-8/store/fcl3b6j10kfbbrsg2cbgamhi3a2i1nn9-leaf-22.drv'","type":105}
@nix {"action":"result","fields":[53,61,4,0],"id":153373282140162,"type":105}
@nix {"action":"result","fields":[0,0,0,0],"id":153373282140163,"type":105}
@nix {"action":"result","fields":[101,0],"id":153373282140161,"type":106}
@nix {"action":"result","fields":[100,0],"id":153373282140161,"type":106}
@nix {"action":"start","fields":["/tmp/obrador-shared-pins-linux/round-3-retry-after/wide-round-1-jobs-8/store/9451bkpkgfg940bkzji6gc4bg9p9hva4-leaf-23.drv","",1,1],"id":153373282140221,"level":3,"parent":0,"text":"building '/tmp/obrador-shared-pins-linux/round-3-retry-after/wide-round-1-jobs-8/store/9451bkpkgfg940bkzji6gc4bg9p9hva4-leaf-23.drv'","type":105}
@nix {"action":"result","fields":[53,61,5,0],"id":153373282140162,"type":105}
@nix {"action":"result","fields":[0,0,0,0],"id":153373282140163,"type":105}
@nix {"action":"result","fields":[101,0],"id":153373282140161,"type":106}
@nix {"action":"result","fields":[100,0],"id":153373282140161,"type":106}
@nix {"action":"start","fields":["/tmp/obrador-shared-pins-linux/round-3-retry-after/wide-round-1-jobs-8/store/l10xjkzhznfjzqjnkhp62c3r72sgr0ms-leaf-24.drv","",1,1],"id":153373282140222,"level":3,"parent":0,"text":"building '/tmp/obrador-shared-pins-linux/round-3-retry-after/wide-round-1-jobs-8/store/l10xjkzhznfjzqjnkhp62c3r72sgr0ms-leaf-24.drv'","type":105}
@nix {"action":"result","fields":[53,61,6,0],"id":153373282140162,"type":105}
@nix {"action":"result","fields":[0,0,0,0],"id":153373282140163,"type":105}
@nix {"action":"result","fields":[101,0],"id":153373282140161,"type":106}
@nix {"action":"result","fields":[100,0],"id":153373282140161,"type":106}
@nix {"action":"start","fields":["/tmp/obrador-shared-pins-linux/round-3-retry-after/wide-round-1-jobs-8/store/szln8da3yjhll2iwnias31y5wi2c4vmy-leaf-25.drv","",1,1],"id":153373282140223,"level":3,"parent":0,"text":"building '/tmp/obrador-shared-pins-linux/round-3-retry-after/wide-round-1-jobs-8/store/szln8da3yjhll2iwnias31y5wi2c4vmy-leaf-25.drv'","type":105}
@nix {"action":"result","fields":[53,61,7,0],"id":153373282140162,"type":105}
@nix {"action":"result","fields":[0,0,0,0],"id":153373282140163,"type":105}
@nix {"action":"result","fields":[101,0],"id":153373282140161,"type":106}
@nix {"action":"result","fields":[100,0],"id":153373282140161,"type":106}
@nix {"action":"start","fields":["/tmp/obrador-shared-pins-linux/round-3-retry-after/wide-round-1-jobs-8/store/3hh8z0jif1sxa555ls6vl9vyfv97xgh6-leaf-28.drv","",1,1],"id":153373282140224,"level":3,"parent":0,"text":"building '/tmp/obrador-shared-pins-linux/round-3-retry-after/wide-round-1-jobs-8/store/3hh8z0jif1sxa555ls6vl9vyfv97xgh6-leaf-28.drv'","type":105}
@nix {"action":"result","fields":[53,61,8,0],"id":153373282140162,"type":105}
@nix {"action":"result","fields":[0,0,0,0],"id":153373282140163,"type":105}
@nix {"action":"result","fields":[101,0],"id":153373282140161,"type":106}
@nix {"action":"result","fields":[100,0],"id":153373282140161,"type":106}
@nix {"action":"result","fields":[53,62,8,0],"id":153373282140162,"type":105}
@nix {"action":"result","fields":[0,0,0,0],"id":153373282140163,"type":105}
@nix {"action":"result","fields":[101,0],"id":153373282140161,"type":106}
@nix {"action":"result","fields":[100,0],"id":153373282140161,"type":106}
@nix {"action":"result","fields":[53,63,8,0],"id":153373282140162,"type":105}
@nix {"action":"result","fields":[0,0,0,0],"id":153373282140163,"type":105}
@nix {"action":"result","fields":[101,0],"id":153373282140161,"type":106}
@nix {"action":"result","fields":[100,0],"id":153373282140161,"type":106}
@nix {"action":"result","fields":[53,64,8,0],"id":153373282140162,"type":105}
@nix {"action":"result","fields":[0,0,0,0],"id":153373282140163,"type":105}
@nix {"action":"result","fields":[101,0],"id":153373282140161,"type":106}
@nix {"action":"result","fields":[100,0],"id":153373282140161,"type":106}
@nix {"action":"result","fields":[54,65,7,0],"id":153373282140162,"type":105}
@nix {"action":"result","fields":[0,0,0,0],"id":153373282140163,"type":105}
@nix {"action":"result","fields":[101,0],"id":153373282140161,"type":106}
@nix {"action":"result","fields":[100,0],"id":153373282140161,"type":106}
@nix {"action":"stop","id":153373282140217}
@nix {"action":"result","fields":[55,66,6,0],"id":153373282140162,"type":105}
@nix {"action":"result","fields":[0,0,0,0],"id":153373282140163,"type":105}
@nix {"action":"result","fields":[101,0],"id":153373282140161,"type":106}
@nix {"action":"result","fields":[100,0],"id":153373282140161,"type":106}
@nix {"action":"stop","id":153373282140218}
@nix {"action":"result","fields":[56,67,5,0],"id":153373282140162,"type":105}
@nix {"action":"result","fields":[0,0,0,0],"id":153373282140163,"type":105}
@nix {"action":"result","fields":[101,0],"id":153373282140161,"type":106}
@nix {"action":"result","fields":[100,0],"id":153373282140161,"type":106}
@nix {"action":"stop","id":153373282140219}
@nix {"action":"result","fields":[57,68,4,0],"id":153373282140162,"type":105}
@nix {"action":"result","fields":[0,0,0,0],"id":153373282140163,"type":105}
@nix {"action":"result","fields":[101,0],"id":153373282140161,"type":106}
@nix {"action":"result","fields":[100,0],"id":153373282140161,"type":106}
@nix {"action":"stop","id":153373282140220}
@nix {"action":"result","fields":[58,69,3,0],"id":153373282140162,"type":105}
@nix {"action":"result","fields":[0,0,0,0],"id":153373282140163,"type":105}
@nix {"action":"result","fields":[101,0],"id":153373282140161,"type":106}
@nix {"action":"result","fields":[100,0],"id":153373282140161,"type":106}
@nix {"action":"stop","id":153373282140221}
@nix {"action":"result","fields":[59,70,2,0],"id":153373282140162,"type":105}
@nix {"action":"result","fields":[0,0,0,0],"id":153373282140163,"type":105}
@nix {"action":"result","fields":[101,0],"id":153373282140161,"type":106}
@nix {"action":"result","fields":[100,0],"id":153373282140161,"type":106}
@nix {"action":"stop","id":153373282140222}
@nix {"action":"result","fields":[60,71,1,0],"id":153373282140162,"type":105}
@nix {"action":"result","fields":[0,0,0,0],"id":153373282140163,"type":105}
@nix {"action":"result","fields":[101,0],"id":153373282140161,"type":106}
@nix {"action":"result","fields":[100,0],"id":153373282140161,"type":106}
@nix {"action":"stop","id":153373282140223}
@nix {"action":"result","fields":[61,72,0,0],"id":153373282140162,"type":105}
@nix {"action":"result","fields":[0,0,0,0],"id":153373282140163,"type":105}
@nix {"action":"result","fields":[101,0],"id":153373282140161,"type":106}
@nix {"action":"result","fields":[100,0],"id":153373282140161,"type":106}
@nix {"action":"stop","id":153373282140224}
@nix {"action":"start","fields":["/tmp/obrador-shared-pins-linux/round-3-retry-after/wide-round-1-jobs-8/store/lp227q0fsaw6273k4wrdnsy75yda5fpx-leaf-29.drv","",1,1],"id":153373282140225,"level":3,"parent":0,"text":"building '/tmp/obrador-shared-pins-linux/round-3-retry-after/wide-round-1-jobs-8/store/lp227q0fsaw6273k4wrdnsy75yda5fpx-leaf-29.drv'","type":105}
@nix {"action":"result","fields":[61,64,1,0],"id":153373282140162,"type":105}
@nix {"action":"result","fields":[0,0,0,0],"id":153373282140163,"type":105}
@nix {"action":"result","fields":[101,0],"id":153373282140161,"type":106}
@nix {"action":"result","fields":[100,0],"id":153373282140161,"type":106}
@nix {"action":"start","fields":["/tmp/obrador-shared-pins-linux/round-3-retry-after/wide-round-1-jobs-8/store/69zqi1539jdc3jz5pds3gxplzra2vn9d-leaf-3.drv","",1,1],"id":153373282140226,"level":3,"parent":0,"text":"building '/tmp/obrador-shared-pins-linux/round-3-retry-after/wide-round-1-jobs-8/store/69zqi1539jdc3jz5pds3gxplzra2vn9d-leaf-3.drv'","type":105}
@nix {"action":"result","fields":[61,64,2,0],"id":153373282140162,"type":105}
@nix {"action":"result","fields":[0,0,0,0],"id":153373282140163,"type":105}
@nix {"action":"result","fields":[101,0],"id":153373282140161,"type":106}
@nix {"action":"result","fields":[100,0],"id":153373282140161,"type":106}
@nix {"action":"start","fields":["/tmp/obrador-shared-pins-linux/round-3-retry-after/wide-round-1-jobs-8/store/gx5ghv1h0vlg1wqr57bmlvvs4dmmrzf2-leaf-30.drv","",1,1],"id":153373282140227,"level":3,"parent":0,"text":"building '/tmp/obrador-shared-pins-linux/round-3-retry-after/wide-round-1-jobs-8/store/gx5ghv1h0vlg1wqr57bmlvvs4dmmrzf2-leaf-30.drv'","type":105}
@nix {"action":"result","fields":[61,64,3,0],"id":153373282140162,"type":105}
@nix {"action":"result","fields":[0,0,0,0],"id":153373282140163,"type":105}
@nix {"action":"result","fields":[101,0],"id":153373282140161,"type":106}
@nix {"action":"result","fields":[100,0],"id":153373282140161,"type":106}
@nix {"action":"result","fields":[62,65,2,0],"id":153373282140162,"type":105}
@nix {"action":"result","fields":[0,0,0,0],"id":153373282140163,"type":105}
@nix {"action":"result","fields":[101,0],"id":153373282140161,"type":106}
@nix {"action":"result","fields":[100,0],"id":153373282140161,"type":106}
@nix {"action":"stop","id":153373282140225}
@nix {"action":"result","fields":[63,66,1,0],"id":153373282140162,"type":105}
@nix {"action":"result","fields":[0,0,0,0],"id":153373282140163,"type":105}
@nix {"action":"result","fields":[101,0],"id":153373282140161,"type":106}
@nix {"action":"result","fields":[100,0],"id":153373282140161,"type":106}
@nix {"action":"stop","id":153373282140226}
@nix {"action":"result","fields":[64,65,0,0],"id":153373282140162,"type":105}
@nix {"action":"result","fields":[0,0,0,0],"id":153373282140163,"type":105}
@nix {"action":"result","fields":[101,0],"id":153373282140161,"type":106}
@nix {"action":"result","fields":[100,0],"id":153373282140161,"type":106}
@nix {"action":"stop","id":153373282140227}
@nix {"action":"stop","id":153373282140163}
@nix {"action":"stop","id":153373282140162}
@nix {"action":"stop","id":153373282140161}
