@nix {"action":"start","id":5424161442758656,"level":6,"parent":0,"text":"querying info about missing paths","type":0}
@nix {"action":"msg","level":1,"msg":"\u001b[35;1mwarning:\u001b[0m Ignoring dynamic derivation /tmp/obrador-shared-pins-linux/round-1-baseline/wide-round-1-jobs-8/store/2p2lc41my43bqgqwkpmw9206vwxyggj3-leaf-18.drv.drv^out while querying missing paths; not yet implemented"}
@nix {"action":"msg","level":1,"msg":"\u001b[35;1mwarning:\u001b[0m Ignoring dynamic derivation /tmp/obrador-shared-pins-linux/round-1-baseline/wide-round-1-jobs-8/store/3n0yaylikabg4g5w9rg74qnvc3pk4ljh-leaf-15.drv.drv^out while querying missing paths; not yet implemented"}
@nix {"action":"msg","level":1,"msg":"\u001b[35;1mwarning:\u001b[0m Ignoring dynamic derivation /tmp/obrador-shared-pins-linux/round-1-baseline/wide-round-1-jobs-8/store/58ns4hnrj8y4qq2yqf8jni2hsvmdg40h-leaf-16.drv.drv^out while querying missing paths; not yet implemented"}
@nix {"action":"msg","level":1,"msg":"\u001b[35;1mwarning:\u001b[0m Ignoring dynamic derivation /tmp/obrador-shared-pins-linux/round-1-baseline/wide-round-1-jobs-8/store/6rx98faffbrn6jgfwr7bvl1zp6q455p1-leaf-17.drv.drv^out while querying missing paths; not yet implemented"}
@nix {"action":"msg","level":1,"msg":"\u001b[35;1mwarning:\u001b[0m Ignoring dynamic derivation /tmp/obrador-shared-pins-linux/round-1-baseline/wide-round-1-jobs-8/store/9c19aqj81zdr06li3bbpi4ix2jxkajli-leaf-10.drv.drv^out while querying missing paths; not yet implemented"}
@nix {"action":"msg","level":1,"msg":"\u001b[35;1mwarning:\u001b[0m Ignoring dynamic derivation /tmp/obrador-shared-pins-linux/round-1-baseline/wide-round-1-jobs-8/store/9nnmpjiqb611ihriw3swsc4vaixppws9-leaf-5.drv.drv^out while querying missing paths; not yet implemented"}
@nix {"action":"msg","level":1,"msg":"\u001b[35;1mwarning:\u001b[0m Ignoring dynamic derivation /tmp/obrador-shared-pins-linux/round-1-baseline/wide-round-1-jobs-8/store/abyl6xsvna4zfw2lkswk3wlmrhl7rxcm-leaf-6.drv.drv^out while querying missing paths; not yet implemented"}
@nix {"action":"msg","level":1,"msg":"\u001b[35;1mwarning:\u001b[0m Ignoring dynamic derivation /tmp/obrador-shared-pins-linux/round-1-baseline/wide-round-1-jobs-8/store/ba8yazglidyr1bwvmpiv242s83w2g13s-leaf-1.drv.drv^out while querying missing paths; not yet implemented"}
@nix {"action":"msg","level":1,"msg":"\u001b[35;1mwarning:\u001b[0m Ignoring dynamic derivation /tmp/obrador-shared-pins-linux/round-1-baseline/wide-round-1-jobs-8/store/fbqxa14gfakm0zfk91kmpsznw56gzcz1-leaf-22.drv.drv^out while querying missing paths; not yet implemented"}
@nix {"action":"msg","level":1,"msg":"\u001b[35;1mwarning:\u001b[0m Ignoring dynamic derivation /tmp/obrador-shared-pins-linux/round-1-baseline/wide-round-1-jobs-8/store/ghickn1348qzn6945q2f58kc1y89bisa-leaf-19.drv.drv^out while querying missing paths; not yet implemented"}
@nix {"action":"msg","level":1,"msg":"\u001b[35;1mwarning:\u001b[0m Ignoring dynamic derivation /tmp/obrador-shared-pins-linux/round-1-baseline/wide-round-1-jobs-8/store/gq72gn2v8hyds65axlhqr920gi6dyqbm-leaf-30.drv.drv^out while querying missing paths; not yet implemented"}
@nix {"action":"msg","level":1,"msg":"\u001b[35;1mwarning:\u001b[0m Ignoring dynamic derivation /tmp/obrador-shared-pins-linux/round-1-baseline/wide-round-1-jobs-8/store/hcikd7mdci8drnyalyjhrix54a7virfz-leaf-20.drv.drv^out while querying missing paths; not yet implemented"}
@nix {"action":"msg","level":1,"msg":"\u001b[35;1mwarning:\u001b[0m Ignoring dynamic derivation /tmp/obrador-shared-pins-linux/round-1-baseline/wide-round-1-jobs-8/store/hwaj0q8i9hqbrdfk9kr6wg0mlrfwfz84-leaf-13.drv.drv^out while querying missing paths; not yet implemented"}
@nix {"action":"msg","level":1,"msg":"\u001b[35;1mwarning:\u001b[0m Ignoring dynamic derivation /tmp/obrador-shared-pins-linux/round-1-baseline/wide-round-1-jobs-8/store/kslninfm46kkn1xwsh27ra9pkzk3kj3h-leaf-28.drv.drv^out while querying missing paths; not yet implemented"}
@nix {"action":"msg","level":1,"msg":"\u001b[35;1mwarning:\u001b[0m Ignoring dynamic derivation /tmp/obrador-shared-pins-linux/round-1-baseline/wide-round-1-jobs-8/store/kws8pi86ggag1abf84pr8y93y0rb16sq-leaf-21.drv.drv^out while querying missing paths; not yet implemented"}
@nix {"action":"msg","level":1,"msg":"\u001b[35;1mwarning:\u001b[0m Ignoring dynamic derivation /tmp/obrador-shared-pins-linux/round-1-baseline/wide-round-1-jobs-8/store/lfplqwvhb5rsh9v8l0f9aw68wiqlax5v-leaf-24.drv.drv^out while querying missing paths; not yet implemented"}
@nix {"action":"msg","level":1,"msg":"\u001b[35;1mwarning:\u001b[0m Ignoring dynamic derivation /tmp/obrador-shared-pins-linux/round-1-baseline/wide-round-1-jobs-8/store/ll4gynqyqqz97ab3ix3zapczr0czx5xm-leaf-4.drv.drv^out while querying missing paths; not yet implemented"}
@nix {"action":"msg","level":1,"msg":"\u001b[35;1mwarning:\u001b[0m Ignoring dynamic derivation /tmp/obrador-shared-pins-linux/round-1-baseline/wide-round-1-jobs-8/store/ms3dijmkwc33jzspg6pp7s1w86insyfd-leaf-25.drv.drv^out while querying missing paths; not yet implemented"}
@nix {"action":"msg","level":1,"msg":"\u001b[35;1mwarning:\u001b[0m Ignoring dynamic derivation /tmp/obrador-shared-pins-linux/round-1-baseline/wide-round-1-jobs-8/store/p2vakg82avipah5pwdign3dc5593h7rh-leaf-27.drv.drv^out while querying missing paths; not yet implemented"}
@nix {"action":"msg","level":1,"msg":"\u001b[35;1mwarning:\u001b[0m Ignoring dynamic derivation /tmp/obrador-shared-pins-linux/round-1-baseline/wide-round-1-jobs-8/store/pbl06q0zkgf2mjgdd8kkwac5z2ny9rbs-leaf-3.drv.drv^out while querying missing paths; not yet implemented"}
@nix {"action":"msg","level":1,"msg":"\u001b[35;1mwarning:\u001b[0m Ignoring dynamic derivation /tmp/obrador-shared-pins-linux/round-1-baseline/wide-round-1-jobs-8/store/q51zc84s4wfhqq46j98flk1prcsm8br9-leaf-9.drv.drv^out while querying missing paths; not yet implemented"}
@nix {"action":"msg","level":1,"msg":"\u001b[35;1mwarning:\u001b[0m Ignoring dynamic derivation /tmp/obrador-shared-pins-linux/round-1-baseline/wide-round-1-jobs-8/store/q6imsqd9lwjxqahsppjpaqx1zdzvzj5l-leaf-0.drv.drv^out while querying missing paths; not yet implemented"}
@nix {"action":"msg","level":1,"msg":"\u001b[35;1mwarning:\u001b[0m Ignoring dynamic derivation /tmp/obrador-shared-pins-linux/round-1-baseline/wide-round-1-jobs-8/store/qfmwd15b0zqnz2krin3ry6ivnfdm4qgx-leaf-12.drv.drv^out while querying missing paths; not yet implemented"}
@nix {"action":"msg","level":1,"msg":"\u001b[35;1mwarning:\u001b[0m Ignoring dynamic derivation /tmp/obrador-shared-pins-linux/round-1-baseline/wide-round-1-jobs-8/store/r30bxpq5mk8pknjdi43p08mm9raa5w4p-leaf-2.drv.drv^out while querying missing paths; not yet implemented"}
@nix {"action":"msg","level":1,"msg":"\u001b[35;1mwarning:\u001b[0m Ignoring dynamic derivation /tmp/obrador-shared-pins-linux/round-1-baseline/wide-round-1-jobs-8/store/rxwij0yapxjwhwisd0h6bnzc4hmavw6f-leaf-11.drv.drv^out while querying missing paths; not yet implemented"}
@nix {"action":"msg","level":1,"msg":"\u001b[35;1mwarning:\u001b[0m Ignoring dynamic derivation /tmp/obrador-shared-pins-linux/round-1-baseline/wide-round-1-jobs-8/store/smsbcz254xplb9670z2pcfsaj955l3i5-leaf-26.drv.drv^out while querying missing paths; not yet implemented"}
@nix {"action":"msg","level":1,"msg":"\u001b[35;1mwarning:\u001b[0m Ignoring dynamic derivation /tmp/obrador-shared-pins-linux/round-1-baseline/wide-round-1-jobs-8/store/vhkjns3v20sxcj247brk6jgxiz223mim-leaf-14.drv.drv^out while querying missing paths; not yet implemented"}
@nix {"action":"msg","level":1,"msg":"\u001b[35;1mwarning:\u001b[0m Ignoring dynamic derivation /tmp/obrador-shared-pins-linux/round-1-baseline/wide-round-1-jobs-8/store/vlgp7kw0w80pibwd88hwnbx8p6px6pcj-leaf-31.drv.drv^out while querying missing paths; not yet implemented"}
@nix {"action":"msg","level":1,"msg":"\u001b[35;1mwarning:\u001b[0m Ignoring dynamic derivation /tmp/obrador-shared-pins-linux/round-1-baseline/wide-round-1-jobs-8/store/wy0v5drp62xhy9a92rngl5dg6p31wn5d-leaf-29.drv.drv^out while querying missing paths; not yet implemented"}
@nix {"action":"msg","level":1,"msg":"\u001b[35;1mwarning:\u001b[0m Ignoring dynamic derivation /tmp/obrador-shared-pins-linux/round-1-baseline/wide-round-1-jobs-8/store/xjhys38aqbxhjd9il4wx0k8sjzbikbqb-leaf-7.drv.drv^out while querying missing paths; not yet implemented"}
@nix {"action":"msg","level":1,"msg":"\u001b[35;1mwarning:\u001b[0m Ignoring dynamic derivation /tmp/obrador-shared-pins-linux/round-1-baseline/wide-round-1-jobs-8/store/xn0c11k0y7x0hziszfizmp38ivkpgq6m-leaf-23.drv.drv^out while querying missing paths; not yet implemented"}
@nix {"action":"msg","level":1,"msg":"\u001b[35;1mwarning:\u001b[0m Ignoring dynamic derivation /tmp/obrador-shared-pins-linux/round-1-baseline/wide-round-1-jobs-8/store/yndwln62lx7g3f3bg9qnl2wcn4ff8zib-leaf-8.drv.drv^out while querying missing paths; not yet implemented"}
@nix {"action":"stop","id":5424161442758656}
@nix {"action":"start","id":5424161442758657,"level":0,"parent":0,"text":"","type":102}
@nix {"action":"start","id":5424161442758658,"level":0,"parent":0,"text":"","type":104}
@nix {"action":"start","id":5424161442758659,"level":0,"parent":0,"text":"","type":103}
@nix {"action":"result","fields":[0,0,0,0],"id":5424161442758658,"type":105}
@nix {"action":"result","fields":[0,0,0,0],"id":5424161442758659,"type":105}
@nix {"action":"result","fields":[101,0],"id":5424161442758657,"type":106}
@nix {"action":"result","fields":[100,0],"id":5424161442758657,"type":106}
@nix {"action":"result","fields":[0,0,0,0],"id":5424161442758658,"type":105}
@nix {"action":"result","fields":[0,0,0,0],"id":5424161442758659,"type":105}
@nix {"action":"result","fields":[101,0],"id":5424161442758657,"type":106}
@nix {"action":"result","fields":[100,0],"id":5424161442758657,"type":106}
@nix {"action":"result","fields":[0,0,0,0],"id":5424161442758658,"type":105}
@nix {"action":"result","fields":[0,0,0,0],"id":5424161442758659,"type":105}
@nix {"action":"result","fields":[101,0],"id":5424161442758657,"type":106}
@nix {"action":"result","fields":[100,0],"id":5424161442758657,"type":106}
@nix {"action":"result","fields":[0,0,0,0],"id":5424161442758658,"type":105}
@nix {"action":"result","fields":[0,0,0,0],"id":5424161442758659,"type":105}
@nix {"action":"result","fields":[101,0],"id":5424161442758657,"type":106}
@nix {"action":"result","fields":[100,0],"id":5424161442758657,"type":106}
@nix {"action":"result","fields":[0,0,0,0],"id":5424161442758658,"type":105}
@nix {"action":"result","fields":[0,0,0,0],"id":5424161442758659,"type":105}
@nix {"action":"result","fields":[101,0],"id":5424161442758657,"type":106}
@nix {"action":"result","fields":[100,0],"id":5424161442758657,"type":106}
@nix {"action":"result","fields":[0,0,0,0],"id":5424161442758658,"type":105}
@nix {"action":"result","fields":[0,0,0,0],"id":5424161442758659,"type":105}
@nix {"action":"result","fields":[101,0],"id":5424161442758657,"type":106}
@nix {"action":"result","fields":[100,0],"id":5424161442758657,"type":106}
@nix {"action":"result","fields":[0,0,0,0],"id":5424161442758658,"type":105}
@nix {"action":"result","fields":[0,0,0,0],"id":5424161442758659,"type":105}
@nix {"action":"result","fields":[101,0],"id":5424161442758657,"type":106}
@nix {"action":"result","fields":[100,0],"id":5424161442758657,"type":106}
@nix {"action":"result","fields":[0,0,0,0],"id":5424161442758658,"type":105}
@nix {"action":"result","fields":[0,0,0,0],"id":5424161442758659,"type":105}
@nix {"action":"result","fields":[101,0],"id":5424161442758657,"type":106}
@nix {"action":"result","fields":[100,0],"id":5424161442758657,"type":106}
@nix {"action":"result","fields":[0,0,0,0],"id":5424161442758658,"type":105}
@nix {"action":"result","fields":[0,0,0,0],"id":5424161442758659,"type":105}
@nix {"action":"result","fields":[101,0],"id":5424161442758657,"type":106}
@nix {"action":"result","fields":[100,0],"id":5424161442758657,"type":106}
@nix {"action":"result","fields":[0,0,0,0],"id":5424161442758658,"type":105}
@nix {"action":"result","fields":[0,0,0,0],"id":5424161442758659,"type":105}
@nix {"action":"result","fields":[101,0],"id":5424161442758657,"type":106}
@nix {"action":"result","fields":[100,0],"id":5424161442758657,"type":106}
@nix {"action":"result","fields":[0,0,0,0],"id":5424161442758658,"type":105}
@nix {"action":"result","fields":[0,0,0,0],"id":5424161442758659,"type":105}
@nix {"action":"result","fields":[101,0],"id":5424161442758657,"type":106}
@nix {"action":"result","fields":[100,0],"id":5424161442758657,"type":106}
@nix {"action":"result","fields":[0,0,0,0],"id":5424161442758658,"type":105}
@nix {"action":"result","fields":[0,0,0,0],"id":5424161442758659,"type":105}
@nix {"action":"result","fields":[101,0],"id":5424161442758657,"type":106}
@nix {"action":"result","fields":[100,0],"id":5424161442758657,"type":106}
@nix {"action":"result","fields":[0,0,0,0],"id":5424161442758658,"type":105}
@nix {"action":"result","fields":[0,0,0,0],"id":5424161442758659,"type":105}
@nix {"action":"result","fields":[101,0],"id":5424161442758657,"type":106}
@nix {"action":"result","fields":[100,0],"id":5424161442758657,"type":106}
@nix {"action":"result","fields":[0,0,0,0],"id":5424161442758658,"type":105}
@nix {"action":"result","fields":[0,0,0,0],"id":5424161442758659,"type":105}
@nix {"action":"result","fields":[101,0],"id":5424161442758657,"type":106}
@nix {"action":"result","fields":[100,0],"id":5424161442758657,"type":106}
@nix {"action":"result","fields":[0,0,0,0],"id":5424161442758658,"type":105}
@nix {"action":"result","fields":[0,0,0,0],"id":5424161442758659,"type":105}
@nix {"action":"result","fields":[101,0],"id":5424161442758657,"type":106}
@nix {"action":"result","fields":[100,0],"id":5424161442758657,"type":106}
@nix {"action":"result","fields":[0,0,0,0],"id":5424161442758658,"type":105}
@nix {"action":"result","fields":[0,0,0,0],"id":5424161442758659,"type":105}
@nix {"action":"result","fields":[101,0],"id":5424161442758657,"type":106}
@nix {"action":"result","fields":[100,0],"id":5424161442758657,"type":106}
@nix {"action":"result","fields":[0,0,0,0],"id":5424161442758658,"type":105}
@nix {"action":"result","fields":[0,0,0,0],"id":5424161442758659,"type":105}
@nix {"action":"result","fields":[101,0],"id":5424161442758657,"type":106}
@nix {"action":"result","fields":[100,0],"id":5424161442758657,"type":106}
@nix {"action":"result","fields":[0,0,0,0],"id":5424161442758658,"type":105}
@nix {"action":"result","fields":[0,0,0,0],"id":5424161442758659,"type":105}
@nix {"action":"result","fields":[101,0],"id":5424161442758657,"type":106}
@nix {"action":"result","fields":[100,0],"id":5424161442758657,"type":106}
@nix {"action":"result","fields":[0,0,0,0],"id":5424161442758658,"type":105}
@nix {"action":"result","fields":[0,0,0,0],"id":5424161442758659,"type":105}
@nix {"action":"result","fields":[101,0],"id":5424161442758657,"type":106}
@nix {"action":"result","fields":[100,0],"id":5424161442758657,"type":106}
@nix {"action":"result","fields":[0,0,0,0],"id":5424161442758658,"type":105}
@nix {"action":"result","fields":[0,0,0,0],"id":5424161442758659,"type":105}
@nix {"action":"result","fields":[101,0],"id":5424161442758657,"type":106}
@nix {"action":"result","fields":[100,0],"id":5424161442758657,"type":106}
@nix {"action":"result","fields":[0,0,0,0],"id":5424161442758658,"type":105}
@nix {"action":"result","fields":[0,0,0,0],"id":5424161442758659,"type":105}
@nix {"action":"result","fields":[101,0],"id":5424161442758657,"type":106}
@nix {"action":"result","fields":[100,0],"id":5424161442758657,"type":106}
@nix {"action":"result","fields":[0,0,0,0],"id":5424161442758658,"type":105}
@nix {"action":"result","fields":[0,0,0,0],"id":5424161442758659,"type":105}
@nix {"action":"result","fields":[101,0],"id":5424161442758657,"type":106}
@nix {"action":"result","fields":[100,0],"id":5424161442758657,"type":106}
@nix {"action":"result","fields":[0,0,0,0],"id":5424161442758658,"type":105}
@nix {"action":"result","fields":[0,0,0,0],"id":5424161442758659,"type":105}
@nix {"action":"result","fields":[101,0],"id":5424161442758657,"type":106}
@nix {"action":"result","fields":[100,0],"id":5424161442758657,"type":106}
@nix {"action":"result","fields":[0,0,0,0],"id":5424161442758658,"type":105}
@nix {"action":"result","fields":[0,0,0,0],"id":5424161442758659,"type":105}
@nix {"action":"result","fields":[101,0],"id":5424161442758657,"type":106}
@nix {"action":"result","fields":[100,0],"id":5424161442758657,"type":106}
@nix {"action":"result","fields":[0,0,0,0],"id":5424161442758658,"type":105}
@nix {"action":"result","fields":[0,0,0,0],"id":5424161442758659,"type":105}
@nix {"action":"result","fields":[101,0],"id":5424161442758657,"type":106}
@nix {"action":"result","fields":[100,0],"id":5424161442758657,"type":106}
@nix {"action":"result","fields":[0,0,0,0],"id":5424161442758658,"type":105}
@nix {"action":"result","fields":[0,0,0,0],"id":5424161442758659,"type":105}
@nix {"action":"result","fields":[101,0],"id":5424161442758657,"type":106}
@nix {"action":"result","fields":[100,0],"id":5424161442758657,"type":106}
@nix {"action":"result","fields":[0,0,0,0],"id":5424161442758658,"type":105}
@nix {"action":"result","fields":[0,0,0,0],"id":5424161442758659,"type":105}
@nix {"action":"result","fields":[101,0],"id":5424161442758657,"type":106}
@nix {"action":"result","fields":[100,0],"id":5424161442758657,"type":106}
@nix {"action":"result","fields":[0,0,0,0],"id":5424161442758658,"type":105}
@nix {"action":"result","fields":[0,0,0,0],"id":5424161442758659,"type":105}
@nix {"action":"result","fields":[101,0],"id":5424161442758657,"type":106}
@nix {"action":"result","fields":[100,0],"id":5424161442758657,"type":106}
@nix {"action":"result","fields":[0,0,0,0],"id":5424161442758658,"type":105}
@nix {"action":"result","fields":[0,0,0,0],"id":5424161442758659,"type":105}
@nix {"action":"result","fields":[101,0],"id":5424161442758657,"type":106}
@nix {"action":"result","fields":[100,0],"id":5424161442758657,"type":106}
@nix {"action":"result","fields":[0,0,0,0],"id":5424161442758658,"type":105}
@nix {"action":"result","fields":[0,0,0,0],"id":5424161442758659,"type":105}
@nix {"action":"result","fields":[101,0],"id":5424161442758657,"type":106}
@nix {"action":"result","fields":[100,0],"id":5424161442758657,"type":106}
@nix {"action":"result","fields":[0,0,0,0],"id":5424161442758658,"type":105}
@nix {"action":"result","fields":[0,0,0,0],"id":5424161442758659,"type":105}
@nix {"action":"result","fields":[101,0],"id":5424161442758657,"type":106}
@nix {"action":"result","fields":[100,0],"id":5424161442758657,"type":106}
@nix {"action":"result","fields":[0,0,0,0],"id":5424161442758658,"type":105}
@nix {"action":"result","fields":[0,0,0,0],"id":5424161442758659,"type":105}
@nix {"action":"result","fields":[101,0],"id":5424161442758657,"type":106}
@nix {"action":"result","fields":[100,0],"id":5424161442758657,"type":106}
@nix {"action":"result","fields":[0,0,0,0],"id":5424161442758658,"type":105}
@nix {"action":"result","fields":[0,0,0,0],"id":5424161442758659,"type":105}
@nix {"action":"result","fields":[101,0],"id":5424161442758657,"type":106}
@nix {"action":"result","fields":[100,0],"id":5424161442758657,"type":106}
@nix {"action":"result","fields":[0,0,0,0],"id":5424161442758658,"type":105}
@nix {"action":"result","fields":[0,0,0,0],"id":5424161442758659,"type":105}
@nix {"action":"result","fields":[101,0],"id":5424161442758657,"type":106}
@nix {"action":"result","fields":[100,0],"id":5424161442758657,"type":106}
@nix {"action":"result","fields":[0,0,0,0],"id":5424161442758658,"type":105}
@nix {"action":"result","fields":[0,0,0,0],"id":5424161442758659,"type":105}
@nix {"action":"result","fields":[101,0],"id":5424161442758657,"type":106}
@nix {"action":"result","fields":[100,0],"id":5424161442758657,"type":106}
@nix {"action":"result","fields":[0,0,0,0],"id":5424161442758658,"type":105}
@nix {"action":"result","fields":[0,0,0,0],"id":5424161442758659,"type":105}
@nix {"action":"result","fields":[101,0],"id":5424161442758657,"type":106}
@nix {"action":"result","fields":[100,0],"id":5424161442758657,"type":106}
@nix {"action":"result","fields":[0,0,0,0],"id":5424161442758658,"type":105}
@nix {"action":"result","fields":[0,0,0,0],"id":5424161442758659,"type":105}
@nix {"action":"result","fields":[101,0],"id":5424161442758657,"type":106}
@nix {"action":"result","fields":[100,0],"id":5424161442758657,"type":106}
@nix {"action":"result","fields":[0,0,0,0],"id":5424161442758658,"type":105}
@nix {"action":"result","fields":[0,0,0,0],"id":5424161442758659,"type":105}
@nix {"action":"result","fields":[101,0],"id":5424161442758657,"type":106}
@nix {"action":"result","fields":[100,0],"id":5424161442758657,"type":106}
@nix {"action":"result","fields":[0,0,0,0],"id":5424161442758658,"type":105}
@nix {"action":"result","fields":[0,0,0,0],"id":5424161442758659,"type":105}
@nix {"action":"result","fields":[101,0],"id":5424161442758657,"type":106}
@nix {"action":"result","fields":[100,0],"id":5424161442758657,"type":106}
@nix {"action":"result","fields":[0,0,0,0],"id":5424161442758658,"type":105}
@nix {"action":"result","fields":[0,0,0,0],"id":5424161442758659,"type":105}
@nix {"action":"result","fields":[101,0],"id":5424161442758657,"type":106}
@nix {"action":"result","fields":[100,0],"id":5424161442758657,"type":106}
@nix {"action":"result","fields":[0,0,0,0],"id":5424161442758658,"type":105}
@nix {"action":"result","fields":[0,0,0,0],"id":5424161442758659,"type":105}
@nix {"action":"result","fields":[101,0],"id":5424161442758657,"type":106}
@nix {"action":"result","fields":[100,0],"id":5424161442758657,"type":106}
@nix {"action":"result","fields":[0,0,0,0],"id":5424161442758658,"type":105}
@nix {"action":"result","fields":[0,0,0,0],"id":5424161442758659,"type":105}
@nix {"action":"result","fields":[101,0],"id":5424161442758657,"type":106}
@nix {"action":"result","fields":[100,0],"id":5424161442758657,"type":106}
@nix {"action":"result","fields":[0,0,0,0],"id":5424161442758658,"type":105}
@nix {"action":"result","fields":[0,0,0,0],"id":5424161442758659,"type":105}
@nix {"action":"result","fields":[101,0],"id":5424161442758657,"type":106}
@nix {"action":"result","fields":[100,0],"id":5424161442758657,"type":106}
@nix {"action":"result","fields":[0,0,0,0],"id":5424161442758658,"type":105}
@nix {"action":"result","fields":[0,0,0,0],"id":5424161442758659,"type":105}
@nix {"action":"result","fields":[101,0],"id":5424161442758657,"type":106}
@nix {"action":"result","fields":[100,0],"id":5424161442758657,"type":106}
@nix {"action":"result","fields":[0,0,0,0],"id":5424161442758658,"type":105}
@nix {"action":"result","fields":[0,0,0,0],"id":5424161442758659,"type":105}
@nix {"action":"result","fields":[101,0],"id":5424161442758657,"type":106}
@nix {"action":"result","fields":[100,0],"id":5424161442758657,"type":106}
@nix {"action":"result","fields":[0,0,0,0],"id":5424161442758658,"type":105}
@nix {"action":"result","fields":[0,0,0,0],"id":5424161442758659,"type":105}
@nix {"action":"result","fields":[101,0],"id":5424161442758657,"type":106}
@nix {"action":"result","fields":[100,0],"id":5424161442758657,"type":106}
@nix {"action":"result","fields":[0,0,0,0],"id":5424161442758658,"type":105}
@nix {"action":"result","fields":[0,0,0,0],"id":5424161442758659,"type":105}
@nix {"action":"result","fields":[101,0],"id":5424161442758657,"type":106}
@nix {"action":"result","fields":[100,0],"id":5424161442758657,"type":106}
@nix {"action":"result","fields":[0,0,0,0],"id":5424161442758658,"type":105}
@nix {"action":"result","fields":[0,0,0,0],"id":5424161442758659,"type":105}
@nix {"action":"result","fields":[101,0],"id":5424161442758657,"type":106}
@nix {"action":"result","fields":[100,0],"id":5424161442758657,"type":106}
@nix {"action":"result","fields":[0,0,0,0],"id":5424161442758658,"type":105}
@nix {"action":"result","fields":[0,0,0,0],"id":5424161442758659,"type":105}
@nix {"action":"result","fields":[101,0],"id":5424161442758657,"type":106}
@nix {"action":"result","fields":[100,0],"id":5424161442758657,"type":106}
@nix {"action":"result","fields":[0,0,0,0],"id":5424161442758658,"type":105}
@nix {"action":"result","fields":[0,0,0,0],"id":5424161442758659,"type":105}
@nix {"action":"result","fields":[101,0],"id":5424161442758657,"type":106}
@nix {"action":"result","fields":[100,0],"id":5424161442758657,"type":106}
@nix {"action":"result","fields":[0,0,0,0],"id":5424161442758658,"type":105}
@nix {"action":"result","fields":[0,0,0,0],"id":5424161442758659,"type":105}
@nix {"action":"result","fields":[101,0],"id":5424161442758657,"type":106}
@nix {"action":"result","fields":[100,0],"id":5424161442758657,"type":106}
@nix {"action":"result","fields":[0,0,0,0],"id":5424161442758658,"type":105}
@nix {"action":"result","fields":[0,0,0,0],"id":5424161442758659,"type":105}
@nix {"action":"result","fields":[101,0],"id":5424161442758657,"type":106}
@nix {"action":"result","fields":[100,0],"id":5424161442758657,"type":106}
@nix {"action":"result","fields":[0,0,0,0],"id":5424161442758658,"type":105}
@nix {"action":"result","fields":[0,0,0,0],"id":5424161442758659,"type":105}
@nix {"action":"result","fields":[101,0],"id":5424161442758657,"type":106}
@nix {"action":"result","fields":[100,0],"id":5424161442758657,"type":106}
@nix {"action":"result","fields":[0,0,0,0],"id":5424161442758658,"type":105}
@nix {"action":"result","fields":[0,0,0,0],"id":5424161442758659,"type":105}
@nix {"action":"result","fields":[101,0],"id":5424161442758657,"type":106}
@nix {"action":"result","fields":[100,0],"id":5424161442758657,"type":106}
@nix {"action":"result","fields":[0,0,0,0],"id":5424161442758658,"type":105}
@nix {"action":"result","fields":[0,0,0,0],"id":5424161442758659,"type":105}
@nix {"action":"result","fields":[101,0],"id":5424161442758657,"type":106}
@nix {"action":"result","fields":[100,0],"id":5424161442758657,"type":106}
@nix {"action":"result","fields":[0,0,0,0],"id":5424161442758658,"type":105}
@nix {"action":"result","fields":[0,0,0,0],"id":5424161442758659,"type":105}
@nix {"action":"result","fields":[101,0],"id":5424161442758657,"type":106}
@nix {"action":"result","fields":[100,0],"id":5424161442758657,"type":106}
@nix {"action":"result","fields":[0,0,0,0],"id":5424161442758658,"type":105}
@nix {"action":"result","fields":[0,0,0,0],"id":5424161442758659,"type":105}
@nix {"action":"result","fields":[101,0],"id":5424161442758657,"type":106}
@nix {"action":"result","fields":[100,0],"id":5424161442758657,"type":106}
@nix {"action":"result","fields":[0,0,0,0],"id":5424161442758658,"type":105}
@nix {"action":"result","fields":[0,0,0,0],"id":5424161442758659,"type":105}
@nix {"action":"result","fields":[101,0],"id":5424161442758657,"type":106}
@nix {"action":"result","fields":[100,0],"id":5424161442758657,"type":106}
@nix {"action":"result","fields":[0,0,0,0],"id":5424161442758658,"type":105}
@nix {"action":"result","fields":[0,0,0,0],"id":5424161442758659,"type":105}
@nix {"action":"result","fields":[101,0],"id":5424161442758657,"type":106}
@nix {"action":"result","fields":[100,0],"id":5424161442758657,"type":106}
@nix {"action":"result","fields":[0,0,0,0],"id":5424161442758658,"type":105}
@nix {"action":"result","fields":[0,0,0,0],"id":5424161442758659,"type":105}
@nix {"action":"result","fields":[101,0],"id":5424161442758657,"type":106}
@nix {"action":"result","fields":[100,0],"id":5424161442758657,"type":106}
@nix {"action":"result","fields":[0,0,0,0],"id":5424161442758658,"type":105}
@nix {"action":"result","fields":[0,0,0,0],"id":5424161442758659,"type":105}
@nix {"action":"result","fields":[101,0],"id":5424161442758657,"type":106}
@nix {"action":"result","fields":[100,0],"id":5424161442758657,"type":106}
@nix {"action":"result","fields":[0,0,0,0],"id":5424161442758658,"type":105}
@nix {"action":"result","fields":[0,0,0,0],"id":5424161442758659,"type":105}
@nix {"action":"result","fields":[101,0],"id":5424161442758657,"type":106}
@nix {"action":"result","fields":[100,0],"id":5424161442758657,"type":106}
@nix {"action":"result","fields":[0,0,0,0],"id":5424161442758658,"type":105}
@nix {"action":"result","fields":[0,0,0,0],"id":5424161442758659,"type":105}
@nix {"action":"result","fields":[101,0],"id":5424161442758657,"type":106}
@nix {"action":"result","fields":[100,0],"id":5424161442758657,"type":106}
@nix {"action":"result","fields":[0,0,0,0],"id":5424161442758658,"type":105}
@nix {"action":"result","fields":[0,0,0,0],"id":5424161442758659,"type":105}
@nix {"action":"result","fields":[101,0],"id":5424161442758657,"type":106}
@nix {"action":"result","fields":[100,0],"id":5424161442758657,"type":106}
@nix {"action":"result","fields":[0,1,0,0],"id":5424161442758658,"type":105}
@nix {"action":"result","fields":[0,0,0,0],"id":5424161442758659,"type":105}
@nix {"action":"result","fields":[101,0],"id":5424161442758657,"type":106}
@nix {"action":"result","fields":[100,0],"id":5424161442758657,"type":106}
@nix {"action":"result","fields":[0,2,0,0],"id":5424161442758658,"type":105}
@nix {"action":"result","fields":[0,0,0,0],"id":5424161442758659,"type":105}
@nix {"action":"result","fields":[101,0],"id":5424161442758657,"type":106}
@nix {"action":"result","fields":[100,0],"id":5424161442758657,"type":106}
@nix {"action":"result","fields":[0,3,0,0],"id":5424161442758658,"type":105}
@nix {"action":"result","fields":[0,0,0,0],"id":5424161442758659,"type":105}
@nix {"action":"result","fields":[101,0],"id":5424161442758657,"type":106}
@nix {"action":"result","fields":[100,0],"id":5424161442758657,"type":106}
@nix {"action":"result","fields":[0,4,0,0],"id":5424161442758658,"type":105}
@nix {"action":"result","fields":[0,0,0,0],"id":5424161442758659,"type":105}
@nix {"action":"result","fields":[101,0],"id":5424161442758657,"type":106}
@nix {"action":"result","fields":[100,0],"id":5424161442758657,"type":106}
@nix {"action":"result","fields":[0,5,0,0],"id":5424161442758658,"type":105}
@nix {"action":"result","fields":[0,0,0,0],"id":5424161442758659,"type":105}
@nix {"action":"result","fields":[101,0],"id":5424161442758657,"type":106}
@nix {"action":"result","fields":[100,0],"id":5424161442758657,"type":106}
@nix {"action":"result","fields":[0,6,0,0],"id":5424161442758658,"type":105}
@nix {"action":"result","fields":[0,0,0,0],"id":5424161442758659,"type":105}
@nix {"action":"result","fields":[101,0],"id":5424161442758657,"type":106}
@nix {"action":"result","fields":[100,0],"id":5424161442758657,"type":106}
@nix {"action":"result","fields":[0,7,0,0],"id":5424161442758658,"type":105}
@nix {"action":"result","fields":[0,0,0,0],"id":5424161442758659,"type":105}
@nix {"action":"result","fields":[101,0],"id":5424161442758657,"type":106}
@nix {"action":"result","fields":[100,0],"id":5424161442758657,"type":106}
@nix {"action":"result","fields":[0,8,0,0],"id":5424161442758658,"type":105}
@nix {"action":"result","fields":[0,0,0,0],"id":5424161442758659,"type":105}
@nix {"action":"result","fields":[101,0],"id":5424161442758657,"type":106}
@nix {"action":"result","fields":[100,0],"id":5424161442758657,"type":106}
@nix {"action":"result","fields":[0,9,0,0],"id":5424161442758658,"type":105}
@nix {"action":"result","fields":[0,0,0,0],"id":5424161442758659,"type":105}
@nix {"action":"result","fields":[101,0],"id":5424161442758657,"type":106}
@nix {"action":"result","fields":[100,0],"id":5424161442758657,"type":106}
@nix {"action":"result","fields":[0,10,0,0],"id":5424161442758658,"type":105}
@nix {"action":"result","fields":[0,0,0,0],"id":5424161442758659,"type":105}
@nix {"action":"result","fields":[101,0],"id":5424161442758657,"type":106}
@nix {"action":"result","fields":[100,0],"id":5424161442758657,"type":106}
@nix {"action":"result","fields":[0,11,0,0],"id":5424161442758658,"type":105}
@nix {"action":"result","fields":[0,0,0,0],"id":5424161442758659,"type":105}
@nix {"action":"result","fields":[101,0],"id":5424161442758657,"type":106}
@nix {"action":"result","fields":[100,0],"id":5424161442758657,"type":106}
@nix {"action":"result","fields":[0,12,0,0],"id":5424161442758658,"type":105}
@nix {"action":"result","fields":[0,0,0,0],"id":5424161442758659,"type":105}
@nix {"action":"result","fields":[101,0],"id":5424161442758657,"type":106}
@nix {"action":"result","fields":[100,0],"id":5424161442758657,"type":106}
@nix {"action":"result","fields":[0,13,0,0],"id":5424161442758658,"type":105}
@nix {"action":"result","fields":[0,0,0,0],"id":5424161442758659,"type":105}
@nix {"action":"result","fields":[101,0],"id":5424161442758657,"type":106}
@nix {"action":"result","fields":[100,0],"id":5424161442758657,"type":106}
@nix {"action":"result","fields":[0,14,0,0],"id":5424161442758658,"type":105}
@nix {"action":"result","fields":[0,0,0,0],"id":5424161442758659,"type":105}
@nix {"action":"result","fields":[101,0],"id":5424161442758657,"type":106}
@nix {"action":"result","fields":[100,0],"id":5424161442758657,"type":106}
@nix {"action":"result","fields":[0,15,0,0],"id":5424161442758658,"type":105}
@nix {"action":"result","fields":[0,0,0,0],"id":5424161442758659,"type":105}
@nix {"action":"result","fields":[101,0],"id":5424161442758657,"type":106}
@nix {"action":"result","fields":[100,0],"id":5424161442758657,"type":106}
@nix {"action":"result","fields":[0,16,0,0],"id":5424161442758658,"type":105}
@nix {"action":"result","fields":[0,0,0,0],"id":5424161442758659,"type":105}
@nix {"action":"result","fields":[101,0],"id":5424161442758657,"type":106}
@nix {"action":"result","fields":[100,0],"id":5424161442758657,"type":106}
@nix {"action":"result","fields":[0,17,0,0],"id":5424161442758658,"type":105}
@nix {"action":"result","fields":[0,0,0,0],"id":5424161442758659,"type":105}
@nix {"action":"result","fields":[101,0],"id":5424161442758657,"type":106}
@nix {"action":"result","fields":[100,0],"id":5424161442758657,"type":106}
@nix {"action":"result","fields":[0,18,0,0],"id":5424161442758658,"type":105}
@nix {"action":"result","fields":[0,0,0,0],"id":5424161442758659,"type":105}
@nix {"action":"result","fields":[101,0],"id":5424161442758657,"type":106}
@nix {"action":"result","fields":[100,0],"id":5424161442758657,"type":106}
@nix {"action":"result","fields":[0,19,0,0],"id":5424161442758658,"type":105}
@nix {"action":"result","fields":[0,0,0,0],"id":5424161442758659,"type":105}
@nix {"action":"result","fields":[101,0],"id":5424161442758657,"type":106}
@nix {"action":"result","fields":[100,0],"id":5424161442758657,"type":106}
@nix {"action":"result","fields":[0,20,0,0],"id":5424161442758658,"type":105}
@nix {"action":"result","fields":[0,0,0,0],"id":5424161442758659,"type":105}
@nix {"action":"result","fields":[101,0],"id":5424161442758657,"type":106}
@nix {"action":"result","fields":[100,0],"id":5424161442758657,"type":106}
@nix {"action":"result","fields":[0,21,0,0],"id":5424161442758658,"type":105}
@nix {"action":"result","fields":[0,0,0,0],"id":5424161442758659,"type":105}
@nix {"action":"result","fields":[101,0],"id":5424161442758657,"type":106}
@nix {"action":"result","fields":[100,0],"id":5424161442758657,"type":106}
@nix {"action":"result","fields":[0,22,0,0],"id":5424161442758658,"type":105}
@nix {"action":"result","fields":[0,0,0,0],"id":5424161442758659,"type":105}
@nix {"action":"result","fields":[101,0],"id":5424161442758657,"type":106}
@nix {"action":"result","fields":[100,0],"id":5424161442758657,"type":106}
@nix {"action":"result","fields":[0,23,0,0],"id":5424161442758658,"type":105}
@nix {"action":"result","fields":[0,0,0,0],"id":5424161442758659,"type":105}
@nix {"action":"result","fields":[101,0],"id":5424161442758657,"type":106}
@nix {"action":"result","fields":[100,0],"id":5424161442758657,"type":106}
@nix {"action":"result","fields":[0,24,0,0],"id":5424161442758658,"type":105}
@nix {"action":"result","fields":[0,0,0,0],"id":5424161442758659,"type":105}
@nix {"action":"result","fields":[101,0],"id":5424161442758657,"type":106}
@nix {"action":"result","fields":[100,0],"id":5424161442758657,"type":106}
@nix {"action":"result","fields":[0,25,0,0],"id":5424161442758658,"type":105}
@nix {"action":"result","fields":[0,0,0,0],"id":5424161442758659,"type":105}
@nix {"action":"result","fields":[101,0],"id":5424161442758657,"type":106}
@nix {"action":"result","fields":[100,0],"id":5424161442758657,"type":106}
@nix {"action":"result","fields":[0,26,0,0],"id":5424161442758658,"type":105}
@nix {"action":"result","fields":[0,0,0,0],"id":5424161442758659,"type":105}
@nix {"action":"result","fields":[101,0],"id":5424161442758657,"type":106}
@nix {"action":"result","fields":[100,0],"id":5424161442758657,"type":106}
@nix {"action":"result","fields":[0,27,0,0],"id":5424161442758658,"type":105}
@nix {"action":"result","fields":[0,0,0,0],"id":5424161442758659,"type":105}
@nix {"action":"result","fields":[101,0],"id":5424161442758657,"type":106}
@nix {"action":"result","fields":[100,0],"id":5424161442758657,"type":106}
@nix {"action":"result","fields":[0,28,0,0],"id":5424161442758658,"type":105}
@nix {"action":"result","fields":[0,0,0,0],"id":5424161442758659,"type":105}
@nix {"action":"result","fields":[101,0],"id":5424161442758657,"type":106}
@nix {"action":"result","fields":[100,0],"id":5424161442758657,"type":106}
@nix {"action":"result","fields":[0,29,0,0],"id":5424161442758658,"type":105}
@nix {"action":"result","fields":[0,0,0,0],"id":5424161442758659,"type":105}
@nix {"action":"result","fields":[101,0],"id":5424161442758657,"type":106}
@nix {"action":"result","fields":[100,0],"id":5424161442758657,"type":106}
@nix {"action":"result","fields":[0,30,0,0],"id":5424161442758658,"type":105}
@nix {"action":"result","fields":[0,0,0,0],"id":5424161442758659,"type":105}
@nix {"action":"result","fields":[101,0],"id":5424161442758657,"type":106}
@nix {"action":"result","fields":[100,0],"id":5424161442758657,"type":106}
@nix {"action":"result","fields":[0,31,0,0],"id":5424161442758658,"type":105}
@nix {"action":"result","fields":[0,0,0,0],"id":5424161442758659,"type":105}
@nix {"action":"result","fields":[101,0],"id":5424161442758657,"type":106}
@nix {"action":"result","fields":[100,0],"id":5424161442758657,"type":106}
@nix {"action":"result","fields":[0,32,0,0],"id":5424161442758658,"type":105}
@nix {"action":"result","fields":[0,0,0,0],"id":5424161442758659,"type":105}
@nix {"action":"result","fields":[101,0],"id":5424161442758657,"type":106}
@nix {"action":"result","fields":[100,0],"id":5424161442758657,"type":106}
@nix {"action":"start","fields":["/tmp/obrador-shared-pins-linux/round-1-baseline/wide-round-1-jobs-8/store/q6imsqd9lwjxqahsppjpaqx1zdzvzj5l-leaf-0.drv.drv","",1,1],"id":5424161442758660,"level":3,"parent":0,"text":"building '/tmp/obrador-shared-pins-linux/round-1-baseline/wide-round-1-jobs-8/store/q6imsqd9lwjxqahsppjpaqx1zdzvzj5l-leaf-0.drv.drv'","type":105}
@nix {"action":"result","fields":[0,32,1,0],"id":5424161442758658,"type":105}
@nix {"action":"result","fields":[0,0,0,0],"id":5424161442758659,"type":105}
@nix {"action":"result","fields":[101,0],"id":5424161442758657,"type":106}
@nix {"action":"result","fields":[100,0],"id":5424161442758657,"type":106}
@nix {"action":"start","fields":["/tmp/obrador-shared-pins-linux/round-1-baseline/wide-round-1-jobs-8/store/ba8yazglidyr1bwvmpiv242s83w2g13s-leaf-1.drv.drv","",1,1],"id":5424161442758661,"level":3,"parent":0,"text":"building '/tmp/obrador-shared-pins-linux/round-1-baseline/wide-round-1-jobs-8/store/ba8yazglidyr1bwvmpiv242s83w2g13s-leaf-1.drv.drv'","type":105}
@nix {"action":"result","fields":[0,32,2,0],"id":5424161442758658,"type":105}
@nix {"action":"result","fields":[0,0,0,0],"id":5424161442758659,"type":105}
@nix {"action":"result","fields":[101,0],"id":5424161442758657,"type":106}
@nix {"action":"result","fields":[100,0],"id":5424161442758657,"type":106}
@nix {"action":"start","fields":["/tmp/obrador-shared-pins-linux/round-1-baseline/wide-round-1-jobs-8/store/9c19aqj81zdr06li3bbpi4ix2jxkajli-leaf-10.drv.drv","",1,1],"id":5424161442758662,"level":3,"parent":0,"text":"building '/tmp/obrador-shared-pins-linux/round-1-baseline/wide-round-1-jobs-8/store/9c19aqj81zdr06li3bbpi4ix2jxkajli-leaf-10.drv.drv'","type":105}
@nix {"action":"result","fields":[0,32,3,0],"id":5424161442758658,"type":105}
@nix {"action":"result","fields":[0,0,0,0],"id":5424161442758659,"type":105}
@nix {"action":"result","fields":[101,0],"id":5424161442758657,"type":106}
@nix {"action":"result","fields":[100,0],"id":5424161442758657,"type":106}
@nix {"action":"start","fields":["/tmp/obrador-shared-pins-linux/round-1-baseline/wide-round-1-jobs-8/store/rxwij0yapxjwhwisd0h6bnzc4hmavw6f-leaf-11.drv.drv","",1,1],"id":5424161442758663,"level":3,"parent":0,"text":"building '/tmp/obrador-shared-pins-linux/round-1-baseline/wide-round-1-jobs-8/store/rxwij0yapxjwhwisd0h6bnzc4hmavw6f-leaf-11.drv.drv'","type":105}
@nix {"action":"result","fields":[0,32,4,0],"id":5424161442758658,"type":105}
@nix {"action":"result","fields":[0,0,0,0],"id":5424161442758659,"type":105}
@nix {"action":"result","fields":[101,0],"id":5424161442758657,"type":106}
@nix {"action":"result","fields":[100,0],"id":5424161442758657,"type":106}
@nix {"action":"start","fields":["/tmp/obrador-shared-pins-linux/round-1-baseline/wide-round-1-jobs-8/store/qfmwd15b0zqnz2krin3ry6ivnfdm4qgx-leaf-12.drv.drv","",1,1],"id":5424161442758664,"level":3,"parent":0,"text":"building '/tmp/obrador-shared-pins-linux/round-1-baseline/wide-round-1-jobs-8/store/qfmwd15b0zqnz2krin3ry6ivnfdm4qgx-leaf-12.drv.drv'","type":105}
@nix {"action":"result","fields":[0,32,5,0],"id":5424161442758658,"type":105}
@nix {"action":"result","fields":[0,0,0,0],"id":5424161442758659,"type":105}
@nix {"action":"result","fields":[101,0],"id":5424161442758657,"type":106}
@nix {"action":"result","fields":[100,0],"id":5424161442758657,"type":106}
@nix {"action":"start","fields":["/tmp/obrador-shared-pins-linux/round-1-baseline/wide-round-1-jobs-8/store/hwaj0q8i9hqbrdfk9kr6wg0mlrfwfz84-leaf-13.drv.drv","",1,1],"id":5424161442758665,"level":3,"parent":0,"text":"building '/tmp/obrador-shared-pins-linux/round-1-baseline/wide-round-1-jobs-8/store/hwaj0q8i9hqbrdfk9kr6wg0mlrfwfz84-leaf-13.drv.drv'","type":105}
@nix {"action":"result","fields":[0,32,6,0],"id":5424161442758658,"type":105}
@nix {"action":"result","fields":[0,0,0,0],"id":5424161442758659,"type":105}
@nix {"action":"result","fields":[101,0],"id":5424161442758657,"type":106}
@nix {"action":"result","fields":[100,0],"id":5424161442758657,"type":106}
@nix {"action":"start","fields":["/tmp/obrador-shared-pins-linux/round-1-baseline/wide-round-1-jobs-8/store/vhkjns3v20sxcj247brk6jgxiz223mim-leaf-14.drv.drv","",1,1],"id":5424161442758666,"level":3,"parent":0,"text":"building '/tmp/obrador-shared-pins-linux/round-1-baseline/wide-round-1-jobs-8/store/vhkjns3v20sxcj247brk6jgxiz223mim-leaf-14.drv.drv'","type":105}
@nix {"action":"result","fields":[0,32,7,0],"id":5424161442758658,"type":105}
@nix {"action":"result","fields":[0,0,0,0],"id":5424161442758659,"type":105}
@nix {"action":"result","fields":[101,0],"id":5424161442758657,"type":106}
@nix {"action":"result","fields":[100,0],"id":5424161442758657,"type":106}
@nix {"action":"start","fields":["/tmp/obrador-shared-pins-linux/round-1-baseline/wide-round-1-jobs-8/store/3n0yaylikabg4g5w9rg74qnvc3pk4ljh-leaf-15.drv.drv","",1,1],"id":5424161442758667,"level":3,"parent":0,"text":"building '/tmp/obrador-shared-pins-linux/round-1-baseline/wide-round-1-jobs-8/store/3n0yaylikabg4g5w9rg74qnvc3pk4ljh-leaf-15.drv.drv'","type":105}
@nix {"action":"result","fields":[0,32,8,0],"id":5424161442758658,"type":105}
@nix {"action":"result","fields":[0,0,0,0],"id":5424161442758659,"type":105}
@nix {"action":"result","fields":[101,0],"id":5424161442758657,"type":106}
@nix {"action":"result","fields":[100,0],"id":5424161442758657,"type":106}
@nix {"action":"result","fields":[1,33,7,0],"id":5424161442758658,"type":105}
@nix {"action":"result","fields":[0,0,0,0],"id":5424161442758659,"type":105}
@nix {"action":"result","fields":[101,0],"id":5424161442758657,"type":106}
@nix {"action":"result","fields":[100,0],"id":5424161442758657,"type":106}
@nix {"action":"stop","id":5424161442758660}
@nix {"action":"result","fields":[2,34,6,0],"id":5424161442758658,"type":105}
@nix {"action":"result","fields":[0,0,0,0],"id":5424161442758659,"type":105}
@nix {"action":"result","fields":[101,0],"id":5424161442758657,"type":106}
@nix {"action":"result","fields":[100,0],"id":5424161442758657,"type":106}
@nix {"action":"stop","id":5424161442758661}
@nix {"action":"result","fields":[3,35,5,0],"id":5424161442758658,"type":105}
@nix {"action":"result","fields":[0,0,0,0],"id":5424161442758659,"type":105}
@nix {"action":"result","fields":[101,0],"id":5424161442758657,"type":106}
@nix {"action":"result","fields":[100,0],"id":5424161442758657,"type":106}
@nix {"action":"stop","id":5424161442758662}
@nix {"action":"result","fields":[4,36,4,0],"id":5424161442758658,"type":105}
@nix {"action":"result","fields":[0,0,0,0],"id":5424161442758659,"type":105}
@nix {"action":"result","fields":[101,0],"id":5424161442758657,"type":106}
@nix {"action":"result","fields":[100,0],"id":5424161442758657,"type":106}
@nix {"action":"stop","id":5424161442758663}
@nix {"action":"result","fields":[5,37,3,0],"id":5424161442758658,"type":105}
@nix {"action":"result","fields":[0,0,0,0],"id":5424161442758659,"type":105}
@nix {"action":"result","fields":[101,0],"id":5424161442758657,"type":106}
@nix {"action":"result","fields":[100,0],"id":5424161442758657,"type":106}
@nix {"action":"stop","id":5424161442758664}
@nix {"action":"result","fields":[6,38,2,0],"id":5424161442758658,"type":105}
@nix {"action":"result","fields":[0,0,0,0],"id":5424161442758659,"type":105}
@nix {"action":"result","fields":[101,0],"id":5424161442758657,"type":106}
@nix {"action":"result","fields":[100,0],"id":5424161442758657,"type":106}
@nix {"action":"stop","id":5424161442758665}
@nix {"action":"result","fields":[7,39,1,0],"id":5424161442758658,"type":105}
@nix {"action":"result","fields":[0,0,0,0],"id":5424161442758659,"type":105}
@nix {"action":"result","fields":[101,0],"id":5424161442758657,"type":106}
@nix {"action":"result","fields":[100,0],"id":5424161442758657,"type":106}
@nix {"action":"stop","id":5424161442758666}
@nix {"action":"start","fields":["/tmp/obrador-shared-pins-linux/round-1-baseline/wide-round-1-jobs-8/store/vlgp7kw0w80pibwd88hwnbx8p6px6pcj-leaf-31.drv.drv","",1,1],"id":5424161442758668,"level":3,"parent":0,"text":"building '/tmp/obrador-shared-pins-linux/round-1-baseline/wide-round-1-jobs-8/store/vlgp7kw0w80pibwd88hwnbx8p6px6pcj-leaf-31.drv.drv'","type":105}
@nix {"action":"result","fields":[7,32,2,0],"id":5424161442758658,"type":105}
@nix {"action":"result","fields":[0,0,0,0],"id":5424161442758659,"type":105}
@nix {"action":"result","fields":[101,0],"id":5424161442758657,"type":106}
@nix {"action":"result","fields":[100,0],"id":5424161442758657,"type":106}
@nix {"action":"start","fields":["/tmp/obrador-shared-pins-linux/round-1-baseline/wide-round-1-jobs-8/store/ll4gynqyqqz97ab3ix3zapczr0czx5xm-leaf-4.drv.drv","",1,1],"id":5424161442758669,"level":3,"parent":0,"text":"building '/tmp/obrador-shared-pins-linux/round-1-baseline/wide-round-1-jobs-8/store/ll4gynqyqqz97ab3ix3zapczr0czx5xm-leaf-4.drv.drv'","type":105}
@nix {"action":"result","fields":[7,32,3,0],"id":5424161442758658,"type":105}
@nix {"action":"result","fields":[0,0,0,0],"id":5424161442758659,"type":105}
@nix {"action":"result","fields":[101,0],"id":5424161442758657,"type":106}
@nix {"action":"result","fields":[100,0],"id":5424161442758657,"type":106}
@nix {"action":"start","fields":["/tmp/obrador-shared-pins-linux/round-1-baseline/wide-round-1-jobs-8/store/9nnmpjiqb611ihriw3swsc4vaixppws9-leaf-5.drv.drv","",1,1],"id":5424161442758670,"level":3,"parent":0,"text":"building '/tmp/obrador-shared-pins-linux/round-1-baseline/wide-round-1-jobs-8/store/9nnmpjiqb611ihriw3swsc4vaixppws9-leaf-5.drv.drv'","type":105}
@nix {"action":"result","fields":[7,32,4,0],"id":5424161442758658,"type":105}
@nix {"action":"result","fields":[0,0,0,0],"id":5424161442758659,"type":105}
@nix {"action":"result","fields":[101,0],"id":5424161442758657,"type":106}
@nix {"action":"result","fields":[100,0],"id":5424161442758657,"type":106}
@nix {"action":"start","fields":["/tmp/obrador-shared-pins-linux/round-1-baseline/wide-round-1-jobs-8/store/abyl6xsvna4zfw2lkswk3wlmrhl7rxcm-leaf-6.drv.drv","",1,1],"id":5424161442758671,"level":3,"parent":0,"text":"building '/tmp/obrador-shared-pins-linux/round-1-baseline/wide-round-1-jobs-8/store/abyl6xsvna4zfw2lkswk3wlmrhl7rxcm-leaf-6.drv.drv'","type":105}
@nix {"action":"result","fields":[7,32,5,0],"id":5424161442758658,"type":105}
@nix {"action":"result","fields":[0,0,0,0],"id":5424161442758659,"type":105}
@nix {"action":"result","fields":[101,0],"id":5424161442758657,"type":106}
@nix {"action":"result","fields":[100,0],"id":5424161442758657,"type":106}
@nix {"action":"start","fields":["/tmp/obrador-shared-pins-linux/round-1-baseline/wide-round-1-jobs-8/store/xjhys38aqbxhjd9il4wx0k8sjzbikbqb-leaf-7.drv.drv","",1,1],"id":5424161442758672,"level":3,"parent":0,"text":"building '/tmp/obrador-shared-pins-linux/round-1-baseline/wide-round-1-jobs-8/store/xjhys38aqbxhjd9il4wx0k8sjzbikbqb-leaf-7.drv.drv'","type":105}
@nix {"action":"result","fields":[7,32,6,0],"id":5424161442758658,"type":105}
@nix {"action":"result","fields":[0,0,0,0],"id":5424161442758659,"type":105}
@nix {"action":"result","fields":[101,0],"id":5424161442758657,"type":106}
@nix {"action":"result","fields":[100,0],"id":5424161442758657,"type":106}
@nix {"action":"start","fields":["/tmp/obrador-shared-pins-linux/round-1-baseline/wide-round-1-jobs-8/store/yndwln62lx7g3f3bg9qnl2wcn4ff8zib-leaf-8.drv.drv","",1,1],"id":5424161442758673,"level":3,"parent":0,"text":"building '/tmp/obrador-shared-pins-linux/round-1-baseline/wide-round-1-jobs-8/store/yndwln62lx7g3f3bg9qnl2wcn4ff8zib-leaf-8.drv.drv'","type":105}
@nix {"action":"result","fields":[7,32,7,0],"id":5424161442758658,"type":105}
@nix {"action":"result","fields":[0,0,0,0],"id":5424161442758659,"type":105}
@nix {"action":"result","fields":[101,0],"id":5424161442758657,"type":106}
@nix {"action":"result","fields":[100,0],"id":5424161442758657,"type":106}
@nix {"action":"start","fields":["/tmp/obrador-shared-pins-linux/round-1-baseline/wide-round-1-jobs-8/store/q51zc84s4wfhqq46j98flk1prcsm8br9-leaf-9.drv.drv","",1,1],"id":5424161442758674,"level":3,"parent":0,"text":"building '/tmp/obrador-shared-pins-linux/round-1-baseline/wide-round-1-jobs-8/store/q51zc84s4wfhqq46j98flk1prcsm8br9-leaf-9.drv.drv'","type":105}
@nix {"action":"result","fields":[7,32,8,0],"id":5424161442758658,"type":105}
@nix {"action":"result","fields":[0,0,0,0],"id":5424161442758659,"type":105}
@nix {"action":"result","fields":[101,0],"id":5424161442758657,"type":106}
@nix {"action":"result","fields":[100,0],"id":5424161442758657,"type":106}
@nix {"action":"result","fields":[7,33,8,0],"id":5424161442758658,"type":105}
@nix {"action":"result","fields":[0,0,0,0],"id":5424161442758659,"type":105}
@nix {"action":"result","fields":[101,0],"id":5424161442758657,"type":106}
@nix {"action":"result","fields":[100,0],"id":5424161442758657,"type":106}
@nix {"action":"result","fields":[7,34,8,0],"id":5424161442758658,"type":105}
@nix {"action":"result","fields":[0,0,0,0],"id":5424161442758659,"type":105}
@nix {"action":"result","fields":[101,0],"id":5424161442758657,"type":106}
@nix {"action":"result","fields":[100,0],"id":5424161442758657,"type":106}
@nix {"action":"result","fields":[7,35,8,0],"id":5424161442758658,"type":105}
@nix {"action":"result","fields":[0,0,0,0],"id":5424161442758659,"type":105}
@nix {"action":"result","fields":[101,0],"id":5424161442758657,"type":106}
@nix {"action":"result","fields":[100,0],"id":5424161442758657,"type":106}
@nix {"action":"result","fields":[7,36,8,0],"id":5424161442758658,"type":105}
@nix {"action":"result","fields":[0,0,0,0],"id":5424161442758659,"type":105}
@nix {"action":"result","fields":[101,0],"id":5424161442758657,"type":106}
@nix {"action":"result","fields":[100,0],"id":5424161442758657,"type":106}
@nix {"action":"result","fields":[7,37,8,0],"id":5424161442758658,"type":105}
@nix {"action":"result","fields":[0,0,0,0],"id":5424161442758659,"type":105}
@nix {"action":"result","fields":[101,0],"id":5424161442758657,"type":106}
@nix {"action":"result","fields":[100,0],"id":5424161442758657,"type":106}
@nix {"action":"result","fields":[7,38,8,0],"id":5424161442758658,"type":105}
@nix {"action":"result","fields":[0,0,0,0],"id":5424161442758659,"type":105}
@nix {"action":"result","fields":[101,0],"id":5424161442758657,"type":106}
@nix {"action":"result","fields":[100,0],"id":5424161442758657,"type":106}
@nix {"action":"result","fields":[7,39,8,0],"id":5424161442758658,"type":105}
@nix {"action":"result","fields":[0,0,0,0],"id":5424161442758659,"type":105}
@nix {"action":"result","fields":[101,0],"id":5424161442758657,"type":106}
@nix {"action":"result","fields":[100,0],"id":5424161442758657,"type":106}
@nix {"action":"result","fields":[8,40,7,0],"id":5424161442758658,"type":105}
@nix {"action":"result","fields":[0,0,0,0],"id":5424161442758659,"type":105}
@nix {"action":"result","fields":[101,0],"id":5424161442758657,"type":106}
@nix {"action":"result","fields":[100,0],"id":5424161442758657,"type":106}
@nix {"action":"stop","id":5424161442758667}
@nix {"action":"result","fields":[9,41,6,0],"id":5424161442758658,"type":105}
@nix {"action":"result","fields":[0,0,0,0],"id":5424161442758659,"type":105}
@nix {"action":"result","fields":[101,0],"id":5424161442758657,"type":106}
@nix {"action":"result","fields":[100,0],"id":5424161442758657,"type":106}
@nix {"action":"stop","id":5424161442758668}
@nix {"action":"result","fields":[10,42,5,0],"id":5424161442758658,"type":105}
@nix {"action":"result","fields":[0,0,0,0],"id":5424161442758659,"type":105}
@nix {"action":"result","fields":[101,0],"id":5424161442758657,"type":106}
@nix {"action":"result","fields":[100,0],"id":5424161442758657,"type":106}
@nix {"action":"stop","id":5424161442758669}
@nix {"action":"result","fields":[11,43,4,0],"id":5424161442758658,"type":105}
@nix {"action":"result","fields":[0,0,0,0],"id":5424161442758659,"type":105}
@nix {"action":"result","fields":[101,0],"id":5424161442758657,"type":106}
@nix {"action":"result","fields":[100,0],"id":5424161442758657,"type":106}
@nix {"action":"stop","id":5424161442758670}
@nix {"action":"result","fields":[12,44,3,0],"id":5424161442758658,"type":105}
@nix {"action":"result","fields":[0,0,0,0],"id":5424161442758659,"type":105}
@nix {"action":"result","fields":[101,0],"id":5424161442758657,"type":106}
@nix {"action":"result","fields":[100,0],"id":5424161442758657,"type":106}
@nix {"action":"stop","id":5424161442758671}
@nix {"action":"result","fields":[13,45,2,0],"id":5424161442758658,"type":105}
@nix {"action":"result","fields":[0,0,0,0],"id":5424161442758659,"type":105}
@nix {"action":"result","fields":[101,0],"id":5424161442758657,"type":106}
@nix {"action":"result","fields":[100,0],"id":5424161442758657,"type":106}
@nix {"action":"stop","id":5424161442758672}
@nix {"action":"result","fields":[14,46,1,0],"id":5424161442758658,"type":105}
@nix {"action":"result","fields":[0,0,0,0],"id":5424161442758659,"type":105}
@nix {"action":"result","fields":[101,0],"id":5424161442758657,"type":106}
@nix {"action":"result","fields":[100,0],"id":5424161442758657,"type":106}
@nix {"action":"stop","id":5424161442758673}
@nix {"action":"result","fields":[15,47,0,0],"id":5424161442758658,"type":105}
@nix {"action":"result","fields":[0,0,0,0],"id":5424161442758659,"type":105}
@nix {"action":"result","fields":[101,0],"id":5424161442758657,"type":106}
@nix {"action":"result","fields":[100,0],"id":5424161442758657,"type":106}
@nix {"action":"stop","id":5424161442758674}
@nix {"action":"start","fields":["/tmp/obrador-shared-pins-linux/round-1-baseline/wide-round-1-jobs-8/store/6ci0gplqlqg7r3glargms73zrz2lkl3m-leaf-0.drv","",1,1],"id":5424161442758675,"level":3,"parent":0,"text":"building '/tmp/obrador-shared-pins-linux/round-1-baseline/wide-round-1-jobs-8/store/6ci0gplqlqg7r3glargms73zrz2lkl3m-leaf-0.drv'","type":105}
@nix {"action":"result","fields":[15,39,1,0],"id":5424161442758658,"type":105}
@nix {"action":"result","fields":[0,0,0,0],"id":5424161442758659,"type":105}
@nix {"action":"result","fields":[101,0],"id":5424161442758657,"type":106}
@nix {"action":"result","fields":[100,0],"id":5424161442758657,"type":106}
@nix {"action":"start","fields":["/tmp/obrador-shared-pins-linux/round-1-baseline/wide-round-1-jobs-8/store/927gcy2wgj4h8dy3akjd94b4qc0pxnga-leaf-1.drv","",1,1],"id":5424161442758676,"level":3,"parent":0,"text":"building '/tmp/obrador-shared-pins-linux/round-1-baseline/wide-round-1-jobs-8/store/927gcy2wgj4h8dy3akjd94b4qc0pxnga-leaf-1.drv'","type":105}
@nix {"action":"result","fields":[15,39,2,0],"id":5424161442758658,"type":105}
@nix {"action":"result","fields":[0,0,0,0],"id":5424161442758659,"type":105}
@nix {"action":"result","fields":[101,0],"id":5424161442758657,"type":106}
@nix {"action":"result","fields":[100,0],"id":5424161442758657,"type":106}
@nix {"action":"start","fields":["/tmp/obrador-shared-pins-linux/round-1-baseline/wide-round-1-jobs-8/store/mjm1dc2bw5rvic562w34hngmj01vh39y-leaf-10.drv","",1,1],"id":5424161442758677,"level":3,"parent":0,"text":"building '/tmp/obrador-shared-pins-linux/round-1-baseline/wide-round-1-jobs-8/store/mjm1dc2bw5rvic562w34hngmj01vh39y-leaf-10.drv'","type":105}
@nix {"action":"result","fields":[15,39,3,0],"id":5424161442758658,"type":105}
@nix {"action":"result","fields":[0,0,0,0],"id":5424161442758659,"type":105}
@nix {"action":"result","fields":[101,0],"id":5424161442758657,"type":106}
@nix {"action":"result","fields":[100,0],"id":5424161442758657,"type":106}
@nix {"action":"start","fields":["/tmp/obrador-shared-pins-linux/round-1-baseline/wide-round-1-jobs-8/store/zij7bldq6aqni42j3j180gnzs59qaqms-leaf-11.drv","",1,1],"id":5424161442758678,"level":3,"parent":0,"text":"building '/tmp/obrador-shared-pins-linux/round-1-baseline/wide-round-1-jobs-8/store/zij7bldq6aqni42j3j180gnzs59qaqms-leaf-11.drv'","type":105}
@nix {"action":"result","fields":[15,39,4,0],"id":5424161442758658,"type":105}
@nix {"action":"result","fields":[0,0,0,0],"id":5424161442758659,"type":105}
@nix {"action":"result","fields":[101,0],"id":5424161442758657,"type":106}
@nix {"action":"result","fields":[100,0],"id":5424161442758657,"type":106}
@nix {"action":"start","fields":["/tmp/obrador-shared-pins-linux/round-1-baseline/wide-round-1-jobs-8/store/bg3rlkgjnd3h44qirnlp98422md391ja-leaf-12.drv","",1,1],"id":5424161442758679,"level":3,"parent":0,"text":"building '/tmp/obrador-shared-pins-linux/round-1-baseline/wide-round-1-jobs-8/store/bg3rlkgjnd3h44qirnlp98422md391ja-leaf-12.drv'","type":105}
@nix {"action":"result","fields":[15,39,5,0],"id":5424161442758658,"type":105}
@nix {"action":"result","fields":[0,0,0,0],"id":5424161442758659,"type":105}
@nix {"action":"result","fields":[101,0],"id":5424161442758657,"type":106}
@nix {"action":"result","fields":[100,0],"id":5424161442758657,"type":106}
@nix {"action":"start","fields":["/tmp/obrador-shared-pins-linux/round-1-baseline/wide-round-1-jobs-8/store/25zqqmwgs1k99kyjdg3ajqf4bh15bc3a-leaf-13.drv","",1,1],"id":5424161442758680,"level":3,"parent":0,"text":"building '/tmp/obrador-shared-pins-linux/round-1-baseline/wide-round-1-jobs-8/store/25zqqmwgs1k99kyjdg3ajqf4bh15bc3a-leaf-13.drv'","type":105}
@nix {"action":"result","fields":[15,39,6,0],"id":5424161442758658,"type":105}
@nix {"action":"result","fields":[0,0,0,0],"id":5424161442758659,"type":105}
@nix {"action":"result","fields":[101,0],"id":5424161442758657,"type":106}
@nix {"action":"result","fields":[100,0],"id":5424161442758657,"type":106}
@nix {"action":"start","fields":["/tmp/obrador-shared-pins-linux/round-1-baseline/wide-round-1-jobs-8/store/id00i1yaq6i5v5aar14i41xp298jgr22-leaf-14.drv","",1,1],"id":5424161442758681,"level":3,"parent":0,"text":"building '/tmp/obrador-shared-pins-linux/round-1-baseline/wide-round-1-jobs-8/store/id00i1yaq6i5v5aar14i41xp298jgr22-leaf-14.drv'","type":105}
@nix {"action":"result","fields":[15,39,7,0],"id":5424161442758658,"type":105}
@nix {"action":"result","fields":[0,0,0,0],"id":5424161442758659,"type":105}
@nix {"action":"result","fields":[101,0],"id":5424161442758657,"type":106}
@nix {"action":"result","fields":[100,0],"id":5424161442758657,"type":106}
@nix {"action":"start","fields":["/tmp/obrador-shared-pins-linux/round-1-baseline/wide-round-1-jobs-8/store/kws8pi86ggag1abf84pr8y93y0rb16sq-leaf-21.drv.drv","",1,1],"id":5424161442758682,"level":3,"parent":0,"text":"building '/tmp/obrador-shared-pins-linux/round-1-baseline/wide-round-1-jobs-8/store/kws8pi86ggag1abf84pr8y93y0rb16sq-leaf-21.drv.drv'","type":105}
@nix {"action":"result","fields":[15,39,8,0],"id":5424161442758658,"type":105}
@nix {"action":"result","fields":[0,0,0,0],"id":5424161442758659,"type":105}
@nix {"action":"result","fields":[101,0],"id":5424161442758657,"type":106}
@nix {"action":"result","fields":[100,0],"id":5424161442758657,"type":106}
@nix {"action":"result","fields":[15,40,8,0],"id":5424161442758658,"type":105}
@nix {"action":"result","fields":[0,0,0,0],"id":5424161442758659,"type":105}
@nix {"action":"result","fields":[101,0],"id":5424161442758657,"type":106}
@nix {"action":"result","fields":[100,0],"id":5424161442758657,"type":106}
@nix {"action":"result","fields":[15,41,8,0],"id":5424161442758658,"type":105}
@nix {"action":"result","fields":[0,0,0,0],"id":5424161442758659,"type":105}
@nix {"action":"result","fields":[101,0],"id":5424161442758657,"type":106}
@nix {"action":"result","fields":[100,0],"id":5424161442758657,"type":106}
@nix {"action":"result","fields":[15,42,8,0],"id":5424161442758658,"type":105}
@nix {"action":"result","fields":[0,0,0,0],"id":5424161442758659,"type":105}
@nix {"action":"result","fields":[101,0],"id":5424161442758657,"type":106}
@nix {"action":"result","fields":[100,0],"id":5424161442758657,"type":106}
@nix {"action":"result","fields":[15,43,8,0],"id":5424161442758658,"type":105}
@nix {"action":"result","fields":[0,0,0,0],"id":5424161442758659,"type":105}
@nix {"action":"result","fields":[101,0],"id":5424161442758657,"type":106}
@nix {"action":"result","fields":[100,0],"id":5424161442758657,"type":106}
@nix {"action":"result","fields":[15,44,8,0],"id":5424161442758658,"type":105}
@nix {"action":"result","fields":[0,0,0,0],"id":5424161442758659,"type":105}
@nix {"action":"result","fields":[101,0],"id":5424161442758657,"type":106}
@nix {"action":"result","fields":[100,0],"id":5424161442758657,"type":106}
@nix {"action":"result","fields":[15,45,8,0],"id":5424161442758658,"type":105}
@nix {"action":"result","fields":[0,0,0,0],"id":5424161442758659,"type":105}
@nix {"action":"result","fields":[101,0],"id":5424161442758657,"type":106}
@nix {"action":"result","fields":[100,0],"id":5424161442758657,"type":106}
@nix {"action":"result","fields":[15,46,8,0],"id":5424161442758658,"type":105}
@nix {"action":"result","fields":[0,0,0,0],"id":5424161442758659,"type":105}
@nix {"action":"result","fields":[101,0],"id":5424161442758657,"type":106}
@nix {"action":"result","fields":[100,0],"id":5424161442758657,"type":106}
@nix {"action":"result","fields":[15,47,8,0],"id":5424161442758658,"type":105}
@nix {"action":"result","fields":[0,0,0,0],"id":5424161442758659,"type":105}
@nix {"action":"result","fields":[101,0],"id":5424161442758657,"type":106}
@nix {"action":"result","fields":[100,0],"id":5424161442758657,"type":106}
@nix {"action":"result","fields":[16,48,7,0],"id":5424161442758658,"type":105}
@nix {"action":"result","fields":[0,0,0,0],"id":5424161442758659,"type":105}
@nix {"action":"result","fields":[101,0],"id":5424161442758657,"type":106}
@nix {"action":"result","fields":[100,0],"id":5424161442758657,"type":106}
@nix {"action":"stop","id":5424161442758675}
@nix {"action":"result","fields":[17,49,6,0],"id":5424161442758658,"type":105}
@nix {"action":"result","fields":[0,0,0,0],"id":5424161442758659,"type":105}
@nix {"action":"result","fields":[101,0],"id":5424161442758657,"type":106}
@nix {"action":"result","fields":[100,0],"id":5424161442758657,"type":106}
@nix {"action":"stop","id":5424161442758676}
@nix {"action":"result","fields":[18,50,5,0],"id":5424161442758658,"type":105}
@nix {"action":"result","fields":[0,0,0,0],"id":5424161442758659,"type":105}
@nix {"action":"result","fields":[101,0],"id":5424161442758657,"type":106}
@nix {"action":"result","fields":[100,0],"id":5424161442758657,"type":106}
@nix {"action":"stop","id":5424161442758677}
@nix {"action":"result","fields":[19,51,4,0],"id":5424161442758658,"type":105}
@nix {"action":"result","fields":[0,0,0,0],"id":5424161442758659,"type":105}
@nix {"action":"result","fields":[101,0],"id":5424161442758657,"type":106}
@nix {"action":"result","fields":[100,0],"id":5424161442758657,"type":106}
@nix {"action":"stop","id":5424161442758678}
@nix {"action":"result","fields":[20,52,3,0],"id":5424161442758658,"type":105}
@nix {"action":"result","fields":[0,0,0,0],"id":5424161442758659,"type":105}
@nix {"action":"result","fields":[101,0],"id":5424161442758657,"type":106}
@nix {"action":"result","fields":[100,0],"id":5424161442758657,"type":106}
@nix {"action":"stop","id":5424161442758679}
@nix {"action":"result","fields":[21,53,2,0],"id":5424161442758658,"type":105}
@nix {"action":"result","fields":[0,0,0,0],"id":5424161442758659,"type":105}
@nix {"action":"result","fields":[101,0],"id":5424161442758657,"type":106}
@nix {"action":"result","fields":[100,0],"id":5424161442758657,"type":106}
@nix {"action":"stop","id":5424161442758680}
@nix {"action":"result","fields":[22,54,1,0],"id":5424161442758658,"type":105}
@nix {"action":"result","fields":[0,0,0,0],"id":5424161442758659,"type":105}
@nix {"action":"result","fields":[101,0],"id":5424161442758657,"type":106}
@nix {"action":"result","fields":[100,0],"id":5424161442758657,"type":106}
@nix {"action":"stop","id":5424161442758681}
@nix {"action":"result","fields":[23,55,0,0],"id":5424161442758658,"type":105}
@nix {"action":"result","fields":[0,0,0,0],"id":5424161442758659,"type":105}
@nix {"action":"result","fields":[101,0],"id":5424161442758657,"type":106}
@nix {"action":"result","fields":[100,0],"id":5424161442758657,"type":106}
@nix {"action":"stop","id":5424161442758682}
@nix {"action":"start","fields":["/tmp/obrador-shared-pins-linux/round-1-baseline/wide-round-1-jobs-8/store/ji1gaz8xkxr9ahw5qrcqsn284x81lagq-leaf-15.drv","",1,1],"id":5424161442758683,"level":3,"parent":0,"text":"building '/tmp/obrador-shared-pins-linux/round-1-baseline/wide-round-1-jobs-8/store/ji1gaz8xkxr9ahw5qrcqsn284x81lagq-leaf-15.drv'","type":105}
@nix {"action":"result","fields":[23,47,1,0],"id":5424161442758658,"type":105}
@nix {"action":"result","fields":[0,0,0,0],"id":5424161442758659,"type":105}
@nix {"action":"result","fields":[101,0],"id":5424161442758657,"type":106}
@nix {"action":"result","fields":[100,0],"id":5424161442758657,"type":106}
@nix {"action":"start","fields":["/tmp/obrador-shared-pins-linux/round-1-baseline/wide-round-1-jobs-8/store/xhla61pdidgsbb7qdvx06kn34yh701v7-leaf-31.drv","",1,1],"id":5424161442758684,"level":3,"parent":0,"text":"building '/tmp/obrador-shared-pins-linux/round-1-baseline/wide-round-1-jobs-8/store/xhla61pdidgsbb7qdvx06kn34yh701v7-leaf-31.drv'","type":105}
@nix {"action":"result","fields":[23,47,2,0],"id":5424161442758658,"type":105}
@nix {"action":"result","fields":[0,0,0,0],"id":5424161442758659,"type":105}
@nix {"action":"result","fields":[101,0],"id":5424161442758657,"type":106}
@nix {"action":"result","fields":[100,0],"id":5424161442758657,"type":106}
@nix {"action":"start","fields":["/tmp/obrador-shared-pins-linux/round-1-baseline/wide-round-1-jobs-8/store/djd2iwvpm027znm1xsf07c5ygl5bw4ma-leaf-4.drv","",1,1],"id":5424161442758685,"level":3,"parent":0,"text":"building '/tmp/obrador-shared-pins-linux/round-1-baseline/wide-round-1-jobs-8/store/djd2iwvpm027znm1xsf07c5ygl5bw4ma-leaf-4.drv'","type":105}
@nix {"action":"result","fields":[23,47,3,0],"id":5424161442758658,"type":105}
@nix {"action":"result","fields":[0,0,0,0],"id":5424161442758659,"type":105}
@nix {"action":"result","fields":[101,0],"id":5424161442758657,"type":106}
@nix {"action":"result","fields":[100,0],"id":5424161442758657,"type":106}
@nix {"action":"start","fields":["/tmp/obrador-shared-pins-linux/round-1-baseline/wide-round-1-jobs-8/store/v0qg10gqgd7ij1k6ynvvzf6hry3w8fwk-leaf-5.drv","",1,1],"id":5424161442758686,"level":3,"parent":0,"text":"building '/tmp/obrador-shared-pins-linux/round-1-baseline/wide-round-1-jobs-8/store/v0qg10gqgd7ij1k6ynvvzf6hry3w8fwk-leaf-5.drv'","type":105}
@nix {"action":"result","fields":[23,47,4,0],"id":5424161442758658,"type":105}
@nix {"action":"result","fields":[0,0,0,0],"id":5424161442758659,"type":105}
@nix {"action":"result","fields":[101,0],"id":5424161442758657,"type":106}
@nix {"action":"result","fields":[100,0],"id":5424161442758657,"type":106}
@nix {"action":"start","fields":["/tmp/obrador-shared-pins-linux/round-1-baseline/wide-round-1-jobs-8/store/565sdk6lkvdmxkay3fmz3mixpi392pq9-leaf-6.drv","",1,1],"id":5424161442758687,"level":3,"parent":0,"text":"building '/tmp/obrador-shared-pins-linux/round-1-baseline/wide-round-1-jobs-8/store/565sdk6lkvdmxkay3fmz3mixpi392pq9-leaf-6.drv'","type":105}
@nix {"action":"result","fields":[23,47,5,0],"id":5424161442758658,"type":105}
@nix {"action":"result","fields":[0,0,0,0],"id":5424161442758659,"type":105}
@nix {"action":"result","fields":[101,0],"id":5424161442758657,"type":106}
@nix {"action":"result","fields":[100,0],"id":5424161442758657,"type":106}
@nix {"action":"start","fields":["/tmp/obrador-shared-pins-linux/round-1-baseline/wide-round-1-jobs-8/store/iw8w0mv06bh6vm7rypj124xp87jfbnhl-leaf-7.drv","",1,1],"id":5424161442758688,"level":3,"parent":0,"text":"building '/tmp/obrador-shared-pins-linux/round-1-baseline/wide-round-1-jobs-8/store/iw8w0mv06bh6vm7rypj124xp87jfbnhl-leaf-7.drv'","type":105}
@nix {"action":"result","fields":[23,47,6,0],"id":5424161442758658,"type":105}
@nix {"action":"result","fields":[0,0,0,0],"id":5424161442758659,"type":105}
@nix {"action":"result","fields":[101,0],"id":5424161442758657,"type":106}
@nix {"action":"result","fields":[100,0],"id":5424161442758657,"type":106}
@nix {"action":"start","fields":["/tmp/obrador-shared-pins-linux/round-1-baseline/wide-round-1-jobs-8/store/3dlpc5cf0aw4g9vgsrl8avk5jyq2qx86-leaf-8.drv","",1,1],"id":5424161442758689,"level":3,"parent":0,"text":"building '/tmp/obrador-shared-pins-linux/round-1-baseline/wide-round-1-jobs-8/store/3dlpc5cf0aw4g9vgsrl8avk5jyq2qx86-leaf-8.drv'","type":105}
@nix {"action":"result","fields":[23,47,7,0],"id":5424161442758658,"type":105}
@nix {"action":"result","fields":[0,0,0,0],"id":5424161442758659,"type":105}
@nix {"action":"result","fields":[101,0],"id":5424161442758657,"type":106}
@nix {"action":"result","fields":[100,0],"id":5424161442758657,"type":106}
@nix {"action":"start","fields":["/tmp/obrador-shared-pins-linux/round-1-baseline/wide-round-1-jobs-8/store/van3w11hjb4r3aymsgamq8fbhr33maxl-leaf-9.drv","",1,1],"id":5424161442758690,"level":3,"parent":0,"text":"building '/tmp/obrador-shared-pins-linux/round-1-baseline/wide-round-1-jobs-8/store/van3w11hjb4r3aymsgamq8fbhr33maxl-leaf-9.drv'","type":105}
@nix {"action":"result","fields":[23,47,8,0],"id":5424161442758658,"type":105}
@nix {"action":"result","fields":[0,0,0,0],"id":5424161442758659,"type":105}
@nix {"action":"result","fields":[101,0],"id":5424161442758657,"type":106}
@nix {"action":"result","fields":[100,0],"id":5424161442758657,"type":106}
@nix {"action":"result","fields":[23,48,8,0],"id":5424161442758658,"type":105}
@nix {"action":"result","fields":[0,0,0,0],"id":5424161442758659,"type":105}
@nix {"action":"result","fields":[101,0],"id":5424161442758657,"type":106}
@nix {"action":"result","fields":[100,0],"id":5424161442758657,"type":106}
@nix {"action":"result","fields":[24,49,7,0],"id":5424161442758658,"type":105}
@nix {"action":"result","fields":[0,0,0,0],"id":5424161442758659,"type":105}
@nix {"action":"result","fields":[101,0],"id":5424161442758657,"type":106}
@nix {"action":"result","fields":[100,0],"id":5424161442758657,"type":106}
@nix {"action":"stop","id":5424161442758683}
@nix {"action":"result","fields":[25,50,6,0],"id":5424161442758658,"type":105}
@nix {"action":"result","fields":[0,0,0,0],"id":5424161442758659,"type":105}
@nix {"action":"result","fields":[101,0],"id":5424161442758657,"type":106}
@nix {"action":"result","fields":[100,0],"id":5424161442758657,"type":106}
@nix {"action":"stop","id":5424161442758684}
@nix {"action":"result","fields":[26,51,5,0],"id":5424161442758658,"type":105}
@nix {"action":"result","fields":[0,0,0,0],"id":5424161442758659,"type":105}
@nix {"action":"result","fields":[101,0],"id":5424161442758657,"type":106}
@nix {"action":"result","fields":[100,0],"id":5424161442758657,"type":106}
@nix {"action":"stop","id":5424161442758685}
@nix {"action":"result","fields":[27,52,4,0],"id":5424161442758658,"type":105}
@nix {"action":"result","fields":[0,0,0,0],"id":5424161442758659,"type":105}
@nix {"action":"result","fields":[101,0],"id":5424161442758657,"type":106}
@nix {"action":"result","fields":[100,0],"id":5424161442758657,"type":106}
@nix {"action":"stop","id":5424161442758686}
@nix {"action":"result","fields":[28,53,3,0],"id":5424161442758658,"type":105}
@nix {"action":"result","fields":[0,0,0,0],"id":5424161442758659,"type":105}
@nix {"action":"result","fields":[101,0],"id":5424161442758657,"type":106}
@nix {"action":"result","fields":[100,0],"id":5424161442758657,"type":106}
@nix {"action":"stop","id":5424161442758687}
@nix {"action":"result","fields":[29,54,2,0],"id":5424161442758658,"type":105}
@nix {"action":"result","fields":[0,0,0,0],"id":5424161442758659,"type":105}
@nix {"action":"result","fields":[101,0],"id":5424161442758657,"type":106}
@nix {"action":"result","fields":[100,0],"id":5424161442758657,"type":106}
@nix {"action":"stop","id":5424161442758688}
@nix {"action":"result","fields":[30,55,1,0],"id":5424161442758658,"type":105}
@nix {"action":"result","fields":[0,0,0,0],"id":5424161442758659,"type":105}
@nix {"action":"result","fields":[101,0],"id":5424161442758657,"type":106}
@nix {"action":"result","fields":[100,0],"id":5424161442758657,"type":106}
@nix {"action":"stop","id":5424161442758689}
@nix {"action":"start","fields":["/tmp/obrador-shared-pins-linux/round-1-baseline/wide-round-1-jobs-8/store/ghickn1348qzn6945q2f58kc1y89bisa-leaf-19.drv.drv","",1,1],"id":5424161442758691,"level":3,"parent":0,"text":"building '/tmp/obrador-shared-pins-linux/round-1-baseline/wide-round-1-jobs-8/store/ghickn1348qzn6945q2f58kc1y89bisa-leaf-19.drv.drv'","type":105}
@nix {"action":"result","fields":[30,48,2,0],"id":5424161442758658,"type":105}
@nix {"action":"result","fields":[0,0,0,0],"id":5424161442758659,"type":105}
@nix {"action":"result","fields":[101,0],"id":5424161442758657,"type":106}
@nix {"action":"result","fields":[100,0],"id":5424161442758657,"type":106}
@nix {"action":"start","fields":["/tmp/obrador-shared-pins-linux/round-1-baseline/wide-round-1-jobs-8/store/r30bxpq5mk8pknjdi43p08mm9raa5w4p-leaf-2.drv.drv","",1,1],"id":5424161442758692,"level":3,"parent":0,"text":"building '/tmp/obrador-shared-pins-linux/round-1-baseline/wide-round-1-jobs-8/store/r30bxpq5mk8pknjdi43p08mm9raa5w4p-leaf-2.drv.drv'","type":105}
@nix {"action":"result","fields":[30,48,3,0],"id":5424161442758658,"type":105}
@nix {"action":"result","fields":[0,0,0,0],"id":5424161442758659,"type":105}
@nix {"action":"result","fields":[101,0],"id":5424161442758657,"type":106}
@nix {"action":"result","fields":[100,0],"id":5424161442758657,"type":106}
@nix {"action":"start","fields":["/tmp/obrador-shared-pins-linux/round-1-baseline/wide-round-1-jobs-8/store/hcikd7mdci8drnyalyjhrix54a7virfz-leaf-20.drv.drv","",1,1],"id":5424161442758693,"level":3,"parent":0,"text":"building '/tmp/obrador-shared-pins-linux/round-1-baseline/wide-round-1-jobs-8/store/hcikd7mdci8drnyalyjhrix54a7virfz-leaf-20.drv.drv'","type":105}
@nix {"action":"result","fields":[30,48,4,0],"id":5424161442758658,"type":105}
@nix {"action":"result","fields":[0,0,0,0],"id":5424161442758659,"type":105}
@nix {"action":"result","fields":[101,0],"id":5424161442758657,"type":106}
@nix {"action":"result","fields":[100,0],"id":5424161442758657,"type":106}
@nix {"action":"start","fields":["/tmp/obrador-shared-pins-linux/round-1-baseline/wide-round-1-jobs-8/store/s2csivs1zdksa35pjhk64rnslz55nsl3-leaf-21.drv","",1,1],"id":5424161442758694,"level":3,"parent":0,"text":"building '/tmp/obrador-shared-pins-linux/round-1-baseline/wide-round-1-jobs-8/store/s2csivs1zdksa35pjhk64rnslz55nsl3-leaf-21.drv'","type":105}
@nix {"action":"result","fields":[30,48,5,0],"id":5424161442758658,"type":105}
@nix {"action":"result","fields":[0,0,0,0],"id":5424161442758659,"type":105}
@nix {"action":"result","fields":[101,0],"id":5424161442758657,"type":106}
@nix {"action":"result","fields":[100,0],"id":5424161442758657,"type":106}
@nix {"action":"start","fields":["/tmp/obrador-shared-pins-linux/round-1-baseline/wide-round-1-jobs-8/store/smsbcz254xplb9670z2pcfsaj955l3i5-leaf-26.drv.drv","",1,1],"id":5424161442758695,"level":3,"parent":0,"text":"building '/tmp/obrador-shared-pins-linux/round-1-baseline/wide-round-1-jobs-8/store/smsbcz254xplb9670z2pcfsaj955l3i5-leaf-26.drv.drv'","type":105}
@nix {"action":"result","fields":[30,48,6,0],"id":5424161442758658,"type":105}
@nix {"action":"result","fields":[0,0,0,0],"id":5424161442758659,"type":105}
@nix {"action":"result","fields":[101,0],"id":5424161442758657,"type":106}
@nix {"action":"result","fields":[100,0],"id":5424161442758657,"type":106}
@nix {"action":"start","fields":["/tmp/obrador-shared-pins-linux/round-1-baseline/wide-round-1-jobs-8/store/p2vakg82avipah5pwdign3dc5593h7rh-leaf-27.drv.drv","",1,1],"id":5424161442758696,"level":3,"parent":0,"text":"building '/tmp/obrador-shared-pins-linux/round-1-baseline/wide-round-1-jobs-8/store/p2vakg82avipah5pwdign3dc5593h7rh-leaf-27.drv.drv'","type":105}
@nix {"action":"result","fields":[30,48,7,0],"id":5424161442758658,"type":105}
@nix {"action":"result","fields":[0,0,0,0],"id":5424161442758659,"type":105}
@nix {"action":"result","fields":[101,0],"id":5424161442758657,"type":106}
@nix {"action":"result","fields":[100,0],"id":5424161442758657,"type":106}
@nix {"action":"start","fields":["/tmp/obrador-shared-pins-linux/round-1-baseline/wide-round-1-jobs-8/store/kslninfm46kkn1xwsh27ra9pkzk3kj3h-leaf-28.drv.drv","",1,1],"id":5424161442758697,"level":3,"parent":0,"text":"building '/tmp/obrador-shared-pins-linux/round-1-baseline/wide-round-1-jobs-8/store/kslninfm46kkn1xwsh27ra9pkzk3kj3h-leaf-28.drv.drv'","type":105}
@nix {"action":"result","fields":[30,48,8,0],"id":5424161442758658,"type":105}
@nix {"action":"result","fields":[0,0,0,0],"id":5424161442758659,"type":105}
@nix {"action":"result","fields":[101,0],"id":5424161442758657,"type":106}
@nix {"action":"result","fields":[100,0],"id":5424161442758657,"type":106}
@nix {"action":"result","fields":[31,49,7,0],"id":5424161442758658,"type":105}
@nix {"action":"result","fields":[0,0,0,0],"id":5424161442758659,"type":105}
@nix {"action":"result","fields":[101,0],"id":5424161442758657,"type":106}
@nix {"action":"result","fields":[100,0],"id":5424161442758657,"type":106}
@nix {"action":"stop","id":5424161442758691}
@nix {"action":"result","fields":[32,50,6,0],"id":5424161442758658,"type":105}
@nix {"action":"result","fields":[0,0,0,0],"id":5424161442758659,"type":105}
@nix {"action":"result","fields":[101,0],"id":5424161442758657,"type":106}
@nix {"action":"result","fields":[100,0],"id":5424161442758657,"type":106}
@nix {"action":"stop","id":5424161442758692}
@nix {"action":"result","fields":[33,51,5,0],"id":5424161442758658,"type":105}
@nix {"action":"result","fields":[0,0,0,0],"id":5424161442758659,"type":105}
@nix {"action":"result","fields":[101,0],"id":5424161442758657,"type":106}
@nix {"action":"result","fields":[100,0],"id":5424161442758657,"type":106}
@nix {"action":"stop","id":5424161442758693}
@nix {"action":"result","fields":[34,52,4,0],"id":5424161442758658,"type":105}
@nix {"action":"result","fields":[0,0,0,0],"id":5424161442758659,"type":105}
@nix {"action":"result","fields":[101,0],"id":5424161442758657,"type":106}
@nix {"action":"result","fields":[100,0],"id":5424161442758657,"type":106}
@nix {"action":"stop","id":5424161442758694}
@nix {"action":"result","fields":[35,53,3,0],"id":5424161442758658,"type":105}
@nix {"action":"result","fields":[0,0,0,0],"id":5424161442758659,"type":105}
@nix {"action":"result","fields":[101,0],"id":5424161442758657,"type":106}
@nix {"action":"result","fields":[100,0],"id":5424161442758657,"type":106}
@nix {"action":"stop","id":5424161442758695}
@nix {"action":"result","fields":[36,54,2,0],"id":5424161442758658,"type":105}
@nix {"action":"result","fields":[0,0,0,0],"id":5424161442758659,"type":105}
@nix {"action":"result","fields":[101,0],"id":5424161442758657,"type":106}
@nix {"action":"result","fields":[100,0],"id":5424161442758657,"type":106}
@nix {"action":"stop","id":5424161442758696}
@nix {"action":"result","fields":[37,55,1,0],"id":5424161442758658,"type":105}
@nix {"action":"result","fields":[0,0,0,0],"id":5424161442758659,"type":105}
@nix {"action":"result","fields":[101,0],"id":5424161442758657,"type":106}
@nix {"action":"result","fields":[100,0],"id":5424161442758657,"type":106}
@nix {"action":"stop","id":5424161442758690}
@nix {"action":"start","fields":["/tmp/obrador-shared-pins-linux/round-1-baseline/wide-round-1-jobs-8/store/58ns4hnrj8y4qq2yqf8jni2hsvmdg40h-leaf-16.drv.drv","",1,1],"id":5424161442758698,"level":3,"parent":0,"text":"building '/tmp/obrador-shared-pins-linux/round-1-baseline/wide-round-1-jobs-8/store/58ns4hnrj8y4qq2yqf8jni2hsvmdg40h-leaf-16.drv.drv'","type":105}
@nix {"action":"result","fields":[37,48,2,0],"id":5424161442758658,"type":105}
@nix {"action":"result","fields":[0,0,0,0],"id":5424161442758659,"type":105}
@nix {"action":"result","fields":[101,0],"id":5424161442758657,"type":106}
@nix {"action":"result","fields":[100,0],"id":5424161442758657,"type":106}
@nix {"action":"start","fields":["/tmp/obrador-shared-pins-linux/round-1-baseline/wide-round-1-jobs-8/store/6rx98faffbrn6jgfwr7bvl1zp6q455p1-leaf-17.drv.drv","",1,1],"id":5424161442758699,"level":3,"parent":0,"text":"building '/tmp/obrador-shared-pins-linux/round-1-baseline/wide-round-1-jobs-8/store/6rx98faffbrn6jgfwr7bvl1zp6q455p1-leaf-17.drv.drv'","type":105}
@nix {"action":"result","fields":[37,48,3,0],"id":5424161442758658,"type":105}
@nix {"action":"result","fields":[0,0,0,0],"id":5424161442758659,"type":105}
@nix {"action":"result","fields":[101,0],"id":5424161442758657,"type":106}
@nix {"action":"result","fields":[100,0],"id":5424161442758657,"type":106}
@nix {"action":"start","fields":["/tmp/obrador-shared-pins-linux/round-1-baseline/wide-round-1-jobs-8/store/2p2lc41my43bqgqwkpmw9206vwxyggj3-leaf-18.drv.drv","",1,1],"id":5424161442758700,"level":3,"parent":0,"text":"building '/tmp/obrador-shared-pins-linux/round-1-baseline/wide-round-1-jobs-8/store/2p2lc41my43bqgqwkpmw9206vwxyggj3-leaf-18.drv.drv'","type":105}
@nix {"action":"result","fields":[37,48,4,0],"id":5424161442758658,"type":105}
@nix {"action":"result","fields":[0,0,0,0],"id":5424161442758659,"type":105}
@nix {"action":"result","fields":[101,0],"id":5424161442758657,"type":106}
@nix {"action":"result","fields":[100,0],"id":5424161442758657,"type":106}
@nix {"action":"start","fields":["/tmp/obrador-shared-pins-linux/round-1-baseline/wide-round-1-jobs-8/store/fbqxa14gfakm0zfk91kmpsznw56gzcz1-leaf-22.drv.drv","",1,1],"id":5424161442758701,"level":3,"parent":0,"text":"building '/tmp/obrador-shared-pins-linux/round-1-baseline/wide-round-1-jobs-8/store/fbqxa14gfakm0zfk91kmpsznw56gzcz1-leaf-22.drv.drv'","type":105}
@nix {"action":"result","fields":[37,48,5,0],"id":5424161442758658,"type":105}
@nix {"action":"result","fields":[0,0,0,0],"id":5424161442758659,"type":105}
@nix {"action":"result","fields":[101,0],"id":5424161442758657,"type":106}
@nix {"action":"result","fields":[100,0],"id":5424161442758657,"type":106}
@nix {"action":"start","fields":["/tmp/obrador-shared-pins-linux/round-1-baseline/wide-round-1-jobs-8/store/xn0c11k0y7x0hziszfizmp38ivkpgq6m-leaf-23.drv.drv","",1,1],"id":5424161442758702,"level":3,"parent":0,"text":"building '/tmp/obrador-shared-pins-linux/round-1-baseline/wide-round-1-jobs-8/store/xn0c11k0y7x0hziszfizmp38ivkpgq6m-leaf-23.drv.drv'","type":105}
@nix {"action":"result","fields":[37,48,6,0],"id":5424161442758658,"type":105}
@nix {"action":"result","fields":[0,0,0,0],"id":5424161442758659,"type":105}
@nix {"action":"result","fields":[101,0],"id":5424161442758657,"type":106}
@nix {"action":"result","fields":[100,0],"id":5424161442758657,"type":106}
@nix {"action":"start","fields":["/tmp/obrador-shared-pins-linux/round-1-baseline/wide-round-1-jobs-8/store/lfplqwvhb5rsh9v8l0f9aw68wiqlax5v-leaf-24.drv.drv","",1,1],"id":5424161442758703,"level":3,"parent":0,"text":"building '/tmp/obrador-shared-pins-linux/round-1-baseline/wide-round-1-jobs-8/store/lfplqwvhb5rsh9v8l0f9aw68wiqlax5v-leaf-24.drv.drv'","type":105}
@nix {"action":"result","fields":[37,48,7,0],"id":5424161442758658,"type":105}
@nix {"action":"result","fields":[0,0,0,0],"id":5424161442758659,"type":105}
@nix {"action":"result","fields":[101,0],"id":5424161442758657,"type":106}
@nix {"action":"result","fields":[100,0],"id":5424161442758657,"type":106}
@nix {"action":"start","fields":["/tmp/obrador-shared-pins-linux/round-1-baseline/wide-round-1-jobs-8/store/ms3dijmkwc33jzspg6pp7s1w86insyfd-leaf-25.drv.drv","",1,1],"id":5424161442758704,"level":3,"parent":0,"text":"building '/tmp/obrador-shared-pins-linux/round-1-baseline/wide-round-1-jobs-8/store/ms3dijmkwc33jzspg6pp7s1w86insyfd-leaf-25.drv.drv'","type":105}
@nix {"action":"result","fields":[37,48,8,0],"id":5424161442758658,"type":105}
@nix {"action":"result","fields":[0,0,0,0],"id":5424161442758659,"type":105}
@nix {"action":"result","fields":[101,0],"id":5424161442758657,"type":106}
@nix {"action":"result","fields":[100,0],"id":5424161442758657,"type":106}
@nix {"action":"result","fields":[37,49,8,0],"id":5424161442758658,"type":105}
@nix {"action":"result","fields":[0,0,0,0],"id":5424161442758659,"type":105}
@nix {"action":"result","fields":[101,0],"id":5424161442758657,"type":106}
@nix {"action":"result","fields":[100,0],"id":5424161442758657,"type":106}
@nix {"action":"result","fields":[37,50,8,0],"id":5424161442758658,"type":105}
@nix {"action":"result","fields":[0,0,0,0],"id":5424161442758659,"type":105}
@nix {"action":"result","fields":[101,0],"id":5424161442758657,"type":106}
@nix {"action":"result","fields":[100,0],"id":5424161442758657,"type":106}
@nix {"action":"result","fields":[37,51,8,0],"id":5424161442758658,"type":105}
@nix {"action":"result","fields":[0,0,0,0],"id":5424161442758659,"type":105}
@nix {"action":"result","fields":[101,0],"id":5424161442758657,"type":106}
@nix {"action":"result","fields":[100,0],"id":5424161442758657,"type":106}
@nix {"action":"result","fields":[37,52,8,0],"id":5424161442758658,"type":105}
@nix {"action":"result","fields":[0,0,0,0],"id":5424161442758659,"type":105}
@nix {"action":"result","fields":[101,0],"id":5424161442758657,"type":106}
@nix {"action":"result","fields":[100,0],"id":5424161442758657,"type":106}
@nix {"action":"result","fields":[37,53,8,0],"id":5424161442758658,"type":105}
@nix {"action":"result","fields":[0,0,0,0],"id":5424161442758659,"type":105}
@nix {"action":"result","fields":[101,0],"id":5424161442758657,"type":106}
@nix {"action":"result","fields":[100,0],"id":5424161442758657,"type":106}
@nix {"action":"result","fields":[38,54,7,0],"id":5424161442758658,"type":105}
@nix {"action":"result","fields":[0,0,0,0],"id":5424161442758659,"type":105}
@nix {"action":"result","fields":[101,0],"id":5424161442758657,"type":106}
@nix {"action":"result","fields":[100,0],"id":5424161442758657,"type":106}
@nix {"action":"stop","id":5424161442758698}
@nix {"action":"result","fields":[39,55,6,0],"id":5424161442758658,"type":105}
@nix {"action":"result","fields":[0,0,0,0],"id":5424161442758659,"type":105}
@nix {"action":"result","fields":[101,0],"id":5424161442758657,"type":106}
@nix {"action":"result","fields":[100,0],"id":5424161442758657,"type":106}
@nix {"action":"stop","id":5424161442758699}
@nix {"action":"result","fields":[40,56,5,0],"id":5424161442758658,"type":105}
@nix {"action":"result","fields":[0,0,0,0],"id":5424161442758659,"type":105}
@nix {"action":"result","fields":[101,0],"id":5424161442758657,"type":106}
@nix {"action":"result","fields":[100,0],"id":5424161442758657,"type":106}
@nix {"action":"stop","id":5424161442758700}
@nix {"action":"result","fields":[41,57,4,0],"id":5424161442758658,"type":105}
@nix {"action":"result","fields":[0,0,0,0],"id":5424161442758659,"type":105}
@nix {"action":"result","fields":[101,0],"id":5424161442758657,"type":106}
@nix {"action":"result","fields":[100,0],"id":5424161442758657,"type":106}
@nix {"action":"stop","id":5424161442758701}
@nix {"action":"result","fields":[42,58,3,0],"id":5424161442758658,"type":105}
@nix {"action":"result","fields":[0,0,0,0],"id":5424161442758659,"type":105}
@nix {"action":"result","fields":[101,0],"id":5424161442758657,"type":106}
@nix {"action":"result","fields":[100,0],"id":5424161442758657,"type":106}
@nix {"action":"stop","id":5424161442758702}
@nix {"action":"result","fields":[43,59,2,0],"id":5424161442758658,"type":105}
@nix {"action":"result","fields":[0,0,0,0],"id":5424161442758659,"type":105}
@nix {"action":"result","fields":[101,0],"id":5424161442758657,"type":106}
@nix {"action":"result","fields":[100,0],"id":5424161442758657,"type":106}
@nix {"action":"stop","id":5424161442758703}
@nix {"action":"result","fields":[44,60,1,0],"id":5424161442758658,"type":105}
@nix {"action":"result","fields":[0,0,0,0],"id":5424161442758659,"type":105}
@nix {"action":"result","fields":[101,0],"id":5424161442758657,"type":106}
@nix {"action":"result","fields":[100,0],"id":5424161442758657,"type":106}
@nix {"action":"stop","id":5424161442758704}
@nix {"action":"result","fields":[45,61,0,0],"id":5424161442758658,"type":105}
@nix {"action":"result","fields":[0,0,0,0],"id":5424161442758659,"type":105}
@nix {"action":"result","fields":[101,0],"id":5424161442758657,"type":106}
@nix {"action":"result","fields":[100,0],"id":5424161442758657,"type":106}
@nix {"action":"stop","id":5424161442758697}
@nix {"action":"start","fields":["/tmp/obrador-shared-pins-linux/round-1-baseline/wide-round-1-jobs-8/store/wklqqvpkx9x8k3sdy6yc3ax5lnnhbysk-leaf-19.drv","",1,1],"id":5424161442758705,"level":3,"parent":0,"text":"building '/tmp/obrador-shared-pins-linux/round-1-baseline/wide-round-1-jobs-8/store/wklqqvpkx9x8k3sdy6yc3ax5lnnhbysk-leaf-19.drv'","type":105}
@nix {"action":"result","fields":[45,53,1,0],"id":5424161442758658,"type":105}
@nix {"action":"result","fields":[0,0,0,0],"id":5424161442758659,"type":105}
@nix {"action":"result","fields":[101,0],"id":5424161442758657,"type":106}
@nix {"action":"result","fields":[100,0],"id":5424161442758657,"type":106}
@nix {"action":"start","fields":["/tmp/obrador-shared-pins-linux/round-1-baseline/wide-round-1-jobs-8/store/lsh01jh5ll2w2g0z25nh0wajqslk4f45-leaf-2.drv","",1,1],"id":5424161442758706,"level":3,"parent":0,"text":"building '/tmp/obrador-shared-pins-linux/round-1-baseline/wide-round-1-jobs-8/store/lsh01jh5ll2w2g0z25nh0wajqslk4f45-leaf-2.drv'","type":105}
@nix {"action":"result","fields":[45,53,2,0],"id":5424161442758658,"type":105}
@nix {"action":"result","fields":[0,0,0,0],"id":5424161442758659,"type":105}
@nix {"action":"result","fields":[101,0],"id":5424161442758657,"type":106}
@nix {"action":"result","fields":[100,0],"id":5424161442758657,"type":106}
@nix {"action":"start","fields":["/tmp/obrador-shared-pins-linux/round-1-baseline/wide-round-1-jobs-8/store/c11966kpv6cn734wgcp9wv58lfdr9bmr-leaf-20.drv","",1,1],"id":5424161442758707,"level":3,"parent":0,"text":"building '/tmp/obrador-shared-pins-linux/round-1-baseline/wide-round-1-jobs-8/store/c11966kpv6cn734wgcp9wv58lfdr9bmr-leaf-20.drv'","type":105}
@nix {"action":"result","fields":[45,53,3,0],"id":5424161442758658,"type":105}
@nix {"action":"result","fields":[0,0,0,0],"id":5424161442758659,"type":105}
@nix {"action":"result","fields":[101,0],"id":5424161442758657,"type":106}
@nix {"action":"result","fields":[100,0],"id":5424161442758657,"type":106}
@nix {"action":"start","fields":["/tmp/obrador-shared-pins-linux/round-1-baseline/wide-round-1-jobs-8/store/50kpf34dsjjizy04va6jgkdk0r332imj-leaf-26.drv","",1,1],"id":5424161442758708,"level":3,"parent":0,"text":"building '/tmp/obrador-shared-pins-linux/round-1-baseline/wide-round-1-jobs-8/store/50kpf34dsjjizy04va6jgkdk0r332imj-leaf-26.drv'","type":105}
@nix {"action":"result","fields":[45,53,4,0],"id":5424161442758658,"type":105}
@nix {"action":"result","fields":[0,0,0,0],"id":5424161442758659,"type":105}
@nix {"action":"result","fields":[101,0],"id":5424161442758657,"type":106}
@nix {"action":"result","fields":[100,0],"id":5424161442758657,"type":106}
@nix {"action":"start","fields":["/tmp/obrador-shared-pins-linux/round-1-baseline/wide-round-1-jobs-8/store/h41qxl99r262dxqgdmz9ngyb7mb3xwp7-leaf-27.drv","",1,1],"id":5424161442758709,"level":3,"parent":0,"text":"building '/tmp/obrador-shared-pins-linux/round-1-baseline/wide-round-1-jobs-8/store/h41qxl99r262dxqgdmz9ngyb7mb3xwp7-leaf-27.drv'","type":105}
@nix {"action":"result","fields":[45,53,5,0],"id":5424161442758658,"type":105}
@nix {"action":"result","fields":[0,0,0,0],"id":5424161442758659,"type":105}
@nix {"action":"result","fields":[101,0],"id":5424161442758657,"type":106}
@nix {"action":"result","fields":[100,0],"id":5424161442758657,"type":106}
@nix {"action":"start","fields":["/tmp/obrador-shared-pins-linux/round-1-baseline/wide-round-1-jobs-8/store/wy0v5drp62xhy9a92rngl5dg6p31wn5d-leaf-29.drv.drv","",1,1],"id":5424161442758710,"level":3,"parent":0,"text":"building '/tmp/obrador-shared-pins-linux/round-1-baseline/wide-round-1-jobs-8/store/wy0v5drp62xhy9a92rngl5dg6p31wn5d-leaf-29.drv.drv'","type":105}
@nix {"action":"result","fields":[45,53,6,0],"id":5424161442758658,"type":105}
@nix {"action":"result","fields":[0,0,0,0],"id":5424161442758659,"type":105}
@nix {"action":"result","fields":[101,0],"id":5424161442758657,"type":106}
@nix {"action":"result","fields":[100,0],"id":5424161442758657,"type":106}
@nix {"action":"start","fields":["/tmp/obrador-shared-pins-linux/round-1-baseline/wide-round-1-jobs-8/store/pbl06q0zkgf2mjgdd8kkwac5z2ny9rbs-leaf-3.drv.drv","",1,1],"id":5424161442758711,"level":3,"parent":0,"text":"building '/tmp/obrador-shared-pins-linux/round-1-baseline/wide-round-1-jobs-8/store/pbl06q0zkgf2mjgdd8kkwac5z2ny9rbs-leaf-3.drv.drv'","type":105}
@nix {"action":"result","fields":[45,53,7,0],"id":5424161442758658,"type":105}
@nix {"action":"result","fields":[0,0,0,0],"id":5424161442758659,"type":105}
@nix {"action":"result","fields":[101,0],"id":5424161442758657,"type":106}
@nix {"action":"result","fields":[100,0],"id":5424161442758657,"type":106}
@nix {"action":"start","fields":["/tmp/obrador-shared-pins-linux/round-1-baseline/wide-round-1-jobs-8/store/gq72gn2v8hyds65axlhqr920gi6dyqbm-leaf-30.drv.drv","",1,1],"id":5424161442758712,"level":3,"parent":0,"text":"building '/tmp/obrador-shared-pins-linux/round-1-baseline/wide-round-1-jobs-8/store/gq72gn2v8hyds65axlhqr920gi6dyqbm-leaf-30.drv.drv'","type":105}
@nix {"action":"result","fields":[45,53,8,0],"id":5424161442758658,"type":105}
@nix {"action":"result","fields":[0,0,0,0],"id":5424161442758659,"type":105}
@nix {"action":"result","fields":[101,0],"id":5424161442758657,"type":106}
@nix {"action":"result","fields":[100,0],"id":5424161442758657,"type":106}
@nix {"action":"result","fields":[45,54,8,0],"id":5424161442758658,"type":105}
@nix {"action":"result","fields":[0,0,0,0],"id":5424161442758659,"type":105}
@nix {"action":"result","fields":[101,0],"id":5424161442758657,"type":106}
@nix {"action":"result","fields":[100,0],"id":5424161442758657,"type":106}
@nix {"action":"result","fields":[45,55,8,0],"id":5424161442758658,"type":105}
@nix {"action":"result","fields":[0,0,0,0],"id":5424161442758659,"type":105}
@nix {"action":"result","fields":[101,0],"id":5424161442758657,"type":106}
@nix {"action":"result","fields":[100,0],"id":5424161442758657,"type":106}
@nix {"action":"result","fields":[45,56,8,0],"id":5424161442758658,"type":105}
@nix {"action":"result","fields":[0,0,0,0],"id":5424161442758659,"type":105}
@nix {"action":"result","fields":[101,0],"id":5424161442758657,"type":106}
@nix {"action":"result","fields":[100,0],"id":5424161442758657,"type":106}
@nix {"action":"result","fields":[45,57,8,0],"id":5424161442758658,"type":105}
@nix {"action":"result","fields":[0,0,0,0],"id":5424161442758659,"type":105}
@nix {"action":"result","fields":[101,0],"id":5424161442758657,"type":106}
@nix {"action":"result","fields":[100,0],"id":5424161442758657,"type":106}
@nix {"action":"result","fields":[45,58,8,0],"id":5424161442758658,"type":105}
@nix {"action":"result","fields":[0,0,0,0],"id":5424161442758659,"type":105}
@nix {"action":"result","fields":[101,0],"id":5424161442758657,"type":106}
@nix {"action":"result","fields":[100,0],"id":5424161442758657,"type":106}
@nix {"action":"result","fields":[45,59,8,0],"id":5424161442758658,"type":105}
@nix {"action":"result","fields":[0,0,0,0],"id":5424161442758659,"type":105}
@nix {"action":"result","fields":[101,0],"id":5424161442758657,"type":106}
@nix {"action":"result","fields":[100,0],"id":5424161442758657,"type":106}
@nix {"action":"result","fields":[45,60,8,0],"id":5424161442758658,"type":105}
@nix {"action":"result","fields":[0,0,0,0],"id":5424161442758659,"type":105}
@nix {"action":"result","fields":[101,0],"id":5424161442758657,"type":106}
@nix {"action":"result","fields":[100,0],"id":5424161442758657,"type":106}
@nix {"action":"result","fields":[45,61,8,0],"id":5424161442758658,"type":105}
@nix {"action":"result","fields":[0,0,0,0],"id":5424161442758659,"type":105}
@nix {"action":"result","fields":[101,0],"id":5424161442758657,"type":106}
@nix {"action":"result","fields":[100,0],"id":5424161442758657,"type":106}
@nix {"action":"result","fields":[46,62,7,0],"id":5424161442758658,"type":105}
@nix {"action":"result","fields":[0,0,0,0],"id":5424161442758659,"type":105}
@nix {"action":"result","fields":[101,0],"id":5424161442758657,"type":106}
@nix {"action":"result","fields":[100,0],"id":5424161442758657,"type":106}
@nix {"action":"stop","id":5424161442758705}
@nix {"action":"result","fields":[47,63,6,0],"id":5424161442758658,"type":105}
@nix {"action":"result","fields":[0,0,0,0],"id":5424161442758659,"type":105}
@nix {"action":"result","fields":[101,0],"id":5424161442758657,"type":106}
@nix {"action":"result","fields":[100,0],"id":5424161442758657,"type":106}
@nix {"action":"stop","id":5424161442758706}
@nix {"action":"result","fields":[48,64,5,0],"id":5424161442758658,"type":105}
@nix {"action":"result","fields":[0,0,0,0],"id":5424161442758659,"type":105}
@nix {"action":"result","fields":[101,0],"id":5424161442758657,"type":106}
@nix {"action":"result","fields":[100,0],"id":5424161442758657,"type":106}
@nix {"action":"stop","id":5424161442758707}
@nix {"action":"result","fields":[49,65,4,0],"id":5424161442758658,"type":105}
@nix {"action":"result","fields":[0,0,0,0],"id":5424161442758659,"type":105}
@nix {"action":"result","fields":[101,0],"id":5424161442758657,"type":106}
@nix {"action":"result","fields":[100,0],"id":5424161442758657,"type":106}
@nix {"action":"stop","id":5424161442758708}
@nix {"action":"result","fields":[50,66,3,0],"id":5424161442758658,"type":105}
@nix {"action":"result","fields":[0,0,0,0],"id":5424161442758659,"type":105}
@nix {"action":"result","fields":[101,0],"id":5424161442758657,"type":106}
@nix {"action":"result","fields":[100,0],"id":5424161442758657,"type":106}
@nix {"action":"stop","id":5424161442758709}
@nix {"action":"result","fields":[51,67,2,0],"id":5424161442758658,"type":105}
@nix {"action":"result","fields":[0,0,0,0],"id":5424161442758659,"type":105}
@nix {"action":"result","fields":[101,0],"id":5424161442758657,"type":106}
@nix {"action":"result","fields":[100,0],"id":5424161442758657,"type":106}
@nix {"action":"stop","id":5424161442758710}
@nix {"action":"result","fields":[52,68,1,0],"id":5424161442758658,"type":105}
@nix {"action":"result","fields":[0,0,0,0],"id":5424161442758659,"type":105}
@nix {"action":"result","fields":[101,0],"id":5424161442758657,"type":106}
@nix {"action":"result","fields":[100,0],"id":5424161442758657,"type":106}
@nix {"action":"stop","id":5424161442758711}
@nix {"action":"result","fields":[53,69,0,0],"id":5424161442758658,"type":105}
@nix {"action":"result","fields":[0,0,0,0],"id":5424161442758659,"type":105}
@nix {"action":"result","fields":[101,0],"id":5424161442758657,"type":106}
@nix {"action":"result","fields":[100,0],"id":5424161442758657,"type":106}
@nix {"action":"stop","id":5424161442758712}
@nix {"action":"start","fields":["/tmp/obrador-shared-pins-linux/round-1-baseline/wide-round-1-jobs-8/store/yybzvw2gymx1fm3wlh0wca1i4hk9sxdc-leaf-16.drv","",1,1],"id":5424161442758713,"level":3,"parent":0,"text":"building '/tmp/obrador-shared-pins-linux/round-1-baseline/wide-round-1-jobs-8/store/yybzvw2gymx1fm3wlh0wca1i4hk9sxdc-leaf-16.drv'","type":105}
@nix {"action":"result","fields":[53,61,1,0],"id":5424161442758658,"type":105}
@nix {"action":"result","fields":[0,0,0,0],"id":5424161442758659,"type":105}
@nix {"action":"result","fields":[101,0],"id":5424161442758657,"type":106}
@nix {"action":"result","fields":[100,0],"id":5424161442758657,"type":106}
@nix {"action":"start","fields":["/tmp/obrador-shared-pins-linux/round-1-baseline/wide-round-1-jobs-8/store/rck0m2pk54k2s0ryz8ffhj73iibij87x-leaf-17.drv","",1,1],"id":5424161442758714,"level":3,"parent":0,"text":"building '/tmp/obrador-shared-pins-linux/round-1-baseline/wide-round-1-jobs-8/store/rck0m2pk54k2s0ryz8ffhj73iibij87x-leaf-17.drv'","type":105}
@nix {"action":"result","fields":[53,61,2,0],"id":5424161442758658,"type":105}
@nix {"action":"result","fields":[0,0,0,0],"id":5424161442758659,"type":105}
@nix {"action":"result","fields":[101,0],"id":5424161442758657,"type":106}
@nix {"action":"result","fields":[100,0],"id":5424161442758657,"type":106}
@nix {"action":"start","fields":["/tmp/obrador-shared-pins-linux/round-1-baseline/wide-round-1-jobs-8/store/7rgvgngl8agvcw7r98wyhcaxr5m3lhiw-leaf-18.drv","",1,1],"id":5424161442758715,"level":3,"parent":0,"text":"building '/tmp/obrador-shared-pins-linux/round-1-baseline/wide-round-1-jobs-8/store/7rgvgngl8agvcw7r98wyhcaxr5m3lhiw-leaf-18.drv'","type":105}
@nix {"action":"result","fields":[53,61,3,0],"id":5424161442758658,"type":105}
@nix {"action":"result","fields":[0,0,0,0],"id":5424161442758659,"type":105}
@nix {"action":"result","fields":[101,0],"id":5424161442758657,"type":106}
@nix {"action":"result","fields":[100,0],"id":5424161442758657,"type":106}
@nix {"action":"start","fields":["/tmp/obrador-shared-pins-linux/round-1-baseline/wide-round-1-jobs-8/store/6018kwyvbqi43m1ma50hy9v3n5i1rvjx-leaf-22.drv","",1,1],"id":5424161442758716,"level":3,"parent":0,"text":"building '/tmp/obrador-shared-pins-linux/round-1-baseline/wide-round-1-jobs-8/store/6018kwyvbqi43m1ma50hy9v3n5i1rvjx-leaf-22.drv'","type":105}
@nix {"action":"result","fields":[53,61,4,0],"id":5424161442758658,"type":105}
@nix {"action":"result","fields":[0,0,0,0],"id":5424161442758659,"type":105}
@nix {"action":"result","fields":[101,0],"id":5424161442758657,"type":106}
@nix {"action":"result","fields":[100,0],"id":5424161442758657,"type":106}
@nix {"action":"start","fields":["/tmp/obrador-shared-pins-linux/round-1-baseline/wide-round-1-jobs-8/store/f7rjvasmy4kfhvjbcann28i2r0wli7i8-leaf-23.drv","",1,1],"id":5424161442758717,"level":3,"parent":0,"text":"building '/tmp/obrador-shared-pins-linux/round-1-baseline/wide-round-1-jobs-8/store/f7rjvasmy4kfhvjbcann28i2r0wli7i8-leaf-23.drv'","type":105}
@nix {"action":"result","fields":[53,61,5,0],"id":5424161442758658,"type":105}
@nix {"action":"result","fields":[0,0,0,0],"id":5424161442758659,"type":105}
@nix {"action":"result","fields":[101,0],"id":5424161442758657,"type":106}
@nix {"action":"result","fields":[100,0],"id":5424161442758657,"type":106}
@nix {"action":"start","fields":["/tmp/obrador-shared-pins-linux/round-1-baseline/wide-round-1-jobs-8/store/swawc0xrbqgjvwdjqqp4i4kvxfvkin54-leaf-24.drv","",1,1],"id":5424161442758718,"level":3,"parent":0,"text":"building '/tmp/obrador-shared-pins-linux/round-1-baseline/wide-round-1-jobs-8/store/swawc0xrbqgjvwdjqqp4i4kvxfvkin54-leaf-24.drv'","type":105}
@nix {"action":"result","fields":[53,61,6,0],"id":5424161442758658,"type":105}
@nix {"action":"result","fields":[0,0,0,0],"id":5424161442758659,"type":105}
@nix {"action":"result","fields":[101,0],"id":5424161442758657,"type":106}
@nix {"action":"result","fields":[100,0],"id":5424161442758657,"type":106}
@nix {"action":"start","fields":["/tmp/obrador-shared-pins-linux/round-1-baseline/wide-round-1-jobs-8/store/y0rxb88bjvlx14q8c7p2bmiqdgqhhwzp-leaf-25.drv","",1,1],"id":5424161442758719,"level":3,"parent":0,"text":"building '/tmp/obrador-shared-pins-linux/round-1-baseline/wide-round-1-jobs-8/store/y0rxb88bjvlx14q8c7p2bmiqdgqhhwzp-leaf-25.drv'","type":105}
@nix {"action":"result","fields":[53,61,7,0],"id":5424161442758658,"type":105}
@nix {"action":"result","fields":[0,0,0,0],"id":5424161442758659,"type":105}
@nix {"action":"result","fields":[101,0],"id":5424161442758657,"type":106}
@nix {"action":"result","fields":[100,0],"id":5424161442758657,"type":106}
@nix {"action":"start","fields":["/tmp/obrador-shared-pins-linux/round-1-baseline/wide-round-1-jobs-8/store/myx819j4vq0762ginpazngp818bawgky-leaf-28.drv","",1,1],"id":5424161442758720,"level":3,"parent":0,"text":"building '/tmp/obrador-shared-pins-linux/round-1-baseline/wide-round-1-jobs-8/store/myx819j4vq0762ginpazngp818bawgky-leaf-28.drv'","type":105}
@nix {"action":"result","fields":[53,61,8,0],"id":5424161442758658,"type":105}
@nix {"action":"result","fields":[0,0,0,0],"id":5424161442758659,"type":105}
@nix {"action":"result","fields":[101,0],"id":5424161442758657,"type":106}
@nix {"action":"result","fields":[100,0],"id":5424161442758657,"type":106}
@nix {"action":"result","fields":[53,62,8,0],"id":5424161442758658,"type":105}
@nix {"action":"result","fields":[0,0,0,0],"id":5424161442758659,"type":105}
@nix {"action":"result","fields":[101,0],"id":5424161442758657,"type":106}
@nix {"action":"result","fields":[100,0],"id":5424161442758657,"type":106}
@nix {"action":"result","fields":[53,63,8,0],"id":5424161442758658,"type":105}
@nix {"action":"result","fields":[0,0,0,0],"id":5424161442758659,"type":105}
@nix {"action":"result","fields":[101,0],"id":5424161442758657,"type":106}
@nix {"action":"result","fields":[100,0],"id":5424161442758657,"type":106}
@nix {"action":"result","fields":[53,64,8,0],"id":5424161442758658,"type":105}
@nix {"action":"result","fields":[0,0,0,0],"id":5424161442758659,"type":105}
@nix {"action":"result","fields":[101,0],"id":5424161442758657,"type":106}
@nix {"action":"result","fields":[100,0],"id":5424161442758657,"type":106}
@nix {"action":"result","fields":[54,65,7,0],"id":5424161442758658,"type":105}
@nix {"action":"result","fields":[0,0,0,0],"id":5424161442758659,"type":105}
@nix {"action":"result","fields":[101,0],"id":5424161442758657,"type":106}
@nix {"action":"result","fields":[100,0],"id":5424161442758657,"type":106}
@nix {"action":"stop","id":5424161442758713}
@nix {"action":"result","fields":[55,66,6,0],"id":5424161442758658,"type":105}
@nix {"action":"result","fields":[0,0,0,0],"id":5424161442758659,"type":105}
@nix {"action":"result","fields":[101,0],"id":5424161442758657,"type":106}
@nix {"action":"result","fields":[100,0],"id":5424161442758657,"type":106}
@nix {"action":"stop","id":5424161442758714}
@nix {"action":"result","fields":[56,67,5,0],"id":5424161442758658,"type":105}
@nix {"action":"result","fields":[0,0,0,0],"id":5424161442758659,"type":105}
@nix {"action":"result","fields":[101,0],"id":5424161442758657,"type":106}
@nix {"action":"result","fields":[100,0],"id":5424161442758657,"type":106}
@nix {"action":"stop","id":5424161442758715}
@nix {"action":"result","fields":[57,68,4,0],"id":5424161442758658,"type":105}
@nix {"action":"result","fields":[0,0,0,0],"id":5424161442758659,"type":105}
@nix {"action":"result","fields":[101,0],"id":5424161442758657,"type":106}
@nix {"action":"result","fields":[100,0],"id":5424161442758657,"type":106}
@nix {"action":"stop","id":5424161442758716}
@nix {"action":"result","fields":[58,69,3,0],"id":5424161442758658,"type":105}
@nix {"action":"result","fields":[0,0,0,0],"id":5424161442758659,"type":105}
@nix {"action":"result","fields":[101,0],"id":5424161442758657,"type":106}
@nix {"action":"result","fields":[100,0],"id":5424161442758657,"type":106}
@nix {"action":"stop","id":5424161442758717}
@nix {"action":"result","fields":[59,70,2,0],"id":5424161442758658,"type":105}
@nix {"action":"result","fields":[0,0,0,0],"id":5424161442758659,"type":105}
@nix {"action":"result","fields":[101,0],"id":5424161442758657,"type":106}
@nix {"action":"result","fields":[100,0],"id":5424161442758657,"type":106}
@nix {"action":"stop","id":5424161442758718}
@nix {"action":"result","fields":[60,71,1,0],"id":5424161442758658,"type":105}
@nix {"action":"result","fields":[0,0,0,0],"id":5424161442758659,"type":105}
@nix {"action":"result","fields":[101,0],"id":5424161442758657,"type":106}
@nix {"action":"result","fields":[100,0],"id":5424161442758657,"type":106}
@nix {"action":"stop","id":5424161442758719}
@nix {"action":"result","fields":[61,72,0,0],"id":5424161442758658,"type":105}
@nix {"action":"result","fields":[0,0,0,0],"id":5424161442758659,"type":105}
@nix {"action":"result","fields":[101,0],"id":5424161442758657,"type":106}
@nix {"action":"result","fields":[100,0],"id":5424161442758657,"type":106}
@nix {"action":"stop","id":5424161442758720}
@nix {"action":"start","fields":["/tmp/obrador-shared-pins-linux/round-1-baseline/wide-round-1-jobs-8/store/ivkf9crm5l356f08zzck81lq1jzfzp7z-leaf-29.drv","",1,1],"id":5424161442758721,"level":3,"parent":0,"text":"building '/tmp/obrador-shared-pins-linux/round-1-baseline/wide-round-1-jobs-8/store/ivkf9crm5l356f08zzck81lq1jzfzp7z-leaf-29.drv'","type":105}
@nix {"action":"result","fields":[61,64,1,0],"id":5424161442758658,"type":105}
@nix {"action":"result","fields":[0,0,0,0],"id":5424161442758659,"type":105}
@nix {"action":"result","fields":[101,0],"id":5424161442758657,"type":106}
@nix {"action":"result","fields":[100,0],"id":5424161442758657,"type":106}
@nix {"action":"start","fields":["/tmp/obrador-shared-pins-linux/round-1-baseline/wide-round-1-jobs-8/store/ngv7zkd577jfc27sbf0542gzclc0pwg2-leaf-3.drv","",1,1],"id":5424161442758722,"level":3,"parent":0,"text":"building '/tmp/obrador-shared-pins-linux/round-1-baseline/wide-round-1-jobs-8/store/ngv7zkd577jfc27sbf0542gzclc0pwg2-leaf-3.drv'","type":105}
@nix {"action":"result","fields":[61,64,2,0],"id":5424161442758658,"type":105}
@nix {"action":"result","fields":[0,0,0,0],"id":5424161442758659,"type":105}
@nix {"action":"result","fields":[101,0],"id":5424161442758657,"type":106}
@nix {"action":"result","fields":[100,0],"id":5424161442758657,"type":106}
@nix {"action":"start","fields":["/tmp/obrador-shared-pins-linux/round-1-baseline/wide-round-1-jobs-8/store/k6dvmhca769ap9s0ax5rwfl972zhqx7z-leaf-30.drv","",1,1],"id":5424161442758723,"level":3,"parent":0,"text":"building '/tmp/obrador-shared-pins-linux/round-1-baseline/wide-round-1-jobs-8/store/k6dvmhca769ap9s0ax5rwfl972zhqx7z-leaf-30.drv'","type":105}
@nix {"action":"result","fields":[61,64,3,0],"id":5424161442758658,"type":105}
@nix {"action":"result","fields":[0,0,0,0],"id":5424161442758659,"type":105}
@nix {"action":"result","fields":[101,0],"id":5424161442758657,"type":106}
@nix {"action":"result","fields":[100,0],"id":5424161442758657,"type":106}
@nix {"action":"result","fields":[62,65,2,0],"id":5424161442758658,"type":105}
@nix {"action":"result","fields":[0,0,0,0],"id":5424161442758659,"type":105}
@nix {"action":"result","fields":[101,0],"id":5424161442758657,"type":106}
@nix {"action":"result","fields":[100,0],"id":5424161442758657,"type":106}
@nix {"action":"stop","id":5424161442758721}
@nix {"action":"result","fields":[63,66,1,0],"id":5424161442758658,"type":105}
@nix {"action":"result","fields":[0,0,0,0],"id":5424161442758659,"type":105}
@nix {"action":"result","fields":[101,0],"id":5424161442758657,"type":106}
@nix {"action":"result","fields":[100,0],"id":5424161442758657,"type":106}
@nix {"action":"stop","id":5424161442758722}
@nix {"action":"result","fields":[64,65,0,0],"id":5424161442758658,"type":105}
@nix {"action":"result","fields":[0,0,0,0],"id":5424161442758659,"type":105}
@nix {"action":"result","fields":[101,0],"id":5424161442758657,"type":106}
@nix {"action":"result","fields":[100,0],"id":5424161442758657,"type":106}
@nix {"action":"stop","id":5424161442758723}
@nix {"action":"stop","id":5424161442758659}
@nix {"action":"stop","id":5424161442758658}
@nix {"action":"stop","id":5424161442758657}
