@nix {"action":"start","id":5470766132887552,"level":6,"parent":0,"text":"querying info about missing paths","type":0}
@nix {"action":"msg","level":1,"msg":"\u001b[35;1mwarning:\u001b[0m Ignoring dynamic derivation /tmp/obrador-shared-pins-linux/round-3-baseline/wide-round-1-jobs-8/store/01bvnvaplx3mpzjnx2qrb6v238fp4riz-leaf-8.drv.drv^out while querying missing paths; not yet implemented"}
@nix {"action":"msg","level":1,"msg":"\u001b[35;1mwarning:\u001b[0m Ignoring dynamic derivation /tmp/obrador-shared-pins-linux/round-3-baseline/wide-round-1-jobs-8/store/0khmzfavsi49kxdmgg3fp49fa8a3zp4c-leaf-29.drv.drv^out while querying missing paths; not yet implemented"}
@nix {"action":"msg","level":1,"msg":"\u001b[35;1mwarning:\u001b[0m Ignoring dynamic derivation /tmp/obrador-shared-pins-linux/round-3-baseline/wide-round-1-jobs-8/store/39qh5qas5c2pqqxl8bb3gh5m30rkhxl2-leaf-26.drv.drv^out while querying missing paths; not yet implemented"}
@nix {"action":"msg","level":1,"msg":"\u001b[35;1mwarning:\u001b[0m Ignoring dynamic derivation /tmp/obrador-shared-pins-linux/round-3-baseline/wide-round-1-jobs-8/store/3v4i3p8acz7icidb1hazbc1ikvk6cy1r-leaf-14.drv.drv^out while querying missing paths; not yet implemented"}
@nix {"action":"msg","level":1,"msg":"\u001b[35;1mwarning:\u001b[0m Ignoring dynamic derivation /tmp/obrador-shared-pins-linux/round-3-baseline/wide-round-1-jobs-8/store/6p8m8s4gpqvicycjd4z971rb2r5bp40z-leaf-27.drv.drv^out while querying missing paths; not yet implemented"}
@nix {"action":"msg","level":1,"msg":"\u001b[35;1mwarning:\u001b[0m Ignoring dynamic derivation /tmp/obrador-shared-pins-linux/round-3-baseline/wide-round-1-jobs-8/store/88g50r83php9ylaw5bxqkypbb6phrkn9-leaf-12.drv.drv^out while querying missing paths; not yet implemented"}
@nix {"action":"msg","level":1,"msg":"\u001b[35;1mwarning:\u001b[0m Ignoring dynamic derivation /tmp/obrador-shared-pins-linux/round-3-baseline/wide-round-1-jobs-8/store/8rvzslkiii47rj6gkflx3c79v04fqgpw-leaf-5.drv.drv^out while querying missing paths; not yet implemented"}
@nix {"action":"msg","level":1,"msg":"\u001b[35;1mwarning:\u001b[0m Ignoring dynamic derivation /tmp/obrador-shared-pins-linux/round-3-baseline/wide-round-1-jobs-8/store/9mwzbri3pc2a2z9lm0xi45c0nmqkgrid-leaf-19.drv.drv^out while querying missing paths; not yet implemented"}
@nix {"action":"msg","level":1,"msg":"\u001b[35;1mwarning:\u001b[0m Ignoring dynamic derivation /tmp/obrador-shared-pins-linux/round-3-baseline/wide-round-1-jobs-8/store/9xckh00zq5zs8s8axyzaq4qg7bprhyfa-leaf-2.drv.drv^out while querying missing paths; not yet implemented"}
@nix {"action":"msg","level":1,"msg":"\u001b[35;1mwarning:\u001b[0m Ignoring dynamic derivation /tmp/obrador-shared-pins-linux/round-3-baseline/wide-round-1-jobs-8/store/a9is1ivdnnjfwi93vvli38h06xdml83b-leaf-10.drv.drv^out while querying missing paths; not yet implemented"}
@nix {"action":"msg","level":1,"msg":"\u001b[35;1mwarning:\u001b[0m Ignoring dynamic derivation /tmp/obrador-shared-pins-linux/round-3-baseline/wide-round-1-jobs-8/store/avv67sabqfkfvlv3dwrynqpv4r6vf86s-leaf-11.drv.drv^out while querying missing paths; not yet implemented"}
@nix {"action":"msg","level":1,"msg":"\u001b[35;1mwarning:\u001b[0m Ignoring dynamic derivation /tmp/obrador-shared-pins-linux/round-3-baseline/wide-round-1-jobs-8/store/cc345f20k89qs6bjvzj5hh5w7wnmfwng-leaf-22.drv.drv^out while querying missing paths; not yet implemented"}
@nix {"action":"msg","level":1,"msg":"\u001b[35;1mwarning:\u001b[0m Ignoring dynamic derivation /tmp/obrador-shared-pins-linux/round-3-baseline/wide-round-1-jobs-8/store/cfa6kkn1ffxqgf6yp6w48p33k5lbyzz5-leaf-23.drv.drv^out while querying missing paths; not yet implemented"}
@nix {"action":"msg","level":1,"msg":"\u001b[35;1mwarning:\u001b[0m Ignoring dynamic derivation /tmp/obrador-shared-pins-linux/round-3-baseline/wide-round-1-jobs-8/store/ci6w3zp929byhana2izyhh0r8d3w97mx-leaf-13.drv.drv^out while querying missing paths; not yet implemented"}
@nix {"action":"msg","level":1,"msg":"\u001b[35;1mwarning:\u001b[0m Ignoring dynamic derivation /tmp/obrador-shared-pins-linux/round-3-baseline/wide-round-1-jobs-8/store/cl6iyd35lzk1nmgma271qwbcv7kd1g1y-leaf-0.drv.drv^out while querying missing paths; not yet implemented"}
@nix {"action":"msg","level":1,"msg":"\u001b[35;1mwarning:\u001b[0m Ignoring dynamic derivation /tmp/obrador-shared-pins-linux/round-3-baseline/wide-round-1-jobs-8/store/dfnqamhczcqcj1xvcx0bl8lkyfwdjcwz-leaf-18.drv.drv^out while querying missing paths; not yet implemented"}
@nix {"action":"msg","level":1,"msg":"\u001b[35;1mwarning:\u001b[0m Ignoring dynamic derivation /tmp/obrador-shared-pins-linux/round-3-baseline/wide-round-1-jobs-8/store/fp9rk2nr585gscc7c8pqd34anlz6w249-leaf-25.drv.drv^out while querying missing paths; not yet implemented"}
@nix {"action":"msg","level":1,"msg":"\u001b[35;1mwarning:\u001b[0m Ignoring dynamic derivation /tmp/obrador-shared-pins-linux/round-3-baseline/wide-round-1-jobs-8/store/h3pxsg378jmk8yn2vjvjravizwy05lad-leaf-4.drv.drv^out while querying missing paths; not yet implemented"}
@nix {"action":"msg","level":1,"msg":"\u001b[35;1mwarning:\u001b[0m Ignoring dynamic derivation /tmp/obrador-shared-pins-linux/round-3-baseline/wide-round-1-jobs-8/store/h4mb1pzgmn0sw3rpd7d35m3lwnpv3gl6-leaf-28.drv.drv^out while querying missing paths; not yet implemented"}
@nix {"action":"msg","level":1,"msg":"\u001b[35;1mwarning:\u001b[0m Ignoring dynamic derivation /tmp/obrador-shared-pins-linux/round-3-baseline/wide-round-1-jobs-8/store/krj75as88p56r0ajghg121j2p5rbdm2i-leaf-31.drv.drv^out while querying missing paths; not yet implemented"}
@nix {"action":"msg","level":1,"msg":"\u001b[35;1mwarning:\u001b[0m Ignoring dynamic derivation /tmp/obrador-shared-pins-linux/round-3-baseline/wide-round-1-jobs-8/store/l013y93jvwbw3jhf0hr5j0v38h7bynf9-leaf-24.drv.drv^out while querying missing paths; not yet implemented"}
@nix {"action":"msg","level":1,"msg":"\u001b[35;1mwarning:\u001b[0m Ignoring dynamic derivation /tmp/obrador-shared-pins-linux/round-3-baseline/wide-round-1-jobs-8/store/lwsrdq0z5h8gzj3yy6x8hl23lmsap888-leaf-20.drv.drv^out while querying missing paths; not yet implemented"}
@nix {"action":"msg","level":1,"msg":"\u001b[35;1mwarning:\u001b[0m Ignoring dynamic derivation /tmp/obrador-shared-pins-linux/round-3-baseline/wide-round-1-jobs-8/store/mzqxzm45xvigfjca8lsjmmf5d8z8c3nh-leaf-7.drv.drv^out while querying missing paths; not yet implemented"}
@nix {"action":"msg","level":1,"msg":"\u001b[35;1mwarning:\u001b[0m Ignoring dynamic derivation /tmp/obrador-shared-pins-linux/round-3-baseline/wide-round-1-jobs-8/store/n9q6hm1fq4gbs4paqvf75yisqqca4r54-leaf-1.drv.drv^out while querying missing paths; not yet implemented"}
@nix {"action":"msg","level":1,"msg":"\u001b[35;1mwarning:\u001b[0m Ignoring dynamic derivation /tmp/obrador-shared-pins-linux/round-3-baseline/wide-round-1-jobs-8/store/nv40m71gz5lglkak2ys62c5w0v1vpm28-leaf-3.drv.drv^out while querying missing paths; not yet implemented"}
@nix {"action":"msg","level":1,"msg":"\u001b[35;1mwarning:\u001b[0m Ignoring dynamic derivation /tmp/obrador-shared-pins-linux/round-3-baseline/wide-round-1-jobs-8/store/pi03k5vayg4afcdbiafbd1xgj5xq156f-leaf-16.drv.drv^out while querying missing paths; not yet implemented"}
@nix {"action":"msg","level":1,"msg":"\u001b[35;1mwarning:\u001b[0m Ignoring dynamic derivation /tmp/obrador-shared-pins-linux/round-3-baseline/wide-round-1-jobs-8/store/pxgs2gijrpvbhkdraz9b0jccilm8i4fg-leaf-30.drv.drv^out while querying missing paths; not yet implemented"}
@nix {"action":"msg","level":1,"msg":"\u001b[35;1mwarning:\u001b[0m Ignoring dynamic derivation /tmp/obrador-shared-pins-linux/round-3-baseline/wide-round-1-jobs-8/store/r4q1dxk7djwc2mdbj4lxhlcvajlbxhlb-leaf-15.drv.drv^out while querying missing paths; not yet implemented"}
@nix {"action":"msg","level":1,"msg":"\u001b[35;1mwarning:\u001b[0m Ignoring dynamic derivation /tmp/obrador-shared-pins-linux/round-3-baseline/wide-round-1-jobs-8/store/ygrgrbyd638f38384bbgg1j60f2a61ma-leaf-9.drv.drv^out while querying missing paths; not yet implemented"}
@nix {"action":"msg","level":1,"msg":"\u001b[35;1mwarning:\u001b[0m Ignoring dynamic derivation /tmp/obrador-shared-pins-linux/round-3-baseline/wide-round-1-jobs-8/store/zqkdbcs6j62qr59iyiajcnza423ijz2f-leaf-6.drv.drv^out while querying missing paths; not yet implemented"}
@nix {"action":"msg","level":1,"msg":"\u001b[35;1mwarning:\u001b[0m Ignoring dynamic derivation /tmp/obrador-shared-pins-linux/round-3-baseline/wide-round-1-jobs-8/store/zr84hx90qjrknjwyqhwh9gfrdvakdlrd-leaf-17.drv.drv^out while querying missing paths; not yet implemented"}
@nix {"action":"msg","level":1,"msg":"\u001b[35;1mwarning:\u001b[0m Ignoring dynamic derivation /tmp/obrador-shared-pins-linux/round-3-baseline/wide-round-1-jobs-8/store/zxb0izl609ix8q0j6np2ypxz9img6khr-leaf-21.drv.drv^out while querying missing paths; not yet implemented"}
@nix {"action":"stop","id":5470766132887552}
@nix {"action":"start","id":5470766132887553,"level":0,"parent":0,"text":"","type":102}
@nix {"action":"start","id":5470766132887554,"level":0,"parent":0,"text":"","type":104}
@nix {"action":"start","id":5470766132887555,"level":0,"parent":0,"text":"","type":103}
@nix {"action":"result","fields":[0,0,0,0],"id":5470766132887554,"type":105}
@nix {"action":"result","fields":[0,0,0,0],"id":5470766132887555,"type":105}
@nix {"action":"result","fields":[101,0],"id":5470766132887553,"type":106}
@nix {"action":"result","fields":[100,0],"id":5470766132887553,"type":106}
@nix {"action":"result","fields":[0,0,0,0],"id":5470766132887554,"type":105}
@nix {"action":"result","fields":[0,0,0,0],"id":5470766132887555,"type":105}
@nix {"action":"result","fields":[101,0],"id":5470766132887553,"type":106}
@nix {"action":"result","fields":[100,0],"id":5470766132887553,"type":106}
@nix {"action":"result","fields":[0,0,0,0],"id":5470766132887554,"type":105}
@nix {"action":"result","fields":[0,0,0,0],"id":5470766132887555,"type":105}
@nix {"action":"result","fields":[101,0],"id":5470766132887553,"type":106}
@nix {"action":"result","fields":[100,0],"id":5470766132887553,"type":106}
@nix {"action":"result","fields":[0,0,0,0],"id":5470766132887554,"type":105}
@nix {"action":"result","fields":[0,0,0,0],"id":5470766132887555,"type":105}
@nix {"action":"result","fields":[101,0],"id":5470766132887553,"type":106}
@nix {"action":"result","fields":[100,0],"id":5470766132887553,"type":106}
@nix {"action":"result","fields":[0,0,0,0],"id":5470766132887554,"type":105}
@nix {"action":"result","fields":[0,0,0,0],"id":5470766132887555,"type":105}
@nix {"action":"result","fields":[101,0],"id":5470766132887553,"type":106}
@nix {"action":"result","fields":[100,0],"id":5470766132887553,"type":106}
@nix {"action":"result","fields":[0,0,0,0],"id":5470766132887554,"type":105}
@nix {"action":"result","fields":[0,0,0,0],"id":5470766132887555,"type":105}
@nix {"action":"result","fields":[101,0],"id":5470766132887553,"type":106}
@nix {"action":"result","fields":[100,0],"id":5470766132887553,"type":106}
@nix {"action":"result","fields":[0,0,0,0],"id":5470766132887554,"type":105}
@nix {"action":"result","fields":[0,0,0,0],"id":5470766132887555,"type":105}
@nix {"action":"result","fields":[101,0],"id":5470766132887553,"type":106}
@nix {"action":"result","fields":[100,0],"id":5470766132887553,"type":106}
@nix {"action":"result","fields":[0,0,0,0],"id":5470766132887554,"type":105}
@nix {"action":"result","fields":[0,0,0,0],"id":5470766132887555,"type":105}
@nix {"action":"result","fields":[101,0],"id":5470766132887553,"type":106}
@nix {"action":"result","fields":[100,0],"id":5470766132887553,"type":106}
@nix {"action":"result","fields":[0,0,0,0],"id":5470766132887554,"type":105}
@nix {"action":"result","fields":[0,0,0,0],"id":5470766132887555,"type":105}
@nix {"action":"result","fields":[101,0],"id":5470766132887553,"type":106}
@nix {"action":"result","fields":[100,0],"id":5470766132887553,"type":106}
@nix {"action":"result","fields":[0,0,0,0],"id":5470766132887554,"type":105}
@nix {"action":"result","fields":[0,0,0,0],"id":5470766132887555,"type":105}
@nix {"action":"result","fields":[101,0],"id":5470766132887553,"type":106}
@nix {"action":"result","fields":[100,0],"id":5470766132887553,"type":106}
@nix {"action":"result","fields":[0,0,0,0],"id":5470766132887554,"type":105}
@nix {"action":"result","fields":[0,0,0,0],"id":5470766132887555,"type":105}
@nix {"action":"result","fields":[101,0],"id":5470766132887553,"type":106}
@nix {"action":"result","fields":[100,0],"id":5470766132887553,"type":106}
@nix {"action":"result","fields":[0,0,0,0],"id":5470766132887554,"type":105}
@nix {"action":"result","fields":[0,0,0,0],"id":5470766132887555,"type":105}
@nix {"action":"result","fields":[101,0],"id":5470766132887553,"type":106}
@nix {"action":"result","fields":[100,0],"id":5470766132887553,"type":106}
@nix {"action":"result","fields":[0,0,0,0],"id":5470766132887554,"type":105}
@nix {"action":"result","fields":[0,0,0,0],"id":5470766132887555,"type":105}
@nix {"action":"result","fields":[101,0],"id":5470766132887553,"type":106}
@nix {"action":"result","fields":[100,0],"id":5470766132887553,"type":106}
@nix {"action":"result","fields":[0,0,0,0],"id":5470766132887554,"type":105}
@nix {"action":"result","fields":[0,0,0,0],"id":5470766132887555,"type":105}
@nix {"action":"result","fields":[101,0],"id":5470766132887553,"type":106}
@nix {"action":"result","fields":[100,0],"id":5470766132887553,"type":106}
@nix {"action":"result","fields":[0,0,0,0],"id":5470766132887554,"type":105}
@nix {"action":"result","fields":[0,0,0,0],"id":5470766132887555,"type":105}
@nix {"action":"result","fields":[101,0],"id":5470766132887553,"type":106}
@nix {"action":"result","fields":[100,0],"id":5470766132887553,"type":106}
@nix {"action":"result","fields":[0,0,0,0],"id":5470766132887554,"type":105}
@nix {"action":"result","fields":[0,0,0,0],"id":5470766132887555,"type":105}
@nix {"action":"result","fields":[101,0],"id":5470766132887553,"type":106}
@nix {"action":"result","fields":[100,0],"id":5470766132887553,"type":106}
@nix {"action":"result","fields":[0,0,0,0],"id":5470766132887554,"type":105}
@nix {"action":"result","fields":[0,0,0,0],"id":5470766132887555,"type":105}
@nix {"action":"result","fields":[101,0],"id":5470766132887553,"type":106}
@nix {"action":"result","fields":[100,0],"id":5470766132887553,"type":106}
@nix {"action":"result","fields":[0,0,0,0],"id":5470766132887554,"type":105}
@nix {"action":"result","fields":[0,0,0,0],"id":5470766132887555,"type":105}
@nix {"action":"result","fields":[101,0],"id":5470766132887553,"type":106}
@nix {"action":"result","fields":[100,0],"id":5470766132887553,"type":106}
@nix {"action":"result","fields":[0,0,0,0],"id":5470766132887554,"type":105}
@nix {"action":"result","fields":[0,0,0,0],"id":5470766132887555,"type":105}
@nix {"action":"result","fields":[101,0],"id":5470766132887553,"type":106}
@nix {"action":"result","fields":[100,0],"id":5470766132887553,"type":106}
@nix {"action":"result","fields":[0,0,0,0],"id":5470766132887554,"type":105}
@nix {"action":"result","fields":[0,0,0,0],"id":5470766132887555,"type":105}
@nix {"action":"result","fields":[101,0],"id":5470766132887553,"type":106}
@nix {"action":"result","fields":[100,0],"id":5470766132887553,"type":106}
@nix {"action":"result","fields":[0,0,0,0],"id":5470766132887554,"type":105}
@nix {"action":"result","fields":[0,0,0,0],"id":5470766132887555,"type":105}
@nix {"action":"result","fields":[101,0],"id":5470766132887553,"type":106}
@nix {"action":"result","fields":[100,0],"id":5470766132887553,"type":106}
@nix {"action":"result","fields":[0,0,0,0],"id":5470766132887554,"type":105}
@nix {"action":"result","fields":[0,0,0,0],"id":5470766132887555,"type":105}
@nix {"action":"result","fields":[101,0],"id":5470766132887553,"type":106}
@nix {"action":"result","fields":[100,0],"id":5470766132887553,"type":106}
@nix {"action":"result","fields":[0,0,0,0],"id":5470766132887554,"type":105}
@nix {"action":"result","fields":[0,0,0,0],"id":5470766132887555,"type":105}
@nix {"action":"result","fields":[101,0],"id":5470766132887553,"type":106}
@nix {"action":"result","fields":[100,0],"id":5470766132887553,"type":106}
@nix {"action":"result","fields":[0,0,0,0],"id":5470766132887554,"type":105}
@nix {"action":"result","fields":[0,0,0,0],"id":5470766132887555,"type":105}
@nix {"action":"result","fields":[101,0],"id":5470766132887553,"type":106}
@nix {"action":"result","fields":[100,0],"id":5470766132887553,"type":106}
@nix {"action":"result","fields":[0,0,0,0],"id":5470766132887554,"type":105}
@nix {"action":"result","fields":[0,0,0,0],"id":5470766132887555,"type":105}
@nix {"action":"result","fields":[101,0],"id":5470766132887553,"type":106}
@nix {"action":"result","fields":[100,0],"id":5470766132887553,"type":106}
@nix {"action":"result","fields":[0,0,0,0],"id":5470766132887554,"type":105}
@nix {"action":"result","fields":[0,0,0,0],"id":5470766132887555,"type":105}
@nix {"action":"result","fields":[101,0],"id":5470766132887553,"type":106}
@nix {"action":"result","fields":[100,0],"id":5470766132887553,"type":106}
@nix {"action":"result","fields":[0,0,0,0],"id":5470766132887554,"type":105}
@nix {"action":"result","fields":[0,0,0,0],"id":5470766132887555,"type":105}
@nix {"action":"result","fields":[101,0],"id":5470766132887553,"type":106}
@nix {"action":"result","fields":[100,0],"id":5470766132887553,"type":106}
@nix {"action":"result","fields":[0,0,0,0],"id":5470766132887554,"type":105}
@nix {"action":"result","fields":[0,0,0,0],"id":5470766132887555,"type":105}
@nix {"action":"result","fields":[101,0],"id":5470766132887553,"type":106}
@nix {"action":"result","fields":[100,0],"id":5470766132887553,"type":106}
@nix {"action":"result","fields":[0,0,0,0],"id":5470766132887554,"type":105}
@nix {"action":"result","fields":[0,0,0,0],"id":5470766132887555,"type":105}
@nix {"action":"result","fields":[101,0],"id":5470766132887553,"type":106}
@nix {"action":"result","fields":[100,0],"id":5470766132887553,"type":106}
@nix {"action":"result","fields":[0,0,0,0],"id":5470766132887554,"type":105}
@nix {"action":"result","fields":[0,0,0,0],"id":5470766132887555,"type":105}
@nix {"action":"result","fields":[101,0],"id":5470766132887553,"type":106}
@nix {"action":"result","fields":[100,0],"id":5470766132887553,"type":106}
@nix {"action":"result","fields":[0,0,0,0],"id":5470766132887554,"type":105}
@nix {"action":"result","fields":[0,0,0,0],"id":5470766132887555,"type":105}
@nix {"action":"result","fields":[101,0],"id":5470766132887553,"type":106}
@nix {"action":"result","fields":[100,0],"id":5470766132887553,"type":106}
@nix {"action":"result","fields":[0,0,0,0],"id":5470766132887554,"type":105}
@nix {"action":"result","fields":[0,0,0,0],"id":5470766132887555,"type":105}
@nix {"action":"result","fields":[101,0],"id":5470766132887553,"type":106}
@nix {"action":"result","fields":[100,0],"id":5470766132887553,"type":106}
@nix {"action":"result","fields":[0,0,0,0],"id":5470766132887554,"type":105}
@nix {"action":"result","fields":[0,0,0,0],"id":5470766132887555,"type":105}
@nix {"action":"result","fields":[101,0],"id":5470766132887553,"type":106}
@nix {"action":"result","fields":[100,0],"id":5470766132887553,"type":106}
@nix {"action":"result","fields":[0,0,0,0],"id":5470766132887554,"type":105}
@nix {"action":"result","fields":[0,0,0,0],"id":5470766132887555,"type":105}
@nix {"action":"result","fields":[101,0],"id":5470766132887553,"type":106}
@nix {"action":"result","fields":[100,0],"id":5470766132887553,"type":106}
@nix {"action":"result","fields":[0,0,0,0],"id":5470766132887554,"type":105}
@nix {"action":"result","fields":[0,0,0,0],"id":5470766132887555,"type":105}
@nix {"action":"result","fields":[101,0],"id":5470766132887553,"type":106}
@nix {"action":"result","fields":[100,0],"id":5470766132887553,"type":106}
@nix {"action":"result","fields":[0,0,0,0],"id":5470766132887554,"type":105}
@nix {"action":"result","fields":[0,0,0,0],"id":5470766132887555,"type":105}
@nix {"action":"result","fields":[101,0],"id":5470766132887553,"type":106}
@nix {"action":"result","fields":[100,0],"id":5470766132887553,"type":106}
@nix {"action":"result","fields":[0,0,0,0],"id":5470766132887554,"type":105}
@nix {"action":"result","fields":[0,0,0,0],"id":5470766132887555,"type":105}
@nix {"action":"result","fields":[101,0],"id":5470766132887553,"type":106}
@nix {"action":"result","fields":[100,0],"id":5470766132887553,"type":106}
@nix {"action":"result","fields":[0,0,0,0],"id":5470766132887554,"type":105}
@nix {"action":"result","fields":[0,0,0,0],"id":5470766132887555,"type":105}
@nix {"action":"result","fields":[101,0],"id":5470766132887553,"type":106}
@nix {"action":"result","fields":[100,0],"id":5470766132887553,"type":106}
@nix {"action":"result","fields":[0,0,0,0],"id":5470766132887554,"type":105}
@nix {"action":"result","fields":[0,0,0,0],"id":5470766132887555,"type":105}
@nix {"action":"result","fields":[101,0],"id":5470766132887553,"type":106}
@nix {"action":"result","fields":[100,0],"id":5470766132887553,"type":106}
@nix {"action":"result","fields":[0,0,0,0],"id":5470766132887554,"type":105}
@nix {"action":"result","fields":[0,0,0,0],"id":5470766132887555,"type":105}
@nix {"action":"result","fields":[101,0],"id":5470766132887553,"type":106}
@nix {"action":"result","fields":[100,0],"id":5470766132887553,"type":106}
@nix {"action":"result","fields":[0,0,0,0],"id":5470766132887554,"type":105}
@nix {"action":"result","fields":[0,0,0,0],"id":5470766132887555,"type":105}
@nix {"action":"result","fields":[101,0],"id":5470766132887553,"type":106}
@nix {"action":"result","fields":[100,0],"id":5470766132887553,"type":106}
@nix {"action":"result","fields":[0,0,0,0],"id":5470766132887554,"type":105}
@nix {"action":"result","fields":[0,0,0,0],"id":5470766132887555,"type":105}
@nix {"action":"result","fields":[101,0],"id":5470766132887553,"type":106}
@nix {"action":"result","fields":[100,0],"id":5470766132887553,"type":106}
@nix {"action":"result","fields":[0,0,0,0],"id":5470766132887554,"type":105}
@nix {"action":"result","fields":[0,0,0,0],"id":5470766132887555,"type":105}
@nix {"action":"result","fields":[101,0],"id":5470766132887553,"type":106}
@nix {"action":"result","fields":[100,0],"id":5470766132887553,"type":106}
@nix {"action":"result","fields":[0,0,0,0],"id":5470766132887554,"type":105}
@nix {"action":"result","fields":[0,0,0,0],"id":5470766132887555,"type":105}
@nix {"action":"result","fields":[101,0],"id":5470766132887553,"type":106}
@nix {"action":"result","fields":[100,0],"id":5470766132887553,"type":106}
@nix {"action":"result","fields":[0,0,0,0],"id":5470766132887554,"type":105}
@nix {"action":"result","fields":[0,0,0,0],"id":5470766132887555,"type":105}
@nix {"action":"result","fields":[101,0],"id":5470766132887553,"type":106}
@nix {"action":"result","fields":[100,0],"id":5470766132887553,"type":106}
@nix {"action":"result","fields":[0,0,0,0],"id":5470766132887554,"type":105}
@nix {"action":"result","fields":[0,0,0,0],"id":5470766132887555,"type":105}
@nix {"action":"result","fields":[101,0],"id":5470766132887553,"type":106}
@nix {"action":"result","fields":[100,0],"id":5470766132887553,"type":106}
@nix {"action":"result","fields":[0,0,0,0],"id":5470766132887554,"type":105}
@nix {"action":"result","fields":[0,0,0,0],"id":5470766132887555,"type":105}
@nix {"action":"result","fields":[101,0],"id":5470766132887553,"type":106}
@nix {"action":"result","fields":[100,0],"id":5470766132887553,"type":106}
@nix {"action":"result","fields":[0,0,0,0],"id":5470766132887554,"type":105}
@nix {"action":"result","fields":[0,0,0,0],"id":5470766132887555,"type":105}
@nix {"action":"result","fields":[101,0],"id":5470766132887553,"type":106}
@nix {"action":"result","fields":[100,0],"id":5470766132887553,"type":106}
@nix {"action":"result","fields":[0,0,0,0],"id":5470766132887554,"type":105}
@nix {"action":"result","fields":[0,0,0,0],"id":5470766132887555,"type":105}
@nix {"action":"result","fields":[101,0],"id":5470766132887553,"type":106}
@nix {"action":"result","fields":[100,0],"id":5470766132887553,"type":106}
@nix {"action":"result","fields":[0,0,0,0],"id":5470766132887554,"type":105}
@nix {"action":"result","fields":[0,0,0,0],"id":5470766132887555,"type":105}
@nix {"action":"result","fields":[101,0],"id":5470766132887553,"type":106}
@nix {"action":"result","fields":[100,0],"id":5470766132887553,"type":106}
@nix {"action":"result","fields":[0,0,0,0],"id":5470766132887554,"type":105}
@nix {"action":"result","fields":[0,0,0,0],"id":5470766132887555,"type":105}
@nix {"action":"result","fields":[101,0],"id":5470766132887553,"type":106}
@nix {"action":"result","fields":[100,0],"id":5470766132887553,"type":106}
@nix {"action":"result","fields":[0,0,0,0],"id":5470766132887554,"type":105}
@nix {"action":"result","fields":[0,0,0,0],"id":5470766132887555,"type":105}
@nix {"action":"result","fields":[101,0],"id":5470766132887553,"type":106}
@nix {"action":"result","fields":[100,0],"id":5470766132887553,"type":106}
@nix {"action":"result","fields":[0,0,0,0],"id":5470766132887554,"type":105}
@nix {"action":"result","fields":[0,0,0,0],"id":5470766132887555,"type":105}
@nix {"action":"result","fields":[101,0],"id":5470766132887553,"type":106}
@nix {"action":"result","fields":[100,0],"id":5470766132887553,"type":106}
@nix {"action":"result","fields":[0,0,0,0],"id":5470766132887554,"type":105}
@nix {"action":"result","fields":[0,0,0,0],"id":5470766132887555,"type":105}
@nix {"action":"result","fields":[101,0],"id":5470766132887553,"type":106}
@nix {"action":"result","fields":[100,0],"id":5470766132887553,"type":106}
@nix {"action":"result","fields":[0,0,0,0],"id":5470766132887554,"type":105}
@nix {"action":"result","fields":[0,0,0,0],"id":5470766132887555,"type":105}
@nix {"action":"result","fields":[101,0],"id":5470766132887553,"type":106}
@nix {"action":"result","fields":[100,0],"id":5470766132887553,"type":106}
@nix {"action":"result","fields":[0,0,0,0],"id":5470766132887554,"type":105}
@nix {"action":"result","fields":[0,0,0,0],"id":5470766132887555,"type":105}
@nix {"action":"result","fields":[101,0],"id":5470766132887553,"type":106}
@nix {"action":"result","fields":[100,0],"id":5470766132887553,"type":106}
@nix {"action":"result","fields":[0,0,0,0],"id":5470766132887554,"type":105}
@nix {"action":"result","fields":[0,0,0,0],"id":5470766132887555,"type":105}
@nix {"action":"result","fields":[101,0],"id":5470766132887553,"type":106}
@nix {"action":"result","fields":[100,0],"id":5470766132887553,"type":106}
@nix {"action":"result","fields":[0,0,0,0],"id":5470766132887554,"type":105}
@nix {"action":"result","fields":[0,0,0,0],"id":5470766132887555,"type":105}
@nix {"action":"result","fields":[101,0],"id":5470766132887553,"type":106}
@nix {"action":"result","fields":[100,0],"id":5470766132887553,"type":106}
@nix {"action":"result","fields":[0,0,0,0],"id":5470766132887554,"type":105}
@nix {"action":"result","fields":[0,0,0,0],"id":5470766132887555,"type":105}
@nix {"action":"result","fields":[101,0],"id":5470766132887553,"type":106}
@nix {"action":"result","fields":[100,0],"id":5470766132887553,"type":106}
@nix {"action":"result","fields":[0,0,0,0],"id":5470766132887554,"type":105}
@nix {"action":"result","fields":[0,0,0,0],"id":5470766132887555,"type":105}
@nix {"action":"result","fields":[101,0],"id":5470766132887553,"type":106}
@nix {"action":"result","fields":[100,0],"id":5470766132887553,"type":106}
@nix {"action":"result","fields":[0,0,0,0],"id":5470766132887554,"type":105}
@nix {"action":"result","fields":[0,0,0,0],"id":5470766132887555,"type":105}
@nix {"action":"result","fields":[101,0],"id":5470766132887553,"type":106}
@nix {"action":"result","fields":[100,0],"id":5470766132887553,"type":106}
@nix {"action":"result","fields":[0,0,0,0],"id":5470766132887554,"type":105}
@nix {"action":"result","fields":[0,0,0,0],"id":5470766132887555,"type":105}
@nix {"action":"result","fields":[101,0],"id":5470766132887553,"type":106}
@nix {"action":"result","fields":[100,0],"id":5470766132887553,"type":106}
@nix {"action":"result","fields":[0,0,0,0],"id":5470766132887554,"type":105}
@nix {"action":"result","fields":[0,0,0,0],"id":5470766132887555,"type":105}
@nix {"action":"result","fields":[101,0],"id":5470766132887553,"type":106}
@nix {"action":"result","fields":[100,0],"id":5470766132887553,"type":106}
@nix {"action":"result","fields":[0,0,0,0],"id":5470766132887554,"type":105}
@nix {"action":"result","fields":[0,0,0,0],"id":5470766132887555,"type":105}
@nix {"action":"result","fields":[101,0],"id":5470766132887553,"type":106}
@nix {"action":"result","fields":[100,0],"id":5470766132887553,"type":106}
@nix {"action":"result","fields":[0,1,0,0],"id":5470766132887554,"type":105}
@nix {"action":"result","fields":[0,0,0,0],"id":5470766132887555,"type":105}
@nix {"action":"result","fields":[101,0],"id":5470766132887553,"type":106}
@nix {"action":"result","fields":[100,0],"id":5470766132887553,"type":106}
@nix {"action":"result","fields":[0,2,0,0],"id":5470766132887554,"type":105}
@nix {"action":"result","fields":[0,0,0,0],"id":5470766132887555,"type":105}
@nix {"action":"result","fields":[101,0],"id":5470766132887553,"type":106}
@nix {"action":"result","fields":[100,0],"id":5470766132887553,"type":106}
@nix {"action":"result","fields":[0,3,0,0],"id":5470766132887554,"type":105}
@nix {"action":"result","fields":[0,0,0,0],"id":5470766132887555,"type":105}
@nix {"action":"result","fields":[101,0],"id":5470766132887553,"type":106}
@nix {"action":"result","fields":[100,0],"id":5470766132887553,"type":106}
@nix {"action":"result","fields":[0,4,0,0],"id":5470766132887554,"type":105}
@nix {"action":"result","fields":[0,0,0,0],"id":5470766132887555,"type":105}
@nix {"action":"result","fields":[101,0],"id":5470766132887553,"type":106}
@nix {"action":"result","fields":[100,0],"id":5470766132887553,"type":106}
@nix {"action":"result","fields":[0,5,0,0],"id":5470766132887554,"type":105}
@nix {"action":"result","fields":[0,0,0,0],"id":5470766132887555,"type":105}
@nix {"action":"result","fields":[101,0],"id":5470766132887553,"type":106}
@nix {"action":"result","fields":[100,0],"id":5470766132887553,"type":106}
@nix {"action":"result","fields":[0,6,0,0],"id":5470766132887554,"type":105}
@nix {"action":"result","fields":[0,0,0,0],"id":5470766132887555,"type":105}
@nix {"action":"result","fields":[101,0],"id":5470766132887553,"type":106}
@nix {"action":"result","fields":[100,0],"id":5470766132887553,"type":106}
@nix {"action":"result","fields":[0,7,0,0],"id":5470766132887554,"type":105}
@nix {"action":"result","fields":[0,0,0,0],"id":5470766132887555,"type":105}
@nix {"action":"result","fields":[101,0],"id":5470766132887553,"type":106}
@nix {"action":"result","fields":[100,0],"id":5470766132887553,"type":106}
@nix {"action":"result","fields":[0,8,0,0],"id":5470766132887554,"type":105}
@nix {"action":"result","fields":[0,0,0,0],"id":5470766132887555,"type":105}
@nix {"action":"result","fields":[101,0],"id":5470766132887553,"type":106}
@nix {"action":"result","fields":[100,0],"id":5470766132887553,"type":106}
@nix {"action":"result","fields":[0,9,0,0],"id":5470766132887554,"type":105}
@nix {"action":"result","fields":[0,0,0,0],"id":5470766132887555,"type":105}
@nix {"action":"result","fields":[101,0],"id":5470766132887553,"type":106}
@nix {"action":"result","fields":[100,0],"id":5470766132887553,"type":106}
@nix {"action":"result","fields":[0,10,0,0],"id":5470766132887554,"type":105}
@nix {"action":"result","fields":[0,0,0,0],"id":5470766132887555,"type":105}
@nix {"action":"result","fields":[101,0],"id":5470766132887553,"type":106}
@nix {"action":"result","fields":[100,0],"id":5470766132887553,"type":106}
@nix {"action":"result","fields":[0,11,0,0],"id":5470766132887554,"type":105}
@nix {"action":"result","fields":[0,0,0,0],"id":5470766132887555,"type":105}
@nix {"action":"result","fields":[101,0],"id":5470766132887553,"type":106}
@nix {"action":"result","fields":[100,0],"id":5470766132887553,"type":106}
@nix {"action":"result","fields":[0,12,0,0],"id":5470766132887554,"type":105}
@nix {"action":"result","fields":[0,0,0,0],"id":5470766132887555,"type":105}
@nix {"action":"result","fields":[101,0],"id":5470766132887553,"type":106}
@nix {"action":"result","fields":[100,0],"id":5470766132887553,"type":106}
@nix {"action":"result","fields":[0,13,0,0],"id":5470766132887554,"type":105}
@nix {"action":"result","fields":[0,0,0,0],"id":5470766132887555,"type":105}
@nix {"action":"result","fields":[101,0],"id":5470766132887553,"type":106}
@nix {"action":"result","fields":[100,0],"id":5470766132887553,"type":106}
@nix {"action":"result","fields":[0,14,0,0],"id":5470766132887554,"type":105}
@nix {"action":"result","fields":[0,0,0,0],"id":5470766132887555,"type":105}
@nix {"action":"result","fields":[101,0],"id":5470766132887553,"type":106}
@nix {"action":"result","fields":[100,0],"id":5470766132887553,"type":106}
@nix {"action":"result","fields":[0,15,0,0],"id":5470766132887554,"type":105}
@nix {"action":"result","fields":[0,0,0,0],"id":5470766132887555,"type":105}
@nix {"action":"result","fields":[101,0],"id":5470766132887553,"type":106}
@nix {"action":"result","fields":[100,0],"id":5470766132887553,"type":106}
@nix {"action":"result","fields":[0,16,0,0],"id":5470766132887554,"type":105}
@nix {"action":"result","fields":[0,0,0,0],"id":5470766132887555,"type":105}
@nix {"action":"result","fields":[101,0],"id":5470766132887553,"type":106}
@nix {"action":"result","fields":[100,0],"id":5470766132887553,"type":106}
@nix {"action":"result","fields":[0,17,0,0],"id":5470766132887554,"type":105}
@nix {"action":"result","fields":[0,0,0,0],"id":5470766132887555,"type":105}
@nix {"action":"result","fields":[101,0],"id":5470766132887553,"type":106}
@nix {"action":"result","fields":[100,0],"id":5470766132887553,"type":106}
@nix {"action":"result","fields":[0,18,0,0],"id":5470766132887554,"type":105}
@nix {"action":"result","fields":[0,0,0,0],"id":5470766132887555,"type":105}
@nix {"action":"result","fields":[101,0],"id":5470766132887553,"type":106}
@nix {"action":"result","fields":[100,0],"id":5470766132887553,"type":106}
@nix {"action":"result","fields":[0,19,0,0],"id":5470766132887554,"type":105}
@nix {"action":"result","fields":[0,0,0,0],"id":5470766132887555,"type":105}
@nix {"action":"result","fields":[101,0],"id":5470766132887553,"type":106}
@nix {"action":"result","fields":[100,0],"id":5470766132887553,"type":106}
@nix {"action":"result","fields":[0,20,0,0],"id":5470766132887554,"type":105}
@nix {"action":"result","fields":[0,0,0,0],"id":5470766132887555,"type":105}
@nix {"action":"result","fields":[101,0],"id":5470766132887553,"type":106}
@nix {"action":"result","fields":[100,0],"id":5470766132887553,"type":106}
@nix {"action":"result","fields":[0,21,0,0],"id":5470766132887554,"type":105}
@nix {"action":"result","fields":[0,0,0,0],"id":5470766132887555,"type":105}
@nix {"action":"result","fields":[101,0],"id":5470766132887553,"type":106}
@nix {"action":"result","fields":[100,0],"id":5470766132887553,"type":106}
@nix {"action":"result","fields":[0,22,0,0],"id":5470766132887554,"type":105}
@nix {"action":"result","fields":[0,0,0,0],"id":5470766132887555,"type":105}
@nix {"action":"result","fields":[101,0],"id":5470766132887553,"type":106}
@nix {"action":"result","fields":[100,0],"id":5470766132887553,"type":106}
@nix {"action":"result","fields":[0,23,0,0],"id":5470766132887554,"type":105}
@nix {"action":"result","fields":[0,0,0,0],"id":5470766132887555,"type":105}
@nix {"action":"result","fields":[101,0],"id":5470766132887553,"type":106}
@nix {"action":"result","fields":[100,0],"id":5470766132887553,"type":106}
@nix {"action":"result","fields":[0,24,0,0],"id":5470766132887554,"type":105}
@nix {"action":"result","fields":[0,0,0,0],"id":5470766132887555,"type":105}
@nix {"action":"result","fields":[101,0],"id":5470766132887553,"type":106}
@nix {"action":"result","fields":[100,0],"id":5470766132887553,"type":106}
@nix {"action":"result","fields":[0,25,0,0],"id":5470766132887554,"type":105}
@nix {"action":"result","fields":[0,0,0,0],"id":5470766132887555,"type":105}
@nix {"action":"result","fields":[101,0],"id":5470766132887553,"type":106}
@nix {"action":"result","fields":[100,0],"id":5470766132887553,"type":106}
@nix {"action":"result","fields":[0,26,0,0],"id":5470766132887554,"type":105}
@nix {"action":"result","fields":[0,0,0,0],"id":5470766132887555,"type":105}
@nix {"action":"result","fields":[101,0],"id":5470766132887553,"type":106}
@nix {"action":"result","fields":[100,0],"id":5470766132887553,"type":106}
@nix {"action":"result","fields":[0,27,0,0],"id":5470766132887554,"type":105}
@nix {"action":"result","fields":[0,0,0,0],"id":5470766132887555,"type":105}
@nix {"action":"result","fields":[101,0],"id":5470766132887553,"type":106}
@nix {"action":"result","fields":[100,0],"id":5470766132887553,"type":106}
@nix {"action":"result","fields":[0,28,0,0],"id":5470766132887554,"type":105}
@nix {"action":"result","fields":[0,0,0,0],"id":5470766132887555,"type":105}
@nix {"action":"result","fields":[101,0],"id":5470766132887553,"type":106}
@nix {"action":"result","fields":[100,0],"id":5470766132887553,"type":106}
@nix {"action":"result","fields":[0,29,0,0],"id":5470766132887554,"type":105}
@nix {"action":"result","fields":[0,0,0,0],"id":5470766132887555,"type":105}
@nix {"action":"result","fields":[101,0],"id":5470766132887553,"type":106}
@nix {"action":"result","fields":[100,0],"id":5470766132887553,"type":106}
@nix {"action":"result","fields":[0,30,0,0],"id":5470766132887554,"type":105}
@nix {"action":"result","fields":[0,0,0,0],"id":5470766132887555,"type":105}
@nix {"action":"result","fields":[101,0],"id":5470766132887553,"type":106}
@nix {"action":"result","fields":[100,0],"id":5470766132887553,"type":106}
@nix {"action":"result","fields":[0,31,0,0],"id":5470766132887554,"type":105}
@nix {"action":"result","fields":[0,0,0,0],"id":5470766132887555,"type":105}
@nix {"action":"result","fields":[101,0],"id":5470766132887553,"type":106}
@nix {"action":"result","fields":[100,0],"id":5470766132887553,"type":106}
@nix {"action":"result","fields":[0,32,0,0],"id":5470766132887554,"type":105}
@nix {"action":"result","fields":[0,0,0,0],"id":5470766132887555,"type":105}
@nix {"action":"result","fields":[101,0],"id":5470766132887553,"type":106}
@nix {"action":"result","fields":[100,0],"id":5470766132887553,"type":106}
@nix {"action":"start","fields":["/tmp/obrador-shared-pins-linux/round-3-baseline/wide-round-1-jobs-8/store/cl6iyd35lzk1nmgma271qwbcv7kd1g1y-leaf-0.drv.drv","",1,1],"id":5470766132887556,"level":3,"parent":0,"text":"building '/tmp/obrador-shared-pins-linux/round-3-baseline/wide-round-1-jobs-8/store/cl6iyd35lzk1nmgma271qwbcv7kd1g1y-leaf-0.drv.drv'","type":105}
@nix {"action":"result","fields":[0,32,1,0],"id":5470766132887554,"type":105}
@nix {"action":"result","fields":[0,0,0,0],"id":5470766132887555,"type":105}
@nix {"action":"result","fields":[101,0],"id":5470766132887553,"type":106}
@nix {"action":"result","fields":[100,0],"id":5470766132887553,"type":106}
@nix {"action":"start","fields":["/tmp/obrador-shared-pins-linux/round-3-baseline/wide-round-1-jobs-8/store/n9q6hm1fq4gbs4paqvf75yisqqca4r54-leaf-1.drv.drv","",1,1],"id":5470766132887557,"level":3,"parent":0,"text":"building '/tmp/obrador-shared-pins-linux/round-3-baseline/wide-round-1-jobs-8/store/n9q6hm1fq4gbs4paqvf75yisqqca4r54-leaf-1.drv.drv'","type":105}
@nix {"action":"result","fields":[0,32,2,0],"id":5470766132887554,"type":105}
@nix {"action":"result","fields":[0,0,0,0],"id":5470766132887555,"type":105}
@nix {"action":"result","fields":[101,0],"id":5470766132887553,"type":106}
@nix {"action":"result","fields":[100,0],"id":5470766132887553,"type":106}
@nix {"action":"start","fields":["/tmp/obrador-shared-pins-linux/round-3-baseline/wide-round-1-jobs-8/store/a9is1ivdnnjfwi93vvli38h06xdml83b-leaf-10.drv.drv","",1,1],"id":5470766132887558,"level":3,"parent":0,"text":"building '/tmp/obrador-shared-pins-linux/round-3-baseline/wide-round-1-jobs-8/store/a9is1ivdnnjfwi93vvli38h06xdml83b-leaf-10.drv.drv'","type":105}
@nix {"action":"result","fields":[0,32,3,0],"id":5470766132887554,"type":105}
@nix {"action":"result","fields":[0,0,0,0],"id":5470766132887555,"type":105}
@nix {"action":"result","fields":[101,0],"id":5470766132887553,"type":106}
@nix {"action":"result","fields":[100,0],"id":5470766132887553,"type":106}
@nix {"action":"start","fields":["/tmp/obrador-shared-pins-linux/round-3-baseline/wide-round-1-jobs-8/store/avv67sabqfkfvlv3dwrynqpv4r6vf86s-leaf-11.drv.drv","",1,1],"id":5470766132887559,"level":3,"parent":0,"text":"building '/tmp/obrador-shared-pins-linux/round-3-baseline/wide-round-1-jobs-8/store/avv67sabqfkfvlv3dwrynqpv4r6vf86s-leaf-11.drv.drv'","type":105}
@nix {"action":"result","fields":[0,32,4,0],"id":5470766132887554,"type":105}
@nix {"action":"result","fields":[0,0,0,0],"id":5470766132887555,"type":105}
@nix {"action":"result","fields":[101,0],"id":5470766132887553,"type":106}
@nix {"action":"result","fields":[100,0],"id":5470766132887553,"type":106}
@nix {"action":"start","fields":["/tmp/obrador-shared-pins-linux/round-3-baseline/wide-round-1-jobs-8/store/88g50r83php9ylaw5bxqkypbb6phrkn9-leaf-12.drv.drv","",1,1],"id":5470766132887560,"level":3,"parent":0,"text":"building '/tmp/obrador-shared-pins-linux/round-3-baseline/wide-round-1-jobs-8/store/88g50r83php9ylaw5bxqkypbb6phrkn9-leaf-12.drv.drv'","type":105}
@nix {"action":"result","fields":[0,32,5,0],"id":5470766132887554,"type":105}
@nix {"action":"result","fields":[0,0,0,0],"id":5470766132887555,"type":105}
@nix {"action":"result","fields":[101,0],"id":5470766132887553,"type":106}
@nix {"action":"result","fields":[100,0],"id":5470766132887553,"type":106}
@nix {"action":"start","fields":["/tmp/obrador-shared-pins-linux/round-3-baseline/wide-round-1-jobs-8/store/ci6w3zp929byhana2izyhh0r8d3w97mx-leaf-13.drv.drv","",1,1],"id":5470766132887561,"level":3,"parent":0,"text":"building '/tmp/obrador-shared-pins-linux/round-3-baseline/wide-round-1-jobs-8/store/ci6w3zp929byhana2izyhh0r8d3w97mx-leaf-13.drv.drv'","type":105}
@nix {"action":"result","fields":[0,32,6,0],"id":5470766132887554,"type":105}
@nix {"action":"result","fields":[0,0,0,0],"id":5470766132887555,"type":105}
@nix {"action":"result","fields":[101,0],"id":5470766132887553,"type":106}
@nix {"action":"result","fields":[100,0],"id":5470766132887553,"type":106}
@nix {"action":"start","fields":["/tmp/obrador-shared-pins-linux/round-3-baseline/wide-round-1-jobs-8/store/3v4i3p8acz7icidb1hazbc1ikvk6cy1r-leaf-14.drv.drv","",1,1],"id":5470766132887562,"level":3,"parent":0,"text":"building '/tmp/obrador-shared-pins-linux/round-3-baseline/wide-round-1-jobs-8/store/3v4i3p8acz7icidb1hazbc1ikvk6cy1r-leaf-14.drv.drv'","type":105}
@nix {"action":"result","fields":[0,32,7,0],"id":5470766132887554,"type":105}
@nix {"action":"result","fields":[0,0,0,0],"id":5470766132887555,"type":105}
@nix {"action":"result","fields":[101,0],"id":5470766132887553,"type":106}
@nix {"action":"result","fields":[100,0],"id":5470766132887553,"type":106}
@nix {"action":"start","fields":["/tmp/obrador-shared-pins-linux/round-3-baseline/wide-round-1-jobs-8/store/r4q1dxk7djwc2mdbj4lxhlcvajlbxhlb-leaf-15.drv.drv","",1,1],"id":5470766132887563,"level":3,"parent":0,"text":"building '/tmp/obrador-shared-pins-linux/round-3-baseline/wide-round-1-jobs-8/store/r4q1dxk7djwc2mdbj4lxhlcvajlbxhlb-leaf-15.drv.drv'","type":105}
@nix {"action":"result","fields":[0,32,8,0],"id":5470766132887554,"type":105}
@nix {"action":"result","fields":[0,0,0,0],"id":5470766132887555,"type":105}
@nix {"action":"result","fields":[101,0],"id":5470766132887553,"type":106}
@nix {"action":"result","fields":[100,0],"id":5470766132887553,"type":106}
@nix {"action":"result","fields":[1,33,7,0],"id":5470766132887554,"type":105}
@nix {"action":"result","fields":[0,0,0,0],"id":5470766132887555,"type":105}
@nix {"action":"result","fields":[101,0],"id":5470766132887553,"type":106}
@nix {"action":"result","fields":[100,0],"id":5470766132887553,"type":106}
@nix {"action":"stop","id":5470766132887556}
@nix {"action":"result","fields":[2,34,6,0],"id":5470766132887554,"type":105}
@nix {"action":"result","fields":[0,0,0,0],"id":5470766132887555,"type":105}
@nix {"action":"result","fields":[101,0],"id":5470766132887553,"type":106}
@nix {"action":"result","fields":[100,0],"id":5470766132887553,"type":106}
@nix {"action":"stop","id":5470766132887557}
@nix {"action":"result","fields":[3,35,5,0],"id":5470766132887554,"type":105}
@nix {"action":"result","fields":[0,0,0,0],"id":5470766132887555,"type":105}
@nix {"action":"result","fields":[101,0],"id":5470766132887553,"type":106}
@nix {"action":"result","fields":[100,0],"id":5470766132887553,"type":106}
@nix {"action":"stop","id":5470766132887558}
@nix {"action":"result","fields":[4,36,4,0],"id":5470766132887554,"type":105}
@nix {"action":"result","fields":[0,0,0,0],"id":5470766132887555,"type":105}
@nix {"action":"result","fields":[101,0],"id":5470766132887553,"type":106}
@nix {"action":"result","fields":[100,0],"id":5470766132887553,"type":106}
@nix {"action":"stop","id":5470766132887559}
@nix {"action":"result","fields":[5,37,3,0],"id":5470766132887554,"type":105}
@nix {"action":"result","fields":[0,0,0,0],"id":5470766132887555,"type":105}
@nix {"action":"result","fields":[101,0],"id":5470766132887553,"type":106}
@nix {"action":"result","fields":[100,0],"id":5470766132887553,"type":106}
@nix {"action":"stop","id":5470766132887560}
@nix {"action":"result","fields":[6,38,2,0],"id":5470766132887554,"type":105}
@nix {"action":"result","fields":[0,0,0,0],"id":5470766132887555,"type":105}
@nix {"action":"result","fields":[101,0],"id":5470766132887553,"type":106}
@nix {"action":"result","fields":[100,0],"id":5470766132887553,"type":106}
@nix {"action":"stop","id":5470766132887561}
@nix {"action":"result","fields":[7,39,1,0],"id":5470766132887554,"type":105}
@nix {"action":"result","fields":[0,0,0,0],"id":5470766132887555,"type":105}
@nix {"action":"result","fields":[101,0],"id":5470766132887553,"type":106}
@nix {"action":"result","fields":[100,0],"id":5470766132887553,"type":106}
@nix {"action":"stop","id":5470766132887562}
@nix {"action":"start","fields":["/tmp/obrador-shared-pins-linux/round-3-baseline/wide-round-1-jobs-8/store/krj75as88p56r0ajghg121j2p5rbdm2i-leaf-31.drv.drv","",1,1],"id":5470766132887564,"level":3,"parent":0,"text":"building '/tmp/obrador-shared-pins-linux/round-3-baseline/wide-round-1-jobs-8/store/krj75as88p56r0ajghg121j2p5rbdm2i-leaf-31.drv.drv'","type":105}
@nix {"action":"result","fields":[7,32,2,0],"id":5470766132887554,"type":105}
@nix {"action":"result","fields":[0,0,0,0],"id":5470766132887555,"type":105}
@nix {"action":"result","fields":[101,0],"id":5470766132887553,"type":106}
@nix {"action":"result","fields":[100,0],"id":5470766132887553,"type":106}
@nix {"action":"start","fields":["/tmp/obrador-shared-pins-linux/round-3-baseline/wide-round-1-jobs-8/store/h3pxsg378jmk8yn2vjvjravizwy05lad-leaf-4.drv.drv","",1,1],"id":5470766132887565,"level":3,"parent":0,"text":"building '/tmp/obrador-shared-pins-linux/round-3-baseline/wide-round-1-jobs-8/store/h3pxsg378jmk8yn2vjvjravizwy05lad-leaf-4.drv.drv'","type":105}
@nix {"action":"result","fields":[7,32,3,0],"id":5470766132887554,"type":105}
@nix {"action":"result","fields":[0,0,0,0],"id":5470766132887555,"type":105}
@nix {"action":"result","fields":[101,0],"id":5470766132887553,"type":106}
@nix {"action":"result","fields":[100,0],"id":5470766132887553,"type":106}
@nix {"action":"start","fields":["/tmp/obrador-shared-pins-linux/round-3-baseline/wide-round-1-jobs-8/store/8rvzslkiii47rj6gkflx3c79v04fqgpw-leaf-5.drv.drv","",1,1],"id":5470766132887566,"level":3,"parent":0,"text":"building '/tmp/obrador-shared-pins-linux/round-3-baseline/wide-round-1-jobs-8/store/8rvzslkiii47rj6gkflx3c79v04fqgpw-leaf-5.drv.drv'","type":105}
@nix {"action":"result","fields":[7,32,4,0],"id":5470766132887554,"type":105}
@nix {"action":"result","fields":[0,0,0,0],"id":5470766132887555,"type":105}
@nix {"action":"result","fields":[101,0],"id":5470766132887553,"type":106}
@nix {"action":"result","fields":[100,0],"id":5470766132887553,"type":106}
@nix {"action":"start","fields":["/tmp/obrador-shared-pins-linux/round-3-baseline/wide-round-1-jobs-8/store/zqkdbcs6j62qr59iyiajcnza423ijz2f-leaf-6.drv.drv","",1,1],"id":5470766132887567,"level":3,"parent":0,"text":"building '/tmp/obrador-shared-pins-linux/round-3-baseline/wide-round-1-jobs-8/store/zqkdbcs6j62qr59iyiajcnza423ijz2f-leaf-6.drv.drv'","type":105}
@nix {"action":"result","fields":[7,32,5,0],"id":5470766132887554,"type":105}
@nix {"action":"result","fields":[0,0,0,0],"id":5470766132887555,"type":105}
@nix {"action":"result","fields":[101,0],"id":5470766132887553,"type":106}
@nix {"action":"result","fields":[100,0],"id":5470766132887553,"type":106}
@nix {"action":"start","fields":["/tmp/obrador-shared-pins-linux/round-3-baseline/wide-round-1-jobs-8/store/mzqxzm45xvigfjca8lsjmmf5d8z8c3nh-leaf-7.drv.drv","",1,1],"id":5470766132887568,"level":3,"parent":0,"text":"building '/tmp/obrador-shared-pins-linux/round-3-baseline/wide-round-1-jobs-8/store/mzqxzm45xvigfjca8lsjmmf5d8z8c3nh-leaf-7.drv.drv'","type":105}
@nix {"action":"result","fields":[7,32,6,0],"id":5470766132887554,"type":105}
@nix {"action":"result","fields":[0,0,0,0],"id":5470766132887555,"type":105}
@nix {"action":"result","fields":[101,0],"id":5470766132887553,"type":106}
@nix {"action":"result","fields":[100,0],"id":5470766132887553,"type":106}
@nix {"action":"start","fields":["/tmp/obrador-shared-pins-linux/round-3-baseline/wide-round-1-jobs-8/store/01bvnvaplx3mpzjnx2qrb6v238fp4riz-leaf-8.drv.drv","",1,1],"id":5470766132887569,"level":3,"parent":0,"text":"building '/tmp/obrador-shared-pins-linux/round-3-baseline/wide-round-1-jobs-8/store/01bvnvaplx3mpzjnx2qrb6v238fp4riz-leaf-8.drv.drv'","type":105}
@nix {"action":"result","fields":[7,32,7,0],"id":5470766132887554,"type":105}
@nix {"action":"result","fields":[0,0,0,0],"id":5470766132887555,"type":105}
@nix {"action":"result","fields":[101,0],"id":5470766132887553,"type":106}
@nix {"action":"result","fields":[100,0],"id":5470766132887553,"type":106}
@nix {"action":"start","fields":["/tmp/obrador-shared-pins-linux/round-3-baseline/wide-round-1-jobs-8/store/ygrgrbyd638f38384bbgg1j60f2a61ma-leaf-9.drv.drv","",1,1],"id":5470766132887570,"level":3,"parent":0,"text":"building '/tmp/obrador-shared-pins-linux/round-3-baseline/wide-round-1-jobs-8/store/ygrgrbyd638f38384bbgg1j60f2a61ma-leaf-9.drv.drv'","type":105}
@nix {"action":"result","fields":[7,32,8,0],"id":5470766132887554,"type":105}
@nix {"action":"result","fields":[0,0,0,0],"id":5470766132887555,"type":105}
@nix {"action":"result","fields":[101,0],"id":5470766132887553,"type":106}
@nix {"action":"result","fields":[100,0],"id":5470766132887553,"type":106}
@nix {"action":"result","fields":[7,33,8,0],"id":5470766132887554,"type":105}
@nix {"action":"result","fields":[0,0,0,0],"id":5470766132887555,"type":105}
@nix {"action":"result","fields":[101,0],"id":5470766132887553,"type":106}
@nix {"action":"result","fields":[100,0],"id":5470766132887553,"type":106}
@nix {"action":"result","fields":[7,34,8,0],"id":5470766132887554,"type":105}
@nix {"action":"result","fields":[0,0,0,0],"id":5470766132887555,"type":105}
@nix {"action":"result","fields":[101,0],"id":5470766132887553,"type":106}
@nix {"action":"result","fields":[100,0],"id":5470766132887553,"type":106}
@nix {"action":"result","fields":[7,35,8,0],"id":5470766132887554,"type":105}
@nix {"action":"result","fields":[0,0,0,0],"id":5470766132887555,"type":105}
@nix {"action":"result","fields":[101,0],"id":5470766132887553,"type":106}
@nix {"action":"result","fields":[100,0],"id":5470766132887553,"type":106}
@nix {"action":"result","fields":[7,36,8,0],"id":5470766132887554,"type":105}
@nix {"action":"result","fields":[0,0,0,0],"id":5470766132887555,"type":105}
@nix {"action":"result","fields":[101,0],"id":5470766132887553,"type":106}
@nix {"action":"result","fields":[100,0],"id":5470766132887553,"type":106}
@nix {"action":"result","fields":[7,37,8,0],"id":5470766132887554,"type":105}
@nix {"action":"result","fields":[0,0,0,0],"id":5470766132887555,"type":105}
@nix {"action":"result","fields":[101,0],"id":5470766132887553,"type":106}
@nix {"action":"result","fields":[100,0],"id":5470766132887553,"type":106}
@nix {"action":"result","fields":[7,38,8,0],"id":5470766132887554,"type":105}
@nix {"action":"result","fields":[0,0,0,0],"id":5470766132887555,"type":105}
@nix {"action":"result","fields":[101,0],"id":5470766132887553,"type":106}
@nix {"action":"result","fields":[100,0],"id":5470766132887553,"type":106}
@nix {"action":"result","fields":[7,39,8,0],"id":5470766132887554,"type":105}
@nix {"action":"result","fields":[0,0,0,0],"id":5470766132887555,"type":105}
@nix {"action":"result","fields":[101,0],"id":5470766132887553,"type":106}
@nix {"action":"result","fields":[100,0],"id":5470766132887553,"type":106}
@nix {"action":"result","fields":[8,40,7,0],"id":5470766132887554,"type":105}
@nix {"action":"result","fields":[0,0,0,0],"id":5470766132887555,"type":105}
@nix {"action":"result","fields":[101,0],"id":5470766132887553,"type":106}
@nix {"action":"result","fields":[100,0],"id":5470766132887553,"type":106}
@nix {"action":"stop","id":5470766132887563}
@nix {"action":"result","fields":[9,41,6,0],"id":5470766132887554,"type":105}
@nix {"action":"result","fields":[0,0,0,0],"id":5470766132887555,"type":105}
@nix {"action":"result","fields":[101,0],"id":5470766132887553,"type":106}
@nix {"action":"result","fields":[100,0],"id":5470766132887553,"type":106}
@nix {"action":"stop","id":5470766132887564}
@nix {"action":"result","fields":[10,42,5,0],"id":5470766132887554,"type":105}
@nix {"action":"result","fields":[0,0,0,0],"id":5470766132887555,"type":105}
@nix {"action":"result","fields":[101,0],"id":5470766132887553,"type":106}
@nix {"action":"result","fields":[100,0],"id":5470766132887553,"type":106}
@nix {"action":"stop","id":5470766132887565}
@nix {"action":"result","fields":[11,43,4,0],"id":5470766132887554,"type":105}
@nix {"action":"result","fields":[0,0,0,0],"id":5470766132887555,"type":105}
@nix {"action":"result","fields":[101,0],"id":5470766132887553,"type":106}
@nix {"action":"result","fields":[100,0],"id":5470766132887553,"type":106}
@nix {"action":"stop","id":5470766132887566}
@nix {"action":"result","fields":[12,44,3,0],"id":5470766132887554,"type":105}
@nix {"action":"result","fields":[0,0,0,0],"id":5470766132887555,"type":105}
@nix {"action":"result","fields":[101,0],"id":5470766132887553,"type":106}
@nix {"action":"result","fields":[100,0],"id":5470766132887553,"type":106}
@nix {"action":"stop","id":5470766132887567}
@nix {"action":"result","fields":[13,45,2,0],"id":5470766132887554,"type":105}
@nix {"action":"result","fields":[0,0,0,0],"id":5470766132887555,"type":105}
@nix {"action":"result","fields":[101,0],"id":5470766132887553,"type":106}
@nix {"action":"result","fields":[100,0],"id":5470766132887553,"type":106}
@nix {"action":"stop","id":5470766132887568}
@nix {"action":"result","fields":[14,46,1,0],"id":5470766132887554,"type":105}
@nix {"action":"result","fields":[0,0,0,0],"id":5470766132887555,"type":105}
@nix {"action":"result","fields":[101,0],"id":5470766132887553,"type":106}
@nix {"action":"result","fields":[100,0],"id":5470766132887553,"type":106}
@nix {"action":"stop","id":5470766132887569}
@nix {"action":"result","fields":[15,47,0,0],"id":5470766132887554,"type":105}
@nix {"action":"result","fields":[0,0,0,0],"id":5470766132887555,"type":105}
@nix {"action":"result","fields":[101,0],"id":5470766132887553,"type":106}
@nix {"action":"result","fields":[100,0],"id":5470766132887553,"type":106}
@nix {"action":"stop","id":5470766132887570}
@nix {"action":"start","fields":["/tmp/obrador-shared-pins-linux/round-3-baseline/wide-round-1-jobs-8/store/0p7bnfmnk6ddgdv5j7qwzrr2wxy9ysl1-leaf-0.drv","",1,1],"id":5470766132887571,"level":3,"parent":0,"text":"building '/tmp/obrador-shared-pins-linux/round-3-baseline/wide-round-1-jobs-8/store/0p7bnfmnk6ddgdv5j7qwzrr2wxy9ysl1-leaf-0.drv'","type":105}
@nix {"action":"result","fields":[15,39,1,0],"id":5470766132887554,"type":105}
@nix {"action":"result","fields":[0,0,0,0],"id":5470766132887555,"type":105}
@nix {"action":"result","fields":[101,0],"id":5470766132887553,"type":106}
@nix {"action":"result","fields":[100,0],"id":5470766132887553,"type":106}
@nix {"action":"start","fields":["/tmp/obrador-shared-pins-linux/round-3-baseline/wide-round-1-jobs-8/store/rimab2plmkm81m0k50ihk7c3hpnhr4m4-leaf-1.drv","",1,1],"id":5470766132887572,"level":3,"parent":0,"text":"building '/tmp/obrador-shared-pins-linux/round-3-baseline/wide-round-1-jobs-8/store/rimab2plmkm81m0k50ihk7c3hpnhr4m4-leaf-1.drv'","type":105}
@nix {"action":"result","fields":[15,39,2,0],"id":5470766132887554,"type":105}
@nix {"action":"result","fields":[0,0,0,0],"id":5470766132887555,"type":105}
@nix {"action":"result","fields":[101,0],"id":5470766132887553,"type":106}
@nix {"action":"result","fields":[100,0],"id":5470766132887553,"type":106}
@nix {"action":"start","fields":["/tmp/obrador-shared-pins-linux/round-3-baseline/wide-round-1-jobs-8/store/p5drr4d9qww21fkzmaikaj1hjylgkcij-leaf-10.drv","",1,1],"id":5470766132887573,"level":3,"parent":0,"text":"building '/tmp/obrador-shared-pins-linux/round-3-baseline/wide-round-1-jobs-8/store/p5drr4d9qww21fkzmaikaj1hjylgkcij-leaf-10.drv'","type":105}
@nix {"action":"result","fields":[15,39,3,0],"id":5470766132887554,"type":105}
@nix {"action":"result","fields":[0,0,0,0],"id":5470766132887555,"type":105}
@nix {"action":"result","fields":[101,0],"id":5470766132887553,"type":106}
@nix {"action":"result","fields":[100,0],"id":5470766132887553,"type":106}
@nix {"action":"start","fields":["/tmp/obrador-shared-pins-linux/round-3-baseline/wide-round-1-jobs-8/store/0j4nngarl3vn6iafnrbxsn9v5an8s2p4-leaf-11.drv","",1,1],"id":5470766132887574,"level":3,"parent":0,"text":"building '/tmp/obrador-shared-pins-linux/round-3-baseline/wide-round-1-jobs-8/store/0j4nngarl3vn6iafnrbxsn9v5an8s2p4-leaf-11.drv'","type":105}
@nix {"action":"result","fields":[15,39,4,0],"id":5470766132887554,"type":105}
@nix {"action":"result","fields":[0,0,0,0],"id":5470766132887555,"type":105}
@nix {"action":"result","fields":[101,0],"id":5470766132887553,"type":106}
@nix {"action":"result","fields":[100,0],"id":5470766132887553,"type":106}
@nix {"action":"start","fields":["/tmp/obrador-shared-pins-linux/round-3-baseline/wide-round-1-jobs-8/store/md9z0m3sybgns07yfci8a2s2dn3am1vl-leaf-12.drv","",1,1],"id":5470766132887575,"level":3,"parent":0,"text":"building '/tmp/obrador-shared-pins-linux/round-3-baseline/wide-round-1-jobs-8/store/md9z0m3sybgns07yfci8a2s2dn3am1vl-leaf-12.drv'","type":105}
@nix {"action":"result","fields":[15,39,5,0],"id":5470766132887554,"type":105}
@nix {"action":"result","fields":[0,0,0,0],"id":5470766132887555,"type":105}
@nix {"action":"result","fields":[101,0],"id":5470766132887553,"type":106}
@nix {"action":"result","fields":[100,0],"id":5470766132887553,"type":106}
@nix {"action":"start","fields":["/tmp/obrador-shared-pins-linux/round-3-baseline/wide-round-1-jobs-8/store/2k2h5bamyn77mf8zn9mmp52l9w3970sq-leaf-13.drv","",1,1],"id":5470766132887576,"level":3,"parent":0,"text":"building '/tmp/obrador-shared-pins-linux/round-3-baseline/wide-round-1-jobs-8/store/2k2h5bamyn77mf8zn9mmp52l9w3970sq-leaf-13.drv'","type":105}
@nix {"action":"result","fields":[15,39,6,0],"id":5470766132887554,"type":105}
@nix {"action":"result","fields":[0,0,0,0],"id":5470766132887555,"type":105}
@nix {"action":"result","fields":[101,0],"id":5470766132887553,"type":106}
@nix {"action":"result","fields":[100,0],"id":5470766132887553,"type":106}
@nix {"action":"start","fields":["/tmp/obrador-shared-pins-linux/round-3-baseline/wide-round-1-jobs-8/store/2jv8yawzfx11m017pd4a3xi8238736qx-leaf-14.drv","",1,1],"id":5470766132887577,"level":3,"parent":0,"text":"building '/tmp/obrador-shared-pins-linux/round-3-baseline/wide-round-1-jobs-8/store/2jv8yawzfx11m017pd4a3xi8238736qx-leaf-14.drv'","type":105}
@nix {"action":"result","fields":[15,39,7,0],"id":5470766132887554,"type":105}
@nix {"action":"result","fields":[0,0,0,0],"id":5470766132887555,"type":105}
@nix {"action":"result","fields":[101,0],"id":5470766132887553,"type":106}
@nix {"action":"result","fields":[100,0],"id":5470766132887553,"type":106}
@nix {"action":"start","fields":["/tmp/obrador-shared-pins-linux/round-3-baseline/wide-round-1-jobs-8/store/zxb0izl609ix8q0j6np2ypxz9img6khr-leaf-21.drv.drv","",1,1],"id":5470766132887578,"level":3,"parent":0,"text":"building '/tmp/obrador-shared-pins-linux/round-3-baseline/wide-round-1-jobs-8/store/zxb0izl609ix8q0j6np2ypxz9img6khr-leaf-21.drv.drv'","type":105}
@nix {"action":"result","fields":[15,39,8,0],"id":5470766132887554,"type":105}
@nix {"action":"result","fields":[0,0,0,0],"id":5470766132887555,"type":105}
@nix {"action":"result","fields":[101,0],"id":5470766132887553,"type":106}
@nix {"action":"result","fields":[100,0],"id":5470766132887553,"type":106}
@nix {"action":"result","fields":[15,40,8,0],"id":5470766132887554,"type":105}
@nix {"action":"result","fields":[0,0,0,0],"id":5470766132887555,"type":105}
@nix {"action":"result","fields":[101,0],"id":5470766132887553,"type":106}
@nix {"action":"result","fields":[100,0],"id":5470766132887553,"type":106}
@nix {"action":"result","fields":[15,41,8,0],"id":5470766132887554,"type":105}
@nix {"action":"result","fields":[0,0,0,0],"id":5470766132887555,"type":105}
@nix {"action":"result","fields":[101,0],"id":5470766132887553,"type":106}
@nix {"action":"result","fields":[100,0],"id":5470766132887553,"type":106}
@nix {"action":"result","fields":[15,42,8,0],"id":5470766132887554,"type":105}
@nix {"action":"result","fields":[0,0,0,0],"id":5470766132887555,"type":105}
@nix {"action":"result","fields":[101,0],"id":5470766132887553,"type":106}
@nix {"action":"result","fields":[100,0],"id":5470766132887553,"type":106}
@nix {"action":"result","fields":[15,43,8,0],"id":5470766132887554,"type":105}
@nix {"action":"result","fields":[0,0,0,0],"id":5470766132887555,"type":105}
@nix {"action":"result","fields":[101,0],"id":5470766132887553,"type":106}
@nix {"action":"result","fields":[100,0],"id":5470766132887553,"type":106}
@nix {"action":"result","fields":[15,44,8,0],"id":5470766132887554,"type":105}
@nix {"action":"result","fields":[0,0,0,0],"id":5470766132887555,"type":105}
@nix {"action":"result","fields":[101,0],"id":5470766132887553,"type":106}
@nix {"action":"result","fields":[100,0],"id":5470766132887553,"type":106}
@nix {"action":"result","fields":[15,45,8,0],"id":5470766132887554,"type":105}
@nix {"action":"result","fields":[0,0,0,0],"id":5470766132887555,"type":105}
@nix {"action":"result","fields":[101,0],"id":5470766132887553,"type":106}
@nix {"action":"result","fields":[100,0],"id":5470766132887553,"type":106}
@nix {"action":"result","fields":[15,46,8,0],"id":5470766132887554,"type":105}
@nix {"action":"result","fields":[0,0,0,0],"id":5470766132887555,"type":105}
@nix {"action":"result","fields":[101,0],"id":5470766132887553,"type":106}
@nix {"action":"result","fields":[100,0],"id":5470766132887553,"type":106}
@nix {"action":"result","fields":[15,47,8,0],"id":5470766132887554,"type":105}
@nix {"action":"result","fields":[0,0,0,0],"id":5470766132887555,"type":105}
@nix {"action":"result","fields":[101,0],"id":5470766132887553,"type":106}
@nix {"action":"result","fields":[100,0],"id":5470766132887553,"type":106}
@nix {"action":"result","fields":[16,48,7,0],"id":5470766132887554,"type":105}
@nix {"action":"result","fields":[0,0,0,0],"id":5470766132887555,"type":105}
@nix {"action":"result","fields":[101,0],"id":5470766132887553,"type":106}
@nix {"action":"result","fields":[100,0],"id":5470766132887553,"type":106}
@nix {"action":"stop","id":5470766132887571}
@nix {"action":"result","fields":[17,49,6,0],"id":5470766132887554,"type":105}
@nix {"action":"result","fields":[0,0,0,0],"id":5470766132887555,"type":105}
@nix {"action":"result","fields":[101,0],"id":5470766132887553,"type":106}
@nix {"action":"result","fields":[100,0],"id":5470766132887553,"type":106}
@nix {"action":"stop","id":5470766132887572}
@nix {"action":"result","fields":[18,50,5,0],"id":5470766132887554,"type":105}
@nix {"action":"result","fields":[0,0,0,0],"id":5470766132887555,"type":105}
@nix {"action":"result","fields":[101,0],"id":5470766132887553,"type":106}
@nix {"action":"result","fields":[100,0],"id":5470766132887553,"type":106}
@nix {"action":"stop","id":5470766132887573}
@nix {"action":"result","fields":[19,51,4,0],"id":5470766132887554,"type":105}
@nix {"action":"result","fields":[0,0,0,0],"id":5470766132887555,"type":105}
@nix {"action":"result","fields":[101,0],"id":5470766132887553,"type":106}
@nix {"action":"result","fields":[100,0],"id":5470766132887553,"type":106}
@nix {"action":"stop","id":5470766132887574}
@nix {"action":"result","fields":[20,52,3,0],"id":5470766132887554,"type":105}
@nix {"action":"result","fields":[0,0,0,0],"id":5470766132887555,"type":105}
@nix {"action":"result","fields":[101,0],"id":5470766132887553,"type":106}
@nix {"action":"result","fields":[100,0],"id":5470766132887553,"type":106}
@nix {"action":"stop","id":5470766132887575}
@nix {"action":"result","fields":[21,53,2,0],"id":5470766132887554,"type":105}
@nix {"action":"result","fields":[0,0,0,0],"id":5470766132887555,"type":105}
@nix {"action":"result","fields":[101,0],"id":5470766132887553,"type":106}
@nix {"action":"result","fields":[100,0],"id":5470766132887553,"type":106}
@nix {"action":"stop","id":5470766132887576}
@nix {"action":"result","fields":[22,54,1,0],"id":5470766132887554,"type":105}
@nix {"action":"result","fields":[0,0,0,0],"id":5470766132887555,"type":105}
@nix {"action":"result","fields":[101,0],"id":5470766132887553,"type":106}
@nix {"action":"result","fields":[100,0],"id":5470766132887553,"type":106}
@nix {"action":"stop","id":5470766132887577}
@nix {"action":"result","fields":[23,55,0,0],"id":5470766132887554,"type":105}
@nix {"action":"result","fields":[0,0,0,0],"id":5470766132887555,"type":105}
@nix {"action":"result","fields":[101,0],"id":5470766132887553,"type":106}
@nix {"action":"result","fields":[100,0],"id":5470766132887553,"type":106}
@nix {"action":"stop","id":5470766132887578}
@nix {"action":"start","fields":["/tmp/obrador-shared-pins-linux/round-3-baseline/wide-round-1-jobs-8/store/j2hxqwsgx21lgjijxfmccx33m5r9j5m5-leaf-15.drv","",1,1],"id":5470766132887579,"level":3,"parent":0,"text":"building '/tmp/obrador-shared-pins-linux/round-3-baseline/wide-round-1-jobs-8/store/j2hxqwsgx21lgjijxfmccx33m5r9j5m5-leaf-15.drv'","type":105}
@nix {"action":"result","fields":[23,47,1,0],"id":5470766132887554,"type":105}
@nix {"action":"result","fields":[0,0,0,0],"id":5470766132887555,"type":105}
@nix {"action":"result","fields":[101,0],"id":5470766132887553,"type":106}
@nix {"action":"result","fields":[100,0],"id":5470766132887553,"type":106}
@nix {"action":"start","fields":["/tmp/obrador-shared-pins-linux/round-3-baseline/wide-round-1-jobs-8/store/91hw9cf3ydc8vdh8d9gq5c5zh6v5drvq-leaf-31.drv","",1,1],"id":5470766132887580,"level":3,"parent":0,"text":"building '/tmp/obrador-shared-pins-linux/round-3-baseline/wide-round-1-jobs-8/store/91hw9cf3ydc8vdh8d9gq5c5zh6v5drvq-leaf-31.drv'","type":105}
@nix {"action":"result","fields":[23,47,2,0],"id":5470766132887554,"type":105}
@nix {"action":"result","fields":[0,0,0,0],"id":5470766132887555,"type":105}
@nix {"action":"result","fields":[101,0],"id":5470766132887553,"type":106}
@nix {"action":"result","fields":[100,0],"id":5470766132887553,"type":106}
@nix {"action":"start","fields":["/tmp/obrador-shared-pins-linux/round-3-baseline/wide-round-1-jobs-8/store/i6q78g9ih8na3k3nc854pam6ziy0jmvd-leaf-4.drv","",1,1],"id":5470766132887581,"level":3,"parent":0,"text":"building '/tmp/obrador-shared-pins-linux/round-3-baseline/wide-round-1-jobs-8/store/i6q78g9ih8na3k3nc854pam6ziy0jmvd-leaf-4.drv'","type":105}
@nix {"action":"result","fields":[23,47,3,0],"id":5470766132887554,"type":105}
@nix {"action":"result","fields":[0,0,0,0],"id":5470766132887555,"type":105}
@nix {"action":"result","fields":[101,0],"id":5470766132887553,"type":106}
@nix {"action":"result","fields":[100,0],"id":5470766132887553,"type":106}
@nix {"action":"start","fields":["/tmp/obrador-shared-pins-linux/round-3-baseline/wide-round-1-jobs-8/store/xjjdnq1r9hr694vndp02vdcz8am8m5ad-leaf-5.drv","",1,1],"id":5470766132887582,"level":3,"parent":0,"text":"building '/tmp/obrador-shared-pins-linux/round-3-baseline/wide-round-1-jobs-8/store/xjjdnq1r9hr694vndp02vdcz8am8m5ad-leaf-5.drv'","type":105}
@nix {"action":"result","fields":[23,47,4,0],"id":5470766132887554,"type":105}
@nix {"action":"result","fields":[0,0,0,0],"id":5470766132887555,"type":105}
@nix {"action":"result","fields":[101,0],"id":5470766132887553,"type":106}
@nix {"action":"result","fields":[100,0],"id":5470766132887553,"type":106}
@nix {"action":"start","fields":["/tmp/obrador-shared-pins-linux/round-3-baseline/wide-round-1-jobs-8/store/2vpmwkxxlaxfvzjpr837gmlvjjsk6yga-leaf-6.drv","",1,1],"id":5470766132887583,"level":3,"parent":0,"text":"building '/tmp/obrador-shared-pins-linux/round-3-baseline/wide-round-1-jobs-8/store/2vpmwkxxlaxfvzjpr837gmlvjjsk6yga-leaf-6.drv'","type":105}
@nix {"action":"result","fields":[23,47,5,0],"id":5470766132887554,"type":105}
@nix {"action":"result","fields":[0,0,0,0],"id":5470766132887555,"type":105}
@nix {"action":"result","fields":[101,0],"id":5470766132887553,"type":106}
@nix {"action":"result","fields":[100,0],"id":5470766132887553,"type":106}
@nix {"action":"start","fields":["/tmp/obrador-shared-pins-linux/round-3-baseline/wide-round-1-jobs-8/store/dgfqayfz8ra15yhpyk0xz8rrcxfc5g2y-leaf-7.drv","",1,1],"id":5470766132887584,"level":3,"parent":0,"text":"building '/tmp/obrador-shared-pins-linux/round-3-baseline/wide-round-1-jobs-8/store/dgfqayfz8ra15yhpyk0xz8rrcxfc5g2y-leaf-7.drv'","type":105}
@nix {"action":"result","fields":[23,47,6,0],"id":5470766132887554,"type":105}
@nix {"action":"result","fields":[0,0,0,0],"id":5470766132887555,"type":105}
@nix {"action":"result","fields":[101,0],"id":5470766132887553,"type":106}
@nix {"action":"result","fields":[100,0],"id":5470766132887553,"type":106}
@nix {"action":"start","fields":["/tmp/obrador-shared-pins-linux/round-3-baseline/wide-round-1-jobs-8/store/4whqz4ak58gh4rgnwd669qiws35i24qy-leaf-8.drv","",1,1],"id":5470766132887585,"level":3,"parent":0,"text":"building '/tmp/obrador-shared-pins-linux/round-3-baseline/wide-round-1-jobs-8/store/4whqz4ak58gh4rgnwd669qiws35i24qy-leaf-8.drv'","type":105}
@nix {"action":"result","fields":[23,47,7,0],"id":5470766132887554,"type":105}
@nix {"action":"result","fields":[0,0,0,0],"id":5470766132887555,"type":105}
@nix {"action":"result","fields":[101,0],"id":5470766132887553,"type":106}
@nix {"action":"result","fields":[100,0],"id":5470766132887553,"type":106}
@nix {"action":"start","fields":["/tmp/obrador-shared-pins-linux/round-3-baseline/wide-round-1-jobs-8/store/9ygwh7r0hqjnyrkfd0zgh4mp22q74jny-leaf-9.drv","",1,1],"id":5470766132887586,"level":3,"parent":0,"text":"building '/tmp/obrador-shared-pins-linux/round-3-baseline/wide-round-1-jobs-8/store/9ygwh7r0hqjnyrkfd0zgh4mp22q74jny-leaf-9.drv'","type":105}
@nix {"action":"result","fields":[23,47,8,0],"id":5470766132887554,"type":105}
@nix {"action":"result","fields":[0,0,0,0],"id":5470766132887555,"type":105}
@nix {"action":"result","fields":[101,0],"id":5470766132887553,"type":106}
@nix {"action":"result","fields":[100,0],"id":5470766132887553,"type":106}
@nix {"action":"result","fields":[23,48,8,0],"id":5470766132887554,"type":105}
@nix {"action":"result","fields":[0,0,0,0],"id":5470766132887555,"type":105}
@nix {"action":"result","fields":[101,0],"id":5470766132887553,"type":106}
@nix {"action":"result","fields":[100,0],"id":5470766132887553,"type":106}
@nix {"action":"result","fields":[24,49,7,0],"id":5470766132887554,"type":105}
@nix {"action":"result","fields":[0,0,0,0],"id":5470766132887555,"type":105}
@nix {"action":"result","fields":[101,0],"id":5470766132887553,"type":106}
@nix {"action":"result","fields":[100,0],"id":5470766132887553,"type":106}
@nix {"action":"stop","id":5470766132887579}
@nix {"action":"result","fields":[25,50,6,0],"id":5470766132887554,"type":105}
@nix {"action":"result","fields":[0,0,0,0],"id":5470766132887555,"type":105}
@nix {"action":"result","fields":[101,0],"id":5470766132887553,"type":106}
@nix {"action":"result","fields":[100,0],"id":5470766132887553,"type":106}
@nix {"action":"stop","id":5470766132887580}
@nix {"action":"result","fields":[26,51,5,0],"id":5470766132887554,"type":105}
@nix {"action":"result","fields":[0,0,0,0],"id":5470766132887555,"type":105}
@nix {"action":"result","fields":[101,0],"id":5470766132887553,"type":106}
@nix {"action":"result","fields":[100,0],"id":5470766132887553,"type":106}
@nix {"action":"stop","id":5470766132887581}
@nix {"action":"result","fields":[27,52,4,0],"id":5470766132887554,"type":105}
@nix {"action":"result","fields":[0,0,0,0],"id":5470766132887555,"type":105}
@nix {"action":"result","fields":[101,0],"id":5470766132887553,"type":106}
@nix {"action":"result","fields":[100,0],"id":5470766132887553,"type":106}
@nix {"action":"stop","id":5470766132887582}
@nix {"action":"result","fields":[28,53,3,0],"id":5470766132887554,"type":105}
@nix {"action":"result","fields":[0,0,0,0],"id":5470766132887555,"type":105}
@nix {"action":"result","fields":[101,0],"id":5470766132887553,"type":106}
@nix {"action":"result","fields":[100,0],"id":5470766132887553,"type":106}
@nix {"action":"stop","id":5470766132887583}
@nix {"action":"result","fields":[29,54,2,0],"id":5470766132887554,"type":105}
@nix {"action":"result","fields":[0,0,0,0],"id":5470766132887555,"type":105}
@nix {"action":"result","fields":[101,0],"id":5470766132887553,"type":106}
@nix {"action":"result","fields":[100,0],"id":5470766132887553,"type":106}
@nix {"action":"stop","id":5470766132887584}
@nix {"action":"result","fields":[30,55,1,0],"id":5470766132887554,"type":105}
@nix {"action":"result","fields":[0,0,0,0],"id":5470766132887555,"type":105}
@nix {"action":"result","fields":[101,0],"id":5470766132887553,"type":106}
@nix {"action":"result","fields":[100,0],"id":5470766132887553,"type":106}
@nix {"action":"stop","id":5470766132887585}
@nix {"action":"result","fields":[31,56,0,0],"id":5470766132887554,"type":105}
@nix {"action":"result","fields":[0,0,0,0],"id":5470766132887555,"type":105}
@nix {"action":"result","fields":[101,0],"id":5470766132887553,"type":106}
@nix {"action":"result","fields":[100,0],"id":5470766132887553,"type":106}
@nix {"action":"stop","id":5470766132887586}
@nix {"action":"start","fields":["/tmp/obrador-shared-pins-linux/round-3-baseline/wide-round-1-jobs-8/store/9mwzbri3pc2a2z9lm0xi45c0nmqkgrid-leaf-19.drv.drv","",1,1],"id":5470766132887587,"level":3,"parent":0,"text":"building '/tmp/obrador-shared-pins-linux/round-3-baseline/wide-round-1-jobs-8/store/9mwzbri3pc2a2z9lm0xi45c0nmqkgrid-leaf-19.drv.drv'","type":105}
@nix {"action":"result","fields":[31,48,1,0],"id":5470766132887554,"type":105}
@nix {"action":"result","fields":[0,0,0,0],"id":5470766132887555,"type":105}
@nix {"action":"result","fields":[101,0],"id":5470766132887553,"type":106}
@nix {"action":"result","fields":[100,0],"id":5470766132887553,"type":106}
@nix {"action":"start","fields":["/tmp/obrador-shared-pins-linux/round-3-baseline/wide-round-1-jobs-8/store/9xckh00zq5zs8s8axyzaq4qg7bprhyfa-leaf-2.drv.drv","",1,1],"id":5470766132887588,"level":3,"parent":0,"text":"building '/tmp/obrador-shared-pins-linux/round-3-baseline/wide-round-1-jobs-8/store/9xckh00zq5zs8s8axyzaq4qg7bprhyfa-leaf-2.drv.drv'","type":105}
@nix {"action":"result","fields":[31,48,2,0],"id":5470766132887554,"type":105}
@nix {"action":"result","fields":[0,0,0,0],"id":5470766132887555,"type":105}
@nix {"action":"result","fields":[101,0],"id":5470766132887553,"type":106}
@nix {"action":"result","fields":[100,0],"id":5470766132887553,"type":106}
@nix {"action":"start","fields":["/tmp/obrador-shared-pins-linux/round-3-baseline/wide-round-1-jobs-8/store/lwsrdq0z5h8gzj3yy6x8hl23lmsap888-leaf-20.drv.drv","",1,1],"id":5470766132887589,"level":3,"parent":0,"text":"building '/tmp/obrador-shared-pins-linux/round-3-baseline/wide-round-1-jobs-8/store/lwsrdq0z5h8gzj3yy6x8hl23lmsap888-leaf-20.drv.drv'","type":105}
@nix {"action":"result","fields":[31,48,3,0],"id":5470766132887554,"type":105}
@nix {"action":"result","fields":[0,0,0,0],"id":5470766132887555,"type":105}
@nix {"action":"result","fields":[101,0],"id":5470766132887553,"type":106}
@nix {"action":"result","fields":[100,0],"id":5470766132887553,"type":106}
@nix {"action":"start","fields":["/tmp/obrador-shared-pins-linux/round-3-baseline/wide-round-1-jobs-8/store/353cxp478qv9fmbghvxincbd0mmvjsxb-leaf-21.drv","",1,1],"id":5470766132887590,"level":3,"parent":0,"text":"building '/tmp/obrador-shared-pins-linux/round-3-baseline/wide-round-1-jobs-8/store/353cxp478qv9fmbghvxincbd0mmvjsxb-leaf-21.drv'","type":105}
@nix {"action":"result","fields":[31,48,4,0],"id":5470766132887554,"type":105}
@nix {"action":"result","fields":[0,0,0,0],"id":5470766132887555,"type":105}
@nix {"action":"result","fields":[101,0],"id":5470766132887553,"type":106}
@nix {"action":"result","fields":[100,0],"id":5470766132887553,"type":106}
@nix {"action":"start","fields":["/tmp/obrador-shared-pins-linux/round-3-baseline/wide-round-1-jobs-8/store/fp9rk2nr585gscc7c8pqd34anlz6w249-leaf-25.drv.drv","",1,1],"id":5470766132887591,"level":3,"parent":0,"text":"building '/tmp/obrador-shared-pins-linux/round-3-baseline/wide-round-1-jobs-8/store/fp9rk2nr585gscc7c8pqd34anlz6w249-leaf-25.drv.drv'","type":105}
@nix {"action":"result","fields":[31,48,5,0],"id":5470766132887554,"type":105}
@nix {"action":"result","fields":[0,0,0,0],"id":5470766132887555,"type":105}
@nix {"action":"result","fields":[101,0],"id":5470766132887553,"type":106}
@nix {"action":"result","fields":[100,0],"id":5470766132887553,"type":106}
@nix {"action":"start","fields":["/tmp/obrador-shared-pins-linux/round-3-baseline/wide-round-1-jobs-8/store/39qh5qas5c2pqqxl8bb3gh5m30rkhxl2-leaf-26.drv.drv","",1,1],"id":5470766132887592,"level":3,"parent":0,"text":"building '/tmp/obrador-shared-pins-linux/round-3-baseline/wide-round-1-jobs-8/store/39qh5qas5c2pqqxl8bb3gh5m30rkhxl2-leaf-26.drv.drv'","type":105}
@nix {"action":"result","fields":[31,48,6,0],"id":5470766132887554,"type":105}
@nix {"action":"result","fields":[0,0,0,0],"id":5470766132887555,"type":105}
@nix {"action":"result","fields":[101,0],"id":5470766132887553,"type":106}
@nix {"action":"result","fields":[100,0],"id":5470766132887553,"type":106}
@nix {"action":"start","fields":["/tmp/obrador-shared-pins-linux/round-3-baseline/wide-round-1-jobs-8/store/6p8m8s4gpqvicycjd4z971rb2r5bp40z-leaf-27.drv.drv","",1,1],"id":5470766132887593,"level":3,"parent":0,"text":"building '/tmp/obrador-shared-pins-linux/round-3-baseline/wide-round-1-jobs-8/store/6p8m8s4gpqvicycjd4z971rb2r5bp40z-leaf-27.drv.drv'","type":105}
@nix {"action":"result","fields":[31,48,7,0],"id":5470766132887554,"type":105}
@nix {"action":"result","fields":[0,0,0,0],"id":5470766132887555,"type":105}
@nix {"action":"result","fields":[101,0],"id":5470766132887553,"type":106}
@nix {"action":"result","fields":[100,0],"id":5470766132887553,"type":106}
@nix {"action":"start","fields":["/tmp/obrador-shared-pins-linux/round-3-baseline/wide-round-1-jobs-8/store/h4mb1pzgmn0sw3rpd7d35m3lwnpv3gl6-leaf-28.drv.drv","",1,1],"id":5470766132887594,"level":3,"parent":0,"text":"building '/tmp/obrador-shared-pins-linux/round-3-baseline/wide-round-1-jobs-8/store/h4mb1pzgmn0sw3rpd7d35m3lwnpv3gl6-leaf-28.drv.drv'","type":105}
@nix {"action":"result","fields":[31,48,8,0],"id":5470766132887554,"type":105}
@nix {"action":"result","fields":[0,0,0,0],"id":5470766132887555,"type":105}
@nix {"action":"result","fields":[101,0],"id":5470766132887553,"type":106}
@nix {"action":"result","fields":[100,0],"id":5470766132887553,"type":106}
@nix {"action":"result","fields":[32,49,7,0],"id":5470766132887554,"type":105}
@nix {"action":"result","fields":[0,0,0,0],"id":5470766132887555,"type":105}
@nix {"action":"result","fields":[101,0],"id":5470766132887553,"type":106}
@nix {"action":"result","fields":[100,0],"id":5470766132887553,"type":106}
@nix {"action":"stop","id":5470766132887587}
@nix {"action":"result","fields":[33,50,6,0],"id":5470766132887554,"type":105}
@nix {"action":"result","fields":[0,0,0,0],"id":5470766132887555,"type":105}
@nix {"action":"result","fields":[101,0],"id":5470766132887553,"type":106}
@nix {"action":"result","fields":[100,0],"id":5470766132887553,"type":106}
@nix {"action":"stop","id":5470766132887588}
@nix {"action":"result","fields":[34,51,5,0],"id":5470766132887554,"type":105}
@nix {"action":"result","fields":[0,0,0,0],"id":5470766132887555,"type":105}
@nix {"action":"result","fields":[101,0],"id":5470766132887553,"type":106}
@nix {"action":"result","fields":[100,0],"id":5470766132887553,"type":106}
@nix {"action":"stop","id":5470766132887589}
@nix {"action":"result","fields":[35,52,4,0],"id":5470766132887554,"type":105}
@nix {"action":"result","fields":[0,0,0,0],"id":5470766132887555,"type":105}
@nix {"action":"result","fields":[101,0],"id":5470766132887553,"type":106}
@nix {"action":"result","fields":[100,0],"id":5470766132887553,"type":106}
@nix {"action":"stop","id":5470766132887590}
@nix {"action":"result","fields":[36,53,3,0],"id":5470766132887554,"type":105}
@nix {"action":"result","fields":[0,0,0,0],"id":5470766132887555,"type":105}
@nix {"action":"result","fields":[101,0],"id":5470766132887553,"type":106}
@nix {"action":"result","fields":[100,0],"id":5470766132887553,"type":106}
@nix {"action":"stop","id":5470766132887591}
@nix {"action":"result","fields":[37,54,2,0],"id":5470766132887554,"type":105}
@nix {"action":"result","fields":[0,0,0,0],"id":5470766132887555,"type":105}
@nix {"action":"result","fields":[101,0],"id":5470766132887553,"type":106}
@nix {"action":"result","fields":[100,0],"id":5470766132887553,"type":106}
@nix {"action":"stop","id":5470766132887592}
@nix {"action":"result","fields":[38,55,1,0],"id":5470766132887554,"type":105}
@nix {"action":"result","fields":[0,0,0,0],"id":5470766132887555,"type":105}
@nix {"action":"result","fields":[101,0],"id":5470766132887553,"type":106}
@nix {"action":"result","fields":[100,0],"id":5470766132887553,"type":106}
@nix {"action":"stop","id":5470766132887593}
@nix {"action":"start","fields":["/tmp/obrador-shared-pins-linux/round-3-baseline/wide-round-1-jobs-8/store/pi03k5vayg4afcdbiafbd1xgj5xq156f-leaf-16.drv.drv","",1,1],"id":5470766132887595,"level":3,"parent":0,"text":"building '/tmp/obrador-shared-pins-linux/round-3-baseline/wide-round-1-jobs-8/store/pi03k5vayg4afcdbiafbd1xgj5xq156f-leaf-16.drv.drv'","type":105}
@nix {"action":"result","fields":[38,48,2,0],"id":5470766132887554,"type":105}
@nix {"action":"result","fields":[0,0,0,0],"id":5470766132887555,"type":105}
@nix {"action":"result","fields":[101,0],"id":5470766132887553,"type":106}
@nix {"action":"result","fields":[100,0],"id":5470766132887553,"type":106}
@nix {"action":"start","fields":["/tmp/obrador-shared-pins-linux/round-3-baseline/wide-round-1-jobs-8/store/zr84hx90qjrknjwyqhwh9gfrdvakdlrd-leaf-17.drv.drv","",1,1],"id":5470766132887596,"level":3,"parent":0,"text":"building '/tmp/obrador-shared-pins-linux/round-3-baseline/wide-round-1-jobs-8/store/zr84hx90qjrknjwyqhwh9gfrdvakdlrd-leaf-17.drv.drv'","type":105}
@nix {"action":"result","fields":[38,48,3,0],"id":5470766132887554,"type":105}
@nix {"action":"result","fields":[0,0,0,0],"id":5470766132887555,"type":105}
@nix {"action":"result","fields":[101,0],"id":5470766132887553,"type":106}
@nix {"action":"result","fields":[100,0],"id":5470766132887553,"type":106}
@nix {"action":"start","fields":["/tmp/obrador-shared-pins-linux/round-3-baseline/wide-round-1-jobs-8/store/dfnqamhczcqcj1xvcx0bl8lkyfwdjcwz-leaf-18.drv.drv","",1,1],"id":5470766132887597,"level":3,"parent":0,"text":"building '/tmp/obrador-shared-pins-linux/round-3-baseline/wide-round-1-jobs-8/store/dfnqamhczcqcj1xvcx0bl8lkyfwdjcwz-leaf-18.drv.drv'","type":105}
@nix {"action":"result","fields":[38,48,4,0],"id":5470766132887554,"type":105}
@nix {"action":"result","fields":[0,0,0,0],"id":5470766132887555,"type":105}
@nix {"action":"result","fields":[101,0],"id":5470766132887553,"type":106}
@nix {"action":"result","fields":[100,0],"id":5470766132887553,"type":106}
@nix {"action":"start","fields":["/tmp/obrador-shared-pins-linux/round-3-baseline/wide-round-1-jobs-8/store/cc345f20k89qs6bjvzj5hh5w7wnmfwng-leaf-22.drv.drv","",1,1],"id":5470766132887598,"level":3,"parent":0,"text":"building '/tmp/obrador-shared-pins-linux/round-3-baseline/wide-round-1-jobs-8/store/cc345f20k89qs6bjvzj5hh5w7wnmfwng-leaf-22.drv.drv'","type":105}
@nix {"action":"result","fields":[38,48,5,0],"id":5470766132887554,"type":105}
@nix {"action":"result","fields":[0,0,0,0],"id":5470766132887555,"type":105}
@nix {"action":"result","fields":[101,0],"id":5470766132887553,"type":106}
@nix {"action":"result","fields":[100,0],"id":5470766132887553,"type":106}
@nix {"action":"start","fields":["/tmp/obrador-shared-pins-linux/round-3-baseline/wide-round-1-jobs-8/store/cfa6kkn1ffxqgf6yp6w48p33k5lbyzz5-leaf-23.drv.drv","",1,1],"id":5470766132887599,"level":3,"parent":0,"text":"building '/tmp/obrador-shared-pins-linux/round-3-baseline/wide-round-1-jobs-8/store/cfa6kkn1ffxqgf6yp6w48p33k5lbyzz5-leaf-23.drv.drv'","type":105}
@nix {"action":"result","fields":[38,48,6,0],"id":5470766132887554,"type":105}
@nix {"action":"result","fields":[0,0,0,0],"id":5470766132887555,"type":105}
@nix {"action":"result","fields":[101,0],"id":5470766132887553,"type":106}
@nix {"action":"result","fields":[100,0],"id":5470766132887553,"type":106}
@nix {"action":"start","fields":["/tmp/obrador-shared-pins-linux/round-3-baseline/wide-round-1-jobs-8/store/l013y93jvwbw3jhf0hr5j0v38h7bynf9-leaf-24.drv.drv","",1,1],"id":5470766132887600,"level":3,"parent":0,"text":"building '/tmp/obrador-shared-pins-linux/round-3-baseline/wide-round-1-jobs-8/store/l013y93jvwbw3jhf0hr5j0v38h7bynf9-leaf-24.drv.drv'","type":105}
@nix {"action":"result","fields":[38,48,7,0],"id":5470766132887554,"type":105}
@nix {"action":"result","fields":[0,0,0,0],"id":5470766132887555,"type":105}
@nix {"action":"result","fields":[101,0],"id":5470766132887553,"type":106}
@nix {"action":"result","fields":[100,0],"id":5470766132887553,"type":106}
@nix {"action":"start","fields":["/tmp/obrador-shared-pins-linux/round-3-baseline/wide-round-1-jobs-8/store/pxgs2gijrpvbhkdraz9b0jccilm8i4fg-leaf-30.drv.drv","",1,1],"id":5470766132887601,"level":3,"parent":0,"text":"building '/tmp/obrador-shared-pins-linux/round-3-baseline/wide-round-1-jobs-8/store/pxgs2gijrpvbhkdraz9b0jccilm8i4fg-leaf-30.drv.drv'","type":105}
@nix {"action":"result","fields":[38,48,8,0],"id":5470766132887554,"type":105}
@nix {"action":"result","fields":[0,0,0,0],"id":5470766132887555,"type":105}
@nix {"action":"result","fields":[101,0],"id":5470766132887553,"type":106}
@nix {"action":"result","fields":[100,0],"id":5470766132887553,"type":106}
@nix {"action":"result","fields":[38,49,8,0],"id":5470766132887554,"type":105}
@nix {"action":"result","fields":[0,0,0,0],"id":5470766132887555,"type":105}
@nix {"action":"result","fields":[101,0],"id":5470766132887553,"type":106}
@nix {"action":"result","fields":[100,0],"id":5470766132887553,"type":106}
@nix {"action":"result","fields":[38,50,8,0],"id":5470766132887554,"type":105}
@nix {"action":"result","fields":[0,0,0,0],"id":5470766132887555,"type":105}
@nix {"action":"result","fields":[101,0],"id":5470766132887553,"type":106}
@nix {"action":"result","fields":[100,0],"id":5470766132887553,"type":106}
@nix {"action":"result","fields":[38,51,8,0],"id":5470766132887554,"type":105}
@nix {"action":"result","fields":[0,0,0,0],"id":5470766132887555,"type":105}
@nix {"action":"result","fields":[101,0],"id":5470766132887553,"type":106}
@nix {"action":"result","fields":[100,0],"id":5470766132887553,"type":106}
@nix {"action":"result","fields":[38,52,8,0],"id":5470766132887554,"type":105}
@nix {"action":"result","fields":[0,0,0,0],"id":5470766132887555,"type":105}
@nix {"action":"result","fields":[101,0],"id":5470766132887553,"type":106}
@nix {"action":"result","fields":[100,0],"id":5470766132887553,"type":106}
@nix {"action":"result","fields":[38,53,8,0],"id":5470766132887554,"type":105}
@nix {"action":"result","fields":[0,0,0,0],"id":5470766132887555,"type":105}
@nix {"action":"result","fields":[101,0],"id":5470766132887553,"type":106}
@nix {"action":"result","fields":[100,0],"id":5470766132887553,"type":106}
@nix {"action":"result","fields":[38,54,8,0],"id":5470766132887554,"type":105}
@nix {"action":"result","fields":[0,0,0,0],"id":5470766132887555,"type":105}
@nix {"action":"result","fields":[101,0],"id":5470766132887553,"type":106}
@nix {"action":"result","fields":[100,0],"id":5470766132887553,"type":106}
@nix {"action":"result","fields":[39,55,7,0],"id":5470766132887554,"type":105}
@nix {"action":"result","fields":[0,0,0,0],"id":5470766132887555,"type":105}
@nix {"action":"result","fields":[101,0],"id":5470766132887553,"type":106}
@nix {"action":"result","fields":[100,0],"id":5470766132887553,"type":106}
@nix {"action":"stop","id":5470766132887595}
@nix {"action":"result","fields":[40,56,6,0],"id":5470766132887554,"type":105}
@nix {"action":"result","fields":[0,0,0,0],"id":5470766132887555,"type":105}
@nix {"action":"result","fields":[101,0],"id":5470766132887553,"type":106}
@nix {"action":"result","fields":[100,0],"id":5470766132887553,"type":106}
@nix {"action":"stop","id":5470766132887596}
@nix {"action":"result","fields":[41,57,5,0],"id":5470766132887554,"type":105}
@nix {"action":"result","fields":[0,0,0,0],"id":5470766132887555,"type":105}
@nix {"action":"result","fields":[101,0],"id":5470766132887553,"type":106}
@nix {"action":"result","fields":[100,0],"id":5470766132887553,"type":106}
@nix {"action":"stop","id":5470766132887597}
@nix {"action":"result","fields":[42,58,4,0],"id":5470766132887554,"type":105}
@nix {"action":"result","fields":[0,0,0,0],"id":5470766132887555,"type":105}
@nix {"action":"result","fields":[101,0],"id":5470766132887553,"type":106}
@nix {"action":"result","fields":[100,0],"id":5470766132887553,"type":106}
@nix {"action":"stop","id":5470766132887598}
@nix {"action":"result","fields":[43,59,3,0],"id":5470766132887554,"type":105}
@nix {"action":"result","fields":[0,0,0,0],"id":5470766132887555,"type":105}
@nix {"action":"result","fields":[101,0],"id":5470766132887553,"type":106}
@nix {"action":"result","fields":[100,0],"id":5470766132887553,"type":106}
@nix {"action":"stop","id":5470766132887599}
@nix {"action":"result","fields":[44,60,2,0],"id":5470766132887554,"type":105}
@nix {"action":"result","fields":[0,0,0,0],"id":5470766132887555,"type":105}
@nix {"action":"result","fields":[101,0],"id":5470766132887553,"type":106}
@nix {"action":"result","fields":[100,0],"id":5470766132887553,"type":106}
@nix {"action":"stop","id":5470766132887600}
@nix {"action":"result","fields":[45,61,1,0],"id":5470766132887554,"type":105}
@nix {"action":"result","fields":[0,0,0,0],"id":5470766132887555,"type":105}
@nix {"action":"result","fields":[101,0],"id":5470766132887553,"type":106}
@nix {"action":"result","fields":[100,0],"id":5470766132887553,"type":106}
@nix {"action":"stop","id":5470766132887594}
@nix {"action":"result","fields":[46,62,0,0],"id":5470766132887554,"type":105}
@nix {"action":"result","fields":[0,0,0,0],"id":5470766132887555,"type":105}
@nix {"action":"result","fields":[101,0],"id":5470766132887553,"type":106}
@nix {"action":"result","fields":[100,0],"id":5470766132887553,"type":106}
@nix {"action":"stop","id":5470766132887601}
@nix {"action":"start","fields":["/tmp/obrador-shared-pins-linux/round-3-baseline/wide-round-1-jobs-8/store/x0d1g0fsfc4y9mgwcrwzamd21vdpsc17-leaf-19.drv","",1,1],"id":5470766132887602,"level":3,"parent":0,"text":"building '/tmp/obrador-shared-pins-linux/round-3-baseline/wide-round-1-jobs-8/store/x0d1g0fsfc4y9mgwcrwzamd21vdpsc17-leaf-19.drv'","type":105}
@nix {"action":"result","fields":[46,54,1,0],"id":5470766132887554,"type":105}
@nix {"action":"result","fields":[0,0,0,0],"id":5470766132887555,"type":105}
@nix {"action":"result","fields":[101,0],"id":5470766132887553,"type":106}
@nix {"action":"result","fields":[100,0],"id":5470766132887553,"type":106}
@nix {"action":"start","fields":["/tmp/obrador-shared-pins-linux/round-3-baseline/wide-round-1-jobs-8/store/m1ksw75xpc0zzb1xl24pvjx9pxlbg5ns-leaf-2.drv","",1,1],"id":5470766132887603,"level":3,"parent":0,"text":"building '/tmp/obrador-shared-pins-linux/round-3-baseline/wide-round-1-jobs-8/store/m1ksw75xpc0zzb1xl24pvjx9pxlbg5ns-leaf-2.drv'","type":105}
@nix {"action":"result","fields":[46,54,2,0],"id":5470766132887554,"type":105}
@nix {"action":"result","fields":[0,0,0,0],"id":5470766132887555,"type":105}
@nix {"action":"result","fields":[101,0],"id":5470766132887553,"type":106}
@nix {"action":"result","fields":[100,0],"id":5470766132887553,"type":106}
@nix {"action":"start","fields":["/tmp/obrador-shared-pins-linux/round-3-baseline/wide-round-1-jobs-8/store/wadwv7bcwm50il3aag2krd0gvaxk760i-leaf-20.drv","",1,1],"id":5470766132887604,"level":3,"parent":0,"text":"building '/tmp/obrador-shared-pins-linux/round-3-baseline/wide-round-1-jobs-8/store/wadwv7bcwm50il3aag2krd0gvaxk760i-leaf-20.drv'","type":105}
@nix {"action":"result","fields":[46,54,3,0],"id":5470766132887554,"type":105}
@nix {"action":"result","fields":[0,0,0,0],"id":5470766132887555,"type":105}
@nix {"action":"result","fields":[101,0],"id":5470766132887553,"type":106}
@nix {"action":"result","fields":[100,0],"id":5470766132887553,"type":106}
@nix {"action":"start","fields":["/tmp/obrador-shared-pins-linux/round-3-baseline/wide-round-1-jobs-8/store/wlk1aczdsixz332lb6i6fvx35k79ql8l-leaf-25.drv","",1,1],"id":5470766132887605,"level":3,"parent":0,"text":"building '/tmp/obrador-shared-pins-linux/round-3-baseline/wide-round-1-jobs-8/store/wlk1aczdsixz332lb6i6fvx35k79ql8l-leaf-25.drv'","type":105}
@nix {"action":"result","fields":[46,54,4,0],"id":5470766132887554,"type":105}
@nix {"action":"result","fields":[0,0,0,0],"id":5470766132887555,"type":105}
@nix {"action":"result","fields":[101,0],"id":5470766132887553,"type":106}
@nix {"action":"result","fields":[100,0],"id":5470766132887553,"type":106}
@nix {"action":"start","fields":["/tmp/obrador-shared-pins-linux/round-3-baseline/wide-round-1-jobs-8/store/n9wp2v5vgfqccl0mxzc65fi0m2bgwxc0-leaf-26.drv","",1,1],"id":5470766132887606,"level":3,"parent":0,"text":"building '/tmp/obrador-shared-pins-linux/round-3-baseline/wide-round-1-jobs-8/store/n9wp2v5vgfqccl0mxzc65fi0m2bgwxc0-leaf-26.drv'","type":105}
@nix {"action":"result","fields":[46,54,5,0],"id":5470766132887554,"type":105}
@nix {"action":"result","fields":[0,0,0,0],"id":5470766132887555,"type":105}
@nix {"action":"result","fields":[101,0],"id":5470766132887553,"type":106}
@nix {"action":"result","fields":[100,0],"id":5470766132887553,"type":106}
@nix {"action":"start","fields":["/tmp/obrador-shared-pins-linux/round-3-baseline/wide-round-1-jobs-8/store/nqgqvfz946yhbynzm6rjrsvhsm0dk1pr-leaf-27.drv","",1,1],"id":5470766132887607,"level":3,"parent":0,"text":"building '/tmp/obrador-shared-pins-linux/round-3-baseline/wide-round-1-jobs-8/store/nqgqvfz946yhbynzm6rjrsvhsm0dk1pr-leaf-27.drv'","type":105}
@nix {"action":"result","fields":[46,54,6,0],"id":5470766132887554,"type":105}
@nix {"action":"result","fields":[0,0,0,0],"id":5470766132887555,"type":105}
@nix {"action":"result","fields":[101,0],"id":5470766132887553,"type":106}
@nix {"action":"result","fields":[100,0],"id":5470766132887553,"type":106}
@nix {"action":"start","fields":["/tmp/obrador-shared-pins-linux/round-3-baseline/wide-round-1-jobs-8/store/0khmzfavsi49kxdmgg3fp49fa8a3zp4c-leaf-29.drv.drv","",1,1],"id":5470766132887608,"level":3,"parent":0,"text":"building '/tmp/obrador-shared-pins-linux/round-3-baseline/wide-round-1-jobs-8/store/0khmzfavsi49kxdmgg3fp49fa8a3zp4c-leaf-29.drv.drv'","type":105}
@nix {"action":"result","fields":[46,54,7,0],"id":5470766132887554,"type":105}
@nix {"action":"result","fields":[0,0,0,0],"id":5470766132887555,"type":105}
@nix {"action":"result","fields":[101,0],"id":5470766132887553,"type":106}
@nix {"action":"result","fields":[100,0],"id":5470766132887553,"type":106}
@nix {"action":"start","fields":["/tmp/obrador-shared-pins-linux/round-3-baseline/wide-round-1-jobs-8/store/nv40m71gz5lglkak2ys62c5w0v1vpm28-leaf-3.drv.drv","",1,1],"id":5470766132887609,"level":3,"parent":0,"text":"building '/tmp/obrador-shared-pins-linux/round-3-baseline/wide-round-1-jobs-8/store/nv40m71gz5lglkak2ys62c5w0v1vpm28-leaf-3.drv.drv'","type":105}
@nix {"action":"result","fields":[46,54,8,0],"id":5470766132887554,"type":105}
@nix {"action":"result","fields":[0,0,0,0],"id":5470766132887555,"type":105}
@nix {"action":"result","fields":[101,0],"id":5470766132887553,"type":106}
@nix {"action":"result","fields":[100,0],"id":5470766132887553,"type":106}
@nix {"action":"result","fields":[46,55,8,0],"id":5470766132887554,"type":105}
@nix {"action":"result","fields":[0,0,0,0],"id":5470766132887555,"type":105}
@nix {"action":"result","fields":[101,0],"id":5470766132887553,"type":106}
@nix {"action":"result","fields":[100,0],"id":5470766132887553,"type":106}
@nix {"action":"result","fields":[46,56,8,0],"id":5470766132887554,"type":105}
@nix {"action":"result","fields":[0,0,0,0],"id":5470766132887555,"type":105}
@nix {"action":"result","fields":[101,0],"id":5470766132887553,"type":106}
@nix {"action":"result","fields":[100,0],"id":5470766132887553,"type":106}
@nix {"action":"result","fields":[46,57,8,0],"id":5470766132887554,"type":105}
@nix {"action":"result","fields":[0,0,0,0],"id":5470766132887555,"type":105}
@nix {"action":"result","fields":[101,0],"id":5470766132887553,"type":106}
@nix {"action":"result","fields":[100,0],"id":5470766132887553,"type":106}
@nix {"action":"result","fields":[46,58,8,0],"id":5470766132887554,"type":105}
@nix {"action":"result","fields":[0,0,0,0],"id":5470766132887555,"type":105}
@nix {"action":"result","fields":[101,0],"id":5470766132887553,"type":106}
@nix {"action":"result","fields":[100,0],"id":5470766132887553,"type":106}
@nix {"action":"result","fields":[46,59,8,0],"id":5470766132887554,"type":105}
@nix {"action":"result","fields":[0,0,0,0],"id":5470766132887555,"type":105}
@nix {"action":"result","fields":[101,0],"id":5470766132887553,"type":106}
@nix {"action":"result","fields":[100,0],"id":5470766132887553,"type":106}
@nix {"action":"result","fields":[46,60,8,0],"id":5470766132887554,"type":105}
@nix {"action":"result","fields":[0,0,0,0],"id":5470766132887555,"type":105}
@nix {"action":"result","fields":[101,0],"id":5470766132887553,"type":106}
@nix {"action":"result","fields":[100,0],"id":5470766132887553,"type":106}
@nix {"action":"result","fields":[46,61,8,0],"id":5470766132887554,"type":105}
@nix {"action":"result","fields":[0,0,0,0],"id":5470766132887555,"type":105}
@nix {"action":"result","fields":[101,0],"id":5470766132887553,"type":106}
@nix {"action":"result","fields":[100,0],"id":5470766132887553,"type":106}
@nix {"action":"result","fields":[46,62,8,0],"id":5470766132887554,"type":105}
@nix {"action":"result","fields":[0,0,0,0],"id":5470766132887555,"type":105}
@nix {"action":"result","fields":[101,0],"id":5470766132887553,"type":106}
@nix {"action":"result","fields":[100,0],"id":5470766132887553,"type":106}
@nix {"action":"result","fields":[47,63,7,0],"id":5470766132887554,"type":105}
@nix {"action":"result","fields":[0,0,0,0],"id":5470766132887555,"type":105}
@nix {"action":"result","fields":[101,0],"id":5470766132887553,"type":106}
@nix {"action":"result","fields":[100,0],"id":5470766132887553,"type":106}
@nix {"action":"stop","id":5470766132887602}
@nix {"action":"result","fields":[48,64,6,0],"id":5470766132887554,"type":105}
@nix {"action":"result","fields":[0,0,0,0],"id":5470766132887555,"type":105}
@nix {"action":"result","fields":[101,0],"id":5470766132887553,"type":106}
@nix {"action":"result","fields":[100,0],"id":5470766132887553,"type":106}
@nix {"action":"stop","id":5470766132887603}
@nix {"action":"result","fields":[49,65,5,0],"id":5470766132887554,"type":105}
@nix {"action":"result","fields":[0,0,0,0],"id":5470766132887555,"type":105}
@nix {"action":"result","fields":[101,0],"id":5470766132887553,"type":106}
@nix {"action":"result","fields":[100,0],"id":5470766132887553,"type":106}
@nix {"action":"stop","id":5470766132887604}
@nix {"action":"result","fields":[50,66,4,0],"id":5470766132887554,"type":105}
@nix {"action":"result","fields":[0,0,0,0],"id":5470766132887555,"type":105}
@nix {"action":"result","fields":[101,0],"id":5470766132887553,"type":106}
@nix {"action":"result","fields":[100,0],"id":5470766132887553,"type":106}
@nix {"action":"stop","id":5470766132887605}
@nix {"action":"result","fields":[51,67,3,0],"id":5470766132887554,"type":105}
@nix {"action":"result","fields":[0,0,0,0],"id":5470766132887555,"type":105}
@nix {"action":"result","fields":[101,0],"id":5470766132887553,"type":106}
@nix {"action":"result","fields":[100,0],"id":5470766132887553,"type":106}
@nix {"action":"stop","id":5470766132887606}
@nix {"action":"result","fields":[52,68,2,0],"id":5470766132887554,"type":105}
@nix {"action":"result","fields":[0,0,0,0],"id":5470766132887555,"type":105}
@nix {"action":"result","fields":[101,0],"id":5470766132887553,"type":106}
@nix {"action":"result","fields":[100,0],"id":5470766132887553,"type":106}
@nix {"action":"stop","id":5470766132887607}
@nix {"action":"result","fields":[53,69,1,0],"id":5470766132887554,"type":105}
@nix {"action":"result","fields":[0,0,0,0],"id":5470766132887555,"type":105}
@nix {"action":"result","fields":[101,0],"id":5470766132887553,"type":106}
@nix {"action":"result","fields":[100,0],"id":5470766132887553,"type":106}
@nix {"action":"stop","id":5470766132887608}
@nix {"action":"result","fields":[54,70,0,0],"id":5470766132887554,"type":105}
@nix {"action":"result","fields":[0,0,0,0],"id":5470766132887555,"type":105}
@nix {"action":"result","fields":[101,0],"id":5470766132887553,"type":106}
@nix {"action":"result","fields":[100,0],"id":5470766132887553,"type":106}
@nix {"action":"stop","id":5470766132887609}
@nix {"action":"start","fields":["/tmp/obrador-shared-pins-linux/round-3-baseline/wide-round-1-jobs-8/store/45680hm2dvpw3qygzqdzwc2sfxd3lphf-leaf-16.drv","",1,1],"id":5470766132887610,"level":3,"parent":0,"text":"building '/tmp/obrador-shared-pins-linux/round-3-baseline/wide-round-1-jobs-8/store/45680hm2dvpw3qygzqdzwc2sfxd3lphf-leaf-16.drv'","type":105}
@nix {"action":"result","fields":[54,62,1,0],"id":5470766132887554,"type":105}
@nix {"action":"result","fields":[0,0,0,0],"id":5470766132887555,"type":105}
@nix {"action":"result","fields":[101,0],"id":5470766132887553,"type":106}
@nix {"action":"result","fields":[100,0],"id":5470766132887553,"type":106}
@nix {"action":"start","fields":["/tmp/obrador-shared-pins-linux/round-3-baseline/wide-round-1-jobs-8/store/bl85yhvvwj8n15mxw07w4kggz09hc53w-leaf-17.drv","",1,1],"id":5470766132887611,"level":3,"parent":0,"text":"building '/tmp/obrador-shared-pins-linux/round-3-baseline/wide-round-1-jobs-8/store/bl85yhvvwj8n15mxw07w4kggz09hc53w-leaf-17.drv'","type":105}
@nix {"action":"result","fields":[54,62,2,0],"id":5470766132887554,"type":105}
@nix {"action":"result","fields":[0,0,0,0],"id":5470766132887555,"type":105}
@nix {"action":"result","fields":[101,0],"id":5470766132887553,"type":106}
@nix {"action":"result","fields":[100,0],"id":5470766132887553,"type":106}
@nix {"action":"start","fields":["/tmp/obrador-shared-pins-linux/round-3-baseline/wide-round-1-jobs-8/store/9jfi9apfliamqg32k16rg75ldqdgj05x-leaf-18.drv","",1,1],"id":5470766132887612,"level":3,"parent":0,"text":"building '/tmp/obrador-shared-pins-linux/round-3-baseline/wide-round-1-jobs-8/store/9jfi9apfliamqg32k16rg75ldqdgj05x-leaf-18.drv'","type":105}
@nix {"action":"result","fields":[54,62,3,0],"id":5470766132887554,"type":105}
@nix {"action":"result","fields":[0,0,0,0],"id":5470766132887555,"type":105}
@nix {"action":"result","fields":[101,0],"id":5470766132887553,"type":106}
@nix {"action":"result","fields":[100,0],"id":5470766132887553,"type":106}
@nix {"action":"start","fields":["/tmp/obrador-shared-pins-linux/round-3-baseline/wide-round-1-jobs-8/store/w83xqzfalxxqkkp6wvrix9y2z6k8j8pw-leaf-22.drv","",1,1],"id":5470766132887613,"level":3,"parent":0,"text":"building '/tmp/obrador-shared-pins-linux/round-3-baseline/wide-round-1-jobs-8/store/w83xqzfalxxqkkp6wvrix9y2z6k8j8pw-leaf-22.drv'","type":105}
@nix {"action":"result","fields":[54,62,4,0],"id":5470766132887554,"type":105}
@nix {"action":"result","fields":[0,0,0,0],"id":5470766132887555,"type":105}
@nix {"action":"result","fields":[101,0],"id":5470766132887553,"type":106}
@nix {"action":"result","fields":[100,0],"id":5470766132887553,"type":106}
@nix {"action":"start","fields":["/tmp/obrador-shared-pins-linux/round-3-baseline/wide-round-1-jobs-8/store/53mq13pmj53zxjm17grj8n7lapm39qha-leaf-23.drv","",1,1],"id":5470766132887614,"level":3,"parent":0,"text":"building '/tmp/obrador-shared-pins-linux/round-3-baseline/wide-round-1-jobs-8/store/53mq13pmj53zxjm17grj8n7lapm39qha-leaf-23.drv'","type":105}
@nix {"action":"result","fields":[54,62,5,0],"id":5470766132887554,"type":105}
@nix {"action":"result","fields":[0,0,0,0],"id":5470766132887555,"type":105}
@nix {"action":"result","fields":[101,0],"id":5470766132887553,"type":106}
@nix {"action":"result","fields":[100,0],"id":5470766132887553,"type":106}
@nix {"action":"start","fields":["/tmp/obrador-shared-pins-linux/round-3-baseline/wide-round-1-jobs-8/store/a296bw9351pkr69r5l7jsbyz23xlh86m-leaf-24.drv","",1,1],"id":5470766132887615,"level":3,"parent":0,"text":"building '/tmp/obrador-shared-pins-linux/round-3-baseline/wide-round-1-jobs-8/store/a296bw9351pkr69r5l7jsbyz23xlh86m-leaf-24.drv'","type":105}
@nix {"action":"result","fields":[54,62,6,0],"id":5470766132887554,"type":105}
@nix {"action":"result","fields":[0,0,0,0],"id":5470766132887555,"type":105}
@nix {"action":"result","fields":[101,0],"id":5470766132887553,"type":106}
@nix {"action":"result","fields":[100,0],"id":5470766132887553,"type":106}
@nix {"action":"start","fields":["/tmp/obrador-shared-pins-linux/round-3-baseline/wide-round-1-jobs-8/store/f2bgfs3zsf730va00sqhihvyadx3vq3j-leaf-28.drv","",1,1],"id":5470766132887616,"level":3,"parent":0,"text":"building '/tmp/obrador-shared-pins-linux/round-3-baseline/wide-round-1-jobs-8/store/f2bgfs3zsf730va00sqhihvyadx3vq3j-leaf-28.drv'","type":105}
@nix {"action":"result","fields":[54,62,7,0],"id":5470766132887554,"type":105}
@nix {"action":"result","fields":[0,0,0,0],"id":5470766132887555,"type":105}
@nix {"action":"result","fields":[101,0],"id":5470766132887553,"type":106}
@nix {"action":"result","fields":[100,0],"id":5470766132887553,"type":106}
@nix {"action":"start","fields":["/tmp/obrador-shared-pins-linux/round-3-baseline/wide-round-1-jobs-8/store/d701aw7ikjwi9pinga4w4rrj0dgc8qxg-leaf-30.drv","",1,1],"id":5470766132887617,"level":3,"parent":0,"text":"building '/tmp/obrador-shared-pins-linux/round-3-baseline/wide-round-1-jobs-8/store/d701aw7ikjwi9pinga4w4rrj0dgc8qxg-leaf-30.drv'","type":105}
@nix {"action":"result","fields":[54,62,8,0],"id":5470766132887554,"type":105}
@nix {"action":"result","fields":[0,0,0,0],"id":5470766132887555,"type":105}
@nix {"action":"result","fields":[101,0],"id":5470766132887553,"type":106}
@nix {"action":"result","fields":[100,0],"id":5470766132887553,"type":106}
@nix {"action":"result","fields":[54,63,8,0],"id":5470766132887554,"type":105}
@nix {"action":"result","fields":[0,0,0,0],"id":5470766132887555,"type":105}
@nix {"action":"result","fields":[101,0],"id":5470766132887553,"type":106}
@nix {"action":"result","fields":[100,0],"id":5470766132887553,"type":106}
@nix {"action":"result","fields":[54,64,8,0],"id":5470766132887554,"type":105}
@nix {"action":"result","fields":[0,0,0,0],"id":5470766132887555,"type":105}
@nix {"action":"result","fields":[101,0],"id":5470766132887553,"type":106}
@nix {"action":"result","fields":[100,0],"id":5470766132887553,"type":106}
@nix {"action":"result","fields":[55,65,7,0],"id":5470766132887554,"type":105}
@nix {"action":"result","fields":[0,0,0,0],"id":5470766132887555,"type":105}
@nix {"action":"result","fields":[101,0],"id":5470766132887553,"type":106}
@nix {"action":"result","fields":[100,0],"id":5470766132887553,"type":106}
@nix {"action":"stop","id":5470766132887610}
@nix {"action":"result","fields":[56,66,6,0],"id":5470766132887554,"type":105}
@nix {"action":"result","fields":[0,0,0,0],"id":5470766132887555,"type":105}
@nix {"action":"result","fields":[101,0],"id":5470766132887553,"type":106}
@nix {"action":"result","fields":[100,0],"id":5470766132887553,"type":106}
@nix {"action":"stop","id":5470766132887611}
@nix {"action":"result","fields":[57,67,5,0],"id":5470766132887554,"type":105}
@nix {"action":"result","fields":[0,0,0,0],"id":5470766132887555,"type":105}
@nix {"action":"result","fields":[101,0],"id":5470766132887553,"type":106}
@nix {"action":"result","fields":[100,0],"id":5470766132887553,"type":106}
@nix {"action":"stop","id":5470766132887612}
@nix {"action":"result","fields":[58,68,4,0],"id":5470766132887554,"type":105}
@nix {"action":"result","fields":[0,0,0,0],"id":5470766132887555,"type":105}
@nix {"action":"result","fields":[101,0],"id":5470766132887553,"type":106}
@nix {"action":"result","fields":[100,0],"id":5470766132887553,"type":106}
@nix {"action":"stop","id":5470766132887613}
@nix {"action":"result","fields":[59,69,3,0],"id":5470766132887554,"type":105}
@nix {"action":"result","fields":[0,0,0,0],"id":5470766132887555,"type":105}
@nix {"action":"result","fields":[101,0],"id":5470766132887553,"type":106}
@nix {"action":"result","fields":[100,0],"id":5470766132887553,"type":106}
@nix {"action":"stop","id":5470766132887614}
@nix {"action":"result","fields":[60,70,2,0],"id":5470766132887554,"type":105}
@nix {"action":"result","fields":[0,0,0,0],"id":5470766132887555,"type":105}
@nix {"action":"result","fields":[101,0],"id":5470766132887553,"type":106}
@nix {"action":"result","fields":[100,0],"id":5470766132887553,"type":106}
@nix {"action":"stop","id":5470766132887615}
@nix {"action":"result","fields":[61,71,1,0],"id":5470766132887554,"type":105}
@nix {"action":"result","fields":[0,0,0,0],"id":5470766132887555,"type":105}
@nix {"action":"result","fields":[101,0],"id":5470766132887553,"type":106}
@nix {"action":"result","fields":[100,0],"id":5470766132887553,"type":106}
@nix {"action":"stop","id":5470766132887616}
@nix {"action":"result","fields":[62,72,0,0],"id":5470766132887554,"type":105}
@nix {"action":"result","fields":[0,0,0,0],"id":5470766132887555,"type":105}
@nix {"action":"result","fields":[101,0],"id":5470766132887553,"type":106}
@nix {"action":"result","fields":[100,0],"id":5470766132887553,"type":106}
@nix {"action":"stop","id":5470766132887617}
@nix {"action":"start","fields":["/tmp/obrador-shared-pins-linux/round-3-baseline/wide-round-1-jobs-8/store/0xk16j70z8ncsfgq57m7bp0apbk3pawd-leaf-29.drv","",1,1],"id":5470766132887618,"level":3,"parent":0,"text":"building '/tmp/obrador-shared-pins-linux/round-3-baseline/wide-round-1-jobs-8/store/0xk16j70z8ncsfgq57m7bp0apbk3pawd-leaf-29.drv'","type":105}
@nix {"action":"result","fields":[62,64,1,0],"id":5470766132887554,"type":105}
@nix {"action":"result","fields":[0,0,0,0],"id":5470766132887555,"type":105}
@nix {"action":"result","fields":[101,0],"id":5470766132887553,"type":106}
@nix {"action":"result","fields":[100,0],"id":5470766132887553,"type":106}
@nix {"action":"start","fields":["/tmp/obrador-shared-pins-linux/round-3-baseline/wide-round-1-jobs-8/store/flsdjs0fzsdd3z25sr25vzw1yxxz6f9y-leaf-3.drv","",1,1],"id":5470766132887619,"level":3,"parent":0,"text":"building '/tmp/obrador-shared-pins-linux/round-3-baseline/wide-round-1-jobs-8/store/flsdjs0fzsdd3z25sr25vzw1yxxz6f9y-leaf-3.drv'","type":105}
@nix {"action":"result","fields":[62,64,2,0],"id":5470766132887554,"type":105}
@nix {"action":"result","fields":[0,0,0,0],"id":5470766132887555,"type":105}
@nix {"action":"result","fields":[101,0],"id":5470766132887553,"type":106}
@nix {"action":"result","fields":[100,0],"id":5470766132887553,"type":106}
@nix {"action":"result","fields":[63,65,1,0],"id":5470766132887554,"type":105}
@nix {"action":"result","fields":[0,0,0,0],"id":5470766132887555,"type":105}
@nix {"action":"result","fields":[101,0],"id":5470766132887553,"type":106}
@nix {"action":"result","fields":[100,0],"id":5470766132887553,"type":106}
@nix {"action":"stop","id":5470766132887618}
@nix {"action":"result","fields":[64,65,0,0],"id":5470766132887554,"type":105}
@nix {"action":"result","fields":[0,0,0,0],"id":5470766132887555,"type":105}
@nix {"action":"result","fields":[101,0],"id":5470766132887553,"type":106}
@nix {"action":"result","fields":[100,0],"id":5470766132887553,"type":106}
@nix {"action":"stop","id":5470766132887619}
@nix {"action":"stop","id":5470766132887555}
@nix {"action":"stop","id":5470766132887554}
@nix {"action":"stop","id":5470766132887553}
