@nix {"action":"start","id":5441096498806784,"level":6,"parent":0,"text":"querying info about missing paths","type":0}
@nix {"action":"msg","level":1,"msg":"\u001b[35;1mwarning:\u001b[0m Ignoring dynamic derivation /tmp/obrador-shared-pins-linux/round-2-after/chain-round-1-jobs-8/store/5cccw2g0ffpln1i1x1xqbcbwr69xjnc4-leaf-31.drv.drv^out while querying missing paths; not yet implemented"}
@nix {"action":"stop","id":5441096498806784}
@nix {"action":"start","id":5441096498806785,"level":0,"parent":0,"text":"","type":102}
@nix {"action":"start","id":5441096498806786,"level":0,"parent":0,"text":"","type":104}
@nix {"action":"start","id":5441096498806787,"level":0,"parent":0,"text":"","type":103}
@nix {"action":"result","fields":[0,0,0,0],"id":5441096498806786,"type":105}
@nix {"action":"result","fields":[0,0,0,0],"id":5441096498806787,"type":105}
@nix {"action":"result","fields":[101,0],"id":5441096498806785,"type":106}
@nix {"action":"result","fields":[100,0],"id":5441096498806785,"type":106}
@nix {"action":"result","fields":[0,0,0,0],"id":5441096498806786,"type":105}
@nix {"action":"result","fields":[0,0,0,0],"id":5441096498806787,"type":105}
@nix {"action":"result","fields":[101,0],"id":5441096498806785,"type":106}
@nix {"action":"result","fields":[100,0],"id":5441096498806785,"type":106}
@nix {"action":"result","fields":[0,1,0,0],"id":5441096498806786,"type":105}
@nix {"action":"result","fields":[0,0,0,0],"id":5441096498806787,"type":105}
@nix {"action":"result","fields":[101,0],"id":5441096498806785,"type":106}
@nix {"action":"result","fields":[100,0],"id":5441096498806785,"type":106}
@nix {"action":"result","fields":[0,1,0,0],"id":5441096498806786,"type":105}
@nix {"action":"result","fields":[0,0,0,0],"id":5441096498806787,"type":105}
@nix {"action":"result","fields":[101,0],"id":5441096498806785,"type":106}
@nix {"action":"result","fields":[100,0],"id":5441096498806785,"type":106}
@nix {"action":"result","fields":[0,1,0,0],"id":5441096498806786,"type":105}
@nix {"action":"result","fields":[0,0,0,0],"id":5441096498806787,"type":105}
@nix {"action":"result","fields":[101,0],"id":5441096498806785,"type":106}
@nix {"action":"result","fields":[100,0],"id":5441096498806785,"type":106}
@nix {"action":"result","fields":[0,2,0,0],"id":5441096498806786,"type":105}
@nix {"action":"result","fields":[0,0,0,0],"id":5441096498806787,"type":105}
@nix {"action":"result","fields":[101,0],"id":5441096498806785,"type":106}
@nix {"action":"result","fields":[100,0],"id":5441096498806785,"type":106}
@nix {"action":"result","fields":[0,2,0,0],"id":5441096498806786,"type":105}
@nix {"action":"result","fields":[0,0,0,0],"id":5441096498806787,"type":105}
@nix {"action":"result","fields":[101,0],"id":5441096498806785,"type":106}
@nix {"action":"result","fields":[100,0],"id":5441096498806785,"type":106}
@nix {"action":"result","fields":[0,2,0,0],"id":5441096498806786,"type":105}
@nix {"action":"result","fields":[0,0,0,0],"id":5441096498806787,"type":105}
@nix {"action":"result","fields":[101,0],"id":5441096498806785,"type":106}
@nix {"action":"result","fields":[100,0],"id":5441096498806785,"type":106}
@nix {"action":"result","fields":[0,3,0,0],"id":5441096498806786,"type":105}
@nix {"action":"result","fields":[0,0,0,0],"id":5441096498806787,"type":105}
@nix {"action":"result","fields":[101,0],"id":5441096498806785,"type":106}
@nix {"action":"result","fields":[100,0],"id":5441096498806785,"type":106}
@nix {"action":"result","fields":[0,3,0,0],"id":5441096498806786,"type":105}
@nix {"action":"result","fields":[0,0,0,0],"id":5441096498806787,"type":105}
@nix {"action":"result","fields":[101,0],"id":5441096498806785,"type":106}
@nix {"action":"result","fields":[100,0],"id":5441096498806785,"type":106}
@nix {"action":"result","fields":[0,3,0,0],"id":5441096498806786,"type":105}
@nix {"action":"result","fields":[0,0,0,0],"id":5441096498806787,"type":105}
@nix {"action":"result","fields":[101,0],"id":5441096498806785,"type":106}
@nix {"action":"result","fields":[100,0],"id":5441096498806785,"type":106}
@nix {"action":"result","fields":[0,4,0,0],"id":5441096498806786,"type":105}
@nix {"action":"result","fields":[0,0,0,0],"id":5441096498806787,"type":105}
@nix {"action":"result","fields":[101,0],"id":5441096498806785,"type":106}
@nix {"action":"result","fields":[100,0],"id":5441096498806785,"type":106}
@nix {"action":"result","fields":[0,4,0,0],"id":5441096498806786,"type":105}
@nix {"action":"result","fields":[0,0,0,0],"id":5441096498806787,"type":105}
@nix {"action":"result","fields":[101,0],"id":5441096498806785,"type":106}
@nix {"action":"result","fields":[100,0],"id":5441096498806785,"type":106}
@nix {"action":"result","fields":[0,4,0,0],"id":5441096498806786,"type":105}
@nix {"action":"result","fields":[0,0,0,0],"id":5441096498806787,"type":105}
@nix {"action":"result","fields":[101,0],"id":5441096498806785,"type":106}
@nix {"action":"result","fields":[100,0],"id":5441096498806785,"type":106}
@nix {"action":"result","fields":[0,5,0,0],"id":5441096498806786,"type":105}
@nix {"action":"result","fields":[0,0,0,0],"id":5441096498806787,"type":105}
@nix {"action":"result","fields":[101,0],"id":5441096498806785,"type":106}
@nix {"action":"result","fields":[100,0],"id":5441096498806785,"type":106}
@nix {"action":"result","fields":[0,5,0,0],"id":5441096498806786,"type":105}
@nix {"action":"result","fields":[0,0,0,0],"id":5441096498806787,"type":105}
@nix {"action":"result","fields":[101,0],"id":5441096498806785,"type":106}
@nix {"action":"result","fields":[100,0],"id":5441096498806785,"type":106}
@nix {"action":"result","fields":[0,5,0,0],"id":5441096498806786,"type":105}
@nix {"action":"result","fields":[0,0,0,0],"id":5441096498806787,"type":105}
@nix {"action":"result","fields":[101,0],"id":5441096498806785,"type":106}
@nix {"action":"result","fields":[100,0],"id":5441096498806785,"type":106}
@nix {"action":"result","fields":[0,6,0,0],"id":5441096498806786,"type":105}
@nix {"action":"result","fields":[0,0,0,0],"id":5441096498806787,"type":105}
@nix {"action":"result","fields":[101,0],"id":5441096498806785,"type":106}
@nix {"action":"result","fields":[100,0],"id":5441096498806785,"type":106}
@nix {"action":"result","fields":[0,6,0,0],"id":5441096498806786,"type":105}
@nix {"action":"result","fields":[0,0,0,0],"id":5441096498806787,"type":105}
@nix {"action":"result","fields":[101,0],"id":5441096498806785,"type":106}
@nix {"action":"result","fields":[100,0],"id":5441096498806785,"type":106}
@nix {"action":"result","fields":[0,6,0,0],"id":5441096498806786,"type":105}
@nix {"action":"result","fields":[0,0,0,0],"id":5441096498806787,"type":105}
@nix {"action":"result","fields":[101,0],"id":5441096498806785,"type":106}
@nix {"action":"result","fields":[100,0],"id":5441096498806785,"type":106}
@nix {"action":"result","fields":[0,7,0,0],"id":5441096498806786,"type":105}
@nix {"action":"result","fields":[0,0,0,0],"id":5441096498806787,"type":105}
@nix {"action":"result","fields":[101,0],"id":5441096498806785,"type":106}
@nix {"action":"result","fields":[100,0],"id":5441096498806785,"type":106}
@nix {"action":"result","fields":[0,7,0,0],"id":5441096498806786,"type":105}
@nix {"action":"result","fields":[0,0,0,0],"id":5441096498806787,"type":105}
@nix {"action":"result","fields":[101,0],"id":5441096498806785,"type":106}
@nix {"action":"result","fields":[100,0],"id":5441096498806785,"type":106}
@nix {"action":"result","fields":[0,7,0,0],"id":5441096498806786,"type":105}
@nix {"action":"result","fields":[0,0,0,0],"id":5441096498806787,"type":105}
@nix {"action":"result","fields":[101,0],"id":5441096498806785,"type":106}
@nix {"action":"result","fields":[100,0],"id":5441096498806785,"type":106}
@nix {"action":"result","fields":[0,8,0,0],"id":5441096498806786,"type":105}
@nix {"action":"result","fields":[0,0,0,0],"id":5441096498806787,"type":105}
@nix {"action":"result","fields":[101,0],"id":5441096498806785,"type":106}
@nix {"action":"result","fields":[100,0],"id":5441096498806785,"type":106}
@nix {"action":"result","fields":[0,8,0,0],"id":5441096498806786,"type":105}
@nix {"action":"result","fields":[0,0,0,0],"id":5441096498806787,"type":105}
@nix {"action":"result","fields":[101,0],"id":5441096498806785,"type":106}
@nix {"action":"result","fields":[100,0],"id":5441096498806785,"type":106}
@nix {"action":"result","fields":[0,8,0,0],"id":5441096498806786,"type":105}
@nix {"action":"result","fields":[0,0,0,0],"id":5441096498806787,"type":105}
@nix {"action":"result","fields":[101,0],"id":5441096498806785,"type":106}
@nix {"action":"result","fields":[100,0],"id":5441096498806785,"type":106}
@nix {"action":"result","fields":[0,9,0,0],"id":5441096498806786,"type":105}
@nix {"action":"result","fields":[0,0,0,0],"id":5441096498806787,"type":105}
@nix {"action":"result","fields":[101,0],"id":5441096498806785,"type":106}
@nix {"action":"result","fields":[100,0],"id":5441096498806785,"type":106}
@nix {"action":"result","fields":[0,9,0,0],"id":5441096498806786,"type":105}
@nix {"action":"result","fields":[0,0,0,0],"id":5441096498806787,"type":105}
@nix {"action":"result","fields":[101,0],"id":5441096498806785,"type":106}
@nix {"action":"result","fields":[100,0],"id":5441096498806785,"type":106}
@nix {"action":"result","fields":[0,9,0,0],"id":5441096498806786,"type":105}
@nix {"action":"result","fields":[0,0,0,0],"id":5441096498806787,"type":105}
@nix {"action":"result","fields":[101,0],"id":5441096498806785,"type":106}
@nix {"action":"result","fields":[100,0],"id":5441096498806785,"type":106}
@nix {"action":"result","fields":[0,10,0,0],"id":5441096498806786,"type":105}
@nix {"action":"result","fields":[0,0,0,0],"id":5441096498806787,"type":105}
@nix {"action":"result","fields":[101,0],"id":5441096498806785,"type":106}
@nix {"action":"result","fields":[100,0],"id":5441096498806785,"type":106}
@nix {"action":"result","fields":[0,10,0,0],"id":5441096498806786,"type":105}
@nix {"action":"result","fields":[0,0,0,0],"id":5441096498806787,"type":105}
@nix {"action":"result","fields":[101,0],"id":5441096498806785,"type":106}
@nix {"action":"result","fields":[100,0],"id":5441096498806785,"type":106}
@nix {"action":"result","fields":[0,10,0,0],"id":5441096498806786,"type":105}
@nix {"action":"result","fields":[0,0,0,0],"id":5441096498806787,"type":105}
@nix {"action":"result","fields":[101,0],"id":5441096498806785,"type":106}
@nix {"action":"result","fields":[100,0],"id":5441096498806785,"type":106}
@nix {"action":"result","fields":[0,11,0,0],"id":5441096498806786,"type":105}
@nix {"action":"result","fields":[0,0,0,0],"id":5441096498806787,"type":105}
@nix {"action":"result","fields":[101,0],"id":5441096498806785,"type":106}
@nix {"action":"result","fields":[100,0],"id":5441096498806785,"type":106}
@nix {"action":"result","fields":[0,11,0,0],"id":5441096498806786,"type":105}
@nix {"action":"result","fields":[0,0,0,0],"id":5441096498806787,"type":105}
@nix {"action":"result","fields":[101,0],"id":5441096498806785,"type":106}
@nix {"action":"result","fields":[100,0],"id":5441096498806785,"type":106}
@nix {"action":"result","fields":[0,11,0,0],"id":5441096498806786,"type":105}
@nix {"action":"result","fields":[0,0,0,0],"id":5441096498806787,"type":105}
@nix {"action":"result","fields":[101,0],"id":5441096498806785,"type":106}
@nix {"action":"result","fields":[100,0],"id":5441096498806785,"type":106}
@nix {"action":"result","fields":[0,12,0,0],"id":5441096498806786,"type":105}
@nix {"action":"result","fields":[0,0,0,0],"id":5441096498806787,"type":105}
@nix {"action":"result","fields":[101,0],"id":5441096498806785,"type":106}
@nix {"action":"result","fields":[100,0],"id":5441096498806785,"type":106}
@nix {"action":"result","fields":[0,12,0,0],"id":5441096498806786,"type":105}
@nix {"action":"result","fields":[0,0,0,0],"id":5441096498806787,"type":105}
@nix {"action":"result","fields":[101,0],"id":5441096498806785,"type":106}
@nix {"action":"result","fields":[100,0],"id":5441096498806785,"type":106}
@nix {"action":"result","fields":[0,12,0,0],"id":5441096498806786,"type":105}
@nix {"action":"result","fields":[0,0,0,0],"id":5441096498806787,"type":105}
@nix {"action":"result","fields":[101,0],"id":5441096498806785,"type":106}
@nix {"action":"result","fields":[100,0],"id":5441096498806785,"type":106}
@nix {"action":"result","fields":[0,13,0,0],"id":5441096498806786,"type":105}
@nix {"action":"result","fields":[0,0,0,0],"id":5441096498806787,"type":105}
@nix {"action":"result","fields":[101,0],"id":5441096498806785,"type":106}
@nix {"action":"result","fields":[100,0],"id":5441096498806785,"type":106}
@nix {"action":"result","fields":[0,13,0,0],"id":5441096498806786,"type":105}
@nix {"action":"result","fields":[0,0,0,0],"id":5441096498806787,"type":105}
@nix {"action":"result","fields":[101,0],"id":5441096498806785,"type":106}
@nix {"action":"result","fields":[100,0],"id":5441096498806785,"type":106}
@nix {"action":"result","fields":[0,13,0,0],"id":5441096498806786,"type":105}
@nix {"action":"result","fields":[0,0,0,0],"id":5441096498806787,"type":105}
@nix {"action":"result","fields":[101,0],"id":5441096498806785,"type":106}
@nix {"action":"result","fields":[100,0],"id":5441096498806785,"type":106}
@nix {"action":"result","fields":[0,14,0,0],"id":5441096498806786,"type":105}
@nix {"action":"result","fields":[0,0,0,0],"id":5441096498806787,"type":105}
@nix {"action":"result","fields":[101,0],"id":5441096498806785,"type":106}
@nix {"action":"result","fields":[100,0],"id":5441096498806785,"type":106}
@nix {"action":"result","fields":[0,14,0,0],"id":5441096498806786,"type":105}
@nix {"action":"result","fields":[0,0,0,0],"id":5441096498806787,"type":105}
@nix {"action":"result","fields":[101,0],"id":5441096498806785,"type":106}
@nix {"action":"result","fields":[100,0],"id":5441096498806785,"type":106}
@nix {"action":"result","fields":[0,14,0,0],"id":5441096498806786,"type":105}
@nix {"action":"result","fields":[0,0,0,0],"id":5441096498806787,"type":105}
@nix {"action":"result","fields":[101,0],"id":5441096498806785,"type":106}
@nix {"action":"result","fields":[100,0],"id":5441096498806785,"type":106}
@nix {"action":"result","fields":[0,15,0,0],"id":5441096498806786,"type":105}
@nix {"action":"result","fields":[0,0,0,0],"id":5441096498806787,"type":105}
@nix {"action":"result","fields":[101,0],"id":5441096498806785,"type":106}
@nix {"action":"result","fields":[100,0],"id":5441096498806785,"type":106}
@nix {"action":"result","fields":[0,15,0,0],"id":5441096498806786,"type":105}
@nix {"action":"result","fields":[0,0,0,0],"id":5441096498806787,"type":105}
@nix {"action":"result","fields":[101,0],"id":5441096498806785,"type":106}
@nix {"action":"result","fields":[100,0],"id":5441096498806785,"type":106}
@nix {"action":"result","fields":[0,15,0,0],"id":5441096498806786,"type":105}
@nix {"action":"result","fields":[0,0,0,0],"id":5441096498806787,"type":105}
@nix {"action":"result","fields":[101,0],"id":5441096498806785,"type":106}
@nix {"action":"result","fields":[100,0],"id":5441096498806785,"type":106}
@nix {"action":"result","fields":[0,16,0,0],"id":5441096498806786,"type":105}
@nix {"action":"result","fields":[0,0,0,0],"id":5441096498806787,"type":105}
@nix {"action":"result","fields":[101,0],"id":5441096498806785,"type":106}
@nix {"action":"result","fields":[100,0],"id":5441096498806785,"type":106}
@nix {"action":"result","fields":[0,16,0,0],"id":5441096498806786,"type":105}
@nix {"action":"result","fields":[0,0,0,0],"id":5441096498806787,"type":105}
@nix {"action":"result","fields":[101,0],"id":5441096498806785,"type":106}
@nix {"action":"result","fields":[100,0],"id":5441096498806785,"type":106}
@nix {"action":"result","fields":[0,16,0,0],"id":5441096498806786,"type":105}
@nix {"action":"result","fields":[0,0,0,0],"id":5441096498806787,"type":105}
@nix {"action":"result","fields":[101,0],"id":5441096498806785,"type":106}
@nix {"action":"result","fields":[100,0],"id":5441096498806785,"type":106}
@nix {"action":"result","fields":[0,17,0,0],"id":5441096498806786,"type":105}
@nix {"action":"result","fields":[0,0,0,0],"id":5441096498806787,"type":105}
@nix {"action":"result","fields":[101,0],"id":5441096498806785,"type":106}
@nix {"action":"result","fields":[100,0],"id":5441096498806785,"type":106}
@nix {"action":"result","fields":[0,17,0,0],"id":5441096498806786,"type":105}
@nix {"action":"result","fields":[0,0,0,0],"id":5441096498806787,"type":105}
@nix {"action":"result","fields":[101,0],"id":5441096498806785,"type":106}
@nix {"action":"result","fields":[100,0],"id":5441096498806785,"type":106}
@nix {"action":"result","fields":[0,17,0,0],"id":5441096498806786,"type":105}
@nix {"action":"result","fields":[0,0,0,0],"id":5441096498806787,"type":105}
@nix {"action":"result","fields":[101,0],"id":5441096498806785,"type":106}
@nix {"action":"result","fields":[100,0],"id":5441096498806785,"type":106}
@nix {"action":"result","fields":[0,18,0,0],"id":5441096498806786,"type":105}
@nix {"action":"result","fields":[0,0,0,0],"id":5441096498806787,"type":105}
@nix {"action":"result","fields":[101,0],"id":5441096498806785,"type":106}
@nix {"action":"result","fields":[100,0],"id":5441096498806785,"type":106}
@nix {"action":"result","fields":[0,18,0,0],"id":5441096498806786,"type":105}
@nix {"action":"result","fields":[0,0,0,0],"id":5441096498806787,"type":105}
@nix {"action":"result","fields":[101,0],"id":5441096498806785,"type":106}
@nix {"action":"result","fields":[100,0],"id":5441096498806785,"type":106}
@nix {"action":"result","fields":[0,18,0,0],"id":5441096498806786,"type":105}
@nix {"action":"result","fields":[0,0,0,0],"id":5441096498806787,"type":105}
@nix {"action":"result","fields":[101,0],"id":5441096498806785,"type":106}
@nix {"action":"result","fields":[100,0],"id":5441096498806785,"type":106}
@nix {"action":"result","fields":[0,19,0,0],"id":5441096498806786,"type":105}
@nix {"action":"result","fields":[0,0,0,0],"id":5441096498806787,"type":105}
@nix {"action":"result","fields":[101,0],"id":5441096498806785,"type":106}
@nix {"action":"result","fields":[100,0],"id":5441096498806785,"type":106}
@nix {"action":"result","fields":[0,19,0,0],"id":5441096498806786,"type":105}
@nix {"action":"result","fields":[0,0,0,0],"id":5441096498806787,"type":105}
@nix {"action":"result","fields":[101,0],"id":5441096498806785,"type":106}
@nix {"action":"result","fields":[100,0],"id":5441096498806785,"type":106}
@nix {"action":"result","fields":[0,19,0,0],"id":5441096498806786,"type":105}
@nix {"action":"result","fields":[0,0,0,0],"id":5441096498806787,"type":105}
@nix {"action":"result","fields":[101,0],"id":5441096498806785,"type":106}
@nix {"action":"result","fields":[100,0],"id":5441096498806785,"type":106}
@nix {"action":"result","fields":[0,20,0,0],"id":5441096498806786,"type":105}
@nix {"action":"result","fields":[0,0,0,0],"id":5441096498806787,"type":105}
@nix {"action":"result","fields":[101,0],"id":5441096498806785,"type":106}
@nix {"action":"result","fields":[100,0],"id":5441096498806785,"type":106}
@nix {"action":"result","fields":[0,20,0,0],"id":5441096498806786,"type":105}
@nix {"action":"result","fields":[0,0,0,0],"id":5441096498806787,"type":105}
@nix {"action":"result","fields":[101,0],"id":5441096498806785,"type":106}
@nix {"action":"result","fields":[100,0],"id":5441096498806785,"type":106}
@nix {"action":"result","fields":[0,20,0,0],"id":5441096498806786,"type":105}
@nix {"action":"result","fields":[0,0,0,0],"id":5441096498806787,"type":105}
@nix {"action":"result","fields":[101,0],"id":5441096498806785,"type":106}
@nix {"action":"result","fields":[100,0],"id":5441096498806785,"type":106}
@nix {"action":"result","fields":[0,21,0,0],"id":5441096498806786,"type":105}
@nix {"action":"result","fields":[0,0,0,0],"id":5441096498806787,"type":105}
@nix {"action":"result","fields":[101,0],"id":5441096498806785,"type":106}
@nix {"action":"result","fields":[100,0],"id":5441096498806785,"type":106}
@nix {"action":"result","fields":[0,21,0,0],"id":5441096498806786,"type":105}
@nix {"action":"result","fields":[0,0,0,0],"id":5441096498806787,"type":105}
@nix {"action":"result","fields":[101,0],"id":5441096498806785,"type":106}
@nix {"action":"result","fields":[100,0],"id":5441096498806785,"type":106}
@nix {"action":"result","fields":[0,21,0,0],"id":5441096498806786,"type":105}
@nix {"action":"result","fields":[0,0,0,0],"id":5441096498806787,"type":105}
@nix {"action":"result","fields":[101,0],"id":5441096498806785,"type":106}
@nix {"action":"result","fields":[100,0],"id":5441096498806785,"type":106}
@nix {"action":"result","fields":[0,22,0,0],"id":5441096498806786,"type":105}
@nix {"action":"result","fields":[0,0,0,0],"id":5441096498806787,"type":105}
@nix {"action":"result","fields":[101,0],"id":5441096498806785,"type":106}
@nix {"action":"result","fields":[100,0],"id":5441096498806785,"type":106}
@nix {"action":"result","fields":[0,22,0,0],"id":5441096498806786,"type":105}
@nix {"action":"result","fields":[0,0,0,0],"id":5441096498806787,"type":105}
@nix {"action":"result","fields":[101,0],"id":5441096498806785,"type":106}
@nix {"action":"result","fields":[100,0],"id":5441096498806785,"type":106}
@nix {"action":"result","fields":[0,22,0,0],"id":5441096498806786,"type":105}
@nix {"action":"result","fields":[0,0,0,0],"id":5441096498806787,"type":105}
@nix {"action":"result","fields":[101,0],"id":5441096498806785,"type":106}
@nix {"action":"result","fields":[100,0],"id":5441096498806785,"type":106}
@nix {"action":"result","fields":[0,23,0,0],"id":5441096498806786,"type":105}
@nix {"action":"result","fields":[0,0,0,0],"id":5441096498806787,"type":105}
@nix {"action":"result","fields":[101,0],"id":5441096498806785,"type":106}
@nix {"action":"result","fields":[100,0],"id":5441096498806785,"type":106}
@nix {"action":"result","fields":[0,23,0,0],"id":5441096498806786,"type":105}
@nix {"action":"result","fields":[0,0,0,0],"id":5441096498806787,"type":105}
@nix {"action":"result","fields":[101,0],"id":5441096498806785,"type":106}
@nix {"action":"result","fields":[100,0],"id":5441096498806785,"type":106}
@nix {"action":"result","fields":[0,23,0,0],"id":5441096498806786,"type":105}
@nix {"action":"result","fields":[0,0,0,0],"id":5441096498806787,"type":105}
@nix {"action":"result","fields":[101,0],"id":5441096498806785,"type":106}
@nix {"action":"result","fields":[100,0],"id":5441096498806785,"type":106}
@nix {"action":"result","fields":[0,24,0,0],"id":5441096498806786,"type":105}
@nix {"action":"result","fields":[0,0,0,0],"id":5441096498806787,"type":105}
@nix {"action":"result","fields":[101,0],"id":5441096498806785,"type":106}
@nix {"action":"result","fields":[100,0],"id":5441096498806785,"type":106}
@nix {"action":"result","fields":[0,24,0,0],"id":5441096498806786,"type":105}
@nix {"action":"result","fields":[0,0,0,0],"id":5441096498806787,"type":105}
@nix {"action":"result","fields":[101,0],"id":5441096498806785,"type":106}
@nix {"action":"result","fields":[100,0],"id":5441096498806785,"type":106}
@nix {"action":"result","fields":[0,24,0,0],"id":5441096498806786,"type":105}
@nix {"action":"result","fields":[0,0,0,0],"id":5441096498806787,"type":105}
@nix {"action":"result","fields":[101,0],"id":5441096498806785,"type":106}
@nix {"action":"result","fields":[100,0],"id":5441096498806785,"type":106}
@nix {"action":"result","fields":[0,25,0,0],"id":5441096498806786,"type":105}
@nix {"action":"result","fields":[0,0,0,0],"id":5441096498806787,"type":105}
@nix {"action":"result","fields":[101,0],"id":5441096498806785,"type":106}
@nix {"action":"result","fields":[100,0],"id":5441096498806785,"type":106}
@nix {"action":"result","fields":[0,25,0,0],"id":5441096498806786,"type":105}
@nix {"action":"result","fields":[0,0,0,0],"id":5441096498806787,"type":105}
@nix {"action":"result","fields":[101,0],"id":5441096498806785,"type":106}
@nix {"action":"result","fields":[100,0],"id":5441096498806785,"type":106}
@nix {"action":"result","fields":[0,25,0,0],"id":5441096498806786,"type":105}
@nix {"action":"result","fields":[0,0,0,0],"id":5441096498806787,"type":105}
@nix {"action":"result","fields":[101,0],"id":5441096498806785,"type":106}
@nix {"action":"result","fields":[100,0],"id":5441096498806785,"type":106}
@nix {"action":"result","fields":[0,26,0,0],"id":5441096498806786,"type":105}
@nix {"action":"result","fields":[0,0,0,0],"id":5441096498806787,"type":105}
@nix {"action":"result","fields":[101,0],"id":5441096498806785,"type":106}
@nix {"action":"result","fields":[100,0],"id":5441096498806785,"type":106}
@nix {"action":"result","fields":[0,26,0,0],"id":5441096498806786,"type":105}
@nix {"action":"result","fields":[0,0,0,0],"id":5441096498806787,"type":105}
@nix {"action":"result","fields":[101,0],"id":5441096498806785,"type":106}
@nix {"action":"result","fields":[100,0],"id":5441096498806785,"type":106}
@nix {"action":"result","fields":[0,26,0,0],"id":5441096498806786,"type":105}
@nix {"action":"result","fields":[0,0,0,0],"id":5441096498806787,"type":105}
@nix {"action":"result","fields":[101,0],"id":5441096498806785,"type":106}
@nix {"action":"result","fields":[100,0],"id":5441096498806785,"type":106}
@nix {"action":"result","fields":[0,27,0,0],"id":5441096498806786,"type":105}
@nix {"action":"result","fields":[0,0,0,0],"id":5441096498806787,"type":105}
@nix {"action":"result","fields":[101,0],"id":5441096498806785,"type":106}
@nix {"action":"result","fields":[100,0],"id":5441096498806785,"type":106}
@nix {"action":"result","fields":[0,27,0,0],"id":5441096498806786,"type":105}
@nix {"action":"result","fields":[0,0,0,0],"id":5441096498806787,"type":105}
@nix {"action":"result","fields":[101,0],"id":5441096498806785,"type":106}
@nix {"action":"result","fields":[100,0],"id":5441096498806785,"type":106}
@nix {"action":"result","fields":[0,27,0,0],"id":5441096498806786,"type":105}
@nix {"action":"result","fields":[0,0,0,0],"id":5441096498806787,"type":105}
@nix {"action":"result","fields":[101,0],"id":5441096498806785,"type":106}
@nix {"action":"result","fields":[100,0],"id":5441096498806785,"type":106}
@nix {"action":"result","fields":[0,28,0,0],"id":5441096498806786,"type":105}
@nix {"action":"result","fields":[0,0,0,0],"id":5441096498806787,"type":105}
@nix {"action":"result","fields":[101,0],"id":5441096498806785,"type":106}
@nix {"action":"result","fields":[100,0],"id":5441096498806785,"type":106}
@nix {"action":"result","fields":[0,28,0,0],"id":5441096498806786,"type":105}
@nix {"action":"result","fields":[0,0,0,0],"id":5441096498806787,"type":105}
@nix {"action":"result","fields":[101,0],"id":5441096498806785,"type":106}
@nix {"action":"result","fields":[100,0],"id":5441096498806785,"type":106}
@nix {"action":"result","fields":[0,28,0,0],"id":5441096498806786,"type":105}
@nix {"action":"result","fields":[0,0,0,0],"id":5441096498806787,"type":105}
@nix {"action":"result","fields":[101,0],"id":5441096498806785,"type":106}
@nix {"action":"result","fields":[100,0],"id":5441096498806785,"type":106}
@nix {"action":"result","fields":[0,29,0,0],"id":5441096498806786,"type":105}
@nix {"action":"result","fields":[0,0,0,0],"id":5441096498806787,"type":105}
@nix {"action":"result","fields":[101,0],"id":5441096498806785,"type":106}
@nix {"action":"result","fields":[100,0],"id":5441096498806785,"type":106}
@nix {"action":"result","fields":[0,29,0,0],"id":5441096498806786,"type":105}
@nix {"action":"result","fields":[0,0,0,0],"id":5441096498806787,"type":105}
@nix {"action":"result","fields":[101,0],"id":5441096498806785,"type":106}
@nix {"action":"result","fields":[100,0],"id":5441096498806785,"type":106}
@nix {"action":"result","fields":[0,29,0,0],"id":5441096498806786,"type":105}
@nix {"action":"result","fields":[0,0,0,0],"id":5441096498806787,"type":105}
@nix {"action":"result","fields":[101,0],"id":5441096498806785,"type":106}
@nix {"action":"result","fields":[100,0],"id":5441096498806785,"type":106}
@nix {"action":"result","fields":[0,30,0,0],"id":5441096498806786,"type":105}
@nix {"action":"result","fields":[0,0,0,0],"id":5441096498806787,"type":105}
@nix {"action":"result","fields":[101,0],"id":5441096498806785,"type":106}
@nix {"action":"result","fields":[100,0],"id":5441096498806785,"type":106}
@nix {"action":"result","fields":[0,30,0,0],"id":5441096498806786,"type":105}
@nix {"action":"result","fields":[0,0,0,0],"id":5441096498806787,"type":105}
@nix {"action":"result","fields":[101,0],"id":5441096498806785,"type":106}
@nix {"action":"result","fields":[100,0],"id":5441096498806785,"type":106}
@nix {"action":"result","fields":[0,30,0,0],"id":5441096498806786,"type":105}
@nix {"action":"result","fields":[0,0,0,0],"id":5441096498806787,"type":105}
@nix {"action":"result","fields":[101,0],"id":5441096498806785,"type":106}
@nix {"action":"result","fields":[100,0],"id":5441096498806785,"type":106}
@nix {"action":"result","fields":[0,31,0,0],"id":5441096498806786,"type":105}
@nix {"action":"result","fields":[0,0,0,0],"id":5441096498806787,"type":105}
@nix {"action":"result","fields":[101,0],"id":5441096498806785,"type":106}
@nix {"action":"result","fields":[100,0],"id":5441096498806785,"type":106}
@nix {"action":"result","fields":[0,31,0,0],"id":5441096498806786,"type":105}
@nix {"action":"result","fields":[0,0,0,0],"id":5441096498806787,"type":105}
@nix {"action":"result","fields":[101,0],"id":5441096498806785,"type":106}
@nix {"action":"result","fields":[100,0],"id":5441096498806785,"type":106}
@nix {"action":"result","fields":[0,31,0,0],"id":5441096498806786,"type":105}
@nix {"action":"result","fields":[0,0,0,0],"id":5441096498806787,"type":105}
@nix {"action":"result","fields":[101,0],"id":5441096498806785,"type":106}
@nix {"action":"result","fields":[100,0],"id":5441096498806785,"type":106}
@nix {"action":"result","fields":[0,32,0,0],"id":5441096498806786,"type":105}
@nix {"action":"result","fields":[0,0,0,0],"id":5441096498806787,"type":105}
@nix {"action":"result","fields":[101,0],"id":5441096498806785,"type":106}
@nix {"action":"result","fields":[100,0],"id":5441096498806785,"type":106}
@nix {"action":"start","fields":["/tmp/obrador-shared-pins-linux/round-2-after/chain-round-1-jobs-8/store/hja2fzxynzdx64g9h2h51hngazrn9xpf-leaf-0.drv.drv","",1,1],"id":5441096498806788,"level":3,"parent":0,"text":"building '/tmp/obrador-shared-pins-linux/round-2-after/chain-round-1-jobs-8/store/hja2fzxynzdx64g9h2h51hngazrn9xpf-leaf-0.drv.drv'","type":105}
@nix {"action":"result","fields":[0,32,1,0],"id":5441096498806786,"type":105}
@nix {"action":"result","fields":[0,0,0,0],"id":5441096498806787,"type":105}
@nix {"action":"result","fields":[101,0],"id":5441096498806785,"type":106}
@nix {"action":"result","fields":[100,0],"id":5441096498806785,"type":106}
@nix {"action":"result","fields":[1,33,0,0],"id":5441096498806786,"type":105}
@nix {"action":"result","fields":[0,0,0,0],"id":5441096498806787,"type":105}
@nix {"action":"result","fields":[101,0],"id":5441096498806785,"type":106}
@nix {"action":"result","fields":[100,0],"id":5441096498806785,"type":106}
@nix {"action":"stop","id":5441096498806788}
@nix {"action":"result","fields":[1,33,0,0],"id":5441096498806786,"type":105}
@nix {"action":"result","fields":[0,0,0,0],"id":5441096498806787,"type":105}
@nix {"action":"result","fields":[101,0],"id":5441096498806785,"type":106}
@nix {"action":"result","fields":[100,0],"id":5441096498806785,"type":106}
@nix {"action":"start","fields":["/tmp/obrador-shared-pins-linux/round-2-after/chain-round-1-jobs-8/store/vqj1qi4iq1kz5jgfhxsfl4gi0qbk5bjj-leaf-0.drv","",1,1],"id":5441096498806789,"level":3,"parent":0,"text":"building '/tmp/obrador-shared-pins-linux/round-2-after/chain-round-1-jobs-8/store/vqj1qi4iq1kz5jgfhxsfl4gi0qbk5bjj-leaf-0.drv'","type":105}
@nix {"action":"result","fields":[1,33,1,0],"id":5441096498806786,"type":105}
@nix {"action":"result","fields":[0,0,0,0],"id":5441096498806787,"type":105}
@nix {"action":"result","fields":[101,0],"id":5441096498806785,"type":106}
@nix {"action":"result","fields":[100,0],"id":5441096498806785,"type":106}
@nix {"action":"result","fields":[2,34,0,0],"id":5441096498806786,"type":105}
@nix {"action":"result","fields":[0,0,0,0],"id":5441096498806787,"type":105}
@nix {"action":"result","fields":[101,0],"id":5441096498806785,"type":106}
@nix {"action":"result","fields":[100,0],"id":5441096498806785,"type":106}
@nix {"action":"stop","id":5441096498806789}
@nix {"action":"start","fields":["/tmp/obrador-shared-pins-linux/round-2-after/chain-round-1-jobs-8/store/mfjs69dr90s5xdgqinl8qnkscwihbs4n-leaf-1.drv.drv","/tmp/obrador-shared-pins-linux/round-2-after/chain-round-1-jobs-8/store/2lbjnsnlxkyr6rylbxxassar2sl5g9mz-leaf-1.drv.drv"],"id":5441096498806790,"level":3,"parent":0,"text":"resolved derivation: '/tmp/obrador-shared-pins-linux/round-2-after/chain-round-1-jobs-8/store/mfjs69dr90s5xdgqinl8qnkscwihbs4n-leaf-1.drv.drv' -> '/tmp/obrador-shared-pins-linux/round-2-after/chain-round-1-jobs-8/store/2lbjnsnlxkyr6rylbxxassar2sl5g9mz-leaf-1.drv.drv'","type":111}
@nix {"action":"result","fields":[2,34,0,0],"id":5441096498806786,"type":105}
@nix {"action":"result","fields":[0,0,0,0],"id":5441096498806787,"type":105}
@nix {"action":"result","fields":[101,0],"id":5441096498806785,"type":106}
@nix {"action":"result","fields":[100,0],"id":5441096498806785,"type":106}
@nix {"action":"start","fields":["/tmp/obrador-shared-pins-linux/round-2-after/chain-round-1-jobs-8/store/2lbjnsnlxkyr6rylbxxassar2sl5g9mz-leaf-1.drv.drv","",1,1],"id":5441096498806791,"level":3,"parent":0,"text":"building '/tmp/obrador-shared-pins-linux/round-2-after/chain-round-1-jobs-8/store/2lbjnsnlxkyr6rylbxxassar2sl5g9mz-leaf-1.drv.drv'","type":105}
@nix {"action":"result","fields":[2,34,1,0],"id":5441096498806786,"type":105}
@nix {"action":"result","fields":[0,0,0,0],"id":5441096498806787,"type":105}
@nix {"action":"result","fields":[101,0],"id":5441096498806785,"type":106}
@nix {"action":"result","fields":[100,0],"id":5441096498806785,"type":106}
@nix {"action":"result","fields":[3,35,0,0],"id":5441096498806786,"type":105}
@nix {"action":"result","fields":[0,0,0,0],"id":5441096498806787,"type":105}
@nix {"action":"result","fields":[101,0],"id":5441096498806785,"type":106}
@nix {"action":"result","fields":[100,0],"id":5441096498806785,"type":106}
@nix {"action":"stop","id":5441096498806791}
@nix {"action":"result","fields":[4,35,0,0],"id":5441096498806786,"type":105}
@nix {"action":"result","fields":[0,0,0,0],"id":5441096498806787,"type":105}
@nix {"action":"result","fields":[101,0],"id":5441096498806785,"type":106}
@nix {"action":"result","fields":[100,0],"id":5441096498806785,"type":106}
@nix {"action":"stop","id":5441096498806790}
@nix {"action":"result","fields":[4,35,0,0],"id":5441096498806786,"type":105}
@nix {"action":"result","fields":[0,0,0,0],"id":5441096498806787,"type":105}
@nix {"action":"result","fields":[101,0],"id":5441096498806785,"type":106}
@nix {"action":"result","fields":[100,0],"id":5441096498806785,"type":106}
@nix {"action":"start","fields":["/tmp/obrador-shared-pins-linux/round-2-after/chain-round-1-jobs-8/store/whk9brwk5ww2qmdpd1iwy6fxrcfb763b-leaf-1.drv","",1,1],"id":5441096498806792,"level":3,"parent":0,"text":"building '/tmp/obrador-shared-pins-linux/round-2-after/chain-round-1-jobs-8/store/whk9brwk5ww2qmdpd1iwy6fxrcfb763b-leaf-1.drv'","type":105}
@nix {"action":"result","fields":[4,35,1,0],"id":5441096498806786,"type":105}
@nix {"action":"result","fields":[0,0,0,0],"id":5441096498806787,"type":105}
@nix {"action":"result","fields":[101,0],"id":5441096498806785,"type":106}
@nix {"action":"result","fields":[100,0],"id":5441096498806785,"type":106}
@nix {"action":"result","fields":[5,36,0,0],"id":5441096498806786,"type":105}
@nix {"action":"result","fields":[0,0,0,0],"id":5441096498806787,"type":105}
@nix {"action":"result","fields":[101,0],"id":5441096498806785,"type":106}
@nix {"action":"result","fields":[100,0],"id":5441096498806785,"type":106}
@nix {"action":"stop","id":5441096498806792}
@nix {"action":"start","fields":["/tmp/obrador-shared-pins-linux/round-2-after/chain-round-1-jobs-8/store/l7jw92dwclr1zhkkzqc9mmwb2kq1f4f1-leaf-2.drv.drv","/tmp/obrador-shared-pins-linux/round-2-after/chain-round-1-jobs-8/store/qjw9gbc8mpsydgpr90d9ika47xxfyssx-leaf-2.drv.drv"],"id":5441096498806793,"level":3,"parent":0,"text":"resolved derivation: '/tmp/obrador-shared-pins-linux/round-2-after/chain-round-1-jobs-8/store/l7jw92dwclr1zhkkzqc9mmwb2kq1f4f1-leaf-2.drv.drv' -> '/tmp/obrador-shared-pins-linux/round-2-after/chain-round-1-jobs-8/store/qjw9gbc8mpsydgpr90d9ika47xxfyssx-leaf-2.drv.drv'","type":111}
@nix {"action":"result","fields":[5,36,0,0],"id":5441096498806786,"type":105}
@nix {"action":"result","fields":[0,0,0,0],"id":5441096498806787,"type":105}
@nix {"action":"result","fields":[101,0],"id":5441096498806785,"type":106}
@nix {"action":"result","fields":[100,0],"id":5441096498806785,"type":106}
@nix {"action":"start","fields":["/tmp/obrador-shared-pins-linux/round-2-after/chain-round-1-jobs-8/store/qjw9gbc8mpsydgpr90d9ika47xxfyssx-leaf-2.drv.drv","",1,1],"id":5441096498806794,"level":3,"parent":0,"text":"building '/tmp/obrador-shared-pins-linux/round-2-after/chain-round-1-jobs-8/store/qjw9gbc8mpsydgpr90d9ika47xxfyssx-leaf-2.drv.drv'","type":105}
@nix {"action":"result","fields":[5,36,1,0],"id":5441096498806786,"type":105}
@nix {"action":"result","fields":[0,0,0,0],"id":5441096498806787,"type":105}
@nix {"action":"result","fields":[101,0],"id":5441096498806785,"type":106}
@nix {"action":"result","fields":[100,0],"id":5441096498806785,"type":106}
@nix {"action":"result","fields":[6,37,0,0],"id":5441096498806786,"type":105}
@nix {"action":"result","fields":[0,0,0,0],"id":5441096498806787,"type":105}
@nix {"action":"result","fields":[101,0],"id":5441096498806785,"type":106}
@nix {"action":"result","fields":[100,0],"id":5441096498806785,"type":106}
@nix {"action":"stop","id":5441096498806794}
@nix {"action":"result","fields":[7,37,0,0],"id":5441096498806786,"type":105}
@nix {"action":"result","fields":[0,0,0,0],"id":5441096498806787,"type":105}
@nix {"action":"result","fields":[101,0],"id":5441096498806785,"type":106}
@nix {"action":"result","fields":[100,0],"id":5441096498806785,"type":106}
@nix {"action":"stop","id":5441096498806793}
@nix {"action":"result","fields":[7,37,0,0],"id":5441096498806786,"type":105}
@nix {"action":"result","fields":[0,0,0,0],"id":5441096498806787,"type":105}
@nix {"action":"result","fields":[101,0],"id":5441096498806785,"type":106}
@nix {"action":"result","fields":[100,0],"id":5441096498806785,"type":106}
@nix {"action":"start","fields":["/tmp/obrador-shared-pins-linux/round-2-after/chain-round-1-jobs-8/store/7ydxv234vga9db9pyq12x9v6r940nps9-leaf-2.drv","",1,1],"id":5441096498806795,"level":3,"parent":0,"text":"building '/tmp/obrador-shared-pins-linux/round-2-after/chain-round-1-jobs-8/store/7ydxv234vga9db9pyq12x9v6r940nps9-leaf-2.drv'","type":105}
@nix {"action":"result","fields":[7,37,1,0],"id":5441096498806786,"type":105}
@nix {"action":"result","fields":[0,0,0,0],"id":5441096498806787,"type":105}
@nix {"action":"result","fields":[101,0],"id":5441096498806785,"type":106}
@nix {"action":"result","fields":[100,0],"id":5441096498806785,"type":106}
@nix {"action":"result","fields":[8,38,0,0],"id":5441096498806786,"type":105}
@nix {"action":"result","fields":[0,0,0,0],"id":5441096498806787,"type":105}
@nix {"action":"result","fields":[101,0],"id":5441096498806785,"type":106}
@nix {"action":"result","fields":[100,0],"id":5441096498806785,"type":106}
@nix {"action":"stop","id":5441096498806795}
@nix {"action":"start","fields":["/tmp/obrador-shared-pins-linux/round-2-after/chain-round-1-jobs-8/store/x1y24qd1lg0jxh388c9wlnd4aab2zpna-leaf-3.drv.drv","/tmp/obrador-shared-pins-linux/round-2-after/chain-round-1-jobs-8/store/d1bxr9l3d6dm66ysybhnlc5zsih5qh14-leaf-3.drv.drv"],"id":5441096498806796,"level":3,"parent":0,"text":"resolved derivation: '/tmp/obrador-shared-pins-linux/round-2-after/chain-round-1-jobs-8/store/x1y24qd1lg0jxh388c9wlnd4aab2zpna-leaf-3.drv.drv' -> '/tmp/obrador-shared-pins-linux/round-2-after/chain-round-1-jobs-8/store/d1bxr9l3d6dm66ysybhnlc5zsih5qh14-leaf-3.drv.drv'","type":111}
@nix {"action":"result","fields":[8,38,0,0],"id":5441096498806786,"type":105}
@nix {"action":"result","fields":[0,0,0,0],"id":5441096498806787,"type":105}
@nix {"action":"result","fields":[101,0],"id":5441096498806785,"type":106}
@nix {"action":"result","fields":[100,0],"id":5441096498806785,"type":106}
@nix {"action":"start","fields":["/tmp/obrador-shared-pins-linux/round-2-after/chain-round-1-jobs-8/store/d1bxr9l3d6dm66ysybhnlc5zsih5qh14-leaf-3.drv.drv","",1,1],"id":5441096498806797,"level":3,"parent":0,"text":"building '/tmp/obrador-shared-pins-linux/round-2-after/chain-round-1-jobs-8/store/d1bxr9l3d6dm66ysybhnlc5zsih5qh14-leaf-3.drv.drv'","type":105}
@nix {"action":"result","fields":[8,38,1,0],"id":5441096498806786,"type":105}
@nix {"action":"result","fields":[0,0,0,0],"id":5441096498806787,"type":105}
@nix {"action":"result","fields":[101,0],"id":5441096498806785,"type":106}
@nix {"action":"result","fields":[100,0],"id":5441096498806785,"type":106}
@nix {"action":"result","fields":[9,39,0,0],"id":5441096498806786,"type":105}
@nix {"action":"result","fields":[0,0,0,0],"id":5441096498806787,"type":105}
@nix {"action":"result","fields":[101,0],"id":5441096498806785,"type":106}
@nix {"action":"result","fields":[100,0],"id":5441096498806785,"type":106}
@nix {"action":"stop","id":5441096498806797}
@nix {"action":"result","fields":[10,39,0,0],"id":5441096498806786,"type":105}
@nix {"action":"result","fields":[0,0,0,0],"id":5441096498806787,"type":105}
@nix {"action":"result","fields":[101,0],"id":5441096498806785,"type":106}
@nix {"action":"result","fields":[100,0],"id":5441096498806785,"type":106}
@nix {"action":"stop","id":5441096498806796}
@nix {"action":"result","fields":[10,39,0,0],"id":5441096498806786,"type":105}
@nix {"action":"result","fields":[0,0,0,0],"id":5441096498806787,"type":105}
@nix {"action":"result","fields":[101,0],"id":5441096498806785,"type":106}
@nix {"action":"result","fields":[100,0],"id":5441096498806785,"type":106}
@nix {"action":"start","fields":["/tmp/obrador-shared-pins-linux/round-2-after/chain-round-1-jobs-8/store/2czs0rsrdz9hf6ms9qvz379y3m6y9i0w-leaf-3.drv","",1,1],"id":5441096498806798,"level":3,"parent":0,"text":"building '/tmp/obrador-shared-pins-linux/round-2-after/chain-round-1-jobs-8/store/2czs0rsrdz9hf6ms9qvz379y3m6y9i0w-leaf-3.drv'","type":105}
@nix {"action":"result","fields":[10,39,1,0],"id":5441096498806786,"type":105}
@nix {"action":"result","fields":[0,0,0,0],"id":5441096498806787,"type":105}
@nix {"action":"result","fields":[101,0],"id":5441096498806785,"type":106}
@nix {"action":"result","fields":[100,0],"id":5441096498806785,"type":106}
@nix {"action":"result","fields":[11,40,0,0],"id":5441096498806786,"type":105}
@nix {"action":"result","fields":[0,0,0,0],"id":5441096498806787,"type":105}
@nix {"action":"result","fields":[101,0],"id":5441096498806785,"type":106}
@nix {"action":"result","fields":[100,0],"id":5441096498806785,"type":106}
@nix {"action":"stop","id":5441096498806798}
@nix {"action":"start","fields":["/tmp/obrador-shared-pins-linux/round-2-after/chain-round-1-jobs-8/store/pgsx4ij9absaa45a8ggbdsl3lis2xs8v-leaf-4.drv.drv","/tmp/obrador-shared-pins-linux/round-2-after/chain-round-1-jobs-8/store/siqwmhdy5p7w7ksddwn2a3nqwp07drh7-leaf-4.drv.drv"],"id":5441096498806799,"level":3,"parent":0,"text":"resolved derivation: '/tmp/obrador-shared-pins-linux/round-2-after/chain-round-1-jobs-8/store/pgsx4ij9absaa45a8ggbdsl3lis2xs8v-leaf-4.drv.drv' -> '/tmp/obrador-shared-pins-linux/round-2-after/chain-round-1-jobs-8/store/siqwmhdy5p7w7ksddwn2a3nqwp07drh7-leaf-4.drv.drv'","type":111}
@nix {"action":"result","fields":[11,40,0,0],"id":5441096498806786,"type":105}
@nix {"action":"result","fields":[0,0,0,0],"id":5441096498806787,"type":105}
@nix {"action":"result","fields":[101,0],"id":5441096498806785,"type":106}
@nix {"action":"result","fields":[100,0],"id":5441096498806785,"type":106}
@nix {"action":"start","fields":["/tmp/obrador-shared-pins-linux/round-2-after/chain-round-1-jobs-8/store/siqwmhdy5p7w7ksddwn2a3nqwp07drh7-leaf-4.drv.drv","",1,1],"id":5441096498806800,"level":3,"parent":0,"text":"building '/tmp/obrador-shared-pins-linux/round-2-after/chain-round-1-jobs-8/store/siqwmhdy5p7w7ksddwn2a3nqwp07drh7-leaf-4.drv.drv'","type":105}
@nix {"action":"result","fields":[11,40,1,0],"id":5441096498806786,"type":105}
@nix {"action":"result","fields":[0,0,0,0],"id":5441096498806787,"type":105}
@nix {"action":"result","fields":[101,0],"id":5441096498806785,"type":106}
@nix {"action":"result","fields":[100,0],"id":5441096498806785,"type":106}
@nix {"action":"result","fields":[12,41,0,0],"id":5441096498806786,"type":105}
@nix {"action":"result","fields":[0,0,0,0],"id":5441096498806787,"type":105}
@nix {"action":"result","fields":[101,0],"id":5441096498806785,"type":106}
@nix {"action":"result","fields":[100,0],"id":5441096498806785,"type":106}
@nix {"action":"stop","id":5441096498806800}
@nix {"action":"result","fields":[13,41,0,0],"id":5441096498806786,"type":105}
@nix {"action":"result","fields":[0,0,0,0],"id":5441096498806787,"type":105}
@nix {"action":"result","fields":[101,0],"id":5441096498806785,"type":106}
@nix {"action":"result","fields":[100,0],"id":5441096498806785,"type":106}
@nix {"action":"stop","id":5441096498806799}
@nix {"action":"result","fields":[13,41,0,0],"id":5441096498806786,"type":105}
@nix {"action":"result","fields":[0,0,0,0],"id":5441096498806787,"type":105}
@nix {"action":"result","fields":[101,0],"id":5441096498806785,"type":106}
@nix {"action":"result","fields":[100,0],"id":5441096498806785,"type":106}
@nix {"action":"start","fields":["/tmp/obrador-shared-pins-linux/round-2-after/chain-round-1-jobs-8/store/piha2mzbvh4rys2k1inj2jpj1sjr7d99-leaf-4.drv","",1,1],"id":5441096498806801,"level":3,"parent":0,"text":"building '/tmp/obrador-shared-pins-linux/round-2-after/chain-round-1-jobs-8/store/piha2mzbvh4rys2k1inj2jpj1sjr7d99-leaf-4.drv'","type":105}
@nix {"action":"result","fields":[13,41,1,0],"id":5441096498806786,"type":105}
@nix {"action":"result","fields":[0,0,0,0],"id":5441096498806787,"type":105}
@nix {"action":"result","fields":[101,0],"id":5441096498806785,"type":106}
@nix {"action":"result","fields":[100,0],"id":5441096498806785,"type":106}
@nix {"action":"result","fields":[14,42,0,0],"id":5441096498806786,"type":105}
@nix {"action":"result","fields":[0,0,0,0],"id":5441096498806787,"type":105}
@nix {"action":"result","fields":[101,0],"id":5441096498806785,"type":106}
@nix {"action":"result","fields":[100,0],"id":5441096498806785,"type":106}
@nix {"action":"stop","id":5441096498806801}
@nix {"action":"start","fields":["/tmp/obrador-shared-pins-linux/round-2-after/chain-round-1-jobs-8/store/sgj102hnk14wif51y01rdf3kdr1l5bnv-leaf-5.drv.drv","/tmp/obrador-shared-pins-linux/round-2-after/chain-round-1-jobs-8/store/w1wgz4lv7lg981rlkh1z6i5cafaa008g-leaf-5.drv.drv"],"id":5441096498806802,"level":3,"parent":0,"text":"resolved derivation: '/tmp/obrador-shared-pins-linux/round-2-after/chain-round-1-jobs-8/store/sgj102hnk14wif51y01rdf3kdr1l5bnv-leaf-5.drv.drv' -> '/tmp/obrador-shared-pins-linux/round-2-after/chain-round-1-jobs-8/store/w1wgz4lv7lg981rlkh1z6i5cafaa008g-leaf-5.drv.drv'","type":111}
@nix {"action":"result","fields":[14,42,0,0],"id":5441096498806786,"type":105}
@nix {"action":"result","fields":[0,0,0,0],"id":5441096498806787,"type":105}
@nix {"action":"result","fields":[101,0],"id":5441096498806785,"type":106}
@nix {"action":"result","fields":[100,0],"id":5441096498806785,"type":106}
@nix {"action":"start","fields":["/tmp/obrador-shared-pins-linux/round-2-after/chain-round-1-jobs-8/store/w1wgz4lv7lg981rlkh1z6i5cafaa008g-leaf-5.drv.drv","",1,1],"id":5441096498806803,"level":3,"parent":0,"text":"building '/tmp/obrador-shared-pins-linux/round-2-after/chain-round-1-jobs-8/store/w1wgz4lv7lg981rlkh1z6i5cafaa008g-leaf-5.drv.drv'","type":105}
@nix {"action":"result","fields":[14,42,1,0],"id":5441096498806786,"type":105}
@nix {"action":"result","fields":[0,0,0,0],"id":5441096498806787,"type":105}
@nix {"action":"result","fields":[101,0],"id":5441096498806785,"type":106}
@nix {"action":"result","fields":[100,0],"id":5441096498806785,"type":106}
@nix {"action":"result","fields":[15,43,0,0],"id":5441096498806786,"type":105}
@nix {"action":"result","fields":[0,0,0,0],"id":5441096498806787,"type":105}
@nix {"action":"result","fields":[101,0],"id":5441096498806785,"type":106}
@nix {"action":"result","fields":[100,0],"id":5441096498806785,"type":106}
@nix {"action":"stop","id":5441096498806803}
@nix {"action":"result","fields":[16,43,0,0],"id":5441096498806786,"type":105}
@nix {"action":"result","fields":[0,0,0,0],"id":5441096498806787,"type":105}
@nix {"action":"result","fields":[101,0],"id":5441096498806785,"type":106}
@nix {"action":"result","fields":[100,0],"id":5441096498806785,"type":106}
@nix {"action":"stop","id":5441096498806802}
@nix {"action":"result","fields":[16,43,0,0],"id":5441096498806786,"type":105}
@nix {"action":"result","fields":[0,0,0,0],"id":5441096498806787,"type":105}
@nix {"action":"result","fields":[101,0],"id":5441096498806785,"type":106}
@nix {"action":"result","fields":[100,0],"id":5441096498806785,"type":106}
@nix {"action":"start","fields":["/tmp/obrador-shared-pins-linux/round-2-after/chain-round-1-jobs-8/store/2k97v7n8n9fgil9h9lfz618q9sjabjfp-leaf-5.drv","",1,1],"id":5441096498806804,"level":3,"parent":0,"text":"building '/tmp/obrador-shared-pins-linux/round-2-after/chain-round-1-jobs-8/store/2k97v7n8n9fgil9h9lfz618q9sjabjfp-leaf-5.drv'","type":105}
@nix {"action":"result","fields":[16,43,1,0],"id":5441096498806786,"type":105}
@nix {"action":"result","fields":[0,0,0,0],"id":5441096498806787,"type":105}
@nix {"action":"result","fields":[101,0],"id":5441096498806785,"type":106}
@nix {"action":"result","fields":[100,0],"id":5441096498806785,"type":106}
@nix {"action":"result","fields":[17,44,0,0],"id":5441096498806786,"type":105}
@nix {"action":"result","fields":[0,0,0,0],"id":5441096498806787,"type":105}
@nix {"action":"result","fields":[101,0],"id":5441096498806785,"type":106}
@nix {"action":"result","fields":[100,0],"id":5441096498806785,"type":106}
@nix {"action":"stop","id":5441096498806804}
@nix {"action":"start","fields":["/tmp/obrador-shared-pins-linux/round-2-after/chain-round-1-jobs-8/store/cax2flc96jrk0ng05wsfs6j90fzmgnh7-leaf-6.drv.drv","/tmp/obrador-shared-pins-linux/round-2-after/chain-round-1-jobs-8/store/0flpw5gxw3c8sjha5mq6cf5svpax8mjx-leaf-6.drv.drv"],"id":5441096498806805,"level":3,"parent":0,"text":"resolved derivation: '/tmp/obrador-shared-pins-linux/round-2-after/chain-round-1-jobs-8/store/cax2flc96jrk0ng05wsfs6j90fzmgnh7-leaf-6.drv.drv' -> '/tmp/obrador-shared-pins-linux/round-2-after/chain-round-1-jobs-8/store/0flpw5gxw3c8sjha5mq6cf5svpax8mjx-leaf-6.drv.drv'","type":111}
@nix {"action":"result","fields":[17,44,0,0],"id":5441096498806786,"type":105}
@nix {"action":"result","fields":[0,0,0,0],"id":5441096498806787,"type":105}
@nix {"action":"result","fields":[101,0],"id":5441096498806785,"type":106}
@nix {"action":"result","fields":[100,0],"id":5441096498806785,"type":106}
@nix {"action":"start","fields":["/tmp/obrador-shared-pins-linux/round-2-after/chain-round-1-jobs-8/store/0flpw5gxw3c8sjha5mq6cf5svpax8mjx-leaf-6.drv.drv","",1,1],"id":5441096498806806,"level":3,"parent":0,"text":"building '/tmp/obrador-shared-pins-linux/round-2-after/chain-round-1-jobs-8/store/0flpw5gxw3c8sjha5mq6cf5svpax8mjx-leaf-6.drv.drv'","type":105}
@nix {"action":"result","fields":[17,44,1,0],"id":5441096498806786,"type":105}
@nix {"action":"result","fields":[0,0,0,0],"id":5441096498806787,"type":105}
@nix {"action":"result","fields":[101,0],"id":5441096498806785,"type":106}
@nix {"action":"result","fields":[100,0],"id":5441096498806785,"type":106}
@nix {"action":"result","fields":[18,45,0,0],"id":5441096498806786,"type":105}
@nix {"action":"result","fields":[0,0,0,0],"id":5441096498806787,"type":105}
@nix {"action":"result","fields":[101,0],"id":5441096498806785,"type":106}
@nix {"action":"result","fields":[100,0],"id":5441096498806785,"type":106}
@nix {"action":"stop","id":5441096498806806}
@nix {"action":"result","fields":[19,45,0,0],"id":5441096498806786,"type":105}
@nix {"action":"result","fields":[0,0,0,0],"id":5441096498806787,"type":105}
@nix {"action":"result","fields":[101,0],"id":5441096498806785,"type":106}
@nix {"action":"result","fields":[100,0],"id":5441096498806785,"type":106}
@nix {"action":"stop","id":5441096498806805}
@nix {"action":"result","fields":[19,45,0,0],"id":5441096498806786,"type":105}
@nix {"action":"result","fields":[0,0,0,0],"id":5441096498806787,"type":105}
@nix {"action":"result","fields":[101,0],"id":5441096498806785,"type":106}
@nix {"action":"result","fields":[100,0],"id":5441096498806785,"type":106}
@nix {"action":"start","fields":["/tmp/obrador-shared-pins-linux/round-2-after/chain-round-1-jobs-8/store/yifmfz32a9fllha0b48n36a8ylf8skfq-leaf-6.drv","",1,1],"id":5441096498806807,"level":3,"parent":0,"text":"building '/tmp/obrador-shared-pins-linux/round-2-after/chain-round-1-jobs-8/store/yifmfz32a9fllha0b48n36a8ylf8skfq-leaf-6.drv'","type":105}
@nix {"action":"result","fields":[19,45,1,0],"id":5441096498806786,"type":105}
@nix {"action":"result","fields":[0,0,0,0],"id":5441096498806787,"type":105}
@nix {"action":"result","fields":[101,0],"id":5441096498806785,"type":106}
@nix {"action":"result","fields":[100,0],"id":5441096498806785,"type":106}
@nix {"action":"result","fields":[20,46,0,0],"id":5441096498806786,"type":105}
@nix {"action":"result","fields":[0,0,0,0],"id":5441096498806787,"type":105}
@nix {"action":"result","fields":[101,0],"id":5441096498806785,"type":106}
@nix {"action":"result","fields":[100,0],"id":5441096498806785,"type":106}
@nix {"action":"stop","id":5441096498806807}
@nix {"action":"start","fields":["/tmp/obrador-shared-pins-linux/round-2-after/chain-round-1-jobs-8/store/s722ryqn7q7m6i43vbmbm6bxb16xg16l-leaf-7.drv.drv","/tmp/obrador-shared-pins-linux/round-2-after/chain-round-1-jobs-8/store/b4icaaixq0i27lj2ik9229y452kmi4y2-leaf-7.drv.drv"],"id":5441096498806808,"level":3,"parent":0,"text":"resolved derivation: '/tmp/obrador-shared-pins-linux/round-2-after/chain-round-1-jobs-8/store/s722ryqn7q7m6i43vbmbm6bxb16xg16l-leaf-7.drv.drv' -> '/tmp/obrador-shared-pins-linux/round-2-after/chain-round-1-jobs-8/store/b4icaaixq0i27lj2ik9229y452kmi4y2-leaf-7.drv.drv'","type":111}
@nix {"action":"result","fields":[20,46,0,0],"id":5441096498806786,"type":105}
@nix {"action":"result","fields":[0,0,0,0],"id":5441096498806787,"type":105}
@nix {"action":"result","fields":[101,0],"id":5441096498806785,"type":106}
@nix {"action":"result","fields":[100,0],"id":5441096498806785,"type":106}
@nix {"action":"start","fields":["/tmp/obrador-shared-pins-linux/round-2-after/chain-round-1-jobs-8/store/b4icaaixq0i27lj2ik9229y452kmi4y2-leaf-7.drv.drv","",1,1],"id":5441096498806809,"level":3,"parent":0,"text":"building '/tmp/obrador-shared-pins-linux/round-2-after/chain-round-1-jobs-8/store/b4icaaixq0i27lj2ik9229y452kmi4y2-leaf-7.drv.drv'","type":105}
@nix {"action":"result","fields":[20,46,1,0],"id":5441096498806786,"type":105}
@nix {"action":"result","fields":[0,0,0,0],"id":5441096498806787,"type":105}
@nix {"action":"result","fields":[101,0],"id":5441096498806785,"type":106}
@nix {"action":"result","fields":[100,0],"id":5441096498806785,"type":106}
@nix {"action":"result","fields":[21,47,0,0],"id":5441096498806786,"type":105}
@nix {"action":"result","fields":[0,0,0,0],"id":5441096498806787,"type":105}
@nix {"action":"result","fields":[101,0],"id":5441096498806785,"type":106}
@nix {"action":"result","fields":[100,0],"id":5441096498806785,"type":106}
@nix {"action":"stop","id":5441096498806809}
@nix {"action":"result","fields":[22,47,0,0],"id":5441096498806786,"type":105}
@nix {"action":"result","fields":[0,0,0,0],"id":5441096498806787,"type":105}
@nix {"action":"result","fields":[101,0],"id":5441096498806785,"type":106}
@nix {"action":"result","fields":[100,0],"id":5441096498806785,"type":106}
@nix {"action":"stop","id":5441096498806808}
@nix {"action":"result","fields":[22,47,0,0],"id":5441096498806786,"type":105}
@nix {"action":"result","fields":[0,0,0,0],"id":5441096498806787,"type":105}
@nix {"action":"result","fields":[101,0],"id":5441096498806785,"type":106}
@nix {"action":"result","fields":[100,0],"id":5441096498806785,"type":106}
@nix {"action":"start","fields":["/tmp/obrador-shared-pins-linux/round-2-after/chain-round-1-jobs-8/store/v485r41d0r2f93kxq3rmxais85zl200h-leaf-7.drv","",1,1],"id":5441096498806810,"level":3,"parent":0,"text":"building '/tmp/obrador-shared-pins-linux/round-2-after/chain-round-1-jobs-8/store/v485r41d0r2f93kxq3rmxais85zl200h-leaf-7.drv'","type":105}
@nix {"action":"result","fields":[22,47,1,0],"id":5441096498806786,"type":105}
@nix {"action":"result","fields":[0,0,0,0],"id":5441096498806787,"type":105}
@nix {"action":"result","fields":[101,0],"id":5441096498806785,"type":106}
@nix {"action":"result","fields":[100,0],"id":5441096498806785,"type":106}
@nix {"action":"result","fields":[23,48,0,0],"id":5441096498806786,"type":105}
@nix {"action":"result","fields":[0,0,0,0],"id":5441096498806787,"type":105}
@nix {"action":"result","fields":[101,0],"id":5441096498806785,"type":106}
@nix {"action":"result","fields":[100,0],"id":5441096498806785,"type":106}
@nix {"action":"stop","id":5441096498806810}
@nix {"action":"start","fields":["/tmp/obrador-shared-pins-linux/round-2-after/chain-round-1-jobs-8/store/0ddhqflrw0iz7prmv28g2ql0hq4szij4-leaf-8.drv.drv","/tmp/obrador-shared-pins-linux/round-2-after/chain-round-1-jobs-8/store/lpwks2nz3xgzqc0zfp43898w252fxjwh-leaf-8.drv.drv"],"id":5441096498806811,"level":3,"parent":0,"text":"resolved derivation: '/tmp/obrador-shared-pins-linux/round-2-after/chain-round-1-jobs-8/store/0ddhqflrw0iz7prmv28g2ql0hq4szij4-leaf-8.drv.drv' -> '/tmp/obrador-shared-pins-linux/round-2-after/chain-round-1-jobs-8/store/lpwks2nz3xgzqc0zfp43898w252fxjwh-leaf-8.drv.drv'","type":111}
@nix {"action":"result","fields":[23,48,0,0],"id":5441096498806786,"type":105}
@nix {"action":"result","fields":[0,0,0,0],"id":5441096498806787,"type":105}
@nix {"action":"result","fields":[101,0],"id":5441096498806785,"type":106}
@nix {"action":"result","fields":[100,0],"id":5441096498806785,"type":106}
@nix {"action":"start","fields":["/tmp/obrador-shared-pins-linux/round-2-after/chain-round-1-jobs-8/store/lpwks2nz3xgzqc0zfp43898w252fxjwh-leaf-8.drv.drv","",1,1],"id":5441096498806812,"level":3,"parent":0,"text":"building '/tmp/obrador-shared-pins-linux/round-2-after/chain-round-1-jobs-8/store/lpwks2nz3xgzqc0zfp43898w252fxjwh-leaf-8.drv.drv'","type":105}
@nix {"action":"result","fields":[23,48,1,0],"id":5441096498806786,"type":105}
@nix {"action":"result","fields":[0,0,0,0],"id":5441096498806787,"type":105}
@nix {"action":"result","fields":[101,0],"id":5441096498806785,"type":106}
@nix {"action":"result","fields":[100,0],"id":5441096498806785,"type":106}
@nix {"action":"result","fields":[24,49,0,0],"id":5441096498806786,"type":105}
@nix {"action":"result","fields":[0,0,0,0],"id":5441096498806787,"type":105}
@nix {"action":"result","fields":[101,0],"id":5441096498806785,"type":106}
@nix {"action":"result","fields":[100,0],"id":5441096498806785,"type":106}
@nix {"action":"stop","id":5441096498806812}
@nix {"action":"result","fields":[25,49,0,0],"id":5441096498806786,"type":105}
@nix {"action":"result","fields":[0,0,0,0],"id":5441096498806787,"type":105}
@nix {"action":"result","fields":[101,0],"id":5441096498806785,"type":106}
@nix {"action":"result","fields":[100,0],"id":5441096498806785,"type":106}
@nix {"action":"stop","id":5441096498806811}
@nix {"action":"result","fields":[25,49,0,0],"id":5441096498806786,"type":105}
@nix {"action":"result","fields":[0,0,0,0],"id":5441096498806787,"type":105}
@nix {"action":"result","fields":[101,0],"id":5441096498806785,"type":106}
@nix {"action":"result","fields":[100,0],"id":5441096498806785,"type":106}
@nix {"action":"start","fields":["/tmp/obrador-shared-pins-linux/round-2-after/chain-round-1-jobs-8/store/gp9lk5m6hzq3dcsqd6hrp9x7anzl4rii-leaf-8.drv","",1,1],"id":5441096498806813,"level":3,"parent":0,"text":"building '/tmp/obrador-shared-pins-linux/round-2-after/chain-round-1-jobs-8/store/gp9lk5m6hzq3dcsqd6hrp9x7anzl4rii-leaf-8.drv'","type":105}
@nix {"action":"result","fields":[25,49,1,0],"id":5441096498806786,"type":105}
@nix {"action":"result","fields":[0,0,0,0],"id":5441096498806787,"type":105}
@nix {"action":"result","fields":[101,0],"id":5441096498806785,"type":106}
@nix {"action":"result","fields":[100,0],"id":5441096498806785,"type":106}
@nix {"action":"result","fields":[26,50,0,0],"id":5441096498806786,"type":105}
@nix {"action":"result","fields":[0,0,0,0],"id":5441096498806787,"type":105}
@nix {"action":"result","fields":[101,0],"id":5441096498806785,"type":106}
@nix {"action":"result","fields":[100,0],"id":5441096498806785,"type":106}
@nix {"action":"stop","id":5441096498806813}
@nix {"action":"start","fields":["/tmp/obrador-shared-pins-linux/round-2-after/chain-round-1-jobs-8/store/5dggnj87gv7n1h6yrz73dwpkbwgfr8xy-leaf-9.drv.drv","/tmp/obrador-shared-pins-linux/round-2-after/chain-round-1-jobs-8/store/gmqbz1rq0a07r1px37723gnng0gmmqnv-leaf-9.drv.drv"],"id":5441096498806814,"level":3,"parent":0,"text":"resolved derivation: '/tmp/obrador-shared-pins-linux/round-2-after/chain-round-1-jobs-8/store/5dggnj87gv7n1h6yrz73dwpkbwgfr8xy-leaf-9.drv.drv' -> '/tmp/obrador-shared-pins-linux/round-2-after/chain-round-1-jobs-8/store/gmqbz1rq0a07r1px37723gnng0gmmqnv-leaf-9.drv.drv'","type":111}
@nix {"action":"result","fields":[26,50,0,0],"id":5441096498806786,"type":105}
@nix {"action":"result","fields":[0,0,0,0],"id":5441096498806787,"type":105}
@nix {"action":"result","fields":[101,0],"id":5441096498806785,"type":106}
@nix {"action":"result","fields":[100,0],"id":5441096498806785,"type":106}
@nix {"action":"start","fields":["/tmp/obrador-shared-pins-linux/round-2-after/chain-round-1-jobs-8/store/gmqbz1rq0a07r1px37723gnng0gmmqnv-leaf-9.drv.drv","",1,1],"id":5441096498806815,"level":3,"parent":0,"text":"building '/tmp/obrador-shared-pins-linux/round-2-after/chain-round-1-jobs-8/store/gmqbz1rq0a07r1px37723gnng0gmmqnv-leaf-9.drv.drv'","type":105}
@nix {"action":"result","fields":[26,50,1,0],"id":5441096498806786,"type":105}
@nix {"action":"result","fields":[0,0,0,0],"id":5441096498806787,"type":105}
@nix {"action":"result","fields":[101,0],"id":5441096498806785,"type":106}
@nix {"action":"result","fields":[100,0],"id":5441096498806785,"type":106}
@nix {"action":"result","fields":[27,51,0,0],"id":5441096498806786,"type":105}
@nix {"action":"result","fields":[0,0,0,0],"id":5441096498806787,"type":105}
@nix {"action":"result","fields":[101,0],"id":5441096498806785,"type":106}
@nix {"action":"result","fields":[100,0],"id":5441096498806785,"type":106}
@nix {"action":"stop","id":5441096498806815}
@nix {"action":"result","fields":[28,51,0,0],"id":5441096498806786,"type":105}
@nix {"action":"result","fields":[0,0,0,0],"id":5441096498806787,"type":105}
@nix {"action":"result","fields":[101,0],"id":5441096498806785,"type":106}
@nix {"action":"result","fields":[100,0],"id":5441096498806785,"type":106}
@nix {"action":"stop","id":5441096498806814}
@nix {"action":"result","fields":[28,51,0,0],"id":5441096498806786,"type":105}
@nix {"action":"result","fields":[0,0,0,0],"id":5441096498806787,"type":105}
@nix {"action":"result","fields":[101,0],"id":5441096498806785,"type":106}
@nix {"action":"result","fields":[100,0],"id":5441096498806785,"type":106}
@nix {"action":"start","fields":["/tmp/obrador-shared-pins-linux/round-2-after/chain-round-1-jobs-8/store/x2pdhh74fay7s4mg28rn3i015rwisicf-leaf-9.drv","",1,1],"id":5441096498806816,"level":3,"parent":0,"text":"building '/tmp/obrador-shared-pins-linux/round-2-after/chain-round-1-jobs-8/store/x2pdhh74fay7s4mg28rn3i015rwisicf-leaf-9.drv'","type":105}
@nix {"action":"result","fields":[28,51,1,0],"id":5441096498806786,"type":105}
@nix {"action":"result","fields":[0,0,0,0],"id":5441096498806787,"type":105}
@nix {"action":"result","fields":[101,0],"id":5441096498806785,"type":106}
@nix {"action":"result","fields":[100,0],"id":5441096498806785,"type":106}
@nix {"action":"result","fields":[29,52,0,0],"id":5441096498806786,"type":105}
@nix {"action":"result","fields":[0,0,0,0],"id":5441096498806787,"type":105}
@nix {"action":"result","fields":[101,0],"id":5441096498806785,"type":106}
@nix {"action":"result","fields":[100,0],"id":5441096498806785,"type":106}
@nix {"action":"stop","id":5441096498806816}
@nix {"action":"start","fields":["/tmp/obrador-shared-pins-linux/round-2-after/chain-round-1-jobs-8/store/0bzy9wkip81c1fbf7pl1bklgvqlyb7hn-leaf-10.drv.drv","/tmp/obrador-shared-pins-linux/round-2-after/chain-round-1-jobs-8/store/rwbqr0nirs2h0j6jd8zl70ywc3g2h781-leaf-10.drv.drv"],"id":5441096498806817,"level":3,"parent":0,"text":"resolved derivation: '/tmp/obrador-shared-pins-linux/round-2-after/chain-round-1-jobs-8/store/0bzy9wkip81c1fbf7pl1bklgvqlyb7hn-leaf-10.drv.drv' -> '/tmp/obrador-shared-pins-linux/round-2-after/chain-round-1-jobs-8/store/rwbqr0nirs2h0j6jd8zl70ywc3g2h781-leaf-10.drv.drv'","type":111}
@nix {"action":"result","fields":[29,52,0,0],"id":5441096498806786,"type":105}
@nix {"action":"result","fields":[0,0,0,0],"id":5441096498806787,"type":105}
@nix {"action":"result","fields":[101,0],"id":5441096498806785,"type":106}
@nix {"action":"result","fields":[100,0],"id":5441096498806785,"type":106}
@nix {"action":"start","fields":["/tmp/obrador-shared-pins-linux/round-2-after/chain-round-1-jobs-8/store/rwbqr0nirs2h0j6jd8zl70ywc3g2h781-leaf-10.drv.drv","",1,1],"id":5441096498806818,"level":3,"parent":0,"text":"building '/tmp/obrador-shared-pins-linux/round-2-after/chain-round-1-jobs-8/store/rwbqr0nirs2h0j6jd8zl70ywc3g2h781-leaf-10.drv.drv'","type":105}
@nix {"action":"result","fields":[29,52,1,0],"id":5441096498806786,"type":105}
@nix {"action":"result","fields":[0,0,0,0],"id":5441096498806787,"type":105}
@nix {"action":"result","fields":[101,0],"id":5441096498806785,"type":106}
@nix {"action":"result","fields":[100,0],"id":5441096498806785,"type":106}
@nix {"action":"result","fields":[30,53,0,0],"id":5441096498806786,"type":105}
@nix {"action":"result","fields":[0,0,0,0],"id":5441096498806787,"type":105}
@nix {"action":"result","fields":[101,0],"id":5441096498806785,"type":106}
@nix {"action":"result","fields":[100,0],"id":5441096498806785,"type":106}
@nix {"action":"stop","id":5441096498806818}
@nix {"action":"result","fields":[31,53,0,0],"id":5441096498806786,"type":105}
@nix {"action":"result","fields":[0,0,0,0],"id":5441096498806787,"type":105}
@nix {"action":"result","fields":[101,0],"id":5441096498806785,"type":106}
@nix {"action":"result","fields":[100,0],"id":5441096498806785,"type":106}
@nix {"action":"stop","id":5441096498806817}
@nix {"action":"result","fields":[31,53,0,0],"id":5441096498806786,"type":105}
@nix {"action":"result","fields":[0,0,0,0],"id":5441096498806787,"type":105}
@nix {"action":"result","fields":[101,0],"id":5441096498806785,"type":106}
@nix {"action":"result","fields":[100,0],"id":5441096498806785,"type":106}
@nix {"action":"start","fields":["/tmp/obrador-shared-pins-linux/round-2-after/chain-round-1-jobs-8/store/f88wg9ac135kn4668gkwq9h7xc5c86xr-leaf-10.drv","",1,1],"id":5441096498806819,"level":3,"parent":0,"text":"building '/tmp/obrador-shared-pins-linux/round-2-after/chain-round-1-jobs-8/store/f88wg9ac135kn4668gkwq9h7xc5c86xr-leaf-10.drv'","type":105}
@nix {"action":"result","fields":[31,53,1,0],"id":5441096498806786,"type":105}
@nix {"action":"result","fields":[0,0,0,0],"id":5441096498806787,"type":105}
@nix {"action":"result","fields":[101,0],"id":5441096498806785,"type":106}
@nix {"action":"result","fields":[100,0],"id":5441096498806785,"type":106}
@nix {"action":"result","fields":[32,54,0,0],"id":5441096498806786,"type":105}
@nix {"action":"result","fields":[0,0,0,0],"id":5441096498806787,"type":105}
@nix {"action":"result","fields":[101,0],"id":5441096498806785,"type":106}
@nix {"action":"result","fields":[100,0],"id":5441096498806785,"type":106}
@nix {"action":"stop","id":5441096498806819}
@nix {"action":"start","fields":["/tmp/obrador-shared-pins-linux/round-2-after/chain-round-1-jobs-8/store/q2v3b04b6ncfmdfqmv91640r5jq6sjm8-leaf-11.drv.drv","/tmp/obrador-shared-pins-linux/round-2-after/chain-round-1-jobs-8/store/xki3h53yca31mvd4jfhvvxaivl55ffdi-leaf-11.drv.drv"],"id":5441096498806820,"level":3,"parent":0,"text":"resolved derivation: '/tmp/obrador-shared-pins-linux/round-2-after/chain-round-1-jobs-8/store/q2v3b04b6ncfmdfqmv91640r5jq6sjm8-leaf-11.drv.drv' -> '/tmp/obrador-shared-pins-linux/round-2-after/chain-round-1-jobs-8/store/xki3h53yca31mvd4jfhvvxaivl55ffdi-leaf-11.drv.drv'","type":111}
@nix {"action":"result","fields":[32,54,0,0],"id":5441096498806786,"type":105}
@nix {"action":"result","fields":[0,0,0,0],"id":5441096498806787,"type":105}
@nix {"action":"result","fields":[101,0],"id":5441096498806785,"type":106}
@nix {"action":"result","fields":[100,0],"id":5441096498806785,"type":106}
@nix {"action":"start","fields":["/tmp/obrador-shared-pins-linux/round-2-after/chain-round-1-jobs-8/store/xki3h53yca31mvd4jfhvvxaivl55ffdi-leaf-11.drv.drv","",1,1],"id":5441096498806821,"level":3,"parent":0,"text":"building '/tmp/obrador-shared-pins-linux/round-2-after/chain-round-1-jobs-8/store/xki3h53yca31mvd4jfhvvxaivl55ffdi-leaf-11.drv.drv'","type":105}
@nix {"action":"result","fields":[32,54,1,0],"id":5441096498806786,"type":105}
@nix {"action":"result","fields":[0,0,0,0],"id":5441096498806787,"type":105}
@nix {"action":"result","fields":[101,0],"id":5441096498806785,"type":106}
@nix {"action":"result","fields":[100,0],"id":5441096498806785,"type":106}
@nix {"action":"result","fields":[33,55,0,0],"id":5441096498806786,"type":105}
@nix {"action":"result","fields":[0,0,0,0],"id":5441096498806787,"type":105}
@nix {"action":"result","fields":[101,0],"id":5441096498806785,"type":106}
@nix {"action":"result","fields":[100,0],"id":5441096498806785,"type":106}
@nix {"action":"stop","id":5441096498806821}
@nix {"action":"result","fields":[34,55,0,0],"id":5441096498806786,"type":105}
@nix {"action":"result","fields":[0,0,0,0],"id":5441096498806787,"type":105}
@nix {"action":"result","fields":[101,0],"id":5441096498806785,"type":106}
@nix {"action":"result","fields":[100,0],"id":5441096498806785,"type":106}
@nix {"action":"stop","id":5441096498806820}
@nix {"action":"result","fields":[34,55,0,0],"id":5441096498806786,"type":105}
@nix {"action":"result","fields":[0,0,0,0],"id":5441096498806787,"type":105}
@nix {"action":"result","fields":[101,0],"id":5441096498806785,"type":106}
@nix {"action":"result","fields":[100,0],"id":5441096498806785,"type":106}
@nix {"action":"start","fields":["/tmp/obrador-shared-pins-linux/round-2-after/chain-round-1-jobs-8/store/r9zr19bj6nnbgyfk936bfbhwidyghs37-leaf-11.drv","",1,1],"id":5441096498806822,"level":3,"parent":0,"text":"building '/tmp/obrador-shared-pins-linux/round-2-after/chain-round-1-jobs-8/store/r9zr19bj6nnbgyfk936bfbhwidyghs37-leaf-11.drv'","type":105}
@nix {"action":"result","fields":[34,55,1,0],"id":5441096498806786,"type":105}
@nix {"action":"result","fields":[0,0,0,0],"id":5441096498806787,"type":105}
@nix {"action":"result","fields":[101,0],"id":5441096498806785,"type":106}
@nix {"action":"result","fields":[100,0],"id":5441096498806785,"type":106}
@nix {"action":"result","fields":[35,56,0,0],"id":5441096498806786,"type":105}
@nix {"action":"result","fields":[0,0,0,0],"id":5441096498806787,"type":105}
@nix {"action":"result","fields":[101,0],"id":5441096498806785,"type":106}
@nix {"action":"result","fields":[100,0],"id":5441096498806785,"type":106}
@nix {"action":"stop","id":5441096498806822}
@nix {"action":"start","fields":["/tmp/obrador-shared-pins-linux/round-2-after/chain-round-1-jobs-8/store/pb5g4d6anppbhppc4cvli4066dra3l3l-leaf-12.drv.drv","/tmp/obrador-shared-pins-linux/round-2-after/chain-round-1-jobs-8/store/a7a671179cyrkph2y1jaq4wawbw1lvid-leaf-12.drv.drv"],"id":5441096498806823,"level":3,"parent":0,"text":"resolved derivation: '/tmp/obrador-shared-pins-linux/round-2-after/chain-round-1-jobs-8/store/pb5g4d6anppbhppc4cvli4066dra3l3l-leaf-12.drv.drv' -> '/tmp/obrador-shared-pins-linux/round-2-after/chain-round-1-jobs-8/store/a7a671179cyrkph2y1jaq4wawbw1lvid-leaf-12.drv.drv'","type":111}
@nix {"action":"result","fields":[35,56,0,0],"id":5441096498806786,"type":105}
@nix {"action":"result","fields":[0,0,0,0],"id":5441096498806787,"type":105}
@nix {"action":"result","fields":[101,0],"id":5441096498806785,"type":106}
@nix {"action":"result","fields":[100,0],"id":5441096498806785,"type":106}
@nix {"action":"start","fields":["/tmp/obrador-shared-pins-linux/round-2-after/chain-round-1-jobs-8/store/a7a671179cyrkph2y1jaq4wawbw1lvid-leaf-12.drv.drv","",1,1],"id":5441096498806824,"level":3,"parent":0,"text":"building '/tmp/obrador-shared-pins-linux/round-2-after/chain-round-1-jobs-8/store/a7a671179cyrkph2y1jaq4wawbw1lvid-leaf-12.drv.drv'","type":105}
@nix {"action":"result","fields":[35,56,1,0],"id":5441096498806786,"type":105}
@nix {"action":"result","fields":[0,0,0,0],"id":5441096498806787,"type":105}
@nix {"action":"result","fields":[101,0],"id":5441096498806785,"type":106}
@nix {"action":"result","fields":[100,0],"id":5441096498806785,"type":106}
@nix {"action":"result","fields":[36,57,0,0],"id":5441096498806786,"type":105}
@nix {"action":"result","fields":[0,0,0,0],"id":5441096498806787,"type":105}
@nix {"action":"result","fields":[101,0],"id":5441096498806785,"type":106}
@nix {"action":"result","fields":[100,0],"id":5441096498806785,"type":106}
@nix {"action":"stop","id":5441096498806824}
@nix {"action":"result","fields":[37,57,0,0],"id":5441096498806786,"type":105}
@nix {"action":"result","fields":[0,0,0,0],"id":5441096498806787,"type":105}
@nix {"action":"result","fields":[101,0],"id":5441096498806785,"type":106}
@nix {"action":"result","fields":[100,0],"id":5441096498806785,"type":106}
@nix {"action":"stop","id":5441096498806823}
@nix {"action":"result","fields":[37,57,0,0],"id":5441096498806786,"type":105}
@nix {"action":"result","fields":[0,0,0,0],"id":5441096498806787,"type":105}
@nix {"action":"result","fields":[101,0],"id":5441096498806785,"type":106}
@nix {"action":"result","fields":[100,0],"id":5441096498806785,"type":106}
@nix {"action":"start","fields":["/tmp/obrador-shared-pins-linux/round-2-after/chain-round-1-jobs-8/store/ybqkck54lmymdg786cikinnc90z4xsyg-leaf-12.drv","",1,1],"id":5441096498806825,"level":3,"parent":0,"text":"building '/tmp/obrador-shared-pins-linux/round-2-after/chain-round-1-jobs-8/store/ybqkck54lmymdg786cikinnc90z4xsyg-leaf-12.drv'","type":105}
@nix {"action":"result","fields":[37,57,1,0],"id":5441096498806786,"type":105}
@nix {"action":"result","fields":[0,0,0,0],"id":5441096498806787,"type":105}
@nix {"action":"result","fields":[101,0],"id":5441096498806785,"type":106}
@nix {"action":"result","fields":[100,0],"id":5441096498806785,"type":106}
@nix {"action":"result","fields":[38,58,0,0],"id":5441096498806786,"type":105}
@nix {"action":"result","fields":[0,0,0,0],"id":5441096498806787,"type":105}
@nix {"action":"result","fields":[101,0],"id":5441096498806785,"type":106}
@nix {"action":"result","fields":[100,0],"id":5441096498806785,"type":106}
@nix {"action":"stop","id":5441096498806825}
@nix {"action":"start","fields":["/tmp/obrador-shared-pins-linux/round-2-after/chain-round-1-jobs-8/store/bj0l7z7hc0c427bdqmf1hd9x244ipr4z-leaf-13.drv.drv","/tmp/obrador-shared-pins-linux/round-2-after/chain-round-1-jobs-8/store/k80zbcciir59ra0xiw0l1gvmk28v3jj5-leaf-13.drv.drv"],"id":5441096498806826,"level":3,"parent":0,"text":"resolved derivation: '/tmp/obrador-shared-pins-linux/round-2-after/chain-round-1-jobs-8/store/bj0l7z7hc0c427bdqmf1hd9x244ipr4z-leaf-13.drv.drv' -> '/tmp/obrador-shared-pins-linux/round-2-after/chain-round-1-jobs-8/store/k80zbcciir59ra0xiw0l1gvmk28v3jj5-leaf-13.drv.drv'","type":111}
@nix {"action":"result","fields":[38,58,0,0],"id":5441096498806786,"type":105}
@nix {"action":"result","fields":[0,0,0,0],"id":5441096498806787,"type":105}
@nix {"action":"result","fields":[101,0],"id":5441096498806785,"type":106}
@nix {"action":"result","fields":[100,0],"id":5441096498806785,"type":106}
@nix {"action":"start","fields":["/tmp/obrador-shared-pins-linux/round-2-after/chain-round-1-jobs-8/store/k80zbcciir59ra0xiw0l1gvmk28v3jj5-leaf-13.drv.drv","",1,1],"id":5441096498806827,"level":3,"parent":0,"text":"building '/tmp/obrador-shared-pins-linux/round-2-after/chain-round-1-jobs-8/store/k80zbcciir59ra0xiw0l1gvmk28v3jj5-leaf-13.drv.drv'","type":105}
@nix {"action":"result","fields":[38,58,1,0],"id":5441096498806786,"type":105}
@nix {"action":"result","fields":[0,0,0,0],"id":5441096498806787,"type":105}
@nix {"action":"result","fields":[101,0],"id":5441096498806785,"type":106}
@nix {"action":"result","fields":[100,0],"id":5441096498806785,"type":106}
@nix {"action":"result","fields":[39,59,0,0],"id":5441096498806786,"type":105}
@nix {"action":"result","fields":[0,0,0,0],"id":5441096498806787,"type":105}
@nix {"action":"result","fields":[101,0],"id":5441096498806785,"type":106}
@nix {"action":"result","fields":[100,0],"id":5441096498806785,"type":106}
@nix {"action":"stop","id":5441096498806827}
@nix {"action":"result","fields":[40,59,0,0],"id":5441096498806786,"type":105}
@nix {"action":"result","fields":[0,0,0,0],"id":5441096498806787,"type":105}
@nix {"action":"result","fields":[101,0],"id":5441096498806785,"type":106}
@nix {"action":"result","fields":[100,0],"id":5441096498806785,"type":106}
@nix {"action":"stop","id":5441096498806826}
@nix {"action":"result","fields":[40,59,0,0],"id":5441096498806786,"type":105}
@nix {"action":"result","fields":[0,0,0,0],"id":5441096498806787,"type":105}
@nix {"action":"result","fields":[101,0],"id":5441096498806785,"type":106}
@nix {"action":"result","fields":[100,0],"id":5441096498806785,"type":106}
@nix {"action":"start","fields":["/tmp/obrador-shared-pins-linux/round-2-after/chain-round-1-jobs-8/store/j2mlq19gslx8sn0pbvq6hsa5pzk58yvd-leaf-13.drv","",1,1],"id":5441096498806828,"level":3,"parent":0,"text":"building '/tmp/obrador-shared-pins-linux/round-2-after/chain-round-1-jobs-8/store/j2mlq19gslx8sn0pbvq6hsa5pzk58yvd-leaf-13.drv'","type":105}
@nix {"action":"result","fields":[40,59,1,0],"id":5441096498806786,"type":105}
@nix {"action":"result","fields":[0,0,0,0],"id":5441096498806787,"type":105}
@nix {"action":"result","fields":[101,0],"id":5441096498806785,"type":106}
@nix {"action":"result","fields":[100,0],"id":5441096498806785,"type":106}
@nix {"action":"result","fields":[41,60,0,0],"id":5441096498806786,"type":105}
@nix {"action":"result","fields":[0,0,0,0],"id":5441096498806787,"type":105}
@nix {"action":"result","fields":[101,0],"id":5441096498806785,"type":106}
@nix {"action":"result","fields":[100,0],"id":5441096498806785,"type":106}
@nix {"action":"stop","id":5441096498806828}
@nix {"action":"start","fields":["/tmp/obrador-shared-pins-linux/round-2-after/chain-round-1-jobs-8/store/vrkhk6qa5049c7hg78kjdwrlrhaikcmq-leaf-14.drv.drv","/tmp/obrador-shared-pins-linux/round-2-after/chain-round-1-jobs-8/store/d29zwaq98n6idkicxpxm589j1sv5qvpm-leaf-14.drv.drv"],"id":5441096498806829,"level":3,"parent":0,"text":"resolved derivation: '/tmp/obrador-shared-pins-linux/round-2-after/chain-round-1-jobs-8/store/vrkhk6qa5049c7hg78kjdwrlrhaikcmq-leaf-14.drv.drv' -> '/tmp/obrador-shared-pins-linux/round-2-after/chain-round-1-jobs-8/store/d29zwaq98n6idkicxpxm589j1sv5qvpm-leaf-14.drv.drv'","type":111}
@nix {"action":"result","fields":[41,60,0,0],"id":5441096498806786,"type":105}
@nix {"action":"result","fields":[0,0,0,0],"id":5441096498806787,"type":105}
@nix {"action":"result","fields":[101,0],"id":5441096498806785,"type":106}
@nix {"action":"result","fields":[100,0],"id":5441096498806785,"type":106}
@nix {"action":"start","fields":["/tmp/obrador-shared-pins-linux/round-2-after/chain-round-1-jobs-8/store/d29zwaq98n6idkicxpxm589j1sv5qvpm-leaf-14.drv.drv","",1,1],"id":5441096498806830,"level":3,"parent":0,"text":"building '/tmp/obrador-shared-pins-linux/round-2-after/chain-round-1-jobs-8/store/d29zwaq98n6idkicxpxm589j1sv5qvpm-leaf-14.drv.drv'","type":105}
@nix {"action":"result","fields":[41,60,1,0],"id":5441096498806786,"type":105}
@nix {"action":"result","fields":[0,0,0,0],"id":5441096498806787,"type":105}
@nix {"action":"result","fields":[101,0],"id":5441096498806785,"type":106}
@nix {"action":"result","fields":[100,0],"id":5441096498806785,"type":106}
@nix {"action":"result","fields":[42,61,0,0],"id":5441096498806786,"type":105}
@nix {"action":"result","fields":[0,0,0,0],"id":5441096498806787,"type":105}
@nix {"action":"result","fields":[101,0],"id":5441096498806785,"type":106}
@nix {"action":"result","fields":[100,0],"id":5441096498806785,"type":106}
@nix {"action":"stop","id":5441096498806830}
@nix {"action":"result","fields":[43,61,0,0],"id":5441096498806786,"type":105}
@nix {"action":"result","fields":[0,0,0,0],"id":5441096498806787,"type":105}
@nix {"action":"result","fields":[101,0],"id":5441096498806785,"type":106}
@nix {"action":"result","fields":[100,0],"id":5441096498806785,"type":106}
@nix {"action":"stop","id":5441096498806829}
@nix {"action":"result","fields":[43,61,0,0],"id":5441096498806786,"type":105}
@nix {"action":"result","fields":[0,0,0,0],"id":5441096498806787,"type":105}
@nix {"action":"result","fields":[101,0],"id":5441096498806785,"type":106}
@nix {"action":"result","fields":[100,0],"id":5441096498806785,"type":106}
@nix {"action":"start","fields":["/tmp/obrador-shared-pins-linux/round-2-after/chain-round-1-jobs-8/store/r75wqw5pgzf7q623wy28xfxwml5xdbn7-leaf-14.drv","",1,1],"id":5441096498806831,"level":3,"parent":0,"text":"building '/tmp/obrador-shared-pins-linux/round-2-after/chain-round-1-jobs-8/store/r75wqw5pgzf7q623wy28xfxwml5xdbn7-leaf-14.drv'","type":105}
@nix {"action":"result","fields":[43,61,1,0],"id":5441096498806786,"type":105}
@nix {"action":"result","fields":[0,0,0,0],"id":5441096498806787,"type":105}
@nix {"action":"result","fields":[101,0],"id":5441096498806785,"type":106}
@nix {"action":"result","fields":[100,0],"id":5441096498806785,"type":106}
@nix {"action":"result","fields":[44,62,0,0],"id":5441096498806786,"type":105}
@nix {"action":"result","fields":[0,0,0,0],"id":5441096498806787,"type":105}
@nix {"action":"result","fields":[101,0],"id":5441096498806785,"type":106}
@nix {"action":"result","fields":[100,0],"id":5441096498806785,"type":106}
@nix {"action":"stop","id":5441096498806831}
@nix {"action":"start","fields":["/tmp/obrador-shared-pins-linux/round-2-after/chain-round-1-jobs-8/store/sfzrlqjlr0n2vlm6cvl6lamgwg9j5yl0-leaf-15.drv.drv","/tmp/obrador-shared-pins-linux/round-2-after/chain-round-1-jobs-8/store/zpkv223mfkwk5y0sqjv5lmv2w72acgna-leaf-15.drv.drv"],"id":5441096498806832,"level":3,"parent":0,"text":"resolved derivation: '/tmp/obrador-shared-pins-linux/round-2-after/chain-round-1-jobs-8/store/sfzrlqjlr0n2vlm6cvl6lamgwg9j5yl0-leaf-15.drv.drv' -> '/tmp/obrador-shared-pins-linux/round-2-after/chain-round-1-jobs-8/store/zpkv223mfkwk5y0sqjv5lmv2w72acgna-leaf-15.drv.drv'","type":111}
@nix {"action":"result","fields":[44,62,0,0],"id":5441096498806786,"type":105}
@nix {"action":"result","fields":[0,0,0,0],"id":5441096498806787,"type":105}
@nix {"action":"result","fields":[101,0],"id":5441096498806785,"type":106}
@nix {"action":"result","fields":[100,0],"id":5441096498806785,"type":106}
@nix {"action":"start","fields":["/tmp/obrador-shared-pins-linux/round-2-after/chain-round-1-jobs-8/store/zpkv223mfkwk5y0sqjv5lmv2w72acgna-leaf-15.drv.drv","",1,1],"id":5441096498806833,"level":3,"parent":0,"text":"building '/tmp/obrador-shared-pins-linux/round-2-after/chain-round-1-jobs-8/store/zpkv223mfkwk5y0sqjv5lmv2w72acgna-leaf-15.drv.drv'","type":105}
@nix {"action":"result","fields":[44,62,1,0],"id":5441096498806786,"type":105}
@nix {"action":"result","fields":[0,0,0,0],"id":5441096498806787,"type":105}
@nix {"action":"result","fields":[101,0],"id":5441096498806785,"type":106}
@nix {"action":"result","fields":[100,0],"id":5441096498806785,"type":106}
@nix {"action":"result","fields":[45,63,0,0],"id":5441096498806786,"type":105}
@nix {"action":"result","fields":[0,0,0,0],"id":5441096498806787,"type":105}
@nix {"action":"result","fields":[101,0],"id":5441096498806785,"type":106}
@nix {"action":"result","fields":[100,0],"id":5441096498806785,"type":106}
@nix {"action":"stop","id":5441096498806833}
@nix {"action":"result","fields":[46,63,0,0],"id":5441096498806786,"type":105}
@nix {"action":"result","fields":[0,0,0,0],"id":5441096498806787,"type":105}
@nix {"action":"result","fields":[101,0],"id":5441096498806785,"type":106}
@nix {"action":"result","fields":[100,0],"id":5441096498806785,"type":106}
@nix {"action":"stop","id":5441096498806832}
@nix {"action":"result","fields":[46,63,0,0],"id":5441096498806786,"type":105}
@nix {"action":"result","fields":[0,0,0,0],"id":5441096498806787,"type":105}
@nix {"action":"result","fields":[101,0],"id":5441096498806785,"type":106}
@nix {"action":"result","fields":[100,0],"id":5441096498806785,"type":106}
@nix {"action":"start","fields":["/tmp/obrador-shared-pins-linux/round-2-after/chain-round-1-jobs-8/store/mg9gwpcw36j3m5v7v9llhnwrc1a8b23c-leaf-15.drv","",1,1],"id":5441096498806834,"level":3,"parent":0,"text":"building '/tmp/obrador-shared-pins-linux/round-2-after/chain-round-1-jobs-8/store/mg9gwpcw36j3m5v7v9llhnwrc1a8b23c-leaf-15.drv'","type":105}
@nix {"action":"result","fields":[46,63,1,0],"id":5441096498806786,"type":105}
@nix {"action":"result","fields":[0,0,0,0],"id":5441096498806787,"type":105}
@nix {"action":"result","fields":[101,0],"id":5441096498806785,"type":106}
@nix {"action":"result","fields":[100,0],"id":5441096498806785,"type":106}
@nix {"action":"result","fields":[47,64,0,0],"id":5441096498806786,"type":105}
@nix {"action":"result","fields":[0,0,0,0],"id":5441096498806787,"type":105}
@nix {"action":"result","fields":[101,0],"id":5441096498806785,"type":106}
@nix {"action":"result","fields":[100,0],"id":5441096498806785,"type":106}
@nix {"action":"stop","id":5441096498806834}
@nix {"action":"start","fields":["/tmp/obrador-shared-pins-linux/round-2-after/chain-round-1-jobs-8/store/ap89vp6vywb4w8n91slm3r0hm3kd5nc8-leaf-16.drv.drv","/tmp/obrador-shared-pins-linux/round-2-after/chain-round-1-jobs-8/store/sglv185j8m5bzpf298vak0bv580zscw4-leaf-16.drv.drv"],"id":5441096498806835,"level":3,"parent":0,"text":"resolved derivation: '/tmp/obrador-shared-pins-linux/round-2-after/chain-round-1-jobs-8/store/ap89vp6vywb4w8n91slm3r0hm3kd5nc8-leaf-16.drv.drv' -> '/tmp/obrador-shared-pins-linux/round-2-after/chain-round-1-jobs-8/store/sglv185j8m5bzpf298vak0bv580zscw4-leaf-16.drv.drv'","type":111}
@nix {"action":"result","fields":[47,64,0,0],"id":5441096498806786,"type":105}
@nix {"action":"result","fields":[0,0,0,0],"id":5441096498806787,"type":105}
@nix {"action":"result","fields":[101,0],"id":5441096498806785,"type":106}
@nix {"action":"result","fields":[100,0],"id":5441096498806785,"type":106}
@nix {"action":"start","fields":["/tmp/obrador-shared-pins-linux/round-2-after/chain-round-1-jobs-8/store/sglv185j8m5bzpf298vak0bv580zscw4-leaf-16.drv.drv","",1,1],"id":5441096498806836,"level":3,"parent":0,"text":"building '/tmp/obrador-shared-pins-linux/round-2-after/chain-round-1-jobs-8/store/sglv185j8m5bzpf298vak0bv580zscw4-leaf-16.drv.drv'","type":105}
@nix {"action":"result","fields":[47,64,1,0],"id":5441096498806786,"type":105}
@nix {"action":"result","fields":[0,0,0,0],"id":5441096498806787,"type":105}
@nix {"action":"result","fields":[101,0],"id":5441096498806785,"type":106}
@nix {"action":"result","fields":[100,0],"id":5441096498806785,"type":106}
@nix {"action":"result","fields":[48,65,0,0],"id":5441096498806786,"type":105}
@nix {"action":"result","fields":[0,0,0,0],"id":5441096498806787,"type":105}
@nix {"action":"result","fields":[101,0],"id":5441096498806785,"type":106}
@nix {"action":"result","fields":[100,0],"id":5441096498806785,"type":106}
@nix {"action":"stop","id":5441096498806836}
@nix {"action":"result","fields":[49,65,0,0],"id":5441096498806786,"type":105}
@nix {"action":"result","fields":[0,0,0,0],"id":5441096498806787,"type":105}
@nix {"action":"result","fields":[101,0],"id":5441096498806785,"type":106}
@nix {"action":"result","fields":[100,0],"id":5441096498806785,"type":106}
@nix {"action":"stop","id":5441096498806835}
@nix {"action":"result","fields":[49,65,0,0],"id":5441096498806786,"type":105}
@nix {"action":"result","fields":[0,0,0,0],"id":5441096498806787,"type":105}
@nix {"action":"result","fields":[101,0],"id":5441096498806785,"type":106}
@nix {"action":"result","fields":[100,0],"id":5441096498806785,"type":106}
@nix {"action":"start","fields":["/tmp/obrador-shared-pins-linux/round-2-after/chain-round-1-jobs-8/store/sbkb6v1b4kqpj491s83f2qxgchvzvcsf-leaf-16.drv","",1,1],"id":5441096498806837,"level":3,"parent":0,"text":"building '/tmp/obrador-shared-pins-linux/round-2-after/chain-round-1-jobs-8/store/sbkb6v1b4kqpj491s83f2qxgchvzvcsf-leaf-16.drv'","type":105}
@nix {"action":"result","fields":[49,65,1,0],"id":5441096498806786,"type":105}
@nix {"action":"result","fields":[0,0,0,0],"id":5441096498806787,"type":105}
@nix {"action":"result","fields":[101,0],"id":5441096498806785,"type":106}
@nix {"action":"result","fields":[100,0],"id":5441096498806785,"type":106}
@nix {"action":"result","fields":[50,66,0,0],"id":5441096498806786,"type":105}
@nix {"action":"result","fields":[0,0,0,0],"id":5441096498806787,"type":105}
@nix {"action":"result","fields":[101,0],"id":5441096498806785,"type":106}
@nix {"action":"result","fields":[100,0],"id":5441096498806785,"type":106}
@nix {"action":"stop","id":5441096498806837}
@nix {"action":"start","fields":["/tmp/obrador-shared-pins-linux/round-2-after/chain-round-1-jobs-8/store/y5m1ql13gchhfwpxz4w6jrfqdvz084hz-leaf-17.drv.drv","/tmp/obrador-shared-pins-linux/round-2-after/chain-round-1-jobs-8/store/dh1fn8v5i1ysgsl1a26ybhmj3zh3kbc6-leaf-17.drv.drv"],"id":5441096498806838,"level":3,"parent":0,"text":"resolved derivation: '/tmp/obrador-shared-pins-linux/round-2-after/chain-round-1-jobs-8/store/y5m1ql13gchhfwpxz4w6jrfqdvz084hz-leaf-17.drv.drv' -> '/tmp/obrador-shared-pins-linux/round-2-after/chain-round-1-jobs-8/store/dh1fn8v5i1ysgsl1a26ybhmj3zh3kbc6-leaf-17.drv.drv'","type":111}
@nix {"action":"result","fields":[50,66,0,0],"id":5441096498806786,"type":105}
@nix {"action":"result","fields":[0,0,0,0],"id":5441096498806787,"type":105}
@nix {"action":"result","fields":[101,0],"id":5441096498806785,"type":106}
@nix {"action":"result","fields":[100,0],"id":5441096498806785,"type":106}
@nix {"action":"start","fields":["/tmp/obrador-shared-pins-linux/round-2-after/chain-round-1-jobs-8/store/dh1fn8v5i1ysgsl1a26ybhmj3zh3kbc6-leaf-17.drv.drv","",1,1],"id":5441096498806839,"level":3,"parent":0,"text":"building '/tmp/obrador-shared-pins-linux/round-2-after/chain-round-1-jobs-8/store/dh1fn8v5i1ysgsl1a26ybhmj3zh3kbc6-leaf-17.drv.drv'","type":105}
@nix {"action":"result","fields":[50,66,1,0],"id":5441096498806786,"type":105}
@nix {"action":"result","fields":[0,0,0,0],"id":5441096498806787,"type":105}
@nix {"action":"result","fields":[101,0],"id":5441096498806785,"type":106}
@nix {"action":"result","fields":[100,0],"id":5441096498806785,"type":106}
@nix {"action":"result","fields":[51,67,0,0],"id":5441096498806786,"type":105}
@nix {"action":"result","fields":[0,0,0,0],"id":5441096498806787,"type":105}
@nix {"action":"result","fields":[101,0],"id":5441096498806785,"type":106}
@nix {"action":"result","fields":[100,0],"id":5441096498806785,"type":106}
@nix {"action":"stop","id":5441096498806839}
@nix {"action":"result","fields":[52,67,0,0],"id":5441096498806786,"type":105}
@nix {"action":"result","fields":[0,0,0,0],"id":5441096498806787,"type":105}
@nix {"action":"result","fields":[101,0],"id":5441096498806785,"type":106}
@nix {"action":"result","fields":[100,0],"id":5441096498806785,"type":106}
@nix {"action":"stop","id":5441096498806838}
@nix {"action":"result","fields":[52,67,0,0],"id":5441096498806786,"type":105}
@nix {"action":"result","fields":[0,0,0,0],"id":5441096498806787,"type":105}
@nix {"action":"result","fields":[101,0],"id":5441096498806785,"type":106}
@nix {"action":"result","fields":[100,0],"id":5441096498806785,"type":106}
@nix {"action":"start","fields":["/tmp/obrador-shared-pins-linux/round-2-after/chain-round-1-jobs-8/store/fzild37jsbvjiyc2aifdx24mlackp49d-leaf-17.drv","",1,1],"id":5441096498806840,"level":3,"parent":0,"text":"building '/tmp/obrador-shared-pins-linux/round-2-after/chain-round-1-jobs-8/store/fzild37jsbvjiyc2aifdx24mlackp49d-leaf-17.drv'","type":105}
@nix {"action":"result","fields":[52,67,1,0],"id":5441096498806786,"type":105}
@nix {"action":"result","fields":[0,0,0,0],"id":5441096498806787,"type":105}
@nix {"action":"result","fields":[101,0],"id":5441096498806785,"type":106}
@nix {"action":"result","fields":[100,0],"id":5441096498806785,"type":106}
@nix {"action":"result","fields":[53,68,0,0],"id":5441096498806786,"type":105}
@nix {"action":"result","fields":[0,0,0,0],"id":5441096498806787,"type":105}
@nix {"action":"result","fields":[101,0],"id":5441096498806785,"type":106}
@nix {"action":"result","fields":[100,0],"id":5441096498806785,"type":106}
@nix {"action":"stop","id":5441096498806840}
@nix {"action":"start","fields":["/tmp/obrador-shared-pins-linux/round-2-after/chain-round-1-jobs-8/store/kgq14wvbl8r9ngc03dny08zbfjs05fpy-leaf-18.drv.drv","/tmp/obrador-shared-pins-linux/round-2-after/chain-round-1-jobs-8/store/q8hvynai8z4w57ggdclzrmyzbabz85y9-leaf-18.drv.drv"],"id":5441096498806841,"level":3,"parent":0,"text":"resolved derivation: '/tmp/obrador-shared-pins-linux/round-2-after/chain-round-1-jobs-8/store/kgq14wvbl8r9ngc03dny08zbfjs05fpy-leaf-18.drv.drv' -> '/tmp/obrador-shared-pins-linux/round-2-after/chain-round-1-jobs-8/store/q8hvynai8z4w57ggdclzrmyzbabz85y9-leaf-18.drv.drv'","type":111}
@nix {"action":"result","fields":[53,68,0,0],"id":5441096498806786,"type":105}
@nix {"action":"result","fields":[0,0,0,0],"id":5441096498806787,"type":105}
@nix {"action":"result","fields":[101,0],"id":5441096498806785,"type":106}
@nix {"action":"result","fields":[100,0],"id":5441096498806785,"type":106}
@nix {"action":"start","fields":["/tmp/obrador-shared-pins-linux/round-2-after/chain-round-1-jobs-8/store/q8hvynai8z4w57ggdclzrmyzbabz85y9-leaf-18.drv.drv","",1,1],"id":5441096498806842,"level":3,"parent":0,"text":"building '/tmp/obrador-shared-pins-linux/round-2-after/chain-round-1-jobs-8/store/q8hvynai8z4w57ggdclzrmyzbabz85y9-leaf-18.drv.drv'","type":105}
@nix {"action":"result","fields":[53,68,1,0],"id":5441096498806786,"type":105}
@nix {"action":"result","fields":[0,0,0,0],"id":5441096498806787,"type":105}
@nix {"action":"result","fields":[101,0],"id":5441096498806785,"type":106}
@nix {"action":"result","fields":[100,0],"id":5441096498806785,"type":106}
@nix {"action":"result","fields":[54,69,0,0],"id":5441096498806786,"type":105}
@nix {"action":"result","fields":[0,0,0,0],"id":5441096498806787,"type":105}
@nix {"action":"result","fields":[101,0],"id":5441096498806785,"type":106}
@nix {"action":"result","fields":[100,0],"id":5441096498806785,"type":106}
@nix {"action":"stop","id":5441096498806842}
@nix {"action":"result","fields":[55,69,0,0],"id":5441096498806786,"type":105}
@nix {"action":"result","fields":[0,0,0,0],"id":5441096498806787,"type":105}
@nix {"action":"result","fields":[101,0],"id":5441096498806785,"type":106}
@nix {"action":"result","fields":[100,0],"id":5441096498806785,"type":106}
@nix {"action":"stop","id":5441096498806841}
@nix {"action":"result","fields":[55,69,0,0],"id":5441096498806786,"type":105}
@nix {"action":"result","fields":[0,0,0,0],"id":5441096498806787,"type":105}
@nix {"action":"result","fields":[101,0],"id":5441096498806785,"type":106}
@nix {"action":"result","fields":[100,0],"id":5441096498806785,"type":106}
@nix {"action":"start","fields":["/tmp/obrador-shared-pins-linux/round-2-after/chain-round-1-jobs-8/store/am72843c0b2926q8f2rxr592360dv88i-leaf-18.drv","",1,1],"id":5441096498806843,"level":3,"parent":0,"text":"building '/tmp/obrador-shared-pins-linux/round-2-after/chain-round-1-jobs-8/store/am72843c0b2926q8f2rxr592360dv88i-leaf-18.drv'","type":105}
@nix {"action":"result","fields":[55,69,1,0],"id":5441096498806786,"type":105}
@nix {"action":"result","fields":[0,0,0,0],"id":5441096498806787,"type":105}
@nix {"action":"result","fields":[101,0],"id":5441096498806785,"type":106}
@nix {"action":"result","fields":[100,0],"id":5441096498806785,"type":106}
@nix {"action":"result","fields":[56,70,0,0],"id":5441096498806786,"type":105}
@nix {"action":"result","fields":[0,0,0,0],"id":5441096498806787,"type":105}
@nix {"action":"result","fields":[101,0],"id":5441096498806785,"type":106}
@nix {"action":"result","fields":[100,0],"id":5441096498806785,"type":106}
@nix {"action":"stop","id":5441096498806843}
@nix {"action":"start","fields":["/tmp/obrador-shared-pins-linux/round-2-after/chain-round-1-jobs-8/store/zg1cxx2y9y4zyrxk2h5531b9szaj8cal-leaf-19.drv.drv","/tmp/obrador-shared-pins-linux/round-2-after/chain-round-1-jobs-8/store/64r2vx11b18xg57qwmxlihlpghrrxna0-leaf-19.drv.drv"],"id":5441096498806844,"level":3,"parent":0,"text":"resolved derivation: '/tmp/obrador-shared-pins-linux/round-2-after/chain-round-1-jobs-8/store/zg1cxx2y9y4zyrxk2h5531b9szaj8cal-leaf-19.drv.drv' -> '/tmp/obrador-shared-pins-linux/round-2-after/chain-round-1-jobs-8/store/64r2vx11b18xg57qwmxlihlpghrrxna0-leaf-19.drv.drv'","type":111}
@nix {"action":"result","fields":[56,70,0,0],"id":5441096498806786,"type":105}
@nix {"action":"result","fields":[0,0,0,0],"id":5441096498806787,"type":105}
@nix {"action":"result","fields":[101,0],"id":5441096498806785,"type":106}
@nix {"action":"result","fields":[100,0],"id":5441096498806785,"type":106}
@nix {"action":"start","fields":["/tmp/obrador-shared-pins-linux/round-2-after/chain-round-1-jobs-8/store/64r2vx11b18xg57qwmxlihlpghrrxna0-leaf-19.drv.drv","",1,1],"id":5441096498806845,"level":3,"parent":0,"text":"building '/tmp/obrador-shared-pins-linux/round-2-after/chain-round-1-jobs-8/store/64r2vx11b18xg57qwmxlihlpghrrxna0-leaf-19.drv.drv'","type":105}
@nix {"action":"result","fields":[56,70,1,0],"id":5441096498806786,"type":105}
@nix {"action":"result","fields":[0,0,0,0],"id":5441096498806787,"type":105}
@nix {"action":"result","fields":[101,0],"id":5441096498806785,"type":106}
@nix {"action":"result","fields":[100,0],"id":5441096498806785,"type":106}
@nix {"action":"result","fields":[57,71,0,0],"id":5441096498806786,"type":105}
@nix {"action":"result","fields":[0,0,0,0],"id":5441096498806787,"type":105}
@nix {"action":"result","fields":[101,0],"id":5441096498806785,"type":106}
@nix {"action":"result","fields":[100,0],"id":5441096498806785,"type":106}
@nix {"action":"stop","id":5441096498806845}
@nix {"action":"result","fields":[58,71,0,0],"id":5441096498806786,"type":105}
@nix {"action":"result","fields":[0,0,0,0],"id":5441096498806787,"type":105}
@nix {"action":"result","fields":[101,0],"id":5441096498806785,"type":106}
@nix {"action":"result","fields":[100,0],"id":5441096498806785,"type":106}
@nix {"action":"stop","id":5441096498806844}
@nix {"action":"result","fields":[58,71,0,0],"id":5441096498806786,"type":105}
@nix {"action":"result","fields":[0,0,0,0],"id":5441096498806787,"type":105}
@nix {"action":"result","fields":[101,0],"id":5441096498806785,"type":106}
@nix {"action":"result","fields":[100,0],"id":5441096498806785,"type":106}
@nix {"action":"start","fields":["/tmp/obrador-shared-pins-linux/round-2-after/chain-round-1-jobs-8/store/2nprwjkxl1zb6gsa3ka9n1m68cp17q9r-leaf-19.drv","",1,1],"id":5441096498806846,"level":3,"parent":0,"text":"building '/tmp/obrador-shared-pins-linux/round-2-after/chain-round-1-jobs-8/store/2nprwjkxl1zb6gsa3ka9n1m68cp17q9r-leaf-19.drv'","type":105}
@nix {"action":"result","fields":[58,71,1,0],"id":5441096498806786,"type":105}
@nix {"action":"result","fields":[0,0,0,0],"id":5441096498806787,"type":105}
@nix {"action":"result","fields":[101,0],"id":5441096498806785,"type":106}
@nix {"action":"result","fields":[100,0],"id":5441096498806785,"type":106}
@nix {"action":"result","fields":[59,72,0,0],"id":5441096498806786,"type":105}
@nix {"action":"result","fields":[0,0,0,0],"id":5441096498806787,"type":105}
@nix {"action":"result","fields":[101,0],"id":5441096498806785,"type":106}
@nix {"action":"result","fields":[100,0],"id":5441096498806785,"type":106}
@nix {"action":"stop","id":5441096498806846}
@nix {"action":"start","fields":["/tmp/obrador-shared-pins-linux/round-2-after/chain-round-1-jobs-8/store/g4k82nx3sxr9dvxq3q0nplpy7nr1h6yz-leaf-20.drv.drv","/tmp/obrador-shared-pins-linux/round-2-after/chain-round-1-jobs-8/store/x8a9s85vpm6blz0mp2vpynbivkfyn9x1-leaf-20.drv.drv"],"id":5441096498806847,"level":3,"parent":0,"text":"resolved derivation: '/tmp/obrador-shared-pins-linux/round-2-after/chain-round-1-jobs-8/store/g4k82nx3sxr9dvxq3q0nplpy7nr1h6yz-leaf-20.drv.drv' -> '/tmp/obrador-shared-pins-linux/round-2-after/chain-round-1-jobs-8/store/x8a9s85vpm6blz0mp2vpynbivkfyn9x1-leaf-20.drv.drv'","type":111}
@nix {"action":"result","fields":[59,72,0,0],"id":5441096498806786,"type":105}
@nix {"action":"result","fields":[0,0,0,0],"id":5441096498806787,"type":105}
@nix {"action":"result","fields":[101,0],"id":5441096498806785,"type":106}
@nix {"action":"result","fields":[100,0],"id":5441096498806785,"type":106}
@nix {"action":"start","fields":["/tmp/obrador-shared-pins-linux/round-2-after/chain-round-1-jobs-8/store/x8a9s85vpm6blz0mp2vpynbivkfyn9x1-leaf-20.drv.drv","",1,1],"id":5441096498806848,"level":3,"parent":0,"text":"building '/tmp/obrador-shared-pins-linux/round-2-after/chain-round-1-jobs-8/store/x8a9s85vpm6blz0mp2vpynbivkfyn9x1-leaf-20.drv.drv'","type":105}
@nix {"action":"result","fields":[59,72,1,0],"id":5441096498806786,"type":105}
@nix {"action":"result","fields":[0,0,0,0],"id":5441096498806787,"type":105}
@nix {"action":"result","fields":[101,0],"id":5441096498806785,"type":106}
@nix {"action":"result","fields":[100,0],"id":5441096498806785,"type":106}
@nix {"action":"result","fields":[60,73,0,0],"id":5441096498806786,"type":105}
@nix {"action":"result","fields":[0,0,0,0],"id":5441096498806787,"type":105}
@nix {"action":"result","fields":[101,0],"id":5441096498806785,"type":106}
@nix {"action":"result","fields":[100,0],"id":5441096498806785,"type":106}
@nix {"action":"stop","id":5441096498806848}
@nix {"action":"result","fields":[61,73,0,0],"id":5441096498806786,"type":105}
@nix {"action":"result","fields":[0,0,0,0],"id":5441096498806787,"type":105}
@nix {"action":"result","fields":[101,0],"id":5441096498806785,"type":106}
@nix {"action":"result","fields":[100,0],"id":5441096498806785,"type":106}
@nix {"action":"stop","id":5441096498806847}
@nix {"action":"result","fields":[61,73,0,0],"id":5441096498806786,"type":105}
@nix {"action":"result","fields":[0,0,0,0],"id":5441096498806787,"type":105}
@nix {"action":"result","fields":[101,0],"id":5441096498806785,"type":106}
@nix {"action":"result","fields":[100,0],"id":5441096498806785,"type":106}
@nix {"action":"start","fields":["/tmp/obrador-shared-pins-linux/round-2-after/chain-round-1-jobs-8/store/bch10n8ddd3b63v2bj7sg67rszqq4jir-leaf-20.drv","",1,1],"id":5441096498806849,"level":3,"parent":0,"text":"building '/tmp/obrador-shared-pins-linux/round-2-after/chain-round-1-jobs-8/store/bch10n8ddd3b63v2bj7sg67rszqq4jir-leaf-20.drv'","type":105}
@nix {"action":"result","fields":[61,73,1,0],"id":5441096498806786,"type":105}
@nix {"action":"result","fields":[0,0,0,0],"id":5441096498806787,"type":105}
@nix {"action":"result","fields":[101,0],"id":5441096498806785,"type":106}
@nix {"action":"result","fields":[100,0],"id":5441096498806785,"type":106}
@nix {"action":"result","fields":[62,74,0,0],"id":5441096498806786,"type":105}
@nix {"action":"result","fields":[0,0,0,0],"id":5441096498806787,"type":105}
@nix {"action":"result","fields":[101,0],"id":5441096498806785,"type":106}
@nix {"action":"result","fields":[100,0],"id":5441096498806785,"type":106}
@nix {"action":"stop","id":5441096498806849}
@nix {"action":"start","fields":["/tmp/obrador-shared-pins-linux/round-2-after/chain-round-1-jobs-8/store/4aib0pyax8f8wzjaqwaipw6aj36rixzf-leaf-21.drv.drv","/tmp/obrador-shared-pins-linux/round-2-after/chain-round-1-jobs-8/store/sj88xj51k2dd2n7i16krqyv5isvi088r-leaf-21.drv.drv"],"id":5441096498806850,"level":3,"parent":0,"text":"resolved derivation: '/tmp/obrador-shared-pins-linux/round-2-after/chain-round-1-jobs-8/store/4aib0pyax8f8wzjaqwaipw6aj36rixzf-leaf-21.drv.drv' -> '/tmp/obrador-shared-pins-linux/round-2-after/chain-round-1-jobs-8/store/sj88xj51k2dd2n7i16krqyv5isvi088r-leaf-21.drv.drv'","type":111}
@nix {"action":"result","fields":[62,74,0,0],"id":5441096498806786,"type":105}
@nix {"action":"result","fields":[0,0,0,0],"id":5441096498806787,"type":105}
@nix {"action":"result","fields":[101,0],"id":5441096498806785,"type":106}
@nix {"action":"result","fields":[100,0],"id":5441096498806785,"type":106}
@nix {"action":"start","fields":["/tmp/obrador-shared-pins-linux/round-2-after/chain-round-1-jobs-8/store/sj88xj51k2dd2n7i16krqyv5isvi088r-leaf-21.drv.drv","",1,1],"id":5441096498806851,"level":3,"parent":0,"text":"building '/tmp/obrador-shared-pins-linux/round-2-after/chain-round-1-jobs-8/store/sj88xj51k2dd2n7i16krqyv5isvi088r-leaf-21.drv.drv'","type":105}
@nix {"action":"result","fields":[62,74,1,0],"id":5441096498806786,"type":105}
@nix {"action":"result","fields":[0,0,0,0],"id":5441096498806787,"type":105}
@nix {"action":"result","fields":[101,0],"id":5441096498806785,"type":106}
@nix {"action":"result","fields":[100,0],"id":5441096498806785,"type":106}
@nix {"action":"result","fields":[63,75,0,0],"id":5441096498806786,"type":105}
@nix {"action":"result","fields":[0,0,0,0],"id":5441096498806787,"type":105}
@nix {"action":"result","fields":[101,0],"id":5441096498806785,"type":106}
@nix {"action":"result","fields":[100,0],"id":5441096498806785,"type":106}
@nix {"action":"stop","id":5441096498806851}
@nix {"action":"result","fields":[64,75,0,0],"id":5441096498806786,"type":105}
@nix {"action":"result","fields":[0,0,0,0],"id":5441096498806787,"type":105}
@nix {"action":"result","fields":[101,0],"id":5441096498806785,"type":106}
@nix {"action":"result","fields":[100,0],"id":5441096498806785,"type":106}
@nix {"action":"stop","id":5441096498806850}
@nix {"action":"result","fields":[64,75,0,0],"id":5441096498806786,"type":105}
@nix {"action":"result","fields":[0,0,0,0],"id":5441096498806787,"type":105}
@nix {"action":"result","fields":[101,0],"id":5441096498806785,"type":106}
@nix {"action":"result","fields":[100,0],"id":5441096498806785,"type":106}
@nix {"action":"start","fields":["/tmp/obrador-shared-pins-linux/round-2-after/chain-round-1-jobs-8/store/q5kpld7vn7sanj17igff7fdc5jaaz9jm-leaf-21.drv","",1,1],"id":5441096498806852,"level":3,"parent":0,"text":"building '/tmp/obrador-shared-pins-linux/round-2-after/chain-round-1-jobs-8/store/q5kpld7vn7sanj17igff7fdc5jaaz9jm-leaf-21.drv'","type":105}
@nix {"action":"result","fields":[64,75,1,0],"id":5441096498806786,"type":105}
@nix {"action":"result","fields":[0,0,0,0],"id":5441096498806787,"type":105}
@nix {"action":"result","fields":[101,0],"id":5441096498806785,"type":106}
@nix {"action":"result","fields":[100,0],"id":5441096498806785,"type":106}
@nix {"action":"result","fields":[65,76,0,0],"id":5441096498806786,"type":105}
@nix {"action":"result","fields":[0,0,0,0],"id":5441096498806787,"type":105}
@nix {"action":"result","fields":[101,0],"id":5441096498806785,"type":106}
@nix {"action":"result","fields":[100,0],"id":5441096498806785,"type":106}
@nix {"action":"stop","id":5441096498806852}
@nix {"action":"start","fields":["/tmp/obrador-shared-pins-linux/round-2-after/chain-round-1-jobs-8/store/wg1g160y2l9c0ykkyi1axpjs50i5lh93-leaf-22.drv.drv","/tmp/obrador-shared-pins-linux/round-2-after/chain-round-1-jobs-8/store/2824bnqpmiy57bfwxyg29yj704iqz3mq-leaf-22.drv.drv"],"id":5441096498806853,"level":3,"parent":0,"text":"resolved derivation: '/tmp/obrador-shared-pins-linux/round-2-after/chain-round-1-jobs-8/store/wg1g160y2l9c0ykkyi1axpjs50i5lh93-leaf-22.drv.drv' -> '/tmp/obrador-shared-pins-linux/round-2-after/chain-round-1-jobs-8/store/2824bnqpmiy57bfwxyg29yj704iqz3mq-leaf-22.drv.drv'","type":111}
@nix {"action":"result","fields":[65,76,0,0],"id":5441096498806786,"type":105}
@nix {"action":"result","fields":[0,0,0,0],"id":5441096498806787,"type":105}
@nix {"action":"result","fields":[101,0],"id":5441096498806785,"type":106}
@nix {"action":"result","fields":[100,0],"id":5441096498806785,"type":106}
@nix {"action":"start","fields":["/tmp/obrador-shared-pins-linux/round-2-after/chain-round-1-jobs-8/store/2824bnqpmiy57bfwxyg29yj704iqz3mq-leaf-22.drv.drv","",1,1],"id":5441096498806854,"level":3,"parent":0,"text":"building '/tmp/obrador-shared-pins-linux/round-2-after/chain-round-1-jobs-8/store/2824bnqpmiy57bfwxyg29yj704iqz3mq-leaf-22.drv.drv'","type":105}
@nix {"action":"result","fields":[65,76,1,0],"id":5441096498806786,"type":105}
@nix {"action":"result","fields":[0,0,0,0],"id":5441096498806787,"type":105}
@nix {"action":"result","fields":[101,0],"id":5441096498806785,"type":106}
@nix {"action":"result","fields":[100,0],"id":5441096498806785,"type":106}
@nix {"action":"result","fields":[66,77,0,0],"id":5441096498806786,"type":105}
@nix {"action":"result","fields":[0,0,0,0],"id":5441096498806787,"type":105}
@nix {"action":"result","fields":[101,0],"id":5441096498806785,"type":106}
@nix {"action":"result","fields":[100,0],"id":5441096498806785,"type":106}
@nix {"action":"stop","id":5441096498806854}
@nix {"action":"result","fields":[67,77,0,0],"id":5441096498806786,"type":105}
@nix {"action":"result","fields":[0,0,0,0],"id":5441096498806787,"type":105}
@nix {"action":"result","fields":[101,0],"id":5441096498806785,"type":106}
@nix {"action":"result","fields":[100,0],"id":5441096498806785,"type":106}
@nix {"action":"stop","id":5441096498806853}
@nix {"action":"result","fields":[67,77,0,0],"id":5441096498806786,"type":105}
@nix {"action":"result","fields":[0,0,0,0],"id":5441096498806787,"type":105}
@nix {"action":"result","fields":[101,0],"id":5441096498806785,"type":106}
@nix {"action":"result","fields":[100,0],"id":5441096498806785,"type":106}
@nix {"action":"start","fields":["/tmp/obrador-shared-pins-linux/round-2-after/chain-round-1-jobs-8/store/6rzidwdmgyrvl8l27c9paz4ng4k9ksn0-leaf-22.drv","",1,1],"id":5441096498806855,"level":3,"parent":0,"text":"building '/tmp/obrador-shared-pins-linux/round-2-after/chain-round-1-jobs-8/store/6rzidwdmgyrvl8l27c9paz4ng4k9ksn0-leaf-22.drv'","type":105}
@nix {"action":"result","fields":[67,77,1,0],"id":5441096498806786,"type":105}
@nix {"action":"result","fields":[0,0,0,0],"id":5441096498806787,"type":105}
@nix {"action":"result","fields":[101,0],"id":5441096498806785,"type":106}
@nix {"action":"result","fields":[100,0],"id":5441096498806785,"type":106}
@nix {"action":"result","fields":[68,78,0,0],"id":5441096498806786,"type":105}
@nix {"action":"result","fields":[0,0,0,0],"id":5441096498806787,"type":105}
@nix {"action":"result","fields":[101,0],"id":5441096498806785,"type":106}
@nix {"action":"result","fields":[100,0],"id":5441096498806785,"type":106}
@nix {"action":"stop","id":5441096498806855}
@nix {"action":"start","fields":["/tmp/obrador-shared-pins-linux/round-2-after/chain-round-1-jobs-8/store/ij9p24prd2a6q0gk21cmrhn4abx0fqp2-leaf-23.drv.drv","/tmp/obrador-shared-pins-linux/round-2-after/chain-round-1-jobs-8/store/4vzy05blnjpbv3ha9cyx4fjql8h9hd4l-leaf-23.drv.drv"],"id":5441096498806856,"level":3,"parent":0,"text":"resolved derivation: '/tmp/obrador-shared-pins-linux/round-2-after/chain-round-1-jobs-8/store/ij9p24prd2a6q0gk21cmrhn4abx0fqp2-leaf-23.drv.drv' -> '/tmp/obrador-shared-pins-linux/round-2-after/chain-round-1-jobs-8/store/4vzy05blnjpbv3ha9cyx4fjql8h9hd4l-leaf-23.drv.drv'","type":111}
@nix {"action":"result","fields":[68,78,0,0],"id":5441096498806786,"type":105}
@nix {"action":"result","fields":[0,0,0,0],"id":5441096498806787,"type":105}
@nix {"action":"result","fields":[101,0],"id":5441096498806785,"type":106}
@nix {"action":"result","fields":[100,0],"id":5441096498806785,"type":106}
@nix {"action":"start","fields":["/tmp/obrador-shared-pins-linux/round-2-after/chain-round-1-jobs-8/store/4vzy05blnjpbv3ha9cyx4fjql8h9hd4l-leaf-23.drv.drv","",1,1],"id":5441096498806857,"level":3,"parent":0,"text":"building '/tmp/obrador-shared-pins-linux/round-2-after/chain-round-1-jobs-8/store/4vzy05blnjpbv3ha9cyx4fjql8h9hd4l-leaf-23.drv.drv'","type":105}
@nix {"action":"result","fields":[68,78,1,0],"id":5441096498806786,"type":105}
@nix {"action":"result","fields":[0,0,0,0],"id":5441096498806787,"type":105}
@nix {"action":"result","fields":[101,0],"id":5441096498806785,"type":106}
@nix {"action":"result","fields":[100,0],"id":5441096498806785,"type":106}
@nix {"action":"result","fields":[69,79,0,0],"id":5441096498806786,"type":105}
@nix {"action":"result","fields":[0,0,0,0],"id":5441096498806787,"type":105}
@nix {"action":"result","fields":[101,0],"id":5441096498806785,"type":106}
@nix {"action":"result","fields":[100,0],"id":5441096498806785,"type":106}
@nix {"action":"stop","id":5441096498806857}
@nix {"action":"result","fields":[70,79,0,0],"id":5441096498806786,"type":105}
@nix {"action":"result","fields":[0,0,0,0],"id":5441096498806787,"type":105}
@nix {"action":"result","fields":[101,0],"id":5441096498806785,"type":106}
@nix {"action":"result","fields":[100,0],"id":5441096498806785,"type":106}
@nix {"action":"stop","id":5441096498806856}
@nix {"action":"result","fields":[70,79,0,0],"id":5441096498806786,"type":105}
@nix {"action":"result","fields":[0,0,0,0],"id":5441096498806787,"type":105}
@nix {"action":"result","fields":[101,0],"id":5441096498806785,"type":106}
@nix {"action":"result","fields":[100,0],"id":5441096498806785,"type":106}
@nix {"action":"start","fields":["/tmp/obrador-shared-pins-linux/round-2-after/chain-round-1-jobs-8/store/987zp92bliv9n6pif0shn8v169n7lhnr-leaf-23.drv","",1,1],"id":5441096498806858,"level":3,"parent":0,"text":"building '/tmp/obrador-shared-pins-linux/round-2-after/chain-round-1-jobs-8/store/987zp92bliv9n6pif0shn8v169n7lhnr-leaf-23.drv'","type":105}
@nix {"action":"result","fields":[70,79,1,0],"id":5441096498806786,"type":105}
@nix {"action":"result","fields":[0,0,0,0],"id":5441096498806787,"type":105}
@nix {"action":"result","fields":[101,0],"id":5441096498806785,"type":106}
@nix {"action":"result","fields":[100,0],"id":5441096498806785,"type":106}
@nix {"action":"result","fields":[71,80,0,0],"id":5441096498806786,"type":105}
@nix {"action":"result","fields":[0,0,0,0],"id":5441096498806787,"type":105}
@nix {"action":"result","fields":[101,0],"id":5441096498806785,"type":106}
@nix {"action":"result","fields":[100,0],"id":5441096498806785,"type":106}
@nix {"action":"stop","id":5441096498806858}
@nix {"action":"start","fields":["/tmp/obrador-shared-pins-linux/round-2-after/chain-round-1-jobs-8/store/m3sch1bisyw9rgnnqgmvfchmbpa1w5sx-leaf-24.drv.drv","/tmp/obrador-shared-pins-linux/round-2-after/chain-round-1-jobs-8/store/gn9ig8wnyj1l6qi7jgjrhn5a8ra3cp98-leaf-24.drv.drv"],"id":5441096498806859,"level":3,"parent":0,"text":"resolved derivation: '/tmp/obrador-shared-pins-linux/round-2-after/chain-round-1-jobs-8/store/m3sch1bisyw9rgnnqgmvfchmbpa1w5sx-leaf-24.drv.drv' -> '/tmp/obrador-shared-pins-linux/round-2-after/chain-round-1-jobs-8/store/gn9ig8wnyj1l6qi7jgjrhn5a8ra3cp98-leaf-24.drv.drv'","type":111}
@nix {"action":"result","fields":[71,80,0,0],"id":5441096498806786,"type":105}
@nix {"action":"result","fields":[0,0,0,0],"id":5441096498806787,"type":105}
@nix {"action":"result","fields":[101,0],"id":5441096498806785,"type":106}
@nix {"action":"result","fields":[100,0],"id":5441096498806785,"type":106}
@nix {"action":"start","fields":["/tmp/obrador-shared-pins-linux/round-2-after/chain-round-1-jobs-8/store/gn9ig8wnyj1l6qi7jgjrhn5a8ra3cp98-leaf-24.drv.drv","",1,1],"id":5441096498806860,"level":3,"parent":0,"text":"building '/tmp/obrador-shared-pins-linux/round-2-after/chain-round-1-jobs-8/store/gn9ig8wnyj1l6qi7jgjrhn5a8ra3cp98-leaf-24.drv.drv'","type":105}
@nix {"action":"result","fields":[71,80,1,0],"id":5441096498806786,"type":105}
@nix {"action":"result","fields":[0,0,0,0],"id":5441096498806787,"type":105}
@nix {"action":"result","fields":[101,0],"id":5441096498806785,"type":106}
@nix {"action":"result","fields":[100,0],"id":5441096498806785,"type":106}
@nix {"action":"result","fields":[72,81,0,0],"id":5441096498806786,"type":105}
@nix {"action":"result","fields":[0,0,0,0],"id":5441096498806787,"type":105}
@nix {"action":"result","fields":[101,0],"id":5441096498806785,"type":106}
@nix {"action":"result","fields":[100,0],"id":5441096498806785,"type":106}
@nix {"action":"stop","id":5441096498806860}
@nix {"action":"result","fields":[73,81,0,0],"id":5441096498806786,"type":105}
@nix {"action":"result","fields":[0,0,0,0],"id":5441096498806787,"type":105}
@nix {"action":"result","fields":[101,0],"id":5441096498806785,"type":106}
@nix {"action":"result","fields":[100,0],"id":5441096498806785,"type":106}
@nix {"action":"stop","id":5441096498806859}
@nix {"action":"result","fields":[73,81,0,0],"id":5441096498806786,"type":105}
@nix {"action":"result","fields":[0,0,0,0],"id":5441096498806787,"type":105}
@nix {"action":"result","fields":[101,0],"id":5441096498806785,"type":106}
@nix {"action":"result","fields":[100,0],"id":5441096498806785,"type":106}
@nix {"action":"start","fields":["/tmp/obrador-shared-pins-linux/round-2-after/chain-round-1-jobs-8/store/8lp4b3rkzg50j37vzqh322lax2r73n21-leaf-24.drv","",1,1],"id":5441096498806861,"level":3,"parent":0,"text":"building '/tmp/obrador-shared-pins-linux/round-2-after/chain-round-1-jobs-8/store/8lp4b3rkzg50j37vzqh322lax2r73n21-leaf-24.drv'","type":105}
@nix {"action":"result","fields":[73,81,1,0],"id":5441096498806786,"type":105}
@nix {"action":"result","fields":[0,0,0,0],"id":5441096498806787,"type":105}
@nix {"action":"result","fields":[101,0],"id":5441096498806785,"type":106}
@nix {"action":"result","fields":[100,0],"id":5441096498806785,"type":106}
@nix {"action":"result","fields":[74,82,0,0],"id":5441096498806786,"type":105}
@nix {"action":"result","fields":[0,0,0,0],"id":5441096498806787,"type":105}
@nix {"action":"result","fields":[101,0],"id":5441096498806785,"type":106}
@nix {"action":"result","fields":[100,0],"id":5441096498806785,"type":106}
@nix {"action":"stop","id":5441096498806861}
@nix {"action":"start","fields":["/tmp/obrador-shared-pins-linux/round-2-after/chain-round-1-jobs-8/store/x5db1lajivbssl4kiw6lkdygdqcczr1w-leaf-25.drv.drv","/tmp/obrador-shared-pins-linux/round-2-after/chain-round-1-jobs-8/store/6vznfvyav9dhsvdqz17qsy7irdk2nhd8-leaf-25.drv.drv"],"id":5441096498806862,"level":3,"parent":0,"text":"resolved derivation: '/tmp/obrador-shared-pins-linux/round-2-after/chain-round-1-jobs-8/store/x5db1lajivbssl4kiw6lkdygdqcczr1w-leaf-25.drv.drv' -> '/tmp/obrador-shared-pins-linux/round-2-after/chain-round-1-jobs-8/store/6vznfvyav9dhsvdqz17qsy7irdk2nhd8-leaf-25.drv.drv'","type":111}
@nix {"action":"result","fields":[74,82,0,0],"id":5441096498806786,"type":105}
@nix {"action":"result","fields":[0,0,0,0],"id":5441096498806787,"type":105}
@nix {"action":"result","fields":[101,0],"id":5441096498806785,"type":106}
@nix {"action":"result","fields":[100,0],"id":5441096498806785,"type":106}
@nix {"action":"start","fields":["/tmp/obrador-shared-pins-linux/round-2-after/chain-round-1-jobs-8/store/6vznfvyav9dhsvdqz17qsy7irdk2nhd8-leaf-25.drv.drv","",1,1],"id":5441096498806863,"level":3,"parent":0,"text":"building '/tmp/obrador-shared-pins-linux/round-2-after/chain-round-1-jobs-8/store/6vznfvyav9dhsvdqz17qsy7irdk2nhd8-leaf-25.drv.drv'","type":105}
@nix {"action":"result","fields":[74,82,1,0],"id":5441096498806786,"type":105}
@nix {"action":"result","fields":[0,0,0,0],"id":5441096498806787,"type":105}
@nix {"action":"result","fields":[101,0],"id":5441096498806785,"type":106}
@nix {"action":"result","fields":[100,0],"id":5441096498806785,"type":106}
@nix {"action":"result","fields":[75,83,0,0],"id":5441096498806786,"type":105}
@nix {"action":"result","fields":[0,0,0,0],"id":5441096498806787,"type":105}
@nix {"action":"result","fields":[101,0],"id":5441096498806785,"type":106}
@nix {"action":"result","fields":[100,0],"id":5441096498806785,"type":106}
@nix {"action":"stop","id":5441096498806863}
@nix {"action":"result","fields":[76,83,0,0],"id":5441096498806786,"type":105}
@nix {"action":"result","fields":[0,0,0,0],"id":5441096498806787,"type":105}
@nix {"action":"result","fields":[101,0],"id":5441096498806785,"type":106}
@nix {"action":"result","fields":[100,0],"id":5441096498806785,"type":106}
@nix {"action":"stop","id":5441096498806862}
@nix {"action":"result","fields":[76,83,0,0],"id":5441096498806786,"type":105}
@nix {"action":"result","fields":[0,0,0,0],"id":5441096498806787,"type":105}
@nix {"action":"result","fields":[101,0],"id":5441096498806785,"type":106}
@nix {"action":"result","fields":[100,0],"id":5441096498806785,"type":106}
@nix {"action":"start","fields":["/tmp/obrador-shared-pins-linux/round-2-after/chain-round-1-jobs-8/store/30hy5ylnyyx4rbix4bsh3wcn9qw4mnzh-leaf-25.drv","",1,1],"id":5441096498806864,"level":3,"parent":0,"text":"building '/tmp/obrador-shared-pins-linux/round-2-after/chain-round-1-jobs-8/store/30hy5ylnyyx4rbix4bsh3wcn9qw4mnzh-leaf-25.drv'","type":105}
@nix {"action":"result","fields":[76,83,1,0],"id":5441096498806786,"type":105}
@nix {"action":"result","fields":[0,0,0,0],"id":5441096498806787,"type":105}
@nix {"action":"result","fields":[101,0],"id":5441096498806785,"type":106}
@nix {"action":"result","fields":[100,0],"id":5441096498806785,"type":106}
@nix {"action":"result","fields":[77,84,0,0],"id":5441096498806786,"type":105}
@nix {"action":"result","fields":[0,0,0,0],"id":5441096498806787,"type":105}
@nix {"action":"result","fields":[101,0],"id":5441096498806785,"type":106}
@nix {"action":"result","fields":[100,0],"id":5441096498806785,"type":106}
@nix {"action":"stop","id":5441096498806864}
@nix {"action":"start","fields":["/tmp/obrador-shared-pins-linux/round-2-after/chain-round-1-jobs-8/store/7l1amab6f73w641q3xpn5fji6j36d803-leaf-26.drv.drv","/tmp/obrador-shared-pins-linux/round-2-after/chain-round-1-jobs-8/store/rgzaz4nxb7im2r56k2gbnd7qsnlbf09s-leaf-26.drv.drv"],"id":5441096498806865,"level":3,"parent":0,"text":"resolved derivation: '/tmp/obrador-shared-pins-linux/round-2-after/chain-round-1-jobs-8/store/7l1amab6f73w641q3xpn5fji6j36d803-leaf-26.drv.drv' -> '/tmp/obrador-shared-pins-linux/round-2-after/chain-round-1-jobs-8/store/rgzaz4nxb7im2r56k2gbnd7qsnlbf09s-leaf-26.drv.drv'","type":111}
@nix {"action":"result","fields":[77,84,0,0],"id":5441096498806786,"type":105}
@nix {"action":"result","fields":[0,0,0,0],"id":5441096498806787,"type":105}
@nix {"action":"result","fields":[101,0],"id":5441096498806785,"type":106}
@nix {"action":"result","fields":[100,0],"id":5441096498806785,"type":106}
@nix {"action":"start","fields":["/tmp/obrador-shared-pins-linux/round-2-after/chain-round-1-jobs-8/store/rgzaz4nxb7im2r56k2gbnd7qsnlbf09s-leaf-26.drv.drv","",1,1],"id":5441096498806866,"level":3,"parent":0,"text":"building '/tmp/obrador-shared-pins-linux/round-2-after/chain-round-1-jobs-8/store/rgzaz4nxb7im2r56k2gbnd7qsnlbf09s-leaf-26.drv.drv'","type":105}
@nix {"action":"result","fields":[77,84,1,0],"id":5441096498806786,"type":105}
@nix {"action":"result","fields":[0,0,0,0],"id":5441096498806787,"type":105}
@nix {"action":"result","fields":[101,0],"id":5441096498806785,"type":106}
@nix {"action":"result","fields":[100,0],"id":5441096498806785,"type":106}
@nix {"action":"result","fields":[78,85,0,0],"id":5441096498806786,"type":105}
@nix {"action":"result","fields":[0,0,0,0],"id":5441096498806787,"type":105}
@nix {"action":"result","fields":[101,0],"id":5441096498806785,"type":106}
@nix {"action":"result","fields":[100,0],"id":5441096498806785,"type":106}
@nix {"action":"stop","id":5441096498806866}
@nix {"action":"result","fields":[79,85,0,0],"id":5441096498806786,"type":105}
@nix {"action":"result","fields":[0,0,0,0],"id":5441096498806787,"type":105}
@nix {"action":"result","fields":[101,0],"id":5441096498806785,"type":106}
@nix {"action":"result","fields":[100,0],"id":5441096498806785,"type":106}
@nix {"action":"stop","id":5441096498806865}
@nix {"action":"result","fields":[79,85,0,0],"id":5441096498806786,"type":105}
@nix {"action":"result","fields":[0,0,0,0],"id":5441096498806787,"type":105}
@nix {"action":"result","fields":[101,0],"id":5441096498806785,"type":106}
@nix {"action":"result","fields":[100,0],"id":5441096498806785,"type":106}
@nix {"action":"start","fields":["/tmp/obrador-shared-pins-linux/round-2-after/chain-round-1-jobs-8/store/hm4m0inhy0vxy6hm0lg81m5if5pqwm2g-leaf-26.drv","",1,1],"id":5441096498806867,"level":3,"parent":0,"text":"building '/tmp/obrador-shared-pins-linux/round-2-after/chain-round-1-jobs-8/store/hm4m0inhy0vxy6hm0lg81m5if5pqwm2g-leaf-26.drv'","type":105}
@nix {"action":"result","fields":[79,85,1,0],"id":5441096498806786,"type":105}
@nix {"action":"result","fields":[0,0,0,0],"id":5441096498806787,"type":105}
@nix {"action":"result","fields":[101,0],"id":5441096498806785,"type":106}
@nix {"action":"result","fields":[100,0],"id":5441096498806785,"type":106}
@nix {"action":"result","fields":[80,86,0,0],"id":5441096498806786,"type":105}
@nix {"action":"result","fields":[0,0,0,0],"id":5441096498806787,"type":105}
@nix {"action":"result","fields":[101,0],"id":5441096498806785,"type":106}
@nix {"action":"result","fields":[100,0],"id":5441096498806785,"type":106}
@nix {"action":"stop","id":5441096498806867}
@nix {"action":"start","fields":["/tmp/obrador-shared-pins-linux/round-2-after/chain-round-1-jobs-8/store/436gj82aa4c24wjwr6a9dpmk969pjqx6-leaf-27.drv.drv","/tmp/obrador-shared-pins-linux/round-2-after/chain-round-1-jobs-8/store/dzawy189ydjj6h0ws7s4h7w6qi2nxiqd-leaf-27.drv.drv"],"id":5441096498806868,"level":3,"parent":0,"text":"resolved derivation: '/tmp/obrador-shared-pins-linux/round-2-after/chain-round-1-jobs-8/store/436gj82aa4c24wjwr6a9dpmk969pjqx6-leaf-27.drv.drv' -> '/tmp/obrador-shared-pins-linux/round-2-after/chain-round-1-jobs-8/store/dzawy189ydjj6h0ws7s4h7w6qi2nxiqd-leaf-27.drv.drv'","type":111}
@nix {"action":"result","fields":[80,86,0,0],"id":5441096498806786,"type":105}
@nix {"action":"result","fields":[0,0,0,0],"id":5441096498806787,"type":105}
@nix {"action":"result","fields":[101,0],"id":5441096498806785,"type":106}
@nix {"action":"result","fields":[100,0],"id":5441096498806785,"type":106}
@nix {"action":"start","fields":["/tmp/obrador-shared-pins-linux/round-2-after/chain-round-1-jobs-8/store/dzawy189ydjj6h0ws7s4h7w6qi2nxiqd-leaf-27.drv.drv","",1,1],"id":5441096498806869,"level":3,"parent":0,"text":"building '/tmp/obrador-shared-pins-linux/round-2-after/chain-round-1-jobs-8/store/dzawy189ydjj6h0ws7s4h7w6qi2nxiqd-leaf-27.drv.drv'","type":105}
@nix {"action":"result","fields":[80,86,1,0],"id":5441096498806786,"type":105}
@nix {"action":"result","fields":[0,0,0,0],"id":5441096498806787,"type":105}
@nix {"action":"result","fields":[101,0],"id":5441096498806785,"type":106}
@nix {"action":"result","fields":[100,0],"id":5441096498806785,"type":106}
@nix {"action":"result","fields":[81,87,0,0],"id":5441096498806786,"type":105}
@nix {"action":"result","fields":[0,0,0,0],"id":5441096498806787,"type":105}
@nix {"action":"result","fields":[101,0],"id":5441096498806785,"type":106}
@nix {"action":"result","fields":[100,0],"id":5441096498806785,"type":106}
@nix {"action":"stop","id":5441096498806869}
@nix {"action":"result","fields":[82,87,0,0],"id":5441096498806786,"type":105}
@nix {"action":"result","fields":[0,0,0,0],"id":5441096498806787,"type":105}
@nix {"action":"result","fields":[101,0],"id":5441096498806785,"type":106}
@nix {"action":"result","fields":[100,0],"id":5441096498806785,"type":106}
@nix {"action":"stop","id":5441096498806868}
@nix {"action":"result","fields":[82,87,0,0],"id":5441096498806786,"type":105}
@nix {"action":"result","fields":[0,0,0,0],"id":5441096498806787,"type":105}
@nix {"action":"result","fields":[101,0],"id":5441096498806785,"type":106}
@nix {"action":"result","fields":[100,0],"id":5441096498806785,"type":106}
@nix {"action":"start","fields":["/tmp/obrador-shared-pins-linux/round-2-after/chain-round-1-jobs-8/store/d4zh9acarwdn3ycb55w10p4zv4m3y3cs-leaf-27.drv","",1,1],"id":5441096498806870,"level":3,"parent":0,"text":"building '/tmp/obrador-shared-pins-linux/round-2-after/chain-round-1-jobs-8/store/d4zh9acarwdn3ycb55w10p4zv4m3y3cs-leaf-27.drv'","type":105}
@nix {"action":"result","fields":[82,87,1,0],"id":5441096498806786,"type":105}
@nix {"action":"result","fields":[0,0,0,0],"id":5441096498806787,"type":105}
@nix {"action":"result","fields":[101,0],"id":5441096498806785,"type":106}
@nix {"action":"result","fields":[100,0],"id":5441096498806785,"type":106}
@nix {"action":"result","fields":[83,88,0,0],"id":5441096498806786,"type":105}
@nix {"action":"result","fields":[0,0,0,0],"id":5441096498806787,"type":105}
@nix {"action":"result","fields":[101,0],"id":5441096498806785,"type":106}
@nix {"action":"result","fields":[100,0],"id":5441096498806785,"type":106}
@nix {"action":"stop","id":5441096498806870}
@nix {"action":"start","fields":["/tmp/obrador-shared-pins-linux/round-2-after/chain-round-1-jobs-8/store/5idzx6r6yijrs5gsg4bcmiicini1yzpa-leaf-28.drv.drv","/tmp/obrador-shared-pins-linux/round-2-after/chain-round-1-jobs-8/store/pd1jj7ycfz1rcghj5mjjq3rv0cs89r2c-leaf-28.drv.drv"],"id":5441096498806871,"level":3,"parent":0,"text":"resolved derivation: '/tmp/obrador-shared-pins-linux/round-2-after/chain-round-1-jobs-8/store/5idzx6r6yijrs5gsg4bcmiicini1yzpa-leaf-28.drv.drv' -> '/tmp/obrador-shared-pins-linux/round-2-after/chain-round-1-jobs-8/store/pd1jj7ycfz1rcghj5mjjq3rv0cs89r2c-leaf-28.drv.drv'","type":111}
@nix {"action":"result","fields":[83,88,0,0],"id":5441096498806786,"type":105}
@nix {"action":"result","fields":[0,0,0,0],"id":5441096498806787,"type":105}
@nix {"action":"result","fields":[101,0],"id":5441096498806785,"type":106}
@nix {"action":"result","fields":[100,0],"id":5441096498806785,"type":106}
@nix {"action":"start","fields":["/tmp/obrador-shared-pins-linux/round-2-after/chain-round-1-jobs-8/store/pd1jj7ycfz1rcghj5mjjq3rv0cs89r2c-leaf-28.drv.drv","",1,1],"id":5441096498806872,"level":3,"parent":0,"text":"building '/tmp/obrador-shared-pins-linux/round-2-after/chain-round-1-jobs-8/store/pd1jj7ycfz1rcghj5mjjq3rv0cs89r2c-leaf-28.drv.drv'","type":105}
@nix {"action":"result","fields":[83,88,1,0],"id":5441096498806786,"type":105}
@nix {"action":"result","fields":[0,0,0,0],"id":5441096498806787,"type":105}
@nix {"action":"result","fields":[101,0],"id":5441096498806785,"type":106}
@nix {"action":"result","fields":[100,0],"id":5441096498806785,"type":106}
@nix {"action":"result","fields":[84,89,0,0],"id":5441096498806786,"type":105}
@nix {"action":"result","fields":[0,0,0,0],"id":5441096498806787,"type":105}
@nix {"action":"result","fields":[101,0],"id":5441096498806785,"type":106}
@nix {"action":"result","fields":[100,0],"id":5441096498806785,"type":106}
@nix {"action":"stop","id":5441096498806872}
@nix {"action":"result","fields":[85,89,0,0],"id":5441096498806786,"type":105}
@nix {"action":"result","fields":[0,0,0,0],"id":5441096498806787,"type":105}
@nix {"action":"result","fields":[101,0],"id":5441096498806785,"type":106}
@nix {"action":"result","fields":[100,0],"id":5441096498806785,"type":106}
@nix {"action":"stop","id":5441096498806871}
@nix {"action":"result","fields":[85,89,0,0],"id":5441096498806786,"type":105}
@nix {"action":"result","fields":[0,0,0,0],"id":5441096498806787,"type":105}
@nix {"action":"result","fields":[101,0],"id":5441096498806785,"type":106}
@nix {"action":"result","fields":[100,0],"id":5441096498806785,"type":106}
@nix {"action":"start","fields":["/tmp/obrador-shared-pins-linux/round-2-after/chain-round-1-jobs-8/store/0yph2b6xww3dimp1g9rn2ahwip6swpfs-leaf-28.drv","",1,1],"id":5441096498806873,"level":3,"parent":0,"text":"building '/tmp/obrador-shared-pins-linux/round-2-after/chain-round-1-jobs-8/store/0yph2b6xww3dimp1g9rn2ahwip6swpfs-leaf-28.drv'","type":105}
@nix {"action":"result","fields":[85,89,1,0],"id":5441096498806786,"type":105}
@nix {"action":"result","fields":[0,0,0,0],"id":5441096498806787,"type":105}
@nix {"action":"result","fields":[101,0],"id":5441096498806785,"type":106}
@nix {"action":"result","fields":[100,0],"id":5441096498806785,"type":106}
@nix {"action":"result","fields":[86,90,0,0],"id":5441096498806786,"type":105}
@nix {"action":"result","fields":[0,0,0,0],"id":5441096498806787,"type":105}
@nix {"action":"result","fields":[101,0],"id":5441096498806785,"type":106}
@nix {"action":"result","fields":[100,0],"id":5441096498806785,"type":106}
@nix {"action":"stop","id":5441096498806873}
@nix {"action":"start","fields":["/tmp/obrador-shared-pins-linux/round-2-after/chain-round-1-jobs-8/store/hiallmawg93iwxn7l92238dzinizrrqq-leaf-29.drv.drv","/tmp/obrador-shared-pins-linux/round-2-after/chain-round-1-jobs-8/store/67zdrz4y3id5hp7a4r4wlggalbq3am02-leaf-29.drv.drv"],"id":5441096498806874,"level":3,"parent":0,"text":"resolved derivation: '/tmp/obrador-shared-pins-linux/round-2-after/chain-round-1-jobs-8/store/hiallmawg93iwxn7l92238dzinizrrqq-leaf-29.drv.drv' -> '/tmp/obrador-shared-pins-linux/round-2-after/chain-round-1-jobs-8/store/67zdrz4y3id5hp7a4r4wlggalbq3am02-leaf-29.drv.drv'","type":111}
@nix {"action":"result","fields":[86,90,0,0],"id":5441096498806786,"type":105}
@nix {"action":"result","fields":[0,0,0,0],"id":5441096498806787,"type":105}
@nix {"action":"result","fields":[101,0],"id":5441096498806785,"type":106}
@nix {"action":"result","fields":[100,0],"id":5441096498806785,"type":106}
@nix {"action":"start","fields":["/tmp/obrador-shared-pins-linux/round-2-after/chain-round-1-jobs-8/store/67zdrz4y3id5hp7a4r4wlggalbq3am02-leaf-29.drv.drv","",1,1],"id":5441096498806875,"level":3,"parent":0,"text":"building '/tmp/obrador-shared-pins-linux/round-2-after/chain-round-1-jobs-8/store/67zdrz4y3id5hp7a4r4wlggalbq3am02-leaf-29.drv.drv'","type":105}
@nix {"action":"result","fields":[86,90,1,0],"id":5441096498806786,"type":105}
@nix {"action":"result","fields":[0,0,0,0],"id":5441096498806787,"type":105}
@nix {"action":"result","fields":[101,0],"id":5441096498806785,"type":106}
@nix {"action":"result","fields":[100,0],"id":5441096498806785,"type":106}
@nix {"action":"result","fields":[87,91,0,0],"id":5441096498806786,"type":105}
@nix {"action":"result","fields":[0,0,0,0],"id":5441096498806787,"type":105}
@nix {"action":"result","fields":[101,0],"id":5441096498806785,"type":106}
@nix {"action":"result","fields":[100,0],"id":5441096498806785,"type":106}
@nix {"action":"stop","id":5441096498806875}
@nix {"action":"result","fields":[88,91,0,0],"id":5441096498806786,"type":105}
@nix {"action":"result","fields":[0,0,0,0],"id":5441096498806787,"type":105}
@nix {"action":"result","fields":[101,0],"id":5441096498806785,"type":106}
@nix {"action":"result","fields":[100,0],"id":5441096498806785,"type":106}
@nix {"action":"stop","id":5441096498806874}
@nix {"action":"result","fields":[88,91,0,0],"id":5441096498806786,"type":105}
@nix {"action":"result","fields":[0,0,0,0],"id":5441096498806787,"type":105}
@nix {"action":"result","fields":[101,0],"id":5441096498806785,"type":106}
@nix {"action":"result","fields":[100,0],"id":5441096498806785,"type":106}
@nix {"action":"start","fields":["/tmp/obrador-shared-pins-linux/round-2-after/chain-round-1-jobs-8/store/xlbc395ysy18lakz312hkm4mgdg6jwb4-leaf-29.drv","",1,1],"id":5441096498806876,"level":3,"parent":0,"text":"building '/tmp/obrador-shared-pins-linux/round-2-after/chain-round-1-jobs-8/store/xlbc395ysy18lakz312hkm4mgdg6jwb4-leaf-29.drv'","type":105}
@nix {"action":"result","fields":[88,91,1,0],"id":5441096498806786,"type":105}
@nix {"action":"result","fields":[0,0,0,0],"id":5441096498806787,"type":105}
@nix {"action":"result","fields":[101,0],"id":5441096498806785,"type":106}
@nix {"action":"result","fields":[100,0],"id":5441096498806785,"type":106}
@nix {"action":"result","fields":[89,92,0,0],"id":5441096498806786,"type":105}
@nix {"action":"result","fields":[0,0,0,0],"id":5441096498806787,"type":105}
@nix {"action":"result","fields":[101,0],"id":5441096498806785,"type":106}
@nix {"action":"result","fields":[100,0],"id":5441096498806785,"type":106}
@nix {"action":"stop","id":5441096498806876}
@nix {"action":"start","fields":["/tmp/obrador-shared-pins-linux/round-2-after/chain-round-1-jobs-8/store/7p0wi7wnn0kb0r978cf8r7m5pvar0mrg-leaf-30.drv.drv","/tmp/obrador-shared-pins-linux/round-2-after/chain-round-1-jobs-8/store/2lf13yknzf9balmv2lngq5sk7hy3ikjw-leaf-30.drv.drv"],"id":5441096498806877,"level":3,"parent":0,"text":"resolved derivation: '/tmp/obrador-shared-pins-linux/round-2-after/chain-round-1-jobs-8/store/7p0wi7wnn0kb0r978cf8r7m5pvar0mrg-leaf-30.drv.drv' -> '/tmp/obrador-shared-pins-linux/round-2-after/chain-round-1-jobs-8/store/2lf13yknzf9balmv2lngq5sk7hy3ikjw-leaf-30.drv.drv'","type":111}
@nix {"action":"result","fields":[89,92,0,0],"id":5441096498806786,"type":105}
@nix {"action":"result","fields":[0,0,0,0],"id":5441096498806787,"type":105}
@nix {"action":"result","fields":[101,0],"id":5441096498806785,"type":106}
@nix {"action":"result","fields":[100,0],"id":5441096498806785,"type":106}
@nix {"action":"start","fields":["/tmp/obrador-shared-pins-linux/round-2-after/chain-round-1-jobs-8/store/2lf13yknzf9balmv2lngq5sk7hy3ikjw-leaf-30.drv.drv","",1,1],"id":5441096498806878,"level":3,"parent":0,"text":"building '/tmp/obrador-shared-pins-linux/round-2-after/chain-round-1-jobs-8/store/2lf13yknzf9balmv2lngq5sk7hy3ikjw-leaf-30.drv.drv'","type":105}
@nix {"action":"result","fields":[89,92,1,0],"id":5441096498806786,"type":105}
@nix {"action":"result","fields":[0,0,0,0],"id":5441096498806787,"type":105}
@nix {"action":"result","fields":[101,0],"id":5441096498806785,"type":106}
@nix {"action":"result","fields":[100,0],"id":5441096498806785,"type":106}
@nix {"action":"result","fields":[90,93,0,0],"id":5441096498806786,"type":105}
@nix {"action":"result","fields":[0,0,0,0],"id":5441096498806787,"type":105}
@nix {"action":"result","fields":[101,0],"id":5441096498806785,"type":106}
@nix {"action":"result","fields":[100,0],"id":5441096498806785,"type":106}
@nix {"action":"stop","id":5441096498806878}
@nix {"action":"result","fields":[91,93,0,0],"id":5441096498806786,"type":105}
@nix {"action":"result","fields":[0,0,0,0],"id":5441096498806787,"type":105}
@nix {"action":"result","fields":[101,0],"id":5441096498806785,"type":106}
@nix {"action":"result","fields":[100,0],"id":5441096498806785,"type":106}
@nix {"action":"stop","id":5441096498806877}
@nix {"action":"result","fields":[91,93,0,0],"id":5441096498806786,"type":105}
@nix {"action":"result","fields":[0,0,0,0],"id":5441096498806787,"type":105}
@nix {"action":"result","fields":[101,0],"id":5441096498806785,"type":106}
@nix {"action":"result","fields":[100,0],"id":5441096498806785,"type":106}
@nix {"action":"start","fields":["/tmp/obrador-shared-pins-linux/round-2-after/chain-round-1-jobs-8/store/6bqjg4wkqs9qxnhgffhj95vkcbab7y7c-leaf-30.drv","",1,1],"id":5441096498806879,"level":3,"parent":0,"text":"building '/tmp/obrador-shared-pins-linux/round-2-after/chain-round-1-jobs-8/store/6bqjg4wkqs9qxnhgffhj95vkcbab7y7c-leaf-30.drv'","type":105}
@nix {"action":"result","fields":[91,93,1,0],"id":5441096498806786,"type":105}
@nix {"action":"result","fields":[0,0,0,0],"id":5441096498806787,"type":105}
@nix {"action":"result","fields":[101,0],"id":5441096498806785,"type":106}
@nix {"action":"result","fields":[100,0],"id":5441096498806785,"type":106}
@nix {"action":"result","fields":[92,94,0,0],"id":5441096498806786,"type":105}
@nix {"action":"result","fields":[0,0,0,0],"id":5441096498806787,"type":105}
@nix {"action":"result","fields":[101,0],"id":5441096498806785,"type":106}
@nix {"action":"result","fields":[100,0],"id":5441096498806785,"type":106}
@nix {"action":"stop","id":5441096498806879}
@nix {"action":"start","fields":["/tmp/obrador-shared-pins-linux/round-2-after/chain-round-1-jobs-8/store/5cccw2g0ffpln1i1x1xqbcbwr69xjnc4-leaf-31.drv.drv","/tmp/obrador-shared-pins-linux/round-2-after/chain-round-1-jobs-8/store/y5ndlihdssnqyr3x1fmiy79vzp2hng8d-leaf-31.drv.drv"],"id":5441096498806880,"level":3,"parent":0,"text":"resolved derivation: '/tmp/obrador-shared-pins-linux/round-2-after/chain-round-1-jobs-8/store/5cccw2g0ffpln1i1x1xqbcbwr69xjnc4-leaf-31.drv.drv' -> '/tmp/obrador-shared-pins-linux/round-2-after/chain-round-1-jobs-8/store/y5ndlihdssnqyr3x1fmiy79vzp2hng8d-leaf-31.drv.drv'","type":111}
@nix {"action":"result","fields":[92,94,0,0],"id":5441096498806786,"type":105}
@nix {"action":"result","fields":[0,0,0,0],"id":5441096498806787,"type":105}
@nix {"action":"result","fields":[101,0],"id":5441096498806785,"type":106}
@nix {"action":"result","fields":[100,0],"id":5441096498806785,"type":106}
@nix {"action":"start","fields":["/tmp/obrador-shared-pins-linux/round-2-after/chain-round-1-jobs-8/store/y5ndlihdssnqyr3x1fmiy79vzp2hng8d-leaf-31.drv.drv","",1,1],"id":5441096498806881,"level":3,"parent":0,"text":"building '/tmp/obrador-shared-pins-linux/round-2-after/chain-round-1-jobs-8/store/y5ndlihdssnqyr3x1fmiy79vzp2hng8d-leaf-31.drv.drv'","type":105}
@nix {"action":"result","fields":[92,94,1,0],"id":5441096498806786,"type":105}
@nix {"action":"result","fields":[0,0,0,0],"id":5441096498806787,"type":105}
@nix {"action":"result","fields":[101,0],"id":5441096498806785,"type":106}
@nix {"action":"result","fields":[100,0],"id":5441096498806785,"type":106}
@nix {"action":"result","fields":[93,95,0,0],"id":5441096498806786,"type":105}
@nix {"action":"result","fields":[0,0,0,0],"id":5441096498806787,"type":105}
@nix {"action":"result","fields":[101,0],"id":5441096498806785,"type":106}
@nix {"action":"result","fields":[100,0],"id":5441096498806785,"type":106}
@nix {"action":"stop","id":5441096498806881}
@nix {"action":"result","fields":[94,95,0,0],"id":5441096498806786,"type":105}
@nix {"action":"result","fields":[0,0,0,0],"id":5441096498806787,"type":105}
@nix {"action":"result","fields":[101,0],"id":5441096498806785,"type":106}
@nix {"action":"result","fields":[100,0],"id":5441096498806785,"type":106}
@nix {"action":"stop","id":5441096498806880}
@nix {"action":"result","fields":[94,95,0,0],"id":5441096498806786,"type":105}
@nix {"action":"result","fields":[0,0,0,0],"id":5441096498806787,"type":105}
@nix {"action":"result","fields":[101,0],"id":5441096498806785,"type":106}
@nix {"action":"result","fields":[100,0],"id":5441096498806785,"type":106}
@nix {"action":"start","fields":["/tmp/obrador-shared-pins-linux/round-2-after/chain-round-1-jobs-8/store/5vhhli521l14d6cnh9225kysl8qna1kr-leaf-31.drv","",1,1],"id":5441096498806882,"level":3,"parent":0,"text":"building '/tmp/obrador-shared-pins-linux/round-2-after/chain-round-1-jobs-8/store/5vhhli521l14d6cnh9225kysl8qna1kr-leaf-31.drv'","type":105}
@nix {"action":"result","fields":[94,95,1,0],"id":5441096498806786,"type":105}
@nix {"action":"result","fields":[0,0,0,0],"id":5441096498806787,"type":105}
@nix {"action":"result","fields":[101,0],"id":5441096498806785,"type":106}
@nix {"action":"result","fields":[100,0],"id":5441096498806785,"type":106}
@nix {"action":"result","fields":[95,96,0,0],"id":5441096498806786,"type":105}
@nix {"action":"result","fields":[0,0,0,0],"id":5441096498806787,"type":105}
@nix {"action":"result","fields":[101,0],"id":5441096498806785,"type":106}
@nix {"action":"result","fields":[100,0],"id":5441096498806785,"type":106}
@nix {"action":"stop","id":5441096498806882}
@nix {"action":"stop","id":5441096498806787}
@nix {"action":"stop","id":5441096498806786}
@nix {"action":"stop","id":5441096498806785}
