@nix {"action":"start","id":5435775034327040,"level":6,"parent":0,"text":"querying info about missing paths","type":0}
@nix {"action":"msg","level":1,"msg":"\u001b[35;1mwarning:\u001b[0m Ignoring dynamic derivation /tmp/obrador-shared-pins-linux/round-1-after/wide-round-1-jobs-8/store/0nf7cwbsi7342k54r9y792df4aipcjfr-leaf-22.drv.drv^out while querying missing paths; not yet implemented"}
@nix {"action":"msg","level":1,"msg":"\u001b[35;1mwarning:\u001b[0m Ignoring dynamic derivation /tmp/obrador-shared-pins-linux/round-1-after/wide-round-1-jobs-8/store/1z5gy945grsmcb43759iljqmvf29lq8r-leaf-15.drv.drv^out while querying missing paths; not yet implemented"}
@nix {"action":"msg","level":1,"msg":"\u001b[35;1mwarning:\u001b[0m Ignoring dynamic derivation /tmp/obrador-shared-pins-linux/round-1-after/wide-round-1-jobs-8/store/20mhvpl74nicvbqqbz2vra26fv8zg0ag-leaf-12.drv.drv^out while querying missing paths; not yet implemented"}
@nix {"action":"msg","level":1,"msg":"\u001b[35;1mwarning:\u001b[0m Ignoring dynamic derivation /tmp/obrador-shared-pins-linux/round-1-after/wide-round-1-jobs-8/store/3x6ja3jz80qdynxwaq8phw2qk58cgdbi-leaf-30.drv.drv^out while querying missing paths; not yet implemented"}
@nix {"action":"msg","level":1,"msg":"\u001b[35;1mwarning:\u001b[0m Ignoring dynamic derivation /tmp/obrador-shared-pins-linux/round-1-after/wide-round-1-jobs-8/store/3yw6wkv5m61npcsfhvl0dsbdz0mm1sir-leaf-7.drv.drv^out while querying missing paths; not yet implemented"}
@nix {"action":"msg","level":1,"msg":"\u001b[35;1mwarning:\u001b[0m Ignoring dynamic derivation /tmp/obrador-shared-pins-linux/round-1-after/wide-round-1-jobs-8/store/4mhxwxkkizlj848dm4s2q1cb0hnf2xcm-leaf-19.drv.drv^out while querying missing paths; not yet implemented"}
@nix {"action":"msg","level":1,"msg":"\u001b[35;1mwarning:\u001b[0m Ignoring dynamic derivation /tmp/obrador-shared-pins-linux/round-1-after/wide-round-1-jobs-8/store/5br0v0pzhl1sa23xbmzizg542l70nv9g-leaf-23.drv.drv^out while querying missing paths; not yet implemented"}
@nix {"action":"msg","level":1,"msg":"\u001b[35;1mwarning:\u001b[0m Ignoring dynamic derivation /tmp/obrador-shared-pins-linux/round-1-after/wide-round-1-jobs-8/store/68g8smr5m12dffzyq1k25llbhxd96rj1-leaf-18.drv.drv^out while querying missing paths; not yet implemented"}
@nix {"action":"msg","level":1,"msg":"\u001b[35;1mwarning:\u001b[0m Ignoring dynamic derivation /tmp/obrador-shared-pins-linux/round-1-after/wide-round-1-jobs-8/store/72mhcpnwl8kjbyqd4cd1j2bay55vl3mw-leaf-20.drv.drv^out while querying missing paths; not yet implemented"}
@nix {"action":"msg","level":1,"msg":"\u001b[35;1mwarning:\u001b[0m Ignoring dynamic derivation /tmp/obrador-shared-pins-linux/round-1-after/wide-round-1-jobs-8/store/7sl44h29xsvihlszi1x55aa3h499nqn7-leaf-2.drv.drv^out while querying missing paths; not yet implemented"}
@nix {"action":"msg","level":1,"msg":"\u001b[35;1mwarning:\u001b[0m Ignoring dynamic derivation /tmp/obrador-shared-pins-linux/round-1-after/wide-round-1-jobs-8/store/a51w6rjcl7y6hl8q3058dg4ngrp9rzfr-leaf-0.drv.drv^out while querying missing paths; not yet implemented"}
@nix {"action":"msg","level":1,"msg":"\u001b[35;1mwarning:\u001b[0m Ignoring dynamic derivation /tmp/obrador-shared-pins-linux/round-1-after/wide-round-1-jobs-8/store/aj0w4kjm5vbb3h3jqa0kyrgwidrq398r-leaf-17.drv.drv^out while querying missing paths; not yet implemented"}
@nix {"action":"msg","level":1,"msg":"\u001b[35;1mwarning:\u001b[0m Ignoring dynamic derivation /tmp/obrador-shared-pins-linux/round-1-after/wide-round-1-jobs-8/store/akw9kamzixa0grba10dwzx01rj585pyz-leaf-3.drv.drv^out while querying missing paths; not yet implemented"}
@nix {"action":"msg","level":1,"msg":"\u001b[35;1mwarning:\u001b[0m Ignoring dynamic derivation /tmp/obrador-shared-pins-linux/round-1-after/wide-round-1-jobs-8/store/b8vaqjm0sj0bn0z3716d8p2nixap7mcz-leaf-31.drv.drv^out while querying missing paths; not yet implemented"}
@nix {"action":"msg","level":1,"msg":"\u001b[35;1mwarning:\u001b[0m Ignoring dynamic derivation /tmp/obrador-shared-pins-linux/round-1-after/wide-round-1-jobs-8/store/bbadkx3jpb2fv1mdkln7jb53jh5yd0cz-leaf-24.drv.drv^out while querying missing paths; not yet implemented"}
@nix {"action":"msg","level":1,"msg":"\u001b[35;1mwarning:\u001b[0m Ignoring dynamic derivation /tmp/obrador-shared-pins-linux/round-1-after/wide-round-1-jobs-8/store/ckv2m161q8a68hmc72d7dwxkzz1jpn67-leaf-26.drv.drv^out while querying missing paths; not yet implemented"}
@nix {"action":"msg","level":1,"msg":"\u001b[35;1mwarning:\u001b[0m Ignoring dynamic derivation /tmp/obrador-shared-pins-linux/round-1-after/wide-round-1-jobs-8/store/f06hanm6kg2yz19dwf2xbqvryc26swgq-leaf-5.drv.drv^out while querying missing paths; not yet implemented"}
@nix {"action":"msg","level":1,"msg":"\u001b[35;1mwarning:\u001b[0m Ignoring dynamic derivation /tmp/obrador-shared-pins-linux/round-1-after/wide-round-1-jobs-8/store/fq5pxh0pn6xxn3arfhxids93a8qi0w78-leaf-14.drv.drv^out while querying missing paths; not yet implemented"}
@nix {"action":"msg","level":1,"msg":"\u001b[35;1mwarning:\u001b[0m Ignoring dynamic derivation /tmp/obrador-shared-pins-linux/round-1-after/wide-round-1-jobs-8/store/hvhb3qxrglhk3n7zdk9kysidj6r7zm1i-leaf-16.drv.drv^out while querying missing paths; not yet implemented"}
@nix {"action":"msg","level":1,"msg":"\u001b[35;1mwarning:\u001b[0m Ignoring dynamic derivation /tmp/obrador-shared-pins-linux/round-1-after/wide-round-1-jobs-8/store/j3r32f77r13lc2vghlxqjvrjqwmly4cg-leaf-1.drv.drv^out while querying missing paths; not yet implemented"}
@nix {"action":"msg","level":1,"msg":"\u001b[35;1mwarning:\u001b[0m Ignoring dynamic derivation /tmp/obrador-shared-pins-linux/round-1-after/wide-round-1-jobs-8/store/jmvx929n1w6v9nsnsc2iy2knww0whmfc-leaf-8.drv.drv^out while querying missing paths; not yet implemented"}
@nix {"action":"msg","level":1,"msg":"\u001b[35;1mwarning:\u001b[0m Ignoring dynamic derivation /tmp/obrador-shared-pins-linux/round-1-after/wide-round-1-jobs-8/store/kcyn7x8a45lj1blq340avwsk1nkmrwy5-leaf-29.drv.drv^out while querying missing paths; not yet implemented"}
@nix {"action":"msg","level":1,"msg":"\u001b[35;1mwarning:\u001b[0m Ignoring dynamic derivation /tmp/obrador-shared-pins-linux/round-1-after/wide-round-1-jobs-8/store/mj9fjni5pxq6v1qgh0qzmdlnj9c1hzli-leaf-27.drv.drv^out while querying missing paths; not yet implemented"}
@nix {"action":"msg","level":1,"msg":"\u001b[35;1mwarning:\u001b[0m Ignoring dynamic derivation /tmp/obrador-shared-pins-linux/round-1-after/wide-round-1-jobs-8/store/p4q1s12hljp8qb4hq51awpp1ldg5g87r-leaf-21.drv.drv^out while querying missing paths; not yet implemented"}
@nix {"action":"msg","level":1,"msg":"\u001b[35;1mwarning:\u001b[0m Ignoring dynamic derivation /tmp/obrador-shared-pins-linux/round-1-after/wide-round-1-jobs-8/store/pajs2nikm0vjj4v48z3whmg98vk3981k-leaf-6.drv.drv^out while querying missing paths; not yet implemented"}
@nix {"action":"msg","level":1,"msg":"\u001b[35;1mwarning:\u001b[0m Ignoring dynamic derivation /tmp/obrador-shared-pins-linux/round-1-after/wide-round-1-jobs-8/store/r51fyh6nd9smm2n7mx4vyl4ghcjg6r0r-leaf-9.drv.drv^out while querying missing paths; not yet implemented"}
@nix {"action":"msg","level":1,"msg":"\u001b[35;1mwarning:\u001b[0m Ignoring dynamic derivation /tmp/obrador-shared-pins-linux/round-1-after/wide-round-1-jobs-8/store/rpqgl4qjj0f8pd6pjpm91769bx91y45l-leaf-13.drv.drv^out while querying missing paths; not yet implemented"}
@nix {"action":"msg","level":1,"msg":"\u001b[35;1mwarning:\u001b[0m Ignoring dynamic derivation /tmp/obrador-shared-pins-linux/round-1-after/wide-round-1-jobs-8/store/v1yp3r70bywzz8x4xgdgpax27z4wprh8-leaf-4.drv.drv^out while querying missing paths; not yet implemented"}
@nix {"action":"msg","level":1,"msg":"\u001b[35;1mwarning:\u001b[0m Ignoring dynamic derivation /tmp/obrador-shared-pins-linux/round-1-after/wide-round-1-jobs-8/store/wya0v70g0jf6xrh6mq5i31wr6whj6nqd-leaf-25.drv.drv^out while querying missing paths; not yet implemented"}
@nix {"action":"msg","level":1,"msg":"\u001b[35;1mwarning:\u001b[0m Ignoring dynamic derivation /tmp/obrador-shared-pins-linux/round-1-after/wide-round-1-jobs-8/store/xc86azn868739099v7cda1y12lidbh9j-leaf-11.drv.drv^out while querying missing paths; not yet implemented"}
@nix {"action":"msg","level":1,"msg":"\u001b[35;1mwarning:\u001b[0m Ignoring dynamic derivation /tmp/obrador-shared-pins-linux/round-1-after/wide-round-1-jobs-8/store/xx1asfgxy3jv12z273bfsdw813bi194y-leaf-10.drv.drv^out while querying missing paths; not yet implemented"}
@nix {"action":"msg","level":1,"msg":"\u001b[35;1mwarning:\u001b[0m Ignoring dynamic derivation /tmp/obrador-shared-pins-linux/round-1-after/wide-round-1-jobs-8/store/zls5056rknm1bd0z0is0nrw7j2lqp5r5-leaf-28.drv.drv^out while querying missing paths; not yet implemented"}
@nix {"action":"stop","id":5435775034327040}
@nix {"action":"start","id":5435775034327041,"level":0,"parent":0,"text":"","type":102}
@nix {"action":"start","id":5435775034327042,"level":0,"parent":0,"text":"","type":104}
@nix {"action":"start","id":5435775034327043,"level":0,"parent":0,"text":"","type":103}
@nix {"action":"result","fields":[0,0,0,0],"id":5435775034327042,"type":105}
@nix {"action":"result","fields":[0,0,0,0],"id":5435775034327043,"type":105}
@nix {"action":"result","fields":[101,0],"id":5435775034327041,"type":106}
@nix {"action":"result","fields":[100,0],"id":5435775034327041,"type":106}
@nix {"action":"result","fields":[0,0,0,0],"id":5435775034327042,"type":105}
@nix {"action":"result","fields":[0,0,0,0],"id":5435775034327043,"type":105}
@nix {"action":"result","fields":[101,0],"id":5435775034327041,"type":106}
@nix {"action":"result","fields":[100,0],"id":5435775034327041,"type":106}
@nix {"action":"result","fields":[0,0,0,0],"id":5435775034327042,"type":105}
@nix {"action":"result","fields":[0,0,0,0],"id":5435775034327043,"type":105}
@nix {"action":"result","fields":[101,0],"id":5435775034327041,"type":106}
@nix {"action":"result","fields":[100,0],"id":5435775034327041,"type":106}
@nix {"action":"result","fields":[0,0,0,0],"id":5435775034327042,"type":105}
@nix {"action":"result","fields":[0,0,0,0],"id":5435775034327043,"type":105}
@nix {"action":"result","fields":[101,0],"id":5435775034327041,"type":106}
@nix {"action":"result","fields":[100,0],"id":5435775034327041,"type":106}
@nix {"action":"result","fields":[0,0,0,0],"id":5435775034327042,"type":105}
@nix {"action":"result","fields":[0,0,0,0],"id":5435775034327043,"type":105}
@nix {"action":"result","fields":[101,0],"id":5435775034327041,"type":106}
@nix {"action":"result","fields":[100,0],"id":5435775034327041,"type":106}
@nix {"action":"result","fields":[0,0,0,0],"id":5435775034327042,"type":105}
@nix {"action":"result","fields":[0,0,0,0],"id":5435775034327043,"type":105}
@nix {"action":"result","fields":[101,0],"id":5435775034327041,"type":106}
@nix {"action":"result","fields":[100,0],"id":5435775034327041,"type":106}
@nix {"action":"result","fields":[0,0,0,0],"id":5435775034327042,"type":105}
@nix {"action":"result","fields":[0,0,0,0],"id":5435775034327043,"type":105}
@nix {"action":"result","fields":[101,0],"id":5435775034327041,"type":106}
@nix {"action":"result","fields":[100,0],"id":5435775034327041,"type":106}
@nix {"action":"result","fields":[0,0,0,0],"id":5435775034327042,"type":105}
@nix {"action":"result","fields":[0,0,0,0],"id":5435775034327043,"type":105}
@nix {"action":"result","fields":[101,0],"id":5435775034327041,"type":106}
@nix {"action":"result","fields":[100,0],"id":5435775034327041,"type":106}
@nix {"action":"result","fields":[0,0,0,0],"id":5435775034327042,"type":105}
@nix {"action":"result","fields":[0,0,0,0],"id":5435775034327043,"type":105}
@nix {"action":"result","fields":[101,0],"id":5435775034327041,"type":106}
@nix {"action":"result","fields":[100,0],"id":5435775034327041,"type":106}
@nix {"action":"result","fields":[0,0,0,0],"id":5435775034327042,"type":105}
@nix {"action":"result","fields":[0,0,0,0],"id":5435775034327043,"type":105}
@nix {"action":"result","fields":[101,0],"id":5435775034327041,"type":106}
@nix {"action":"result","fields":[100,0],"id":5435775034327041,"type":106}
@nix {"action":"result","fields":[0,0,0,0],"id":5435775034327042,"type":105}
@nix {"action":"result","fields":[0,0,0,0],"id":5435775034327043,"type":105}
@nix {"action":"result","fields":[101,0],"id":5435775034327041,"type":106}
@nix {"action":"result","fields":[100,0],"id":5435775034327041,"type":106}
@nix {"action":"result","fields":[0,0,0,0],"id":5435775034327042,"type":105}
@nix {"action":"result","fields":[0,0,0,0],"id":5435775034327043,"type":105}
@nix {"action":"result","fields":[101,0],"id":5435775034327041,"type":106}
@nix {"action":"result","fields":[100,0],"id":5435775034327041,"type":106}
@nix {"action":"result","fields":[0,0,0,0],"id":5435775034327042,"type":105}
@nix {"action":"result","fields":[0,0,0,0],"id":5435775034327043,"type":105}
@nix {"action":"result","fields":[101,0],"id":5435775034327041,"type":106}
@nix {"action":"result","fields":[100,0],"id":5435775034327041,"type":106}
@nix {"action":"result","fields":[0,0,0,0],"id":5435775034327042,"type":105}
@nix {"action":"result","fields":[0,0,0,0],"id":5435775034327043,"type":105}
@nix {"action":"result","fields":[101,0],"id":5435775034327041,"type":106}
@nix {"action":"result","fields":[100,0],"id":5435775034327041,"type":106}
@nix {"action":"result","fields":[0,0,0,0],"id":5435775034327042,"type":105}
@nix {"action":"result","fields":[0,0,0,0],"id":5435775034327043,"type":105}
@nix {"action":"result","fields":[101,0],"id":5435775034327041,"type":106}
@nix {"action":"result","fields":[100,0],"id":5435775034327041,"type":106}
@nix {"action":"result","fields":[0,0,0,0],"id":5435775034327042,"type":105}
@nix {"action":"result","fields":[0,0,0,0],"id":5435775034327043,"type":105}
@nix {"action":"result","fields":[101,0],"id":5435775034327041,"type":106}
@nix {"action":"result","fields":[100,0],"id":5435775034327041,"type":106}
@nix {"action":"result","fields":[0,0,0,0],"id":5435775034327042,"type":105}
@nix {"action":"result","fields":[0,0,0,0],"id":5435775034327043,"type":105}
@nix {"action":"result","fields":[101,0],"id":5435775034327041,"type":106}
@nix {"action":"result","fields":[100,0],"id":5435775034327041,"type":106}
@nix {"action":"result","fields":[0,0,0,0],"id":5435775034327042,"type":105}
@nix {"action":"result","fields":[0,0,0,0],"id":5435775034327043,"type":105}
@nix {"action":"result","fields":[101,0],"id":5435775034327041,"type":106}
@nix {"action":"result","fields":[100,0],"id":5435775034327041,"type":106}
@nix {"action":"result","fields":[0,0,0,0],"id":5435775034327042,"type":105}
@nix {"action":"result","fields":[0,0,0,0],"id":5435775034327043,"type":105}
@nix {"action":"result","fields":[101,0],"id":5435775034327041,"type":106}
@nix {"action":"result","fields":[100,0],"id":5435775034327041,"type":106}
@nix {"action":"result","fields":[0,0,0,0],"id":5435775034327042,"type":105}
@nix {"action":"result","fields":[0,0,0,0],"id":5435775034327043,"type":105}
@nix {"action":"result","fields":[101,0],"id":5435775034327041,"type":106}
@nix {"action":"result","fields":[100,0],"id":5435775034327041,"type":106}
@nix {"action":"result","fields":[0,0,0,0],"id":5435775034327042,"type":105}
@nix {"action":"result","fields":[0,0,0,0],"id":5435775034327043,"type":105}
@nix {"action":"result","fields":[101,0],"id":5435775034327041,"type":106}
@nix {"action":"result","fields":[100,0],"id":5435775034327041,"type":106}
@nix {"action":"result","fields":[0,0,0,0],"id":5435775034327042,"type":105}
@nix {"action":"result","fields":[0,0,0,0],"id":5435775034327043,"type":105}
@nix {"action":"result","fields":[101,0],"id":5435775034327041,"type":106}
@nix {"action":"result","fields":[100,0],"id":5435775034327041,"type":106}
@nix {"action":"result","fields":[0,0,0,0],"id":5435775034327042,"type":105}
@nix {"action":"result","fields":[0,0,0,0],"id":5435775034327043,"type":105}
@nix {"action":"result","fields":[101,0],"id":5435775034327041,"type":106}
@nix {"action":"result","fields":[100,0],"id":5435775034327041,"type":106}
@nix {"action":"result","fields":[0,0,0,0],"id":5435775034327042,"type":105}
@nix {"action":"result","fields":[0,0,0,0],"id":5435775034327043,"type":105}
@nix {"action":"result","fields":[101,0],"id":5435775034327041,"type":106}
@nix {"action":"result","fields":[100,0],"id":5435775034327041,"type":106}
@nix {"action":"result","fields":[0,0,0,0],"id":5435775034327042,"type":105}
@nix {"action":"result","fields":[0,0,0,0],"id":5435775034327043,"type":105}
@nix {"action":"result","fields":[101,0],"id":5435775034327041,"type":106}
@nix {"action":"result","fields":[100,0],"id":5435775034327041,"type":106}
@nix {"action":"result","fields":[0,0,0,0],"id":5435775034327042,"type":105}
@nix {"action":"result","fields":[0,0,0,0],"id":5435775034327043,"type":105}
@nix {"action":"result","fields":[101,0],"id":5435775034327041,"type":106}
@nix {"action":"result","fields":[100,0],"id":5435775034327041,"type":106}
@nix {"action":"result","fields":[0,0,0,0],"id":5435775034327042,"type":105}
@nix {"action":"result","fields":[0,0,0,0],"id":5435775034327043,"type":105}
@nix {"action":"result","fields":[101,0],"id":5435775034327041,"type":106}
@nix {"action":"result","fields":[100,0],"id":5435775034327041,"type":106}
@nix {"action":"result","fields":[0,0,0,0],"id":5435775034327042,"type":105}
@nix {"action":"result","fields":[0,0,0,0],"id":5435775034327043,"type":105}
@nix {"action":"result","fields":[101,0],"id":5435775034327041,"type":106}
@nix {"action":"result","fields":[100,0],"id":5435775034327041,"type":106}
@nix {"action":"result","fields":[0,0,0,0],"id":5435775034327042,"type":105}
@nix {"action":"result","fields":[0,0,0,0],"id":5435775034327043,"type":105}
@nix {"action":"result","fields":[101,0],"id":5435775034327041,"type":106}
@nix {"action":"result","fields":[100,0],"id":5435775034327041,"type":106}
@nix {"action":"result","fields":[0,0,0,0],"id":5435775034327042,"type":105}
@nix {"action":"result","fields":[0,0,0,0],"id":5435775034327043,"type":105}
@nix {"action":"result","fields":[101,0],"id":5435775034327041,"type":106}
@nix {"action":"result","fields":[100,0],"id":5435775034327041,"type":106}
@nix {"action":"result","fields":[0,0,0,0],"id":5435775034327042,"type":105}
@nix {"action":"result","fields":[0,0,0,0],"id":5435775034327043,"type":105}
@nix {"action":"result","fields":[101,0],"id":5435775034327041,"type":106}
@nix {"action":"result","fields":[100,0],"id":5435775034327041,"type":106}
@nix {"action":"result","fields":[0,0,0,0],"id":5435775034327042,"type":105}
@nix {"action":"result","fields":[0,0,0,0],"id":5435775034327043,"type":105}
@nix {"action":"result","fields":[101,0],"id":5435775034327041,"type":106}
@nix {"action":"result","fields":[100,0],"id":5435775034327041,"type":106}
@nix {"action":"result","fields":[0,0,0,0],"id":5435775034327042,"type":105}
@nix {"action":"result","fields":[0,0,0,0],"id":5435775034327043,"type":105}
@nix {"action":"result","fields":[101,0],"id":5435775034327041,"type":106}
@nix {"action":"result","fields":[100,0],"id":5435775034327041,"type":106}
@nix {"action":"result","fields":[0,0,0,0],"id":5435775034327042,"type":105}
@nix {"action":"result","fields":[0,0,0,0],"id":5435775034327043,"type":105}
@nix {"action":"result","fields":[101,0],"id":5435775034327041,"type":106}
@nix {"action":"result","fields":[100,0],"id":5435775034327041,"type":106}
@nix {"action":"result","fields":[0,0,0,0],"id":5435775034327042,"type":105}
@nix {"action":"result","fields":[0,0,0,0],"id":5435775034327043,"type":105}
@nix {"action":"result","fields":[101,0],"id":5435775034327041,"type":106}
@nix {"action":"result","fields":[100,0],"id":5435775034327041,"type":106}
@nix {"action":"result","fields":[0,0,0,0],"id":5435775034327042,"type":105}
@nix {"action":"result","fields":[0,0,0,0],"id":5435775034327043,"type":105}
@nix {"action":"result","fields":[101,0],"id":5435775034327041,"type":106}
@nix {"action":"result","fields":[100,0],"id":5435775034327041,"type":106}
@nix {"action":"result","fields":[0,0,0,0],"id":5435775034327042,"type":105}
@nix {"action":"result","fields":[0,0,0,0],"id":5435775034327043,"type":105}
@nix {"action":"result","fields":[101,0],"id":5435775034327041,"type":106}
@nix {"action":"result","fields":[100,0],"id":5435775034327041,"type":106}
@nix {"action":"result","fields":[0,0,0,0],"id":5435775034327042,"type":105}
@nix {"action":"result","fields":[0,0,0,0],"id":5435775034327043,"type":105}
@nix {"action":"result","fields":[101,0],"id":5435775034327041,"type":106}
@nix {"action":"result","fields":[100,0],"id":5435775034327041,"type":106}
@nix {"action":"result","fields":[0,0,0,0],"id":5435775034327042,"type":105}
@nix {"action":"result","fields":[0,0,0,0],"id":5435775034327043,"type":105}
@nix {"action":"result","fields":[101,0],"id":5435775034327041,"type":106}
@nix {"action":"result","fields":[100,0],"id":5435775034327041,"type":106}
@nix {"action":"result","fields":[0,0,0,0],"id":5435775034327042,"type":105}
@nix {"action":"result","fields":[0,0,0,0],"id":5435775034327043,"type":105}
@nix {"action":"result","fields":[101,0],"id":5435775034327041,"type":106}
@nix {"action":"result","fields":[100,0],"id":5435775034327041,"type":106}
@nix {"action":"result","fields":[0,0,0,0],"id":5435775034327042,"type":105}
@nix {"action":"result","fields":[0,0,0,0],"id":5435775034327043,"type":105}
@nix {"action":"result","fields":[101,0],"id":5435775034327041,"type":106}
@nix {"action":"result","fields":[100,0],"id":5435775034327041,"type":106}
@nix {"action":"result","fields":[0,0,0,0],"id":5435775034327042,"type":105}
@nix {"action":"result","fields":[0,0,0,0],"id":5435775034327043,"type":105}
@nix {"action":"result","fields":[101,0],"id":5435775034327041,"type":106}
@nix {"action":"result","fields":[100,0],"id":5435775034327041,"type":106}
@nix {"action":"result","fields":[0,0,0,0],"id":5435775034327042,"type":105}
@nix {"action":"result","fields":[0,0,0,0],"id":5435775034327043,"type":105}
@nix {"action":"result","fields":[101,0],"id":5435775034327041,"type":106}
@nix {"action":"result","fields":[100,0],"id":5435775034327041,"type":106}
@nix {"action":"result","fields":[0,0,0,0],"id":5435775034327042,"type":105}
@nix {"action":"result","fields":[0,0,0,0],"id":5435775034327043,"type":105}
@nix {"action":"result","fields":[101,0],"id":5435775034327041,"type":106}
@nix {"action":"result","fields":[100,0],"id":5435775034327041,"type":106}
@nix {"action":"result","fields":[0,0,0,0],"id":5435775034327042,"type":105}
@nix {"action":"result","fields":[0,0,0,0],"id":5435775034327043,"type":105}
@nix {"action":"result","fields":[101,0],"id":5435775034327041,"type":106}
@nix {"action":"result","fields":[100,0],"id":5435775034327041,"type":106}
@nix {"action":"result","fields":[0,0,0,0],"id":5435775034327042,"type":105}
@nix {"action":"result","fields":[0,0,0,0],"id":5435775034327043,"type":105}
@nix {"action":"result","fields":[101,0],"id":5435775034327041,"type":106}
@nix {"action":"result","fields":[100,0],"id":5435775034327041,"type":106}
@nix {"action":"result","fields":[0,0,0,0],"id":5435775034327042,"type":105}
@nix {"action":"result","fields":[0,0,0,0],"id":5435775034327043,"type":105}
@nix {"action":"result","fields":[101,0],"id":5435775034327041,"type":106}
@nix {"action":"result","fields":[100,0],"id":5435775034327041,"type":106}
@nix {"action":"result","fields":[0,0,0,0],"id":5435775034327042,"type":105}
@nix {"action":"result","fields":[0,0,0,0],"id":5435775034327043,"type":105}
@nix {"action":"result","fields":[101,0],"id":5435775034327041,"type":106}
@nix {"action":"result","fields":[100,0],"id":5435775034327041,"type":106}
@nix {"action":"result","fields":[0,0,0,0],"id":5435775034327042,"type":105}
@nix {"action":"result","fields":[0,0,0,0],"id":5435775034327043,"type":105}
@nix {"action":"result","fields":[101,0],"id":5435775034327041,"type":106}
@nix {"action":"result","fields":[100,0],"id":5435775034327041,"type":106}
@nix {"action":"result","fields":[0,0,0,0],"id":5435775034327042,"type":105}
@nix {"action":"result","fields":[0,0,0,0],"id":5435775034327043,"type":105}
@nix {"action":"result","fields":[101,0],"id":5435775034327041,"type":106}
@nix {"action":"result","fields":[100,0],"id":5435775034327041,"type":106}
@nix {"action":"result","fields":[0,0,0,0],"id":5435775034327042,"type":105}
@nix {"action":"result","fields":[0,0,0,0],"id":5435775034327043,"type":105}
@nix {"action":"result","fields":[101,0],"id":5435775034327041,"type":106}
@nix {"action":"result","fields":[100,0],"id":5435775034327041,"type":106}
@nix {"action":"result","fields":[0,0,0,0],"id":5435775034327042,"type":105}
@nix {"action":"result","fields":[0,0,0,0],"id":5435775034327043,"type":105}
@nix {"action":"result","fields":[101,0],"id":5435775034327041,"type":106}
@nix {"action":"result","fields":[100,0],"id":5435775034327041,"type":106}
@nix {"action":"result","fields":[0,0,0,0],"id":5435775034327042,"type":105}
@nix {"action":"result","fields":[0,0,0,0],"id":5435775034327043,"type":105}
@nix {"action":"result","fields":[101,0],"id":5435775034327041,"type":106}
@nix {"action":"result","fields":[100,0],"id":5435775034327041,"type":106}
@nix {"action":"result","fields":[0,0,0,0],"id":5435775034327042,"type":105}
@nix {"action":"result","fields":[0,0,0,0],"id":5435775034327043,"type":105}
@nix {"action":"result","fields":[101,0],"id":5435775034327041,"type":106}
@nix {"action":"result","fields":[100,0],"id":5435775034327041,"type":106}
@nix {"action":"result","fields":[0,0,0,0],"id":5435775034327042,"type":105}
@nix {"action":"result","fields":[0,0,0,0],"id":5435775034327043,"type":105}
@nix {"action":"result","fields":[101,0],"id":5435775034327041,"type":106}
@nix {"action":"result","fields":[100,0],"id":5435775034327041,"type":106}
@nix {"action":"result","fields":[0,0,0,0],"id":5435775034327042,"type":105}
@nix {"action":"result","fields":[0,0,0,0],"id":5435775034327043,"type":105}
@nix {"action":"result","fields":[101,0],"id":5435775034327041,"type":106}
@nix {"action":"result","fields":[100,0],"id":5435775034327041,"type":106}
@nix {"action":"result","fields":[0,0,0,0],"id":5435775034327042,"type":105}
@nix {"action":"result","fields":[0,0,0,0],"id":5435775034327043,"type":105}
@nix {"action":"result","fields":[101,0],"id":5435775034327041,"type":106}
@nix {"action":"result","fields":[100,0],"id":5435775034327041,"type":106}
@nix {"action":"result","fields":[0,0,0,0],"id":5435775034327042,"type":105}
@nix {"action":"result","fields":[0,0,0,0],"id":5435775034327043,"type":105}
@nix {"action":"result","fields":[101,0],"id":5435775034327041,"type":106}
@nix {"action":"result","fields":[100,0],"id":5435775034327041,"type":106}
@nix {"action":"result","fields":[0,0,0,0],"id":5435775034327042,"type":105}
@nix {"action":"result","fields":[0,0,0,0],"id":5435775034327043,"type":105}
@nix {"action":"result","fields":[101,0],"id":5435775034327041,"type":106}
@nix {"action":"result","fields":[100,0],"id":5435775034327041,"type":106}
@nix {"action":"result","fields":[0,0,0,0],"id":5435775034327042,"type":105}
@nix {"action":"result","fields":[0,0,0,0],"id":5435775034327043,"type":105}
@nix {"action":"result","fields":[101,0],"id":5435775034327041,"type":106}
@nix {"action":"result","fields":[100,0],"id":5435775034327041,"type":106}
@nix {"action":"result","fields":[0,0,0,0],"id":5435775034327042,"type":105}
@nix {"action":"result","fields":[0,0,0,0],"id":5435775034327043,"type":105}
@nix {"action":"result","fields":[101,0],"id":5435775034327041,"type":106}
@nix {"action":"result","fields":[100,0],"id":5435775034327041,"type":106}
@nix {"action":"result","fields":[0,0,0,0],"id":5435775034327042,"type":105}
@nix {"action":"result","fields":[0,0,0,0],"id":5435775034327043,"type":105}
@nix {"action":"result","fields":[101,0],"id":5435775034327041,"type":106}
@nix {"action":"result","fields":[100,0],"id":5435775034327041,"type":106}
@nix {"action":"result","fields":[0,0,0,0],"id":5435775034327042,"type":105}
@nix {"action":"result","fields":[0,0,0,0],"id":5435775034327043,"type":105}
@nix {"action":"result","fields":[101,0],"id":5435775034327041,"type":106}
@nix {"action":"result","fields":[100,0],"id":5435775034327041,"type":106}
@nix {"action":"result","fields":[0,0,0,0],"id":5435775034327042,"type":105}
@nix {"action":"result","fields":[0,0,0,0],"id":5435775034327043,"type":105}
@nix {"action":"result","fields":[101,0],"id":5435775034327041,"type":106}
@nix {"action":"result","fields":[100,0],"id":5435775034327041,"type":106}
@nix {"action":"result","fields":[0,1,0,0],"id":5435775034327042,"type":105}
@nix {"action":"result","fields":[0,0,0,0],"id":5435775034327043,"type":105}
@nix {"action":"result","fields":[101,0],"id":5435775034327041,"type":106}
@nix {"action":"result","fields":[100,0],"id":5435775034327041,"type":106}
@nix {"action":"result","fields":[0,2,0,0],"id":5435775034327042,"type":105}
@nix {"action":"result","fields":[0,0,0,0],"id":5435775034327043,"type":105}
@nix {"action":"result","fields":[101,0],"id":5435775034327041,"type":106}
@nix {"action":"result","fields":[100,0],"id":5435775034327041,"type":106}
@nix {"action":"result","fields":[0,3,0,0],"id":5435775034327042,"type":105}
@nix {"action":"result","fields":[0,0,0,0],"id":5435775034327043,"type":105}
@nix {"action":"result","fields":[101,0],"id":5435775034327041,"type":106}
@nix {"action":"result","fields":[100,0],"id":5435775034327041,"type":106}
@nix {"action":"result","fields":[0,4,0,0],"id":5435775034327042,"type":105}
@nix {"action":"result","fields":[0,0,0,0],"id":5435775034327043,"type":105}
@nix {"action":"result","fields":[101,0],"id":5435775034327041,"type":106}
@nix {"action":"result","fields":[100,0],"id":5435775034327041,"type":106}
@nix {"action":"result","fields":[0,5,0,0],"id":5435775034327042,"type":105}
@nix {"action":"result","fields":[0,0,0,0],"id":5435775034327043,"type":105}
@nix {"action":"result","fields":[101,0],"id":5435775034327041,"type":106}
@nix {"action":"result","fields":[100,0],"id":5435775034327041,"type":106}
@nix {"action":"result","fields":[0,6,0,0],"id":5435775034327042,"type":105}
@nix {"action":"result","fields":[0,0,0,0],"id":5435775034327043,"type":105}
@nix {"action":"result","fields":[101,0],"id":5435775034327041,"type":106}
@nix {"action":"result","fields":[100,0],"id":5435775034327041,"type":106}
@nix {"action":"result","fields":[0,7,0,0],"id":5435775034327042,"type":105}
@nix {"action":"result","fields":[0,0,0,0],"id":5435775034327043,"type":105}
@nix {"action":"result","fields":[101,0],"id":5435775034327041,"type":106}
@nix {"action":"result","fields":[100,0],"id":5435775034327041,"type":106}
@nix {"action":"result","fields":[0,8,0,0],"id":5435775034327042,"type":105}
@nix {"action":"result","fields":[0,0,0,0],"id":5435775034327043,"type":105}
@nix {"action":"result","fields":[101,0],"id":5435775034327041,"type":106}
@nix {"action":"result","fields":[100,0],"id":5435775034327041,"type":106}
@nix {"action":"result","fields":[0,9,0,0],"id":5435775034327042,"type":105}
@nix {"action":"result","fields":[0,0,0,0],"id":5435775034327043,"type":105}
@nix {"action":"result","fields":[101,0],"id":5435775034327041,"type":106}
@nix {"action":"result","fields":[100,0],"id":5435775034327041,"type":106}
@nix {"action":"result","fields":[0,10,0,0],"id":5435775034327042,"type":105}
@nix {"action":"result","fields":[0,0,0,0],"id":5435775034327043,"type":105}
@nix {"action":"result","fields":[101,0],"id":5435775034327041,"type":106}
@nix {"action":"result","fields":[100,0],"id":5435775034327041,"type":106}
@nix {"action":"result","fields":[0,11,0,0],"id":5435775034327042,"type":105}
@nix {"action":"result","fields":[0,0,0,0],"id":5435775034327043,"type":105}
@nix {"action":"result","fields":[101,0],"id":5435775034327041,"type":106}
@nix {"action":"result","fields":[100,0],"id":5435775034327041,"type":106}
@nix {"action":"result","fields":[0,12,0,0],"id":5435775034327042,"type":105}
@nix {"action":"result","fields":[0,0,0,0],"id":5435775034327043,"type":105}
@nix {"action":"result","fields":[101,0],"id":5435775034327041,"type":106}
@nix {"action":"result","fields":[100,0],"id":5435775034327041,"type":106}
@nix {"action":"result","fields":[0,13,0,0],"id":5435775034327042,"type":105}
@nix {"action":"result","fields":[0,0,0,0],"id":5435775034327043,"type":105}
@nix {"action":"result","fields":[101,0],"id":5435775034327041,"type":106}
@nix {"action":"result","fields":[100,0],"id":5435775034327041,"type":106}
@nix {"action":"result","fields":[0,14,0,0],"id":5435775034327042,"type":105}
@nix {"action":"result","fields":[0,0,0,0],"id":5435775034327043,"type":105}
@nix {"action":"result","fields":[101,0],"id":5435775034327041,"type":106}
@nix {"action":"result","fields":[100,0],"id":5435775034327041,"type":106}
@nix {"action":"result","fields":[0,15,0,0],"id":5435775034327042,"type":105}
@nix {"action":"result","fields":[0,0,0,0],"id":5435775034327043,"type":105}
@nix {"action":"result","fields":[101,0],"id":5435775034327041,"type":106}
@nix {"action":"result","fields":[100,0],"id":5435775034327041,"type":106}
@nix {"action":"result","fields":[0,16,0,0],"id":5435775034327042,"type":105}
@nix {"action":"result","fields":[0,0,0,0],"id":5435775034327043,"type":105}
@nix {"action":"result","fields":[101,0],"id":5435775034327041,"type":106}
@nix {"action":"result","fields":[100,0],"id":5435775034327041,"type":106}
@nix {"action":"result","fields":[0,17,0,0],"id":5435775034327042,"type":105}
@nix {"action":"result","fields":[0,0,0,0],"id":5435775034327043,"type":105}
@nix {"action":"result","fields":[101,0],"id":5435775034327041,"type":106}
@nix {"action":"result","fields":[100,0],"id":5435775034327041,"type":106}
@nix {"action":"result","fields":[0,18,0,0],"id":5435775034327042,"type":105}
@nix {"action":"result","fields":[0,0,0,0],"id":5435775034327043,"type":105}
@nix {"action":"result","fields":[101,0],"id":5435775034327041,"type":106}
@nix {"action":"result","fields":[100,0],"id":5435775034327041,"type":106}
@nix {"action":"result","fields":[0,19,0,0],"id":5435775034327042,"type":105}
@nix {"action":"result","fields":[0,0,0,0],"id":5435775034327043,"type":105}
@nix {"action":"result","fields":[101,0],"id":5435775034327041,"type":106}
@nix {"action":"result","fields":[100,0],"id":5435775034327041,"type":106}
@nix {"action":"result","fields":[0,20,0,0],"id":5435775034327042,"type":105}
@nix {"action":"result","fields":[0,0,0,0],"id":5435775034327043,"type":105}
@nix {"action":"result","fields":[101,0],"id":5435775034327041,"type":106}
@nix {"action":"result","fields":[100,0],"id":5435775034327041,"type":106}
@nix {"action":"result","fields":[0,21,0,0],"id":5435775034327042,"type":105}
@nix {"action":"result","fields":[0,0,0,0],"id":5435775034327043,"type":105}
@nix {"action":"result","fields":[101,0],"id":5435775034327041,"type":106}
@nix {"action":"result","fields":[100,0],"id":5435775034327041,"type":106}
@nix {"action":"result","fields":[0,22,0,0],"id":5435775034327042,"type":105}
@nix {"action":"result","fields":[0,0,0,0],"id":5435775034327043,"type":105}
@nix {"action":"result","fields":[101,0],"id":5435775034327041,"type":106}
@nix {"action":"result","fields":[100,0],"id":5435775034327041,"type":106}
@nix {"action":"result","fields":[0,23,0,0],"id":5435775034327042,"type":105}
@nix {"action":"result","fields":[0,0,0,0],"id":5435775034327043,"type":105}
@nix {"action":"result","fields":[101,0],"id":5435775034327041,"type":106}
@nix {"action":"result","fields":[100,0],"id":5435775034327041,"type":106}
@nix {"action":"result","fields":[0,24,0,0],"id":5435775034327042,"type":105}
@nix {"action":"result","fields":[0,0,0,0],"id":5435775034327043,"type":105}
@nix {"action":"result","fields":[101,0],"id":5435775034327041,"type":106}
@nix {"action":"result","fields":[100,0],"id":5435775034327041,"type":106}
@nix {"action":"result","fields":[0,25,0,0],"id":5435775034327042,"type":105}
@nix {"action":"result","fields":[0,0,0,0],"id":5435775034327043,"type":105}
@nix {"action":"result","fields":[101,0],"id":5435775034327041,"type":106}
@nix {"action":"result","fields":[100,0],"id":5435775034327041,"type":106}
@nix {"action":"result","fields":[0,26,0,0],"id":5435775034327042,"type":105}
@nix {"action":"result","fields":[0,0,0,0],"id":5435775034327043,"type":105}
@nix {"action":"result","fields":[101,0],"id":5435775034327041,"type":106}
@nix {"action":"result","fields":[100,0],"id":5435775034327041,"type":106}
@nix {"action":"result","fields":[0,27,0,0],"id":5435775034327042,"type":105}
@nix {"action":"result","fields":[0,0,0,0],"id":5435775034327043,"type":105}
@nix {"action":"result","fields":[101,0],"id":5435775034327041,"type":106}
@nix {"action":"result","fields":[100,0],"id":5435775034327041,"type":106}
@nix {"action":"result","fields":[0,28,0,0],"id":5435775034327042,"type":105}
@nix {"action":"result","fields":[0,0,0,0],"id":5435775034327043,"type":105}
@nix {"action":"result","fields":[101,0],"id":5435775034327041,"type":106}
@nix {"action":"result","fields":[100,0],"id":5435775034327041,"type":106}
@nix {"action":"result","fields":[0,29,0,0],"id":5435775034327042,"type":105}
@nix {"action":"result","fields":[0,0,0,0],"id":5435775034327043,"type":105}
@nix {"action":"result","fields":[101,0],"id":5435775034327041,"type":106}
@nix {"action":"result","fields":[100,0],"id":5435775034327041,"type":106}
@nix {"action":"result","fields":[0,30,0,0],"id":5435775034327042,"type":105}
@nix {"action":"result","fields":[0,0,0,0],"id":5435775034327043,"type":105}
@nix {"action":"result","fields":[101,0],"id":5435775034327041,"type":106}
@nix {"action":"result","fields":[100,0],"id":5435775034327041,"type":106}
@nix {"action":"result","fields":[0,31,0,0],"id":5435775034327042,"type":105}
@nix {"action":"result","fields":[0,0,0,0],"id":5435775034327043,"type":105}
@nix {"action":"result","fields":[101,0],"id":5435775034327041,"type":106}
@nix {"action":"result","fields":[100,0],"id":5435775034327041,"type":106}
@nix {"action":"result","fields":[0,32,0,0],"id":5435775034327042,"type":105}
@nix {"action":"result","fields":[0,0,0,0],"id":5435775034327043,"type":105}
@nix {"action":"result","fields":[101,0],"id":5435775034327041,"type":106}
@nix {"action":"result","fields":[100,0],"id":5435775034327041,"type":106}
@nix {"action":"start","fields":["/tmp/obrador-shared-pins-linux/round-1-after/wide-round-1-jobs-8/store/a51w6rjcl7y6hl8q3058dg4ngrp9rzfr-leaf-0.drv.drv","",1,1],"id":5435775034327044,"level":3,"parent":0,"text":"building '/tmp/obrador-shared-pins-linux/round-1-after/wide-round-1-jobs-8/store/a51w6rjcl7y6hl8q3058dg4ngrp9rzfr-leaf-0.drv.drv'","type":105}
@nix {"action":"result","fields":[0,32,1,0],"id":5435775034327042,"type":105}
@nix {"action":"result","fields":[0,0,0,0],"id":5435775034327043,"type":105}
@nix {"action":"result","fields":[101,0],"id":5435775034327041,"type":106}
@nix {"action":"result","fields":[100,0],"id":5435775034327041,"type":106}
@nix {"action":"start","fields":["/tmp/obrador-shared-pins-linux/round-1-after/wide-round-1-jobs-8/store/j3r32f77r13lc2vghlxqjvrjqwmly4cg-leaf-1.drv.drv","",1,1],"id":5435775034327045,"level":3,"parent":0,"text":"building '/tmp/obrador-shared-pins-linux/round-1-after/wide-round-1-jobs-8/store/j3r32f77r13lc2vghlxqjvrjqwmly4cg-leaf-1.drv.drv'","type":105}
@nix {"action":"result","fields":[0,32,2,0],"id":5435775034327042,"type":105}
@nix {"action":"result","fields":[0,0,0,0],"id":5435775034327043,"type":105}
@nix {"action":"result","fields":[101,0],"id":5435775034327041,"type":106}
@nix {"action":"result","fields":[100,0],"id":5435775034327041,"type":106}
@nix {"action":"start","fields":["/tmp/obrador-shared-pins-linux/round-1-after/wide-round-1-jobs-8/store/xx1asfgxy3jv12z273bfsdw813bi194y-leaf-10.drv.drv","",1,1],"id":5435775034327046,"level":3,"parent":0,"text":"building '/tmp/obrador-shared-pins-linux/round-1-after/wide-round-1-jobs-8/store/xx1asfgxy3jv12z273bfsdw813bi194y-leaf-10.drv.drv'","type":105}
@nix {"action":"result","fields":[0,32,3,0],"id":5435775034327042,"type":105}
@nix {"action":"result","fields":[0,0,0,0],"id":5435775034327043,"type":105}
@nix {"action":"result","fields":[101,0],"id":5435775034327041,"type":106}
@nix {"action":"result","fields":[100,0],"id":5435775034327041,"type":106}
@nix {"action":"start","fields":["/tmp/obrador-shared-pins-linux/round-1-after/wide-round-1-jobs-8/store/xc86azn868739099v7cda1y12lidbh9j-leaf-11.drv.drv","",1,1],"id":5435775034327047,"level":3,"parent":0,"text":"building '/tmp/obrador-shared-pins-linux/round-1-after/wide-round-1-jobs-8/store/xc86azn868739099v7cda1y12lidbh9j-leaf-11.drv.drv'","type":105}
@nix {"action":"result","fields":[0,32,4,0],"id":5435775034327042,"type":105}
@nix {"action":"result","fields":[0,0,0,0],"id":5435775034327043,"type":105}
@nix {"action":"result","fields":[101,0],"id":5435775034327041,"type":106}
@nix {"action":"result","fields":[100,0],"id":5435775034327041,"type":106}
@nix {"action":"start","fields":["/tmp/obrador-shared-pins-linux/round-1-after/wide-round-1-jobs-8/store/20mhvpl74nicvbqqbz2vra26fv8zg0ag-leaf-12.drv.drv","",1,1],"id":5435775034327048,"level":3,"parent":0,"text":"building '/tmp/obrador-shared-pins-linux/round-1-after/wide-round-1-jobs-8/store/20mhvpl74nicvbqqbz2vra26fv8zg0ag-leaf-12.drv.drv'","type":105}
@nix {"action":"result","fields":[0,32,5,0],"id":5435775034327042,"type":105}
@nix {"action":"result","fields":[0,0,0,0],"id":5435775034327043,"type":105}
@nix {"action":"result","fields":[101,0],"id":5435775034327041,"type":106}
@nix {"action":"result","fields":[100,0],"id":5435775034327041,"type":106}
@nix {"action":"start","fields":["/tmp/obrador-shared-pins-linux/round-1-after/wide-round-1-jobs-8/store/rpqgl4qjj0f8pd6pjpm91769bx91y45l-leaf-13.drv.drv","",1,1],"id":5435775034327049,"level":3,"parent":0,"text":"building '/tmp/obrador-shared-pins-linux/round-1-after/wide-round-1-jobs-8/store/rpqgl4qjj0f8pd6pjpm91769bx91y45l-leaf-13.drv.drv'","type":105}
@nix {"action":"result","fields":[0,32,6,0],"id":5435775034327042,"type":105}
@nix {"action":"result","fields":[0,0,0,0],"id":5435775034327043,"type":105}
@nix {"action":"result","fields":[101,0],"id":5435775034327041,"type":106}
@nix {"action":"result","fields":[100,0],"id":5435775034327041,"type":106}
@nix {"action":"start","fields":["/tmp/obrador-shared-pins-linux/round-1-after/wide-round-1-jobs-8/store/fq5pxh0pn6xxn3arfhxids93a8qi0w78-leaf-14.drv.drv","",1,1],"id":5435775034327050,"level":3,"parent":0,"text":"building '/tmp/obrador-shared-pins-linux/round-1-after/wide-round-1-jobs-8/store/fq5pxh0pn6xxn3arfhxids93a8qi0w78-leaf-14.drv.drv'","type":105}
@nix {"action":"result","fields":[0,32,7,0],"id":5435775034327042,"type":105}
@nix {"action":"result","fields":[0,0,0,0],"id":5435775034327043,"type":105}
@nix {"action":"result","fields":[101,0],"id":5435775034327041,"type":106}
@nix {"action":"result","fields":[100,0],"id":5435775034327041,"type":106}
@nix {"action":"start","fields":["/tmp/obrador-shared-pins-linux/round-1-after/wide-round-1-jobs-8/store/1z5gy945grsmcb43759iljqmvf29lq8r-leaf-15.drv.drv","",1,1],"id":5435775034327051,"level":3,"parent":0,"text":"building '/tmp/obrador-shared-pins-linux/round-1-after/wide-round-1-jobs-8/store/1z5gy945grsmcb43759iljqmvf29lq8r-leaf-15.drv.drv'","type":105}
@nix {"action":"result","fields":[0,32,8,0],"id":5435775034327042,"type":105}
@nix {"action":"result","fields":[0,0,0,0],"id":5435775034327043,"type":105}
@nix {"action":"result","fields":[101,0],"id":5435775034327041,"type":106}
@nix {"action":"result","fields":[100,0],"id":5435775034327041,"type":106}
@nix {"action":"result","fields":[1,33,7,0],"id":5435775034327042,"type":105}
@nix {"action":"result","fields":[0,0,0,0],"id":5435775034327043,"type":105}
@nix {"action":"result","fields":[101,0],"id":5435775034327041,"type":106}
@nix {"action":"result","fields":[100,0],"id":5435775034327041,"type":106}
@nix {"action":"stop","id":5435775034327044}
@nix {"action":"result","fields":[2,34,6,0],"id":5435775034327042,"type":105}
@nix {"action":"result","fields":[0,0,0,0],"id":5435775034327043,"type":105}
@nix {"action":"result","fields":[101,0],"id":5435775034327041,"type":106}
@nix {"action":"result","fields":[100,0],"id":5435775034327041,"type":106}
@nix {"action":"stop","id":5435775034327045}
@nix {"action":"result","fields":[3,35,5,0],"id":5435775034327042,"type":105}
@nix {"action":"result","fields":[0,0,0,0],"id":5435775034327043,"type":105}
@nix {"action":"result","fields":[101,0],"id":5435775034327041,"type":106}
@nix {"action":"result","fields":[100,0],"id":5435775034327041,"type":106}
@nix {"action":"stop","id":5435775034327046}
@nix {"action":"result","fields":[4,36,4,0],"id":5435775034327042,"type":105}
@nix {"action":"result","fields":[0,0,0,0],"id":5435775034327043,"type":105}
@nix {"action":"result","fields":[101,0],"id":5435775034327041,"type":106}
@nix {"action":"result","fields":[100,0],"id":5435775034327041,"type":106}
@nix {"action":"stop","id":5435775034327047}
@nix {"action":"result","fields":[5,37,3,0],"id":5435775034327042,"type":105}
@nix {"action":"result","fields":[0,0,0,0],"id":5435775034327043,"type":105}
@nix {"action":"result","fields":[101,0],"id":5435775034327041,"type":106}
@nix {"action":"result","fields":[100,0],"id":5435775034327041,"type":106}
@nix {"action":"stop","id":5435775034327048}
@nix {"action":"result","fields":[6,38,2,0],"id":5435775034327042,"type":105}
@nix {"action":"result","fields":[0,0,0,0],"id":5435775034327043,"type":105}
@nix {"action":"result","fields":[101,0],"id":5435775034327041,"type":106}
@nix {"action":"result","fields":[100,0],"id":5435775034327041,"type":106}
@nix {"action":"stop","id":5435775034327049}
@nix {"action":"result","fields":[7,39,1,0],"id":5435775034327042,"type":105}
@nix {"action":"result","fields":[0,0,0,0],"id":5435775034327043,"type":105}
@nix {"action":"result","fields":[101,0],"id":5435775034327041,"type":106}
@nix {"action":"result","fields":[100,0],"id":5435775034327041,"type":106}
@nix {"action":"stop","id":5435775034327050}
@nix {"action":"start","fields":["/tmp/obrador-shared-pins-linux/round-1-after/wide-round-1-jobs-8/store/b8vaqjm0sj0bn0z3716d8p2nixap7mcz-leaf-31.drv.drv","",1,1],"id":5435775034327052,"level":3,"parent":0,"text":"building '/tmp/obrador-shared-pins-linux/round-1-after/wide-round-1-jobs-8/store/b8vaqjm0sj0bn0z3716d8p2nixap7mcz-leaf-31.drv.drv'","type":105}
@nix {"action":"result","fields":[7,32,2,0],"id":5435775034327042,"type":105}
@nix {"action":"result","fields":[0,0,0,0],"id":5435775034327043,"type":105}
@nix {"action":"result","fields":[101,0],"id":5435775034327041,"type":106}
@nix {"action":"result","fields":[100,0],"id":5435775034327041,"type":106}
@nix {"action":"start","fields":["/tmp/obrador-shared-pins-linux/round-1-after/wide-round-1-jobs-8/store/v1yp3r70bywzz8x4xgdgpax27z4wprh8-leaf-4.drv.drv","",1,1],"id":5435775034327053,"level":3,"parent":0,"text":"building '/tmp/obrador-shared-pins-linux/round-1-after/wide-round-1-jobs-8/store/v1yp3r70bywzz8x4xgdgpax27z4wprh8-leaf-4.drv.drv'","type":105}
@nix {"action":"result","fields":[7,32,3,0],"id":5435775034327042,"type":105}
@nix {"action":"result","fields":[0,0,0,0],"id":5435775034327043,"type":105}
@nix {"action":"result","fields":[101,0],"id":5435775034327041,"type":106}
@nix {"action":"result","fields":[100,0],"id":5435775034327041,"type":106}
@nix {"action":"start","fields":["/tmp/obrador-shared-pins-linux/round-1-after/wide-round-1-jobs-8/store/f06hanm6kg2yz19dwf2xbqvryc26swgq-leaf-5.drv.drv","",1,1],"id":5435775034327054,"level":3,"parent":0,"text":"building '/tmp/obrador-shared-pins-linux/round-1-after/wide-round-1-jobs-8/store/f06hanm6kg2yz19dwf2xbqvryc26swgq-leaf-5.drv.drv'","type":105}
@nix {"action":"result","fields":[7,32,4,0],"id":5435775034327042,"type":105}
@nix {"action":"result","fields":[0,0,0,0],"id":5435775034327043,"type":105}
@nix {"action":"result","fields":[101,0],"id":5435775034327041,"type":106}
@nix {"action":"result","fields":[100,0],"id":5435775034327041,"type":106}
@nix {"action":"start","fields":["/tmp/obrador-shared-pins-linux/round-1-after/wide-round-1-jobs-8/store/pajs2nikm0vjj4v48z3whmg98vk3981k-leaf-6.drv.drv","",1,1],"id":5435775034327055,"level":3,"parent":0,"text":"building '/tmp/obrador-shared-pins-linux/round-1-after/wide-round-1-jobs-8/store/pajs2nikm0vjj4v48z3whmg98vk3981k-leaf-6.drv.drv'","type":105}
@nix {"action":"result","fields":[7,32,5,0],"id":5435775034327042,"type":105}
@nix {"action":"result","fields":[0,0,0,0],"id":5435775034327043,"type":105}
@nix {"action":"result","fields":[101,0],"id":5435775034327041,"type":106}
@nix {"action":"result","fields":[100,0],"id":5435775034327041,"type":106}
@nix {"action":"start","fields":["/tmp/obrador-shared-pins-linux/round-1-after/wide-round-1-jobs-8/store/3yw6wkv5m61npcsfhvl0dsbdz0mm1sir-leaf-7.drv.drv","",1,1],"id":5435775034327056,"level":3,"parent":0,"text":"building '/tmp/obrador-shared-pins-linux/round-1-after/wide-round-1-jobs-8/store/3yw6wkv5m61npcsfhvl0dsbdz0mm1sir-leaf-7.drv.drv'","type":105}
@nix {"action":"result","fields":[7,32,6,0],"id":5435775034327042,"type":105}
@nix {"action":"result","fields":[0,0,0,0],"id":5435775034327043,"type":105}
@nix {"action":"result","fields":[101,0],"id":5435775034327041,"type":106}
@nix {"action":"result","fields":[100,0],"id":5435775034327041,"type":106}
@nix {"action":"start","fields":["/tmp/obrador-shared-pins-linux/round-1-after/wide-round-1-jobs-8/store/jmvx929n1w6v9nsnsc2iy2knww0whmfc-leaf-8.drv.drv","",1,1],"id":5435775034327057,"level":3,"parent":0,"text":"building '/tmp/obrador-shared-pins-linux/round-1-after/wide-round-1-jobs-8/store/jmvx929n1w6v9nsnsc2iy2knww0whmfc-leaf-8.drv.drv'","type":105}
@nix {"action":"result","fields":[7,32,7,0],"id":5435775034327042,"type":105}
@nix {"action":"result","fields":[0,0,0,0],"id":5435775034327043,"type":105}
@nix {"action":"result","fields":[101,0],"id":5435775034327041,"type":106}
@nix {"action":"result","fields":[100,0],"id":5435775034327041,"type":106}
@nix {"action":"start","fields":["/tmp/obrador-shared-pins-linux/round-1-after/wide-round-1-jobs-8/store/r51fyh6nd9smm2n7mx4vyl4ghcjg6r0r-leaf-9.drv.drv","",1,1],"id":5435775034327058,"level":3,"parent":0,"text":"building '/tmp/obrador-shared-pins-linux/round-1-after/wide-round-1-jobs-8/store/r51fyh6nd9smm2n7mx4vyl4ghcjg6r0r-leaf-9.drv.drv'","type":105}
@nix {"action":"result","fields":[7,32,8,0],"id":5435775034327042,"type":105}
@nix {"action":"result","fields":[0,0,0,0],"id":5435775034327043,"type":105}
@nix {"action":"result","fields":[101,0],"id":5435775034327041,"type":106}
@nix {"action":"result","fields":[100,0],"id":5435775034327041,"type":106}
@nix {"action":"result","fields":[7,33,8,0],"id":5435775034327042,"type":105}
@nix {"action":"result","fields":[0,0,0,0],"id":5435775034327043,"type":105}
@nix {"action":"result","fields":[101,0],"id":5435775034327041,"type":106}
@nix {"action":"result","fields":[100,0],"id":5435775034327041,"type":106}
@nix {"action":"result","fields":[7,34,8,0],"id":5435775034327042,"type":105}
@nix {"action":"result","fields":[0,0,0,0],"id":5435775034327043,"type":105}
@nix {"action":"result","fields":[101,0],"id":5435775034327041,"type":106}
@nix {"action":"result","fields":[100,0],"id":5435775034327041,"type":106}
@nix {"action":"result","fields":[7,35,8,0],"id":5435775034327042,"type":105}
@nix {"action":"result","fields":[0,0,0,0],"id":5435775034327043,"type":105}
@nix {"action":"result","fields":[101,0],"id":5435775034327041,"type":106}
@nix {"action":"result","fields":[100,0],"id":5435775034327041,"type":106}
@nix {"action":"result","fields":[7,36,8,0],"id":5435775034327042,"type":105}
@nix {"action":"result","fields":[0,0,0,0],"id":5435775034327043,"type":105}
@nix {"action":"result","fields":[101,0],"id":5435775034327041,"type":106}
@nix {"action":"result","fields":[100,0],"id":5435775034327041,"type":106}
@nix {"action":"result","fields":[7,37,8,0],"id":5435775034327042,"type":105}
@nix {"action":"result","fields":[0,0,0,0],"id":5435775034327043,"type":105}
@nix {"action":"result","fields":[101,0],"id":5435775034327041,"type":106}
@nix {"action":"result","fields":[100,0],"id":5435775034327041,"type":106}
@nix {"action":"result","fields":[7,38,8,0],"id":5435775034327042,"type":105}
@nix {"action":"result","fields":[0,0,0,0],"id":5435775034327043,"type":105}
@nix {"action":"result","fields":[101,0],"id":5435775034327041,"type":106}
@nix {"action":"result","fields":[100,0],"id":5435775034327041,"type":106}
@nix {"action":"result","fields":[7,39,8,0],"id":5435775034327042,"type":105}
@nix {"action":"result","fields":[0,0,0,0],"id":5435775034327043,"type":105}
@nix {"action":"result","fields":[101,0],"id":5435775034327041,"type":106}
@nix {"action":"result","fields":[100,0],"id":5435775034327041,"type":106}
@nix {"action":"result","fields":[8,40,7,0],"id":5435775034327042,"type":105}
@nix {"action":"result","fields":[0,0,0,0],"id":5435775034327043,"type":105}
@nix {"action":"result","fields":[101,0],"id":5435775034327041,"type":106}
@nix {"action":"result","fields":[100,0],"id":5435775034327041,"type":106}
@nix {"action":"stop","id":5435775034327051}
@nix {"action":"result","fields":[9,41,6,0],"id":5435775034327042,"type":105}
@nix {"action":"result","fields":[0,0,0,0],"id":5435775034327043,"type":105}
@nix {"action":"result","fields":[101,0],"id":5435775034327041,"type":106}
@nix {"action":"result","fields":[100,0],"id":5435775034327041,"type":106}
@nix {"action":"stop","id":5435775034327052}
@nix {"action":"result","fields":[10,42,5,0],"id":5435775034327042,"type":105}
@nix {"action":"result","fields":[0,0,0,0],"id":5435775034327043,"type":105}
@nix {"action":"result","fields":[101,0],"id":5435775034327041,"type":106}
@nix {"action":"result","fields":[100,0],"id":5435775034327041,"type":106}
@nix {"action":"stop","id":5435775034327053}
@nix {"action":"result","fields":[11,43,4,0],"id":5435775034327042,"type":105}
@nix {"action":"result","fields":[0,0,0,0],"id":5435775034327043,"type":105}
@nix {"action":"result","fields":[101,0],"id":5435775034327041,"type":106}
@nix {"action":"result","fields":[100,0],"id":5435775034327041,"type":106}
@nix {"action":"stop","id":5435775034327054}
@nix {"action":"result","fields":[12,44,3,0],"id":5435775034327042,"type":105}
@nix {"action":"result","fields":[0,0,0,0],"id":5435775034327043,"type":105}
@nix {"action":"result","fields":[101,0],"id":5435775034327041,"type":106}
@nix {"action":"result","fields":[100,0],"id":5435775034327041,"type":106}
@nix {"action":"stop","id":5435775034327055}
@nix {"action":"result","fields":[13,45,2,0],"id":5435775034327042,"type":105}
@nix {"action":"result","fields":[0,0,0,0],"id":5435775034327043,"type":105}
@nix {"action":"result","fields":[101,0],"id":5435775034327041,"type":106}
@nix {"action":"result","fields":[100,0],"id":5435775034327041,"type":106}
@nix {"action":"stop","id":5435775034327056}
@nix {"action":"result","fields":[14,46,1,0],"id":5435775034327042,"type":105}
@nix {"action":"result","fields":[0,0,0,0],"id":5435775034327043,"type":105}
@nix {"action":"result","fields":[101,0],"id":5435775034327041,"type":106}
@nix {"action":"result","fields":[100,0],"id":5435775034327041,"type":106}
@nix {"action":"stop","id":5435775034327057}
@nix {"action":"result","fields":[15,47,0,0],"id":5435775034327042,"type":105}
@nix {"action":"result","fields":[0,0,0,0],"id":5435775034327043,"type":105}
@nix {"action":"result","fields":[101,0],"id":5435775034327041,"type":106}
@nix {"action":"result","fields":[100,0],"id":5435775034327041,"type":106}
@nix {"action":"stop","id":5435775034327058}
@nix {"action":"start","fields":["/tmp/obrador-shared-pins-linux/round-1-after/wide-round-1-jobs-8/store/lacwj86bijpqz5rd5bl56sq2mxwg648z-leaf-0.drv","",1,1],"id":5435775034327059,"level":3,"parent":0,"text":"building '/tmp/obrador-shared-pins-linux/round-1-after/wide-round-1-jobs-8/store/lacwj86bijpqz5rd5bl56sq2mxwg648z-leaf-0.drv'","type":105}
@nix {"action":"result","fields":[15,39,1,0],"id":5435775034327042,"type":105}
@nix {"action":"result","fields":[0,0,0,0],"id":5435775034327043,"type":105}
@nix {"action":"result","fields":[101,0],"id":5435775034327041,"type":106}
@nix {"action":"result","fields":[100,0],"id":5435775034327041,"type":106}
@nix {"action":"start","fields":["/tmp/obrador-shared-pins-linux/round-1-after/wide-round-1-jobs-8/store/mbj3j9bkpdqa2rbhwzn0ycj89aqdfyr0-leaf-1.drv","",1,1],"id":5435775034327060,"level":3,"parent":0,"text":"building '/tmp/obrador-shared-pins-linux/round-1-after/wide-round-1-jobs-8/store/mbj3j9bkpdqa2rbhwzn0ycj89aqdfyr0-leaf-1.drv'","type":105}
@nix {"action":"result","fields":[15,39,2,0],"id":5435775034327042,"type":105}
@nix {"action":"result","fields":[0,0,0,0],"id":5435775034327043,"type":105}
@nix {"action":"result","fields":[101,0],"id":5435775034327041,"type":106}
@nix {"action":"result","fields":[100,0],"id":5435775034327041,"type":106}
@nix {"action":"start","fields":["/tmp/obrador-shared-pins-linux/round-1-after/wide-round-1-jobs-8/store/mj2x0sw5n0wsgbgcxirm54f3xhpgqqf1-leaf-10.drv","",1,1],"id":5435775034327061,"level":3,"parent":0,"text":"building '/tmp/obrador-shared-pins-linux/round-1-after/wide-round-1-jobs-8/store/mj2x0sw5n0wsgbgcxirm54f3xhpgqqf1-leaf-10.drv'","type":105}
@nix {"action":"result","fields":[15,39,3,0],"id":5435775034327042,"type":105}
@nix {"action":"result","fields":[0,0,0,0],"id":5435775034327043,"type":105}
@nix {"action":"result","fields":[101,0],"id":5435775034327041,"type":106}
@nix {"action":"result","fields":[100,0],"id":5435775034327041,"type":106}
@nix {"action":"start","fields":["/tmp/obrador-shared-pins-linux/round-1-after/wide-round-1-jobs-8/store/7f5j3ahfnqh81yr3i4pwq3yz27iy3vn9-leaf-11.drv","",1,1],"id":5435775034327062,"level":3,"parent":0,"text":"building '/tmp/obrador-shared-pins-linux/round-1-after/wide-round-1-jobs-8/store/7f5j3ahfnqh81yr3i4pwq3yz27iy3vn9-leaf-11.drv'","type":105}
@nix {"action":"result","fields":[15,39,4,0],"id":5435775034327042,"type":105}
@nix {"action":"result","fields":[0,0,0,0],"id":5435775034327043,"type":105}
@nix {"action":"result","fields":[101,0],"id":5435775034327041,"type":106}
@nix {"action":"result","fields":[100,0],"id":5435775034327041,"type":106}
@nix {"action":"start","fields":["/tmp/obrador-shared-pins-linux/round-1-after/wide-round-1-jobs-8/store/grvgxliybnqwky96kv6x302f14p62pfp-leaf-12.drv","",1,1],"id":5435775034327063,"level":3,"parent":0,"text":"building '/tmp/obrador-shared-pins-linux/round-1-after/wide-round-1-jobs-8/store/grvgxliybnqwky96kv6x302f14p62pfp-leaf-12.drv'","type":105}
@nix {"action":"result","fields":[15,39,5,0],"id":5435775034327042,"type":105}
@nix {"action":"result","fields":[0,0,0,0],"id":5435775034327043,"type":105}
@nix {"action":"result","fields":[101,0],"id":5435775034327041,"type":106}
@nix {"action":"result","fields":[100,0],"id":5435775034327041,"type":106}
@nix {"action":"start","fields":["/tmp/obrador-shared-pins-linux/round-1-after/wide-round-1-jobs-8/store/ikxp4r2vaw2nahba3ki8m8d4m5ykxwm9-leaf-13.drv","",1,1],"id":5435775034327064,"level":3,"parent":0,"text":"building '/tmp/obrador-shared-pins-linux/round-1-after/wide-round-1-jobs-8/store/ikxp4r2vaw2nahba3ki8m8d4m5ykxwm9-leaf-13.drv'","type":105}
@nix {"action":"result","fields":[15,39,6,0],"id":5435775034327042,"type":105}
@nix {"action":"result","fields":[0,0,0,0],"id":5435775034327043,"type":105}
@nix {"action":"result","fields":[101,0],"id":5435775034327041,"type":106}
@nix {"action":"result","fields":[100,0],"id":5435775034327041,"type":106}
@nix {"action":"start","fields":["/tmp/obrador-shared-pins-linux/round-1-after/wide-round-1-jobs-8/store/wlv8rhvdg07f94hswzc2q4aaxp669nw9-leaf-14.drv","",1,1],"id":5435775034327065,"level":3,"parent":0,"text":"building '/tmp/obrador-shared-pins-linux/round-1-after/wide-round-1-jobs-8/store/wlv8rhvdg07f94hswzc2q4aaxp669nw9-leaf-14.drv'","type":105}
@nix {"action":"result","fields":[15,39,7,0],"id":5435775034327042,"type":105}
@nix {"action":"result","fields":[0,0,0,0],"id":5435775034327043,"type":105}
@nix {"action":"result","fields":[101,0],"id":5435775034327041,"type":106}
@nix {"action":"result","fields":[100,0],"id":5435775034327041,"type":106}
@nix {"action":"start","fields":["/tmp/obrador-shared-pins-linux/round-1-after/wide-round-1-jobs-8/store/p4q1s12hljp8qb4hq51awpp1ldg5g87r-leaf-21.drv.drv","",1,1],"id":5435775034327066,"level":3,"parent":0,"text":"building '/tmp/obrador-shared-pins-linux/round-1-after/wide-round-1-jobs-8/store/p4q1s12hljp8qb4hq51awpp1ldg5g87r-leaf-21.drv.drv'","type":105}
@nix {"action":"result","fields":[15,39,8,0],"id":5435775034327042,"type":105}
@nix {"action":"result","fields":[0,0,0,0],"id":5435775034327043,"type":105}
@nix {"action":"result","fields":[101,0],"id":5435775034327041,"type":106}
@nix {"action":"result","fields":[100,0],"id":5435775034327041,"type":106}
@nix {"action":"result","fields":[15,40,8,0],"id":5435775034327042,"type":105}
@nix {"action":"result","fields":[0,0,0,0],"id":5435775034327043,"type":105}
@nix {"action":"result","fields":[101,0],"id":5435775034327041,"type":106}
@nix {"action":"result","fields":[100,0],"id":5435775034327041,"type":106}
@nix {"action":"result","fields":[15,41,8,0],"id":5435775034327042,"type":105}
@nix {"action":"result","fields":[0,0,0,0],"id":5435775034327043,"type":105}
@nix {"action":"result","fields":[101,0],"id":5435775034327041,"type":106}
@nix {"action":"result","fields":[100,0],"id":5435775034327041,"type":106}
@nix {"action":"result","fields":[15,42,8,0],"id":5435775034327042,"type":105}
@nix {"action":"result","fields":[0,0,0,0],"id":5435775034327043,"type":105}
@nix {"action":"result","fields":[101,0],"id":5435775034327041,"type":106}
@nix {"action":"result","fields":[100,0],"id":5435775034327041,"type":106}
@nix {"action":"result","fields":[15,43,8,0],"id":5435775034327042,"type":105}
@nix {"action":"result","fields":[0,0,0,0],"id":5435775034327043,"type":105}
@nix {"action":"result","fields":[101,0],"id":5435775034327041,"type":106}
@nix {"action":"result","fields":[100,0],"id":5435775034327041,"type":106}
@nix {"action":"result","fields":[15,44,8,0],"id":5435775034327042,"type":105}
@nix {"action":"result","fields":[0,0,0,0],"id":5435775034327043,"type":105}
@nix {"action":"result","fields":[101,0],"id":5435775034327041,"type":106}
@nix {"action":"result","fields":[100,0],"id":5435775034327041,"type":106}
@nix {"action":"result","fields":[15,45,8,0],"id":5435775034327042,"type":105}
@nix {"action":"result","fields":[0,0,0,0],"id":5435775034327043,"type":105}
@nix {"action":"result","fields":[101,0],"id":5435775034327041,"type":106}
@nix {"action":"result","fields":[100,0],"id":5435775034327041,"type":106}
@nix {"action":"result","fields":[15,46,8,0],"id":5435775034327042,"type":105}
@nix {"action":"result","fields":[0,0,0,0],"id":5435775034327043,"type":105}
@nix {"action":"result","fields":[101,0],"id":5435775034327041,"type":106}
@nix {"action":"result","fields":[100,0],"id":5435775034327041,"type":106}
@nix {"action":"result","fields":[15,47,8,0],"id":5435775034327042,"type":105}
@nix {"action":"result","fields":[0,0,0,0],"id":5435775034327043,"type":105}
@nix {"action":"result","fields":[101,0],"id":5435775034327041,"type":106}
@nix {"action":"result","fields":[100,0],"id":5435775034327041,"type":106}
@nix {"action":"result","fields":[16,48,7,0],"id":5435775034327042,"type":105}
@nix {"action":"result","fields":[0,0,0,0],"id":5435775034327043,"type":105}
@nix {"action":"result","fields":[101,0],"id":5435775034327041,"type":106}
@nix {"action":"result","fields":[100,0],"id":5435775034327041,"type":106}
@nix {"action":"stop","id":5435775034327059}
@nix {"action":"result","fields":[17,49,6,0],"id":5435775034327042,"type":105}
@nix {"action":"result","fields":[0,0,0,0],"id":5435775034327043,"type":105}
@nix {"action":"result","fields":[101,0],"id":5435775034327041,"type":106}
@nix {"action":"result","fields":[100,0],"id":5435775034327041,"type":106}
@nix {"action":"stop","id":5435775034327060}
@nix {"action":"result","fields":[18,50,5,0],"id":5435775034327042,"type":105}
@nix {"action":"result","fields":[0,0,0,0],"id":5435775034327043,"type":105}
@nix {"action":"result","fields":[101,0],"id":5435775034327041,"type":106}
@nix {"action":"result","fields":[100,0],"id":5435775034327041,"type":106}
@nix {"action":"stop","id":5435775034327061}
@nix {"action":"result","fields":[19,51,4,0],"id":5435775034327042,"type":105}
@nix {"action":"result","fields":[0,0,0,0],"id":5435775034327043,"type":105}
@nix {"action":"result","fields":[101,0],"id":5435775034327041,"type":106}
@nix {"action":"result","fields":[100,0],"id":5435775034327041,"type":106}
@nix {"action":"stop","id":5435775034327062}
@nix {"action":"result","fields":[20,52,3,0],"id":5435775034327042,"type":105}
@nix {"action":"result","fields":[0,0,0,0],"id":5435775034327043,"type":105}
@nix {"action":"result","fields":[101,0],"id":5435775034327041,"type":106}
@nix {"action":"result","fields":[100,0],"id":5435775034327041,"type":106}
@nix {"action":"stop","id":5435775034327063}
@nix {"action":"result","fields":[21,53,2,0],"id":5435775034327042,"type":105}
@nix {"action":"result","fields":[0,0,0,0],"id":5435775034327043,"type":105}
@nix {"action":"result","fields":[101,0],"id":5435775034327041,"type":106}
@nix {"action":"result","fields":[100,0],"id":5435775034327041,"type":106}
@nix {"action":"stop","id":5435775034327064}
@nix {"action":"result","fields":[22,54,1,0],"id":5435775034327042,"type":105}
@nix {"action":"result","fields":[0,0,0,0],"id":5435775034327043,"type":105}
@nix {"action":"result","fields":[101,0],"id":5435775034327041,"type":106}
@nix {"action":"result","fields":[100,0],"id":5435775034327041,"type":106}
@nix {"action":"stop","id":5435775034327065}
@nix {"action":"result","fields":[23,55,0,0],"id":5435775034327042,"type":105}
@nix {"action":"result","fields":[0,0,0,0],"id":5435775034327043,"type":105}
@nix {"action":"result","fields":[101,0],"id":5435775034327041,"type":106}
@nix {"action":"result","fields":[100,0],"id":5435775034327041,"type":106}
@nix {"action":"stop","id":5435775034327066}
@nix {"action":"start","fields":["/tmp/obrador-shared-pins-linux/round-1-after/wide-round-1-jobs-8/store/1npax59yiqp3k038hmf0ad2z6vbk77rf-leaf-15.drv","",1,1],"id":5435775034327067,"level":3,"parent":0,"text":"building '/tmp/obrador-shared-pins-linux/round-1-after/wide-round-1-jobs-8/store/1npax59yiqp3k038hmf0ad2z6vbk77rf-leaf-15.drv'","type":105}
@nix {"action":"result","fields":[23,47,1,0],"id":5435775034327042,"type":105}
@nix {"action":"result","fields":[0,0,0,0],"id":5435775034327043,"type":105}
@nix {"action":"result","fields":[101,0],"id":5435775034327041,"type":106}
@nix {"action":"result","fields":[100,0],"id":5435775034327041,"type":106}
@nix {"action":"start","fields":["/tmp/obrador-shared-pins-linux/round-1-after/wide-round-1-jobs-8/store/b3anvllik51j6r7infb3hxrsin3vjqly-leaf-31.drv","",1,1],"id":5435775034327068,"level":3,"parent":0,"text":"building '/tmp/obrador-shared-pins-linux/round-1-after/wide-round-1-jobs-8/store/b3anvllik51j6r7infb3hxrsin3vjqly-leaf-31.drv'","type":105}
@nix {"action":"result","fields":[23,47,2,0],"id":5435775034327042,"type":105}
@nix {"action":"result","fields":[0,0,0,0],"id":5435775034327043,"type":105}
@nix {"action":"result","fields":[101,0],"id":5435775034327041,"type":106}
@nix {"action":"result","fields":[100,0],"id":5435775034327041,"type":106}
@nix {"action":"start","fields":["/tmp/obrador-shared-pins-linux/round-1-after/wide-round-1-jobs-8/store/rg8yrwqwzvm2916646bvglmdkjszxv48-leaf-4.drv","",1,1],"id":5435775034327069,"level":3,"parent":0,"text":"building '/tmp/obrador-shared-pins-linux/round-1-after/wide-round-1-jobs-8/store/rg8yrwqwzvm2916646bvglmdkjszxv48-leaf-4.drv'","type":105}
@nix {"action":"result","fields":[23,47,3,0],"id":5435775034327042,"type":105}
@nix {"action":"result","fields":[0,0,0,0],"id":5435775034327043,"type":105}
@nix {"action":"result","fields":[101,0],"id":5435775034327041,"type":106}
@nix {"action":"result","fields":[100,0],"id":5435775034327041,"type":106}
@nix {"action":"start","fields":["/tmp/obrador-shared-pins-linux/round-1-after/wide-round-1-jobs-8/store/7ym2ibc7xi8qw2g2a5gwg4sj3sb2y3j7-leaf-5.drv","",1,1],"id":5435775034327070,"level":3,"parent":0,"text":"building '/tmp/obrador-shared-pins-linux/round-1-after/wide-round-1-jobs-8/store/7ym2ibc7xi8qw2g2a5gwg4sj3sb2y3j7-leaf-5.drv'","type":105}
@nix {"action":"result","fields":[23,47,4,0],"id":5435775034327042,"type":105}
@nix {"action":"result","fields":[0,0,0,0],"id":5435775034327043,"type":105}
@nix {"action":"result","fields":[101,0],"id":5435775034327041,"type":106}
@nix {"action":"result","fields":[100,0],"id":5435775034327041,"type":106}
@nix {"action":"start","fields":["/tmp/obrador-shared-pins-linux/round-1-after/wide-round-1-jobs-8/store/q37zn935s6ajnw2b9c7gsdlm1mpf7lfl-leaf-6.drv","",1,1],"id":5435775034327071,"level":3,"parent":0,"text":"building '/tmp/obrador-shared-pins-linux/round-1-after/wide-round-1-jobs-8/store/q37zn935s6ajnw2b9c7gsdlm1mpf7lfl-leaf-6.drv'","type":105}
@nix {"action":"result","fields":[23,47,5,0],"id":5435775034327042,"type":105}
@nix {"action":"result","fields":[0,0,0,0],"id":5435775034327043,"type":105}
@nix {"action":"result","fields":[101,0],"id":5435775034327041,"type":106}
@nix {"action":"result","fields":[100,0],"id":5435775034327041,"type":106}
@nix {"action":"start","fields":["/tmp/obrador-shared-pins-linux/round-1-after/wide-round-1-jobs-8/store/j3pnrgrwwial3pxplab2mzz1lg92slrm-leaf-7.drv","",1,1],"id":5435775034327072,"level":3,"parent":0,"text":"building '/tmp/obrador-shared-pins-linux/round-1-after/wide-round-1-jobs-8/store/j3pnrgrwwial3pxplab2mzz1lg92slrm-leaf-7.drv'","type":105}
@nix {"action":"result","fields":[23,47,6,0],"id":5435775034327042,"type":105}
@nix {"action":"result","fields":[0,0,0,0],"id":5435775034327043,"type":105}
@nix {"action":"result","fields":[101,0],"id":5435775034327041,"type":106}
@nix {"action":"result","fields":[100,0],"id":5435775034327041,"type":106}
@nix {"action":"start","fields":["/tmp/obrador-shared-pins-linux/round-1-after/wide-round-1-jobs-8/store/y7irlh5wwn7iilmczg55xadhbdhm4zwm-leaf-8.drv","",1,1],"id":5435775034327073,"level":3,"parent":0,"text":"building '/tmp/obrador-shared-pins-linux/round-1-after/wide-round-1-jobs-8/store/y7irlh5wwn7iilmczg55xadhbdhm4zwm-leaf-8.drv'","type":105}
@nix {"action":"result","fields":[23,47,7,0],"id":5435775034327042,"type":105}
@nix {"action":"result","fields":[0,0,0,0],"id":5435775034327043,"type":105}
@nix {"action":"result","fields":[101,0],"id":5435775034327041,"type":106}
@nix {"action":"result","fields":[100,0],"id":5435775034327041,"type":106}
@nix {"action":"start","fields":["/tmp/obrador-shared-pins-linux/round-1-after/wide-round-1-jobs-8/store/czd6a17x5lrldnswwszfg5w9z10blqbg-leaf-9.drv","",1,1],"id":5435775034327074,"level":3,"parent":0,"text":"building '/tmp/obrador-shared-pins-linux/round-1-after/wide-round-1-jobs-8/store/czd6a17x5lrldnswwszfg5w9z10blqbg-leaf-9.drv'","type":105}
@nix {"action":"result","fields":[23,47,8,0],"id":5435775034327042,"type":105}
@nix {"action":"result","fields":[0,0,0,0],"id":5435775034327043,"type":105}
@nix {"action":"result","fields":[101,0],"id":5435775034327041,"type":106}
@nix {"action":"result","fields":[100,0],"id":5435775034327041,"type":106}
@nix {"action":"result","fields":[23,48,8,0],"id":5435775034327042,"type":105}
@nix {"action":"result","fields":[0,0,0,0],"id":5435775034327043,"type":105}
@nix {"action":"result","fields":[101,0],"id":5435775034327041,"type":106}
@nix {"action":"result","fields":[100,0],"id":5435775034327041,"type":106}
@nix {"action":"result","fields":[24,49,7,0],"id":5435775034327042,"type":105}
@nix {"action":"result","fields":[0,0,0,0],"id":5435775034327043,"type":105}
@nix {"action":"result","fields":[101,0],"id":5435775034327041,"type":106}
@nix {"action":"result","fields":[100,0],"id":5435775034327041,"type":106}
@nix {"action":"stop","id":5435775034327067}
@nix {"action":"result","fields":[25,50,6,0],"id":5435775034327042,"type":105}
@nix {"action":"result","fields":[0,0,0,0],"id":5435775034327043,"type":105}
@nix {"action":"result","fields":[101,0],"id":5435775034327041,"type":106}
@nix {"action":"result","fields":[100,0],"id":5435775034327041,"type":106}
@nix {"action":"stop","id":5435775034327068}
@nix {"action":"result","fields":[26,51,5,0],"id":5435775034327042,"type":105}
@nix {"action":"result","fields":[0,0,0,0],"id":5435775034327043,"type":105}
@nix {"action":"result","fields":[101,0],"id":5435775034327041,"type":106}
@nix {"action":"result","fields":[100,0],"id":5435775034327041,"type":106}
@nix {"action":"stop","id":5435775034327069}
@nix {"action":"result","fields":[27,52,4,0],"id":5435775034327042,"type":105}
@nix {"action":"result","fields":[0,0,0,0],"id":5435775034327043,"type":105}
@nix {"action":"result","fields":[101,0],"id":5435775034327041,"type":106}
@nix {"action":"result","fields":[100,0],"id":5435775034327041,"type":106}
@nix {"action":"stop","id":5435775034327070}
@nix {"action":"result","fields":[28,53,3,0],"id":5435775034327042,"type":105}
@nix {"action":"result","fields":[0,0,0,0],"id":5435775034327043,"type":105}
@nix {"action":"result","fields":[101,0],"id":5435775034327041,"type":106}
@nix {"action":"result","fields":[100,0],"id":5435775034327041,"type":106}
@nix {"action":"stop","id":5435775034327071}
@nix {"action":"result","fields":[29,54,2,0],"id":5435775034327042,"type":105}
@nix {"action":"result","fields":[0,0,0,0],"id":5435775034327043,"type":105}
@nix {"action":"result","fields":[101,0],"id":5435775034327041,"type":106}
@nix {"action":"result","fields":[100,0],"id":5435775034327041,"type":106}
@nix {"action":"stop","id":5435775034327072}
@nix {"action":"result","fields":[30,55,1,0],"id":5435775034327042,"type":105}
@nix {"action":"result","fields":[0,0,0,0],"id":5435775034327043,"type":105}
@nix {"action":"result","fields":[101,0],"id":5435775034327041,"type":106}
@nix {"action":"result","fields":[100,0],"id":5435775034327041,"type":106}
@nix {"action":"stop","id":5435775034327073}
@nix {"action":"start","fields":["/tmp/obrador-shared-pins-linux/round-1-after/wide-round-1-jobs-8/store/4mhxwxkkizlj848dm4s2q1cb0hnf2xcm-leaf-19.drv.drv","",1,1],"id":5435775034327075,"level":3,"parent":0,"text":"building '/tmp/obrador-shared-pins-linux/round-1-after/wide-round-1-jobs-8/store/4mhxwxkkizlj848dm4s2q1cb0hnf2xcm-leaf-19.drv.drv'","type":105}
@nix {"action":"result","fields":[30,48,2,0],"id":5435775034327042,"type":105}
@nix {"action":"result","fields":[0,0,0,0],"id":5435775034327043,"type":105}
@nix {"action":"result","fields":[101,0],"id":5435775034327041,"type":106}
@nix {"action":"result","fields":[100,0],"id":5435775034327041,"type":106}
@nix {"action":"start","fields":["/tmp/obrador-shared-pins-linux/round-1-after/wide-round-1-jobs-8/store/7sl44h29xsvihlszi1x55aa3h499nqn7-leaf-2.drv.drv","",1,1],"id":5435775034327076,"level":3,"parent":0,"text":"building '/tmp/obrador-shared-pins-linux/round-1-after/wide-round-1-jobs-8/store/7sl44h29xsvihlszi1x55aa3h499nqn7-leaf-2.drv.drv'","type":105}
@nix {"action":"result","fields":[30,48,3,0],"id":5435775034327042,"type":105}
@nix {"action":"result","fields":[0,0,0,0],"id":5435775034327043,"type":105}
@nix {"action":"result","fields":[101,0],"id":5435775034327041,"type":106}
@nix {"action":"result","fields":[100,0],"id":5435775034327041,"type":106}
@nix {"action":"start","fields":["/tmp/obrador-shared-pins-linux/round-1-after/wide-round-1-jobs-8/store/72mhcpnwl8kjbyqd4cd1j2bay55vl3mw-leaf-20.drv.drv","",1,1],"id":5435775034327077,"level":3,"parent":0,"text":"building '/tmp/obrador-shared-pins-linux/round-1-after/wide-round-1-jobs-8/store/72mhcpnwl8kjbyqd4cd1j2bay55vl3mw-leaf-20.drv.drv'","type":105}
@nix {"action":"result","fields":[30,48,4,0],"id":5435775034327042,"type":105}
@nix {"action":"result","fields":[0,0,0,0],"id":5435775034327043,"type":105}
@nix {"action":"result","fields":[101,0],"id":5435775034327041,"type":106}
@nix {"action":"result","fields":[100,0],"id":5435775034327041,"type":106}
@nix {"action":"start","fields":["/tmp/obrador-shared-pins-linux/round-1-after/wide-round-1-jobs-8/store/aif2617rkwhwm877q1x6rp7nvk47w75b-leaf-21.drv","",1,1],"id":5435775034327078,"level":3,"parent":0,"text":"building '/tmp/obrador-shared-pins-linux/round-1-after/wide-round-1-jobs-8/store/aif2617rkwhwm877q1x6rp7nvk47w75b-leaf-21.drv'","type":105}
@nix {"action":"result","fields":[30,48,5,0],"id":5435775034327042,"type":105}
@nix {"action":"result","fields":[0,0,0,0],"id":5435775034327043,"type":105}
@nix {"action":"result","fields":[101,0],"id":5435775034327041,"type":106}
@nix {"action":"result","fields":[100,0],"id":5435775034327041,"type":106}
@nix {"action":"start","fields":["/tmp/obrador-shared-pins-linux/round-1-after/wide-round-1-jobs-8/store/ckv2m161q8a68hmc72d7dwxkzz1jpn67-leaf-26.drv.drv","",1,1],"id":5435775034327079,"level":3,"parent":0,"text":"building '/tmp/obrador-shared-pins-linux/round-1-after/wide-round-1-jobs-8/store/ckv2m161q8a68hmc72d7dwxkzz1jpn67-leaf-26.drv.drv'","type":105}
@nix {"action":"result","fields":[30,48,6,0],"id":5435775034327042,"type":105}
@nix {"action":"result","fields":[0,0,0,0],"id":5435775034327043,"type":105}
@nix {"action":"result","fields":[101,0],"id":5435775034327041,"type":106}
@nix {"action":"result","fields":[100,0],"id":5435775034327041,"type":106}
@nix {"action":"start","fields":["/tmp/obrador-shared-pins-linux/round-1-after/wide-round-1-jobs-8/store/mj9fjni5pxq6v1qgh0qzmdlnj9c1hzli-leaf-27.drv.drv","",1,1],"id":5435775034327080,"level":3,"parent":0,"text":"building '/tmp/obrador-shared-pins-linux/round-1-after/wide-round-1-jobs-8/store/mj9fjni5pxq6v1qgh0qzmdlnj9c1hzli-leaf-27.drv.drv'","type":105}
@nix {"action":"result","fields":[30,48,7,0],"id":5435775034327042,"type":105}
@nix {"action":"result","fields":[0,0,0,0],"id":5435775034327043,"type":105}
@nix {"action":"result","fields":[101,0],"id":5435775034327041,"type":106}
@nix {"action":"result","fields":[100,0],"id":5435775034327041,"type":106}
@nix {"action":"start","fields":["/tmp/obrador-shared-pins-linux/round-1-after/wide-round-1-jobs-8/store/zls5056rknm1bd0z0is0nrw7j2lqp5r5-leaf-28.drv.drv","",1,1],"id":5435775034327081,"level":3,"parent":0,"text":"building '/tmp/obrador-shared-pins-linux/round-1-after/wide-round-1-jobs-8/store/zls5056rknm1bd0z0is0nrw7j2lqp5r5-leaf-28.drv.drv'","type":105}
@nix {"action":"result","fields":[30,48,8,0],"id":5435775034327042,"type":105}
@nix {"action":"result","fields":[0,0,0,0],"id":5435775034327043,"type":105}
@nix {"action":"result","fields":[101,0],"id":5435775034327041,"type":106}
@nix {"action":"result","fields":[100,0],"id":5435775034327041,"type":106}
@nix {"action":"result","fields":[31,49,7,0],"id":5435775034327042,"type":105}
@nix {"action":"result","fields":[0,0,0,0],"id":5435775034327043,"type":105}
@nix {"action":"result","fields":[101,0],"id":5435775034327041,"type":106}
@nix {"action":"result","fields":[100,0],"id":5435775034327041,"type":106}
@nix {"action":"stop","id":5435775034327075}
@nix {"action":"result","fields":[32,50,6,0],"id":5435775034327042,"type":105}
@nix {"action":"result","fields":[0,0,0,0],"id":5435775034327043,"type":105}
@nix {"action":"result","fields":[101,0],"id":5435775034327041,"type":106}
@nix {"action":"result","fields":[100,0],"id":5435775034327041,"type":106}
@nix {"action":"stop","id":5435775034327076}
@nix {"action":"result","fields":[33,51,5,0],"id":5435775034327042,"type":105}
@nix {"action":"result","fields":[0,0,0,0],"id":5435775034327043,"type":105}
@nix {"action":"result","fields":[101,0],"id":5435775034327041,"type":106}
@nix {"action":"result","fields":[100,0],"id":5435775034327041,"type":106}
@nix {"action":"stop","id":5435775034327077}
@nix {"action":"result","fields":[34,52,4,0],"id":5435775034327042,"type":105}
@nix {"action":"result","fields":[0,0,0,0],"id":5435775034327043,"type":105}
@nix {"action":"result","fields":[101,0],"id":5435775034327041,"type":106}
@nix {"action":"result","fields":[100,0],"id":5435775034327041,"type":106}
@nix {"action":"stop","id":5435775034327078}
@nix {"action":"result","fields":[35,53,3,0],"id":5435775034327042,"type":105}
@nix {"action":"result","fields":[0,0,0,0],"id":5435775034327043,"type":105}
@nix {"action":"result","fields":[101,0],"id":5435775034327041,"type":106}
@nix {"action":"result","fields":[100,0],"id":5435775034327041,"type":106}
@nix {"action":"stop","id":5435775034327079}
@nix {"action":"result","fields":[36,54,2,0],"id":5435775034327042,"type":105}
@nix {"action":"result","fields":[0,0,0,0],"id":5435775034327043,"type":105}
@nix {"action":"result","fields":[101,0],"id":5435775034327041,"type":106}
@nix {"action":"result","fields":[100,0],"id":5435775034327041,"type":106}
@nix {"action":"stop","id":5435775034327080}
@nix {"action":"result","fields":[37,55,1,0],"id":5435775034327042,"type":105}
@nix {"action":"result","fields":[0,0,0,0],"id":5435775034327043,"type":105}
@nix {"action":"result","fields":[101,0],"id":5435775034327041,"type":106}
@nix {"action":"result","fields":[100,0],"id":5435775034327041,"type":106}
@nix {"action":"stop","id":5435775034327074}
@nix {"action":"start","fields":["/tmp/obrador-shared-pins-linux/round-1-after/wide-round-1-jobs-8/store/hvhb3qxrglhk3n7zdk9kysidj6r7zm1i-leaf-16.drv.drv","",1,1],"id":5435775034327082,"level":3,"parent":0,"text":"building '/tmp/obrador-shared-pins-linux/round-1-after/wide-round-1-jobs-8/store/hvhb3qxrglhk3n7zdk9kysidj6r7zm1i-leaf-16.drv.drv'","type":105}
@nix {"action":"result","fields":[37,48,2,0],"id":5435775034327042,"type":105}
@nix {"action":"result","fields":[0,0,0,0],"id":5435775034327043,"type":105}
@nix {"action":"result","fields":[101,0],"id":5435775034327041,"type":106}
@nix {"action":"result","fields":[100,0],"id":5435775034327041,"type":106}
@nix {"action":"start","fields":["/tmp/obrador-shared-pins-linux/round-1-after/wide-round-1-jobs-8/store/aj0w4kjm5vbb3h3jqa0kyrgwidrq398r-leaf-17.drv.drv","",1,1],"id":5435775034327083,"level":3,"parent":0,"text":"building '/tmp/obrador-shared-pins-linux/round-1-after/wide-round-1-jobs-8/store/aj0w4kjm5vbb3h3jqa0kyrgwidrq398r-leaf-17.drv.drv'","type":105}
@nix {"action":"result","fields":[37,48,3,0],"id":5435775034327042,"type":105}
@nix {"action":"result","fields":[0,0,0,0],"id":5435775034327043,"type":105}
@nix {"action":"result","fields":[101,0],"id":5435775034327041,"type":106}
@nix {"action":"result","fields":[100,0],"id":5435775034327041,"type":106}
@nix {"action":"start","fields":["/tmp/obrador-shared-pins-linux/round-1-after/wide-round-1-jobs-8/store/68g8smr5m12dffzyq1k25llbhxd96rj1-leaf-18.drv.drv","",1,1],"id":5435775034327084,"level":3,"parent":0,"text":"building '/tmp/obrador-shared-pins-linux/round-1-after/wide-round-1-jobs-8/store/68g8smr5m12dffzyq1k25llbhxd96rj1-leaf-18.drv.drv'","type":105}
@nix {"action":"result","fields":[37,48,4,0],"id":5435775034327042,"type":105}
@nix {"action":"result","fields":[0,0,0,0],"id":5435775034327043,"type":105}
@nix {"action":"result","fields":[101,0],"id":5435775034327041,"type":106}
@nix {"action":"result","fields":[100,0],"id":5435775034327041,"type":106}
@nix {"action":"start","fields":["/tmp/obrador-shared-pins-linux/round-1-after/wide-round-1-jobs-8/store/0nf7cwbsi7342k54r9y792df4aipcjfr-leaf-22.drv.drv","",1,1],"id":5435775034327085,"level":3,"parent":0,"text":"building '/tmp/obrador-shared-pins-linux/round-1-after/wide-round-1-jobs-8/store/0nf7cwbsi7342k54r9y792df4aipcjfr-leaf-22.drv.drv'","type":105}
@nix {"action":"result","fields":[37,48,5,0],"id":5435775034327042,"type":105}
@nix {"action":"result","fields":[0,0,0,0],"id":5435775034327043,"type":105}
@nix {"action":"result","fields":[101,0],"id":5435775034327041,"type":106}
@nix {"action":"result","fields":[100,0],"id":5435775034327041,"type":106}
@nix {"action":"start","fields":["/tmp/obrador-shared-pins-linux/round-1-after/wide-round-1-jobs-8/store/5br0v0pzhl1sa23xbmzizg542l70nv9g-leaf-23.drv.drv","",1,1],"id":5435775034327086,"level":3,"parent":0,"text":"building '/tmp/obrador-shared-pins-linux/round-1-after/wide-round-1-jobs-8/store/5br0v0pzhl1sa23xbmzizg542l70nv9g-leaf-23.drv.drv'","type":105}
@nix {"action":"result","fields":[37,48,6,0],"id":5435775034327042,"type":105}
@nix {"action":"result","fields":[0,0,0,0],"id":5435775034327043,"type":105}
@nix {"action":"result","fields":[101,0],"id":5435775034327041,"type":106}
@nix {"action":"result","fields":[100,0],"id":5435775034327041,"type":106}
@nix {"action":"start","fields":["/tmp/obrador-shared-pins-linux/round-1-after/wide-round-1-jobs-8/store/bbadkx3jpb2fv1mdkln7jb53jh5yd0cz-leaf-24.drv.drv","",1,1],"id":5435775034327087,"level":3,"parent":0,"text":"building '/tmp/obrador-shared-pins-linux/round-1-after/wide-round-1-jobs-8/store/bbadkx3jpb2fv1mdkln7jb53jh5yd0cz-leaf-24.drv.drv'","type":105}
@nix {"action":"result","fields":[37,48,7,0],"id":5435775034327042,"type":105}
@nix {"action":"result","fields":[0,0,0,0],"id":5435775034327043,"type":105}
@nix {"action":"result","fields":[101,0],"id":5435775034327041,"type":106}
@nix {"action":"result","fields":[100,0],"id":5435775034327041,"type":106}
@nix {"action":"start","fields":["/tmp/obrador-shared-pins-linux/round-1-after/wide-round-1-jobs-8/store/wya0v70g0jf6xrh6mq5i31wr6whj6nqd-leaf-25.drv.drv","",1,1],"id":5435775034327088,"level":3,"parent":0,"text":"building '/tmp/obrador-shared-pins-linux/round-1-after/wide-round-1-jobs-8/store/wya0v70g0jf6xrh6mq5i31wr6whj6nqd-leaf-25.drv.drv'","type":105}
@nix {"action":"result","fields":[37,48,8,0],"id":5435775034327042,"type":105}
@nix {"action":"result","fields":[0,0,0,0],"id":5435775034327043,"type":105}
@nix {"action":"result","fields":[101,0],"id":5435775034327041,"type":106}
@nix {"action":"result","fields":[100,0],"id":5435775034327041,"type":106}
@nix {"action":"result","fields":[37,49,8,0],"id":5435775034327042,"type":105}
@nix {"action":"result","fields":[0,0,0,0],"id":5435775034327043,"type":105}
@nix {"action":"result","fields":[101,0],"id":5435775034327041,"type":106}
@nix {"action":"result","fields":[100,0],"id":5435775034327041,"type":106}
@nix {"action":"result","fields":[37,50,8,0],"id":5435775034327042,"type":105}
@nix {"action":"result","fields":[0,0,0,0],"id":5435775034327043,"type":105}
@nix {"action":"result","fields":[101,0],"id":5435775034327041,"type":106}
@nix {"action":"result","fields":[100,0],"id":5435775034327041,"type":106}
@nix {"action":"result","fields":[37,51,8,0],"id":5435775034327042,"type":105}
@nix {"action":"result","fields":[0,0,0,0],"id":5435775034327043,"type":105}
@nix {"action":"result","fields":[101,0],"id":5435775034327041,"type":106}
@nix {"action":"result","fields":[100,0],"id":5435775034327041,"type":106}
@nix {"action":"result","fields":[37,52,8,0],"id":5435775034327042,"type":105}
@nix {"action":"result","fields":[0,0,0,0],"id":5435775034327043,"type":105}
@nix {"action":"result","fields":[101,0],"id":5435775034327041,"type":106}
@nix {"action":"result","fields":[100,0],"id":5435775034327041,"type":106}
@nix {"action":"result","fields":[37,53,8,0],"id":5435775034327042,"type":105}
@nix {"action":"result","fields":[0,0,0,0],"id":5435775034327043,"type":105}
@nix {"action":"result","fields":[101,0],"id":5435775034327041,"type":106}
@nix {"action":"result","fields":[100,0],"id":5435775034327041,"type":106}
@nix {"action":"result","fields":[38,54,7,0],"id":5435775034327042,"type":105}
@nix {"action":"result","fields":[0,0,0,0],"id":5435775034327043,"type":105}
@nix {"action":"result","fields":[101,0],"id":5435775034327041,"type":106}
@nix {"action":"result","fields":[100,0],"id":5435775034327041,"type":106}
@nix {"action":"stop","id":5435775034327082}
@nix {"action":"result","fields":[39,55,6,0],"id":5435775034327042,"type":105}
@nix {"action":"result","fields":[0,0,0,0],"id":5435775034327043,"type":105}
@nix {"action":"result","fields":[101,0],"id":5435775034327041,"type":106}
@nix {"action":"result","fields":[100,0],"id":5435775034327041,"type":106}
@nix {"action":"stop","id":5435775034327083}
@nix {"action":"result","fields":[40,56,5,0],"id":5435775034327042,"type":105}
@nix {"action":"result","fields":[0,0,0,0],"id":5435775034327043,"type":105}
@nix {"action":"result","fields":[101,0],"id":5435775034327041,"type":106}
@nix {"action":"result","fields":[100,0],"id":5435775034327041,"type":106}
@nix {"action":"stop","id":5435775034327084}
@nix {"action":"result","fields":[41,57,4,0],"id":5435775034327042,"type":105}
@nix {"action":"result","fields":[0,0,0,0],"id":5435775034327043,"type":105}
@nix {"action":"result","fields":[101,0],"id":5435775034327041,"type":106}
@nix {"action":"result","fields":[100,0],"id":5435775034327041,"type":106}
@nix {"action":"stop","id":5435775034327085}
@nix {"action":"result","fields":[42,58,3,0],"id":5435775034327042,"type":105}
@nix {"action":"result","fields":[0,0,0,0],"id":5435775034327043,"type":105}
@nix {"action":"result","fields":[101,0],"id":5435775034327041,"type":106}
@nix {"action":"result","fields":[100,0],"id":5435775034327041,"type":106}
@nix {"action":"stop","id":5435775034327086}
@nix {"action":"result","fields":[43,59,2,0],"id":5435775034327042,"type":105}
@nix {"action":"result","fields":[0,0,0,0],"id":5435775034327043,"type":105}
@nix {"action":"result","fields":[101,0],"id":5435775034327041,"type":106}
@nix {"action":"result","fields":[100,0],"id":5435775034327041,"type":106}
@nix {"action":"stop","id":5435775034327087}
@nix {"action":"result","fields":[44,60,1,0],"id":5435775034327042,"type":105}
@nix {"action":"result","fields":[0,0,0,0],"id":5435775034327043,"type":105}
@nix {"action":"result","fields":[101,0],"id":5435775034327041,"type":106}
@nix {"action":"result","fields":[100,0],"id":5435775034327041,"type":106}
@nix {"action":"stop","id":5435775034327088}
@nix {"action":"result","fields":[45,61,0,0],"id":5435775034327042,"type":105}
@nix {"action":"result","fields":[0,0,0,0],"id":5435775034327043,"type":105}
@nix {"action":"result","fields":[101,0],"id":5435775034327041,"type":106}
@nix {"action":"result","fields":[100,0],"id":5435775034327041,"type":106}
@nix {"action":"stop","id":5435775034327081}
@nix {"action":"start","fields":["/tmp/obrador-shared-pins-linux/round-1-after/wide-round-1-jobs-8/store/cvxylp10fa8kphi0x4zr7kx1gcyfxg9y-leaf-19.drv","",1,1],"id":5435775034327089,"level":3,"parent":0,"text":"building '/tmp/obrador-shared-pins-linux/round-1-after/wide-round-1-jobs-8/store/cvxylp10fa8kphi0x4zr7kx1gcyfxg9y-leaf-19.drv'","type":105}
@nix {"action":"result","fields":[45,53,1,0],"id":5435775034327042,"type":105}
@nix {"action":"result","fields":[0,0,0,0],"id":5435775034327043,"type":105}
@nix {"action":"result","fields":[101,0],"id":5435775034327041,"type":106}
@nix {"action":"result","fields":[100,0],"id":5435775034327041,"type":106}
@nix {"action":"start","fields":["/tmp/obrador-shared-pins-linux/round-1-after/wide-round-1-jobs-8/store/waqprijxlynylihpy9ccm5hvb5l6l2j8-leaf-2.drv","",1,1],"id":5435775034327090,"level":3,"parent":0,"text":"building '/tmp/obrador-shared-pins-linux/round-1-after/wide-round-1-jobs-8/store/waqprijxlynylihpy9ccm5hvb5l6l2j8-leaf-2.drv'","type":105}
@nix {"action":"result","fields":[45,53,2,0],"id":5435775034327042,"type":105}
@nix {"action":"result","fields":[0,0,0,0],"id":5435775034327043,"type":105}
@nix {"action":"result","fields":[101,0],"id":5435775034327041,"type":106}
@nix {"action":"result","fields":[100,0],"id":5435775034327041,"type":106}
@nix {"action":"start","fields":["/tmp/obrador-shared-pins-linux/round-1-after/wide-round-1-jobs-8/store/49i414khwh3y8s22iia4sxy4z96awb1x-leaf-20.drv","",1,1],"id":5435775034327091,"level":3,"parent":0,"text":"building '/tmp/obrador-shared-pins-linux/round-1-after/wide-round-1-jobs-8/store/49i414khwh3y8s22iia4sxy4z96awb1x-leaf-20.drv'","type":105}
@nix {"action":"result","fields":[45,53,3,0],"id":5435775034327042,"type":105}
@nix {"action":"result","fields":[0,0,0,0],"id":5435775034327043,"type":105}
@nix {"action":"result","fields":[101,0],"id":5435775034327041,"type":106}
@nix {"action":"result","fields":[100,0],"id":5435775034327041,"type":106}
@nix {"action":"start","fields":["/tmp/obrador-shared-pins-linux/round-1-after/wide-round-1-jobs-8/store/1ikn0yrarm17pz3k4mivy42gidqqxn6w-leaf-26.drv","",1,1],"id":5435775034327092,"level":3,"parent":0,"text":"building '/tmp/obrador-shared-pins-linux/round-1-after/wide-round-1-jobs-8/store/1ikn0yrarm17pz3k4mivy42gidqqxn6w-leaf-26.drv'","type":105}
@nix {"action":"result","fields":[45,53,4,0],"id":5435775034327042,"type":105}
@nix {"action":"result","fields":[0,0,0,0],"id":5435775034327043,"type":105}
@nix {"action":"result","fields":[101,0],"id":5435775034327041,"type":106}
@nix {"action":"result","fields":[100,0],"id":5435775034327041,"type":106}
@nix {"action":"start","fields":["/tmp/obrador-shared-pins-linux/round-1-after/wide-round-1-jobs-8/store/yc4vj7j02ihj2r7bgybwhxnvxqydvf9l-leaf-27.drv","",1,1],"id":5435775034327093,"level":3,"parent":0,"text":"building '/tmp/obrador-shared-pins-linux/round-1-after/wide-round-1-jobs-8/store/yc4vj7j02ihj2r7bgybwhxnvxqydvf9l-leaf-27.drv'","type":105}
@nix {"action":"result","fields":[45,53,5,0],"id":5435775034327042,"type":105}
@nix {"action":"result","fields":[0,0,0,0],"id":5435775034327043,"type":105}
@nix {"action":"result","fields":[101,0],"id":5435775034327041,"type":106}
@nix {"action":"result","fields":[100,0],"id":5435775034327041,"type":106}
@nix {"action":"start","fields":["/tmp/obrador-shared-pins-linux/round-1-after/wide-round-1-jobs-8/store/kcyn7x8a45lj1blq340avwsk1nkmrwy5-leaf-29.drv.drv","",1,1],"id":5435775034327094,"level":3,"parent":0,"text":"building '/tmp/obrador-shared-pins-linux/round-1-after/wide-round-1-jobs-8/store/kcyn7x8a45lj1blq340avwsk1nkmrwy5-leaf-29.drv.drv'","type":105}
@nix {"action":"result","fields":[45,53,6,0],"id":5435775034327042,"type":105}
@nix {"action":"result","fields":[0,0,0,0],"id":5435775034327043,"type":105}
@nix {"action":"result","fields":[101,0],"id":5435775034327041,"type":106}
@nix {"action":"result","fields":[100,0],"id":5435775034327041,"type":106}
@nix {"action":"start","fields":["/tmp/obrador-shared-pins-linux/round-1-after/wide-round-1-jobs-8/store/akw9kamzixa0grba10dwzx01rj585pyz-leaf-3.drv.drv","",1,1],"id":5435775034327095,"level":3,"parent":0,"text":"building '/tmp/obrador-shared-pins-linux/round-1-after/wide-round-1-jobs-8/store/akw9kamzixa0grba10dwzx01rj585pyz-leaf-3.drv.drv'","type":105}
@nix {"action":"result","fields":[45,53,7,0],"id":5435775034327042,"type":105}
@nix {"action":"result","fields":[0,0,0,0],"id":5435775034327043,"type":105}
@nix {"action":"result","fields":[101,0],"id":5435775034327041,"type":106}
@nix {"action":"result","fields":[100,0],"id":5435775034327041,"type":106}
@nix {"action":"start","fields":["/tmp/obrador-shared-pins-linux/round-1-after/wide-round-1-jobs-8/store/3x6ja3jz80qdynxwaq8phw2qk58cgdbi-leaf-30.drv.drv","",1,1],"id":5435775034327096,"level":3,"parent":0,"text":"building '/tmp/obrador-shared-pins-linux/round-1-after/wide-round-1-jobs-8/store/3x6ja3jz80qdynxwaq8phw2qk58cgdbi-leaf-30.drv.drv'","type":105}
@nix {"action":"result","fields":[45,53,8,0],"id":5435775034327042,"type":105}
@nix {"action":"result","fields":[0,0,0,0],"id":5435775034327043,"type":105}
@nix {"action":"result","fields":[101,0],"id":5435775034327041,"type":106}
@nix {"action":"result","fields":[100,0],"id":5435775034327041,"type":106}
@nix {"action":"result","fields":[45,54,8,0],"id":5435775034327042,"type":105}
@nix {"action":"result","fields":[0,0,0,0],"id":5435775034327043,"type":105}
@nix {"action":"result","fields":[101,0],"id":5435775034327041,"type":106}
@nix {"action":"result","fields":[100,0],"id":5435775034327041,"type":106}
@nix {"action":"result","fields":[45,55,8,0],"id":5435775034327042,"type":105}
@nix {"action":"result","fields":[0,0,0,0],"id":5435775034327043,"type":105}
@nix {"action":"result","fields":[101,0],"id":5435775034327041,"type":106}
@nix {"action":"result","fields":[100,0],"id":5435775034327041,"type":106}
@nix {"action":"result","fields":[45,56,8,0],"id":5435775034327042,"type":105}
@nix {"action":"result","fields":[0,0,0,0],"id":5435775034327043,"type":105}
@nix {"action":"result","fields":[101,0],"id":5435775034327041,"type":106}
@nix {"action":"result","fields":[100,0],"id":5435775034327041,"type":106}
@nix {"action":"result","fields":[45,57,8,0],"id":5435775034327042,"type":105}
@nix {"action":"result","fields":[0,0,0,0],"id":5435775034327043,"type":105}
@nix {"action":"result","fields":[101,0],"id":5435775034327041,"type":106}
@nix {"action":"result","fields":[100,0],"id":5435775034327041,"type":106}
@nix {"action":"result","fields":[45,58,8,0],"id":5435775034327042,"type":105}
@nix {"action":"result","fields":[0,0,0,0],"id":5435775034327043,"type":105}
@nix {"action":"result","fields":[101,0],"id":5435775034327041,"type":106}
@nix {"action":"result","fields":[100,0],"id":5435775034327041,"type":106}
@nix {"action":"result","fields":[45,59,8,0],"id":5435775034327042,"type":105}
@nix {"action":"result","fields":[0,0,0,0],"id":5435775034327043,"type":105}
@nix {"action":"result","fields":[101,0],"id":5435775034327041,"type":106}
@nix {"action":"result","fields":[100,0],"id":5435775034327041,"type":106}
@nix {"action":"result","fields":[45,60,8,0],"id":5435775034327042,"type":105}
@nix {"action":"result","fields":[0,0,0,0],"id":5435775034327043,"type":105}
@nix {"action":"result","fields":[101,0],"id":5435775034327041,"type":106}
@nix {"action":"result","fields":[100,0],"id":5435775034327041,"type":106}
@nix {"action":"result","fields":[45,61,8,0],"id":5435775034327042,"type":105}
@nix {"action":"result","fields":[0,0,0,0],"id":5435775034327043,"type":105}
@nix {"action":"result","fields":[101,0],"id":5435775034327041,"type":106}
@nix {"action":"result","fields":[100,0],"id":5435775034327041,"type":106}
@nix {"action":"result","fields":[46,62,7,0],"id":5435775034327042,"type":105}
@nix {"action":"result","fields":[0,0,0,0],"id":5435775034327043,"type":105}
@nix {"action":"result","fields":[101,0],"id":5435775034327041,"type":106}
@nix {"action":"result","fields":[100,0],"id":5435775034327041,"type":106}
@nix {"action":"stop","id":5435775034327089}
@nix {"action":"result","fields":[47,63,6,0],"id":5435775034327042,"type":105}
@nix {"action":"result","fields":[0,0,0,0],"id":5435775034327043,"type":105}
@nix {"action":"result","fields":[101,0],"id":5435775034327041,"type":106}
@nix {"action":"result","fields":[100,0],"id":5435775034327041,"type":106}
@nix {"action":"stop","id":5435775034327090}
@nix {"action":"result","fields":[48,64,5,0],"id":5435775034327042,"type":105}
@nix {"action":"result","fields":[0,0,0,0],"id":5435775034327043,"type":105}
@nix {"action":"result","fields":[101,0],"id":5435775034327041,"type":106}
@nix {"action":"result","fields":[100,0],"id":5435775034327041,"type":106}
@nix {"action":"stop","id":5435775034327091}
@nix {"action":"result","fields":[49,65,4,0],"id":5435775034327042,"type":105}
@nix {"action":"result","fields":[0,0,0,0],"id":5435775034327043,"type":105}
@nix {"action":"result","fields":[101,0],"id":5435775034327041,"type":106}
@nix {"action":"result","fields":[100,0],"id":5435775034327041,"type":106}
@nix {"action":"stop","id":5435775034327092}
@nix {"action":"result","fields":[50,66,3,0],"id":5435775034327042,"type":105}
@nix {"action":"result","fields":[0,0,0,0],"id":5435775034327043,"type":105}
@nix {"action":"result","fields":[101,0],"id":5435775034327041,"type":106}
@nix {"action":"result","fields":[100,0],"id":5435775034327041,"type":106}
@nix {"action":"stop","id":5435775034327093}
@nix {"action":"result","fields":[51,67,2,0],"id":5435775034327042,"type":105}
@nix {"action":"result","fields":[0,0,0,0],"id":5435775034327043,"type":105}
@nix {"action":"result","fields":[101,0],"id":5435775034327041,"type":106}
@nix {"action":"result","fields":[100,0],"id":5435775034327041,"type":106}
@nix {"action":"stop","id":5435775034327094}
@nix {"action":"result","fields":[52,68,1,0],"id":5435775034327042,"type":105}
@nix {"action":"result","fields":[0,0,0,0],"id":5435775034327043,"type":105}
@nix {"action":"result","fields":[101,0],"id":5435775034327041,"type":106}
@nix {"action":"result","fields":[100,0],"id":5435775034327041,"type":106}
@nix {"action":"stop","id":5435775034327095}
@nix {"action":"result","fields":[53,69,0,0],"id":5435775034327042,"type":105}
@nix {"action":"result","fields":[0,0,0,0],"id":5435775034327043,"type":105}
@nix {"action":"result","fields":[101,0],"id":5435775034327041,"type":106}
@nix {"action":"result","fields":[100,0],"id":5435775034327041,"type":106}
@nix {"action":"stop","id":5435775034327096}
@nix {"action":"start","fields":["/tmp/obrador-shared-pins-linux/round-1-after/wide-round-1-jobs-8/store/q9lc8bcqgg49vd5kv3fms405w8j2jsc3-leaf-16.drv","",1,1],"id":5435775034327097,"level":3,"parent":0,"text":"building '/tmp/obrador-shared-pins-linux/round-1-after/wide-round-1-jobs-8/store/q9lc8bcqgg49vd5kv3fms405w8j2jsc3-leaf-16.drv'","type":105}
@nix {"action":"result","fields":[53,61,1,0],"id":5435775034327042,"type":105}
@nix {"action":"result","fields":[0,0,0,0],"id":5435775034327043,"type":105}
@nix {"action":"result","fields":[101,0],"id":5435775034327041,"type":106}
@nix {"action":"result","fields":[100,0],"id":5435775034327041,"type":106}
@nix {"action":"start","fields":["/tmp/obrador-shared-pins-linux/round-1-after/wide-round-1-jobs-8/store/q18rvms7cyrrmq9z57zi78zr5c4l2287-leaf-17.drv","",1,1],"id":5435775034327098,"level":3,"parent":0,"text":"building '/tmp/obrador-shared-pins-linux/round-1-after/wide-round-1-jobs-8/store/q18rvms7cyrrmq9z57zi78zr5c4l2287-leaf-17.drv'","type":105}
@nix {"action":"result","fields":[53,61,2,0],"id":5435775034327042,"type":105}
@nix {"action":"result","fields":[0,0,0,0],"id":5435775034327043,"type":105}
@nix {"action":"result","fields":[101,0],"id":5435775034327041,"type":106}
@nix {"action":"result","fields":[100,0],"id":5435775034327041,"type":106}
@nix {"action":"start","fields":["/tmp/obrador-shared-pins-linux/round-1-after/wide-round-1-jobs-8/store/1qygnbdccchn6z1nhc8a1svixj0hn42z-leaf-18.drv","",1,1],"id":5435775034327099,"level":3,"parent":0,"text":"building '/tmp/obrador-shared-pins-linux/round-1-after/wide-round-1-jobs-8/store/1qygnbdccchn6z1nhc8a1svixj0hn42z-leaf-18.drv'","type":105}
@nix {"action":"result","fields":[53,61,3,0],"id":5435775034327042,"type":105}
@nix {"action":"result","fields":[0,0,0,0],"id":5435775034327043,"type":105}
@nix {"action":"result","fields":[101,0],"id":5435775034327041,"type":106}
@nix {"action":"result","fields":[100,0],"id":5435775034327041,"type":106}
@nix {"action":"start","fields":["/tmp/obrador-shared-pins-linux/round-1-after/wide-round-1-jobs-8/store/j00x4vwrrwvw4pxbgd69gv1bpys7wxxg-leaf-22.drv","",1,1],"id":5435775034327100,"level":3,"parent":0,"text":"building '/tmp/obrador-shared-pins-linux/round-1-after/wide-round-1-jobs-8/store/j00x4vwrrwvw4pxbgd69gv1bpys7wxxg-leaf-22.drv'","type":105}
@nix {"action":"result","fields":[53,61,4,0],"id":5435775034327042,"type":105}
@nix {"action":"result","fields":[0,0,0,0],"id":5435775034327043,"type":105}
@nix {"action":"result","fields":[101,0],"id":5435775034327041,"type":106}
@nix {"action":"result","fields":[100,0],"id":5435775034327041,"type":106}
@nix {"action":"start","fields":["/tmp/obrador-shared-pins-linux/round-1-after/wide-round-1-jobs-8/store/7s05w3bjwg01m4a4nyw25cpbbxs1wanh-leaf-23.drv","",1,1],"id":5435775034327101,"level":3,"parent":0,"text":"building '/tmp/obrador-shared-pins-linux/round-1-after/wide-round-1-jobs-8/store/7s05w3bjwg01m4a4nyw25cpbbxs1wanh-leaf-23.drv'","type":105}
@nix {"action":"result","fields":[53,61,5,0],"id":5435775034327042,"type":105}
@nix {"action":"result","fields":[0,0,0,0],"id":5435775034327043,"type":105}
@nix {"action":"result","fields":[101,0],"id":5435775034327041,"type":106}
@nix {"action":"result","fields":[100,0],"id":5435775034327041,"type":106}
@nix {"action":"start","fields":["/tmp/obrador-shared-pins-linux/round-1-after/wide-round-1-jobs-8/store/r8n55n867njv7yxy2hhznw00jm6svbzq-leaf-24.drv","",1,1],"id":5435775034327102,"level":3,"parent":0,"text":"building '/tmp/obrador-shared-pins-linux/round-1-after/wide-round-1-jobs-8/store/r8n55n867njv7yxy2hhznw00jm6svbzq-leaf-24.drv'","type":105}
@nix {"action":"result","fields":[53,61,6,0],"id":5435775034327042,"type":105}
@nix {"action":"result","fields":[0,0,0,0],"id":5435775034327043,"type":105}
@nix {"action":"result","fields":[101,0],"id":5435775034327041,"type":106}
@nix {"action":"result","fields":[100,0],"id":5435775034327041,"type":106}
@nix {"action":"start","fields":["/tmp/obrador-shared-pins-linux/round-1-after/wide-round-1-jobs-8/store/zpxnfj46lv8py33ikq4qkybmaqdqdxrm-leaf-25.drv","",1,1],"id":5435775034327103,"level":3,"parent":0,"text":"building '/tmp/obrador-shared-pins-linux/round-1-after/wide-round-1-jobs-8/store/zpxnfj46lv8py33ikq4qkybmaqdqdxrm-leaf-25.drv'","type":105}
@nix {"action":"result","fields":[53,61,7,0],"id":5435775034327042,"type":105}
@nix {"action":"result","fields":[0,0,0,0],"id":5435775034327043,"type":105}
@nix {"action":"result","fields":[101,0],"id":5435775034327041,"type":106}
@nix {"action":"result","fields":[100,0],"id":5435775034327041,"type":106}
@nix {"action":"start","fields":["/tmp/obrador-shared-pins-linux/round-1-after/wide-round-1-jobs-8/store/6nkdshwyls9a13w23sa91m4v1124jzq7-leaf-28.drv","",1,1],"id":5435775034327104,"level":3,"parent":0,"text":"building '/tmp/obrador-shared-pins-linux/round-1-after/wide-round-1-jobs-8/store/6nkdshwyls9a13w23sa91m4v1124jzq7-leaf-28.drv'","type":105}
@nix {"action":"result","fields":[53,61,8,0],"id":5435775034327042,"type":105}
@nix {"action":"result","fields":[0,0,0,0],"id":5435775034327043,"type":105}
@nix {"action":"result","fields":[101,0],"id":5435775034327041,"type":106}
@nix {"action":"result","fields":[100,0],"id":5435775034327041,"type":106}
@nix {"action":"result","fields":[53,62,8,0],"id":5435775034327042,"type":105}
@nix {"action":"result","fields":[0,0,0,0],"id":5435775034327043,"type":105}
@nix {"action":"result","fields":[101,0],"id":5435775034327041,"type":106}
@nix {"action":"result","fields":[100,0],"id":5435775034327041,"type":106}
@nix {"action":"result","fields":[53,63,8,0],"id":5435775034327042,"type":105}
@nix {"action":"result","fields":[0,0,0,0],"id":5435775034327043,"type":105}
@nix {"action":"result","fields":[101,0],"id":5435775034327041,"type":106}
@nix {"action":"result","fields":[100,0],"id":5435775034327041,"type":106}
@nix {"action":"result","fields":[53,64,8,0],"id":5435775034327042,"type":105}
@nix {"action":"result","fields":[0,0,0,0],"id":5435775034327043,"type":105}
@nix {"action":"result","fields":[101,0],"id":5435775034327041,"type":106}
@nix {"action":"result","fields":[100,0],"id":5435775034327041,"type":106}
@nix {"action":"result","fields":[54,65,7,0],"id":5435775034327042,"type":105}
@nix {"action":"result","fields":[0,0,0,0],"id":5435775034327043,"type":105}
@nix {"action":"result","fields":[101,0],"id":5435775034327041,"type":106}
@nix {"action":"result","fields":[100,0],"id":5435775034327041,"type":106}
@nix {"action":"stop","id":5435775034327097}
@nix {"action":"result","fields":[55,66,6,0],"id":5435775034327042,"type":105}
@nix {"action":"result","fields":[0,0,0,0],"id":5435775034327043,"type":105}
@nix {"action":"result","fields":[101,0],"id":5435775034327041,"type":106}
@nix {"action":"result","fields":[100,0],"id":5435775034327041,"type":106}
@nix {"action":"stop","id":5435775034327098}
@nix {"action":"result","fields":[56,67,5,0],"id":5435775034327042,"type":105}
@nix {"action":"result","fields":[0,0,0,0],"id":5435775034327043,"type":105}
@nix {"action":"result","fields":[101,0],"id":5435775034327041,"type":106}
@nix {"action":"result","fields":[100,0],"id":5435775034327041,"type":106}
@nix {"action":"stop","id":5435775034327099}
@nix {"action":"result","fields":[57,68,4,0],"id":5435775034327042,"type":105}
@nix {"action":"result","fields":[0,0,0,0],"id":5435775034327043,"type":105}
@nix {"action":"result","fields":[101,0],"id":5435775034327041,"type":106}
@nix {"action":"result","fields":[100,0],"id":5435775034327041,"type":106}
@nix {"action":"stop","id":5435775034327100}
@nix {"action":"result","fields":[58,69,3,0],"id":5435775034327042,"type":105}
@nix {"action":"result","fields":[0,0,0,0],"id":5435775034327043,"type":105}
@nix {"action":"result","fields":[101,0],"id":5435775034327041,"type":106}
@nix {"action":"result","fields":[100,0],"id":5435775034327041,"type":106}
@nix {"action":"stop","id":5435775034327101}
@nix {"action":"result","fields":[59,70,2,0],"id":5435775034327042,"type":105}
@nix {"action":"result","fields":[0,0,0,0],"id":5435775034327043,"type":105}
@nix {"action":"result","fields":[101,0],"id":5435775034327041,"type":106}
@nix {"action":"result","fields":[100,0],"id":5435775034327041,"type":106}
@nix {"action":"stop","id":5435775034327102}
@nix {"action":"result","fields":[60,71,1,0],"id":5435775034327042,"type":105}
@nix {"action":"result","fields":[0,0,0,0],"id":5435775034327043,"type":105}
@nix {"action":"result","fields":[101,0],"id":5435775034327041,"type":106}
@nix {"action":"result","fields":[100,0],"id":5435775034327041,"type":106}
@nix {"action":"stop","id":5435775034327103}
@nix {"action":"result","fields":[61,72,0,0],"id":5435775034327042,"type":105}
@nix {"action":"result","fields":[0,0,0,0],"id":5435775034327043,"type":105}
@nix {"action":"result","fields":[101,0],"id":5435775034327041,"type":106}
@nix {"action":"result","fields":[100,0],"id":5435775034327041,"type":106}
@nix {"action":"stop","id":5435775034327104}
@nix {"action":"start","fields":["/tmp/obrador-shared-pins-linux/round-1-after/wide-round-1-jobs-8/store/967dz035hfs1afxcii1v2x044a731k33-leaf-29.drv","",1,1],"id":5435775034327105,"level":3,"parent":0,"text":"building '/tmp/obrador-shared-pins-linux/round-1-after/wide-round-1-jobs-8/store/967dz035hfs1afxcii1v2x044a731k33-leaf-29.drv'","type":105}
@nix {"action":"result","fields":[61,64,1,0],"id":5435775034327042,"type":105}
@nix {"action":"result","fields":[0,0,0,0],"id":5435775034327043,"type":105}
@nix {"action":"result","fields":[101,0],"id":5435775034327041,"type":106}
@nix {"action":"result","fields":[100,0],"id":5435775034327041,"type":106}
@nix {"action":"start","fields":["/tmp/obrador-shared-pins-linux/round-1-after/wide-round-1-jobs-8/store/rjbyfcjcf7w0mkq6pz7psjz4n2ai5vjd-leaf-3.drv","",1,1],"id":5435775034327106,"level":3,"parent":0,"text":"building '/tmp/obrador-shared-pins-linux/round-1-after/wide-round-1-jobs-8/store/rjbyfcjcf7w0mkq6pz7psjz4n2ai5vjd-leaf-3.drv'","type":105}
@nix {"action":"result","fields":[61,64,2,0],"id":5435775034327042,"type":105}
@nix {"action":"result","fields":[0,0,0,0],"id":5435775034327043,"type":105}
@nix {"action":"result","fields":[101,0],"id":5435775034327041,"type":106}
@nix {"action":"result","fields":[100,0],"id":5435775034327041,"type":106}
@nix {"action":"start","fields":["/tmp/obrador-shared-pins-linux/round-1-after/wide-round-1-jobs-8/store/vg6bkq59zhggmf5y72dmfwybw3xcmb5v-leaf-30.drv","",1,1],"id":5435775034327107,"level":3,"parent":0,"text":"building '/tmp/obrador-shared-pins-linux/round-1-after/wide-round-1-jobs-8/store/vg6bkq59zhggmf5y72dmfwybw3xcmb5v-leaf-30.drv'","type":105}
@nix {"action":"result","fields":[61,64,3,0],"id":5435775034327042,"type":105}
@nix {"action":"result","fields":[0,0,0,0],"id":5435775034327043,"type":105}
@nix {"action":"result","fields":[101,0],"id":5435775034327041,"type":106}
@nix {"action":"result","fields":[100,0],"id":5435775034327041,"type":106}
@nix {"action":"result","fields":[62,65,2,0],"id":5435775034327042,"type":105}
@nix {"action":"result","fields":[0,0,0,0],"id":5435775034327043,"type":105}
@nix {"action":"result","fields":[101,0],"id":5435775034327041,"type":106}
@nix {"action":"result","fields":[100,0],"id":5435775034327041,"type":106}
@nix {"action":"stop","id":5435775034327105}
@nix {"action":"result","fields":[63,66,1,0],"id":5435775034327042,"type":105}
@nix {"action":"result","fields":[0,0,0,0],"id":5435775034327043,"type":105}
@nix {"action":"result","fields":[101,0],"id":5435775034327041,"type":106}
@nix {"action":"result","fields":[100,0],"id":5435775034327041,"type":106}
@nix {"action":"stop","id":5435775034327106}
@nix {"action":"result","fields":[64,65,0,0],"id":5435775034327042,"type":105}
@nix {"action":"result","fields":[0,0,0,0],"id":5435775034327043,"type":105}
@nix {"action":"result","fields":[101,0],"id":5435775034327041,"type":106}
@nix {"action":"result","fields":[100,0],"id":5435775034327041,"type":106}
@nix {"action":"stop","id":5435775034327107}
@nix {"action":"stop","id":5435775034327043}
@nix {"action":"stop","id":5435775034327042}
@nix {"action":"stop","id":5435775034327041}
