@nix {"action":"start","id":236528143958016,"level":6,"parent":0,"text":"querying info about missing paths","type":0}
@nix {"action":"msg","level":1,"msg":"\u001b[35;1mwarning:\u001b[0m Ignoring dynamic derivation /Users/hetzner/obrador-shared-pins-20260909/round-1-after/wide-round-1-jobs-8/store/0lkjmb1ccvbpmk9fcq0a1jzdgyvqn4ya-leaf-12.drv.drv^out while querying missing paths; not yet implemented"}
@nix {"action":"msg","level":1,"msg":"\u001b[35;1mwarning:\u001b[0m Ignoring dynamic derivation /Users/hetzner/obrador-shared-pins-20260909/round-1-after/wide-round-1-jobs-8/store/1i3i6aj6c6ypkjlmi3z2dhddjzvz2pjd-leaf-3.drv.drv^out while querying missing paths; not yet implemented"}
@nix {"action":"msg","level":1,"msg":"\u001b[35;1mwarning:\u001b[0m Ignoring dynamic derivation /Users/hetzner/obrador-shared-pins-20260909/round-1-after/wide-round-1-jobs-8/store/2sgdsy5g1a5k33s1wkj4ay4m18k13i3n-leaf-22.drv.drv^out while querying missing paths; not yet implemented"}
@nix {"action":"msg","level":1,"msg":"\u001b[35;1mwarning:\u001b[0m Ignoring dynamic derivation /Users/hetzner/obrador-shared-pins-20260909/round-1-after/wide-round-1-jobs-8/store/2xyjjzz9w9jqg75pr4h0ragxail8551x-leaf-18.drv.drv^out while querying missing paths; not yet implemented"}
@nix {"action":"msg","level":1,"msg":"\u001b[35;1mwarning:\u001b[0m Ignoring dynamic derivation /Users/hetzner/obrador-shared-pins-20260909/round-1-after/wide-round-1-jobs-8/store/3l42b1dk8gwl6i2kb9ckhxlb0f8r1j6p-leaf-20.drv.drv^out while querying missing paths; not yet implemented"}
@nix {"action":"msg","level":1,"msg":"\u001b[35;1mwarning:\u001b[0m Ignoring dynamic derivation /Users/hetzner/obrador-shared-pins-20260909/round-1-after/wide-round-1-jobs-8/store/4g3hf2fhvddrd0m75542h6b0jwmb81zx-leaf-10.drv.drv^out while querying missing paths; not yet implemented"}
@nix {"action":"msg","level":1,"msg":"\u001b[35;1mwarning:\u001b[0m Ignoring dynamic derivation /Users/hetzner/obrador-shared-pins-20260909/round-1-after/wide-round-1-jobs-8/store/6835hj8kdb9vbyc56m3fsdqxhm7ibj20-leaf-25.drv.drv^out while querying missing paths; not yet implemented"}
@nix {"action":"msg","level":1,"msg":"\u001b[35;1mwarning:\u001b[0m Ignoring dynamic derivation /Users/hetzner/obrador-shared-pins-20260909/round-1-after/wide-round-1-jobs-8/store/6yg8gkj6w2j3w4dwff80kz4md6c9398g-leaf-14.drv.drv^out while querying missing paths; not yet implemented"}
@nix {"action":"msg","level":1,"msg":"\u001b[35;1mwarning:\u001b[0m Ignoring dynamic derivation /Users/hetzner/obrador-shared-pins-20260909/round-1-after/wide-round-1-jobs-8/store/bif97xds3qa53vqs4ll8a51dxmgxyw30-leaf-19.drv.drv^out while querying missing paths; not yet implemented"}
@nix {"action":"msg","level":1,"msg":"\u001b[35;1mwarning:\u001b[0m Ignoring dynamic derivation /Users/hetzner/obrador-shared-pins-20260909/round-1-after/wide-round-1-jobs-8/store/djh6rx0y83s9f95nbdra5cn7zsm8xilf-leaf-17.drv.drv^out while querying missing paths; not yet implemented"}
@nix {"action":"msg","level":1,"msg":"\u001b[35;1mwarning:\u001b[0m Ignoring dynamic derivation /Users/hetzner/obrador-shared-pins-20260909/round-1-after/wide-round-1-jobs-8/store/dqhw6czcamghj4qpkbg9nk6cs2qlbgbr-leaf-28.drv.drv^out while querying missing paths; not yet implemented"}
@nix {"action":"msg","level":1,"msg":"\u001b[35;1mwarning:\u001b[0m Ignoring dynamic derivation /Users/hetzner/obrador-shared-pins-20260909/round-1-after/wide-round-1-jobs-8/store/fi64kgbyfsp7jwakzj0sm9bf0x4bv7gp-leaf-8.drv.drv^out while querying missing paths; not yet implemented"}
@nix {"action":"msg","level":1,"msg":"\u001b[35;1mwarning:\u001b[0m Ignoring dynamic derivation /Users/hetzner/obrador-shared-pins-20260909/round-1-after/wide-round-1-jobs-8/store/fzl5247vm2f7ql4hdp9ic9rpfgcn4kwc-leaf-30.drv.drv^out while querying missing paths; not yet implemented"}
@nix {"action":"msg","level":1,"msg":"\u001b[35;1mwarning:\u001b[0m Ignoring dynamic derivation /Users/hetzner/obrador-shared-pins-20260909/round-1-after/wide-round-1-jobs-8/store/ghaq1kwssp6hwn85l4lcx1kw6jyqy3ys-leaf-5.drv.drv^out while querying missing paths; not yet implemented"}
@nix {"action":"msg","level":1,"msg":"\u001b[35;1mwarning:\u001b[0m Ignoring dynamic derivation /Users/hetzner/obrador-shared-pins-20260909/round-1-after/wide-round-1-jobs-8/store/i29b67m72qqw4fmzmabvgxrq9mmdq374-leaf-15.drv.drv^out while querying missing paths; not yet implemented"}
@nix {"action":"msg","level":1,"msg":"\u001b[35;1mwarning:\u001b[0m Ignoring dynamic derivation /Users/hetzner/obrador-shared-pins-20260909/round-1-after/wide-round-1-jobs-8/store/ihgrzv53v3j0bc6f423bq2fyylfn355v-leaf-27.drv.drv^out while querying missing paths; not yet implemented"}
@nix {"action":"msg","level":1,"msg":"\u001b[35;1mwarning:\u001b[0m Ignoring dynamic derivation /Users/hetzner/obrador-shared-pins-20260909/round-1-after/wide-round-1-jobs-8/store/il5yl02a0nvyrqrgkmfi1z2pxg0y2grh-leaf-11.drv.drv^out while querying missing paths; not yet implemented"}
@nix {"action":"msg","level":1,"msg":"\u001b[35;1mwarning:\u001b[0m Ignoring dynamic derivation /Users/hetzner/obrador-shared-pins-20260909/round-1-after/wide-round-1-jobs-8/store/jmwjprv3pjb7n0az8m0sjmqpkml05c80-leaf-0.drv.drv^out while querying missing paths; not yet implemented"}
@nix {"action":"msg","level":1,"msg":"\u001b[35;1mwarning:\u001b[0m Ignoring dynamic derivation /Users/hetzner/obrador-shared-pins-20260909/round-1-after/wide-round-1-jobs-8/store/lsn4gsl9qdqzwhsm0ngd5lv3x10jigdg-leaf-29.drv.drv^out while querying missing paths; not yet implemented"}
@nix {"action":"msg","level":1,"msg":"\u001b[35;1mwarning:\u001b[0m Ignoring dynamic derivation /Users/hetzner/obrador-shared-pins-20260909/round-1-after/wide-round-1-jobs-8/store/m6ksyfcn846fz4ycyrxb9siimv0pf9j3-leaf-13.drv.drv^out while querying missing paths; not yet implemented"}
@nix {"action":"msg","level":1,"msg":"\u001b[35;1mwarning:\u001b[0m Ignoring dynamic derivation /Users/hetzner/obrador-shared-pins-20260909/round-1-after/wide-round-1-jobs-8/store/q4ry1asjyhlpf8p0s88ax2vfv5mg0i3k-leaf-16.drv.drv^out while querying missing paths; not yet implemented"}
@nix {"action":"msg","level":1,"msg":"\u001b[35;1mwarning:\u001b[0m Ignoring dynamic derivation /Users/hetzner/obrador-shared-pins-20260909/round-1-after/wide-round-1-jobs-8/store/qb86sra0lqcq349kzmn18bvp8l3g61k6-leaf-1.drv.drv^out while querying missing paths; not yet implemented"}
@nix {"action":"msg","level":1,"msg":"\u001b[35;1mwarning:\u001b[0m Ignoring dynamic derivation /Users/hetzner/obrador-shared-pins-20260909/round-1-after/wide-round-1-jobs-8/store/qdcjdikvwrqmhdihh07j2zm74l77jvqw-leaf-7.drv.drv^out while querying missing paths; not yet implemented"}
@nix {"action":"msg","level":1,"msg":"\u001b[35;1mwarning:\u001b[0m Ignoring dynamic derivation /Users/hetzner/obrador-shared-pins-20260909/round-1-after/wide-round-1-jobs-8/store/sap2f1qpzdhzdqw0x4q8vs9ijnq1vyyx-leaf-2.drv.drv^out while querying missing paths; not yet implemented"}
@nix {"action":"msg","level":1,"msg":"\u001b[35;1mwarning:\u001b[0m Ignoring dynamic derivation /Users/hetzner/obrador-shared-pins-20260909/round-1-after/wide-round-1-jobs-8/store/sw8m6y86brh5r9mssazhj38ixf5isnir-leaf-31.drv.drv^out while querying missing paths; not yet implemented"}
@nix {"action":"msg","level":1,"msg":"\u001b[35;1mwarning:\u001b[0m Ignoring dynamic derivation /Users/hetzner/obrador-shared-pins-20260909/round-1-after/wide-round-1-jobs-8/store/vi070wkmfc1c40bwbyhz4qvd4qkmflfg-leaf-24.drv.drv^out while querying missing paths; not yet implemented"}
@nix {"action":"msg","level":1,"msg":"\u001b[35;1mwarning:\u001b[0m Ignoring dynamic derivation /Users/hetzner/obrador-shared-pins-20260909/round-1-after/wide-round-1-jobs-8/store/vncbr789mnlc8cmxq82nl0x3jk48bb1g-leaf-26.drv.drv^out while querying missing paths; not yet implemented"}
@nix {"action":"msg","level":1,"msg":"\u001b[35;1mwarning:\u001b[0m Ignoring dynamic derivation /Users/hetzner/obrador-shared-pins-20260909/round-1-after/wide-round-1-jobs-8/store/vnqfza8ja15n8kj753sakqm9dbaikwjb-leaf-9.drv.drv^out while querying missing paths; not yet implemented"}
@nix {"action":"msg","level":1,"msg":"\u001b[35;1mwarning:\u001b[0m Ignoring dynamic derivation /Users/hetzner/obrador-shared-pins-20260909/round-1-after/wide-round-1-jobs-8/store/w0gi6s3bf166g9zpvqsmnk1ljjrx0lsn-leaf-4.drv.drv^out while querying missing paths; not yet implemented"}
@nix {"action":"msg","level":1,"msg":"\u001b[35;1mwarning:\u001b[0m Ignoring dynamic derivation /Users/hetzner/obrador-shared-pins-20260909/round-1-after/wide-round-1-jobs-8/store/wl1piaf3dj2s1xh5rpm5mvpph3yxh1wx-leaf-23.drv.drv^out while querying missing paths; not yet implemented"}
@nix {"action":"msg","level":1,"msg":"\u001b[35;1mwarning:\u001b[0m Ignoring dynamic derivation /Users/hetzner/obrador-shared-pins-20260909/round-1-after/wide-round-1-jobs-8/store/xmirsk85hyrk5gxf207sp5wij1w61h4c-leaf-6.drv.drv^out while querying missing paths; not yet implemented"}
@nix {"action":"msg","level":1,"msg":"\u001b[35;1mwarning:\u001b[0m Ignoring dynamic derivation /Users/hetzner/obrador-shared-pins-20260909/round-1-after/wide-round-1-jobs-8/store/y5wfyhjz25srb2kdvgbzabbz6hxxgjx9-leaf-21.drv.drv^out while querying missing paths; not yet implemented"}
@nix {"action":"stop","id":236528143958016}
@nix {"action":"start","id":236528143958017,"level":0,"parent":0,"text":"","type":102}
@nix {"action":"start","id":236528143958018,"level":0,"parent":0,"text":"","type":104}
@nix {"action":"start","id":236528143958019,"level":0,"parent":0,"text":"","type":103}
@nix {"action":"result","fields":[0,0,0,0],"id":236528143958018,"type":105}
@nix {"action":"result","fields":[0,0,0,0],"id":236528143958019,"type":105}
@nix {"action":"result","fields":[101,0],"id":236528143958017,"type":106}
@nix {"action":"result","fields":[100,0],"id":236528143958017,"type":106}
@nix {"action":"result","fields":[0,0,0,0],"id":236528143958018,"type":105}
@nix {"action":"result","fields":[0,0,0,0],"id":236528143958019,"type":105}
@nix {"action":"result","fields":[101,0],"id":236528143958017,"type":106}
@nix {"action":"result","fields":[100,0],"id":236528143958017,"type":106}
@nix {"action":"result","fields":[0,0,0,0],"id":236528143958018,"type":105}
@nix {"action":"result","fields":[0,0,0,0],"id":236528143958019,"type":105}
@nix {"action":"result","fields":[101,0],"id":236528143958017,"type":106}
@nix {"action":"result","fields":[100,0],"id":236528143958017,"type":106}
@nix {"action":"result","fields":[0,0,0,0],"id":236528143958018,"type":105}
@nix {"action":"result","fields":[0,0,0,0],"id":236528143958019,"type":105}
@nix {"action":"result","fields":[101,0],"id":236528143958017,"type":106}
@nix {"action":"result","fields":[100,0],"id":236528143958017,"type":106}
@nix {"action":"result","fields":[0,0,0,0],"id":236528143958018,"type":105}
@nix {"action":"result","fields":[0,0,0,0],"id":236528143958019,"type":105}
@nix {"action":"result","fields":[101,0],"id":236528143958017,"type":106}
@nix {"action":"result","fields":[100,0],"id":236528143958017,"type":106}
@nix {"action":"result","fields":[0,0,0,0],"id":236528143958018,"type":105}
@nix {"action":"result","fields":[0,0,0,0],"id":236528143958019,"type":105}
@nix {"action":"result","fields":[101,0],"id":236528143958017,"type":106}
@nix {"action":"result","fields":[100,0],"id":236528143958017,"type":106}
@nix {"action":"result","fields":[0,0,0,0],"id":236528143958018,"type":105}
@nix {"action":"result","fields":[0,0,0,0],"id":236528143958019,"type":105}
@nix {"action":"result","fields":[101,0],"id":236528143958017,"type":106}
@nix {"action":"result","fields":[100,0],"id":236528143958017,"type":106}
@nix {"action":"result","fields":[0,0,0,0],"id":236528143958018,"type":105}
@nix {"action":"result","fields":[0,0,0,0],"id":236528143958019,"type":105}
@nix {"action":"result","fields":[101,0],"id":236528143958017,"type":106}
@nix {"action":"result","fields":[100,0],"id":236528143958017,"type":106}
@nix {"action":"result","fields":[0,0,0,0],"id":236528143958018,"type":105}
@nix {"action":"result","fields":[0,0,0,0],"id":236528143958019,"type":105}
@nix {"action":"result","fields":[101,0],"id":236528143958017,"type":106}
@nix {"action":"result","fields":[100,0],"id":236528143958017,"type":106}
@nix {"action":"result","fields":[0,0,0,0],"id":236528143958018,"type":105}
@nix {"action":"result","fields":[0,0,0,0],"id":236528143958019,"type":105}
@nix {"action":"result","fields":[101,0],"id":236528143958017,"type":106}
@nix {"action":"result","fields":[100,0],"id":236528143958017,"type":106}
@nix {"action":"result","fields":[0,0,0,0],"id":236528143958018,"type":105}
@nix {"action":"result","fields":[0,0,0,0],"id":236528143958019,"type":105}
@nix {"action":"result","fields":[101,0],"id":236528143958017,"type":106}
@nix {"action":"result","fields":[100,0],"id":236528143958017,"type":106}
@nix {"action":"result","fields":[0,0,0,0],"id":236528143958018,"type":105}
@nix {"action":"result","fields":[0,0,0,0],"id":236528143958019,"type":105}
@nix {"action":"result","fields":[101,0],"id":236528143958017,"type":106}
@nix {"action":"result","fields":[100,0],"id":236528143958017,"type":106}
@nix {"action":"result","fields":[0,0,0,0],"id":236528143958018,"type":105}
@nix {"action":"result","fields":[0,0,0,0],"id":236528143958019,"type":105}
@nix {"action":"result","fields":[101,0],"id":236528143958017,"type":106}
@nix {"action":"result","fields":[100,0],"id":236528143958017,"type":106}
@nix {"action":"result","fields":[0,0,0,0],"id":236528143958018,"type":105}
@nix {"action":"result","fields":[0,0,0,0],"id":236528143958019,"type":105}
@nix {"action":"result","fields":[101,0],"id":236528143958017,"type":106}
@nix {"action":"result","fields":[100,0],"id":236528143958017,"type":106}
@nix {"action":"result","fields":[0,0,0,0],"id":236528143958018,"type":105}
@nix {"action":"result","fields":[0,0,0,0],"id":236528143958019,"type":105}
@nix {"action":"result","fields":[101,0],"id":236528143958017,"type":106}
@nix {"action":"result","fields":[100,0],"id":236528143958017,"type":106}
@nix {"action":"result","fields":[0,0,0,0],"id":236528143958018,"type":105}
@nix {"action":"result","fields":[0,0,0,0],"id":236528143958019,"type":105}
@nix {"action":"result","fields":[101,0],"id":236528143958017,"type":106}
@nix {"action":"result","fields":[100,0],"id":236528143958017,"type":106}
@nix {"action":"result","fields":[0,0,0,0],"id":236528143958018,"type":105}
@nix {"action":"result","fields":[0,0,0,0],"id":236528143958019,"type":105}
@nix {"action":"result","fields":[101,0],"id":236528143958017,"type":106}
@nix {"action":"result","fields":[100,0],"id":236528143958017,"type":106}
@nix {"action":"result","fields":[0,0,0,0],"id":236528143958018,"type":105}
@nix {"action":"result","fields":[0,0,0,0],"id":236528143958019,"type":105}
@nix {"action":"result","fields":[101,0],"id":236528143958017,"type":106}
@nix {"action":"result","fields":[100,0],"id":236528143958017,"type":106}
@nix {"action":"result","fields":[0,0,0,0],"id":236528143958018,"type":105}
@nix {"action":"result","fields":[0,0,0,0],"id":236528143958019,"type":105}
@nix {"action":"result","fields":[101,0],"id":236528143958017,"type":106}
@nix {"action":"result","fields":[100,0],"id":236528143958017,"type":106}
@nix {"action":"result","fields":[0,0,0,0],"id":236528143958018,"type":105}
@nix {"action":"result","fields":[0,0,0,0],"id":236528143958019,"type":105}
@nix {"action":"result","fields":[101,0],"id":236528143958017,"type":106}
@nix {"action":"result","fields":[100,0],"id":236528143958017,"type":106}
@nix {"action":"result","fields":[0,0,0,0],"id":236528143958018,"type":105}
@nix {"action":"result","fields":[0,0,0,0],"id":236528143958019,"type":105}
@nix {"action":"result","fields":[101,0],"id":236528143958017,"type":106}
@nix {"action":"result","fields":[100,0],"id":236528143958017,"type":106}
@nix {"action":"result","fields":[0,0,0,0],"id":236528143958018,"type":105}
@nix {"action":"result","fields":[0,0,0,0],"id":236528143958019,"type":105}
@nix {"action":"result","fields":[101,0],"id":236528143958017,"type":106}
@nix {"action":"result","fields":[100,0],"id":236528143958017,"type":106}
@nix {"action":"result","fields":[0,0,0,0],"id":236528143958018,"type":105}
@nix {"action":"result","fields":[0,0,0,0],"id":236528143958019,"type":105}
@nix {"action":"result","fields":[101,0],"id":236528143958017,"type":106}
@nix {"action":"result","fields":[100,0],"id":236528143958017,"type":106}
@nix {"action":"result","fields":[0,0,0,0],"id":236528143958018,"type":105}
@nix {"action":"result","fields":[0,0,0,0],"id":236528143958019,"type":105}
@nix {"action":"result","fields":[101,0],"id":236528143958017,"type":106}
@nix {"action":"result","fields":[100,0],"id":236528143958017,"type":106}
@nix {"action":"result","fields":[0,0,0,0],"id":236528143958018,"type":105}
@nix {"action":"result","fields":[0,0,0,0],"id":236528143958019,"type":105}
@nix {"action":"result","fields":[101,0],"id":236528143958017,"type":106}
@nix {"action":"result","fields":[100,0],"id":236528143958017,"type":106}
@nix {"action":"result","fields":[0,0,0,0],"id":236528143958018,"type":105}
@nix {"action":"result","fields":[0,0,0,0],"id":236528143958019,"type":105}
@nix {"action":"result","fields":[101,0],"id":236528143958017,"type":106}
@nix {"action":"result","fields":[100,0],"id":236528143958017,"type":106}
@nix {"action":"result","fields":[0,0,0,0],"id":236528143958018,"type":105}
@nix {"action":"result","fields":[0,0,0,0],"id":236528143958019,"type":105}
@nix {"action":"result","fields":[101,0],"id":236528143958017,"type":106}
@nix {"action":"result","fields":[100,0],"id":236528143958017,"type":106}
@nix {"action":"result","fields":[0,0,0,0],"id":236528143958018,"type":105}
@nix {"action":"result","fields":[0,0,0,0],"id":236528143958019,"type":105}
@nix {"action":"result","fields":[101,0],"id":236528143958017,"type":106}
@nix {"action":"result","fields":[100,0],"id":236528143958017,"type":106}
@nix {"action":"result","fields":[0,0,0,0],"id":236528143958018,"type":105}
@nix {"action":"result","fields":[0,0,0,0],"id":236528143958019,"type":105}
@nix {"action":"result","fields":[101,0],"id":236528143958017,"type":106}
@nix {"action":"result","fields":[100,0],"id":236528143958017,"type":106}
@nix {"action":"result","fields":[0,0,0,0],"id":236528143958018,"type":105}
@nix {"action":"result","fields":[0,0,0,0],"id":236528143958019,"type":105}
@nix {"action":"result","fields":[101,0],"id":236528143958017,"type":106}
@nix {"action":"result","fields":[100,0],"id":236528143958017,"type":106}
@nix {"action":"result","fields":[0,0,0,0],"id":236528143958018,"type":105}
@nix {"action":"result","fields":[0,0,0,0],"id":236528143958019,"type":105}
@nix {"action":"result","fields":[101,0],"id":236528143958017,"type":106}
@nix {"action":"result","fields":[100,0],"id":236528143958017,"type":106}
@nix {"action":"result","fields":[0,0,0,0],"id":236528143958018,"type":105}
@nix {"action":"result","fields":[0,0,0,0],"id":236528143958019,"type":105}
@nix {"action":"result","fields":[101,0],"id":236528143958017,"type":106}
@nix {"action":"result","fields":[100,0],"id":236528143958017,"type":106}
@nix {"action":"result","fields":[0,0,0,0],"id":236528143958018,"type":105}
@nix {"action":"result","fields":[0,0,0,0],"id":236528143958019,"type":105}
@nix {"action":"result","fields":[101,0],"id":236528143958017,"type":106}
@nix {"action":"result","fields":[100,0],"id":236528143958017,"type":106}
@nix {"action":"result","fields":[0,0,0,0],"id":236528143958018,"type":105}
@nix {"action":"result","fields":[0,0,0,0],"id":236528143958019,"type":105}
@nix {"action":"result","fields":[101,0],"id":236528143958017,"type":106}
@nix {"action":"result","fields":[100,0],"id":236528143958017,"type":106}
@nix {"action":"result","fields":[0,0,0,0],"id":236528143958018,"type":105}
@nix {"action":"result","fields":[0,0,0,0],"id":236528143958019,"type":105}
@nix {"action":"result","fields":[101,0],"id":236528143958017,"type":106}
@nix {"action":"result","fields":[100,0],"id":236528143958017,"type":106}
@nix {"action":"result","fields":[0,0,0,0],"id":236528143958018,"type":105}
@nix {"action":"result","fields":[0,0,0,0],"id":236528143958019,"type":105}
@nix {"action":"result","fields":[101,0],"id":236528143958017,"type":106}
@nix {"action":"result","fields":[100,0],"id":236528143958017,"type":106}
@nix {"action":"result","fields":[0,0,0,0],"id":236528143958018,"type":105}
@nix {"action":"result","fields":[0,0,0,0],"id":236528143958019,"type":105}
@nix {"action":"result","fields":[101,0],"id":236528143958017,"type":106}
@nix {"action":"result","fields":[100,0],"id":236528143958017,"type":106}
@nix {"action":"result","fields":[0,0,0,0],"id":236528143958018,"type":105}
@nix {"action":"result","fields":[0,0,0,0],"id":236528143958019,"type":105}
@nix {"action":"result","fields":[101,0],"id":236528143958017,"type":106}
@nix {"action":"result","fields":[100,0],"id":236528143958017,"type":106}
@nix {"action":"result","fields":[0,0,0,0],"id":236528143958018,"type":105}
@nix {"action":"result","fields":[0,0,0,0],"id":236528143958019,"type":105}
@nix {"action":"result","fields":[101,0],"id":236528143958017,"type":106}
@nix {"action":"result","fields":[100,0],"id":236528143958017,"type":106}
@nix {"action":"result","fields":[0,0,0,0],"id":236528143958018,"type":105}
@nix {"action":"result","fields":[0,0,0,0],"id":236528143958019,"type":105}
@nix {"action":"result","fields":[101,0],"id":236528143958017,"type":106}
@nix {"action":"result","fields":[100,0],"id":236528143958017,"type":106}
@nix {"action":"result","fields":[0,0,0,0],"id":236528143958018,"type":105}
@nix {"action":"result","fields":[0,0,0,0],"id":236528143958019,"type":105}
@nix {"action":"result","fields":[101,0],"id":236528143958017,"type":106}
@nix {"action":"result","fields":[100,0],"id":236528143958017,"type":106}
@nix {"action":"result","fields":[0,0,0,0],"id":236528143958018,"type":105}
@nix {"action":"result","fields":[0,0,0,0],"id":236528143958019,"type":105}
@nix {"action":"result","fields":[101,0],"id":236528143958017,"type":106}
@nix {"action":"result","fields":[100,0],"id":236528143958017,"type":106}
@nix {"action":"result","fields":[0,0,0,0],"id":236528143958018,"type":105}
@nix {"action":"result","fields":[0,0,0,0],"id":236528143958019,"type":105}
@nix {"action":"result","fields":[101,0],"id":236528143958017,"type":106}
@nix {"action":"result","fields":[100,0],"id":236528143958017,"type":106}
@nix {"action":"result","fields":[0,0,0,0],"id":236528143958018,"type":105}
@nix {"action":"result","fields":[0,0,0,0],"id":236528143958019,"type":105}
@nix {"action":"result","fields":[101,0],"id":236528143958017,"type":106}
@nix {"action":"result","fields":[100,0],"id":236528143958017,"type":106}
@nix {"action":"result","fields":[0,0,0,0],"id":236528143958018,"type":105}
@nix {"action":"result","fields":[0,0,0,0],"id":236528143958019,"type":105}
@nix {"action":"result","fields":[101,0],"id":236528143958017,"type":106}
@nix {"action":"result","fields":[100,0],"id":236528143958017,"type":106}
@nix {"action":"result","fields":[0,0,0,0],"id":236528143958018,"type":105}
@nix {"action":"result","fields":[0,0,0,0],"id":236528143958019,"type":105}
@nix {"action":"result","fields":[101,0],"id":236528143958017,"type":106}
@nix {"action":"result","fields":[100,0],"id":236528143958017,"type":106}
@nix {"action":"result","fields":[0,0,0,0],"id":236528143958018,"type":105}
@nix {"action":"result","fields":[0,0,0,0],"id":236528143958019,"type":105}
@nix {"action":"result","fields":[101,0],"id":236528143958017,"type":106}
@nix {"action":"result","fields":[100,0],"id":236528143958017,"type":106}
@nix {"action":"result","fields":[0,0,0,0],"id":236528143958018,"type":105}
@nix {"action":"result","fields":[0,0,0,0],"id":236528143958019,"type":105}
@nix {"action":"result","fields":[101,0],"id":236528143958017,"type":106}
@nix {"action":"result","fields":[100,0],"id":236528143958017,"type":106}
@nix {"action":"result","fields":[0,0,0,0],"id":236528143958018,"type":105}
@nix {"action":"result","fields":[0,0,0,0],"id":236528143958019,"type":105}
@nix {"action":"result","fields":[101,0],"id":236528143958017,"type":106}
@nix {"action":"result","fields":[100,0],"id":236528143958017,"type":106}
@nix {"action":"result","fields":[0,0,0,0],"id":236528143958018,"type":105}
@nix {"action":"result","fields":[0,0,0,0],"id":236528143958019,"type":105}
@nix {"action":"result","fields":[101,0],"id":236528143958017,"type":106}
@nix {"action":"result","fields":[100,0],"id":236528143958017,"type":106}
@nix {"action":"result","fields":[0,0,0,0],"id":236528143958018,"type":105}
@nix {"action":"result","fields":[0,0,0,0],"id":236528143958019,"type":105}
@nix {"action":"result","fields":[101,0],"id":236528143958017,"type":106}
@nix {"action":"result","fields":[100,0],"id":236528143958017,"type":106}
@nix {"action":"result","fields":[0,0,0,0],"id":236528143958018,"type":105}
@nix {"action":"result","fields":[0,0,0,0],"id":236528143958019,"type":105}
@nix {"action":"result","fields":[101,0],"id":236528143958017,"type":106}
@nix {"action":"result","fields":[100,0],"id":236528143958017,"type":106}
@nix {"action":"result","fields":[0,0,0,0],"id":236528143958018,"type":105}
@nix {"action":"result","fields":[0,0,0,0],"id":236528143958019,"type":105}
@nix {"action":"result","fields":[101,0],"id":236528143958017,"type":106}
@nix {"action":"result","fields":[100,0],"id":236528143958017,"type":106}
@nix {"action":"result","fields":[0,0,0,0],"id":236528143958018,"type":105}
@nix {"action":"result","fields":[0,0,0,0],"id":236528143958019,"type":105}
@nix {"action":"result","fields":[101,0],"id":236528143958017,"type":106}
@nix {"action":"result","fields":[100,0],"id":236528143958017,"type":106}
@nix {"action":"result","fields":[0,0,0,0],"id":236528143958018,"type":105}
@nix {"action":"result","fields":[0,0,0,0],"id":236528143958019,"type":105}
@nix {"action":"result","fields":[101,0],"id":236528143958017,"type":106}
@nix {"action":"result","fields":[100,0],"id":236528143958017,"type":106}
@nix {"action":"result","fields":[0,0,0,0],"id":236528143958018,"type":105}
@nix {"action":"result","fields":[0,0,0,0],"id":236528143958019,"type":105}
@nix {"action":"result","fields":[101,0],"id":236528143958017,"type":106}
@nix {"action":"result","fields":[100,0],"id":236528143958017,"type":106}
@nix {"action":"result","fields":[0,0,0,0],"id":236528143958018,"type":105}
@nix {"action":"result","fields":[0,0,0,0],"id":236528143958019,"type":105}
@nix {"action":"result","fields":[101,0],"id":236528143958017,"type":106}
@nix {"action":"result","fields":[100,0],"id":236528143958017,"type":106}
@nix {"action":"result","fields":[0,0,0,0],"id":236528143958018,"type":105}
@nix {"action":"result","fields":[0,0,0,0],"id":236528143958019,"type":105}
@nix {"action":"result","fields":[101,0],"id":236528143958017,"type":106}
@nix {"action":"result","fields":[100,0],"id":236528143958017,"type":106}
@nix {"action":"result","fields":[0,0,0,0],"id":236528143958018,"type":105}
@nix {"action":"result","fields":[0,0,0,0],"id":236528143958019,"type":105}
@nix {"action":"result","fields":[101,0],"id":236528143958017,"type":106}
@nix {"action":"result","fields":[100,0],"id":236528143958017,"type":106}
@nix {"action":"result","fields":[0,0,0,0],"id":236528143958018,"type":105}
@nix {"action":"result","fields":[0,0,0,0],"id":236528143958019,"type":105}
@nix {"action":"result","fields":[101,0],"id":236528143958017,"type":106}
@nix {"action":"result","fields":[100,0],"id":236528143958017,"type":106}
@nix {"action":"result","fields":[0,0,0,0],"id":236528143958018,"type":105}
@nix {"action":"result","fields":[0,0,0,0],"id":236528143958019,"type":105}
@nix {"action":"result","fields":[101,0],"id":236528143958017,"type":106}
@nix {"action":"result","fields":[100,0],"id":236528143958017,"type":106}
@nix {"action":"result","fields":[0,0,0,0],"id":236528143958018,"type":105}
@nix {"action":"result","fields":[0,0,0,0],"id":236528143958019,"type":105}
@nix {"action":"result","fields":[101,0],"id":236528143958017,"type":106}
@nix {"action":"result","fields":[100,0],"id":236528143958017,"type":106}
@nix {"action":"result","fields":[0,0,0,0],"id":236528143958018,"type":105}
@nix {"action":"result","fields":[0,0,0,0],"id":236528143958019,"type":105}
@nix {"action":"result","fields":[101,0],"id":236528143958017,"type":106}
@nix {"action":"result","fields":[100,0],"id":236528143958017,"type":106}
@nix {"action":"result","fields":[0,0,0,0],"id":236528143958018,"type":105}
@nix {"action":"result","fields":[0,0,0,0],"id":236528143958019,"type":105}
@nix {"action":"result","fields":[101,0],"id":236528143958017,"type":106}
@nix {"action":"result","fields":[100,0],"id":236528143958017,"type":106}
@nix {"action":"result","fields":[0,1,0,0],"id":236528143958018,"type":105}
@nix {"action":"result","fields":[0,0,0,0],"id":236528143958019,"type":105}
@nix {"action":"result","fields":[101,0],"id":236528143958017,"type":106}
@nix {"action":"result","fields":[100,0],"id":236528143958017,"type":106}
@nix {"action":"result","fields":[0,2,0,0],"id":236528143958018,"type":105}
@nix {"action":"result","fields":[0,0,0,0],"id":236528143958019,"type":105}
@nix {"action":"result","fields":[101,0],"id":236528143958017,"type":106}
@nix {"action":"result","fields":[100,0],"id":236528143958017,"type":106}
@nix {"action":"result","fields":[0,3,0,0],"id":236528143958018,"type":105}
@nix {"action":"result","fields":[0,0,0,0],"id":236528143958019,"type":105}
@nix {"action":"result","fields":[101,0],"id":236528143958017,"type":106}
@nix {"action":"result","fields":[100,0],"id":236528143958017,"type":106}
@nix {"action":"result","fields":[0,4,0,0],"id":236528143958018,"type":105}
@nix {"action":"result","fields":[0,0,0,0],"id":236528143958019,"type":105}
@nix {"action":"result","fields":[101,0],"id":236528143958017,"type":106}
@nix {"action":"result","fields":[100,0],"id":236528143958017,"type":106}
@nix {"action":"result","fields":[0,5,0,0],"id":236528143958018,"type":105}
@nix {"action":"result","fields":[0,0,0,0],"id":236528143958019,"type":105}
@nix {"action":"result","fields":[101,0],"id":236528143958017,"type":106}
@nix {"action":"result","fields":[100,0],"id":236528143958017,"type":106}
@nix {"action":"result","fields":[0,6,0,0],"id":236528143958018,"type":105}
@nix {"action":"result","fields":[0,0,0,0],"id":236528143958019,"type":105}
@nix {"action":"result","fields":[101,0],"id":236528143958017,"type":106}
@nix {"action":"result","fields":[100,0],"id":236528143958017,"type":106}
@nix {"action":"result","fields":[0,7,0,0],"id":236528143958018,"type":105}
@nix {"action":"result","fields":[0,0,0,0],"id":236528143958019,"type":105}
@nix {"action":"result","fields":[101,0],"id":236528143958017,"type":106}
@nix {"action":"result","fields":[100,0],"id":236528143958017,"type":106}
@nix {"action":"result","fields":[0,8,0,0],"id":236528143958018,"type":105}
@nix {"action":"result","fields":[0,0,0,0],"id":236528143958019,"type":105}
@nix {"action":"result","fields":[101,0],"id":236528143958017,"type":106}
@nix {"action":"result","fields":[100,0],"id":236528143958017,"type":106}
@nix {"action":"result","fields":[0,9,0,0],"id":236528143958018,"type":105}
@nix {"action":"result","fields":[0,0,0,0],"id":236528143958019,"type":105}
@nix {"action":"result","fields":[101,0],"id":236528143958017,"type":106}
@nix {"action":"result","fields":[100,0],"id":236528143958017,"type":106}
@nix {"action":"result","fields":[0,10,0,0],"id":236528143958018,"type":105}
@nix {"action":"result","fields":[0,0,0,0],"id":236528143958019,"type":105}
@nix {"action":"result","fields":[101,0],"id":236528143958017,"type":106}
@nix {"action":"result","fields":[100,0],"id":236528143958017,"type":106}
@nix {"action":"result","fields":[0,11,0,0],"id":236528143958018,"type":105}
@nix {"action":"result","fields":[0,0,0,0],"id":236528143958019,"type":105}
@nix {"action":"result","fields":[101,0],"id":236528143958017,"type":106}
@nix {"action":"result","fields":[100,0],"id":236528143958017,"type":106}
@nix {"action":"result","fields":[0,12,0,0],"id":236528143958018,"type":105}
@nix {"action":"result","fields":[0,0,0,0],"id":236528143958019,"type":105}
@nix {"action":"result","fields":[101,0],"id":236528143958017,"type":106}
@nix {"action":"result","fields":[100,0],"id":236528143958017,"type":106}
@nix {"action":"result","fields":[0,13,0,0],"id":236528143958018,"type":105}
@nix {"action":"result","fields":[0,0,0,0],"id":236528143958019,"type":105}
@nix {"action":"result","fields":[101,0],"id":236528143958017,"type":106}
@nix {"action":"result","fields":[100,0],"id":236528143958017,"type":106}
@nix {"action":"result","fields":[0,14,0,0],"id":236528143958018,"type":105}
@nix {"action":"result","fields":[0,0,0,0],"id":236528143958019,"type":105}
@nix {"action":"result","fields":[101,0],"id":236528143958017,"type":106}
@nix {"action":"result","fields":[100,0],"id":236528143958017,"type":106}
@nix {"action":"result","fields":[0,15,0,0],"id":236528143958018,"type":105}
@nix {"action":"result","fields":[0,0,0,0],"id":236528143958019,"type":105}
@nix {"action":"result","fields":[101,0],"id":236528143958017,"type":106}
@nix {"action":"result","fields":[100,0],"id":236528143958017,"type":106}
@nix {"action":"result","fields":[0,16,0,0],"id":236528143958018,"type":105}
@nix {"action":"result","fields":[0,0,0,0],"id":236528143958019,"type":105}
@nix {"action":"result","fields":[101,0],"id":236528143958017,"type":106}
@nix {"action":"result","fields":[100,0],"id":236528143958017,"type":106}
@nix {"action":"result","fields":[0,17,0,0],"id":236528143958018,"type":105}
@nix {"action":"result","fields":[0,0,0,0],"id":236528143958019,"type":105}
@nix {"action":"result","fields":[101,0],"id":236528143958017,"type":106}
@nix {"action":"result","fields":[100,0],"id":236528143958017,"type":106}
@nix {"action":"result","fields":[0,18,0,0],"id":236528143958018,"type":105}
@nix {"action":"result","fields":[0,0,0,0],"id":236528143958019,"type":105}
@nix {"action":"result","fields":[101,0],"id":236528143958017,"type":106}
@nix {"action":"result","fields":[100,0],"id":236528143958017,"type":106}
@nix {"action":"result","fields":[0,19,0,0],"id":236528143958018,"type":105}
@nix {"action":"result","fields":[0,0,0,0],"id":236528143958019,"type":105}
@nix {"action":"result","fields":[101,0],"id":236528143958017,"type":106}
@nix {"action":"result","fields":[100,0],"id":236528143958017,"type":106}
@nix {"action":"result","fields":[0,20,0,0],"id":236528143958018,"type":105}
@nix {"action":"result","fields":[0,0,0,0],"id":236528143958019,"type":105}
@nix {"action":"result","fields":[101,0],"id":236528143958017,"type":106}
@nix {"action":"result","fields":[100,0],"id":236528143958017,"type":106}
@nix {"action":"result","fields":[0,21,0,0],"id":236528143958018,"type":105}
@nix {"action":"result","fields":[0,0,0,0],"id":236528143958019,"type":105}
@nix {"action":"result","fields":[101,0],"id":236528143958017,"type":106}
@nix {"action":"result","fields":[100,0],"id":236528143958017,"type":106}
@nix {"action":"result","fields":[0,22,0,0],"id":236528143958018,"type":105}
@nix {"action":"result","fields":[0,0,0,0],"id":236528143958019,"type":105}
@nix {"action":"result","fields":[101,0],"id":236528143958017,"type":106}
@nix {"action":"result","fields":[100,0],"id":236528143958017,"type":106}
@nix {"action":"result","fields":[0,23,0,0],"id":236528143958018,"type":105}
@nix {"action":"result","fields":[0,0,0,0],"id":236528143958019,"type":105}
@nix {"action":"result","fields":[101,0],"id":236528143958017,"type":106}
@nix {"action":"result","fields":[100,0],"id":236528143958017,"type":106}
@nix {"action":"result","fields":[0,24,0,0],"id":236528143958018,"type":105}
@nix {"action":"result","fields":[0,0,0,0],"id":236528143958019,"type":105}
@nix {"action":"result","fields":[101,0],"id":236528143958017,"type":106}
@nix {"action":"result","fields":[100,0],"id":236528143958017,"type":106}
@nix {"action":"result","fields":[0,25,0,0],"id":236528143958018,"type":105}
@nix {"action":"result","fields":[0,0,0,0],"id":236528143958019,"type":105}
@nix {"action":"result","fields":[101,0],"id":236528143958017,"type":106}
@nix {"action":"result","fields":[100,0],"id":236528143958017,"type":106}
@nix {"action":"result","fields":[0,26,0,0],"id":236528143958018,"type":105}
@nix {"action":"result","fields":[0,0,0,0],"id":236528143958019,"type":105}
@nix {"action":"result","fields":[101,0],"id":236528143958017,"type":106}
@nix {"action":"result","fields":[100,0],"id":236528143958017,"type":106}
@nix {"action":"result","fields":[0,27,0,0],"id":236528143958018,"type":105}
@nix {"action":"result","fields":[0,0,0,0],"id":236528143958019,"type":105}
@nix {"action":"result","fields":[101,0],"id":236528143958017,"type":106}
@nix {"action":"result","fields":[100,0],"id":236528143958017,"type":106}
@nix {"action":"result","fields":[0,28,0,0],"id":236528143958018,"type":105}
@nix {"action":"result","fields":[0,0,0,0],"id":236528143958019,"type":105}
@nix {"action":"result","fields":[101,0],"id":236528143958017,"type":106}
@nix {"action":"result","fields":[100,0],"id":236528143958017,"type":106}
@nix {"action":"result","fields":[0,29,0,0],"id":236528143958018,"type":105}
@nix {"action":"result","fields":[0,0,0,0],"id":236528143958019,"type":105}
@nix {"action":"result","fields":[101,0],"id":236528143958017,"type":106}
@nix {"action":"result","fields":[100,0],"id":236528143958017,"type":106}
@nix {"action":"result","fields":[0,30,0,0],"id":236528143958018,"type":105}
@nix {"action":"result","fields":[0,0,0,0],"id":236528143958019,"type":105}
@nix {"action":"result","fields":[101,0],"id":236528143958017,"type":106}
@nix {"action":"result","fields":[100,0],"id":236528143958017,"type":106}
@nix {"action":"result","fields":[0,31,0,0],"id":236528143958018,"type":105}
@nix {"action":"result","fields":[0,0,0,0],"id":236528143958019,"type":105}
@nix {"action":"result","fields":[101,0],"id":236528143958017,"type":106}
@nix {"action":"result","fields":[100,0],"id":236528143958017,"type":106}
@nix {"action":"result","fields":[0,32,0,0],"id":236528143958018,"type":105}
@nix {"action":"result","fields":[0,0,0,0],"id":236528143958019,"type":105}
@nix {"action":"result","fields":[101,0],"id":236528143958017,"type":106}
@nix {"action":"result","fields":[100,0],"id":236528143958017,"type":106}
@nix {"action":"start","fields":["/Users/hetzner/obrador-shared-pins-20260909/round-1-after/wide-round-1-jobs-8/store/jmwjprv3pjb7n0az8m0sjmqpkml05c80-leaf-0.drv.drv","",1,1],"id":236528143958020,"level":3,"parent":0,"text":"building '/Users/hetzner/obrador-shared-pins-20260909/round-1-after/wide-round-1-jobs-8/store/jmwjprv3pjb7n0az8m0sjmqpkml05c80-leaf-0.drv.drv'","type":105}
@nix {"action":"result","fields":[0,32,1,0],"id":236528143958018,"type":105}
@nix {"action":"result","fields":[0,0,0,0],"id":236528143958019,"type":105}
@nix {"action":"result","fields":[101,0],"id":236528143958017,"type":106}
@nix {"action":"result","fields":[100,0],"id":236528143958017,"type":106}
@nix {"action":"start","fields":["/Users/hetzner/obrador-shared-pins-20260909/round-1-after/wide-round-1-jobs-8/store/qb86sra0lqcq349kzmn18bvp8l3g61k6-leaf-1.drv.drv","",1,1],"id":236528143958021,"level":3,"parent":0,"text":"building '/Users/hetzner/obrador-shared-pins-20260909/round-1-after/wide-round-1-jobs-8/store/qb86sra0lqcq349kzmn18bvp8l3g61k6-leaf-1.drv.drv'","type":105}
@nix {"action":"result","fields":[0,32,2,0],"id":236528143958018,"type":105}
@nix {"action":"result","fields":[0,0,0,0],"id":236528143958019,"type":105}
@nix {"action":"result","fields":[101,0],"id":236528143958017,"type":106}
@nix {"action":"result","fields":[100,0],"id":236528143958017,"type":106}
@nix {"action":"start","fields":["/Users/hetzner/obrador-shared-pins-20260909/round-1-after/wide-round-1-jobs-8/store/4g3hf2fhvddrd0m75542h6b0jwmb81zx-leaf-10.drv.drv","",1,1],"id":236528143958022,"level":3,"parent":0,"text":"building '/Users/hetzner/obrador-shared-pins-20260909/round-1-after/wide-round-1-jobs-8/store/4g3hf2fhvddrd0m75542h6b0jwmb81zx-leaf-10.drv.drv'","type":105}
@nix {"action":"result","fields":[0,32,3,0],"id":236528143958018,"type":105}
@nix {"action":"result","fields":[0,0,0,0],"id":236528143958019,"type":105}
@nix {"action":"result","fields":[101,0],"id":236528143958017,"type":106}
@nix {"action":"result","fields":[100,0],"id":236528143958017,"type":106}
@nix {"action":"start","fields":["/Users/hetzner/obrador-shared-pins-20260909/round-1-after/wide-round-1-jobs-8/store/il5yl02a0nvyrqrgkmfi1z2pxg0y2grh-leaf-11.drv.drv","",1,1],"id":236528143958023,"level":3,"parent":0,"text":"building '/Users/hetzner/obrador-shared-pins-20260909/round-1-after/wide-round-1-jobs-8/store/il5yl02a0nvyrqrgkmfi1z2pxg0y2grh-leaf-11.drv.drv'","type":105}
@nix {"action":"result","fields":[0,32,4,0],"id":236528143958018,"type":105}
@nix {"action":"result","fields":[0,0,0,0],"id":236528143958019,"type":105}
@nix {"action":"result","fields":[101,0],"id":236528143958017,"type":106}
@nix {"action":"result","fields":[100,0],"id":236528143958017,"type":106}
@nix {"action":"start","fields":["/Users/hetzner/obrador-shared-pins-20260909/round-1-after/wide-round-1-jobs-8/store/0lkjmb1ccvbpmk9fcq0a1jzdgyvqn4ya-leaf-12.drv.drv","",1,1],"id":236528143958024,"level":3,"parent":0,"text":"building '/Users/hetzner/obrador-shared-pins-20260909/round-1-after/wide-round-1-jobs-8/store/0lkjmb1ccvbpmk9fcq0a1jzdgyvqn4ya-leaf-12.drv.drv'","type":105}
@nix {"action":"result","fields":[0,32,5,0],"id":236528143958018,"type":105}
@nix {"action":"result","fields":[0,0,0,0],"id":236528143958019,"type":105}
@nix {"action":"result","fields":[101,0],"id":236528143958017,"type":106}
@nix {"action":"result","fields":[100,0],"id":236528143958017,"type":106}
@nix {"action":"start","fields":["/Users/hetzner/obrador-shared-pins-20260909/round-1-after/wide-round-1-jobs-8/store/m6ksyfcn846fz4ycyrxb9siimv0pf9j3-leaf-13.drv.drv","",1,1],"id":236528143958025,"level":3,"parent":0,"text":"building '/Users/hetzner/obrador-shared-pins-20260909/round-1-after/wide-round-1-jobs-8/store/m6ksyfcn846fz4ycyrxb9siimv0pf9j3-leaf-13.drv.drv'","type":105}
@nix {"action":"result","fields":[0,32,6,0],"id":236528143958018,"type":105}
@nix {"action":"result","fields":[0,0,0,0],"id":236528143958019,"type":105}
@nix {"action":"result","fields":[101,0],"id":236528143958017,"type":106}
@nix {"action":"result","fields":[100,0],"id":236528143958017,"type":106}
@nix {"action":"start","fields":["/Users/hetzner/obrador-shared-pins-20260909/round-1-after/wide-round-1-jobs-8/store/6yg8gkj6w2j3w4dwff80kz4md6c9398g-leaf-14.drv.drv","",1,1],"id":236528143958026,"level":3,"parent":0,"text":"building '/Users/hetzner/obrador-shared-pins-20260909/round-1-after/wide-round-1-jobs-8/store/6yg8gkj6w2j3w4dwff80kz4md6c9398g-leaf-14.drv.drv'","type":105}
@nix {"action":"result","fields":[0,32,7,0],"id":236528143958018,"type":105}
@nix {"action":"result","fields":[0,0,0,0],"id":236528143958019,"type":105}
@nix {"action":"result","fields":[101,0],"id":236528143958017,"type":106}
@nix {"action":"result","fields":[100,0],"id":236528143958017,"type":106}
@nix {"action":"start","fields":["/Users/hetzner/obrador-shared-pins-20260909/round-1-after/wide-round-1-jobs-8/store/i29b67m72qqw4fmzmabvgxrq9mmdq374-leaf-15.drv.drv","",1,1],"id":236528143958027,"level":3,"parent":0,"text":"building '/Users/hetzner/obrador-shared-pins-20260909/round-1-after/wide-round-1-jobs-8/store/i29b67m72qqw4fmzmabvgxrq9mmdq374-leaf-15.drv.drv'","type":105}
@nix {"action":"result","fields":[0,32,8,0],"id":236528143958018,"type":105}
@nix {"action":"result","fields":[0,0,0,0],"id":236528143958019,"type":105}
@nix {"action":"result","fields":[101,0],"id":236528143958017,"type":106}
@nix {"action":"result","fields":[100,0],"id":236528143958017,"type":106}
@nix {"action":"result","fields":[1,33,7,0],"id":236528143958018,"type":105}
@nix {"action":"result","fields":[0,0,0,0],"id":236528143958019,"type":105}
@nix {"action":"result","fields":[101,0],"id":236528143958017,"type":106}
@nix {"action":"result","fields":[100,0],"id":236528143958017,"type":106}
@nix {"action":"stop","id":236528143958020}
@nix {"action":"result","fields":[2,34,6,0],"id":236528143958018,"type":105}
@nix {"action":"result","fields":[0,0,0,0],"id":236528143958019,"type":105}
@nix {"action":"result","fields":[101,0],"id":236528143958017,"type":106}
@nix {"action":"result","fields":[100,0],"id":236528143958017,"type":106}
@nix {"action":"stop","id":236528143958021}
@nix {"action":"result","fields":[3,35,5,0],"id":236528143958018,"type":105}
@nix {"action":"result","fields":[0,0,0,0],"id":236528143958019,"type":105}
@nix {"action":"result","fields":[101,0],"id":236528143958017,"type":106}
@nix {"action":"result","fields":[100,0],"id":236528143958017,"type":106}
@nix {"action":"stop","id":236528143958022}
@nix {"action":"result","fields":[4,36,4,0],"id":236528143958018,"type":105}
@nix {"action":"result","fields":[0,0,0,0],"id":236528143958019,"type":105}
@nix {"action":"result","fields":[101,0],"id":236528143958017,"type":106}
@nix {"action":"result","fields":[100,0],"id":236528143958017,"type":106}
@nix {"action":"stop","id":236528143958023}
@nix {"action":"result","fields":[5,37,3,0],"id":236528143958018,"type":105}
@nix {"action":"result","fields":[0,0,0,0],"id":236528143958019,"type":105}
@nix {"action":"result","fields":[101,0],"id":236528143958017,"type":106}
@nix {"action":"result","fields":[100,0],"id":236528143958017,"type":106}
@nix {"action":"stop","id":236528143958024}
@nix {"action":"result","fields":[6,38,2,0],"id":236528143958018,"type":105}
@nix {"action":"result","fields":[0,0,0,0],"id":236528143958019,"type":105}
@nix {"action":"result","fields":[101,0],"id":236528143958017,"type":106}
@nix {"action":"result","fields":[100,0],"id":236528143958017,"type":106}
@nix {"action":"stop","id":236528143958025}
@nix {"action":"result","fields":[7,39,1,0],"id":236528143958018,"type":105}
@nix {"action":"result","fields":[0,0,0,0],"id":236528143958019,"type":105}
@nix {"action":"result","fields":[101,0],"id":236528143958017,"type":106}
@nix {"action":"result","fields":[100,0],"id":236528143958017,"type":106}
@nix {"action":"stop","id":236528143958026}
@nix {"action":"start","fields":["/Users/hetzner/obrador-shared-pins-20260909/round-1-after/wide-round-1-jobs-8/store/sw8m6y86brh5r9mssazhj38ixf5isnir-leaf-31.drv.drv","",1,1],"id":236528143958028,"level":3,"parent":0,"text":"building '/Users/hetzner/obrador-shared-pins-20260909/round-1-after/wide-round-1-jobs-8/store/sw8m6y86brh5r9mssazhj38ixf5isnir-leaf-31.drv.drv'","type":105}
@nix {"action":"result","fields":[7,32,2,0],"id":236528143958018,"type":105}
@nix {"action":"result","fields":[0,0,0,0],"id":236528143958019,"type":105}
@nix {"action":"result","fields":[101,0],"id":236528143958017,"type":106}
@nix {"action":"result","fields":[100,0],"id":236528143958017,"type":106}
@nix {"action":"start","fields":["/Users/hetzner/obrador-shared-pins-20260909/round-1-after/wide-round-1-jobs-8/store/w0gi6s3bf166g9zpvqsmnk1ljjrx0lsn-leaf-4.drv.drv","",1,1],"id":236528143958029,"level":3,"parent":0,"text":"building '/Users/hetzner/obrador-shared-pins-20260909/round-1-after/wide-round-1-jobs-8/store/w0gi6s3bf166g9zpvqsmnk1ljjrx0lsn-leaf-4.drv.drv'","type":105}
@nix {"action":"result","fields":[7,32,3,0],"id":236528143958018,"type":105}
@nix {"action":"result","fields":[0,0,0,0],"id":236528143958019,"type":105}
@nix {"action":"result","fields":[101,0],"id":236528143958017,"type":106}
@nix {"action":"result","fields":[100,0],"id":236528143958017,"type":106}
@nix {"action":"start","fields":["/Users/hetzner/obrador-shared-pins-20260909/round-1-after/wide-round-1-jobs-8/store/ghaq1kwssp6hwn85l4lcx1kw6jyqy3ys-leaf-5.drv.drv","",1,1],"id":236528143958030,"level":3,"parent":0,"text":"building '/Users/hetzner/obrador-shared-pins-20260909/round-1-after/wide-round-1-jobs-8/store/ghaq1kwssp6hwn85l4lcx1kw6jyqy3ys-leaf-5.drv.drv'","type":105}
@nix {"action":"result","fields":[7,32,4,0],"id":236528143958018,"type":105}
@nix {"action":"result","fields":[0,0,0,0],"id":236528143958019,"type":105}
@nix {"action":"result","fields":[101,0],"id":236528143958017,"type":106}
@nix {"action":"result","fields":[100,0],"id":236528143958017,"type":106}
@nix {"action":"start","fields":["/Users/hetzner/obrador-shared-pins-20260909/round-1-after/wide-round-1-jobs-8/store/xmirsk85hyrk5gxf207sp5wij1w61h4c-leaf-6.drv.drv","",1,1],"id":236528143958031,"level":3,"parent":0,"text":"building '/Users/hetzner/obrador-shared-pins-20260909/round-1-after/wide-round-1-jobs-8/store/xmirsk85hyrk5gxf207sp5wij1w61h4c-leaf-6.drv.drv'","type":105}
@nix {"action":"result","fields":[7,32,5,0],"id":236528143958018,"type":105}
@nix {"action":"result","fields":[0,0,0,0],"id":236528143958019,"type":105}
@nix {"action":"result","fields":[101,0],"id":236528143958017,"type":106}
@nix {"action":"result","fields":[100,0],"id":236528143958017,"type":106}
@nix {"action":"start","fields":["/Users/hetzner/obrador-shared-pins-20260909/round-1-after/wide-round-1-jobs-8/store/qdcjdikvwrqmhdihh07j2zm74l77jvqw-leaf-7.drv.drv","",1,1],"id":236528143958032,"level":3,"parent":0,"text":"building '/Users/hetzner/obrador-shared-pins-20260909/round-1-after/wide-round-1-jobs-8/store/qdcjdikvwrqmhdihh07j2zm74l77jvqw-leaf-7.drv.drv'","type":105}
@nix {"action":"result","fields":[7,32,6,0],"id":236528143958018,"type":105}
@nix {"action":"result","fields":[0,0,0,0],"id":236528143958019,"type":105}
@nix {"action":"result","fields":[101,0],"id":236528143958017,"type":106}
@nix {"action":"result","fields":[100,0],"id":236528143958017,"type":106}
@nix {"action":"start","fields":["/Users/hetzner/obrador-shared-pins-20260909/round-1-after/wide-round-1-jobs-8/store/fi64kgbyfsp7jwakzj0sm9bf0x4bv7gp-leaf-8.drv.drv","",1,1],"id":236528143958033,"level":3,"parent":0,"text":"building '/Users/hetzner/obrador-shared-pins-20260909/round-1-after/wide-round-1-jobs-8/store/fi64kgbyfsp7jwakzj0sm9bf0x4bv7gp-leaf-8.drv.drv'","type":105}
@nix {"action":"result","fields":[7,32,7,0],"id":236528143958018,"type":105}
@nix {"action":"result","fields":[0,0,0,0],"id":236528143958019,"type":105}
@nix {"action":"result","fields":[101,0],"id":236528143958017,"type":106}
@nix {"action":"result","fields":[100,0],"id":236528143958017,"type":106}
@nix {"action":"start","fields":["/Users/hetzner/obrador-shared-pins-20260909/round-1-after/wide-round-1-jobs-8/store/vnqfza8ja15n8kj753sakqm9dbaikwjb-leaf-9.drv.drv","",1,1],"id":236528143958034,"level":3,"parent":0,"text":"building '/Users/hetzner/obrador-shared-pins-20260909/round-1-after/wide-round-1-jobs-8/store/vnqfza8ja15n8kj753sakqm9dbaikwjb-leaf-9.drv.drv'","type":105}
@nix {"action":"result","fields":[7,32,8,0],"id":236528143958018,"type":105}
@nix {"action":"result","fields":[0,0,0,0],"id":236528143958019,"type":105}
@nix {"action":"result","fields":[101,0],"id":236528143958017,"type":106}
@nix {"action":"result","fields":[100,0],"id":236528143958017,"type":106}
@nix {"action":"result","fields":[7,33,8,0],"id":236528143958018,"type":105}
@nix {"action":"result","fields":[0,0,0,0],"id":236528143958019,"type":105}
@nix {"action":"result","fields":[101,0],"id":236528143958017,"type":106}
@nix {"action":"result","fields":[100,0],"id":236528143958017,"type":106}
@nix {"action":"result","fields":[7,34,8,0],"id":236528143958018,"type":105}
@nix {"action":"result","fields":[0,0,0,0],"id":236528143958019,"type":105}
@nix {"action":"result","fields":[101,0],"id":236528143958017,"type":106}
@nix {"action":"result","fields":[100,0],"id":236528143958017,"type":106}
@nix {"action":"result","fields":[7,35,8,0],"id":236528143958018,"type":105}
@nix {"action":"result","fields":[0,0,0,0],"id":236528143958019,"type":105}
@nix {"action":"result","fields":[101,0],"id":236528143958017,"type":106}
@nix {"action":"result","fields":[100,0],"id":236528143958017,"type":106}
@nix {"action":"result","fields":[7,36,8,0],"id":236528143958018,"type":105}
@nix {"action":"result","fields":[0,0,0,0],"id":236528143958019,"type":105}
@nix {"action":"result","fields":[101,0],"id":236528143958017,"type":106}
@nix {"action":"result","fields":[100,0],"id":236528143958017,"type":106}
@nix {"action":"result","fields":[7,37,8,0],"id":236528143958018,"type":105}
@nix {"action":"result","fields":[0,0,0,0],"id":236528143958019,"type":105}
@nix {"action":"result","fields":[101,0],"id":236528143958017,"type":106}
@nix {"action":"result","fields":[100,0],"id":236528143958017,"type":106}
@nix {"action":"result","fields":[7,38,8,0],"id":236528143958018,"type":105}
@nix {"action":"result","fields":[0,0,0,0],"id":236528143958019,"type":105}
@nix {"action":"result","fields":[101,0],"id":236528143958017,"type":106}
@nix {"action":"result","fields":[100,0],"id":236528143958017,"type":106}
@nix {"action":"result","fields":[7,39,8,0],"id":236528143958018,"type":105}
@nix {"action":"result","fields":[0,0,0,0],"id":236528143958019,"type":105}
@nix {"action":"result","fields":[101,0],"id":236528143958017,"type":106}
@nix {"action":"result","fields":[100,0],"id":236528143958017,"type":106}
@nix {"action":"result","fields":[8,40,7,0],"id":236528143958018,"type":105}
@nix {"action":"result","fields":[0,0,0,0],"id":236528143958019,"type":105}
@nix {"action":"result","fields":[101,0],"id":236528143958017,"type":106}
@nix {"action":"result","fields":[100,0],"id":236528143958017,"type":106}
@nix {"action":"stop","id":236528143958027}
@nix {"action":"result","fields":[9,41,6,0],"id":236528143958018,"type":105}
@nix {"action":"result","fields":[0,0,0,0],"id":236528143958019,"type":105}
@nix {"action":"result","fields":[101,0],"id":236528143958017,"type":106}
@nix {"action":"result","fields":[100,0],"id":236528143958017,"type":106}
@nix {"action":"stop","id":236528143958028}
@nix {"action":"result","fields":[10,42,5,0],"id":236528143958018,"type":105}
@nix {"action":"result","fields":[0,0,0,0],"id":236528143958019,"type":105}
@nix {"action":"result","fields":[101,0],"id":236528143958017,"type":106}
@nix {"action":"result","fields":[100,0],"id":236528143958017,"type":106}
@nix {"action":"stop","id":236528143958029}
@nix {"action":"result","fields":[11,43,4,0],"id":236528143958018,"type":105}
@nix {"action":"result","fields":[0,0,0,0],"id":236528143958019,"type":105}
@nix {"action":"result","fields":[101,0],"id":236528143958017,"type":106}
@nix {"action":"result","fields":[100,0],"id":236528143958017,"type":106}
@nix {"action":"stop","id":236528143958030}
@nix {"action":"result","fields":[12,44,3,0],"id":236528143958018,"type":105}
@nix {"action":"result","fields":[0,0,0,0],"id":236528143958019,"type":105}
@nix {"action":"result","fields":[101,0],"id":236528143958017,"type":106}
@nix {"action":"result","fields":[100,0],"id":236528143958017,"type":106}
@nix {"action":"stop","id":236528143958031}
@nix {"action":"result","fields":[13,45,2,0],"id":236528143958018,"type":105}
@nix {"action":"result","fields":[0,0,0,0],"id":236528143958019,"type":105}
@nix {"action":"result","fields":[101,0],"id":236528143958017,"type":106}
@nix {"action":"result","fields":[100,0],"id":236528143958017,"type":106}
@nix {"action":"stop","id":236528143958032}
@nix {"action":"result","fields":[14,46,1,0],"id":236528143958018,"type":105}
@nix {"action":"result","fields":[0,0,0,0],"id":236528143958019,"type":105}
@nix {"action":"result","fields":[101,0],"id":236528143958017,"type":106}
@nix {"action":"result","fields":[100,0],"id":236528143958017,"type":106}
@nix {"action":"stop","id":236528143958033}
@nix {"action":"start","fields":["/Users/hetzner/obrador-shared-pins-20260909/round-1-after/wide-round-1-jobs-8/store/8pj7isbb7cknhixfhz2im93s484fx986-leaf-0.drv","",1,1],"id":236528143958035,"level":3,"parent":0,"text":"building '/Users/hetzner/obrador-shared-pins-20260909/round-1-after/wide-round-1-jobs-8/store/8pj7isbb7cknhixfhz2im93s484fx986-leaf-0.drv'","type":105}
@nix {"action":"result","fields":[14,39,2,0],"id":236528143958018,"type":105}
@nix {"action":"result","fields":[0,0,0,0],"id":236528143958019,"type":105}
@nix {"action":"result","fields":[101,0],"id":236528143958017,"type":106}
@nix {"action":"result","fields":[100,0],"id":236528143958017,"type":106}
@nix {"action":"start","fields":["/Users/hetzner/obrador-shared-pins-20260909/round-1-after/wide-round-1-jobs-8/store/c88434nyyx6ygawyw6blbsmxhf46j029-leaf-1.drv","",1,1],"id":236528143958036,"level":3,"parent":0,"text":"building '/Users/hetzner/obrador-shared-pins-20260909/round-1-after/wide-round-1-jobs-8/store/c88434nyyx6ygawyw6blbsmxhf46j029-leaf-1.drv'","type":105}
@nix {"action":"result","fields":[14,39,3,0],"id":236528143958018,"type":105}
@nix {"action":"result","fields":[0,0,0,0],"id":236528143958019,"type":105}
@nix {"action":"result","fields":[101,0],"id":236528143958017,"type":106}
@nix {"action":"result","fields":[100,0],"id":236528143958017,"type":106}
@nix {"action":"start","fields":["/Users/hetzner/obrador-shared-pins-20260909/round-1-after/wide-round-1-jobs-8/store/nx55drmgz6np3yzq8yn94n7sq630wpgx-leaf-10.drv","",1,1],"id":236528143958037,"level":3,"parent":0,"text":"building '/Users/hetzner/obrador-shared-pins-20260909/round-1-after/wide-round-1-jobs-8/store/nx55drmgz6np3yzq8yn94n7sq630wpgx-leaf-10.drv'","type":105}
@nix {"action":"result","fields":[14,39,4,0],"id":236528143958018,"type":105}
@nix {"action":"result","fields":[0,0,0,0],"id":236528143958019,"type":105}
@nix {"action":"result","fields":[101,0],"id":236528143958017,"type":106}
@nix {"action":"result","fields":[100,0],"id":236528143958017,"type":106}
@nix {"action":"start","fields":["/Users/hetzner/obrador-shared-pins-20260909/round-1-after/wide-round-1-jobs-8/store/lz46ia9awgc55qy0fcb7sx4p0milmx26-leaf-11.drv","",1,1],"id":236528143958038,"level":3,"parent":0,"text":"building '/Users/hetzner/obrador-shared-pins-20260909/round-1-after/wide-round-1-jobs-8/store/lz46ia9awgc55qy0fcb7sx4p0milmx26-leaf-11.drv'","type":105}
@nix {"action":"result","fields":[14,39,5,0],"id":236528143958018,"type":105}
@nix {"action":"result","fields":[0,0,0,0],"id":236528143958019,"type":105}
@nix {"action":"result","fields":[101,0],"id":236528143958017,"type":106}
@nix {"action":"result","fields":[100,0],"id":236528143958017,"type":106}
@nix {"action":"start","fields":["/Users/hetzner/obrador-shared-pins-20260909/round-1-after/wide-round-1-jobs-8/store/yd1sl1r1v84dr0g52y45pr9lkxmrfkic-leaf-12.drv","",1,1],"id":236528143958039,"level":3,"parent":0,"text":"building '/Users/hetzner/obrador-shared-pins-20260909/round-1-after/wide-round-1-jobs-8/store/yd1sl1r1v84dr0g52y45pr9lkxmrfkic-leaf-12.drv'","type":105}
@nix {"action":"result","fields":[14,39,6,0],"id":236528143958018,"type":105}
@nix {"action":"result","fields":[0,0,0,0],"id":236528143958019,"type":105}
@nix {"action":"result","fields":[101,0],"id":236528143958017,"type":106}
@nix {"action":"result","fields":[100,0],"id":236528143958017,"type":106}
@nix {"action":"start","fields":["/Users/hetzner/obrador-shared-pins-20260909/round-1-after/wide-round-1-jobs-8/store/wa5grcgk92zg3k8x5m5hl4kylrg5hzaa-leaf-13.drv","",1,1],"id":236528143958040,"level":3,"parent":0,"text":"building '/Users/hetzner/obrador-shared-pins-20260909/round-1-after/wide-round-1-jobs-8/store/wa5grcgk92zg3k8x5m5hl4kylrg5hzaa-leaf-13.drv'","type":105}
@nix {"action":"result","fields":[14,39,7,0],"id":236528143958018,"type":105}
@nix {"action":"result","fields":[0,0,0,0],"id":236528143958019,"type":105}
@nix {"action":"result","fields":[101,0],"id":236528143958017,"type":106}
@nix {"action":"result","fields":[100,0],"id":236528143958017,"type":106}
@nix {"action":"start","fields":["/Users/hetzner/obrador-shared-pins-20260909/round-1-after/wide-round-1-jobs-8/store/bcmwshiflqzyg19sclva9w20zr47y9m6-leaf-14.drv","",1,1],"id":236528143958041,"level":3,"parent":0,"text":"building '/Users/hetzner/obrador-shared-pins-20260909/round-1-after/wide-round-1-jobs-8/store/bcmwshiflqzyg19sclva9w20zr47y9m6-leaf-14.drv'","type":105}
@nix {"action":"result","fields":[14,39,8,0],"id":236528143958018,"type":105}
@nix {"action":"result","fields":[0,0,0,0],"id":236528143958019,"type":105}
@nix {"action":"result","fields":[101,0],"id":236528143958017,"type":106}
@nix {"action":"result","fields":[100,0],"id":236528143958017,"type":106}
@nix {"action":"result","fields":[14,40,8,0],"id":236528143958018,"type":105}
@nix {"action":"result","fields":[0,0,0,0],"id":236528143958019,"type":105}
@nix {"action":"result","fields":[101,0],"id":236528143958017,"type":106}
@nix {"action":"result","fields":[100,0],"id":236528143958017,"type":106}
@nix {"action":"result","fields":[14,41,8,0],"id":236528143958018,"type":105}
@nix {"action":"result","fields":[0,0,0,0],"id":236528143958019,"type":105}
@nix {"action":"result","fields":[101,0],"id":236528143958017,"type":106}
@nix {"action":"result","fields":[100,0],"id":236528143958017,"type":106}
@nix {"action":"result","fields":[14,42,8,0],"id":236528143958018,"type":105}
@nix {"action":"result","fields":[0,0,0,0],"id":236528143958019,"type":105}
@nix {"action":"result","fields":[101,0],"id":236528143958017,"type":106}
@nix {"action":"result","fields":[100,0],"id":236528143958017,"type":106}
@nix {"action":"result","fields":[14,43,8,0],"id":236528143958018,"type":105}
@nix {"action":"result","fields":[0,0,0,0],"id":236528143958019,"type":105}
@nix {"action":"result","fields":[101,0],"id":236528143958017,"type":106}
@nix {"action":"result","fields":[100,0],"id":236528143958017,"type":106}
@nix {"action":"result","fields":[14,44,8,0],"id":236528143958018,"type":105}
@nix {"action":"result","fields":[0,0,0,0],"id":236528143958019,"type":105}
@nix {"action":"result","fields":[101,0],"id":236528143958017,"type":106}
@nix {"action":"result","fields":[100,0],"id":236528143958017,"type":106}
@nix {"action":"result","fields":[14,45,8,0],"id":236528143958018,"type":105}
@nix {"action":"result","fields":[0,0,0,0],"id":236528143958019,"type":105}
@nix {"action":"result","fields":[101,0],"id":236528143958017,"type":106}
@nix {"action":"result","fields":[100,0],"id":236528143958017,"type":106}
@nix {"action":"result","fields":[14,46,8,0],"id":236528143958018,"type":105}
@nix {"action":"result","fields":[0,0,0,0],"id":236528143958019,"type":105}
@nix {"action":"result","fields":[101,0],"id":236528143958017,"type":106}
@nix {"action":"result","fields":[100,0],"id":236528143958017,"type":106}
@nix {"action":"result","fields":[15,47,7,0],"id":236528143958018,"type":105}
@nix {"action":"result","fields":[0,0,0,0],"id":236528143958019,"type":105}
@nix {"action":"result","fields":[101,0],"id":236528143958017,"type":106}
@nix {"action":"result","fields":[100,0],"id":236528143958017,"type":106}
@nix {"action":"stop","id":236528143958035}
@nix {"action":"result","fields":[16,48,6,0],"id":236528143958018,"type":105}
@nix {"action":"result","fields":[0,0,0,0],"id":236528143958019,"type":105}
@nix {"action":"result","fields":[101,0],"id":236528143958017,"type":106}
@nix {"action":"result","fields":[100,0],"id":236528143958017,"type":106}
@nix {"action":"stop","id":236528143958036}
@nix {"action":"result","fields":[17,49,5,0],"id":236528143958018,"type":105}
@nix {"action":"result","fields":[0,0,0,0],"id":236528143958019,"type":105}
@nix {"action":"result","fields":[101,0],"id":236528143958017,"type":106}
@nix {"action":"result","fields":[100,0],"id":236528143958017,"type":106}
@nix {"action":"stop","id":236528143958037}
@nix {"action":"result","fields":[18,50,4,0],"id":236528143958018,"type":105}
@nix {"action":"result","fields":[0,0,0,0],"id":236528143958019,"type":105}
@nix {"action":"result","fields":[101,0],"id":236528143958017,"type":106}
@nix {"action":"result","fields":[100,0],"id":236528143958017,"type":106}
@nix {"action":"stop","id":236528143958038}
@nix {"action":"result","fields":[19,51,3,0],"id":236528143958018,"type":105}
@nix {"action":"result","fields":[0,0,0,0],"id":236528143958019,"type":105}
@nix {"action":"result","fields":[101,0],"id":236528143958017,"type":106}
@nix {"action":"result","fields":[100,0],"id":236528143958017,"type":106}
@nix {"action":"stop","id":236528143958039}
@nix {"action":"result","fields":[20,52,2,0],"id":236528143958018,"type":105}
@nix {"action":"result","fields":[0,0,0,0],"id":236528143958019,"type":105}
@nix {"action":"result","fields":[101,0],"id":236528143958017,"type":106}
@nix {"action":"result","fields":[100,0],"id":236528143958017,"type":106}
@nix {"action":"stop","id":236528143958040}
@nix {"action":"result","fields":[21,53,1,0],"id":236528143958018,"type":105}
@nix {"action":"result","fields":[0,0,0,0],"id":236528143958019,"type":105}
@nix {"action":"result","fields":[101,0],"id":236528143958017,"type":106}
@nix {"action":"result","fields":[100,0],"id":236528143958017,"type":106}
@nix {"action":"stop","id":236528143958034}
@nix {"action":"start","fields":["/Users/hetzner/obrador-shared-pins-20260909/round-1-after/wide-round-1-jobs-8/store/w45csvw2hgbxmdqh9bcqp4qd1mx07d4j-leaf-15.drv","",1,1],"id":236528143958042,"level":3,"parent":0,"text":"building '/Users/hetzner/obrador-shared-pins-20260909/round-1-after/wide-round-1-jobs-8/store/w45csvw2hgbxmdqh9bcqp4qd1mx07d4j-leaf-15.drv'","type":105}
@nix {"action":"result","fields":[21,46,2,0],"id":236528143958018,"type":105}
@nix {"action":"result","fields":[0,0,0,0],"id":236528143958019,"type":105}
@nix {"action":"result","fields":[101,0],"id":236528143958017,"type":106}
@nix {"action":"result","fields":[100,0],"id":236528143958017,"type":106}
@nix {"action":"start","fields":["/Users/hetzner/obrador-shared-pins-20260909/round-1-after/wide-round-1-jobs-8/store/6fljwk9q65cbc2lbwb06xi86l414jiqh-leaf-31.drv","",1,1],"id":236528143958043,"level":3,"parent":0,"text":"building '/Users/hetzner/obrador-shared-pins-20260909/round-1-after/wide-round-1-jobs-8/store/6fljwk9q65cbc2lbwb06xi86l414jiqh-leaf-31.drv'","type":105}
@nix {"action":"result","fields":[21,46,3,0],"id":236528143958018,"type":105}
@nix {"action":"result","fields":[0,0,0,0],"id":236528143958019,"type":105}
@nix {"action":"result","fields":[101,0],"id":236528143958017,"type":106}
@nix {"action":"result","fields":[100,0],"id":236528143958017,"type":106}
@nix {"action":"start","fields":["/Users/hetzner/obrador-shared-pins-20260909/round-1-after/wide-round-1-jobs-8/store/mv0kjlrdnh54p8ha1z9ia7yqp191g0wp-leaf-4.drv","",1,1],"id":236528143958044,"level":3,"parent":0,"text":"building '/Users/hetzner/obrador-shared-pins-20260909/round-1-after/wide-round-1-jobs-8/store/mv0kjlrdnh54p8ha1z9ia7yqp191g0wp-leaf-4.drv'","type":105}
@nix {"action":"result","fields":[21,46,4,0],"id":236528143958018,"type":105}
@nix {"action":"result","fields":[0,0,0,0],"id":236528143958019,"type":105}
@nix {"action":"result","fields":[101,0],"id":236528143958017,"type":106}
@nix {"action":"result","fields":[100,0],"id":236528143958017,"type":106}
@nix {"action":"start","fields":["/Users/hetzner/obrador-shared-pins-20260909/round-1-after/wide-round-1-jobs-8/store/gc66sldg7387h3vh5s2c2mk0i0pz9i73-leaf-5.drv","",1,1],"id":236528143958045,"level":3,"parent":0,"text":"building '/Users/hetzner/obrador-shared-pins-20260909/round-1-after/wide-round-1-jobs-8/store/gc66sldg7387h3vh5s2c2mk0i0pz9i73-leaf-5.drv'","type":105}
@nix {"action":"result","fields":[21,46,5,0],"id":236528143958018,"type":105}
@nix {"action":"result","fields":[0,0,0,0],"id":236528143958019,"type":105}
@nix {"action":"result","fields":[101,0],"id":236528143958017,"type":106}
@nix {"action":"result","fields":[100,0],"id":236528143958017,"type":106}
@nix {"action":"start","fields":["/Users/hetzner/obrador-shared-pins-20260909/round-1-after/wide-round-1-jobs-8/store/hjsisk33j1570sn792sxgfrc3n4xbzq3-leaf-6.drv","",1,1],"id":236528143958046,"level":3,"parent":0,"text":"building '/Users/hetzner/obrador-shared-pins-20260909/round-1-after/wide-round-1-jobs-8/store/hjsisk33j1570sn792sxgfrc3n4xbzq3-leaf-6.drv'","type":105}
@nix {"action":"result","fields":[21,46,6,0],"id":236528143958018,"type":105}
@nix {"action":"result","fields":[0,0,0,0],"id":236528143958019,"type":105}
@nix {"action":"result","fields":[101,0],"id":236528143958017,"type":106}
@nix {"action":"result","fields":[100,0],"id":236528143958017,"type":106}
@nix {"action":"start","fields":["/Users/hetzner/obrador-shared-pins-20260909/round-1-after/wide-round-1-jobs-8/store/cwnh75dl2hhvhy4i5l33v2ri4slasnss-leaf-7.drv","",1,1],"id":236528143958047,"level":3,"parent":0,"text":"building '/Users/hetzner/obrador-shared-pins-20260909/round-1-after/wide-round-1-jobs-8/store/cwnh75dl2hhvhy4i5l33v2ri4slasnss-leaf-7.drv'","type":105}
@nix {"action":"result","fields":[21,46,7,0],"id":236528143958018,"type":105}
@nix {"action":"result","fields":[0,0,0,0],"id":236528143958019,"type":105}
@nix {"action":"result","fields":[101,0],"id":236528143958017,"type":106}
@nix {"action":"result","fields":[100,0],"id":236528143958017,"type":106}
@nix {"action":"start","fields":["/Users/hetzner/obrador-shared-pins-20260909/round-1-after/wide-round-1-jobs-8/store/93vybls30vczsqah7k61j6aa5bbrd1i1-leaf-8.drv","",1,1],"id":236528143958048,"level":3,"parent":0,"text":"building '/Users/hetzner/obrador-shared-pins-20260909/round-1-after/wide-round-1-jobs-8/store/93vybls30vczsqah7k61j6aa5bbrd1i1-leaf-8.drv'","type":105}
@nix {"action":"result","fields":[21,46,8,0],"id":236528143958018,"type":105}
@nix {"action":"result","fields":[0,0,0,0],"id":236528143958019,"type":105}
@nix {"action":"result","fields":[101,0],"id":236528143958017,"type":106}
@nix {"action":"result","fields":[100,0],"id":236528143958017,"type":106}
@nix {"action":"result","fields":[21,47,8,0],"id":236528143958018,"type":105}
@nix {"action":"result","fields":[0,0,0,0],"id":236528143958019,"type":105}
@nix {"action":"result","fields":[101,0],"id":236528143958017,"type":106}
@nix {"action":"result","fields":[100,0],"id":236528143958017,"type":106}
@nix {"action":"result","fields":[22,48,7,0],"id":236528143958018,"type":105}
@nix {"action":"result","fields":[0,0,0,0],"id":236528143958019,"type":105}
@nix {"action":"result","fields":[101,0],"id":236528143958017,"type":106}
@nix {"action":"result","fields":[100,0],"id":236528143958017,"type":106}
@nix {"action":"stop","id":236528143958041}
@nix {"action":"result","fields":[23,49,6,0],"id":236528143958018,"type":105}
@nix {"action":"result","fields":[0,0,0,0],"id":236528143958019,"type":105}
@nix {"action":"result","fields":[101,0],"id":236528143958017,"type":106}
@nix {"action":"result","fields":[100,0],"id":236528143958017,"type":106}
@nix {"action":"stop","id":236528143958042}
@nix {"action":"result","fields":[24,50,5,0],"id":236528143958018,"type":105}
@nix {"action":"result","fields":[0,0,0,0],"id":236528143958019,"type":105}
@nix {"action":"result","fields":[101,0],"id":236528143958017,"type":106}
@nix {"action":"result","fields":[100,0],"id":236528143958017,"type":106}
@nix {"action":"stop","id":236528143958043}
@nix {"action":"result","fields":[25,51,4,0],"id":236528143958018,"type":105}
@nix {"action":"result","fields":[0,0,0,0],"id":236528143958019,"type":105}
@nix {"action":"result","fields":[101,0],"id":236528143958017,"type":106}
@nix {"action":"result","fields":[100,0],"id":236528143958017,"type":106}
@nix {"action":"stop","id":236528143958044}
@nix {"action":"result","fields":[26,52,3,0],"id":236528143958018,"type":105}
@nix {"action":"result","fields":[0,0,0,0],"id":236528143958019,"type":105}
@nix {"action":"result","fields":[101,0],"id":236528143958017,"type":106}
@nix {"action":"result","fields":[100,0],"id":236528143958017,"type":106}
@nix {"action":"stop","id":236528143958045}
@nix {"action":"result","fields":[27,53,2,0],"id":236528143958018,"type":105}
@nix {"action":"result","fields":[0,0,0,0],"id":236528143958019,"type":105}
@nix {"action":"result","fields":[101,0],"id":236528143958017,"type":106}
@nix {"action":"result","fields":[100,0],"id":236528143958017,"type":106}
@nix {"action":"stop","id":236528143958046}
@nix {"action":"result","fields":[28,54,1,0],"id":236528143958018,"type":105}
@nix {"action":"result","fields":[0,0,0,0],"id":236528143958019,"type":105}
@nix {"action":"result","fields":[101,0],"id":236528143958017,"type":106}
@nix {"action":"result","fields":[100,0],"id":236528143958017,"type":106}
@nix {"action":"stop","id":236528143958047}
@nix {"action":"start","fields":["/Users/hetzner/obrador-shared-pins-20260909/round-1-after/wide-round-1-jobs-8/store/vncbr789mnlc8cmxq82nl0x3jk48bb1g-leaf-26.drv.drv","",1,1],"id":236528143958049,"level":3,"parent":0,"text":"building '/Users/hetzner/obrador-shared-pins-20260909/round-1-after/wide-round-1-jobs-8/store/vncbr789mnlc8cmxq82nl0x3jk48bb1g-leaf-26.drv.drv'","type":105}
@nix {"action":"result","fields":[28,47,2,0],"id":236528143958018,"type":105}
@nix {"action":"result","fields":[0,0,0,0],"id":236528143958019,"type":105}
@nix {"action":"result","fields":[101,0],"id":236528143958017,"type":106}
@nix {"action":"result","fields":[100,0],"id":236528143958017,"type":106}
@nix {"action":"start","fields":["/Users/hetzner/obrador-shared-pins-20260909/round-1-after/wide-round-1-jobs-8/store/ihgrzv53v3j0bc6f423bq2fyylfn355v-leaf-27.drv.drv","",1,1],"id":236528143958050,"level":3,"parent":0,"text":"building '/Users/hetzner/obrador-shared-pins-20260909/round-1-after/wide-round-1-jobs-8/store/ihgrzv53v3j0bc6f423bq2fyylfn355v-leaf-27.drv.drv'","type":105}
@nix {"action":"result","fields":[28,47,3,0],"id":236528143958018,"type":105}
@nix {"action":"result","fields":[0,0,0,0],"id":236528143958019,"type":105}
@nix {"action":"result","fields":[101,0],"id":236528143958017,"type":106}
@nix {"action":"result","fields":[100,0],"id":236528143958017,"type":106}
@nix {"action":"start","fields":["/Users/hetzner/obrador-shared-pins-20260909/round-1-after/wide-round-1-jobs-8/store/dqhw6czcamghj4qpkbg9nk6cs2qlbgbr-leaf-28.drv.drv","",1,1],"id":236528143958051,"level":3,"parent":0,"text":"building '/Users/hetzner/obrador-shared-pins-20260909/round-1-after/wide-round-1-jobs-8/store/dqhw6czcamghj4qpkbg9nk6cs2qlbgbr-leaf-28.drv.drv'","type":105}
@nix {"action":"result","fields":[28,47,4,0],"id":236528143958018,"type":105}
@nix {"action":"result","fields":[0,0,0,0],"id":236528143958019,"type":105}
@nix {"action":"result","fields":[101,0],"id":236528143958017,"type":106}
@nix {"action":"result","fields":[100,0],"id":236528143958017,"type":106}
@nix {"action":"start","fields":["/Users/hetzner/obrador-shared-pins-20260909/round-1-after/wide-round-1-jobs-8/store/lsn4gsl9qdqzwhsm0ngd5lv3x10jigdg-leaf-29.drv.drv","",1,1],"id":236528143958052,"level":3,"parent":0,"text":"building '/Users/hetzner/obrador-shared-pins-20260909/round-1-after/wide-round-1-jobs-8/store/lsn4gsl9qdqzwhsm0ngd5lv3x10jigdg-leaf-29.drv.drv'","type":105}
@nix {"action":"result","fields":[28,47,5,0],"id":236528143958018,"type":105}
@nix {"action":"result","fields":[0,0,0,0],"id":236528143958019,"type":105}
@nix {"action":"result","fields":[101,0],"id":236528143958017,"type":106}
@nix {"action":"result","fields":[100,0],"id":236528143958017,"type":106}
@nix {"action":"start","fields":["/Users/hetzner/obrador-shared-pins-20260909/round-1-after/wide-round-1-jobs-8/store/1i3i6aj6c6ypkjlmi3z2dhddjzvz2pjd-leaf-3.drv.drv","",1,1],"id":236528143958053,"level":3,"parent":0,"text":"building '/Users/hetzner/obrador-shared-pins-20260909/round-1-after/wide-round-1-jobs-8/store/1i3i6aj6c6ypkjlmi3z2dhddjzvz2pjd-leaf-3.drv.drv'","type":105}
@nix {"action":"result","fields":[28,47,6,0],"id":236528143958018,"type":105}
@nix {"action":"result","fields":[0,0,0,0],"id":236528143958019,"type":105}
@nix {"action":"result","fields":[101,0],"id":236528143958017,"type":106}
@nix {"action":"result","fields":[100,0],"id":236528143958017,"type":106}
@nix {"action":"start","fields":["/Users/hetzner/obrador-shared-pins-20260909/round-1-after/wide-round-1-jobs-8/store/fzl5247vm2f7ql4hdp9ic9rpfgcn4kwc-leaf-30.drv.drv","",1,1],"id":236528143958054,"level":3,"parent":0,"text":"building '/Users/hetzner/obrador-shared-pins-20260909/round-1-after/wide-round-1-jobs-8/store/fzl5247vm2f7ql4hdp9ic9rpfgcn4kwc-leaf-30.drv.drv'","type":105}
@nix {"action":"result","fields":[28,47,7,0],"id":236528143958018,"type":105}
@nix {"action":"result","fields":[0,0,0,0],"id":236528143958019,"type":105}
@nix {"action":"result","fields":[101,0],"id":236528143958017,"type":106}
@nix {"action":"result","fields":[100,0],"id":236528143958017,"type":106}
@nix {"action":"start","fields":["/Users/hetzner/obrador-shared-pins-20260909/round-1-after/wide-round-1-jobs-8/store/k239vx9w2mmabgwd9sf081jy6wa6nbz2-leaf-9.drv","",1,1],"id":236528143958055,"level":3,"parent":0,"text":"building '/Users/hetzner/obrador-shared-pins-20260909/round-1-after/wide-round-1-jobs-8/store/k239vx9w2mmabgwd9sf081jy6wa6nbz2-leaf-9.drv'","type":105}
@nix {"action":"result","fields":[28,47,8,0],"id":236528143958018,"type":105}
@nix {"action":"result","fields":[0,0,0,0],"id":236528143958019,"type":105}
@nix {"action":"result","fields":[101,0],"id":236528143958017,"type":106}
@nix {"action":"result","fields":[100,0],"id":236528143958017,"type":106}
@nix {"action":"result","fields":[29,48,7,0],"id":236528143958018,"type":105}
@nix {"action":"result","fields":[0,0,0,0],"id":236528143958019,"type":105}
@nix {"action":"result","fields":[101,0],"id":236528143958017,"type":106}
@nix {"action":"result","fields":[100,0],"id":236528143958017,"type":106}
@nix {"action":"stop","id":236528143958049}
@nix {"action":"result","fields":[30,49,6,0],"id":236528143958018,"type":105}
@nix {"action":"result","fields":[0,0,0,0],"id":236528143958019,"type":105}
@nix {"action":"result","fields":[101,0],"id":236528143958017,"type":106}
@nix {"action":"result","fields":[100,0],"id":236528143958017,"type":106}
@nix {"action":"stop","id":236528143958050}
@nix {"action":"result","fields":[31,50,5,0],"id":236528143958018,"type":105}
@nix {"action":"result","fields":[0,0,0,0],"id":236528143958019,"type":105}
@nix {"action":"result","fields":[101,0],"id":236528143958017,"type":106}
@nix {"action":"result","fields":[100,0],"id":236528143958017,"type":106}
@nix {"action":"stop","id":236528143958051}
@nix {"action":"result","fields":[32,51,4,0],"id":236528143958018,"type":105}
@nix {"action":"result","fields":[0,0,0,0],"id":236528143958019,"type":105}
@nix {"action":"result","fields":[101,0],"id":236528143958017,"type":106}
@nix {"action":"result","fields":[100,0],"id":236528143958017,"type":106}
@nix {"action":"stop","id":236528143958052}
@nix {"action":"result","fields":[33,52,3,0],"id":236528143958018,"type":105}
@nix {"action":"result","fields":[0,0,0,0],"id":236528143958019,"type":105}
@nix {"action":"result","fields":[101,0],"id":236528143958017,"type":106}
@nix {"action":"result","fields":[100,0],"id":236528143958017,"type":106}
@nix {"action":"stop","id":236528143958053}
@nix {"action":"result","fields":[34,53,2,0],"id":236528143958018,"type":105}
@nix {"action":"result","fields":[0,0,0,0],"id":236528143958019,"type":105}
@nix {"action":"result","fields":[101,0],"id":236528143958017,"type":106}
@nix {"action":"result","fields":[100,0],"id":236528143958017,"type":106}
@nix {"action":"stop","id":236528143958054}
@nix {"action":"result","fields":[35,54,1,0],"id":236528143958018,"type":105}
@nix {"action":"result","fields":[0,0,0,0],"id":236528143958019,"type":105}
@nix {"action":"result","fields":[101,0],"id":236528143958017,"type":106}
@nix {"action":"result","fields":[100,0],"id":236528143958017,"type":106}
@nix {"action":"stop","id":236528143958048}
@nix {"action":"start","fields":["/Users/hetzner/obrador-shared-pins-20260909/round-1-after/wide-round-1-jobs-8/store/q4ry1asjyhlpf8p0s88ax2vfv5mg0i3k-leaf-16.drv.drv","",1,1],"id":236528143958056,"level":3,"parent":0,"text":"building '/Users/hetzner/obrador-shared-pins-20260909/round-1-after/wide-round-1-jobs-8/store/q4ry1asjyhlpf8p0s88ax2vfv5mg0i3k-leaf-16.drv.drv'","type":105}
@nix {"action":"result","fields":[35,47,2,0],"id":236528143958018,"type":105}
@nix {"action":"result","fields":[0,0,0,0],"id":236528143958019,"type":105}
@nix {"action":"result","fields":[101,0],"id":236528143958017,"type":106}
@nix {"action":"result","fields":[100,0],"id":236528143958017,"type":106}
@nix {"action":"start","fields":["/Users/hetzner/obrador-shared-pins-20260909/round-1-after/wide-round-1-jobs-8/store/djh6rx0y83s9f95nbdra5cn7zsm8xilf-leaf-17.drv.drv","",1,1],"id":236528143958057,"level":3,"parent":0,"text":"building '/Users/hetzner/obrador-shared-pins-20260909/round-1-after/wide-round-1-jobs-8/store/djh6rx0y83s9f95nbdra5cn7zsm8xilf-leaf-17.drv.drv'","type":105}
@nix {"action":"result","fields":[35,47,3,0],"id":236528143958018,"type":105}
@nix {"action":"result","fields":[0,0,0,0],"id":236528143958019,"type":105}
@nix {"action":"result","fields":[101,0],"id":236528143958017,"type":106}
@nix {"action":"result","fields":[100,0],"id":236528143958017,"type":106}
@nix {"action":"start","fields":["/Users/hetzner/obrador-shared-pins-20260909/round-1-after/wide-round-1-jobs-8/store/2xyjjzz9w9jqg75pr4h0ragxail8551x-leaf-18.drv.drv","",1,1],"id":236528143958058,"level":3,"parent":0,"text":"building '/Users/hetzner/obrador-shared-pins-20260909/round-1-after/wide-round-1-jobs-8/store/2xyjjzz9w9jqg75pr4h0ragxail8551x-leaf-18.drv.drv'","type":105}
@nix {"action":"result","fields":[35,47,4,0],"id":236528143958018,"type":105}
@nix {"action":"result","fields":[0,0,0,0],"id":236528143958019,"type":105}
@nix {"action":"result","fields":[101,0],"id":236528143958017,"type":106}
@nix {"action":"result","fields":[100,0],"id":236528143958017,"type":106}
@nix {"action":"start","fields":["/Users/hetzner/obrador-shared-pins-20260909/round-1-after/wide-round-1-jobs-8/store/2sgdsy5g1a5k33s1wkj4ay4m18k13i3n-leaf-22.drv.drv","",1,1],"id":236528143958059,"level":3,"parent":0,"text":"building '/Users/hetzner/obrador-shared-pins-20260909/round-1-after/wide-round-1-jobs-8/store/2sgdsy5g1a5k33s1wkj4ay4m18k13i3n-leaf-22.drv.drv'","type":105}
@nix {"action":"result","fields":[35,47,5,0],"id":236528143958018,"type":105}
@nix {"action":"result","fields":[0,0,0,0],"id":236528143958019,"type":105}
@nix {"action":"result","fields":[101,0],"id":236528143958017,"type":106}
@nix {"action":"result","fields":[100,0],"id":236528143958017,"type":106}
@nix {"action":"start","fields":["/Users/hetzner/obrador-shared-pins-20260909/round-1-after/wide-round-1-jobs-8/store/wl1piaf3dj2s1xh5rpm5mvpph3yxh1wx-leaf-23.drv.drv","",1,1],"id":236528143958060,"level":3,"parent":0,"text":"building '/Users/hetzner/obrador-shared-pins-20260909/round-1-after/wide-round-1-jobs-8/store/wl1piaf3dj2s1xh5rpm5mvpph3yxh1wx-leaf-23.drv.drv'","type":105}
@nix {"action":"result","fields":[35,47,6,0],"id":236528143958018,"type":105}
@nix {"action":"result","fields":[0,0,0,0],"id":236528143958019,"type":105}
@nix {"action":"result","fields":[101,0],"id":236528143958017,"type":106}
@nix {"action":"result","fields":[100,0],"id":236528143958017,"type":106}
@nix {"action":"start","fields":["/Users/hetzner/obrador-shared-pins-20260909/round-1-after/wide-round-1-jobs-8/store/vi070wkmfc1c40bwbyhz4qvd4qkmflfg-leaf-24.drv.drv","",1,1],"id":236528143958061,"level":3,"parent":0,"text":"building '/Users/hetzner/obrador-shared-pins-20260909/round-1-after/wide-round-1-jobs-8/store/vi070wkmfc1c40bwbyhz4qvd4qkmflfg-leaf-24.drv.drv'","type":105}
@nix {"action":"result","fields":[35,47,7,0],"id":236528143958018,"type":105}
@nix {"action":"result","fields":[0,0,0,0],"id":236528143958019,"type":105}
@nix {"action":"result","fields":[101,0],"id":236528143958017,"type":106}
@nix {"action":"result","fields":[100,0],"id":236528143958017,"type":106}
@nix {"action":"start","fields":["/Users/hetzner/obrador-shared-pins-20260909/round-1-after/wide-round-1-jobs-8/store/6835hj8kdb9vbyc56m3fsdqxhm7ibj20-leaf-25.drv.drv","",1,1],"id":236528143958062,"level":3,"parent":0,"text":"building '/Users/hetzner/obrador-shared-pins-20260909/round-1-after/wide-round-1-jobs-8/store/6835hj8kdb9vbyc56m3fsdqxhm7ibj20-leaf-25.drv.drv'","type":105}
@nix {"action":"result","fields":[35,47,8,0],"id":236528143958018,"type":105}
@nix {"action":"result","fields":[0,0,0,0],"id":236528143958019,"type":105}
@nix {"action":"result","fields":[101,0],"id":236528143958017,"type":106}
@nix {"action":"result","fields":[100,0],"id":236528143958017,"type":106}
@nix {"action":"result","fields":[35,48,8,0],"id":236528143958018,"type":105}
@nix {"action":"result","fields":[0,0,0,0],"id":236528143958019,"type":105}
@nix {"action":"result","fields":[101,0],"id":236528143958017,"type":106}
@nix {"action":"result","fields":[100,0],"id":236528143958017,"type":106}
@nix {"action":"result","fields":[35,49,8,0],"id":236528143958018,"type":105}
@nix {"action":"result","fields":[0,0,0,0],"id":236528143958019,"type":105}
@nix {"action":"result","fields":[101,0],"id":236528143958017,"type":106}
@nix {"action":"result","fields":[100,0],"id":236528143958017,"type":106}
@nix {"action":"result","fields":[35,50,8,0],"id":236528143958018,"type":105}
@nix {"action":"result","fields":[0,0,0,0],"id":236528143958019,"type":105}
@nix {"action":"result","fields":[101,0],"id":236528143958017,"type":106}
@nix {"action":"result","fields":[100,0],"id":236528143958017,"type":106}
@nix {"action":"result","fields":[35,51,8,0],"id":236528143958018,"type":105}
@nix {"action":"result","fields":[0,0,0,0],"id":236528143958019,"type":105}
@nix {"action":"result","fields":[101,0],"id":236528143958017,"type":106}
@nix {"action":"result","fields":[100,0],"id":236528143958017,"type":106}
@nix {"action":"result","fields":[35,52,8,0],"id":236528143958018,"type":105}
@nix {"action":"result","fields":[0,0,0,0],"id":236528143958019,"type":105}
@nix {"action":"result","fields":[101,0],"id":236528143958017,"type":106}
@nix {"action":"result","fields":[100,0],"id":236528143958017,"type":106}
@nix {"action":"result","fields":[35,53,8,0],"id":236528143958018,"type":105}
@nix {"action":"result","fields":[0,0,0,0],"id":236528143958019,"type":105}
@nix {"action":"result","fields":[101,0],"id":236528143958017,"type":106}
@nix {"action":"result","fields":[100,0],"id":236528143958017,"type":106}
@nix {"action":"result","fields":[36,54,7,0],"id":236528143958018,"type":105}
@nix {"action":"result","fields":[0,0,0,0],"id":236528143958019,"type":105}
@nix {"action":"result","fields":[101,0],"id":236528143958017,"type":106}
@nix {"action":"result","fields":[100,0],"id":236528143958017,"type":106}
@nix {"action":"stop","id":236528143958056}
@nix {"action":"result","fields":[37,55,6,0],"id":236528143958018,"type":105}
@nix {"action":"result","fields":[0,0,0,0],"id":236528143958019,"type":105}
@nix {"action":"result","fields":[101,0],"id":236528143958017,"type":106}
@nix {"action":"result","fields":[100,0],"id":236528143958017,"type":106}
@nix {"action":"stop","id":236528143958057}
@nix {"action":"result","fields":[38,56,5,0],"id":236528143958018,"type":105}
@nix {"action":"result","fields":[0,0,0,0],"id":236528143958019,"type":105}
@nix {"action":"result","fields":[101,0],"id":236528143958017,"type":106}
@nix {"action":"result","fields":[100,0],"id":236528143958017,"type":106}
@nix {"action":"stop","id":236528143958058}
@nix {"action":"result","fields":[39,57,4,0],"id":236528143958018,"type":105}
@nix {"action":"result","fields":[0,0,0,0],"id":236528143958019,"type":105}
@nix {"action":"result","fields":[101,0],"id":236528143958017,"type":106}
@nix {"action":"result","fields":[100,0],"id":236528143958017,"type":106}
@nix {"action":"stop","id":236528143958059}
@nix {"action":"result","fields":[40,58,3,0],"id":236528143958018,"type":105}
@nix {"action":"result","fields":[0,0,0,0],"id":236528143958019,"type":105}
@nix {"action":"result","fields":[101,0],"id":236528143958017,"type":106}
@nix {"action":"result","fields":[100,0],"id":236528143958017,"type":106}
@nix {"action":"stop","id":236528143958060}
@nix {"action":"result","fields":[41,59,2,0],"id":236528143958018,"type":105}
@nix {"action":"result","fields":[0,0,0,0],"id":236528143958019,"type":105}
@nix {"action":"result","fields":[101,0],"id":236528143958017,"type":106}
@nix {"action":"result","fields":[100,0],"id":236528143958017,"type":106}
@nix {"action":"stop","id":236528143958061}
@nix {"action":"result","fields":[42,60,1,0],"id":236528143958018,"type":105}
@nix {"action":"result","fields":[0,0,0,0],"id":236528143958019,"type":105}
@nix {"action":"result","fields":[101,0],"id":236528143958017,"type":106}
@nix {"action":"result","fields":[100,0],"id":236528143958017,"type":106}
@nix {"action":"stop","id":236528143958055}
@nix {"action":"start","fields":["/Users/hetzner/obrador-shared-pins-20260909/round-1-after/wide-round-1-jobs-8/store/bif97xds3qa53vqs4ll8a51dxmgxyw30-leaf-19.drv.drv","",1,1],"id":236528143958063,"level":3,"parent":0,"text":"building '/Users/hetzner/obrador-shared-pins-20260909/round-1-after/wide-round-1-jobs-8/store/bif97xds3qa53vqs4ll8a51dxmgxyw30-leaf-19.drv.drv'","type":105}
@nix {"action":"result","fields":[42,53,2,0],"id":236528143958018,"type":105}
@nix {"action":"result","fields":[0,0,0,0],"id":236528143958019,"type":105}
@nix {"action":"result","fields":[101,0],"id":236528143958017,"type":106}
@nix {"action":"result","fields":[100,0],"id":236528143958017,"type":106}
@nix {"action":"start","fields":["/Users/hetzner/obrador-shared-pins-20260909/round-1-after/wide-round-1-jobs-8/store/053bsyywsxiavs1h6lwmgsww74d8aw00-leaf-26.drv","",1,1],"id":236528143958064,"level":3,"parent":0,"text":"building '/Users/hetzner/obrador-shared-pins-20260909/round-1-after/wide-round-1-jobs-8/store/053bsyywsxiavs1h6lwmgsww74d8aw00-leaf-26.drv'","type":105}
@nix {"action":"result","fields":[42,53,3,0],"id":236528143958018,"type":105}
@nix {"action":"result","fields":[0,0,0,0],"id":236528143958019,"type":105}
@nix {"action":"result","fields":[101,0],"id":236528143958017,"type":106}
@nix {"action":"result","fields":[100,0],"id":236528143958017,"type":106}
@nix {"action":"start","fields":["/Users/hetzner/obrador-shared-pins-20260909/round-1-after/wide-round-1-jobs-8/store/vmnfpkm6yi1mnphkyqyyl88nhfpd4qma-leaf-27.drv","",1,1],"id":236528143958065,"level":3,"parent":0,"text":"building '/Users/hetzner/obrador-shared-pins-20260909/round-1-after/wide-round-1-jobs-8/store/vmnfpkm6yi1mnphkyqyyl88nhfpd4qma-leaf-27.drv'","type":105}
@nix {"action":"result","fields":[42,53,4,0],"id":236528143958018,"type":105}
@nix {"action":"result","fields":[0,0,0,0],"id":236528143958019,"type":105}
@nix {"action":"result","fields":[101,0],"id":236528143958017,"type":106}
@nix {"action":"result","fields":[100,0],"id":236528143958017,"type":106}
@nix {"action":"start","fields":["/Users/hetzner/obrador-shared-pins-20260909/round-1-after/wide-round-1-jobs-8/store/apxg93mlz86q3rpxydy9vqpp326jp1vf-leaf-28.drv","",1,1],"id":236528143958066,"level":3,"parent":0,"text":"building '/Users/hetzner/obrador-shared-pins-20260909/round-1-after/wide-round-1-jobs-8/store/apxg93mlz86q3rpxydy9vqpp326jp1vf-leaf-28.drv'","type":105}
@nix {"action":"result","fields":[42,53,5,0],"id":236528143958018,"type":105}
@nix {"action":"result","fields":[0,0,0,0],"id":236528143958019,"type":105}
@nix {"action":"result","fields":[101,0],"id":236528143958017,"type":106}
@nix {"action":"result","fields":[100,0],"id":236528143958017,"type":106}
@nix {"action":"start","fields":["/Users/hetzner/obrador-shared-pins-20260909/round-1-after/wide-round-1-jobs-8/store/mhl05ml9v190vkfvqq4dwpidzsjrd971-leaf-29.drv","",1,1],"id":236528143958067,"level":3,"parent":0,"text":"building '/Users/hetzner/obrador-shared-pins-20260909/round-1-after/wide-round-1-jobs-8/store/mhl05ml9v190vkfvqq4dwpidzsjrd971-leaf-29.drv'","type":105}
@nix {"action":"result","fields":[42,53,6,0],"id":236528143958018,"type":105}
@nix {"action":"result","fields":[0,0,0,0],"id":236528143958019,"type":105}
@nix {"action":"result","fields":[101,0],"id":236528143958017,"type":106}
@nix {"action":"result","fields":[100,0],"id":236528143958017,"type":106}
@nix {"action":"start","fields":["/Users/hetzner/obrador-shared-pins-20260909/round-1-after/wide-round-1-jobs-8/store/l8pbd8k3s7v1j7yfbvlsxwhy5hy2x40g-leaf-3.drv","",1,1],"id":236528143958068,"level":3,"parent":0,"text":"building '/Users/hetzner/obrador-shared-pins-20260909/round-1-after/wide-round-1-jobs-8/store/l8pbd8k3s7v1j7yfbvlsxwhy5hy2x40g-leaf-3.drv'","type":105}
@nix {"action":"result","fields":[42,53,7,0],"id":236528143958018,"type":105}
@nix {"action":"result","fields":[0,0,0,0],"id":236528143958019,"type":105}
@nix {"action":"result","fields":[101,0],"id":236528143958017,"type":106}
@nix {"action":"result","fields":[100,0],"id":236528143958017,"type":106}
@nix {"action":"start","fields":["/Users/hetzner/obrador-shared-pins-20260909/round-1-after/wide-round-1-jobs-8/store/rrn0ly28vr7jrrnrz4cgx6q8v9yyb2l2-leaf-30.drv","",1,1],"id":236528143958069,"level":3,"parent":0,"text":"building '/Users/hetzner/obrador-shared-pins-20260909/round-1-after/wide-round-1-jobs-8/store/rrn0ly28vr7jrrnrz4cgx6q8v9yyb2l2-leaf-30.drv'","type":105}
@nix {"action":"result","fields":[42,53,8,0],"id":236528143958018,"type":105}
@nix {"action":"result","fields":[0,0,0,0],"id":236528143958019,"type":105}
@nix {"action":"result","fields":[101,0],"id":236528143958017,"type":106}
@nix {"action":"result","fields":[100,0],"id":236528143958017,"type":106}
@nix {"action":"result","fields":[42,54,8,0],"id":236528143958018,"type":105}
@nix {"action":"result","fields":[0,0,0,0],"id":236528143958019,"type":105}
@nix {"action":"result","fields":[101,0],"id":236528143958017,"type":106}
@nix {"action":"result","fields":[100,0],"id":236528143958017,"type":106}
@nix {"action":"result","fields":[42,55,8,0],"id":236528143958018,"type":105}
@nix {"action":"result","fields":[0,0,0,0],"id":236528143958019,"type":105}
@nix {"action":"result","fields":[101,0],"id":236528143958017,"type":106}
@nix {"action":"result","fields":[100,0],"id":236528143958017,"type":106}
@nix {"action":"result","fields":[42,56,8,0],"id":236528143958018,"type":105}
@nix {"action":"result","fields":[0,0,0,0],"id":236528143958019,"type":105}
@nix {"action":"result","fields":[101,0],"id":236528143958017,"type":106}
@nix {"action":"result","fields":[100,0],"id":236528143958017,"type":106}
@nix {"action":"result","fields":[42,57,8,0],"id":236528143958018,"type":105}
@nix {"action":"result","fields":[0,0,0,0],"id":236528143958019,"type":105}
@nix {"action":"result","fields":[101,0],"id":236528143958017,"type":106}
@nix {"action":"result","fields":[100,0],"id":236528143958017,"type":106}
@nix {"action":"result","fields":[42,58,8,0],"id":236528143958018,"type":105}
@nix {"action":"result","fields":[0,0,0,0],"id":236528143958019,"type":105}
@nix {"action":"result","fields":[101,0],"id":236528143958017,"type":106}
@nix {"action":"result","fields":[100,0],"id":236528143958017,"type":106}
@nix {"action":"result","fields":[42,59,8,0],"id":236528143958018,"type":105}
@nix {"action":"result","fields":[0,0,0,0],"id":236528143958019,"type":105}
@nix {"action":"result","fields":[101,0],"id":236528143958017,"type":106}
@nix {"action":"result","fields":[100,0],"id":236528143958017,"type":106}
@nix {"action":"result","fields":[43,60,7,0],"id":236528143958018,"type":105}
@nix {"action":"result","fields":[0,0,0,0],"id":236528143958019,"type":105}
@nix {"action":"result","fields":[101,0],"id":236528143958017,"type":106}
@nix {"action":"result","fields":[100,0],"id":236528143958017,"type":106}
@nix {"action":"stop","id":236528143958063}
@nix {"action":"result","fields":[44,61,6,0],"id":236528143958018,"type":105}
@nix {"action":"result","fields":[0,0,0,0],"id":236528143958019,"type":105}
@nix {"action":"result","fields":[101,0],"id":236528143958017,"type":106}
@nix {"action":"result","fields":[100,0],"id":236528143958017,"type":106}
@nix {"action":"stop","id":236528143958062}
@nix {"action":"result","fields":[45,62,5,0],"id":236528143958018,"type":105}
@nix {"action":"result","fields":[0,0,0,0],"id":236528143958019,"type":105}
@nix {"action":"result","fields":[101,0],"id":236528143958017,"type":106}
@nix {"action":"result","fields":[100,0],"id":236528143958017,"type":106}
@nix {"action":"stop","id":236528143958064}
@nix {"action":"result","fields":[46,63,4,0],"id":236528143958018,"type":105}
@nix {"action":"result","fields":[0,0,0,0],"id":236528143958019,"type":105}
@nix {"action":"result","fields":[101,0],"id":236528143958017,"type":106}
@nix {"action":"result","fields":[100,0],"id":236528143958017,"type":106}
@nix {"action":"stop","id":236528143958065}
@nix {"action":"result","fields":[47,64,3,0],"id":236528143958018,"type":105}
@nix {"action":"result","fields":[0,0,0,0],"id":236528143958019,"type":105}
@nix {"action":"result","fields":[101,0],"id":236528143958017,"type":106}
@nix {"action":"result","fields":[100,0],"id":236528143958017,"type":106}
@nix {"action":"stop","id":236528143958066}
@nix {"action":"result","fields":[48,65,2,0],"id":236528143958018,"type":105}
@nix {"action":"result","fields":[0,0,0,0],"id":236528143958019,"type":105}
@nix {"action":"result","fields":[101,0],"id":236528143958017,"type":106}
@nix {"action":"result","fields":[100,0],"id":236528143958017,"type":106}
@nix {"action":"stop","id":236528143958067}
@nix {"action":"result","fields":[49,66,1,0],"id":236528143958018,"type":105}
@nix {"action":"result","fields":[0,0,0,0],"id":236528143958019,"type":105}
@nix {"action":"result","fields":[101,0],"id":236528143958017,"type":106}
@nix {"action":"result","fields":[100,0],"id":236528143958017,"type":106}
@nix {"action":"stop","id":236528143958068}
@nix {"action":"start","fields":["/Users/hetzner/obrador-shared-pins-20260909/round-1-after/wide-round-1-jobs-8/store/vrcxx6701hzsgwgwp86bk5ckvx3md3s3-leaf-16.drv","",1,1],"id":236528143958070,"level":3,"parent":0,"text":"building '/Users/hetzner/obrador-shared-pins-20260909/round-1-after/wide-round-1-jobs-8/store/vrcxx6701hzsgwgwp86bk5ckvx3md3s3-leaf-16.drv'","type":105}
@nix {"action":"result","fields":[49,59,2,0],"id":236528143958018,"type":105}
@nix {"action":"result","fields":[0,0,0,0],"id":236528143958019,"type":105}
@nix {"action":"result","fields":[101,0],"id":236528143958017,"type":106}
@nix {"action":"result","fields":[100,0],"id":236528143958017,"type":106}
@nix {"action":"start","fields":["/Users/hetzner/obrador-shared-pins-20260909/round-1-after/wide-round-1-jobs-8/store/mzk5aap31qypcvhy5aw556916kz12fim-leaf-17.drv","",1,1],"id":236528143958071,"level":3,"parent":0,"text":"building '/Users/hetzner/obrador-shared-pins-20260909/round-1-after/wide-round-1-jobs-8/store/mzk5aap31qypcvhy5aw556916kz12fim-leaf-17.drv'","type":105}
@nix {"action":"result","fields":[49,59,3,0],"id":236528143958018,"type":105}
@nix {"action":"result","fields":[0,0,0,0],"id":236528143958019,"type":105}
@nix {"action":"result","fields":[101,0],"id":236528143958017,"type":106}
@nix {"action":"result","fields":[100,0],"id":236528143958017,"type":106}
@nix {"action":"start","fields":["/Users/hetzner/obrador-shared-pins-20260909/round-1-after/wide-round-1-jobs-8/store/qxfy57w3r33n3b444pwjj3qs48cba5k0-leaf-18.drv","",1,1],"id":236528143958072,"level":3,"parent":0,"text":"building '/Users/hetzner/obrador-shared-pins-20260909/round-1-after/wide-round-1-jobs-8/store/qxfy57w3r33n3b444pwjj3qs48cba5k0-leaf-18.drv'","type":105}
@nix {"action":"result","fields":[49,59,4,0],"id":236528143958018,"type":105}
@nix {"action":"result","fields":[0,0,0,0],"id":236528143958019,"type":105}
@nix {"action":"result","fields":[101,0],"id":236528143958017,"type":106}
@nix {"action":"result","fields":[100,0],"id":236528143958017,"type":106}
@nix {"action":"start","fields":["/Users/hetzner/obrador-shared-pins-20260909/round-1-after/wide-round-1-jobs-8/store/sap2f1qpzdhzdqw0x4q8vs9ijnq1vyyx-leaf-2.drv.drv","",1,1],"id":236528143958073,"level":3,"parent":0,"text":"building '/Users/hetzner/obrador-shared-pins-20260909/round-1-after/wide-round-1-jobs-8/store/sap2f1qpzdhzdqw0x4q8vs9ijnq1vyyx-leaf-2.drv.drv'","type":105}
@nix {"action":"result","fields":[49,59,5,0],"id":236528143958018,"type":105}
@nix {"action":"result","fields":[0,0,0,0],"id":236528143958019,"type":105}
@nix {"action":"result","fields":[101,0],"id":236528143958017,"type":106}
@nix {"action":"result","fields":[100,0],"id":236528143958017,"type":106}
@nix {"action":"start","fields":["/Users/hetzner/obrador-shared-pins-20260909/round-1-after/wide-round-1-jobs-8/store/7sy6v2br10c6k8lgs9xhl49skdc67xrg-leaf-22.drv","",1,1],"id":236528143958074,"level":3,"parent":0,"text":"building '/Users/hetzner/obrador-shared-pins-20260909/round-1-after/wide-round-1-jobs-8/store/7sy6v2br10c6k8lgs9xhl49skdc67xrg-leaf-22.drv'","type":105}
@nix {"action":"result","fields":[49,59,6,0],"id":236528143958018,"type":105}
@nix {"action":"result","fields":[0,0,0,0],"id":236528143958019,"type":105}
@nix {"action":"result","fields":[101,0],"id":236528143958017,"type":106}
@nix {"action":"result","fields":[100,0],"id":236528143958017,"type":106}
@nix {"action":"start","fields":["/Users/hetzner/obrador-shared-pins-20260909/round-1-after/wide-round-1-jobs-8/store/f405rwiyza4jb8w9l38r9vpbi5mig9yr-leaf-23.drv","",1,1],"id":236528143958075,"level":3,"parent":0,"text":"building '/Users/hetzner/obrador-shared-pins-20260909/round-1-after/wide-round-1-jobs-8/store/f405rwiyza4jb8w9l38r9vpbi5mig9yr-leaf-23.drv'","type":105}
@nix {"action":"result","fields":[49,59,7,0],"id":236528143958018,"type":105}
@nix {"action":"result","fields":[0,0,0,0],"id":236528143958019,"type":105}
@nix {"action":"result","fields":[101,0],"id":236528143958017,"type":106}
@nix {"action":"result","fields":[100,0],"id":236528143958017,"type":106}
@nix {"action":"start","fields":["/Users/hetzner/obrador-shared-pins-20260909/round-1-after/wide-round-1-jobs-8/store/mnk90sg9d2v47d2gl780ppc5sv7239x7-leaf-24.drv","",1,1],"id":236528143958076,"level":3,"parent":0,"text":"building '/Users/hetzner/obrador-shared-pins-20260909/round-1-after/wide-round-1-jobs-8/store/mnk90sg9d2v47d2gl780ppc5sv7239x7-leaf-24.drv'","type":105}
@nix {"action":"result","fields":[49,59,8,0],"id":236528143958018,"type":105}
@nix {"action":"result","fields":[0,0,0,0],"id":236528143958019,"type":105}
@nix {"action":"result","fields":[101,0],"id":236528143958017,"type":106}
@nix {"action":"result","fields":[100,0],"id":236528143958017,"type":106}
@nix {"action":"result","fields":[49,60,8,0],"id":236528143958018,"type":105}
@nix {"action":"result","fields":[0,0,0,0],"id":236528143958019,"type":105}
@nix {"action":"result","fields":[101,0],"id":236528143958017,"type":106}
@nix {"action":"result","fields":[100,0],"id":236528143958017,"type":106}
@nix {"action":"result","fields":[49,61,8,0],"id":236528143958018,"type":105}
@nix {"action":"result","fields":[0,0,0,0],"id":236528143958019,"type":105}
@nix {"action":"result","fields":[101,0],"id":236528143958017,"type":106}
@nix {"action":"result","fields":[100,0],"id":236528143958017,"type":106}
@nix {"action":"result","fields":[50,62,7,0],"id":236528143958018,"type":105}
@nix {"action":"result","fields":[0,0,0,0],"id":236528143958019,"type":105}
@nix {"action":"result","fields":[101,0],"id":236528143958017,"type":106}
@nix {"action":"result","fields":[100,0],"id":236528143958017,"type":106}
@nix {"action":"stop","id":236528143958070}
@nix {"action":"result","fields":[51,63,6,0],"id":236528143958018,"type":105}
@nix {"action":"result","fields":[0,0,0,0],"id":236528143958019,"type":105}
@nix {"action":"result","fields":[101,0],"id":236528143958017,"type":106}
@nix {"action":"result","fields":[100,0],"id":236528143958017,"type":106}
@nix {"action":"stop","id":236528143958071}
@nix {"action":"result","fields":[52,64,5,0],"id":236528143958018,"type":105}
@nix {"action":"result","fields":[0,0,0,0],"id":236528143958019,"type":105}
@nix {"action":"result","fields":[101,0],"id":236528143958017,"type":106}
@nix {"action":"result","fields":[100,0],"id":236528143958017,"type":106}
@nix {"action":"stop","id":236528143958072}
@nix {"action":"result","fields":[53,65,4,0],"id":236528143958018,"type":105}
@nix {"action":"result","fields":[0,0,0,0],"id":236528143958019,"type":105}
@nix {"action":"result","fields":[101,0],"id":236528143958017,"type":106}
@nix {"action":"result","fields":[100,0],"id":236528143958017,"type":106}
@nix {"action":"stop","id":236528143958073}
@nix {"action":"result","fields":[54,66,3,0],"id":236528143958018,"type":105}
@nix {"action":"result","fields":[0,0,0,0],"id":236528143958019,"type":105}
@nix {"action":"result","fields":[101,0],"id":236528143958017,"type":106}
@nix {"action":"result","fields":[100,0],"id":236528143958017,"type":106}
@nix {"action":"stop","id":236528143958074}
@nix {"action":"result","fields":[55,67,2,0],"id":236528143958018,"type":105}
@nix {"action":"result","fields":[0,0,0,0],"id":236528143958019,"type":105}
@nix {"action":"result","fields":[101,0],"id":236528143958017,"type":106}
@nix {"action":"result","fields":[100,0],"id":236528143958017,"type":106}
@nix {"action":"stop","id":236528143958075}
@nix {"action":"result","fields":[56,68,1,0],"id":236528143958018,"type":105}
@nix {"action":"result","fields":[0,0,0,0],"id":236528143958019,"type":105}
@nix {"action":"result","fields":[101,0],"id":236528143958017,"type":106}
@nix {"action":"result","fields":[100,0],"id":236528143958017,"type":106}
@nix {"action":"stop","id":236528143958069}
@nix {"action":"start","fields":["/Users/hetzner/obrador-shared-pins-20260909/round-1-after/wide-round-1-jobs-8/store/8kacgj3klwrawpnb2z7mnfscn7g22bwc-leaf-19.drv","",1,1],"id":236528143958077,"level":3,"parent":0,"text":"building '/Users/hetzner/obrador-shared-pins-20260909/round-1-after/wide-round-1-jobs-8/store/8kacgj3klwrawpnb2z7mnfscn7g22bwc-leaf-19.drv'","type":105}
@nix {"action":"result","fields":[56,61,2,0],"id":236528143958018,"type":105}
@nix {"action":"result","fields":[0,0,0,0],"id":236528143958019,"type":105}
@nix {"action":"result","fields":[101,0],"id":236528143958017,"type":106}
@nix {"action":"result","fields":[100,0],"id":236528143958017,"type":106}
@nix {"action":"start","fields":["/Users/hetzner/obrador-shared-pins-20260909/round-1-after/wide-round-1-jobs-8/store/3l42b1dk8gwl6i2kb9ckhxlb0f8r1j6p-leaf-20.drv.drv","",1,1],"id":236528143958078,"level":3,"parent":0,"text":"building '/Users/hetzner/obrador-shared-pins-20260909/round-1-after/wide-round-1-jobs-8/store/3l42b1dk8gwl6i2kb9ckhxlb0f8r1j6p-leaf-20.drv.drv'","type":105}
@nix {"action":"result","fields":[56,61,3,0],"id":236528143958018,"type":105}
@nix {"action":"result","fields":[0,0,0,0],"id":236528143958019,"type":105}
@nix {"action":"result","fields":[101,0],"id":236528143958017,"type":106}
@nix {"action":"result","fields":[100,0],"id":236528143958017,"type":106}
@nix {"action":"start","fields":["/Users/hetzner/obrador-shared-pins-20260909/round-1-after/wide-round-1-jobs-8/store/y5wfyhjz25srb2kdvgbzabbz6hxxgjx9-leaf-21.drv.drv","",1,1],"id":236528143958079,"level":3,"parent":0,"text":"building '/Users/hetzner/obrador-shared-pins-20260909/round-1-after/wide-round-1-jobs-8/store/y5wfyhjz25srb2kdvgbzabbz6hxxgjx9-leaf-21.drv.drv'","type":105}
@nix {"action":"result","fields":[56,61,4,0],"id":236528143958018,"type":105}
@nix {"action":"result","fields":[0,0,0,0],"id":236528143958019,"type":105}
@nix {"action":"result","fields":[101,0],"id":236528143958017,"type":106}
@nix {"action":"result","fields":[100,0],"id":236528143958017,"type":106}
@nix {"action":"start","fields":["/Users/hetzner/obrador-shared-pins-20260909/round-1-after/wide-round-1-jobs-8/store/kir50mjahmqbaamxjgb3asjdz324dgc3-leaf-25.drv","",1,1],"id":236528143958080,"level":3,"parent":0,"text":"building '/Users/hetzner/obrador-shared-pins-20260909/round-1-after/wide-round-1-jobs-8/store/kir50mjahmqbaamxjgb3asjdz324dgc3-leaf-25.drv'","type":105}
@nix {"action":"result","fields":[56,61,5,0],"id":236528143958018,"type":105}
@nix {"action":"result","fields":[0,0,0,0],"id":236528143958019,"type":105}
@nix {"action":"result","fields":[101,0],"id":236528143958017,"type":106}
@nix {"action":"result","fields":[100,0],"id":236528143958017,"type":106}
@nix {"action":"result","fields":[56,62,5,0],"id":236528143958018,"type":105}
@nix {"action":"result","fields":[0,0,0,0],"id":236528143958019,"type":105}
@nix {"action":"result","fields":[101,0],"id":236528143958017,"type":106}
@nix {"action":"result","fields":[100,0],"id":236528143958017,"type":106}
@nix {"action":"start","fields":["/Users/hetzner/obrador-shared-pins-20260909/round-1-after/wide-round-1-jobs-8/store/ssz6x1jyxbsbmw2kvm2l5h6im7w484j7-leaf-2.drv","",1,1],"id":236528143958081,"level":3,"parent":0,"text":"building '/Users/hetzner/obrador-shared-pins-20260909/round-1-after/wide-round-1-jobs-8/store/ssz6x1jyxbsbmw2kvm2l5h6im7w484j7-leaf-2.drv'","type":105}
@nix {"action":"result","fields":[56,62,6,0],"id":236528143958018,"type":105}
@nix {"action":"result","fields":[0,0,0,0],"id":236528143958019,"type":105}
@nix {"action":"result","fields":[101,0],"id":236528143958017,"type":106}
@nix {"action":"result","fields":[100,0],"id":236528143958017,"type":106}
@nix {"action":"result","fields":[57,63,5,0],"id":236528143958018,"type":105}
@nix {"action":"result","fields":[0,0,0,0],"id":236528143958019,"type":105}
@nix {"action":"result","fields":[101,0],"id":236528143958017,"type":106}
@nix {"action":"result","fields":[100,0],"id":236528143958017,"type":106}
@nix {"action":"stop","id":236528143958077}
@nix {"action":"result","fields":[58,64,4,0],"id":236528143958018,"type":105}
@nix {"action":"result","fields":[0,0,0,0],"id":236528143958019,"type":105}
@nix {"action":"result","fields":[101,0],"id":236528143958017,"type":106}
@nix {"action":"result","fields":[100,0],"id":236528143958017,"type":106}
@nix {"action":"stop","id":236528143958078}
@nix {"action":"result","fields":[59,65,3,0],"id":236528143958018,"type":105}
@nix {"action":"result","fields":[0,0,0,0],"id":236528143958019,"type":105}
@nix {"action":"result","fields":[101,0],"id":236528143958017,"type":106}
@nix {"action":"result","fields":[100,0],"id":236528143958017,"type":106}
@nix {"action":"stop","id":236528143958079}
@nix {"action":"result","fields":[60,66,2,0],"id":236528143958018,"type":105}
@nix {"action":"result","fields":[0,0,0,0],"id":236528143958019,"type":105}
@nix {"action":"result","fields":[101,0],"id":236528143958017,"type":106}
@nix {"action":"result","fields":[100,0],"id":236528143958017,"type":106}
@nix {"action":"stop","id":236528143958076}
@nix {"action":"result","fields":[61,67,1,0],"id":236528143958018,"type":105}
@nix {"action":"result","fields":[0,0,0,0],"id":236528143958019,"type":105}
@nix {"action":"result","fields":[101,0],"id":236528143958017,"type":106}
@nix {"action":"result","fields":[100,0],"id":236528143958017,"type":106}
@nix {"action":"stop","id":236528143958080}
@nix {"action":"result","fields":[61,63,1,0],"id":236528143958018,"type":105}
@nix {"action":"result","fields":[0,0,0,0],"id":236528143958019,"type":105}
@nix {"action":"result","fields":[101,0],"id":236528143958017,"type":106}
@nix {"action":"result","fields":[100,0],"id":236528143958017,"type":106}
@nix {"action":"result","fields":[61,64,1,0],"id":236528143958018,"type":105}
@nix {"action":"result","fields":[0,0,0,0],"id":236528143958019,"type":105}
@nix {"action":"result","fields":[101,0],"id":236528143958017,"type":106}
@nix {"action":"result","fields":[100,0],"id":236528143958017,"type":106}
@nix {"action":"start","fields":["/Users/hetzner/obrador-shared-pins-20260909/round-1-after/wide-round-1-jobs-8/store/331109bc87s3v04qj57mm7l5cf9wqdsm-leaf-20.drv","",1,1],"id":236528143958082,"level":3,"parent":0,"text":"building '/Users/hetzner/obrador-shared-pins-20260909/round-1-after/wide-round-1-jobs-8/store/331109bc87s3v04qj57mm7l5cf9wqdsm-leaf-20.drv'","type":105}
@nix {"action":"result","fields":[61,64,2,0],"id":236528143958018,"type":105}
@nix {"action":"result","fields":[0,0,0,0],"id":236528143958019,"type":105}
@nix {"action":"result","fields":[101,0],"id":236528143958017,"type":106}
@nix {"action":"result","fields":[100,0],"id":236528143958017,"type":106}
@nix {"action":"start","fields":["/Users/hetzner/obrador-shared-pins-20260909/round-1-after/wide-round-1-jobs-8/store/z6q2z27s0pk8hzrf7fkv0vvvbc9l2vvd-leaf-21.drv","",1,1],"id":236528143958083,"level":3,"parent":0,"text":"building '/Users/hetzner/obrador-shared-pins-20260909/round-1-after/wide-round-1-jobs-8/store/z6q2z27s0pk8hzrf7fkv0vvvbc9l2vvd-leaf-21.drv'","type":105}
@nix {"action":"result","fields":[61,64,3,0],"id":236528143958018,"type":105}
@nix {"action":"result","fields":[0,0,0,0],"id":236528143958019,"type":105}
@nix {"action":"result","fields":[101,0],"id":236528143958017,"type":106}
@nix {"action":"result","fields":[100,0],"id":236528143958017,"type":106}
@nix {"action":"result","fields":[62,65,2,0],"id":236528143958018,"type":105}
@nix {"action":"result","fields":[0,0,0,0],"id":236528143958019,"type":105}
@nix {"action":"result","fields":[101,0],"id":236528143958017,"type":106}
@nix {"action":"result","fields":[100,0],"id":236528143958017,"type":106}
@nix {"action":"stop","id":236528143958081}
@nix {"action":"result","fields":[63,66,1,0],"id":236528143958018,"type":105}
@nix {"action":"result","fields":[0,0,0,0],"id":236528143958019,"type":105}
@nix {"action":"result","fields":[101,0],"id":236528143958017,"type":106}
@nix {"action":"result","fields":[100,0],"id":236528143958017,"type":106}
@nix {"action":"stop","id":236528143958082}
@nix {"action":"result","fields":[64,65,0,0],"id":236528143958018,"type":105}
@nix {"action":"result","fields":[0,0,0,0],"id":236528143958019,"type":105}
@nix {"action":"result","fields":[101,0],"id":236528143958017,"type":106}
@nix {"action":"result","fields":[100,0],"id":236528143958017,"type":106}
@nix {"action":"stop","id":236528143958083}
@nix {"action":"stop","id":236528143958019}
@nix {"action":"stop","id":236528143958018}
@nix {"action":"stop","id":236528143958017}
