@nix {"action":"start","id":241866788306944,"level":6,"parent":0,"text":"querying info about missing paths","type":0}
@nix {"action":"msg","level":1,"msg":"\u001b[35;1mwarning:\u001b[0m Ignoring dynamic derivation /Users/hetzner/obrador-shared-pins-20260909/round-3-baseline/chain-round-1-jobs-8/store/q4hk2dhwyvkx838j64ri6y9iws7wr8kw-leaf-31.drv.drv^out while querying missing paths; not yet implemented"}
@nix {"action":"stop","id":241866788306944}
@nix {"action":"start","id":241866788306945,"level":0,"parent":0,"text":"","type":102}
@nix {"action":"start","id":241866788306946,"level":0,"parent":0,"text":"","type":104}
@nix {"action":"start","id":241866788306947,"level":0,"parent":0,"text":"","type":103}
@nix {"action":"result","fields":[0,0,0,0],"id":241866788306946,"type":105}
@nix {"action":"result","fields":[0,0,0,0],"id":241866788306947,"type":105}
@nix {"action":"result","fields":[101,0],"id":241866788306945,"type":106}
@nix {"action":"result","fields":[100,0],"id":241866788306945,"type":106}
@nix {"action":"result","fields":[0,0,0,0],"id":241866788306946,"type":105}
@nix {"action":"result","fields":[0,0,0,0],"id":241866788306947,"type":105}
@nix {"action":"result","fields":[101,0],"id":241866788306945,"type":106}
@nix {"action":"result","fields":[100,0],"id":241866788306945,"type":106}
@nix {"action":"result","fields":[0,1,0,0],"id":241866788306946,"type":105}
@nix {"action":"result","fields":[0,0,0,0],"id":241866788306947,"type":105}
@nix {"action":"result","fields":[101,0],"id":241866788306945,"type":106}
@nix {"action":"result","fields":[100,0],"id":241866788306945,"type":106}
@nix {"action":"result","fields":[0,1,0,0],"id":241866788306946,"type":105}
@nix {"action":"result","fields":[0,0,0,0],"id":241866788306947,"type":105}
@nix {"action":"result","fields":[101,0],"id":241866788306945,"type":106}
@nix {"action":"result","fields":[100,0],"id":241866788306945,"type":106}
@nix {"action":"result","fields":[0,1,0,0],"id":241866788306946,"type":105}
@nix {"action":"result","fields":[0,0,0,0],"id":241866788306947,"type":105}
@nix {"action":"result","fields":[101,0],"id":241866788306945,"type":106}
@nix {"action":"result","fields":[100,0],"id":241866788306945,"type":106}
@nix {"action":"result","fields":[0,2,0,0],"id":241866788306946,"type":105}
@nix {"action":"result","fields":[0,0,0,0],"id":241866788306947,"type":105}
@nix {"action":"result","fields":[101,0],"id":241866788306945,"type":106}
@nix {"action":"result","fields":[100,0],"id":241866788306945,"type":106}
@nix {"action":"result","fields":[0,2,0,0],"id":241866788306946,"type":105}
@nix {"action":"result","fields":[0,0,0,0],"id":241866788306947,"type":105}
@nix {"action":"result","fields":[101,0],"id":241866788306945,"type":106}
@nix {"action":"result","fields":[100,0],"id":241866788306945,"type":106}
@nix {"action":"result","fields":[0,2,0,0],"id":241866788306946,"type":105}
@nix {"action":"result","fields":[0,0,0,0],"id":241866788306947,"type":105}
@nix {"action":"result","fields":[101,0],"id":241866788306945,"type":106}
@nix {"action":"result","fields":[100,0],"id":241866788306945,"type":106}
@nix {"action":"result","fields":[0,3,0,0],"id":241866788306946,"type":105}
@nix {"action":"result","fields":[0,0,0,0],"id":241866788306947,"type":105}
@nix {"action":"result","fields":[101,0],"id":241866788306945,"type":106}
@nix {"action":"result","fields":[100,0],"id":241866788306945,"type":106}
@nix {"action":"result","fields":[0,3,0,0],"id":241866788306946,"type":105}
@nix {"action":"result","fields":[0,0,0,0],"id":241866788306947,"type":105}
@nix {"action":"result","fields":[101,0],"id":241866788306945,"type":106}
@nix {"action":"result","fields":[100,0],"id":241866788306945,"type":106}
@nix {"action":"result","fields":[0,3,0,0],"id":241866788306946,"type":105}
@nix {"action":"result","fields":[0,0,0,0],"id":241866788306947,"type":105}
@nix {"action":"result","fields":[101,0],"id":241866788306945,"type":106}
@nix {"action":"result","fields":[100,0],"id":241866788306945,"type":106}
@nix {"action":"result","fields":[0,4,0,0],"id":241866788306946,"type":105}
@nix {"action":"result","fields":[0,0,0,0],"id":241866788306947,"type":105}
@nix {"action":"result","fields":[101,0],"id":241866788306945,"type":106}
@nix {"action":"result","fields":[100,0],"id":241866788306945,"type":106}
@nix {"action":"result","fields":[0,4,0,0],"id":241866788306946,"type":105}
@nix {"action":"result","fields":[0,0,0,0],"id":241866788306947,"type":105}
@nix {"action":"result","fields":[101,0],"id":241866788306945,"type":106}
@nix {"action":"result","fields":[100,0],"id":241866788306945,"type":106}
@nix {"action":"result","fields":[0,4,0,0],"id":241866788306946,"type":105}
@nix {"action":"result","fields":[0,0,0,0],"id":241866788306947,"type":105}
@nix {"action":"result","fields":[101,0],"id":241866788306945,"type":106}
@nix {"action":"result","fields":[100,0],"id":241866788306945,"type":106}
@nix {"action":"result","fields":[0,5,0,0],"id":241866788306946,"type":105}
@nix {"action":"result","fields":[0,0,0,0],"id":241866788306947,"type":105}
@nix {"action":"result","fields":[101,0],"id":241866788306945,"type":106}
@nix {"action":"result","fields":[100,0],"id":241866788306945,"type":106}
@nix {"action":"result","fields":[0,5,0,0],"id":241866788306946,"type":105}
@nix {"action":"result","fields":[0,0,0,0],"id":241866788306947,"type":105}
@nix {"action":"result","fields":[101,0],"id":241866788306945,"type":106}
@nix {"action":"result","fields":[100,0],"id":241866788306945,"type":106}
@nix {"action":"result","fields":[0,5,0,0],"id":241866788306946,"type":105}
@nix {"action":"result","fields":[0,0,0,0],"id":241866788306947,"type":105}
@nix {"action":"result","fields":[101,0],"id":241866788306945,"type":106}
@nix {"action":"result","fields":[100,0],"id":241866788306945,"type":106}
@nix {"action":"result","fields":[0,6,0,0],"id":241866788306946,"type":105}
@nix {"action":"result","fields":[0,0,0,0],"id":241866788306947,"type":105}
@nix {"action":"result","fields":[101,0],"id":241866788306945,"type":106}
@nix {"action":"result","fields":[100,0],"id":241866788306945,"type":106}
@nix {"action":"result","fields":[0,6,0,0],"id":241866788306946,"type":105}
@nix {"action":"result","fields":[0,0,0,0],"id":241866788306947,"type":105}
@nix {"action":"result","fields":[101,0],"id":241866788306945,"type":106}
@nix {"action":"result","fields":[100,0],"id":241866788306945,"type":106}
@nix {"action":"result","fields":[0,6,0,0],"id":241866788306946,"type":105}
@nix {"action":"result","fields":[0,0,0,0],"id":241866788306947,"type":105}
@nix {"action":"result","fields":[101,0],"id":241866788306945,"type":106}
@nix {"action":"result","fields":[100,0],"id":241866788306945,"type":106}
@nix {"action":"result","fields":[0,7,0,0],"id":241866788306946,"type":105}
@nix {"action":"result","fields":[0,0,0,0],"id":241866788306947,"type":105}
@nix {"action":"result","fields":[101,0],"id":241866788306945,"type":106}
@nix {"action":"result","fields":[100,0],"id":241866788306945,"type":106}
@nix {"action":"result","fields":[0,7,0,0],"id":241866788306946,"type":105}
@nix {"action":"result","fields":[0,0,0,0],"id":241866788306947,"type":105}
@nix {"action":"result","fields":[101,0],"id":241866788306945,"type":106}
@nix {"action":"result","fields":[100,0],"id":241866788306945,"type":106}
@nix {"action":"result","fields":[0,7,0,0],"id":241866788306946,"type":105}
@nix {"action":"result","fields":[0,0,0,0],"id":241866788306947,"type":105}
@nix {"action":"result","fields":[101,0],"id":241866788306945,"type":106}
@nix {"action":"result","fields":[100,0],"id":241866788306945,"type":106}
@nix {"action":"result","fields":[0,8,0,0],"id":241866788306946,"type":105}
@nix {"action":"result","fields":[0,0,0,0],"id":241866788306947,"type":105}
@nix {"action":"result","fields":[101,0],"id":241866788306945,"type":106}
@nix {"action":"result","fields":[100,0],"id":241866788306945,"type":106}
@nix {"action":"result","fields":[0,8,0,0],"id":241866788306946,"type":105}
@nix {"action":"result","fields":[0,0,0,0],"id":241866788306947,"type":105}
@nix {"action":"result","fields":[101,0],"id":241866788306945,"type":106}
@nix {"action":"result","fields":[100,0],"id":241866788306945,"type":106}
@nix {"action":"result","fields":[0,8,0,0],"id":241866788306946,"type":105}
@nix {"action":"result","fields":[0,0,0,0],"id":241866788306947,"type":105}
@nix {"action":"result","fields":[101,0],"id":241866788306945,"type":106}
@nix {"action":"result","fields":[100,0],"id":241866788306945,"type":106}
@nix {"action":"result","fields":[0,9,0,0],"id":241866788306946,"type":105}
@nix {"action":"result","fields":[0,0,0,0],"id":241866788306947,"type":105}
@nix {"action":"result","fields":[101,0],"id":241866788306945,"type":106}
@nix {"action":"result","fields":[100,0],"id":241866788306945,"type":106}
@nix {"action":"result","fields":[0,9,0,0],"id":241866788306946,"type":105}
@nix {"action":"result","fields":[0,0,0,0],"id":241866788306947,"type":105}
@nix {"action":"result","fields":[101,0],"id":241866788306945,"type":106}
@nix {"action":"result","fields":[100,0],"id":241866788306945,"type":106}
@nix {"action":"result","fields":[0,9,0,0],"id":241866788306946,"type":105}
@nix {"action":"result","fields":[0,0,0,0],"id":241866788306947,"type":105}
@nix {"action":"result","fields":[101,0],"id":241866788306945,"type":106}
@nix {"action":"result","fields":[100,0],"id":241866788306945,"type":106}
@nix {"action":"result","fields":[0,10,0,0],"id":241866788306946,"type":105}
@nix {"action":"result","fields":[0,0,0,0],"id":241866788306947,"type":105}
@nix {"action":"result","fields":[101,0],"id":241866788306945,"type":106}
@nix {"action":"result","fields":[100,0],"id":241866788306945,"type":106}
@nix {"action":"result","fields":[0,10,0,0],"id":241866788306946,"type":105}
@nix {"action":"result","fields":[0,0,0,0],"id":241866788306947,"type":105}
@nix {"action":"result","fields":[101,0],"id":241866788306945,"type":106}
@nix {"action":"result","fields":[100,0],"id":241866788306945,"type":106}
@nix {"action":"result","fields":[0,10,0,0],"id":241866788306946,"type":105}
@nix {"action":"result","fields":[0,0,0,0],"id":241866788306947,"type":105}
@nix {"action":"result","fields":[101,0],"id":241866788306945,"type":106}
@nix {"action":"result","fields":[100,0],"id":241866788306945,"type":106}
@nix {"action":"result","fields":[0,11,0,0],"id":241866788306946,"type":105}
@nix {"action":"result","fields":[0,0,0,0],"id":241866788306947,"type":105}
@nix {"action":"result","fields":[101,0],"id":241866788306945,"type":106}
@nix {"action":"result","fields":[100,0],"id":241866788306945,"type":106}
@nix {"action":"result","fields":[0,11,0,0],"id":241866788306946,"type":105}
@nix {"action":"result","fields":[0,0,0,0],"id":241866788306947,"type":105}
@nix {"action":"result","fields":[101,0],"id":241866788306945,"type":106}
@nix {"action":"result","fields":[100,0],"id":241866788306945,"type":106}
@nix {"action":"result","fields":[0,11,0,0],"id":241866788306946,"type":105}
@nix {"action":"result","fields":[0,0,0,0],"id":241866788306947,"type":105}
@nix {"action":"result","fields":[101,0],"id":241866788306945,"type":106}
@nix {"action":"result","fields":[100,0],"id":241866788306945,"type":106}
@nix {"action":"result","fields":[0,12,0,0],"id":241866788306946,"type":105}
@nix {"action":"result","fields":[0,0,0,0],"id":241866788306947,"type":105}
@nix {"action":"result","fields":[101,0],"id":241866788306945,"type":106}
@nix {"action":"result","fields":[100,0],"id":241866788306945,"type":106}
@nix {"action":"result","fields":[0,12,0,0],"id":241866788306946,"type":105}
@nix {"action":"result","fields":[0,0,0,0],"id":241866788306947,"type":105}
@nix {"action":"result","fields":[101,0],"id":241866788306945,"type":106}
@nix {"action":"result","fields":[100,0],"id":241866788306945,"type":106}
@nix {"action":"result","fields":[0,12,0,0],"id":241866788306946,"type":105}
@nix {"action":"result","fields":[0,0,0,0],"id":241866788306947,"type":105}
@nix {"action":"result","fields":[101,0],"id":241866788306945,"type":106}
@nix {"action":"result","fields":[100,0],"id":241866788306945,"type":106}
@nix {"action":"result","fields":[0,13,0,0],"id":241866788306946,"type":105}
@nix {"action":"result","fields":[0,0,0,0],"id":241866788306947,"type":105}
@nix {"action":"result","fields":[101,0],"id":241866788306945,"type":106}
@nix {"action":"result","fields":[100,0],"id":241866788306945,"type":106}
@nix {"action":"result","fields":[0,13,0,0],"id":241866788306946,"type":105}
@nix {"action":"result","fields":[0,0,0,0],"id":241866788306947,"type":105}
@nix {"action":"result","fields":[101,0],"id":241866788306945,"type":106}
@nix {"action":"result","fields":[100,0],"id":241866788306945,"type":106}
@nix {"action":"result","fields":[0,13,0,0],"id":241866788306946,"type":105}
@nix {"action":"result","fields":[0,0,0,0],"id":241866788306947,"type":105}
@nix {"action":"result","fields":[101,0],"id":241866788306945,"type":106}
@nix {"action":"result","fields":[100,0],"id":241866788306945,"type":106}
@nix {"action":"result","fields":[0,14,0,0],"id":241866788306946,"type":105}
@nix {"action":"result","fields":[0,0,0,0],"id":241866788306947,"type":105}
@nix {"action":"result","fields":[101,0],"id":241866788306945,"type":106}
@nix {"action":"result","fields":[100,0],"id":241866788306945,"type":106}
@nix {"action":"result","fields":[0,14,0,0],"id":241866788306946,"type":105}
@nix {"action":"result","fields":[0,0,0,0],"id":241866788306947,"type":105}
@nix {"action":"result","fields":[101,0],"id":241866788306945,"type":106}
@nix {"action":"result","fields":[100,0],"id":241866788306945,"type":106}
@nix {"action":"result","fields":[0,14,0,0],"id":241866788306946,"type":105}
@nix {"action":"result","fields":[0,0,0,0],"id":241866788306947,"type":105}
@nix {"action":"result","fields":[101,0],"id":241866788306945,"type":106}
@nix {"action":"result","fields":[100,0],"id":241866788306945,"type":106}
@nix {"action":"result","fields":[0,15,0,0],"id":241866788306946,"type":105}
@nix {"action":"result","fields":[0,0,0,0],"id":241866788306947,"type":105}
@nix {"action":"result","fields":[101,0],"id":241866788306945,"type":106}
@nix {"action":"result","fields":[100,0],"id":241866788306945,"type":106}
@nix {"action":"result","fields":[0,15,0,0],"id":241866788306946,"type":105}
@nix {"action":"result","fields":[0,0,0,0],"id":241866788306947,"type":105}
@nix {"action":"result","fields":[101,0],"id":241866788306945,"type":106}
@nix {"action":"result","fields":[100,0],"id":241866788306945,"type":106}
@nix {"action":"result","fields":[0,15,0,0],"id":241866788306946,"type":105}
@nix {"action":"result","fields":[0,0,0,0],"id":241866788306947,"type":105}
@nix {"action":"result","fields":[101,0],"id":241866788306945,"type":106}
@nix {"action":"result","fields":[100,0],"id":241866788306945,"type":106}
@nix {"action":"result","fields":[0,16,0,0],"id":241866788306946,"type":105}
@nix {"action":"result","fields":[0,0,0,0],"id":241866788306947,"type":105}
@nix {"action":"result","fields":[101,0],"id":241866788306945,"type":106}
@nix {"action":"result","fields":[100,0],"id":241866788306945,"type":106}
@nix {"action":"result","fields":[0,16,0,0],"id":241866788306946,"type":105}
@nix {"action":"result","fields":[0,0,0,0],"id":241866788306947,"type":105}
@nix {"action":"result","fields":[101,0],"id":241866788306945,"type":106}
@nix {"action":"result","fields":[100,0],"id":241866788306945,"type":106}
@nix {"action":"result","fields":[0,16,0,0],"id":241866788306946,"type":105}
@nix {"action":"result","fields":[0,0,0,0],"id":241866788306947,"type":105}
@nix {"action":"result","fields":[101,0],"id":241866788306945,"type":106}
@nix {"action":"result","fields":[100,0],"id":241866788306945,"type":106}
@nix {"action":"result","fields":[0,17,0,0],"id":241866788306946,"type":105}
@nix {"action":"result","fields":[0,0,0,0],"id":241866788306947,"type":105}
@nix {"action":"result","fields":[101,0],"id":241866788306945,"type":106}
@nix {"action":"result","fields":[100,0],"id":241866788306945,"type":106}
@nix {"action":"result","fields":[0,17,0,0],"id":241866788306946,"type":105}
@nix {"action":"result","fields":[0,0,0,0],"id":241866788306947,"type":105}
@nix {"action":"result","fields":[101,0],"id":241866788306945,"type":106}
@nix {"action":"result","fields":[100,0],"id":241866788306945,"type":106}
@nix {"action":"result","fields":[0,17,0,0],"id":241866788306946,"type":105}
@nix {"action":"result","fields":[0,0,0,0],"id":241866788306947,"type":105}
@nix {"action":"result","fields":[101,0],"id":241866788306945,"type":106}
@nix {"action":"result","fields":[100,0],"id":241866788306945,"type":106}
@nix {"action":"result","fields":[0,18,0,0],"id":241866788306946,"type":105}
@nix {"action":"result","fields":[0,0,0,0],"id":241866788306947,"type":105}
@nix {"action":"result","fields":[101,0],"id":241866788306945,"type":106}
@nix {"action":"result","fields":[100,0],"id":241866788306945,"type":106}
@nix {"action":"result","fields":[0,18,0,0],"id":241866788306946,"type":105}
@nix {"action":"result","fields":[0,0,0,0],"id":241866788306947,"type":105}
@nix {"action":"result","fields":[101,0],"id":241866788306945,"type":106}
@nix {"action":"result","fields":[100,0],"id":241866788306945,"type":106}
@nix {"action":"result","fields":[0,18,0,0],"id":241866788306946,"type":105}
@nix {"action":"result","fields":[0,0,0,0],"id":241866788306947,"type":105}
@nix {"action":"result","fields":[101,0],"id":241866788306945,"type":106}
@nix {"action":"result","fields":[100,0],"id":241866788306945,"type":106}
@nix {"action":"result","fields":[0,19,0,0],"id":241866788306946,"type":105}
@nix {"action":"result","fields":[0,0,0,0],"id":241866788306947,"type":105}
@nix {"action":"result","fields":[101,0],"id":241866788306945,"type":106}
@nix {"action":"result","fields":[100,0],"id":241866788306945,"type":106}
@nix {"action":"result","fields":[0,19,0,0],"id":241866788306946,"type":105}
@nix {"action":"result","fields":[0,0,0,0],"id":241866788306947,"type":105}
@nix {"action":"result","fields":[101,0],"id":241866788306945,"type":106}
@nix {"action":"result","fields":[100,0],"id":241866788306945,"type":106}
@nix {"action":"result","fields":[0,19,0,0],"id":241866788306946,"type":105}
@nix {"action":"result","fields":[0,0,0,0],"id":241866788306947,"type":105}
@nix {"action":"result","fields":[101,0],"id":241866788306945,"type":106}
@nix {"action":"result","fields":[100,0],"id":241866788306945,"type":106}
@nix {"action":"result","fields":[0,20,0,0],"id":241866788306946,"type":105}
@nix {"action":"result","fields":[0,0,0,0],"id":241866788306947,"type":105}
@nix {"action":"result","fields":[101,0],"id":241866788306945,"type":106}
@nix {"action":"result","fields":[100,0],"id":241866788306945,"type":106}
@nix {"action":"result","fields":[0,20,0,0],"id":241866788306946,"type":105}
@nix {"action":"result","fields":[0,0,0,0],"id":241866788306947,"type":105}
@nix {"action":"result","fields":[101,0],"id":241866788306945,"type":106}
@nix {"action":"result","fields":[100,0],"id":241866788306945,"type":106}
@nix {"action":"result","fields":[0,20,0,0],"id":241866788306946,"type":105}
@nix {"action":"result","fields":[0,0,0,0],"id":241866788306947,"type":105}
@nix {"action":"result","fields":[101,0],"id":241866788306945,"type":106}
@nix {"action":"result","fields":[100,0],"id":241866788306945,"type":106}
@nix {"action":"result","fields":[0,21,0,0],"id":241866788306946,"type":105}
@nix {"action":"result","fields":[0,0,0,0],"id":241866788306947,"type":105}
@nix {"action":"result","fields":[101,0],"id":241866788306945,"type":106}
@nix {"action":"result","fields":[100,0],"id":241866788306945,"type":106}
@nix {"action":"result","fields":[0,21,0,0],"id":241866788306946,"type":105}
@nix {"action":"result","fields":[0,0,0,0],"id":241866788306947,"type":105}
@nix {"action":"result","fields":[101,0],"id":241866788306945,"type":106}
@nix {"action":"result","fields":[100,0],"id":241866788306945,"type":106}
@nix {"action":"result","fields":[0,21,0,0],"id":241866788306946,"type":105}
@nix {"action":"result","fields":[0,0,0,0],"id":241866788306947,"type":105}
@nix {"action":"result","fields":[101,0],"id":241866788306945,"type":106}
@nix {"action":"result","fields":[100,0],"id":241866788306945,"type":106}
@nix {"action":"result","fields":[0,22,0,0],"id":241866788306946,"type":105}
@nix {"action":"result","fields":[0,0,0,0],"id":241866788306947,"type":105}
@nix {"action":"result","fields":[101,0],"id":241866788306945,"type":106}
@nix {"action":"result","fields":[100,0],"id":241866788306945,"type":106}
@nix {"action":"result","fields":[0,22,0,0],"id":241866788306946,"type":105}
@nix {"action":"result","fields":[0,0,0,0],"id":241866788306947,"type":105}
@nix {"action":"result","fields":[101,0],"id":241866788306945,"type":106}
@nix {"action":"result","fields":[100,0],"id":241866788306945,"type":106}
@nix {"action":"result","fields":[0,22,0,0],"id":241866788306946,"type":105}
@nix {"action":"result","fields":[0,0,0,0],"id":241866788306947,"type":105}
@nix {"action":"result","fields":[101,0],"id":241866788306945,"type":106}
@nix {"action":"result","fields":[100,0],"id":241866788306945,"type":106}
@nix {"action":"result","fields":[0,23,0,0],"id":241866788306946,"type":105}
@nix {"action":"result","fields":[0,0,0,0],"id":241866788306947,"type":105}
@nix {"action":"result","fields":[101,0],"id":241866788306945,"type":106}
@nix {"action":"result","fields":[100,0],"id":241866788306945,"type":106}
@nix {"action":"result","fields":[0,23,0,0],"id":241866788306946,"type":105}
@nix {"action":"result","fields":[0,0,0,0],"id":241866788306947,"type":105}
@nix {"action":"result","fields":[101,0],"id":241866788306945,"type":106}
@nix {"action":"result","fields":[100,0],"id":241866788306945,"type":106}
@nix {"action":"result","fields":[0,23,0,0],"id":241866788306946,"type":105}
@nix {"action":"result","fields":[0,0,0,0],"id":241866788306947,"type":105}
@nix {"action":"result","fields":[101,0],"id":241866788306945,"type":106}
@nix {"action":"result","fields":[100,0],"id":241866788306945,"type":106}
@nix {"action":"result","fields":[0,24,0,0],"id":241866788306946,"type":105}
@nix {"action":"result","fields":[0,0,0,0],"id":241866788306947,"type":105}
@nix {"action":"result","fields":[101,0],"id":241866788306945,"type":106}
@nix {"action":"result","fields":[100,0],"id":241866788306945,"type":106}
@nix {"action":"result","fields":[0,24,0,0],"id":241866788306946,"type":105}
@nix {"action":"result","fields":[0,0,0,0],"id":241866788306947,"type":105}
@nix {"action":"result","fields":[101,0],"id":241866788306945,"type":106}
@nix {"action":"result","fields":[100,0],"id":241866788306945,"type":106}
@nix {"action":"result","fields":[0,24,0,0],"id":241866788306946,"type":105}
@nix {"action":"result","fields":[0,0,0,0],"id":241866788306947,"type":105}
@nix {"action":"result","fields":[101,0],"id":241866788306945,"type":106}
@nix {"action":"result","fields":[100,0],"id":241866788306945,"type":106}
@nix {"action":"result","fields":[0,25,0,0],"id":241866788306946,"type":105}
@nix {"action":"result","fields":[0,0,0,0],"id":241866788306947,"type":105}
@nix {"action":"result","fields":[101,0],"id":241866788306945,"type":106}
@nix {"action":"result","fields":[100,0],"id":241866788306945,"type":106}
@nix {"action":"result","fields":[0,25,0,0],"id":241866788306946,"type":105}
@nix {"action":"result","fields":[0,0,0,0],"id":241866788306947,"type":105}
@nix {"action":"result","fields":[101,0],"id":241866788306945,"type":106}
@nix {"action":"result","fields":[100,0],"id":241866788306945,"type":106}
@nix {"action":"result","fields":[0,25,0,0],"id":241866788306946,"type":105}
@nix {"action":"result","fields":[0,0,0,0],"id":241866788306947,"type":105}
@nix {"action":"result","fields":[101,0],"id":241866788306945,"type":106}
@nix {"action":"result","fields":[100,0],"id":241866788306945,"type":106}
@nix {"action":"result","fields":[0,26,0,0],"id":241866788306946,"type":105}
@nix {"action":"result","fields":[0,0,0,0],"id":241866788306947,"type":105}
@nix {"action":"result","fields":[101,0],"id":241866788306945,"type":106}
@nix {"action":"result","fields":[100,0],"id":241866788306945,"type":106}
@nix {"action":"result","fields":[0,26,0,0],"id":241866788306946,"type":105}
@nix {"action":"result","fields":[0,0,0,0],"id":241866788306947,"type":105}
@nix {"action":"result","fields":[101,0],"id":241866788306945,"type":106}
@nix {"action":"result","fields":[100,0],"id":241866788306945,"type":106}
@nix {"action":"result","fields":[0,26,0,0],"id":241866788306946,"type":105}
@nix {"action":"result","fields":[0,0,0,0],"id":241866788306947,"type":105}
@nix {"action":"result","fields":[101,0],"id":241866788306945,"type":106}
@nix {"action":"result","fields":[100,0],"id":241866788306945,"type":106}
@nix {"action":"result","fields":[0,27,0,0],"id":241866788306946,"type":105}
@nix {"action":"result","fields":[0,0,0,0],"id":241866788306947,"type":105}
@nix {"action":"result","fields":[101,0],"id":241866788306945,"type":106}
@nix {"action":"result","fields":[100,0],"id":241866788306945,"type":106}
@nix {"action":"result","fields":[0,27,0,0],"id":241866788306946,"type":105}
@nix {"action":"result","fields":[0,0,0,0],"id":241866788306947,"type":105}
@nix {"action":"result","fields":[101,0],"id":241866788306945,"type":106}
@nix {"action":"result","fields":[100,0],"id":241866788306945,"type":106}
@nix {"action":"result","fields":[0,27,0,0],"id":241866788306946,"type":105}
@nix {"action":"result","fields":[0,0,0,0],"id":241866788306947,"type":105}
@nix {"action":"result","fields":[101,0],"id":241866788306945,"type":106}
@nix {"action":"result","fields":[100,0],"id":241866788306945,"type":106}
@nix {"action":"result","fields":[0,28,0,0],"id":241866788306946,"type":105}
@nix {"action":"result","fields":[0,0,0,0],"id":241866788306947,"type":105}
@nix {"action":"result","fields":[101,0],"id":241866788306945,"type":106}
@nix {"action":"result","fields":[100,0],"id":241866788306945,"type":106}
@nix {"action":"result","fields":[0,28,0,0],"id":241866788306946,"type":105}
@nix {"action":"result","fields":[0,0,0,0],"id":241866788306947,"type":105}
@nix {"action":"result","fields":[101,0],"id":241866788306945,"type":106}
@nix {"action":"result","fields":[100,0],"id":241866788306945,"type":106}
@nix {"action":"result","fields":[0,28,0,0],"id":241866788306946,"type":105}
@nix {"action":"result","fields":[0,0,0,0],"id":241866788306947,"type":105}
@nix {"action":"result","fields":[101,0],"id":241866788306945,"type":106}
@nix {"action":"result","fields":[100,0],"id":241866788306945,"type":106}
@nix {"action":"result","fields":[0,29,0,0],"id":241866788306946,"type":105}
@nix {"action":"result","fields":[0,0,0,0],"id":241866788306947,"type":105}
@nix {"action":"result","fields":[101,0],"id":241866788306945,"type":106}
@nix {"action":"result","fields":[100,0],"id":241866788306945,"type":106}
@nix {"action":"result","fields":[0,29,0,0],"id":241866788306946,"type":105}
@nix {"action":"result","fields":[0,0,0,0],"id":241866788306947,"type":105}
@nix {"action":"result","fields":[101,0],"id":241866788306945,"type":106}
@nix {"action":"result","fields":[100,0],"id":241866788306945,"type":106}
@nix {"action":"result","fields":[0,29,0,0],"id":241866788306946,"type":105}
@nix {"action":"result","fields":[0,0,0,0],"id":241866788306947,"type":105}
@nix {"action":"result","fields":[101,0],"id":241866788306945,"type":106}
@nix {"action":"result","fields":[100,0],"id":241866788306945,"type":106}
@nix {"action":"result","fields":[0,30,0,0],"id":241866788306946,"type":105}
@nix {"action":"result","fields":[0,0,0,0],"id":241866788306947,"type":105}
@nix {"action":"result","fields":[101,0],"id":241866788306945,"type":106}
@nix {"action":"result","fields":[100,0],"id":241866788306945,"type":106}
@nix {"action":"result","fields":[0,30,0,0],"id":241866788306946,"type":105}
@nix {"action":"result","fields":[0,0,0,0],"id":241866788306947,"type":105}
@nix {"action":"result","fields":[101,0],"id":241866788306945,"type":106}
@nix {"action":"result","fields":[100,0],"id":241866788306945,"type":106}
@nix {"action":"result","fields":[0,30,0,0],"id":241866788306946,"type":105}
@nix {"action":"result","fields":[0,0,0,0],"id":241866788306947,"type":105}
@nix {"action":"result","fields":[101,0],"id":241866788306945,"type":106}
@nix {"action":"result","fields":[100,0],"id":241866788306945,"type":106}
@nix {"action":"result","fields":[0,31,0,0],"id":241866788306946,"type":105}
@nix {"action":"result","fields":[0,0,0,0],"id":241866788306947,"type":105}
@nix {"action":"result","fields":[101,0],"id":241866788306945,"type":106}
@nix {"action":"result","fields":[100,0],"id":241866788306945,"type":106}
@nix {"action":"result","fields":[0,31,0,0],"id":241866788306946,"type":105}
@nix {"action":"result","fields":[0,0,0,0],"id":241866788306947,"type":105}
@nix {"action":"result","fields":[101,0],"id":241866788306945,"type":106}
@nix {"action":"result","fields":[100,0],"id":241866788306945,"type":106}
@nix {"action":"result","fields":[0,31,0,0],"id":241866788306946,"type":105}
@nix {"action":"result","fields":[0,0,0,0],"id":241866788306947,"type":105}
@nix {"action":"result","fields":[101,0],"id":241866788306945,"type":106}
@nix {"action":"result","fields":[100,0],"id":241866788306945,"type":106}
@nix {"action":"result","fields":[0,32,0,0],"id":241866788306946,"type":105}
@nix {"action":"result","fields":[0,0,0,0],"id":241866788306947,"type":105}
@nix {"action":"result","fields":[101,0],"id":241866788306945,"type":106}
@nix {"action":"result","fields":[100,0],"id":241866788306945,"type":106}
@nix {"action":"start","fields":["/Users/hetzner/obrador-shared-pins-20260909/round-3-baseline/chain-round-1-jobs-8/store/sz1ng1g1sw36ap6qx6p28gr24vgn81qb-leaf-0.drv.drv","",1,1],"id":241866788306948,"level":3,"parent":0,"text":"building '/Users/hetzner/obrador-shared-pins-20260909/round-3-baseline/chain-round-1-jobs-8/store/sz1ng1g1sw36ap6qx6p28gr24vgn81qb-leaf-0.drv.drv'","type":105}
@nix {"action":"result","fields":[0,32,1,0],"id":241866788306946,"type":105}
@nix {"action":"result","fields":[0,0,0,0],"id":241866788306947,"type":105}
@nix {"action":"result","fields":[101,0],"id":241866788306945,"type":106}
@nix {"action":"result","fields":[100,0],"id":241866788306945,"type":106}
@nix {"action":"result","fields":[1,33,0,0],"id":241866788306946,"type":105}
@nix {"action":"result","fields":[0,0,0,0],"id":241866788306947,"type":105}
@nix {"action":"result","fields":[101,0],"id":241866788306945,"type":106}
@nix {"action":"result","fields":[100,0],"id":241866788306945,"type":106}
@nix {"action":"stop","id":241866788306948}
@nix {"action":"result","fields":[1,33,0,0],"id":241866788306946,"type":105}
@nix {"action":"result","fields":[0,0,0,0],"id":241866788306947,"type":105}
@nix {"action":"result","fields":[101,0],"id":241866788306945,"type":106}
@nix {"action":"result","fields":[100,0],"id":241866788306945,"type":106}
@nix {"action":"start","fields":["/Users/hetzner/obrador-shared-pins-20260909/round-3-baseline/chain-round-1-jobs-8/store/4fkdx5ffyn3qsg08ssy6lgx9svln0f96-leaf-0.drv","",1,1],"id":241866788306949,"level":3,"parent":0,"text":"building '/Users/hetzner/obrador-shared-pins-20260909/round-3-baseline/chain-round-1-jobs-8/store/4fkdx5ffyn3qsg08ssy6lgx9svln0f96-leaf-0.drv'","type":105}
@nix {"action":"result","fields":[1,33,1,0],"id":241866788306946,"type":105}
@nix {"action":"result","fields":[0,0,0,0],"id":241866788306947,"type":105}
@nix {"action":"result","fields":[101,0],"id":241866788306945,"type":106}
@nix {"action":"result","fields":[100,0],"id":241866788306945,"type":106}
@nix {"action":"result","fields":[2,34,0,0],"id":241866788306946,"type":105}
@nix {"action":"result","fields":[0,0,0,0],"id":241866788306947,"type":105}
@nix {"action":"result","fields":[101,0],"id":241866788306945,"type":106}
@nix {"action":"result","fields":[100,0],"id":241866788306945,"type":106}
@nix {"action":"stop","id":241866788306949}
@nix {"action":"start","fields":["/Users/hetzner/obrador-shared-pins-20260909/round-3-baseline/chain-round-1-jobs-8/store/g3fys7lzc20b79j2s8i0afj6r6a70hg0-leaf-1.drv.drv","/Users/hetzner/obrador-shared-pins-20260909/round-3-baseline/chain-round-1-jobs-8/store/3dqd8n9gq4iscjz0rgmiaq7lxmkpij6k-leaf-1.drv.drv"],"id":241866788306950,"level":3,"parent":0,"text":"resolved derivation: '/Users/hetzner/obrador-shared-pins-20260909/round-3-baseline/chain-round-1-jobs-8/store/g3fys7lzc20b79j2s8i0afj6r6a70hg0-leaf-1.drv.drv' -> '/Users/hetzner/obrador-shared-pins-20260909/round-3-baseline/chain-round-1-jobs-8/store/3dqd8n9gq4iscjz0rgmiaq7lxmkpij6k-leaf-1.drv.drv'","type":111}
@nix {"action":"result","fields":[2,34,0,0],"id":241866788306946,"type":105}
@nix {"action":"result","fields":[0,0,0,0],"id":241866788306947,"type":105}
@nix {"action":"result","fields":[101,0],"id":241866788306945,"type":106}
@nix {"action":"result","fields":[100,0],"id":241866788306945,"type":106}
@nix {"action":"start","fields":["/Users/hetzner/obrador-shared-pins-20260909/round-3-baseline/chain-round-1-jobs-8/store/3dqd8n9gq4iscjz0rgmiaq7lxmkpij6k-leaf-1.drv.drv","",1,1],"id":241866788306951,"level":3,"parent":0,"text":"building '/Users/hetzner/obrador-shared-pins-20260909/round-3-baseline/chain-round-1-jobs-8/store/3dqd8n9gq4iscjz0rgmiaq7lxmkpij6k-leaf-1.drv.drv'","type":105}
@nix {"action":"result","fields":[2,34,1,0],"id":241866788306946,"type":105}
@nix {"action":"result","fields":[0,0,0,0],"id":241866788306947,"type":105}
@nix {"action":"result","fields":[101,0],"id":241866788306945,"type":106}
@nix {"action":"result","fields":[100,0],"id":241866788306945,"type":106}
@nix {"action":"result","fields":[3,35,0,0],"id":241866788306946,"type":105}
@nix {"action":"result","fields":[0,0,0,0],"id":241866788306947,"type":105}
@nix {"action":"result","fields":[101,0],"id":241866788306945,"type":106}
@nix {"action":"result","fields":[100,0],"id":241866788306945,"type":106}
@nix {"action":"stop","id":241866788306951}
@nix {"action":"result","fields":[4,35,0,0],"id":241866788306946,"type":105}
@nix {"action":"result","fields":[0,0,0,0],"id":241866788306947,"type":105}
@nix {"action":"result","fields":[101,0],"id":241866788306945,"type":106}
@nix {"action":"result","fields":[100,0],"id":241866788306945,"type":106}
@nix {"action":"stop","id":241866788306950}
@nix {"action":"result","fields":[4,35,0,0],"id":241866788306946,"type":105}
@nix {"action":"result","fields":[0,0,0,0],"id":241866788306947,"type":105}
@nix {"action":"result","fields":[101,0],"id":241866788306945,"type":106}
@nix {"action":"result","fields":[100,0],"id":241866788306945,"type":106}
@nix {"action":"start","fields":["/Users/hetzner/obrador-shared-pins-20260909/round-3-baseline/chain-round-1-jobs-8/store/lflg90vc5ybdpwysq9f0338pl054n2yv-leaf-1.drv","",1,1],"id":241866788306952,"level":3,"parent":0,"text":"building '/Users/hetzner/obrador-shared-pins-20260909/round-3-baseline/chain-round-1-jobs-8/store/lflg90vc5ybdpwysq9f0338pl054n2yv-leaf-1.drv'","type":105}
@nix {"action":"result","fields":[4,35,1,0],"id":241866788306946,"type":105}
@nix {"action":"result","fields":[0,0,0,0],"id":241866788306947,"type":105}
@nix {"action":"result","fields":[101,0],"id":241866788306945,"type":106}
@nix {"action":"result","fields":[100,0],"id":241866788306945,"type":106}
@nix {"action":"result","fields":[5,36,0,0],"id":241866788306946,"type":105}
@nix {"action":"result","fields":[0,0,0,0],"id":241866788306947,"type":105}
@nix {"action":"result","fields":[101,0],"id":241866788306945,"type":106}
@nix {"action":"result","fields":[100,0],"id":241866788306945,"type":106}
@nix {"action":"stop","id":241866788306952}
@nix {"action":"start","fields":["/Users/hetzner/obrador-shared-pins-20260909/round-3-baseline/chain-round-1-jobs-8/store/vawvm1sr0nq5n652q9p4s687wmm8zngl-leaf-2.drv.drv","/Users/hetzner/obrador-shared-pins-20260909/round-3-baseline/chain-round-1-jobs-8/store/f4mh3c29z6hg2zkhs1fdba5j6lf2blcy-leaf-2.drv.drv"],"id":241866788306953,"level":3,"parent":0,"text":"resolved derivation: '/Users/hetzner/obrador-shared-pins-20260909/round-3-baseline/chain-round-1-jobs-8/store/vawvm1sr0nq5n652q9p4s687wmm8zngl-leaf-2.drv.drv' -> '/Users/hetzner/obrador-shared-pins-20260909/round-3-baseline/chain-round-1-jobs-8/store/f4mh3c29z6hg2zkhs1fdba5j6lf2blcy-leaf-2.drv.drv'","type":111}
@nix {"action":"result","fields":[5,36,0,0],"id":241866788306946,"type":105}
@nix {"action":"result","fields":[0,0,0,0],"id":241866788306947,"type":105}
@nix {"action":"result","fields":[101,0],"id":241866788306945,"type":106}
@nix {"action":"result","fields":[100,0],"id":241866788306945,"type":106}
@nix {"action":"start","fields":["/Users/hetzner/obrador-shared-pins-20260909/round-3-baseline/chain-round-1-jobs-8/store/f4mh3c29z6hg2zkhs1fdba5j6lf2blcy-leaf-2.drv.drv","",1,1],"id":241866788306954,"level":3,"parent":0,"text":"building '/Users/hetzner/obrador-shared-pins-20260909/round-3-baseline/chain-round-1-jobs-8/store/f4mh3c29z6hg2zkhs1fdba5j6lf2blcy-leaf-2.drv.drv'","type":105}
@nix {"action":"result","fields":[5,36,1,0],"id":241866788306946,"type":105}
@nix {"action":"result","fields":[0,0,0,0],"id":241866788306947,"type":105}
@nix {"action":"result","fields":[101,0],"id":241866788306945,"type":106}
@nix {"action":"result","fields":[100,0],"id":241866788306945,"type":106}
@nix {"action":"result","fields":[6,37,0,0],"id":241866788306946,"type":105}
@nix {"action":"result","fields":[0,0,0,0],"id":241866788306947,"type":105}
@nix {"action":"result","fields":[101,0],"id":241866788306945,"type":106}
@nix {"action":"result","fields":[100,0],"id":241866788306945,"type":106}
@nix {"action":"stop","id":241866788306954}
@nix {"action":"result","fields":[7,37,0,0],"id":241866788306946,"type":105}
@nix {"action":"result","fields":[0,0,0,0],"id":241866788306947,"type":105}
@nix {"action":"result","fields":[101,0],"id":241866788306945,"type":106}
@nix {"action":"result","fields":[100,0],"id":241866788306945,"type":106}
@nix {"action":"stop","id":241866788306953}
@nix {"action":"result","fields":[7,37,0,0],"id":241866788306946,"type":105}
@nix {"action":"result","fields":[0,0,0,0],"id":241866788306947,"type":105}
@nix {"action":"result","fields":[101,0],"id":241866788306945,"type":106}
@nix {"action":"result","fields":[100,0],"id":241866788306945,"type":106}
@nix {"action":"start","fields":["/Users/hetzner/obrador-shared-pins-20260909/round-3-baseline/chain-round-1-jobs-8/store/sllgv42yrchgx1pfhyrsfdbhsrqsr3qx-leaf-2.drv","",1,1],"id":241866788306955,"level":3,"parent":0,"text":"building '/Users/hetzner/obrador-shared-pins-20260909/round-3-baseline/chain-round-1-jobs-8/store/sllgv42yrchgx1pfhyrsfdbhsrqsr3qx-leaf-2.drv'","type":105}
@nix {"action":"result","fields":[7,37,1,0],"id":241866788306946,"type":105}
@nix {"action":"result","fields":[0,0,0,0],"id":241866788306947,"type":105}
@nix {"action":"result","fields":[101,0],"id":241866788306945,"type":106}
@nix {"action":"result","fields":[100,0],"id":241866788306945,"type":106}
@nix {"action":"result","fields":[8,38,0,0],"id":241866788306946,"type":105}
@nix {"action":"result","fields":[0,0,0,0],"id":241866788306947,"type":105}
@nix {"action":"result","fields":[101,0],"id":241866788306945,"type":106}
@nix {"action":"result","fields":[100,0],"id":241866788306945,"type":106}
@nix {"action":"stop","id":241866788306955}
@nix {"action":"start","fields":["/Users/hetzner/obrador-shared-pins-20260909/round-3-baseline/chain-round-1-jobs-8/store/2wldqyfa9vni4jn0f7wn8m1yavmyy0rd-leaf-3.drv.drv","/Users/hetzner/obrador-shared-pins-20260909/round-3-baseline/chain-round-1-jobs-8/store/q1cb32maw58jj2nnr3kmmafwb9hmxq1f-leaf-3.drv.drv"],"id":241866788306956,"level":3,"parent":0,"text":"resolved derivation: '/Users/hetzner/obrador-shared-pins-20260909/round-3-baseline/chain-round-1-jobs-8/store/2wldqyfa9vni4jn0f7wn8m1yavmyy0rd-leaf-3.drv.drv' -> '/Users/hetzner/obrador-shared-pins-20260909/round-3-baseline/chain-round-1-jobs-8/store/q1cb32maw58jj2nnr3kmmafwb9hmxq1f-leaf-3.drv.drv'","type":111}
@nix {"action":"result","fields":[8,38,0,0],"id":241866788306946,"type":105}
@nix {"action":"result","fields":[0,0,0,0],"id":241866788306947,"type":105}
@nix {"action":"result","fields":[101,0],"id":241866788306945,"type":106}
@nix {"action":"result","fields":[100,0],"id":241866788306945,"type":106}
@nix {"action":"start","fields":["/Users/hetzner/obrador-shared-pins-20260909/round-3-baseline/chain-round-1-jobs-8/store/q1cb32maw58jj2nnr3kmmafwb9hmxq1f-leaf-3.drv.drv","",1,1],"id":241866788306957,"level":3,"parent":0,"text":"building '/Users/hetzner/obrador-shared-pins-20260909/round-3-baseline/chain-round-1-jobs-8/store/q1cb32maw58jj2nnr3kmmafwb9hmxq1f-leaf-3.drv.drv'","type":105}
@nix {"action":"result","fields":[8,38,1,0],"id":241866788306946,"type":105}
@nix {"action":"result","fields":[0,0,0,0],"id":241866788306947,"type":105}
@nix {"action":"result","fields":[101,0],"id":241866788306945,"type":106}
@nix {"action":"result","fields":[100,0],"id":241866788306945,"type":106}
@nix {"action":"result","fields":[9,39,0,0],"id":241866788306946,"type":105}
@nix {"action":"result","fields":[0,0,0,0],"id":241866788306947,"type":105}
@nix {"action":"result","fields":[101,0],"id":241866788306945,"type":106}
@nix {"action":"result","fields":[100,0],"id":241866788306945,"type":106}
@nix {"action":"stop","id":241866788306957}
@nix {"action":"result","fields":[10,39,0,0],"id":241866788306946,"type":105}
@nix {"action":"result","fields":[0,0,0,0],"id":241866788306947,"type":105}
@nix {"action":"result","fields":[101,0],"id":241866788306945,"type":106}
@nix {"action":"result","fields":[100,0],"id":241866788306945,"type":106}
@nix {"action":"stop","id":241866788306956}
@nix {"action":"result","fields":[10,39,0,0],"id":241866788306946,"type":105}
@nix {"action":"result","fields":[0,0,0,0],"id":241866788306947,"type":105}
@nix {"action":"result","fields":[101,0],"id":241866788306945,"type":106}
@nix {"action":"result","fields":[100,0],"id":241866788306945,"type":106}
@nix {"action":"start","fields":["/Users/hetzner/obrador-shared-pins-20260909/round-3-baseline/chain-round-1-jobs-8/store/yypx3r4ckpkx51fj6583n8l8bkxg0cxq-leaf-3.drv","",1,1],"id":241866788306958,"level":3,"parent":0,"text":"building '/Users/hetzner/obrador-shared-pins-20260909/round-3-baseline/chain-round-1-jobs-8/store/yypx3r4ckpkx51fj6583n8l8bkxg0cxq-leaf-3.drv'","type":105}
@nix {"action":"result","fields":[10,39,1,0],"id":241866788306946,"type":105}
@nix {"action":"result","fields":[0,0,0,0],"id":241866788306947,"type":105}
@nix {"action":"result","fields":[101,0],"id":241866788306945,"type":106}
@nix {"action":"result","fields":[100,0],"id":241866788306945,"type":106}
@nix {"action":"result","fields":[11,40,0,0],"id":241866788306946,"type":105}
@nix {"action":"result","fields":[0,0,0,0],"id":241866788306947,"type":105}
@nix {"action":"result","fields":[101,0],"id":241866788306945,"type":106}
@nix {"action":"result","fields":[100,0],"id":241866788306945,"type":106}
@nix {"action":"stop","id":241866788306958}
@nix {"action":"start","fields":["/Users/hetzner/obrador-shared-pins-20260909/round-3-baseline/chain-round-1-jobs-8/store/374q96nmy85bi29z8hzsa9djkwv9wy0w-leaf-4.drv.drv","/Users/hetzner/obrador-shared-pins-20260909/round-3-baseline/chain-round-1-jobs-8/store/a1waksqghbqarrgvkixyq9ybjj827qc0-leaf-4.drv.drv"],"id":241866788306959,"level":3,"parent":0,"text":"resolved derivation: '/Users/hetzner/obrador-shared-pins-20260909/round-3-baseline/chain-round-1-jobs-8/store/374q96nmy85bi29z8hzsa9djkwv9wy0w-leaf-4.drv.drv' -> '/Users/hetzner/obrador-shared-pins-20260909/round-3-baseline/chain-round-1-jobs-8/store/a1waksqghbqarrgvkixyq9ybjj827qc0-leaf-4.drv.drv'","type":111}
@nix {"action":"result","fields":[11,40,0,0],"id":241866788306946,"type":105}
@nix {"action":"result","fields":[0,0,0,0],"id":241866788306947,"type":105}
@nix {"action":"result","fields":[101,0],"id":241866788306945,"type":106}
@nix {"action":"result","fields":[100,0],"id":241866788306945,"type":106}
@nix {"action":"start","fields":["/Users/hetzner/obrador-shared-pins-20260909/round-3-baseline/chain-round-1-jobs-8/store/a1waksqghbqarrgvkixyq9ybjj827qc0-leaf-4.drv.drv","",1,1],"id":241866788306960,"level":3,"parent":0,"text":"building '/Users/hetzner/obrador-shared-pins-20260909/round-3-baseline/chain-round-1-jobs-8/store/a1waksqghbqarrgvkixyq9ybjj827qc0-leaf-4.drv.drv'","type":105}
@nix {"action":"result","fields":[11,40,1,0],"id":241866788306946,"type":105}
@nix {"action":"result","fields":[0,0,0,0],"id":241866788306947,"type":105}
@nix {"action":"result","fields":[101,0],"id":241866788306945,"type":106}
@nix {"action":"result","fields":[100,0],"id":241866788306945,"type":106}
@nix {"action":"result","fields":[12,41,0,0],"id":241866788306946,"type":105}
@nix {"action":"result","fields":[0,0,0,0],"id":241866788306947,"type":105}
@nix {"action":"result","fields":[101,0],"id":241866788306945,"type":106}
@nix {"action":"result","fields":[100,0],"id":241866788306945,"type":106}
@nix {"action":"stop","id":241866788306960}
@nix {"action":"result","fields":[13,41,0,0],"id":241866788306946,"type":105}
@nix {"action":"result","fields":[0,0,0,0],"id":241866788306947,"type":105}
@nix {"action":"result","fields":[101,0],"id":241866788306945,"type":106}
@nix {"action":"result","fields":[100,0],"id":241866788306945,"type":106}
@nix {"action":"stop","id":241866788306959}
@nix {"action":"result","fields":[13,41,0,0],"id":241866788306946,"type":105}
@nix {"action":"result","fields":[0,0,0,0],"id":241866788306947,"type":105}
@nix {"action":"result","fields":[101,0],"id":241866788306945,"type":106}
@nix {"action":"result","fields":[100,0],"id":241866788306945,"type":106}
@nix {"action":"start","fields":["/Users/hetzner/obrador-shared-pins-20260909/round-3-baseline/chain-round-1-jobs-8/store/lfyirnv14q44nhi35wsjdnhw16n779gc-leaf-4.drv","",1,1],"id":241866788306961,"level":3,"parent":0,"text":"building '/Users/hetzner/obrador-shared-pins-20260909/round-3-baseline/chain-round-1-jobs-8/store/lfyirnv14q44nhi35wsjdnhw16n779gc-leaf-4.drv'","type":105}
@nix {"action":"result","fields":[13,41,1,0],"id":241866788306946,"type":105}
@nix {"action":"result","fields":[0,0,0,0],"id":241866788306947,"type":105}
@nix {"action":"result","fields":[101,0],"id":241866788306945,"type":106}
@nix {"action":"result","fields":[100,0],"id":241866788306945,"type":106}
@nix {"action":"result","fields":[14,42,0,0],"id":241866788306946,"type":105}
@nix {"action":"result","fields":[0,0,0,0],"id":241866788306947,"type":105}
@nix {"action":"result","fields":[101,0],"id":241866788306945,"type":106}
@nix {"action":"result","fields":[100,0],"id":241866788306945,"type":106}
@nix {"action":"stop","id":241866788306961}
@nix {"action":"start","fields":["/Users/hetzner/obrador-shared-pins-20260909/round-3-baseline/chain-round-1-jobs-8/store/zppscpvyb2x1dzgwy1jak0gfhwc1qyx1-leaf-5.drv.drv","/Users/hetzner/obrador-shared-pins-20260909/round-3-baseline/chain-round-1-jobs-8/store/7vnngi9py28dqr2ysd6c954c2gz5yz0k-leaf-5.drv.drv"],"id":241866788306962,"level":3,"parent":0,"text":"resolved derivation: '/Users/hetzner/obrador-shared-pins-20260909/round-3-baseline/chain-round-1-jobs-8/store/zppscpvyb2x1dzgwy1jak0gfhwc1qyx1-leaf-5.drv.drv' -> '/Users/hetzner/obrador-shared-pins-20260909/round-3-baseline/chain-round-1-jobs-8/store/7vnngi9py28dqr2ysd6c954c2gz5yz0k-leaf-5.drv.drv'","type":111}
@nix {"action":"result","fields":[14,42,0,0],"id":241866788306946,"type":105}
@nix {"action":"result","fields":[0,0,0,0],"id":241866788306947,"type":105}
@nix {"action":"result","fields":[101,0],"id":241866788306945,"type":106}
@nix {"action":"result","fields":[100,0],"id":241866788306945,"type":106}
@nix {"action":"start","fields":["/Users/hetzner/obrador-shared-pins-20260909/round-3-baseline/chain-round-1-jobs-8/store/7vnngi9py28dqr2ysd6c954c2gz5yz0k-leaf-5.drv.drv","",1,1],"id":241866788306963,"level":3,"parent":0,"text":"building '/Users/hetzner/obrador-shared-pins-20260909/round-3-baseline/chain-round-1-jobs-8/store/7vnngi9py28dqr2ysd6c954c2gz5yz0k-leaf-5.drv.drv'","type":105}
@nix {"action":"result","fields":[14,42,1,0],"id":241866788306946,"type":105}
@nix {"action":"result","fields":[0,0,0,0],"id":241866788306947,"type":105}
@nix {"action":"result","fields":[101,0],"id":241866788306945,"type":106}
@nix {"action":"result","fields":[100,0],"id":241866788306945,"type":106}
@nix {"action":"result","fields":[15,43,0,0],"id":241866788306946,"type":105}
@nix {"action":"result","fields":[0,0,0,0],"id":241866788306947,"type":105}
@nix {"action":"result","fields":[101,0],"id":241866788306945,"type":106}
@nix {"action":"result","fields":[100,0],"id":241866788306945,"type":106}
@nix {"action":"stop","id":241866788306963}
@nix {"action":"result","fields":[16,43,0,0],"id":241866788306946,"type":105}
@nix {"action":"result","fields":[0,0,0,0],"id":241866788306947,"type":105}
@nix {"action":"result","fields":[101,0],"id":241866788306945,"type":106}
@nix {"action":"result","fields":[100,0],"id":241866788306945,"type":106}
@nix {"action":"stop","id":241866788306962}
@nix {"action":"result","fields":[16,43,0,0],"id":241866788306946,"type":105}
@nix {"action":"result","fields":[0,0,0,0],"id":241866788306947,"type":105}
@nix {"action":"result","fields":[101,0],"id":241866788306945,"type":106}
@nix {"action":"result","fields":[100,0],"id":241866788306945,"type":106}
@nix {"action":"start","fields":["/Users/hetzner/obrador-shared-pins-20260909/round-3-baseline/chain-round-1-jobs-8/store/x884xbr8781nj72rd6qvv96mia5p5i4f-leaf-5.drv","",1,1],"id":241866788306964,"level":3,"parent":0,"text":"building '/Users/hetzner/obrador-shared-pins-20260909/round-3-baseline/chain-round-1-jobs-8/store/x884xbr8781nj72rd6qvv96mia5p5i4f-leaf-5.drv'","type":105}
@nix {"action":"result","fields":[16,43,1,0],"id":241866788306946,"type":105}
@nix {"action":"result","fields":[0,0,0,0],"id":241866788306947,"type":105}
@nix {"action":"result","fields":[101,0],"id":241866788306945,"type":106}
@nix {"action":"result","fields":[100,0],"id":241866788306945,"type":106}
@nix {"action":"result","fields":[17,44,0,0],"id":241866788306946,"type":105}
@nix {"action":"result","fields":[0,0,0,0],"id":241866788306947,"type":105}
@nix {"action":"result","fields":[101,0],"id":241866788306945,"type":106}
@nix {"action":"result","fields":[100,0],"id":241866788306945,"type":106}
@nix {"action":"stop","id":241866788306964}
@nix {"action":"start","fields":["/Users/hetzner/obrador-shared-pins-20260909/round-3-baseline/chain-round-1-jobs-8/store/dp9k96f1vd734xbf5faf4q86f3sb2nlg-leaf-6.drv.drv","/Users/hetzner/obrador-shared-pins-20260909/round-3-baseline/chain-round-1-jobs-8/store/8sjl5dcgw2hvgk18w6b987fjpksdwks7-leaf-6.drv.drv"],"id":241866788306965,"level":3,"parent":0,"text":"resolved derivation: '/Users/hetzner/obrador-shared-pins-20260909/round-3-baseline/chain-round-1-jobs-8/store/dp9k96f1vd734xbf5faf4q86f3sb2nlg-leaf-6.drv.drv' -> '/Users/hetzner/obrador-shared-pins-20260909/round-3-baseline/chain-round-1-jobs-8/store/8sjl5dcgw2hvgk18w6b987fjpksdwks7-leaf-6.drv.drv'","type":111}
@nix {"action":"result","fields":[17,44,0,0],"id":241866788306946,"type":105}
@nix {"action":"result","fields":[0,0,0,0],"id":241866788306947,"type":105}
@nix {"action":"result","fields":[101,0],"id":241866788306945,"type":106}
@nix {"action":"result","fields":[100,0],"id":241866788306945,"type":106}
@nix {"action":"start","fields":["/Users/hetzner/obrador-shared-pins-20260909/round-3-baseline/chain-round-1-jobs-8/store/8sjl5dcgw2hvgk18w6b987fjpksdwks7-leaf-6.drv.drv","",1,1],"id":241866788306966,"level":3,"parent":0,"text":"building '/Users/hetzner/obrador-shared-pins-20260909/round-3-baseline/chain-round-1-jobs-8/store/8sjl5dcgw2hvgk18w6b987fjpksdwks7-leaf-6.drv.drv'","type":105}
@nix {"action":"result","fields":[17,44,1,0],"id":241866788306946,"type":105}
@nix {"action":"result","fields":[0,0,0,0],"id":241866788306947,"type":105}
@nix {"action":"result","fields":[101,0],"id":241866788306945,"type":106}
@nix {"action":"result","fields":[100,0],"id":241866788306945,"type":106}
@nix {"action":"result","fields":[18,45,0,0],"id":241866788306946,"type":105}
@nix {"action":"result","fields":[0,0,0,0],"id":241866788306947,"type":105}
@nix {"action":"result","fields":[101,0],"id":241866788306945,"type":106}
@nix {"action":"result","fields":[100,0],"id":241866788306945,"type":106}
@nix {"action":"stop","id":241866788306966}
@nix {"action":"result","fields":[19,45,0,0],"id":241866788306946,"type":105}
@nix {"action":"result","fields":[0,0,0,0],"id":241866788306947,"type":105}
@nix {"action":"result","fields":[101,0],"id":241866788306945,"type":106}
@nix {"action":"result","fields":[100,0],"id":241866788306945,"type":106}
@nix {"action":"stop","id":241866788306965}
@nix {"action":"result","fields":[19,45,0,0],"id":241866788306946,"type":105}
@nix {"action":"result","fields":[0,0,0,0],"id":241866788306947,"type":105}
@nix {"action":"result","fields":[101,0],"id":241866788306945,"type":106}
@nix {"action":"result","fields":[100,0],"id":241866788306945,"type":106}
@nix {"action":"start","fields":["/Users/hetzner/obrador-shared-pins-20260909/round-3-baseline/chain-round-1-jobs-8/store/sx67flfd5bbsv2g8rpf4h42vpy63biqz-leaf-6.drv","",1,1],"id":241866788306967,"level":3,"parent":0,"text":"building '/Users/hetzner/obrador-shared-pins-20260909/round-3-baseline/chain-round-1-jobs-8/store/sx67flfd5bbsv2g8rpf4h42vpy63biqz-leaf-6.drv'","type":105}
@nix {"action":"result","fields":[19,45,1,0],"id":241866788306946,"type":105}
@nix {"action":"result","fields":[0,0,0,0],"id":241866788306947,"type":105}
@nix {"action":"result","fields":[101,0],"id":241866788306945,"type":106}
@nix {"action":"result","fields":[100,0],"id":241866788306945,"type":106}
@nix {"action":"result","fields":[20,46,0,0],"id":241866788306946,"type":105}
@nix {"action":"result","fields":[0,0,0,0],"id":241866788306947,"type":105}
@nix {"action":"result","fields":[101,0],"id":241866788306945,"type":106}
@nix {"action":"result","fields":[100,0],"id":241866788306945,"type":106}
@nix {"action":"stop","id":241866788306967}
@nix {"action":"start","fields":["/Users/hetzner/obrador-shared-pins-20260909/round-3-baseline/chain-round-1-jobs-8/store/p7cgr74li5d9sm6yjamic41w3shzj98y-leaf-7.drv.drv","/Users/hetzner/obrador-shared-pins-20260909/round-3-baseline/chain-round-1-jobs-8/store/gkdm0rqgii1ac6h2gvp9qvbgcm26hx6s-leaf-7.drv.drv"],"id":241866788306968,"level":3,"parent":0,"text":"resolved derivation: '/Users/hetzner/obrador-shared-pins-20260909/round-3-baseline/chain-round-1-jobs-8/store/p7cgr74li5d9sm6yjamic41w3shzj98y-leaf-7.drv.drv' -> '/Users/hetzner/obrador-shared-pins-20260909/round-3-baseline/chain-round-1-jobs-8/store/gkdm0rqgii1ac6h2gvp9qvbgcm26hx6s-leaf-7.drv.drv'","type":111}
@nix {"action":"result","fields":[20,46,0,0],"id":241866788306946,"type":105}
@nix {"action":"result","fields":[0,0,0,0],"id":241866788306947,"type":105}
@nix {"action":"result","fields":[101,0],"id":241866788306945,"type":106}
@nix {"action":"result","fields":[100,0],"id":241866788306945,"type":106}
@nix {"action":"start","fields":["/Users/hetzner/obrador-shared-pins-20260909/round-3-baseline/chain-round-1-jobs-8/store/gkdm0rqgii1ac6h2gvp9qvbgcm26hx6s-leaf-7.drv.drv","",1,1],"id":241866788306969,"level":3,"parent":0,"text":"building '/Users/hetzner/obrador-shared-pins-20260909/round-3-baseline/chain-round-1-jobs-8/store/gkdm0rqgii1ac6h2gvp9qvbgcm26hx6s-leaf-7.drv.drv'","type":105}
@nix {"action":"result","fields":[20,46,1,0],"id":241866788306946,"type":105}
@nix {"action":"result","fields":[0,0,0,0],"id":241866788306947,"type":105}
@nix {"action":"result","fields":[101,0],"id":241866788306945,"type":106}
@nix {"action":"result","fields":[100,0],"id":241866788306945,"type":106}
@nix {"action":"result","fields":[21,47,0,0],"id":241866788306946,"type":105}
@nix {"action":"result","fields":[0,0,0,0],"id":241866788306947,"type":105}
@nix {"action":"result","fields":[101,0],"id":241866788306945,"type":106}
@nix {"action":"result","fields":[100,0],"id":241866788306945,"type":106}
@nix {"action":"stop","id":241866788306969}
@nix {"action":"result","fields":[22,47,0,0],"id":241866788306946,"type":105}
@nix {"action":"result","fields":[0,0,0,0],"id":241866788306947,"type":105}
@nix {"action":"result","fields":[101,0],"id":241866788306945,"type":106}
@nix {"action":"result","fields":[100,0],"id":241866788306945,"type":106}
@nix {"action":"stop","id":241866788306968}
@nix {"action":"result","fields":[22,47,0,0],"id":241866788306946,"type":105}
@nix {"action":"result","fields":[0,0,0,0],"id":241866788306947,"type":105}
@nix {"action":"result","fields":[101,0],"id":241866788306945,"type":106}
@nix {"action":"result","fields":[100,0],"id":241866788306945,"type":106}
@nix {"action":"start","fields":["/Users/hetzner/obrador-shared-pins-20260909/round-3-baseline/chain-round-1-jobs-8/store/mlg8qzci5kzias4hcg56pai1q0sssxwj-leaf-7.drv","",1,1],"id":241866788306970,"level":3,"parent":0,"text":"building '/Users/hetzner/obrador-shared-pins-20260909/round-3-baseline/chain-round-1-jobs-8/store/mlg8qzci5kzias4hcg56pai1q0sssxwj-leaf-7.drv'","type":105}
@nix {"action":"result","fields":[22,47,1,0],"id":241866788306946,"type":105}
@nix {"action":"result","fields":[0,0,0,0],"id":241866788306947,"type":105}
@nix {"action":"result","fields":[101,0],"id":241866788306945,"type":106}
@nix {"action":"result","fields":[100,0],"id":241866788306945,"type":106}
@nix {"action":"result","fields":[23,48,0,0],"id":241866788306946,"type":105}
@nix {"action":"result","fields":[0,0,0,0],"id":241866788306947,"type":105}
@nix {"action":"result","fields":[101,0],"id":241866788306945,"type":106}
@nix {"action":"result","fields":[100,0],"id":241866788306945,"type":106}
@nix {"action":"stop","id":241866788306970}
@nix {"action":"start","fields":["/Users/hetzner/obrador-shared-pins-20260909/round-3-baseline/chain-round-1-jobs-8/store/prryfic1dchl79kxjsgd65k1srhhqddb-leaf-8.drv.drv","/Users/hetzner/obrador-shared-pins-20260909/round-3-baseline/chain-round-1-jobs-8/store/7wisd7ir0cf74daprhfhcscgd121z6f6-leaf-8.drv.drv"],"id":241866788306971,"level":3,"parent":0,"text":"resolved derivation: '/Users/hetzner/obrador-shared-pins-20260909/round-3-baseline/chain-round-1-jobs-8/store/prryfic1dchl79kxjsgd65k1srhhqddb-leaf-8.drv.drv' -> '/Users/hetzner/obrador-shared-pins-20260909/round-3-baseline/chain-round-1-jobs-8/store/7wisd7ir0cf74daprhfhcscgd121z6f6-leaf-8.drv.drv'","type":111}
@nix {"action":"result","fields":[23,48,0,0],"id":241866788306946,"type":105}
@nix {"action":"result","fields":[0,0,0,0],"id":241866788306947,"type":105}
@nix {"action":"result","fields":[101,0],"id":241866788306945,"type":106}
@nix {"action":"result","fields":[100,0],"id":241866788306945,"type":106}
@nix {"action":"start","fields":["/Users/hetzner/obrador-shared-pins-20260909/round-3-baseline/chain-round-1-jobs-8/store/7wisd7ir0cf74daprhfhcscgd121z6f6-leaf-8.drv.drv","",1,1],"id":241866788306972,"level":3,"parent":0,"text":"building '/Users/hetzner/obrador-shared-pins-20260909/round-3-baseline/chain-round-1-jobs-8/store/7wisd7ir0cf74daprhfhcscgd121z6f6-leaf-8.drv.drv'","type":105}
@nix {"action":"result","fields":[23,48,1,0],"id":241866788306946,"type":105}
@nix {"action":"result","fields":[0,0,0,0],"id":241866788306947,"type":105}
@nix {"action":"result","fields":[101,0],"id":241866788306945,"type":106}
@nix {"action":"result","fields":[100,0],"id":241866788306945,"type":106}
@nix {"action":"result","fields":[24,49,0,0],"id":241866788306946,"type":105}
@nix {"action":"result","fields":[0,0,0,0],"id":241866788306947,"type":105}
@nix {"action":"result","fields":[101,0],"id":241866788306945,"type":106}
@nix {"action":"result","fields":[100,0],"id":241866788306945,"type":106}
@nix {"action":"stop","id":241866788306972}
@nix {"action":"result","fields":[25,49,0,0],"id":241866788306946,"type":105}
@nix {"action":"result","fields":[0,0,0,0],"id":241866788306947,"type":105}
@nix {"action":"result","fields":[101,0],"id":241866788306945,"type":106}
@nix {"action":"result","fields":[100,0],"id":241866788306945,"type":106}
@nix {"action":"stop","id":241866788306971}
@nix {"action":"result","fields":[25,49,0,0],"id":241866788306946,"type":105}
@nix {"action":"result","fields":[0,0,0,0],"id":241866788306947,"type":105}
@nix {"action":"result","fields":[101,0],"id":241866788306945,"type":106}
@nix {"action":"result","fields":[100,0],"id":241866788306945,"type":106}
@nix {"action":"start","fields":["/Users/hetzner/obrador-shared-pins-20260909/round-3-baseline/chain-round-1-jobs-8/store/ij52ppvmlnzbl7pxz88n2m8a2r17nxxf-leaf-8.drv","",1,1],"id":241866788306973,"level":3,"parent":0,"text":"building '/Users/hetzner/obrador-shared-pins-20260909/round-3-baseline/chain-round-1-jobs-8/store/ij52ppvmlnzbl7pxz88n2m8a2r17nxxf-leaf-8.drv'","type":105}
@nix {"action":"result","fields":[25,49,1,0],"id":241866788306946,"type":105}
@nix {"action":"result","fields":[0,0,0,0],"id":241866788306947,"type":105}
@nix {"action":"result","fields":[101,0],"id":241866788306945,"type":106}
@nix {"action":"result","fields":[100,0],"id":241866788306945,"type":106}
@nix {"action":"result","fields":[26,50,0,0],"id":241866788306946,"type":105}
@nix {"action":"result","fields":[0,0,0,0],"id":241866788306947,"type":105}
@nix {"action":"result","fields":[101,0],"id":241866788306945,"type":106}
@nix {"action":"result","fields":[100,0],"id":241866788306945,"type":106}
@nix {"action":"stop","id":241866788306973}
@nix {"action":"start","fields":["/Users/hetzner/obrador-shared-pins-20260909/round-3-baseline/chain-round-1-jobs-8/store/fr844mzvdb9d3hccg8wzgv6c8wvgqs2m-leaf-9.drv.drv","/Users/hetzner/obrador-shared-pins-20260909/round-3-baseline/chain-round-1-jobs-8/store/qqa698qxl1n7d5s0n3c5h6vkihg25v38-leaf-9.drv.drv"],"id":241866788306974,"level":3,"parent":0,"text":"resolved derivation: '/Users/hetzner/obrador-shared-pins-20260909/round-3-baseline/chain-round-1-jobs-8/store/fr844mzvdb9d3hccg8wzgv6c8wvgqs2m-leaf-9.drv.drv' -> '/Users/hetzner/obrador-shared-pins-20260909/round-3-baseline/chain-round-1-jobs-8/store/qqa698qxl1n7d5s0n3c5h6vkihg25v38-leaf-9.drv.drv'","type":111}
@nix {"action":"result","fields":[26,50,0,0],"id":241866788306946,"type":105}
@nix {"action":"result","fields":[0,0,0,0],"id":241866788306947,"type":105}
@nix {"action":"result","fields":[101,0],"id":241866788306945,"type":106}
@nix {"action":"result","fields":[100,0],"id":241866788306945,"type":106}
@nix {"action":"start","fields":["/Users/hetzner/obrador-shared-pins-20260909/round-3-baseline/chain-round-1-jobs-8/store/qqa698qxl1n7d5s0n3c5h6vkihg25v38-leaf-9.drv.drv","",1,1],"id":241866788306975,"level":3,"parent":0,"text":"building '/Users/hetzner/obrador-shared-pins-20260909/round-3-baseline/chain-round-1-jobs-8/store/qqa698qxl1n7d5s0n3c5h6vkihg25v38-leaf-9.drv.drv'","type":105}
@nix {"action":"result","fields":[26,50,1,0],"id":241866788306946,"type":105}
@nix {"action":"result","fields":[0,0,0,0],"id":241866788306947,"type":105}
@nix {"action":"result","fields":[101,0],"id":241866788306945,"type":106}
@nix {"action":"result","fields":[100,0],"id":241866788306945,"type":106}
@nix {"action":"result","fields":[27,51,0,0],"id":241866788306946,"type":105}
@nix {"action":"result","fields":[0,0,0,0],"id":241866788306947,"type":105}
@nix {"action":"result","fields":[101,0],"id":241866788306945,"type":106}
@nix {"action":"result","fields":[100,0],"id":241866788306945,"type":106}
@nix {"action":"stop","id":241866788306975}
@nix {"action":"result","fields":[28,51,0,0],"id":241866788306946,"type":105}
@nix {"action":"result","fields":[0,0,0,0],"id":241866788306947,"type":105}
@nix {"action":"result","fields":[101,0],"id":241866788306945,"type":106}
@nix {"action":"result","fields":[100,0],"id":241866788306945,"type":106}
@nix {"action":"stop","id":241866788306974}
@nix {"action":"result","fields":[28,51,0,0],"id":241866788306946,"type":105}
@nix {"action":"result","fields":[0,0,0,0],"id":241866788306947,"type":105}
@nix {"action":"result","fields":[101,0],"id":241866788306945,"type":106}
@nix {"action":"result","fields":[100,0],"id":241866788306945,"type":106}
@nix {"action":"start","fields":["/Users/hetzner/obrador-shared-pins-20260909/round-3-baseline/chain-round-1-jobs-8/store/8vbkml0liflrhj64mbwfh81j0vsi4s8z-leaf-9.drv","",1,1],"id":241866788306976,"level":3,"parent":0,"text":"building '/Users/hetzner/obrador-shared-pins-20260909/round-3-baseline/chain-round-1-jobs-8/store/8vbkml0liflrhj64mbwfh81j0vsi4s8z-leaf-9.drv'","type":105}
@nix {"action":"result","fields":[28,51,1,0],"id":241866788306946,"type":105}
@nix {"action":"result","fields":[0,0,0,0],"id":241866788306947,"type":105}
@nix {"action":"result","fields":[101,0],"id":241866788306945,"type":106}
@nix {"action":"result","fields":[100,0],"id":241866788306945,"type":106}
@nix {"action":"result","fields":[29,52,0,0],"id":241866788306946,"type":105}
@nix {"action":"result","fields":[0,0,0,0],"id":241866788306947,"type":105}
@nix {"action":"result","fields":[101,0],"id":241866788306945,"type":106}
@nix {"action":"result","fields":[100,0],"id":241866788306945,"type":106}
@nix {"action":"stop","id":241866788306976}
@nix {"action":"start","fields":["/Users/hetzner/obrador-shared-pins-20260909/round-3-baseline/chain-round-1-jobs-8/store/3wmq12ljyzv0x8al486vnnbsryjmrdf0-leaf-10.drv.drv","/Users/hetzner/obrador-shared-pins-20260909/round-3-baseline/chain-round-1-jobs-8/store/n4jjkyq3374jpdyf92z48cqp2pyjlglj-leaf-10.drv.drv"],"id":241866788306977,"level":3,"parent":0,"text":"resolved derivation: '/Users/hetzner/obrador-shared-pins-20260909/round-3-baseline/chain-round-1-jobs-8/store/3wmq12ljyzv0x8al486vnnbsryjmrdf0-leaf-10.drv.drv' -> '/Users/hetzner/obrador-shared-pins-20260909/round-3-baseline/chain-round-1-jobs-8/store/n4jjkyq3374jpdyf92z48cqp2pyjlglj-leaf-10.drv.drv'","type":111}
@nix {"action":"result","fields":[29,52,0,0],"id":241866788306946,"type":105}
@nix {"action":"result","fields":[0,0,0,0],"id":241866788306947,"type":105}
@nix {"action":"result","fields":[101,0],"id":241866788306945,"type":106}
@nix {"action":"result","fields":[100,0],"id":241866788306945,"type":106}
@nix {"action":"start","fields":["/Users/hetzner/obrador-shared-pins-20260909/round-3-baseline/chain-round-1-jobs-8/store/n4jjkyq3374jpdyf92z48cqp2pyjlglj-leaf-10.drv.drv","",1,1],"id":241866788306978,"level":3,"parent":0,"text":"building '/Users/hetzner/obrador-shared-pins-20260909/round-3-baseline/chain-round-1-jobs-8/store/n4jjkyq3374jpdyf92z48cqp2pyjlglj-leaf-10.drv.drv'","type":105}
@nix {"action":"result","fields":[29,52,1,0],"id":241866788306946,"type":105}
@nix {"action":"result","fields":[0,0,0,0],"id":241866788306947,"type":105}
@nix {"action":"result","fields":[101,0],"id":241866788306945,"type":106}
@nix {"action":"result","fields":[100,0],"id":241866788306945,"type":106}
@nix {"action":"result","fields":[30,53,0,0],"id":241866788306946,"type":105}
@nix {"action":"result","fields":[0,0,0,0],"id":241866788306947,"type":105}
@nix {"action":"result","fields":[101,0],"id":241866788306945,"type":106}
@nix {"action":"result","fields":[100,0],"id":241866788306945,"type":106}
@nix {"action":"stop","id":241866788306978}
@nix {"action":"result","fields":[31,53,0,0],"id":241866788306946,"type":105}
@nix {"action":"result","fields":[0,0,0,0],"id":241866788306947,"type":105}
@nix {"action":"result","fields":[101,0],"id":241866788306945,"type":106}
@nix {"action":"result","fields":[100,0],"id":241866788306945,"type":106}
@nix {"action":"stop","id":241866788306977}
@nix {"action":"result","fields":[31,53,0,0],"id":241866788306946,"type":105}
@nix {"action":"result","fields":[0,0,0,0],"id":241866788306947,"type":105}
@nix {"action":"result","fields":[101,0],"id":241866788306945,"type":106}
@nix {"action":"result","fields":[100,0],"id":241866788306945,"type":106}
@nix {"action":"start","fields":["/Users/hetzner/obrador-shared-pins-20260909/round-3-baseline/chain-round-1-jobs-8/store/aq3l3n4rqqf98d60y0pm9pmp8aq9vw0z-leaf-10.drv","",1,1],"id":241866788306979,"level":3,"parent":0,"text":"building '/Users/hetzner/obrador-shared-pins-20260909/round-3-baseline/chain-round-1-jobs-8/store/aq3l3n4rqqf98d60y0pm9pmp8aq9vw0z-leaf-10.drv'","type":105}
@nix {"action":"result","fields":[31,53,1,0],"id":241866788306946,"type":105}
@nix {"action":"result","fields":[0,0,0,0],"id":241866788306947,"type":105}
@nix {"action":"result","fields":[101,0],"id":241866788306945,"type":106}
@nix {"action":"result","fields":[100,0],"id":241866788306945,"type":106}
@nix {"action":"result","fields":[32,54,0,0],"id":241866788306946,"type":105}
@nix {"action":"result","fields":[0,0,0,0],"id":241866788306947,"type":105}
@nix {"action":"result","fields":[101,0],"id":241866788306945,"type":106}
@nix {"action":"result","fields":[100,0],"id":241866788306945,"type":106}
@nix {"action":"stop","id":241866788306979}
@nix {"action":"start","fields":["/Users/hetzner/obrador-shared-pins-20260909/round-3-baseline/chain-round-1-jobs-8/store/krk81qk64hbffz6qd9wnvh5i7qd2h07b-leaf-11.drv.drv","/Users/hetzner/obrador-shared-pins-20260909/round-3-baseline/chain-round-1-jobs-8/store/xmw720bg5ji6j3pxn4w72ynzm4kzm76d-leaf-11.drv.drv"],"id":241866788306980,"level":3,"parent":0,"text":"resolved derivation: '/Users/hetzner/obrador-shared-pins-20260909/round-3-baseline/chain-round-1-jobs-8/store/krk81qk64hbffz6qd9wnvh5i7qd2h07b-leaf-11.drv.drv' -> '/Users/hetzner/obrador-shared-pins-20260909/round-3-baseline/chain-round-1-jobs-8/store/xmw720bg5ji6j3pxn4w72ynzm4kzm76d-leaf-11.drv.drv'","type":111}
@nix {"action":"result","fields":[32,54,0,0],"id":241866788306946,"type":105}
@nix {"action":"result","fields":[0,0,0,0],"id":241866788306947,"type":105}
@nix {"action":"result","fields":[101,0],"id":241866788306945,"type":106}
@nix {"action":"result","fields":[100,0],"id":241866788306945,"type":106}
@nix {"action":"start","fields":["/Users/hetzner/obrador-shared-pins-20260909/round-3-baseline/chain-round-1-jobs-8/store/xmw720bg5ji6j3pxn4w72ynzm4kzm76d-leaf-11.drv.drv","",1,1],"id":241866788306981,"level":3,"parent":0,"text":"building '/Users/hetzner/obrador-shared-pins-20260909/round-3-baseline/chain-round-1-jobs-8/store/xmw720bg5ji6j3pxn4w72ynzm4kzm76d-leaf-11.drv.drv'","type":105}
@nix {"action":"result","fields":[32,54,1,0],"id":241866788306946,"type":105}
@nix {"action":"result","fields":[0,0,0,0],"id":241866788306947,"type":105}
@nix {"action":"result","fields":[101,0],"id":241866788306945,"type":106}
@nix {"action":"result","fields":[100,0],"id":241866788306945,"type":106}
@nix {"action":"result","fields":[33,55,0,0],"id":241866788306946,"type":105}
@nix {"action":"result","fields":[0,0,0,0],"id":241866788306947,"type":105}
@nix {"action":"result","fields":[101,0],"id":241866788306945,"type":106}
@nix {"action":"result","fields":[100,0],"id":241866788306945,"type":106}
@nix {"action":"stop","id":241866788306981}
@nix {"action":"result","fields":[34,55,0,0],"id":241866788306946,"type":105}
@nix {"action":"result","fields":[0,0,0,0],"id":241866788306947,"type":105}
@nix {"action":"result","fields":[101,0],"id":241866788306945,"type":106}
@nix {"action":"result","fields":[100,0],"id":241866788306945,"type":106}
@nix {"action":"stop","id":241866788306980}
@nix {"action":"result","fields":[34,55,0,0],"id":241866788306946,"type":105}
@nix {"action":"result","fields":[0,0,0,0],"id":241866788306947,"type":105}
@nix {"action":"result","fields":[101,0],"id":241866788306945,"type":106}
@nix {"action":"result","fields":[100,0],"id":241866788306945,"type":106}
@nix {"action":"start","fields":["/Users/hetzner/obrador-shared-pins-20260909/round-3-baseline/chain-round-1-jobs-8/store/2zzkccvqir1020dv6imbq13ps2jhzyxb-leaf-11.drv","",1,1],"id":241866788306982,"level":3,"parent":0,"text":"building '/Users/hetzner/obrador-shared-pins-20260909/round-3-baseline/chain-round-1-jobs-8/store/2zzkccvqir1020dv6imbq13ps2jhzyxb-leaf-11.drv'","type":105}
@nix {"action":"result","fields":[34,55,1,0],"id":241866788306946,"type":105}
@nix {"action":"result","fields":[0,0,0,0],"id":241866788306947,"type":105}
@nix {"action":"result","fields":[101,0],"id":241866788306945,"type":106}
@nix {"action":"result","fields":[100,0],"id":241866788306945,"type":106}
@nix {"action":"result","fields":[35,56,0,0],"id":241866788306946,"type":105}
@nix {"action":"result","fields":[0,0,0,0],"id":241866788306947,"type":105}
@nix {"action":"result","fields":[101,0],"id":241866788306945,"type":106}
@nix {"action":"result","fields":[100,0],"id":241866788306945,"type":106}
@nix {"action":"stop","id":241866788306982}
@nix {"action":"start","fields":["/Users/hetzner/obrador-shared-pins-20260909/round-3-baseline/chain-round-1-jobs-8/store/sjz8hd86w0y5c5jdyry0m9bl9xzpxa12-leaf-12.drv.drv","/Users/hetzner/obrador-shared-pins-20260909/round-3-baseline/chain-round-1-jobs-8/store/l7mbpagdzw48lydl91jwx9wvznfcf04f-leaf-12.drv.drv"],"id":241866788306983,"level":3,"parent":0,"text":"resolved derivation: '/Users/hetzner/obrador-shared-pins-20260909/round-3-baseline/chain-round-1-jobs-8/store/sjz8hd86w0y5c5jdyry0m9bl9xzpxa12-leaf-12.drv.drv' -> '/Users/hetzner/obrador-shared-pins-20260909/round-3-baseline/chain-round-1-jobs-8/store/l7mbpagdzw48lydl91jwx9wvznfcf04f-leaf-12.drv.drv'","type":111}
@nix {"action":"result","fields":[35,56,0,0],"id":241866788306946,"type":105}
@nix {"action":"result","fields":[0,0,0,0],"id":241866788306947,"type":105}
@nix {"action":"result","fields":[101,0],"id":241866788306945,"type":106}
@nix {"action":"result","fields":[100,0],"id":241866788306945,"type":106}
@nix {"action":"start","fields":["/Users/hetzner/obrador-shared-pins-20260909/round-3-baseline/chain-round-1-jobs-8/store/l7mbpagdzw48lydl91jwx9wvznfcf04f-leaf-12.drv.drv","",1,1],"id":241866788306984,"level":3,"parent":0,"text":"building '/Users/hetzner/obrador-shared-pins-20260909/round-3-baseline/chain-round-1-jobs-8/store/l7mbpagdzw48lydl91jwx9wvznfcf04f-leaf-12.drv.drv'","type":105}
@nix {"action":"result","fields":[35,56,1,0],"id":241866788306946,"type":105}
@nix {"action":"result","fields":[0,0,0,0],"id":241866788306947,"type":105}
@nix {"action":"result","fields":[101,0],"id":241866788306945,"type":106}
@nix {"action":"result","fields":[100,0],"id":241866788306945,"type":106}
@nix {"action":"result","fields":[36,57,0,0],"id":241866788306946,"type":105}
@nix {"action":"result","fields":[0,0,0,0],"id":241866788306947,"type":105}
@nix {"action":"result","fields":[101,0],"id":241866788306945,"type":106}
@nix {"action":"result","fields":[100,0],"id":241866788306945,"type":106}
@nix {"action":"stop","id":241866788306984}
@nix {"action":"result","fields":[37,57,0,0],"id":241866788306946,"type":105}
@nix {"action":"result","fields":[0,0,0,0],"id":241866788306947,"type":105}
@nix {"action":"result","fields":[101,0],"id":241866788306945,"type":106}
@nix {"action":"result","fields":[100,0],"id":241866788306945,"type":106}
@nix {"action":"stop","id":241866788306983}
@nix {"action":"result","fields":[37,57,0,0],"id":241866788306946,"type":105}
@nix {"action":"result","fields":[0,0,0,0],"id":241866788306947,"type":105}
@nix {"action":"result","fields":[101,0],"id":241866788306945,"type":106}
@nix {"action":"result","fields":[100,0],"id":241866788306945,"type":106}
@nix {"action":"start","fields":["/Users/hetzner/obrador-shared-pins-20260909/round-3-baseline/chain-round-1-jobs-8/store/h9yzxn03k5g4234nnvg66p9vpw38d6iq-leaf-12.drv","",1,1],"id":241866788306985,"level":3,"parent":0,"text":"building '/Users/hetzner/obrador-shared-pins-20260909/round-3-baseline/chain-round-1-jobs-8/store/h9yzxn03k5g4234nnvg66p9vpw38d6iq-leaf-12.drv'","type":105}
@nix {"action":"result","fields":[37,57,1,0],"id":241866788306946,"type":105}
@nix {"action":"result","fields":[0,0,0,0],"id":241866788306947,"type":105}
@nix {"action":"result","fields":[101,0],"id":241866788306945,"type":106}
@nix {"action":"result","fields":[100,0],"id":241866788306945,"type":106}
@nix {"action":"result","fields":[38,58,0,0],"id":241866788306946,"type":105}
@nix {"action":"result","fields":[0,0,0,0],"id":241866788306947,"type":105}
@nix {"action":"result","fields":[101,0],"id":241866788306945,"type":106}
@nix {"action":"result","fields":[100,0],"id":241866788306945,"type":106}
@nix {"action":"stop","id":241866788306985}
@nix {"action":"start","fields":["/Users/hetzner/obrador-shared-pins-20260909/round-3-baseline/chain-round-1-jobs-8/store/gs9ykhxh1x8fxaadrqgg3sq8nf5lw5xy-leaf-13.drv.drv","/Users/hetzner/obrador-shared-pins-20260909/round-3-baseline/chain-round-1-jobs-8/store/ymikhfcrz62iipxvlamli40fybz9k4dp-leaf-13.drv.drv"],"id":241866788306986,"level":3,"parent":0,"text":"resolved derivation: '/Users/hetzner/obrador-shared-pins-20260909/round-3-baseline/chain-round-1-jobs-8/store/gs9ykhxh1x8fxaadrqgg3sq8nf5lw5xy-leaf-13.drv.drv' -> '/Users/hetzner/obrador-shared-pins-20260909/round-3-baseline/chain-round-1-jobs-8/store/ymikhfcrz62iipxvlamli40fybz9k4dp-leaf-13.drv.drv'","type":111}
@nix {"action":"result","fields":[38,58,0,0],"id":241866788306946,"type":105}
@nix {"action":"result","fields":[0,0,0,0],"id":241866788306947,"type":105}
@nix {"action":"result","fields":[101,0],"id":241866788306945,"type":106}
@nix {"action":"result","fields":[100,0],"id":241866788306945,"type":106}
@nix {"action":"start","fields":["/Users/hetzner/obrador-shared-pins-20260909/round-3-baseline/chain-round-1-jobs-8/store/ymikhfcrz62iipxvlamli40fybz9k4dp-leaf-13.drv.drv","",1,1],"id":241866788306987,"level":3,"parent":0,"text":"building '/Users/hetzner/obrador-shared-pins-20260909/round-3-baseline/chain-round-1-jobs-8/store/ymikhfcrz62iipxvlamli40fybz9k4dp-leaf-13.drv.drv'","type":105}
@nix {"action":"result","fields":[38,58,1,0],"id":241866788306946,"type":105}
@nix {"action":"result","fields":[0,0,0,0],"id":241866788306947,"type":105}
@nix {"action":"result","fields":[101,0],"id":241866788306945,"type":106}
@nix {"action":"result","fields":[100,0],"id":241866788306945,"type":106}
@nix {"action":"result","fields":[39,59,0,0],"id":241866788306946,"type":105}
@nix {"action":"result","fields":[0,0,0,0],"id":241866788306947,"type":105}
@nix {"action":"result","fields":[101,0],"id":241866788306945,"type":106}
@nix {"action":"result","fields":[100,0],"id":241866788306945,"type":106}
@nix {"action":"stop","id":241866788306987}
@nix {"action":"result","fields":[40,59,0,0],"id":241866788306946,"type":105}
@nix {"action":"result","fields":[0,0,0,0],"id":241866788306947,"type":105}
@nix {"action":"result","fields":[101,0],"id":241866788306945,"type":106}
@nix {"action":"result","fields":[100,0],"id":241866788306945,"type":106}
@nix {"action":"stop","id":241866788306986}
@nix {"action":"result","fields":[40,59,0,0],"id":241866788306946,"type":105}
@nix {"action":"result","fields":[0,0,0,0],"id":241866788306947,"type":105}
@nix {"action":"result","fields":[101,0],"id":241866788306945,"type":106}
@nix {"action":"result","fields":[100,0],"id":241866788306945,"type":106}
@nix {"action":"start","fields":["/Users/hetzner/obrador-shared-pins-20260909/round-3-baseline/chain-round-1-jobs-8/store/4gmahd8ylpmiq8ikr8vh0i5pnxbjri7k-leaf-13.drv","",1,1],"id":241866788306988,"level":3,"parent":0,"text":"building '/Users/hetzner/obrador-shared-pins-20260909/round-3-baseline/chain-round-1-jobs-8/store/4gmahd8ylpmiq8ikr8vh0i5pnxbjri7k-leaf-13.drv'","type":105}
@nix {"action":"result","fields":[40,59,1,0],"id":241866788306946,"type":105}
@nix {"action":"result","fields":[0,0,0,0],"id":241866788306947,"type":105}
@nix {"action":"result","fields":[101,0],"id":241866788306945,"type":106}
@nix {"action":"result","fields":[100,0],"id":241866788306945,"type":106}
@nix {"action":"result","fields":[41,60,0,0],"id":241866788306946,"type":105}
@nix {"action":"result","fields":[0,0,0,0],"id":241866788306947,"type":105}
@nix {"action":"result","fields":[101,0],"id":241866788306945,"type":106}
@nix {"action":"result","fields":[100,0],"id":241866788306945,"type":106}
@nix {"action":"stop","id":241866788306988}
@nix {"action":"start","fields":["/Users/hetzner/obrador-shared-pins-20260909/round-3-baseline/chain-round-1-jobs-8/store/3h0fshq2dplnq2da9yk2c0lycp4cb22k-leaf-14.drv.drv","/Users/hetzner/obrador-shared-pins-20260909/round-3-baseline/chain-round-1-jobs-8/store/z0gf3l2mz4aqiz37jqw3bxf8j89arnaa-leaf-14.drv.drv"],"id":241866788306989,"level":3,"parent":0,"text":"resolved derivation: '/Users/hetzner/obrador-shared-pins-20260909/round-3-baseline/chain-round-1-jobs-8/store/3h0fshq2dplnq2da9yk2c0lycp4cb22k-leaf-14.drv.drv' -> '/Users/hetzner/obrador-shared-pins-20260909/round-3-baseline/chain-round-1-jobs-8/store/z0gf3l2mz4aqiz37jqw3bxf8j89arnaa-leaf-14.drv.drv'","type":111}
@nix {"action":"result","fields":[41,60,0,0],"id":241866788306946,"type":105}
@nix {"action":"result","fields":[0,0,0,0],"id":241866788306947,"type":105}
@nix {"action":"result","fields":[101,0],"id":241866788306945,"type":106}
@nix {"action":"result","fields":[100,0],"id":241866788306945,"type":106}
@nix {"action":"start","fields":["/Users/hetzner/obrador-shared-pins-20260909/round-3-baseline/chain-round-1-jobs-8/store/z0gf3l2mz4aqiz37jqw3bxf8j89arnaa-leaf-14.drv.drv","",1,1],"id":241866788306990,"level":3,"parent":0,"text":"building '/Users/hetzner/obrador-shared-pins-20260909/round-3-baseline/chain-round-1-jobs-8/store/z0gf3l2mz4aqiz37jqw3bxf8j89arnaa-leaf-14.drv.drv'","type":105}
@nix {"action":"result","fields":[41,60,1,0],"id":241866788306946,"type":105}
@nix {"action":"result","fields":[0,0,0,0],"id":241866788306947,"type":105}
@nix {"action":"result","fields":[101,0],"id":241866788306945,"type":106}
@nix {"action":"result","fields":[100,0],"id":241866788306945,"type":106}
@nix {"action":"result","fields":[42,61,0,0],"id":241866788306946,"type":105}
@nix {"action":"result","fields":[0,0,0,0],"id":241866788306947,"type":105}
@nix {"action":"result","fields":[101,0],"id":241866788306945,"type":106}
@nix {"action":"result","fields":[100,0],"id":241866788306945,"type":106}
@nix {"action":"stop","id":241866788306990}
@nix {"action":"result","fields":[43,61,0,0],"id":241866788306946,"type":105}
@nix {"action":"result","fields":[0,0,0,0],"id":241866788306947,"type":105}
@nix {"action":"result","fields":[101,0],"id":241866788306945,"type":106}
@nix {"action":"result","fields":[100,0],"id":241866788306945,"type":106}
@nix {"action":"stop","id":241866788306989}
@nix {"action":"result","fields":[43,61,0,0],"id":241866788306946,"type":105}
@nix {"action":"result","fields":[0,0,0,0],"id":241866788306947,"type":105}
@nix {"action":"result","fields":[101,0],"id":241866788306945,"type":106}
@nix {"action":"result","fields":[100,0],"id":241866788306945,"type":106}
@nix {"action":"start","fields":["/Users/hetzner/obrador-shared-pins-20260909/round-3-baseline/chain-round-1-jobs-8/store/5z36ynw63gsalfr4mvzvyp6zm6ld2srd-leaf-14.drv","",1,1],"id":241866788306991,"level":3,"parent":0,"text":"building '/Users/hetzner/obrador-shared-pins-20260909/round-3-baseline/chain-round-1-jobs-8/store/5z36ynw63gsalfr4mvzvyp6zm6ld2srd-leaf-14.drv'","type":105}
@nix {"action":"result","fields":[43,61,1,0],"id":241866788306946,"type":105}
@nix {"action":"result","fields":[0,0,0,0],"id":241866788306947,"type":105}
@nix {"action":"result","fields":[101,0],"id":241866788306945,"type":106}
@nix {"action":"result","fields":[100,0],"id":241866788306945,"type":106}
@nix {"action":"result","fields":[44,62,0,0],"id":241866788306946,"type":105}
@nix {"action":"result","fields":[0,0,0,0],"id":241866788306947,"type":105}
@nix {"action":"result","fields":[101,0],"id":241866788306945,"type":106}
@nix {"action":"result","fields":[100,0],"id":241866788306945,"type":106}
@nix {"action":"stop","id":241866788306991}
@nix {"action":"start","fields":["/Users/hetzner/obrador-shared-pins-20260909/round-3-baseline/chain-round-1-jobs-8/store/x0arqwhn9n11kmmhrmrskbx1dwpdj8kk-leaf-15.drv.drv","/Users/hetzner/obrador-shared-pins-20260909/round-3-baseline/chain-round-1-jobs-8/store/19p034n8pklp8bnpnmab1izvhmsjwp8a-leaf-15.drv.drv"],"id":241866788306992,"level":3,"parent":0,"text":"resolved derivation: '/Users/hetzner/obrador-shared-pins-20260909/round-3-baseline/chain-round-1-jobs-8/store/x0arqwhn9n11kmmhrmrskbx1dwpdj8kk-leaf-15.drv.drv' -> '/Users/hetzner/obrador-shared-pins-20260909/round-3-baseline/chain-round-1-jobs-8/store/19p034n8pklp8bnpnmab1izvhmsjwp8a-leaf-15.drv.drv'","type":111}
@nix {"action":"result","fields":[44,62,0,0],"id":241866788306946,"type":105}
@nix {"action":"result","fields":[0,0,0,0],"id":241866788306947,"type":105}
@nix {"action":"result","fields":[101,0],"id":241866788306945,"type":106}
@nix {"action":"result","fields":[100,0],"id":241866788306945,"type":106}
@nix {"action":"start","fields":["/Users/hetzner/obrador-shared-pins-20260909/round-3-baseline/chain-round-1-jobs-8/store/19p034n8pklp8bnpnmab1izvhmsjwp8a-leaf-15.drv.drv","",1,1],"id":241866788306993,"level":3,"parent":0,"text":"building '/Users/hetzner/obrador-shared-pins-20260909/round-3-baseline/chain-round-1-jobs-8/store/19p034n8pklp8bnpnmab1izvhmsjwp8a-leaf-15.drv.drv'","type":105}
@nix {"action":"result","fields":[44,62,1,0],"id":241866788306946,"type":105}
@nix {"action":"result","fields":[0,0,0,0],"id":241866788306947,"type":105}
@nix {"action":"result","fields":[101,0],"id":241866788306945,"type":106}
@nix {"action":"result","fields":[100,0],"id":241866788306945,"type":106}
@nix {"action":"result","fields":[45,63,0,0],"id":241866788306946,"type":105}
@nix {"action":"result","fields":[0,0,0,0],"id":241866788306947,"type":105}
@nix {"action":"result","fields":[101,0],"id":241866788306945,"type":106}
@nix {"action":"result","fields":[100,0],"id":241866788306945,"type":106}
@nix {"action":"stop","id":241866788306993}
@nix {"action":"result","fields":[46,63,0,0],"id":241866788306946,"type":105}
@nix {"action":"result","fields":[0,0,0,0],"id":241866788306947,"type":105}
@nix {"action":"result","fields":[101,0],"id":241866788306945,"type":106}
@nix {"action":"result","fields":[100,0],"id":241866788306945,"type":106}
@nix {"action":"stop","id":241866788306992}
@nix {"action":"result","fields":[46,63,0,0],"id":241866788306946,"type":105}
@nix {"action":"result","fields":[0,0,0,0],"id":241866788306947,"type":105}
@nix {"action":"result","fields":[101,0],"id":241866788306945,"type":106}
@nix {"action":"result","fields":[100,0],"id":241866788306945,"type":106}
@nix {"action":"start","fields":["/Users/hetzner/obrador-shared-pins-20260909/round-3-baseline/chain-round-1-jobs-8/store/x6r07ka44kjj6kcgw2b9n4xkaiy4jvan-leaf-15.drv","",1,1],"id":241866788306994,"level":3,"parent":0,"text":"building '/Users/hetzner/obrador-shared-pins-20260909/round-3-baseline/chain-round-1-jobs-8/store/x6r07ka44kjj6kcgw2b9n4xkaiy4jvan-leaf-15.drv'","type":105}
@nix {"action":"result","fields":[46,63,1,0],"id":241866788306946,"type":105}
@nix {"action":"result","fields":[0,0,0,0],"id":241866788306947,"type":105}
@nix {"action":"result","fields":[101,0],"id":241866788306945,"type":106}
@nix {"action":"result","fields":[100,0],"id":241866788306945,"type":106}
@nix {"action":"result","fields":[47,64,0,0],"id":241866788306946,"type":105}
@nix {"action":"result","fields":[0,0,0,0],"id":241866788306947,"type":105}
@nix {"action":"result","fields":[101,0],"id":241866788306945,"type":106}
@nix {"action":"result","fields":[100,0],"id":241866788306945,"type":106}
@nix {"action":"stop","id":241866788306994}
@nix {"action":"start","fields":["/Users/hetzner/obrador-shared-pins-20260909/round-3-baseline/chain-round-1-jobs-8/store/qvrgj0w2qn7pyvz3mc5yy6r85hyvk71g-leaf-16.drv.drv","/Users/hetzner/obrador-shared-pins-20260909/round-3-baseline/chain-round-1-jobs-8/store/6l0hmqklnsm4wx3na47f0j5n11j5acvc-leaf-16.drv.drv"],"id":241866788306995,"level":3,"parent":0,"text":"resolved derivation: '/Users/hetzner/obrador-shared-pins-20260909/round-3-baseline/chain-round-1-jobs-8/store/qvrgj0w2qn7pyvz3mc5yy6r85hyvk71g-leaf-16.drv.drv' -> '/Users/hetzner/obrador-shared-pins-20260909/round-3-baseline/chain-round-1-jobs-8/store/6l0hmqklnsm4wx3na47f0j5n11j5acvc-leaf-16.drv.drv'","type":111}
@nix {"action":"result","fields":[47,64,0,0],"id":241866788306946,"type":105}
@nix {"action":"result","fields":[0,0,0,0],"id":241866788306947,"type":105}
@nix {"action":"result","fields":[101,0],"id":241866788306945,"type":106}
@nix {"action":"result","fields":[100,0],"id":241866788306945,"type":106}
@nix {"action":"start","fields":["/Users/hetzner/obrador-shared-pins-20260909/round-3-baseline/chain-round-1-jobs-8/store/6l0hmqklnsm4wx3na47f0j5n11j5acvc-leaf-16.drv.drv","",1,1],"id":241866788306996,"level":3,"parent":0,"text":"building '/Users/hetzner/obrador-shared-pins-20260909/round-3-baseline/chain-round-1-jobs-8/store/6l0hmqklnsm4wx3na47f0j5n11j5acvc-leaf-16.drv.drv'","type":105}
@nix {"action":"result","fields":[47,64,1,0],"id":241866788306946,"type":105}
@nix {"action":"result","fields":[0,0,0,0],"id":241866788306947,"type":105}
@nix {"action":"result","fields":[101,0],"id":241866788306945,"type":106}
@nix {"action":"result","fields":[100,0],"id":241866788306945,"type":106}
@nix {"action":"result","fields":[48,65,0,0],"id":241866788306946,"type":105}
@nix {"action":"result","fields":[0,0,0,0],"id":241866788306947,"type":105}
@nix {"action":"result","fields":[101,0],"id":241866788306945,"type":106}
@nix {"action":"result","fields":[100,0],"id":241866788306945,"type":106}
@nix {"action":"stop","id":241866788306996}
@nix {"action":"result","fields":[49,65,0,0],"id":241866788306946,"type":105}
@nix {"action":"result","fields":[0,0,0,0],"id":241866788306947,"type":105}
@nix {"action":"result","fields":[101,0],"id":241866788306945,"type":106}
@nix {"action":"result","fields":[100,0],"id":241866788306945,"type":106}
@nix {"action":"stop","id":241866788306995}
@nix {"action":"result","fields":[49,65,0,0],"id":241866788306946,"type":105}
@nix {"action":"result","fields":[0,0,0,0],"id":241866788306947,"type":105}
@nix {"action":"result","fields":[101,0],"id":241866788306945,"type":106}
@nix {"action":"result","fields":[100,0],"id":241866788306945,"type":106}
@nix {"action":"start","fields":["/Users/hetzner/obrador-shared-pins-20260909/round-3-baseline/chain-round-1-jobs-8/store/50gbkvcpvymwb1nbpi6iz8y9wysakigr-leaf-16.drv","",1,1],"id":241866788306997,"level":3,"parent":0,"text":"building '/Users/hetzner/obrador-shared-pins-20260909/round-3-baseline/chain-round-1-jobs-8/store/50gbkvcpvymwb1nbpi6iz8y9wysakigr-leaf-16.drv'","type":105}
@nix {"action":"result","fields":[49,65,1,0],"id":241866788306946,"type":105}
@nix {"action":"result","fields":[0,0,0,0],"id":241866788306947,"type":105}
@nix {"action":"result","fields":[101,0],"id":241866788306945,"type":106}
@nix {"action":"result","fields":[100,0],"id":241866788306945,"type":106}
@nix {"action":"result","fields":[50,66,0,0],"id":241866788306946,"type":105}
@nix {"action":"result","fields":[0,0,0,0],"id":241866788306947,"type":105}
@nix {"action":"result","fields":[101,0],"id":241866788306945,"type":106}
@nix {"action":"result","fields":[100,0],"id":241866788306945,"type":106}
@nix {"action":"stop","id":241866788306997}
@nix {"action":"start","fields":["/Users/hetzner/obrador-shared-pins-20260909/round-3-baseline/chain-round-1-jobs-8/store/ya2k07ijiicxc2v425900s0y47vfmah9-leaf-17.drv.drv","/Users/hetzner/obrador-shared-pins-20260909/round-3-baseline/chain-round-1-jobs-8/store/lkbfwf8rds1nmzk0w8hwj9h8frzqzv8q-leaf-17.drv.drv"],"id":241866788306998,"level":3,"parent":0,"text":"resolved derivation: '/Users/hetzner/obrador-shared-pins-20260909/round-3-baseline/chain-round-1-jobs-8/store/ya2k07ijiicxc2v425900s0y47vfmah9-leaf-17.drv.drv' -> '/Users/hetzner/obrador-shared-pins-20260909/round-3-baseline/chain-round-1-jobs-8/store/lkbfwf8rds1nmzk0w8hwj9h8frzqzv8q-leaf-17.drv.drv'","type":111}
@nix {"action":"result","fields":[50,66,0,0],"id":241866788306946,"type":105}
@nix {"action":"result","fields":[0,0,0,0],"id":241866788306947,"type":105}
@nix {"action":"result","fields":[101,0],"id":241866788306945,"type":106}
@nix {"action":"result","fields":[100,0],"id":241866788306945,"type":106}
@nix {"action":"start","fields":["/Users/hetzner/obrador-shared-pins-20260909/round-3-baseline/chain-round-1-jobs-8/store/lkbfwf8rds1nmzk0w8hwj9h8frzqzv8q-leaf-17.drv.drv","",1,1],"id":241866788306999,"level":3,"parent":0,"text":"building '/Users/hetzner/obrador-shared-pins-20260909/round-3-baseline/chain-round-1-jobs-8/store/lkbfwf8rds1nmzk0w8hwj9h8frzqzv8q-leaf-17.drv.drv'","type":105}
@nix {"action":"result","fields":[50,66,1,0],"id":241866788306946,"type":105}
@nix {"action":"result","fields":[0,0,0,0],"id":241866788306947,"type":105}
@nix {"action":"result","fields":[101,0],"id":241866788306945,"type":106}
@nix {"action":"result","fields":[100,0],"id":241866788306945,"type":106}
@nix {"action":"result","fields":[51,67,0,0],"id":241866788306946,"type":105}
@nix {"action":"result","fields":[0,0,0,0],"id":241866788306947,"type":105}
@nix {"action":"result","fields":[101,0],"id":241866788306945,"type":106}
@nix {"action":"result","fields":[100,0],"id":241866788306945,"type":106}
@nix {"action":"stop","id":241866788306999}
@nix {"action":"result","fields":[52,67,0,0],"id":241866788306946,"type":105}
@nix {"action":"result","fields":[0,0,0,0],"id":241866788306947,"type":105}
@nix {"action":"result","fields":[101,0],"id":241866788306945,"type":106}
@nix {"action":"result","fields":[100,0],"id":241866788306945,"type":106}
@nix {"action":"stop","id":241866788306998}
@nix {"action":"result","fields":[52,67,0,0],"id":241866788306946,"type":105}
@nix {"action":"result","fields":[0,0,0,0],"id":241866788306947,"type":105}
@nix {"action":"result","fields":[101,0],"id":241866788306945,"type":106}
@nix {"action":"result","fields":[100,0],"id":241866788306945,"type":106}
@nix {"action":"start","fields":["/Users/hetzner/obrador-shared-pins-20260909/round-3-baseline/chain-round-1-jobs-8/store/cwa1lq5p6nbpmh04kw8i5lb7mb0p3l4x-leaf-17.drv","",1,1],"id":241866788307000,"level":3,"parent":0,"text":"building '/Users/hetzner/obrador-shared-pins-20260909/round-3-baseline/chain-round-1-jobs-8/store/cwa1lq5p6nbpmh04kw8i5lb7mb0p3l4x-leaf-17.drv'","type":105}
@nix {"action":"result","fields":[52,67,1,0],"id":241866788306946,"type":105}
@nix {"action":"result","fields":[0,0,0,0],"id":241866788306947,"type":105}
@nix {"action":"result","fields":[101,0],"id":241866788306945,"type":106}
@nix {"action":"result","fields":[100,0],"id":241866788306945,"type":106}
@nix {"action":"result","fields":[53,68,0,0],"id":241866788306946,"type":105}
@nix {"action":"result","fields":[0,0,0,0],"id":241866788306947,"type":105}
@nix {"action":"result","fields":[101,0],"id":241866788306945,"type":106}
@nix {"action":"result","fields":[100,0],"id":241866788306945,"type":106}
@nix {"action":"stop","id":241866788307000}
@nix {"action":"start","fields":["/Users/hetzner/obrador-shared-pins-20260909/round-3-baseline/chain-round-1-jobs-8/store/lf0cppsvaq880iqmhilwqzdkhsjhq3pw-leaf-18.drv.drv","/Users/hetzner/obrador-shared-pins-20260909/round-3-baseline/chain-round-1-jobs-8/store/0gy4bvhwlc7ji3fgj5j9pybx2x6gg9kb-leaf-18.drv.drv"],"id":241866788307001,"level":3,"parent":0,"text":"resolved derivation: '/Users/hetzner/obrador-shared-pins-20260909/round-3-baseline/chain-round-1-jobs-8/store/lf0cppsvaq880iqmhilwqzdkhsjhq3pw-leaf-18.drv.drv' -> '/Users/hetzner/obrador-shared-pins-20260909/round-3-baseline/chain-round-1-jobs-8/store/0gy4bvhwlc7ji3fgj5j9pybx2x6gg9kb-leaf-18.drv.drv'","type":111}
@nix {"action":"result","fields":[53,68,0,0],"id":241866788306946,"type":105}
@nix {"action":"result","fields":[0,0,0,0],"id":241866788306947,"type":105}
@nix {"action":"result","fields":[101,0],"id":241866788306945,"type":106}
@nix {"action":"result","fields":[100,0],"id":241866788306945,"type":106}
@nix {"action":"start","fields":["/Users/hetzner/obrador-shared-pins-20260909/round-3-baseline/chain-round-1-jobs-8/store/0gy4bvhwlc7ji3fgj5j9pybx2x6gg9kb-leaf-18.drv.drv","",1,1],"id":241866788307002,"level":3,"parent":0,"text":"building '/Users/hetzner/obrador-shared-pins-20260909/round-3-baseline/chain-round-1-jobs-8/store/0gy4bvhwlc7ji3fgj5j9pybx2x6gg9kb-leaf-18.drv.drv'","type":105}
@nix {"action":"result","fields":[53,68,1,0],"id":241866788306946,"type":105}
@nix {"action":"result","fields":[0,0,0,0],"id":241866788306947,"type":105}
@nix {"action":"result","fields":[101,0],"id":241866788306945,"type":106}
@nix {"action":"result","fields":[100,0],"id":241866788306945,"type":106}
@nix {"action":"result","fields":[54,69,0,0],"id":241866788306946,"type":105}
@nix {"action":"result","fields":[0,0,0,0],"id":241866788306947,"type":105}
@nix {"action":"result","fields":[101,0],"id":241866788306945,"type":106}
@nix {"action":"result","fields":[100,0],"id":241866788306945,"type":106}
@nix {"action":"stop","id":241866788307002}
@nix {"action":"result","fields":[55,69,0,0],"id":241866788306946,"type":105}
@nix {"action":"result","fields":[0,0,0,0],"id":241866788306947,"type":105}
@nix {"action":"result","fields":[101,0],"id":241866788306945,"type":106}
@nix {"action":"result","fields":[100,0],"id":241866788306945,"type":106}
@nix {"action":"stop","id":241866788307001}
@nix {"action":"result","fields":[55,69,0,0],"id":241866788306946,"type":105}
@nix {"action":"result","fields":[0,0,0,0],"id":241866788306947,"type":105}
@nix {"action":"result","fields":[101,0],"id":241866788306945,"type":106}
@nix {"action":"result","fields":[100,0],"id":241866788306945,"type":106}
@nix {"action":"start","fields":["/Users/hetzner/obrador-shared-pins-20260909/round-3-baseline/chain-round-1-jobs-8/store/fgxa55zz3yv9x91im8slkwbrc0w2ps5w-leaf-18.drv","",1,1],"id":241866788307003,"level":3,"parent":0,"text":"building '/Users/hetzner/obrador-shared-pins-20260909/round-3-baseline/chain-round-1-jobs-8/store/fgxa55zz3yv9x91im8slkwbrc0w2ps5w-leaf-18.drv'","type":105}
@nix {"action":"result","fields":[55,69,1,0],"id":241866788306946,"type":105}
@nix {"action":"result","fields":[0,0,0,0],"id":241866788306947,"type":105}
@nix {"action":"result","fields":[101,0],"id":241866788306945,"type":106}
@nix {"action":"result","fields":[100,0],"id":241866788306945,"type":106}
@nix {"action":"result","fields":[56,70,0,0],"id":241866788306946,"type":105}
@nix {"action":"result","fields":[0,0,0,0],"id":241866788306947,"type":105}
@nix {"action":"result","fields":[101,0],"id":241866788306945,"type":106}
@nix {"action":"result","fields":[100,0],"id":241866788306945,"type":106}
@nix {"action":"stop","id":241866788307003}
@nix {"action":"start","fields":["/Users/hetzner/obrador-shared-pins-20260909/round-3-baseline/chain-round-1-jobs-8/store/pnnwq6jkr2srd9yjrcjqz69d38yhxvsy-leaf-19.drv.drv","/Users/hetzner/obrador-shared-pins-20260909/round-3-baseline/chain-round-1-jobs-8/store/gd2k790q22czrb5z9384ipdf2lhqimpf-leaf-19.drv.drv"],"id":241866788307004,"level":3,"parent":0,"text":"resolved derivation: '/Users/hetzner/obrador-shared-pins-20260909/round-3-baseline/chain-round-1-jobs-8/store/pnnwq6jkr2srd9yjrcjqz69d38yhxvsy-leaf-19.drv.drv' -> '/Users/hetzner/obrador-shared-pins-20260909/round-3-baseline/chain-round-1-jobs-8/store/gd2k790q22czrb5z9384ipdf2lhqimpf-leaf-19.drv.drv'","type":111}
@nix {"action":"result","fields":[56,70,0,0],"id":241866788306946,"type":105}
@nix {"action":"result","fields":[0,0,0,0],"id":241866788306947,"type":105}
@nix {"action":"result","fields":[101,0],"id":241866788306945,"type":106}
@nix {"action":"result","fields":[100,0],"id":241866788306945,"type":106}
@nix {"action":"start","fields":["/Users/hetzner/obrador-shared-pins-20260909/round-3-baseline/chain-round-1-jobs-8/store/gd2k790q22czrb5z9384ipdf2lhqimpf-leaf-19.drv.drv","",1,1],"id":241866788307005,"level":3,"parent":0,"text":"building '/Users/hetzner/obrador-shared-pins-20260909/round-3-baseline/chain-round-1-jobs-8/store/gd2k790q22czrb5z9384ipdf2lhqimpf-leaf-19.drv.drv'","type":105}
@nix {"action":"result","fields":[56,70,1,0],"id":241866788306946,"type":105}
@nix {"action":"result","fields":[0,0,0,0],"id":241866788306947,"type":105}
@nix {"action":"result","fields":[101,0],"id":241866788306945,"type":106}
@nix {"action":"result","fields":[100,0],"id":241866788306945,"type":106}
@nix {"action":"result","fields":[57,71,0,0],"id":241866788306946,"type":105}
@nix {"action":"result","fields":[0,0,0,0],"id":241866788306947,"type":105}
@nix {"action":"result","fields":[101,0],"id":241866788306945,"type":106}
@nix {"action":"result","fields":[100,0],"id":241866788306945,"type":106}
@nix {"action":"stop","id":241866788307005}
@nix {"action":"result","fields":[58,71,0,0],"id":241866788306946,"type":105}
@nix {"action":"result","fields":[0,0,0,0],"id":241866788306947,"type":105}
@nix {"action":"result","fields":[101,0],"id":241866788306945,"type":106}
@nix {"action":"result","fields":[100,0],"id":241866788306945,"type":106}
@nix {"action":"stop","id":241866788307004}
@nix {"action":"result","fields":[58,71,0,0],"id":241866788306946,"type":105}
@nix {"action":"result","fields":[0,0,0,0],"id":241866788306947,"type":105}
@nix {"action":"result","fields":[101,0],"id":241866788306945,"type":106}
@nix {"action":"result","fields":[100,0],"id":241866788306945,"type":106}
@nix {"action":"start","fields":["/Users/hetzner/obrador-shared-pins-20260909/round-3-baseline/chain-round-1-jobs-8/store/c4vy9rrm6qgzdid64zckzp10wjb5lnz3-leaf-19.drv","",1,1],"id":241866788307006,"level":3,"parent":0,"text":"building '/Users/hetzner/obrador-shared-pins-20260909/round-3-baseline/chain-round-1-jobs-8/store/c4vy9rrm6qgzdid64zckzp10wjb5lnz3-leaf-19.drv'","type":105}
@nix {"action":"result","fields":[58,71,1,0],"id":241866788306946,"type":105}
@nix {"action":"result","fields":[0,0,0,0],"id":241866788306947,"type":105}
@nix {"action":"result","fields":[101,0],"id":241866788306945,"type":106}
@nix {"action":"result","fields":[100,0],"id":241866788306945,"type":106}
@nix {"action":"result","fields":[59,72,0,0],"id":241866788306946,"type":105}
@nix {"action":"result","fields":[0,0,0,0],"id":241866788306947,"type":105}
@nix {"action":"result","fields":[101,0],"id":241866788306945,"type":106}
@nix {"action":"result","fields":[100,0],"id":241866788306945,"type":106}
@nix {"action":"stop","id":241866788307006}
@nix {"action":"start","fields":["/Users/hetzner/obrador-shared-pins-20260909/round-3-baseline/chain-round-1-jobs-8/store/b95325nix4cf3a1ypqc31wxd7zgzvyq4-leaf-20.drv.drv","/Users/hetzner/obrador-shared-pins-20260909/round-3-baseline/chain-round-1-jobs-8/store/m92b32f1pdrlpmi870ljd8xzbqh0d0g6-leaf-20.drv.drv"],"id":241866788307007,"level":3,"parent":0,"text":"resolved derivation: '/Users/hetzner/obrador-shared-pins-20260909/round-3-baseline/chain-round-1-jobs-8/store/b95325nix4cf3a1ypqc31wxd7zgzvyq4-leaf-20.drv.drv' -> '/Users/hetzner/obrador-shared-pins-20260909/round-3-baseline/chain-round-1-jobs-8/store/m92b32f1pdrlpmi870ljd8xzbqh0d0g6-leaf-20.drv.drv'","type":111}
@nix {"action":"result","fields":[59,72,0,0],"id":241866788306946,"type":105}
@nix {"action":"result","fields":[0,0,0,0],"id":241866788306947,"type":105}
@nix {"action":"result","fields":[101,0],"id":241866788306945,"type":106}
@nix {"action":"result","fields":[100,0],"id":241866788306945,"type":106}
@nix {"action":"start","fields":["/Users/hetzner/obrador-shared-pins-20260909/round-3-baseline/chain-round-1-jobs-8/store/m92b32f1pdrlpmi870ljd8xzbqh0d0g6-leaf-20.drv.drv","",1,1],"id":241866788307008,"level":3,"parent":0,"text":"building '/Users/hetzner/obrador-shared-pins-20260909/round-3-baseline/chain-round-1-jobs-8/store/m92b32f1pdrlpmi870ljd8xzbqh0d0g6-leaf-20.drv.drv'","type":105}
@nix {"action":"result","fields":[59,72,1,0],"id":241866788306946,"type":105}
@nix {"action":"result","fields":[0,0,0,0],"id":241866788306947,"type":105}
@nix {"action":"result","fields":[101,0],"id":241866788306945,"type":106}
@nix {"action":"result","fields":[100,0],"id":241866788306945,"type":106}
@nix {"action":"result","fields":[60,73,0,0],"id":241866788306946,"type":105}
@nix {"action":"result","fields":[0,0,0,0],"id":241866788306947,"type":105}
@nix {"action":"result","fields":[101,0],"id":241866788306945,"type":106}
@nix {"action":"result","fields":[100,0],"id":241866788306945,"type":106}
@nix {"action":"stop","id":241866788307008}
@nix {"action":"result","fields":[61,73,0,0],"id":241866788306946,"type":105}
@nix {"action":"result","fields":[0,0,0,0],"id":241866788306947,"type":105}
@nix {"action":"result","fields":[101,0],"id":241866788306945,"type":106}
@nix {"action":"result","fields":[100,0],"id":241866788306945,"type":106}
@nix {"action":"stop","id":241866788307007}
@nix {"action":"result","fields":[61,73,0,0],"id":241866788306946,"type":105}
@nix {"action":"result","fields":[0,0,0,0],"id":241866788306947,"type":105}
@nix {"action":"result","fields":[101,0],"id":241866788306945,"type":106}
@nix {"action":"result","fields":[100,0],"id":241866788306945,"type":106}
@nix {"action":"start","fields":["/Users/hetzner/obrador-shared-pins-20260909/round-3-baseline/chain-round-1-jobs-8/store/y4n576vw51c2rwmbqfl3h0iy10wdyvg9-leaf-20.drv","",1,1],"id":241866788307009,"level":3,"parent":0,"text":"building '/Users/hetzner/obrador-shared-pins-20260909/round-3-baseline/chain-round-1-jobs-8/store/y4n576vw51c2rwmbqfl3h0iy10wdyvg9-leaf-20.drv'","type":105}
@nix {"action":"result","fields":[61,73,1,0],"id":241866788306946,"type":105}
@nix {"action":"result","fields":[0,0,0,0],"id":241866788306947,"type":105}
@nix {"action":"result","fields":[101,0],"id":241866788306945,"type":106}
@nix {"action":"result","fields":[100,0],"id":241866788306945,"type":106}
@nix {"action":"result","fields":[62,74,0,0],"id":241866788306946,"type":105}
@nix {"action":"result","fields":[0,0,0,0],"id":241866788306947,"type":105}
@nix {"action":"result","fields":[101,0],"id":241866788306945,"type":106}
@nix {"action":"result","fields":[100,0],"id":241866788306945,"type":106}
@nix {"action":"stop","id":241866788307009}
@nix {"action":"start","fields":["/Users/hetzner/obrador-shared-pins-20260909/round-3-baseline/chain-round-1-jobs-8/store/hcxw5l4mh1psixpsv8jbbh9kpxc3w9wb-leaf-21.drv.drv","/Users/hetzner/obrador-shared-pins-20260909/round-3-baseline/chain-round-1-jobs-8/store/i3ksg344rk1y08w9cz4g3wm493ya2nsi-leaf-21.drv.drv"],"id":241866788307010,"level":3,"parent":0,"text":"resolved derivation: '/Users/hetzner/obrador-shared-pins-20260909/round-3-baseline/chain-round-1-jobs-8/store/hcxw5l4mh1psixpsv8jbbh9kpxc3w9wb-leaf-21.drv.drv' -> '/Users/hetzner/obrador-shared-pins-20260909/round-3-baseline/chain-round-1-jobs-8/store/i3ksg344rk1y08w9cz4g3wm493ya2nsi-leaf-21.drv.drv'","type":111}
@nix {"action":"result","fields":[62,74,0,0],"id":241866788306946,"type":105}
@nix {"action":"result","fields":[0,0,0,0],"id":241866788306947,"type":105}
@nix {"action":"result","fields":[101,0],"id":241866788306945,"type":106}
@nix {"action":"result","fields":[100,0],"id":241866788306945,"type":106}
@nix {"action":"start","fields":["/Users/hetzner/obrador-shared-pins-20260909/round-3-baseline/chain-round-1-jobs-8/store/i3ksg344rk1y08w9cz4g3wm493ya2nsi-leaf-21.drv.drv","",1,1],"id":241866788307011,"level":3,"parent":0,"text":"building '/Users/hetzner/obrador-shared-pins-20260909/round-3-baseline/chain-round-1-jobs-8/store/i3ksg344rk1y08w9cz4g3wm493ya2nsi-leaf-21.drv.drv'","type":105}
@nix {"action":"result","fields":[62,74,1,0],"id":241866788306946,"type":105}
@nix {"action":"result","fields":[0,0,0,0],"id":241866788306947,"type":105}
@nix {"action":"result","fields":[101,0],"id":241866788306945,"type":106}
@nix {"action":"result","fields":[100,0],"id":241866788306945,"type":106}
@nix {"action":"result","fields":[63,75,0,0],"id":241866788306946,"type":105}
@nix {"action":"result","fields":[0,0,0,0],"id":241866788306947,"type":105}
@nix {"action":"result","fields":[101,0],"id":241866788306945,"type":106}
@nix {"action":"result","fields":[100,0],"id":241866788306945,"type":106}
@nix {"action":"stop","id":241866788307011}
@nix {"action":"result","fields":[64,75,0,0],"id":241866788306946,"type":105}
@nix {"action":"result","fields":[0,0,0,0],"id":241866788306947,"type":105}
@nix {"action":"result","fields":[101,0],"id":241866788306945,"type":106}
@nix {"action":"result","fields":[100,0],"id":241866788306945,"type":106}
@nix {"action":"stop","id":241866788307010}
@nix {"action":"result","fields":[64,75,0,0],"id":241866788306946,"type":105}
@nix {"action":"result","fields":[0,0,0,0],"id":241866788306947,"type":105}
@nix {"action":"result","fields":[101,0],"id":241866788306945,"type":106}
@nix {"action":"result","fields":[100,0],"id":241866788306945,"type":106}
@nix {"action":"start","fields":["/Users/hetzner/obrador-shared-pins-20260909/round-3-baseline/chain-round-1-jobs-8/store/60x58zrgdq6p2d0ahxmfhxwbgqppv92x-leaf-21.drv","",1,1],"id":241866788307012,"level":3,"parent":0,"text":"building '/Users/hetzner/obrador-shared-pins-20260909/round-3-baseline/chain-round-1-jobs-8/store/60x58zrgdq6p2d0ahxmfhxwbgqppv92x-leaf-21.drv'","type":105}
@nix {"action":"result","fields":[64,75,1,0],"id":241866788306946,"type":105}
@nix {"action":"result","fields":[0,0,0,0],"id":241866788306947,"type":105}
@nix {"action":"result","fields":[101,0],"id":241866788306945,"type":106}
@nix {"action":"result","fields":[100,0],"id":241866788306945,"type":106}
@nix {"action":"result","fields":[65,76,0,0],"id":241866788306946,"type":105}
@nix {"action":"result","fields":[0,0,0,0],"id":241866788306947,"type":105}
@nix {"action":"result","fields":[101,0],"id":241866788306945,"type":106}
@nix {"action":"result","fields":[100,0],"id":241866788306945,"type":106}
@nix {"action":"stop","id":241866788307012}
@nix {"action":"start","fields":["/Users/hetzner/obrador-shared-pins-20260909/round-3-baseline/chain-round-1-jobs-8/store/48r1xqxargihsrn1yqjamx6smm2nvvcz-leaf-22.drv.drv","/Users/hetzner/obrador-shared-pins-20260909/round-3-baseline/chain-round-1-jobs-8/store/scv91vj4c4y508iiq3iv3j73vz6gall9-leaf-22.drv.drv"],"id":241866788307013,"level":3,"parent":0,"text":"resolved derivation: '/Users/hetzner/obrador-shared-pins-20260909/round-3-baseline/chain-round-1-jobs-8/store/48r1xqxargihsrn1yqjamx6smm2nvvcz-leaf-22.drv.drv' -> '/Users/hetzner/obrador-shared-pins-20260909/round-3-baseline/chain-round-1-jobs-8/store/scv91vj4c4y508iiq3iv3j73vz6gall9-leaf-22.drv.drv'","type":111}
@nix {"action":"result","fields":[65,76,0,0],"id":241866788306946,"type":105}
@nix {"action":"result","fields":[0,0,0,0],"id":241866788306947,"type":105}
@nix {"action":"result","fields":[101,0],"id":241866788306945,"type":106}
@nix {"action":"result","fields":[100,0],"id":241866788306945,"type":106}
@nix {"action":"start","fields":["/Users/hetzner/obrador-shared-pins-20260909/round-3-baseline/chain-round-1-jobs-8/store/scv91vj4c4y508iiq3iv3j73vz6gall9-leaf-22.drv.drv","",1,1],"id":241866788307014,"level":3,"parent":0,"text":"building '/Users/hetzner/obrador-shared-pins-20260909/round-3-baseline/chain-round-1-jobs-8/store/scv91vj4c4y508iiq3iv3j73vz6gall9-leaf-22.drv.drv'","type":105}
@nix {"action":"result","fields":[65,76,1,0],"id":241866788306946,"type":105}
@nix {"action":"result","fields":[0,0,0,0],"id":241866788306947,"type":105}
@nix {"action":"result","fields":[101,0],"id":241866788306945,"type":106}
@nix {"action":"result","fields":[100,0],"id":241866788306945,"type":106}
@nix {"action":"result","fields":[66,77,0,0],"id":241866788306946,"type":105}
@nix {"action":"result","fields":[0,0,0,0],"id":241866788306947,"type":105}
@nix {"action":"result","fields":[101,0],"id":241866788306945,"type":106}
@nix {"action":"result","fields":[100,0],"id":241866788306945,"type":106}
@nix {"action":"stop","id":241866788307014}
@nix {"action":"result","fields":[67,77,0,0],"id":241866788306946,"type":105}
@nix {"action":"result","fields":[0,0,0,0],"id":241866788306947,"type":105}
@nix {"action":"result","fields":[101,0],"id":241866788306945,"type":106}
@nix {"action":"result","fields":[100,0],"id":241866788306945,"type":106}
@nix {"action":"stop","id":241866788307013}
@nix {"action":"result","fields":[67,77,0,0],"id":241866788306946,"type":105}
@nix {"action":"result","fields":[0,0,0,0],"id":241866788306947,"type":105}
@nix {"action":"result","fields":[101,0],"id":241866788306945,"type":106}
@nix {"action":"result","fields":[100,0],"id":241866788306945,"type":106}
@nix {"action":"start","fields":["/Users/hetzner/obrador-shared-pins-20260909/round-3-baseline/chain-round-1-jobs-8/store/755sj1hhmsma1s1bd3lw83lm5416j47a-leaf-22.drv","",1,1],"id":241866788307015,"level":3,"parent":0,"text":"building '/Users/hetzner/obrador-shared-pins-20260909/round-3-baseline/chain-round-1-jobs-8/store/755sj1hhmsma1s1bd3lw83lm5416j47a-leaf-22.drv'","type":105}
@nix {"action":"result","fields":[67,77,1,0],"id":241866788306946,"type":105}
@nix {"action":"result","fields":[0,0,0,0],"id":241866788306947,"type":105}
@nix {"action":"result","fields":[101,0],"id":241866788306945,"type":106}
@nix {"action":"result","fields":[100,0],"id":241866788306945,"type":106}
@nix {"action":"result","fields":[68,78,0,0],"id":241866788306946,"type":105}
@nix {"action":"result","fields":[0,0,0,0],"id":241866788306947,"type":105}
@nix {"action":"result","fields":[101,0],"id":241866788306945,"type":106}
@nix {"action":"result","fields":[100,0],"id":241866788306945,"type":106}
@nix {"action":"stop","id":241866788307015}
@nix {"action":"start","fields":["/Users/hetzner/obrador-shared-pins-20260909/round-3-baseline/chain-round-1-jobs-8/store/fa417zxgh5llvbw4v9y2z4rh4zxbmz6k-leaf-23.drv.drv","/Users/hetzner/obrador-shared-pins-20260909/round-3-baseline/chain-round-1-jobs-8/store/rs2qxmlwkmkyx3j0sxzj4q4m0gi9qrip-leaf-23.drv.drv"],"id":241866788307016,"level":3,"parent":0,"text":"resolved derivation: '/Users/hetzner/obrador-shared-pins-20260909/round-3-baseline/chain-round-1-jobs-8/store/fa417zxgh5llvbw4v9y2z4rh4zxbmz6k-leaf-23.drv.drv' -> '/Users/hetzner/obrador-shared-pins-20260909/round-3-baseline/chain-round-1-jobs-8/store/rs2qxmlwkmkyx3j0sxzj4q4m0gi9qrip-leaf-23.drv.drv'","type":111}
@nix {"action":"result","fields":[68,78,0,0],"id":241866788306946,"type":105}
@nix {"action":"result","fields":[0,0,0,0],"id":241866788306947,"type":105}
@nix {"action":"result","fields":[101,0],"id":241866788306945,"type":106}
@nix {"action":"result","fields":[100,0],"id":241866788306945,"type":106}
@nix {"action":"start","fields":["/Users/hetzner/obrador-shared-pins-20260909/round-3-baseline/chain-round-1-jobs-8/store/rs2qxmlwkmkyx3j0sxzj4q4m0gi9qrip-leaf-23.drv.drv","",1,1],"id":241866788307017,"level":3,"parent":0,"text":"building '/Users/hetzner/obrador-shared-pins-20260909/round-3-baseline/chain-round-1-jobs-8/store/rs2qxmlwkmkyx3j0sxzj4q4m0gi9qrip-leaf-23.drv.drv'","type":105}
@nix {"action":"result","fields":[68,78,1,0],"id":241866788306946,"type":105}
@nix {"action":"result","fields":[0,0,0,0],"id":241866788306947,"type":105}
@nix {"action":"result","fields":[101,0],"id":241866788306945,"type":106}
@nix {"action":"result","fields":[100,0],"id":241866788306945,"type":106}
@nix {"action":"result","fields":[69,79,0,0],"id":241866788306946,"type":105}
@nix {"action":"result","fields":[0,0,0,0],"id":241866788306947,"type":105}
@nix {"action":"result","fields":[101,0],"id":241866788306945,"type":106}
@nix {"action":"result","fields":[100,0],"id":241866788306945,"type":106}
@nix {"action":"stop","id":241866788307017}
@nix {"action":"result","fields":[70,79,0,0],"id":241866788306946,"type":105}
@nix {"action":"result","fields":[0,0,0,0],"id":241866788306947,"type":105}
@nix {"action":"result","fields":[101,0],"id":241866788306945,"type":106}
@nix {"action":"result","fields":[100,0],"id":241866788306945,"type":106}
@nix {"action":"stop","id":241866788307016}
@nix {"action":"result","fields":[70,79,0,0],"id":241866788306946,"type":105}
@nix {"action":"result","fields":[0,0,0,0],"id":241866788306947,"type":105}
@nix {"action":"result","fields":[101,0],"id":241866788306945,"type":106}
@nix {"action":"result","fields":[100,0],"id":241866788306945,"type":106}
@nix {"action":"start","fields":["/Users/hetzner/obrador-shared-pins-20260909/round-3-baseline/chain-round-1-jobs-8/store/fqld4h4mfdxmyhva54s6vdpp33wc1g2q-leaf-23.drv","",1,1],"id":241866788307018,"level":3,"parent":0,"text":"building '/Users/hetzner/obrador-shared-pins-20260909/round-3-baseline/chain-round-1-jobs-8/store/fqld4h4mfdxmyhva54s6vdpp33wc1g2q-leaf-23.drv'","type":105}
@nix {"action":"result","fields":[70,79,1,0],"id":241866788306946,"type":105}
@nix {"action":"result","fields":[0,0,0,0],"id":241866788306947,"type":105}
@nix {"action":"result","fields":[101,0],"id":241866788306945,"type":106}
@nix {"action":"result","fields":[100,0],"id":241866788306945,"type":106}
@nix {"action":"result","fields":[71,80,0,0],"id":241866788306946,"type":105}
@nix {"action":"result","fields":[0,0,0,0],"id":241866788306947,"type":105}
@nix {"action":"result","fields":[101,0],"id":241866788306945,"type":106}
@nix {"action":"result","fields":[100,0],"id":241866788306945,"type":106}
@nix {"action":"stop","id":241866788307018}
@nix {"action":"start","fields":["/Users/hetzner/obrador-shared-pins-20260909/round-3-baseline/chain-round-1-jobs-8/store/jzajm670dc7xd7nbi5k4ds4bjbv41fni-leaf-24.drv.drv","/Users/hetzner/obrador-shared-pins-20260909/round-3-baseline/chain-round-1-jobs-8/store/rbbj7sjifwnksnhgdvxajjfymply602j-leaf-24.drv.drv"],"id":241866788307019,"level":3,"parent":0,"text":"resolved derivation: '/Users/hetzner/obrador-shared-pins-20260909/round-3-baseline/chain-round-1-jobs-8/store/jzajm670dc7xd7nbi5k4ds4bjbv41fni-leaf-24.drv.drv' -> '/Users/hetzner/obrador-shared-pins-20260909/round-3-baseline/chain-round-1-jobs-8/store/rbbj7sjifwnksnhgdvxajjfymply602j-leaf-24.drv.drv'","type":111}
@nix {"action":"result","fields":[71,80,0,0],"id":241866788306946,"type":105}
@nix {"action":"result","fields":[0,0,0,0],"id":241866788306947,"type":105}
@nix {"action":"result","fields":[101,0],"id":241866788306945,"type":106}
@nix {"action":"result","fields":[100,0],"id":241866788306945,"type":106}
@nix {"action":"start","fields":["/Users/hetzner/obrador-shared-pins-20260909/round-3-baseline/chain-round-1-jobs-8/store/rbbj7sjifwnksnhgdvxajjfymply602j-leaf-24.drv.drv","",1,1],"id":241866788307020,"level":3,"parent":0,"text":"building '/Users/hetzner/obrador-shared-pins-20260909/round-3-baseline/chain-round-1-jobs-8/store/rbbj7sjifwnksnhgdvxajjfymply602j-leaf-24.drv.drv'","type":105}
@nix {"action":"result","fields":[71,80,1,0],"id":241866788306946,"type":105}
@nix {"action":"result","fields":[0,0,0,0],"id":241866788306947,"type":105}
@nix {"action":"result","fields":[101,0],"id":241866788306945,"type":106}
@nix {"action":"result","fields":[100,0],"id":241866788306945,"type":106}
@nix {"action":"result","fields":[72,81,0,0],"id":241866788306946,"type":105}
@nix {"action":"result","fields":[0,0,0,0],"id":241866788306947,"type":105}
@nix {"action":"result","fields":[101,0],"id":241866788306945,"type":106}
@nix {"action":"result","fields":[100,0],"id":241866788306945,"type":106}
@nix {"action":"stop","id":241866788307020}
@nix {"action":"result","fields":[73,81,0,0],"id":241866788306946,"type":105}
@nix {"action":"result","fields":[0,0,0,0],"id":241866788306947,"type":105}
@nix {"action":"result","fields":[101,0],"id":241866788306945,"type":106}
@nix {"action":"result","fields":[100,0],"id":241866788306945,"type":106}
@nix {"action":"stop","id":241866788307019}
@nix {"action":"result","fields":[73,81,0,0],"id":241866788306946,"type":105}
@nix {"action":"result","fields":[0,0,0,0],"id":241866788306947,"type":105}
@nix {"action":"result","fields":[101,0],"id":241866788306945,"type":106}
@nix {"action":"result","fields":[100,0],"id":241866788306945,"type":106}
@nix {"action":"start","fields":["/Users/hetzner/obrador-shared-pins-20260909/round-3-baseline/chain-round-1-jobs-8/store/aav9vf0bz6723515c0kxhviihli1cz82-leaf-24.drv","",1,1],"id":241866788307021,"level":3,"parent":0,"text":"building '/Users/hetzner/obrador-shared-pins-20260909/round-3-baseline/chain-round-1-jobs-8/store/aav9vf0bz6723515c0kxhviihli1cz82-leaf-24.drv'","type":105}
@nix {"action":"result","fields":[73,81,1,0],"id":241866788306946,"type":105}
@nix {"action":"result","fields":[0,0,0,0],"id":241866788306947,"type":105}
@nix {"action":"result","fields":[101,0],"id":241866788306945,"type":106}
@nix {"action":"result","fields":[100,0],"id":241866788306945,"type":106}
@nix {"action":"result","fields":[74,82,0,0],"id":241866788306946,"type":105}
@nix {"action":"result","fields":[0,0,0,0],"id":241866788306947,"type":105}
@nix {"action":"result","fields":[101,0],"id":241866788306945,"type":106}
@nix {"action":"result","fields":[100,0],"id":241866788306945,"type":106}
@nix {"action":"stop","id":241866788307021}
@nix {"action":"start","fields":["/Users/hetzner/obrador-shared-pins-20260909/round-3-baseline/chain-round-1-jobs-8/store/ar422y9vd83b1zsqx9pi2j593vhcwavs-leaf-25.drv.drv","/Users/hetzner/obrador-shared-pins-20260909/round-3-baseline/chain-round-1-jobs-8/store/wmi2khilrc88kn1jh3wb4fmlmrcy4sgq-leaf-25.drv.drv"],"id":241866788307022,"level":3,"parent":0,"text":"resolved derivation: '/Users/hetzner/obrador-shared-pins-20260909/round-3-baseline/chain-round-1-jobs-8/store/ar422y9vd83b1zsqx9pi2j593vhcwavs-leaf-25.drv.drv' -> '/Users/hetzner/obrador-shared-pins-20260909/round-3-baseline/chain-round-1-jobs-8/store/wmi2khilrc88kn1jh3wb4fmlmrcy4sgq-leaf-25.drv.drv'","type":111}
@nix {"action":"result","fields":[74,82,0,0],"id":241866788306946,"type":105}
@nix {"action":"result","fields":[0,0,0,0],"id":241866788306947,"type":105}
@nix {"action":"result","fields":[101,0],"id":241866788306945,"type":106}
@nix {"action":"result","fields":[100,0],"id":241866788306945,"type":106}
@nix {"action":"start","fields":["/Users/hetzner/obrador-shared-pins-20260909/round-3-baseline/chain-round-1-jobs-8/store/wmi2khilrc88kn1jh3wb4fmlmrcy4sgq-leaf-25.drv.drv","",1,1],"id":241866788307023,"level":3,"parent":0,"text":"building '/Users/hetzner/obrador-shared-pins-20260909/round-3-baseline/chain-round-1-jobs-8/store/wmi2khilrc88kn1jh3wb4fmlmrcy4sgq-leaf-25.drv.drv'","type":105}
@nix {"action":"result","fields":[74,82,1,0],"id":241866788306946,"type":105}
@nix {"action":"result","fields":[0,0,0,0],"id":241866788306947,"type":105}
@nix {"action":"result","fields":[101,0],"id":241866788306945,"type":106}
@nix {"action":"result","fields":[100,0],"id":241866788306945,"type":106}
@nix {"action":"result","fields":[75,83,0,0],"id":241866788306946,"type":105}
@nix {"action":"result","fields":[0,0,0,0],"id":241866788306947,"type":105}
@nix {"action":"result","fields":[101,0],"id":241866788306945,"type":106}
@nix {"action":"result","fields":[100,0],"id":241866788306945,"type":106}
@nix {"action":"stop","id":241866788307023}
@nix {"action":"result","fields":[76,83,0,0],"id":241866788306946,"type":105}
@nix {"action":"result","fields":[0,0,0,0],"id":241866788306947,"type":105}
@nix {"action":"result","fields":[101,0],"id":241866788306945,"type":106}
@nix {"action":"result","fields":[100,0],"id":241866788306945,"type":106}
@nix {"action":"stop","id":241866788307022}
@nix {"action":"result","fields":[76,83,0,0],"id":241866788306946,"type":105}
@nix {"action":"result","fields":[0,0,0,0],"id":241866788306947,"type":105}
@nix {"action":"result","fields":[101,0],"id":241866788306945,"type":106}
@nix {"action":"result","fields":[100,0],"id":241866788306945,"type":106}
@nix {"action":"start","fields":["/Users/hetzner/obrador-shared-pins-20260909/round-3-baseline/chain-round-1-jobs-8/store/n7pp1d9569a68v6v6ybsip3295jhknka-leaf-25.drv","",1,1],"id":241866788307024,"level":3,"parent":0,"text":"building '/Users/hetzner/obrador-shared-pins-20260909/round-3-baseline/chain-round-1-jobs-8/store/n7pp1d9569a68v6v6ybsip3295jhknka-leaf-25.drv'","type":105}
@nix {"action":"result","fields":[76,83,1,0],"id":241866788306946,"type":105}
@nix {"action":"result","fields":[0,0,0,0],"id":241866788306947,"type":105}
@nix {"action":"result","fields":[101,0],"id":241866788306945,"type":106}
@nix {"action":"result","fields":[100,0],"id":241866788306945,"type":106}
@nix {"action":"result","fields":[77,84,0,0],"id":241866788306946,"type":105}
@nix {"action":"result","fields":[0,0,0,0],"id":241866788306947,"type":105}
@nix {"action":"result","fields":[101,0],"id":241866788306945,"type":106}
@nix {"action":"result","fields":[100,0],"id":241866788306945,"type":106}
@nix {"action":"stop","id":241866788307024}
@nix {"action":"start","fields":["/Users/hetzner/obrador-shared-pins-20260909/round-3-baseline/chain-round-1-jobs-8/store/y13x0faycg1gmjskkbhnvxz5ccpqp2qn-leaf-26.drv.drv","/Users/hetzner/obrador-shared-pins-20260909/round-3-baseline/chain-round-1-jobs-8/store/yq2yl72842iv55cpyfb8i7bvjirqkvz9-leaf-26.drv.drv"],"id":241866788307025,"level":3,"parent":0,"text":"resolved derivation: '/Users/hetzner/obrador-shared-pins-20260909/round-3-baseline/chain-round-1-jobs-8/store/y13x0faycg1gmjskkbhnvxz5ccpqp2qn-leaf-26.drv.drv' -> '/Users/hetzner/obrador-shared-pins-20260909/round-3-baseline/chain-round-1-jobs-8/store/yq2yl72842iv55cpyfb8i7bvjirqkvz9-leaf-26.drv.drv'","type":111}
@nix {"action":"result","fields":[77,84,0,0],"id":241866788306946,"type":105}
@nix {"action":"result","fields":[0,0,0,0],"id":241866788306947,"type":105}
@nix {"action":"result","fields":[101,0],"id":241866788306945,"type":106}
@nix {"action":"result","fields":[100,0],"id":241866788306945,"type":106}
@nix {"action":"start","fields":["/Users/hetzner/obrador-shared-pins-20260909/round-3-baseline/chain-round-1-jobs-8/store/yq2yl72842iv55cpyfb8i7bvjirqkvz9-leaf-26.drv.drv","",1,1],"id":241866788307026,"level":3,"parent":0,"text":"building '/Users/hetzner/obrador-shared-pins-20260909/round-3-baseline/chain-round-1-jobs-8/store/yq2yl72842iv55cpyfb8i7bvjirqkvz9-leaf-26.drv.drv'","type":105}
@nix {"action":"result","fields":[77,84,1,0],"id":241866788306946,"type":105}
@nix {"action":"result","fields":[0,0,0,0],"id":241866788306947,"type":105}
@nix {"action":"result","fields":[101,0],"id":241866788306945,"type":106}
@nix {"action":"result","fields":[100,0],"id":241866788306945,"type":106}
@nix {"action":"result","fields":[78,85,0,0],"id":241866788306946,"type":105}
@nix {"action":"result","fields":[0,0,0,0],"id":241866788306947,"type":105}
@nix {"action":"result","fields":[101,0],"id":241866788306945,"type":106}
@nix {"action":"result","fields":[100,0],"id":241866788306945,"type":106}
@nix {"action":"stop","id":241866788307026}
@nix {"action":"result","fields":[79,85,0,0],"id":241866788306946,"type":105}
@nix {"action":"result","fields":[0,0,0,0],"id":241866788306947,"type":105}
@nix {"action":"result","fields":[101,0],"id":241866788306945,"type":106}
@nix {"action":"result","fields":[100,0],"id":241866788306945,"type":106}
@nix {"action":"stop","id":241866788307025}
@nix {"action":"result","fields":[79,85,0,0],"id":241866788306946,"type":105}
@nix {"action":"result","fields":[0,0,0,0],"id":241866788306947,"type":105}
@nix {"action":"result","fields":[101,0],"id":241866788306945,"type":106}
@nix {"action":"result","fields":[100,0],"id":241866788306945,"type":106}
@nix {"action":"start","fields":["/Users/hetzner/obrador-shared-pins-20260909/round-3-baseline/chain-round-1-jobs-8/store/2zn5z315v6lp8zmiahxq1sck2xn9q17m-leaf-26.drv","",1,1],"id":241866788307027,"level":3,"parent":0,"text":"building '/Users/hetzner/obrador-shared-pins-20260909/round-3-baseline/chain-round-1-jobs-8/store/2zn5z315v6lp8zmiahxq1sck2xn9q17m-leaf-26.drv'","type":105}
@nix {"action":"result","fields":[79,85,1,0],"id":241866788306946,"type":105}
@nix {"action":"result","fields":[0,0,0,0],"id":241866788306947,"type":105}
@nix {"action":"result","fields":[101,0],"id":241866788306945,"type":106}
@nix {"action":"result","fields":[100,0],"id":241866788306945,"type":106}
@nix {"action":"result","fields":[80,86,0,0],"id":241866788306946,"type":105}
@nix {"action":"result","fields":[0,0,0,0],"id":241866788306947,"type":105}
@nix {"action":"result","fields":[101,0],"id":241866788306945,"type":106}
@nix {"action":"result","fields":[100,0],"id":241866788306945,"type":106}
@nix {"action":"stop","id":241866788307027}
@nix {"action":"start","fields":["/Users/hetzner/obrador-shared-pins-20260909/round-3-baseline/chain-round-1-jobs-8/store/fihf999pay2ymxk26v3xg76c1ihrkx5b-leaf-27.drv.drv","/Users/hetzner/obrador-shared-pins-20260909/round-3-baseline/chain-round-1-jobs-8/store/2ibdci9lfry1pffpydh9wy36m0lp0x3m-leaf-27.drv.drv"],"id":241866788307028,"level":3,"parent":0,"text":"resolved derivation: '/Users/hetzner/obrador-shared-pins-20260909/round-3-baseline/chain-round-1-jobs-8/store/fihf999pay2ymxk26v3xg76c1ihrkx5b-leaf-27.drv.drv' -> '/Users/hetzner/obrador-shared-pins-20260909/round-3-baseline/chain-round-1-jobs-8/store/2ibdci9lfry1pffpydh9wy36m0lp0x3m-leaf-27.drv.drv'","type":111}
@nix {"action":"result","fields":[80,86,0,0],"id":241866788306946,"type":105}
@nix {"action":"result","fields":[0,0,0,0],"id":241866788306947,"type":105}
@nix {"action":"result","fields":[101,0],"id":241866788306945,"type":106}
@nix {"action":"result","fields":[100,0],"id":241866788306945,"type":106}
@nix {"action":"start","fields":["/Users/hetzner/obrador-shared-pins-20260909/round-3-baseline/chain-round-1-jobs-8/store/2ibdci9lfry1pffpydh9wy36m0lp0x3m-leaf-27.drv.drv","",1,1],"id":241866788307029,"level":3,"parent":0,"text":"building '/Users/hetzner/obrador-shared-pins-20260909/round-3-baseline/chain-round-1-jobs-8/store/2ibdci9lfry1pffpydh9wy36m0lp0x3m-leaf-27.drv.drv'","type":105}
@nix {"action":"result","fields":[80,86,1,0],"id":241866788306946,"type":105}
@nix {"action":"result","fields":[0,0,0,0],"id":241866788306947,"type":105}
@nix {"action":"result","fields":[101,0],"id":241866788306945,"type":106}
@nix {"action":"result","fields":[100,0],"id":241866788306945,"type":106}
@nix {"action":"result","fields":[81,87,0,0],"id":241866788306946,"type":105}
@nix {"action":"result","fields":[0,0,0,0],"id":241866788306947,"type":105}
@nix {"action":"result","fields":[101,0],"id":241866788306945,"type":106}
@nix {"action":"result","fields":[100,0],"id":241866788306945,"type":106}
@nix {"action":"stop","id":241866788307029}
@nix {"action":"result","fields":[82,87,0,0],"id":241866788306946,"type":105}
@nix {"action":"result","fields":[0,0,0,0],"id":241866788306947,"type":105}
@nix {"action":"result","fields":[101,0],"id":241866788306945,"type":106}
@nix {"action":"result","fields":[100,0],"id":241866788306945,"type":106}
@nix {"action":"stop","id":241866788307028}
@nix {"action":"result","fields":[82,87,0,0],"id":241866788306946,"type":105}
@nix {"action":"result","fields":[0,0,0,0],"id":241866788306947,"type":105}
@nix {"action":"result","fields":[101,0],"id":241866788306945,"type":106}
@nix {"action":"result","fields":[100,0],"id":241866788306945,"type":106}
@nix {"action":"start","fields":["/Users/hetzner/obrador-shared-pins-20260909/round-3-baseline/chain-round-1-jobs-8/store/g14b8vl022y9y7bya7smlm4nabs2f560-leaf-27.drv","",1,1],"id":241866788307030,"level":3,"parent":0,"text":"building '/Users/hetzner/obrador-shared-pins-20260909/round-3-baseline/chain-round-1-jobs-8/store/g14b8vl022y9y7bya7smlm4nabs2f560-leaf-27.drv'","type":105}
@nix {"action":"result","fields":[82,87,1,0],"id":241866788306946,"type":105}
@nix {"action":"result","fields":[0,0,0,0],"id":241866788306947,"type":105}
@nix {"action":"result","fields":[101,0],"id":241866788306945,"type":106}
@nix {"action":"result","fields":[100,0],"id":241866788306945,"type":106}
@nix {"action":"result","fields":[83,88,0,0],"id":241866788306946,"type":105}
@nix {"action":"result","fields":[0,0,0,0],"id":241866788306947,"type":105}
@nix {"action":"result","fields":[101,0],"id":241866788306945,"type":106}
@nix {"action":"result","fields":[100,0],"id":241866788306945,"type":106}
@nix {"action":"stop","id":241866788307030}
@nix {"action":"start","fields":["/Users/hetzner/obrador-shared-pins-20260909/round-3-baseline/chain-round-1-jobs-8/store/dv2aggc8gml7q27jnjc5ii58m6x49wrz-leaf-28.drv.drv","/Users/hetzner/obrador-shared-pins-20260909/round-3-baseline/chain-round-1-jobs-8/store/d85c05nriaay3dxv6sw682qx87rijp4x-leaf-28.drv.drv"],"id":241866788307031,"level":3,"parent":0,"text":"resolved derivation: '/Users/hetzner/obrador-shared-pins-20260909/round-3-baseline/chain-round-1-jobs-8/store/dv2aggc8gml7q27jnjc5ii58m6x49wrz-leaf-28.drv.drv' -> '/Users/hetzner/obrador-shared-pins-20260909/round-3-baseline/chain-round-1-jobs-8/store/d85c05nriaay3dxv6sw682qx87rijp4x-leaf-28.drv.drv'","type":111}
@nix {"action":"result","fields":[83,88,0,0],"id":241866788306946,"type":105}
@nix {"action":"result","fields":[0,0,0,0],"id":241866788306947,"type":105}
@nix {"action":"result","fields":[101,0],"id":241866788306945,"type":106}
@nix {"action":"result","fields":[100,0],"id":241866788306945,"type":106}
@nix {"action":"start","fields":["/Users/hetzner/obrador-shared-pins-20260909/round-3-baseline/chain-round-1-jobs-8/store/d85c05nriaay3dxv6sw682qx87rijp4x-leaf-28.drv.drv","",1,1],"id":241866788307032,"level":3,"parent":0,"text":"building '/Users/hetzner/obrador-shared-pins-20260909/round-3-baseline/chain-round-1-jobs-8/store/d85c05nriaay3dxv6sw682qx87rijp4x-leaf-28.drv.drv'","type":105}
@nix {"action":"result","fields":[83,88,1,0],"id":241866788306946,"type":105}
@nix {"action":"result","fields":[0,0,0,0],"id":241866788306947,"type":105}
@nix {"action":"result","fields":[101,0],"id":241866788306945,"type":106}
@nix {"action":"result","fields":[100,0],"id":241866788306945,"type":106}
@nix {"action":"result","fields":[84,89,0,0],"id":241866788306946,"type":105}
@nix {"action":"result","fields":[0,0,0,0],"id":241866788306947,"type":105}
@nix {"action":"result","fields":[101,0],"id":241866788306945,"type":106}
@nix {"action":"result","fields":[100,0],"id":241866788306945,"type":106}
@nix {"action":"stop","id":241866788307032}
@nix {"action":"result","fields":[85,89,0,0],"id":241866788306946,"type":105}
@nix {"action":"result","fields":[0,0,0,0],"id":241866788306947,"type":105}
@nix {"action":"result","fields":[101,0],"id":241866788306945,"type":106}
@nix {"action":"result","fields":[100,0],"id":241866788306945,"type":106}
@nix {"action":"stop","id":241866788307031}
@nix {"action":"result","fields":[85,89,0,0],"id":241866788306946,"type":105}
@nix {"action":"result","fields":[0,0,0,0],"id":241866788306947,"type":105}
@nix {"action":"result","fields":[101,0],"id":241866788306945,"type":106}
@nix {"action":"result","fields":[100,0],"id":241866788306945,"type":106}
@nix {"action":"start","fields":["/Users/hetzner/obrador-shared-pins-20260909/round-3-baseline/chain-round-1-jobs-8/store/w7jwzisddfcq311gwmmb19112xrxhn67-leaf-28.drv","",1,1],"id":241866788307033,"level":3,"parent":0,"text":"building '/Users/hetzner/obrador-shared-pins-20260909/round-3-baseline/chain-round-1-jobs-8/store/w7jwzisddfcq311gwmmb19112xrxhn67-leaf-28.drv'","type":105}
@nix {"action":"result","fields":[85,89,1,0],"id":241866788306946,"type":105}
@nix {"action":"result","fields":[0,0,0,0],"id":241866788306947,"type":105}
@nix {"action":"result","fields":[101,0],"id":241866788306945,"type":106}
@nix {"action":"result","fields":[100,0],"id":241866788306945,"type":106}
@nix {"action":"result","fields":[86,90,0,0],"id":241866788306946,"type":105}
@nix {"action":"result","fields":[0,0,0,0],"id":241866788306947,"type":105}
@nix {"action":"result","fields":[101,0],"id":241866788306945,"type":106}
@nix {"action":"result","fields":[100,0],"id":241866788306945,"type":106}
@nix {"action":"stop","id":241866788307033}
@nix {"action":"start","fields":["/Users/hetzner/obrador-shared-pins-20260909/round-3-baseline/chain-round-1-jobs-8/store/hsyadykb6klkb1ln1lzxg1953jlqqdgm-leaf-29.drv.drv","/Users/hetzner/obrador-shared-pins-20260909/round-3-baseline/chain-round-1-jobs-8/store/wq3z2iqnrsazfq5ygrg9yd6zlwk6cq15-leaf-29.drv.drv"],"id":241866788307034,"level":3,"parent":0,"text":"resolved derivation: '/Users/hetzner/obrador-shared-pins-20260909/round-3-baseline/chain-round-1-jobs-8/store/hsyadykb6klkb1ln1lzxg1953jlqqdgm-leaf-29.drv.drv' -> '/Users/hetzner/obrador-shared-pins-20260909/round-3-baseline/chain-round-1-jobs-8/store/wq3z2iqnrsazfq5ygrg9yd6zlwk6cq15-leaf-29.drv.drv'","type":111}
@nix {"action":"result","fields":[86,90,0,0],"id":241866788306946,"type":105}
@nix {"action":"result","fields":[0,0,0,0],"id":241866788306947,"type":105}
@nix {"action":"result","fields":[101,0],"id":241866788306945,"type":106}
@nix {"action":"result","fields":[100,0],"id":241866788306945,"type":106}
@nix {"action":"start","fields":["/Users/hetzner/obrador-shared-pins-20260909/round-3-baseline/chain-round-1-jobs-8/store/wq3z2iqnrsazfq5ygrg9yd6zlwk6cq15-leaf-29.drv.drv","",1,1],"id":241866788307035,"level":3,"parent":0,"text":"building '/Users/hetzner/obrador-shared-pins-20260909/round-3-baseline/chain-round-1-jobs-8/store/wq3z2iqnrsazfq5ygrg9yd6zlwk6cq15-leaf-29.drv.drv'","type":105}
@nix {"action":"result","fields":[86,90,1,0],"id":241866788306946,"type":105}
@nix {"action":"result","fields":[0,0,0,0],"id":241866788306947,"type":105}
@nix {"action":"result","fields":[101,0],"id":241866788306945,"type":106}
@nix {"action":"result","fields":[100,0],"id":241866788306945,"type":106}
@nix {"action":"result","fields":[87,91,0,0],"id":241866788306946,"type":105}
@nix {"action":"result","fields":[0,0,0,0],"id":241866788306947,"type":105}
@nix {"action":"result","fields":[101,0],"id":241866788306945,"type":106}
@nix {"action":"result","fields":[100,0],"id":241866788306945,"type":106}
@nix {"action":"stop","id":241866788307035}
@nix {"action":"result","fields":[88,91,0,0],"id":241866788306946,"type":105}
@nix {"action":"result","fields":[0,0,0,0],"id":241866788306947,"type":105}
@nix {"action":"result","fields":[101,0],"id":241866788306945,"type":106}
@nix {"action":"result","fields":[100,0],"id":241866788306945,"type":106}
@nix {"action":"stop","id":241866788307034}
@nix {"action":"result","fields":[88,91,0,0],"id":241866788306946,"type":105}
@nix {"action":"result","fields":[0,0,0,0],"id":241866788306947,"type":105}
@nix {"action":"result","fields":[101,0],"id":241866788306945,"type":106}
@nix {"action":"result","fields":[100,0],"id":241866788306945,"type":106}
@nix {"action":"start","fields":["/Users/hetzner/obrador-shared-pins-20260909/round-3-baseline/chain-round-1-jobs-8/store/rb0k2w42kf53sp01ni1nwiq039p9f25w-leaf-29.drv","",1,1],"id":241866788307036,"level":3,"parent":0,"text":"building '/Users/hetzner/obrador-shared-pins-20260909/round-3-baseline/chain-round-1-jobs-8/store/rb0k2w42kf53sp01ni1nwiq039p9f25w-leaf-29.drv'","type":105}
@nix {"action":"result","fields":[88,91,1,0],"id":241866788306946,"type":105}
@nix {"action":"result","fields":[0,0,0,0],"id":241866788306947,"type":105}
@nix {"action":"result","fields":[101,0],"id":241866788306945,"type":106}
@nix {"action":"result","fields":[100,0],"id":241866788306945,"type":106}
@nix {"action":"result","fields":[89,92,0,0],"id":241866788306946,"type":105}
@nix {"action":"result","fields":[0,0,0,0],"id":241866788306947,"type":105}
@nix {"action":"result","fields":[101,0],"id":241866788306945,"type":106}
@nix {"action":"result","fields":[100,0],"id":241866788306945,"type":106}
@nix {"action":"stop","id":241866788307036}
@nix {"action":"start","fields":["/Users/hetzner/obrador-shared-pins-20260909/round-3-baseline/chain-round-1-jobs-8/store/f95hqcaijm97cfvmn6kyw4yqmcy6c2yj-leaf-30.drv.drv","/Users/hetzner/obrador-shared-pins-20260909/round-3-baseline/chain-round-1-jobs-8/store/mp2mfxvyk8kal89jb4hv3z9cn2w6b662-leaf-30.drv.drv"],"id":241866788307037,"level":3,"parent":0,"text":"resolved derivation: '/Users/hetzner/obrador-shared-pins-20260909/round-3-baseline/chain-round-1-jobs-8/store/f95hqcaijm97cfvmn6kyw4yqmcy6c2yj-leaf-30.drv.drv' -> '/Users/hetzner/obrador-shared-pins-20260909/round-3-baseline/chain-round-1-jobs-8/store/mp2mfxvyk8kal89jb4hv3z9cn2w6b662-leaf-30.drv.drv'","type":111}
@nix {"action":"result","fields":[89,92,0,0],"id":241866788306946,"type":105}
@nix {"action":"result","fields":[0,0,0,0],"id":241866788306947,"type":105}
@nix {"action":"result","fields":[101,0],"id":241866788306945,"type":106}
@nix {"action":"result","fields":[100,0],"id":241866788306945,"type":106}
@nix {"action":"start","fields":["/Users/hetzner/obrador-shared-pins-20260909/round-3-baseline/chain-round-1-jobs-8/store/mp2mfxvyk8kal89jb4hv3z9cn2w6b662-leaf-30.drv.drv","",1,1],"id":241866788307038,"level":3,"parent":0,"text":"building '/Users/hetzner/obrador-shared-pins-20260909/round-3-baseline/chain-round-1-jobs-8/store/mp2mfxvyk8kal89jb4hv3z9cn2w6b662-leaf-30.drv.drv'","type":105}
@nix {"action":"result","fields":[89,92,1,0],"id":241866788306946,"type":105}
@nix {"action":"result","fields":[0,0,0,0],"id":241866788306947,"type":105}
@nix {"action":"result","fields":[101,0],"id":241866788306945,"type":106}
@nix {"action":"result","fields":[100,0],"id":241866788306945,"type":106}
@nix {"action":"result","fields":[90,93,0,0],"id":241866788306946,"type":105}
@nix {"action":"result","fields":[0,0,0,0],"id":241866788306947,"type":105}
@nix {"action":"result","fields":[101,0],"id":241866788306945,"type":106}
@nix {"action":"result","fields":[100,0],"id":241866788306945,"type":106}
@nix {"action":"stop","id":241866788307038}
@nix {"action":"result","fields":[91,93,0,0],"id":241866788306946,"type":105}
@nix {"action":"result","fields":[0,0,0,0],"id":241866788306947,"type":105}
@nix {"action":"result","fields":[101,0],"id":241866788306945,"type":106}
@nix {"action":"result","fields":[100,0],"id":241866788306945,"type":106}
@nix {"action":"stop","id":241866788307037}
@nix {"action":"result","fields":[91,93,0,0],"id":241866788306946,"type":105}
@nix {"action":"result","fields":[0,0,0,0],"id":241866788306947,"type":105}
@nix {"action":"result","fields":[101,0],"id":241866788306945,"type":106}
@nix {"action":"result","fields":[100,0],"id":241866788306945,"type":106}
@nix {"action":"start","fields":["/Users/hetzner/obrador-shared-pins-20260909/round-3-baseline/chain-round-1-jobs-8/store/s0ii5mdd5cs5apgbdidsm0k789l3irn2-leaf-30.drv","",1,1],"id":241866788307039,"level":3,"parent":0,"text":"building '/Users/hetzner/obrador-shared-pins-20260909/round-3-baseline/chain-round-1-jobs-8/store/s0ii5mdd5cs5apgbdidsm0k789l3irn2-leaf-30.drv'","type":105}
@nix {"action":"result","fields":[91,93,1,0],"id":241866788306946,"type":105}
@nix {"action":"result","fields":[0,0,0,0],"id":241866788306947,"type":105}
@nix {"action":"result","fields":[101,0],"id":241866788306945,"type":106}
@nix {"action":"result","fields":[100,0],"id":241866788306945,"type":106}
@nix {"action":"result","fields":[92,94,0,0],"id":241866788306946,"type":105}
@nix {"action":"result","fields":[0,0,0,0],"id":241866788306947,"type":105}
@nix {"action":"result","fields":[101,0],"id":241866788306945,"type":106}
@nix {"action":"result","fields":[100,0],"id":241866788306945,"type":106}
@nix {"action":"stop","id":241866788307039}
@nix {"action":"start","fields":["/Users/hetzner/obrador-shared-pins-20260909/round-3-baseline/chain-round-1-jobs-8/store/q4hk2dhwyvkx838j64ri6y9iws7wr8kw-leaf-31.drv.drv","/Users/hetzner/obrador-shared-pins-20260909/round-3-baseline/chain-round-1-jobs-8/store/mvmwrnmixwj9qp94k8yk6922758b9ijx-leaf-31.drv.drv"],"id":241866788307040,"level":3,"parent":0,"text":"resolved derivation: '/Users/hetzner/obrador-shared-pins-20260909/round-3-baseline/chain-round-1-jobs-8/store/q4hk2dhwyvkx838j64ri6y9iws7wr8kw-leaf-31.drv.drv' -> '/Users/hetzner/obrador-shared-pins-20260909/round-3-baseline/chain-round-1-jobs-8/store/mvmwrnmixwj9qp94k8yk6922758b9ijx-leaf-31.drv.drv'","type":111}
@nix {"action":"result","fields":[92,94,0,0],"id":241866788306946,"type":105}
@nix {"action":"result","fields":[0,0,0,0],"id":241866788306947,"type":105}
@nix {"action":"result","fields":[101,0],"id":241866788306945,"type":106}
@nix {"action":"result","fields":[100,0],"id":241866788306945,"type":106}
@nix {"action":"start","fields":["/Users/hetzner/obrador-shared-pins-20260909/round-3-baseline/chain-round-1-jobs-8/store/mvmwrnmixwj9qp94k8yk6922758b9ijx-leaf-31.drv.drv","",1,1],"id":241866788307041,"level":3,"parent":0,"text":"building '/Users/hetzner/obrador-shared-pins-20260909/round-3-baseline/chain-round-1-jobs-8/store/mvmwrnmixwj9qp94k8yk6922758b9ijx-leaf-31.drv.drv'","type":105}
@nix {"action":"result","fields":[92,94,1,0],"id":241866788306946,"type":105}
@nix {"action":"result","fields":[0,0,0,0],"id":241866788306947,"type":105}
@nix {"action":"result","fields":[101,0],"id":241866788306945,"type":106}
@nix {"action":"result","fields":[100,0],"id":241866788306945,"type":106}
@nix {"action":"result","fields":[93,95,0,0],"id":241866788306946,"type":105}
@nix {"action":"result","fields":[0,0,0,0],"id":241866788306947,"type":105}
@nix {"action":"result","fields":[101,0],"id":241866788306945,"type":106}
@nix {"action":"result","fields":[100,0],"id":241866788306945,"type":106}
@nix {"action":"stop","id":241866788307041}
@nix {"action":"result","fields":[94,95,0,0],"id":241866788306946,"type":105}
@nix {"action":"result","fields":[0,0,0,0],"id":241866788306947,"type":105}
@nix {"action":"result","fields":[101,0],"id":241866788306945,"type":106}
@nix {"action":"result","fields":[100,0],"id":241866788306945,"type":106}
@nix {"action":"stop","id":241866788307040}
@nix {"action":"result","fields":[94,95,0,0],"id":241866788306946,"type":105}
@nix {"action":"result","fields":[0,0,0,0],"id":241866788306947,"type":105}
@nix {"action":"result","fields":[101,0],"id":241866788306945,"type":106}
@nix {"action":"result","fields":[100,0],"id":241866788306945,"type":106}
@nix {"action":"start","fields":["/Users/hetzner/obrador-shared-pins-20260909/round-3-baseline/chain-round-1-jobs-8/store/6jkxpfn3krxk981sqsrqzs85fcnsggcb-leaf-31.drv","",1,1],"id":241866788307042,"level":3,"parent":0,"text":"building '/Users/hetzner/obrador-shared-pins-20260909/round-3-baseline/chain-round-1-jobs-8/store/6jkxpfn3krxk981sqsrqzs85fcnsggcb-leaf-31.drv'","type":105}
@nix {"action":"result","fields":[94,95,1,0],"id":241866788306946,"type":105}
@nix {"action":"result","fields":[0,0,0,0],"id":241866788306947,"type":105}
@nix {"action":"result","fields":[101,0],"id":241866788306945,"type":106}
@nix {"action":"result","fields":[100,0],"id":241866788306945,"type":106}
@nix {"action":"result","fields":[95,96,0,0],"id":241866788306946,"type":105}
@nix {"action":"result","fields":[0,0,0,0],"id":241866788306947,"type":105}
@nix {"action":"result","fields":[101,0],"id":241866788306945,"type":106}
@nix {"action":"result","fields":[100,0],"id":241866788306945,"type":106}
@nix {"action":"stop","id":241866788307042}
@nix {"action":"stop","id":241866788306947}
@nix {"action":"stop","id":241866788306946}
@nix {"action":"stop","id":241866788306945}
