@nix {"action":"start","id":237451561926656,"level":6,"parent":0,"text":"querying info about missing paths","type":0}
@nix {"action":"msg","level":1,"msg":"\u001b[35;1mwarning:\u001b[0m Ignoring dynamic derivation /Users/hetzner/obrador-shared-pins-20260909/round-2-after/chain-round-1-jobs-8/store/hcp0s0vjnhk3586pvn8bz90vpk012mf8-leaf-31.drv.drv^out while querying missing paths; not yet implemented"}
@nix {"action":"stop","id":237451561926656}
@nix {"action":"start","id":237451561926657,"level":0,"parent":0,"text":"","type":102}
@nix {"action":"start","id":237451561926658,"level":0,"parent":0,"text":"","type":104}
@nix {"action":"start","id":237451561926659,"level":0,"parent":0,"text":"","type":103}
@nix {"action":"result","fields":[0,0,0,0],"id":237451561926658,"type":105}
@nix {"action":"result","fields":[0,0,0,0],"id":237451561926659,"type":105}
@nix {"action":"result","fields":[101,0],"id":237451561926657,"type":106}
@nix {"action":"result","fields":[100,0],"id":237451561926657,"type":106}
@nix {"action":"result","fields":[0,0,0,0],"id":237451561926658,"type":105}
@nix {"action":"result","fields":[0,0,0,0],"id":237451561926659,"type":105}
@nix {"action":"result","fields":[101,0],"id":237451561926657,"type":106}
@nix {"action":"result","fields":[100,0],"id":237451561926657,"type":106}
@nix {"action":"result","fields":[0,1,0,0],"id":237451561926658,"type":105}
@nix {"action":"result","fields":[0,0,0,0],"id":237451561926659,"type":105}
@nix {"action":"result","fields":[101,0],"id":237451561926657,"type":106}
@nix {"action":"result","fields":[100,0],"id":237451561926657,"type":106}
@nix {"action":"result","fields":[0,1,0,0],"id":237451561926658,"type":105}
@nix {"action":"result","fields":[0,0,0,0],"id":237451561926659,"type":105}
@nix {"action":"result","fields":[101,0],"id":237451561926657,"type":106}
@nix {"action":"result","fields":[100,0],"id":237451561926657,"type":106}
@nix {"action":"result","fields":[0,1,0,0],"id":237451561926658,"type":105}
@nix {"action":"result","fields":[0,0,0,0],"id":237451561926659,"type":105}
@nix {"action":"result","fields":[101,0],"id":237451561926657,"type":106}
@nix {"action":"result","fields":[100,0],"id":237451561926657,"type":106}
@nix {"action":"result","fields":[0,2,0,0],"id":237451561926658,"type":105}
@nix {"action":"result","fields":[0,0,0,0],"id":237451561926659,"type":105}
@nix {"action":"result","fields":[101,0],"id":237451561926657,"type":106}
@nix {"action":"result","fields":[100,0],"id":237451561926657,"type":106}
@nix {"action":"result","fields":[0,2,0,0],"id":237451561926658,"type":105}
@nix {"action":"result","fields":[0,0,0,0],"id":237451561926659,"type":105}
@nix {"action":"result","fields":[101,0],"id":237451561926657,"type":106}
@nix {"action":"result","fields":[100,0],"id":237451561926657,"type":106}
@nix {"action":"result","fields":[0,2,0,0],"id":237451561926658,"type":105}
@nix {"action":"result","fields":[0,0,0,0],"id":237451561926659,"type":105}
@nix {"action":"result","fields":[101,0],"id":237451561926657,"type":106}
@nix {"action":"result","fields":[100,0],"id":237451561926657,"type":106}
@nix {"action":"result","fields":[0,3,0,0],"id":237451561926658,"type":105}
@nix {"action":"result","fields":[0,0,0,0],"id":237451561926659,"type":105}
@nix {"action":"result","fields":[101,0],"id":237451561926657,"type":106}
@nix {"action":"result","fields":[100,0],"id":237451561926657,"type":106}
@nix {"action":"result","fields":[0,3,0,0],"id":237451561926658,"type":105}
@nix {"action":"result","fields":[0,0,0,0],"id":237451561926659,"type":105}
@nix {"action":"result","fields":[101,0],"id":237451561926657,"type":106}
@nix {"action":"result","fields":[100,0],"id":237451561926657,"type":106}
@nix {"action":"result","fields":[0,3,0,0],"id":237451561926658,"type":105}
@nix {"action":"result","fields":[0,0,0,0],"id":237451561926659,"type":105}
@nix {"action":"result","fields":[101,0],"id":237451561926657,"type":106}
@nix {"action":"result","fields":[100,0],"id":237451561926657,"type":106}
@nix {"action":"result","fields":[0,4,0,0],"id":237451561926658,"type":105}
@nix {"action":"result","fields":[0,0,0,0],"id":237451561926659,"type":105}
@nix {"action":"result","fields":[101,0],"id":237451561926657,"type":106}
@nix {"action":"result","fields":[100,0],"id":237451561926657,"type":106}
@nix {"action":"result","fields":[0,4,0,0],"id":237451561926658,"type":105}
@nix {"action":"result","fields":[0,0,0,0],"id":237451561926659,"type":105}
@nix {"action":"result","fields":[101,0],"id":237451561926657,"type":106}
@nix {"action":"result","fields":[100,0],"id":237451561926657,"type":106}
@nix {"action":"result","fields":[0,4,0,0],"id":237451561926658,"type":105}
@nix {"action":"result","fields":[0,0,0,0],"id":237451561926659,"type":105}
@nix {"action":"result","fields":[101,0],"id":237451561926657,"type":106}
@nix {"action":"result","fields":[100,0],"id":237451561926657,"type":106}
@nix {"action":"result","fields":[0,5,0,0],"id":237451561926658,"type":105}
@nix {"action":"result","fields":[0,0,0,0],"id":237451561926659,"type":105}
@nix {"action":"result","fields":[101,0],"id":237451561926657,"type":106}
@nix {"action":"result","fields":[100,0],"id":237451561926657,"type":106}
@nix {"action":"result","fields":[0,5,0,0],"id":237451561926658,"type":105}
@nix {"action":"result","fields":[0,0,0,0],"id":237451561926659,"type":105}
@nix {"action":"result","fields":[101,0],"id":237451561926657,"type":106}
@nix {"action":"result","fields":[100,0],"id":237451561926657,"type":106}
@nix {"action":"result","fields":[0,5,0,0],"id":237451561926658,"type":105}
@nix {"action":"result","fields":[0,0,0,0],"id":237451561926659,"type":105}
@nix {"action":"result","fields":[101,0],"id":237451561926657,"type":106}
@nix {"action":"result","fields":[100,0],"id":237451561926657,"type":106}
@nix {"action":"result","fields":[0,6,0,0],"id":237451561926658,"type":105}
@nix {"action":"result","fields":[0,0,0,0],"id":237451561926659,"type":105}
@nix {"action":"result","fields":[101,0],"id":237451561926657,"type":106}
@nix {"action":"result","fields":[100,0],"id":237451561926657,"type":106}
@nix {"action":"result","fields":[0,6,0,0],"id":237451561926658,"type":105}
@nix {"action":"result","fields":[0,0,0,0],"id":237451561926659,"type":105}
@nix {"action":"result","fields":[101,0],"id":237451561926657,"type":106}
@nix {"action":"result","fields":[100,0],"id":237451561926657,"type":106}
@nix {"action":"result","fields":[0,6,0,0],"id":237451561926658,"type":105}
@nix {"action":"result","fields":[0,0,0,0],"id":237451561926659,"type":105}
@nix {"action":"result","fields":[101,0],"id":237451561926657,"type":106}
@nix {"action":"result","fields":[100,0],"id":237451561926657,"type":106}
@nix {"action":"result","fields":[0,7,0,0],"id":237451561926658,"type":105}
@nix {"action":"result","fields":[0,0,0,0],"id":237451561926659,"type":105}
@nix {"action":"result","fields":[101,0],"id":237451561926657,"type":106}
@nix {"action":"result","fields":[100,0],"id":237451561926657,"type":106}
@nix {"action":"result","fields":[0,7,0,0],"id":237451561926658,"type":105}
@nix {"action":"result","fields":[0,0,0,0],"id":237451561926659,"type":105}
@nix {"action":"result","fields":[101,0],"id":237451561926657,"type":106}
@nix {"action":"result","fields":[100,0],"id":237451561926657,"type":106}
@nix {"action":"result","fields":[0,7,0,0],"id":237451561926658,"type":105}
@nix {"action":"result","fields":[0,0,0,0],"id":237451561926659,"type":105}
@nix {"action":"result","fields":[101,0],"id":237451561926657,"type":106}
@nix {"action":"result","fields":[100,0],"id":237451561926657,"type":106}
@nix {"action":"result","fields":[0,8,0,0],"id":237451561926658,"type":105}
@nix {"action":"result","fields":[0,0,0,0],"id":237451561926659,"type":105}
@nix {"action":"result","fields":[101,0],"id":237451561926657,"type":106}
@nix {"action":"result","fields":[100,0],"id":237451561926657,"type":106}
@nix {"action":"result","fields":[0,8,0,0],"id":237451561926658,"type":105}
@nix {"action":"result","fields":[0,0,0,0],"id":237451561926659,"type":105}
@nix {"action":"result","fields":[101,0],"id":237451561926657,"type":106}
@nix {"action":"result","fields":[100,0],"id":237451561926657,"type":106}
@nix {"action":"result","fields":[0,8,0,0],"id":237451561926658,"type":105}
@nix {"action":"result","fields":[0,0,0,0],"id":237451561926659,"type":105}
@nix {"action":"result","fields":[101,0],"id":237451561926657,"type":106}
@nix {"action":"result","fields":[100,0],"id":237451561926657,"type":106}
@nix {"action":"result","fields":[0,9,0,0],"id":237451561926658,"type":105}
@nix {"action":"result","fields":[0,0,0,0],"id":237451561926659,"type":105}
@nix {"action":"result","fields":[101,0],"id":237451561926657,"type":106}
@nix {"action":"result","fields":[100,0],"id":237451561926657,"type":106}
@nix {"action":"result","fields":[0,9,0,0],"id":237451561926658,"type":105}
@nix {"action":"result","fields":[0,0,0,0],"id":237451561926659,"type":105}
@nix {"action":"result","fields":[101,0],"id":237451561926657,"type":106}
@nix {"action":"result","fields":[100,0],"id":237451561926657,"type":106}
@nix {"action":"result","fields":[0,9,0,0],"id":237451561926658,"type":105}
@nix {"action":"result","fields":[0,0,0,0],"id":237451561926659,"type":105}
@nix {"action":"result","fields":[101,0],"id":237451561926657,"type":106}
@nix {"action":"result","fields":[100,0],"id":237451561926657,"type":106}
@nix {"action":"result","fields":[0,10,0,0],"id":237451561926658,"type":105}
@nix {"action":"result","fields":[0,0,0,0],"id":237451561926659,"type":105}
@nix {"action":"result","fields":[101,0],"id":237451561926657,"type":106}
@nix {"action":"result","fields":[100,0],"id":237451561926657,"type":106}
@nix {"action":"result","fields":[0,10,0,0],"id":237451561926658,"type":105}
@nix {"action":"result","fields":[0,0,0,0],"id":237451561926659,"type":105}
@nix {"action":"result","fields":[101,0],"id":237451561926657,"type":106}
@nix {"action":"result","fields":[100,0],"id":237451561926657,"type":106}
@nix {"action":"result","fields":[0,10,0,0],"id":237451561926658,"type":105}
@nix {"action":"result","fields":[0,0,0,0],"id":237451561926659,"type":105}
@nix {"action":"result","fields":[101,0],"id":237451561926657,"type":106}
@nix {"action":"result","fields":[100,0],"id":237451561926657,"type":106}
@nix {"action":"result","fields":[0,11,0,0],"id":237451561926658,"type":105}
@nix {"action":"result","fields":[0,0,0,0],"id":237451561926659,"type":105}
@nix {"action":"result","fields":[101,0],"id":237451561926657,"type":106}
@nix {"action":"result","fields":[100,0],"id":237451561926657,"type":106}
@nix {"action":"result","fields":[0,11,0,0],"id":237451561926658,"type":105}
@nix {"action":"result","fields":[0,0,0,0],"id":237451561926659,"type":105}
@nix {"action":"result","fields":[101,0],"id":237451561926657,"type":106}
@nix {"action":"result","fields":[100,0],"id":237451561926657,"type":106}
@nix {"action":"result","fields":[0,11,0,0],"id":237451561926658,"type":105}
@nix {"action":"result","fields":[0,0,0,0],"id":237451561926659,"type":105}
@nix {"action":"result","fields":[101,0],"id":237451561926657,"type":106}
@nix {"action":"result","fields":[100,0],"id":237451561926657,"type":106}
@nix {"action":"result","fields":[0,12,0,0],"id":237451561926658,"type":105}
@nix {"action":"result","fields":[0,0,0,0],"id":237451561926659,"type":105}
@nix {"action":"result","fields":[101,0],"id":237451561926657,"type":106}
@nix {"action":"result","fields":[100,0],"id":237451561926657,"type":106}
@nix {"action":"result","fields":[0,12,0,0],"id":237451561926658,"type":105}
@nix {"action":"result","fields":[0,0,0,0],"id":237451561926659,"type":105}
@nix {"action":"result","fields":[101,0],"id":237451561926657,"type":106}
@nix {"action":"result","fields":[100,0],"id":237451561926657,"type":106}
@nix {"action":"result","fields":[0,12,0,0],"id":237451561926658,"type":105}
@nix {"action":"result","fields":[0,0,0,0],"id":237451561926659,"type":105}
@nix {"action":"result","fields":[101,0],"id":237451561926657,"type":106}
@nix {"action":"result","fields":[100,0],"id":237451561926657,"type":106}
@nix {"action":"result","fields":[0,13,0,0],"id":237451561926658,"type":105}
@nix {"action":"result","fields":[0,0,0,0],"id":237451561926659,"type":105}
@nix {"action":"result","fields":[101,0],"id":237451561926657,"type":106}
@nix {"action":"result","fields":[100,0],"id":237451561926657,"type":106}
@nix {"action":"result","fields":[0,13,0,0],"id":237451561926658,"type":105}
@nix {"action":"result","fields":[0,0,0,0],"id":237451561926659,"type":105}
@nix {"action":"result","fields":[101,0],"id":237451561926657,"type":106}
@nix {"action":"result","fields":[100,0],"id":237451561926657,"type":106}
@nix {"action":"result","fields":[0,13,0,0],"id":237451561926658,"type":105}
@nix {"action":"result","fields":[0,0,0,0],"id":237451561926659,"type":105}
@nix {"action":"result","fields":[101,0],"id":237451561926657,"type":106}
@nix {"action":"result","fields":[100,0],"id":237451561926657,"type":106}
@nix {"action":"result","fields":[0,14,0,0],"id":237451561926658,"type":105}
@nix {"action":"result","fields":[0,0,0,0],"id":237451561926659,"type":105}
@nix {"action":"result","fields":[101,0],"id":237451561926657,"type":106}
@nix {"action":"result","fields":[100,0],"id":237451561926657,"type":106}
@nix {"action":"result","fields":[0,14,0,0],"id":237451561926658,"type":105}
@nix {"action":"result","fields":[0,0,0,0],"id":237451561926659,"type":105}
@nix {"action":"result","fields":[101,0],"id":237451561926657,"type":106}
@nix {"action":"result","fields":[100,0],"id":237451561926657,"type":106}
@nix {"action":"result","fields":[0,14,0,0],"id":237451561926658,"type":105}
@nix {"action":"result","fields":[0,0,0,0],"id":237451561926659,"type":105}
@nix {"action":"result","fields":[101,0],"id":237451561926657,"type":106}
@nix {"action":"result","fields":[100,0],"id":237451561926657,"type":106}
@nix {"action":"result","fields":[0,15,0,0],"id":237451561926658,"type":105}
@nix {"action":"result","fields":[0,0,0,0],"id":237451561926659,"type":105}
@nix {"action":"result","fields":[101,0],"id":237451561926657,"type":106}
@nix {"action":"result","fields":[100,0],"id":237451561926657,"type":106}
@nix {"action":"result","fields":[0,15,0,0],"id":237451561926658,"type":105}
@nix {"action":"result","fields":[0,0,0,0],"id":237451561926659,"type":105}
@nix {"action":"result","fields":[101,0],"id":237451561926657,"type":106}
@nix {"action":"result","fields":[100,0],"id":237451561926657,"type":106}
@nix {"action":"result","fields":[0,15,0,0],"id":237451561926658,"type":105}
@nix {"action":"result","fields":[0,0,0,0],"id":237451561926659,"type":105}
@nix {"action":"result","fields":[101,0],"id":237451561926657,"type":106}
@nix {"action":"result","fields":[100,0],"id":237451561926657,"type":106}
@nix {"action":"result","fields":[0,16,0,0],"id":237451561926658,"type":105}
@nix {"action":"result","fields":[0,0,0,0],"id":237451561926659,"type":105}
@nix {"action":"result","fields":[101,0],"id":237451561926657,"type":106}
@nix {"action":"result","fields":[100,0],"id":237451561926657,"type":106}
@nix {"action":"result","fields":[0,16,0,0],"id":237451561926658,"type":105}
@nix {"action":"result","fields":[0,0,0,0],"id":237451561926659,"type":105}
@nix {"action":"result","fields":[101,0],"id":237451561926657,"type":106}
@nix {"action":"result","fields":[100,0],"id":237451561926657,"type":106}
@nix {"action":"result","fields":[0,16,0,0],"id":237451561926658,"type":105}
@nix {"action":"result","fields":[0,0,0,0],"id":237451561926659,"type":105}
@nix {"action":"result","fields":[101,0],"id":237451561926657,"type":106}
@nix {"action":"result","fields":[100,0],"id":237451561926657,"type":106}
@nix {"action":"result","fields":[0,17,0,0],"id":237451561926658,"type":105}
@nix {"action":"result","fields":[0,0,0,0],"id":237451561926659,"type":105}
@nix {"action":"result","fields":[101,0],"id":237451561926657,"type":106}
@nix {"action":"result","fields":[100,0],"id":237451561926657,"type":106}
@nix {"action":"result","fields":[0,17,0,0],"id":237451561926658,"type":105}
@nix {"action":"result","fields":[0,0,0,0],"id":237451561926659,"type":105}
@nix {"action":"result","fields":[101,0],"id":237451561926657,"type":106}
@nix {"action":"result","fields":[100,0],"id":237451561926657,"type":106}
@nix {"action":"result","fields":[0,17,0,0],"id":237451561926658,"type":105}
@nix {"action":"result","fields":[0,0,0,0],"id":237451561926659,"type":105}
@nix {"action":"result","fields":[101,0],"id":237451561926657,"type":106}
@nix {"action":"result","fields":[100,0],"id":237451561926657,"type":106}
@nix {"action":"result","fields":[0,18,0,0],"id":237451561926658,"type":105}
@nix {"action":"result","fields":[0,0,0,0],"id":237451561926659,"type":105}
@nix {"action":"result","fields":[101,0],"id":237451561926657,"type":106}
@nix {"action":"result","fields":[100,0],"id":237451561926657,"type":106}
@nix {"action":"result","fields":[0,18,0,0],"id":237451561926658,"type":105}
@nix {"action":"result","fields":[0,0,0,0],"id":237451561926659,"type":105}
@nix {"action":"result","fields":[101,0],"id":237451561926657,"type":106}
@nix {"action":"result","fields":[100,0],"id":237451561926657,"type":106}
@nix {"action":"result","fields":[0,18,0,0],"id":237451561926658,"type":105}
@nix {"action":"result","fields":[0,0,0,0],"id":237451561926659,"type":105}
@nix {"action":"result","fields":[101,0],"id":237451561926657,"type":106}
@nix {"action":"result","fields":[100,0],"id":237451561926657,"type":106}
@nix {"action":"result","fields":[0,19,0,0],"id":237451561926658,"type":105}
@nix {"action":"result","fields":[0,0,0,0],"id":237451561926659,"type":105}
@nix {"action":"result","fields":[101,0],"id":237451561926657,"type":106}
@nix {"action":"result","fields":[100,0],"id":237451561926657,"type":106}
@nix {"action":"result","fields":[0,19,0,0],"id":237451561926658,"type":105}
@nix {"action":"result","fields":[0,0,0,0],"id":237451561926659,"type":105}
@nix {"action":"result","fields":[101,0],"id":237451561926657,"type":106}
@nix {"action":"result","fields":[100,0],"id":237451561926657,"type":106}
@nix {"action":"result","fields":[0,19,0,0],"id":237451561926658,"type":105}
@nix {"action":"result","fields":[0,0,0,0],"id":237451561926659,"type":105}
@nix {"action":"result","fields":[101,0],"id":237451561926657,"type":106}
@nix {"action":"result","fields":[100,0],"id":237451561926657,"type":106}
@nix {"action":"result","fields":[0,20,0,0],"id":237451561926658,"type":105}
@nix {"action":"result","fields":[0,0,0,0],"id":237451561926659,"type":105}
@nix {"action":"result","fields":[101,0],"id":237451561926657,"type":106}
@nix {"action":"result","fields":[100,0],"id":237451561926657,"type":106}
@nix {"action":"result","fields":[0,20,0,0],"id":237451561926658,"type":105}
@nix {"action":"result","fields":[0,0,0,0],"id":237451561926659,"type":105}
@nix {"action":"result","fields":[101,0],"id":237451561926657,"type":106}
@nix {"action":"result","fields":[100,0],"id":237451561926657,"type":106}
@nix {"action":"result","fields":[0,20,0,0],"id":237451561926658,"type":105}
@nix {"action":"result","fields":[0,0,0,0],"id":237451561926659,"type":105}
@nix {"action":"result","fields":[101,0],"id":237451561926657,"type":106}
@nix {"action":"result","fields":[100,0],"id":237451561926657,"type":106}
@nix {"action":"result","fields":[0,21,0,0],"id":237451561926658,"type":105}
@nix {"action":"result","fields":[0,0,0,0],"id":237451561926659,"type":105}
@nix {"action":"result","fields":[101,0],"id":237451561926657,"type":106}
@nix {"action":"result","fields":[100,0],"id":237451561926657,"type":106}
@nix {"action":"result","fields":[0,21,0,0],"id":237451561926658,"type":105}
@nix {"action":"result","fields":[0,0,0,0],"id":237451561926659,"type":105}
@nix {"action":"result","fields":[101,0],"id":237451561926657,"type":106}
@nix {"action":"result","fields":[100,0],"id":237451561926657,"type":106}
@nix {"action":"result","fields":[0,21,0,0],"id":237451561926658,"type":105}
@nix {"action":"result","fields":[0,0,0,0],"id":237451561926659,"type":105}
@nix {"action":"result","fields":[101,0],"id":237451561926657,"type":106}
@nix {"action":"result","fields":[100,0],"id":237451561926657,"type":106}
@nix {"action":"result","fields":[0,22,0,0],"id":237451561926658,"type":105}
@nix {"action":"result","fields":[0,0,0,0],"id":237451561926659,"type":105}
@nix {"action":"result","fields":[101,0],"id":237451561926657,"type":106}
@nix {"action":"result","fields":[100,0],"id":237451561926657,"type":106}
@nix {"action":"result","fields":[0,22,0,0],"id":237451561926658,"type":105}
@nix {"action":"result","fields":[0,0,0,0],"id":237451561926659,"type":105}
@nix {"action":"result","fields":[101,0],"id":237451561926657,"type":106}
@nix {"action":"result","fields":[100,0],"id":237451561926657,"type":106}
@nix {"action":"result","fields":[0,22,0,0],"id":237451561926658,"type":105}
@nix {"action":"result","fields":[0,0,0,0],"id":237451561926659,"type":105}
@nix {"action":"result","fields":[101,0],"id":237451561926657,"type":106}
@nix {"action":"result","fields":[100,0],"id":237451561926657,"type":106}
@nix {"action":"result","fields":[0,23,0,0],"id":237451561926658,"type":105}
@nix {"action":"result","fields":[0,0,0,0],"id":237451561926659,"type":105}
@nix {"action":"result","fields":[101,0],"id":237451561926657,"type":106}
@nix {"action":"result","fields":[100,0],"id":237451561926657,"type":106}
@nix {"action":"result","fields":[0,23,0,0],"id":237451561926658,"type":105}
@nix {"action":"result","fields":[0,0,0,0],"id":237451561926659,"type":105}
@nix {"action":"result","fields":[101,0],"id":237451561926657,"type":106}
@nix {"action":"result","fields":[100,0],"id":237451561926657,"type":106}
@nix {"action":"result","fields":[0,23,0,0],"id":237451561926658,"type":105}
@nix {"action":"result","fields":[0,0,0,0],"id":237451561926659,"type":105}
@nix {"action":"result","fields":[101,0],"id":237451561926657,"type":106}
@nix {"action":"result","fields":[100,0],"id":237451561926657,"type":106}
@nix {"action":"result","fields":[0,24,0,0],"id":237451561926658,"type":105}
@nix {"action":"result","fields":[0,0,0,0],"id":237451561926659,"type":105}
@nix {"action":"result","fields":[101,0],"id":237451561926657,"type":106}
@nix {"action":"result","fields":[100,0],"id":237451561926657,"type":106}
@nix {"action":"result","fields":[0,24,0,0],"id":237451561926658,"type":105}
@nix {"action":"result","fields":[0,0,0,0],"id":237451561926659,"type":105}
@nix {"action":"result","fields":[101,0],"id":237451561926657,"type":106}
@nix {"action":"result","fields":[100,0],"id":237451561926657,"type":106}
@nix {"action":"result","fields":[0,24,0,0],"id":237451561926658,"type":105}
@nix {"action":"result","fields":[0,0,0,0],"id":237451561926659,"type":105}
@nix {"action":"result","fields":[101,0],"id":237451561926657,"type":106}
@nix {"action":"result","fields":[100,0],"id":237451561926657,"type":106}
@nix {"action":"result","fields":[0,25,0,0],"id":237451561926658,"type":105}
@nix {"action":"result","fields":[0,0,0,0],"id":237451561926659,"type":105}
@nix {"action":"result","fields":[101,0],"id":237451561926657,"type":106}
@nix {"action":"result","fields":[100,0],"id":237451561926657,"type":106}
@nix {"action":"result","fields":[0,25,0,0],"id":237451561926658,"type":105}
@nix {"action":"result","fields":[0,0,0,0],"id":237451561926659,"type":105}
@nix {"action":"result","fields":[101,0],"id":237451561926657,"type":106}
@nix {"action":"result","fields":[100,0],"id":237451561926657,"type":106}
@nix {"action":"result","fields":[0,25,0,0],"id":237451561926658,"type":105}
@nix {"action":"result","fields":[0,0,0,0],"id":237451561926659,"type":105}
@nix {"action":"result","fields":[101,0],"id":237451561926657,"type":106}
@nix {"action":"result","fields":[100,0],"id":237451561926657,"type":106}
@nix {"action":"result","fields":[0,26,0,0],"id":237451561926658,"type":105}
@nix {"action":"result","fields":[0,0,0,0],"id":237451561926659,"type":105}
@nix {"action":"result","fields":[101,0],"id":237451561926657,"type":106}
@nix {"action":"result","fields":[100,0],"id":237451561926657,"type":106}
@nix {"action":"result","fields":[0,26,0,0],"id":237451561926658,"type":105}
@nix {"action":"result","fields":[0,0,0,0],"id":237451561926659,"type":105}
@nix {"action":"result","fields":[101,0],"id":237451561926657,"type":106}
@nix {"action":"result","fields":[100,0],"id":237451561926657,"type":106}
@nix {"action":"result","fields":[0,26,0,0],"id":237451561926658,"type":105}
@nix {"action":"result","fields":[0,0,0,0],"id":237451561926659,"type":105}
@nix {"action":"result","fields":[101,0],"id":237451561926657,"type":106}
@nix {"action":"result","fields":[100,0],"id":237451561926657,"type":106}
@nix {"action":"result","fields":[0,27,0,0],"id":237451561926658,"type":105}
@nix {"action":"result","fields":[0,0,0,0],"id":237451561926659,"type":105}
@nix {"action":"result","fields":[101,0],"id":237451561926657,"type":106}
@nix {"action":"result","fields":[100,0],"id":237451561926657,"type":106}
@nix {"action":"result","fields":[0,27,0,0],"id":237451561926658,"type":105}
@nix {"action":"result","fields":[0,0,0,0],"id":237451561926659,"type":105}
@nix {"action":"result","fields":[101,0],"id":237451561926657,"type":106}
@nix {"action":"result","fields":[100,0],"id":237451561926657,"type":106}
@nix {"action":"result","fields":[0,27,0,0],"id":237451561926658,"type":105}
@nix {"action":"result","fields":[0,0,0,0],"id":237451561926659,"type":105}
@nix {"action":"result","fields":[101,0],"id":237451561926657,"type":106}
@nix {"action":"result","fields":[100,0],"id":237451561926657,"type":106}
@nix {"action":"result","fields":[0,28,0,0],"id":237451561926658,"type":105}
@nix {"action":"result","fields":[0,0,0,0],"id":237451561926659,"type":105}
@nix {"action":"result","fields":[101,0],"id":237451561926657,"type":106}
@nix {"action":"result","fields":[100,0],"id":237451561926657,"type":106}
@nix {"action":"result","fields":[0,28,0,0],"id":237451561926658,"type":105}
@nix {"action":"result","fields":[0,0,0,0],"id":237451561926659,"type":105}
@nix {"action":"result","fields":[101,0],"id":237451561926657,"type":106}
@nix {"action":"result","fields":[100,0],"id":237451561926657,"type":106}
@nix {"action":"result","fields":[0,28,0,0],"id":237451561926658,"type":105}
@nix {"action":"result","fields":[0,0,0,0],"id":237451561926659,"type":105}
@nix {"action":"result","fields":[101,0],"id":237451561926657,"type":106}
@nix {"action":"result","fields":[100,0],"id":237451561926657,"type":106}
@nix {"action":"result","fields":[0,29,0,0],"id":237451561926658,"type":105}
@nix {"action":"result","fields":[0,0,0,0],"id":237451561926659,"type":105}
@nix {"action":"result","fields":[101,0],"id":237451561926657,"type":106}
@nix {"action":"result","fields":[100,0],"id":237451561926657,"type":106}
@nix {"action":"result","fields":[0,29,0,0],"id":237451561926658,"type":105}
@nix {"action":"result","fields":[0,0,0,0],"id":237451561926659,"type":105}
@nix {"action":"result","fields":[101,0],"id":237451561926657,"type":106}
@nix {"action":"result","fields":[100,0],"id":237451561926657,"type":106}
@nix {"action":"result","fields":[0,29,0,0],"id":237451561926658,"type":105}
@nix {"action":"result","fields":[0,0,0,0],"id":237451561926659,"type":105}
@nix {"action":"result","fields":[101,0],"id":237451561926657,"type":106}
@nix {"action":"result","fields":[100,0],"id":237451561926657,"type":106}
@nix {"action":"result","fields":[0,30,0,0],"id":237451561926658,"type":105}
@nix {"action":"result","fields":[0,0,0,0],"id":237451561926659,"type":105}
@nix {"action":"result","fields":[101,0],"id":237451561926657,"type":106}
@nix {"action":"result","fields":[100,0],"id":237451561926657,"type":106}
@nix {"action":"result","fields":[0,30,0,0],"id":237451561926658,"type":105}
@nix {"action":"result","fields":[0,0,0,0],"id":237451561926659,"type":105}
@nix {"action":"result","fields":[101,0],"id":237451561926657,"type":106}
@nix {"action":"result","fields":[100,0],"id":237451561926657,"type":106}
@nix {"action":"result","fields":[0,30,0,0],"id":237451561926658,"type":105}
@nix {"action":"result","fields":[0,0,0,0],"id":237451561926659,"type":105}
@nix {"action":"result","fields":[101,0],"id":237451561926657,"type":106}
@nix {"action":"result","fields":[100,0],"id":237451561926657,"type":106}
@nix {"action":"result","fields":[0,31,0,0],"id":237451561926658,"type":105}
@nix {"action":"result","fields":[0,0,0,0],"id":237451561926659,"type":105}
@nix {"action":"result","fields":[101,0],"id":237451561926657,"type":106}
@nix {"action":"result","fields":[100,0],"id":237451561926657,"type":106}
@nix {"action":"result","fields":[0,31,0,0],"id":237451561926658,"type":105}
@nix {"action":"result","fields":[0,0,0,0],"id":237451561926659,"type":105}
@nix {"action":"result","fields":[101,0],"id":237451561926657,"type":106}
@nix {"action":"result","fields":[100,0],"id":237451561926657,"type":106}
@nix {"action":"result","fields":[0,31,0,0],"id":237451561926658,"type":105}
@nix {"action":"result","fields":[0,0,0,0],"id":237451561926659,"type":105}
@nix {"action":"result","fields":[101,0],"id":237451561926657,"type":106}
@nix {"action":"result","fields":[100,0],"id":237451561926657,"type":106}
@nix {"action":"result","fields":[0,32,0,0],"id":237451561926658,"type":105}
@nix {"action":"result","fields":[0,0,0,0],"id":237451561926659,"type":105}
@nix {"action":"result","fields":[101,0],"id":237451561926657,"type":106}
@nix {"action":"result","fields":[100,0],"id":237451561926657,"type":106}
@nix {"action":"start","fields":["/Users/hetzner/obrador-shared-pins-20260909/round-2-after/chain-round-1-jobs-8/store/5im5ib9a57r70hpq4j7n0nrc6r1yfala-leaf-0.drv.drv","",1,1],"id":237451561926660,"level":3,"parent":0,"text":"building '/Users/hetzner/obrador-shared-pins-20260909/round-2-after/chain-round-1-jobs-8/store/5im5ib9a57r70hpq4j7n0nrc6r1yfala-leaf-0.drv.drv'","type":105}
@nix {"action":"result","fields":[0,32,1,0],"id":237451561926658,"type":105}
@nix {"action":"result","fields":[0,0,0,0],"id":237451561926659,"type":105}
@nix {"action":"result","fields":[101,0],"id":237451561926657,"type":106}
@nix {"action":"result","fields":[100,0],"id":237451561926657,"type":106}
@nix {"action":"result","fields":[1,33,0,0],"id":237451561926658,"type":105}
@nix {"action":"result","fields":[0,0,0,0],"id":237451561926659,"type":105}
@nix {"action":"result","fields":[101,0],"id":237451561926657,"type":106}
@nix {"action":"result","fields":[100,0],"id":237451561926657,"type":106}
@nix {"action":"stop","id":237451561926660}
@nix {"action":"result","fields":[1,33,0,0],"id":237451561926658,"type":105}
@nix {"action":"result","fields":[0,0,0,0],"id":237451561926659,"type":105}
@nix {"action":"result","fields":[101,0],"id":237451561926657,"type":106}
@nix {"action":"result","fields":[100,0],"id":237451561926657,"type":106}
@nix {"action":"start","fields":["/Users/hetzner/obrador-shared-pins-20260909/round-2-after/chain-round-1-jobs-8/store/ahplybh6zxb6jx6zsj7gkhmignjgdizm-leaf-0.drv","",1,1],"id":237451561926661,"level":3,"parent":0,"text":"building '/Users/hetzner/obrador-shared-pins-20260909/round-2-after/chain-round-1-jobs-8/store/ahplybh6zxb6jx6zsj7gkhmignjgdizm-leaf-0.drv'","type":105}
@nix {"action":"result","fields":[1,33,1,0],"id":237451561926658,"type":105}
@nix {"action":"result","fields":[0,0,0,0],"id":237451561926659,"type":105}
@nix {"action":"result","fields":[101,0],"id":237451561926657,"type":106}
@nix {"action":"result","fields":[100,0],"id":237451561926657,"type":106}
@nix {"action":"result","fields":[2,34,0,0],"id":237451561926658,"type":105}
@nix {"action":"result","fields":[0,0,0,0],"id":237451561926659,"type":105}
@nix {"action":"result","fields":[101,0],"id":237451561926657,"type":106}
@nix {"action":"result","fields":[100,0],"id":237451561926657,"type":106}
@nix {"action":"stop","id":237451561926661}
@nix {"action":"start","fields":["/Users/hetzner/obrador-shared-pins-20260909/round-2-after/chain-round-1-jobs-8/store/fsa203b54hc6m269g4q01wn6b3swjr7d-leaf-1.drv.drv","/Users/hetzner/obrador-shared-pins-20260909/round-2-after/chain-round-1-jobs-8/store/1jbc7rv07rdhbanpdf8i1cc30kb1a2il-leaf-1.drv.drv"],"id":237451561926662,"level":3,"parent":0,"text":"resolved derivation: '/Users/hetzner/obrador-shared-pins-20260909/round-2-after/chain-round-1-jobs-8/store/fsa203b54hc6m269g4q01wn6b3swjr7d-leaf-1.drv.drv' -> '/Users/hetzner/obrador-shared-pins-20260909/round-2-after/chain-round-1-jobs-8/store/1jbc7rv07rdhbanpdf8i1cc30kb1a2il-leaf-1.drv.drv'","type":111}
@nix {"action":"result","fields":[2,34,0,0],"id":237451561926658,"type":105}
@nix {"action":"result","fields":[0,0,0,0],"id":237451561926659,"type":105}
@nix {"action":"result","fields":[101,0],"id":237451561926657,"type":106}
@nix {"action":"result","fields":[100,0],"id":237451561926657,"type":106}
@nix {"action":"start","fields":["/Users/hetzner/obrador-shared-pins-20260909/round-2-after/chain-round-1-jobs-8/store/1jbc7rv07rdhbanpdf8i1cc30kb1a2il-leaf-1.drv.drv","",1,1],"id":237451561926663,"level":3,"parent":0,"text":"building '/Users/hetzner/obrador-shared-pins-20260909/round-2-after/chain-round-1-jobs-8/store/1jbc7rv07rdhbanpdf8i1cc30kb1a2il-leaf-1.drv.drv'","type":105}
@nix {"action":"result","fields":[2,34,1,0],"id":237451561926658,"type":105}
@nix {"action":"result","fields":[0,0,0,0],"id":237451561926659,"type":105}
@nix {"action":"result","fields":[101,0],"id":237451561926657,"type":106}
@nix {"action":"result","fields":[100,0],"id":237451561926657,"type":106}
@nix {"action":"result","fields":[3,35,0,0],"id":237451561926658,"type":105}
@nix {"action":"result","fields":[0,0,0,0],"id":237451561926659,"type":105}
@nix {"action":"result","fields":[101,0],"id":237451561926657,"type":106}
@nix {"action":"result","fields":[100,0],"id":237451561926657,"type":106}
@nix {"action":"stop","id":237451561926663}
@nix {"action":"result","fields":[4,35,0,0],"id":237451561926658,"type":105}
@nix {"action":"result","fields":[0,0,0,0],"id":237451561926659,"type":105}
@nix {"action":"result","fields":[101,0],"id":237451561926657,"type":106}
@nix {"action":"result","fields":[100,0],"id":237451561926657,"type":106}
@nix {"action":"stop","id":237451561926662}
@nix {"action":"result","fields":[4,35,0,0],"id":237451561926658,"type":105}
@nix {"action":"result","fields":[0,0,0,0],"id":237451561926659,"type":105}
@nix {"action":"result","fields":[101,0],"id":237451561926657,"type":106}
@nix {"action":"result","fields":[100,0],"id":237451561926657,"type":106}
@nix {"action":"start","fields":["/Users/hetzner/obrador-shared-pins-20260909/round-2-after/chain-round-1-jobs-8/store/cpzr0khzkyqrzy3bgkzd5zf52jwp9w0h-leaf-1.drv","",1,1],"id":237451561926664,"level":3,"parent":0,"text":"building '/Users/hetzner/obrador-shared-pins-20260909/round-2-after/chain-round-1-jobs-8/store/cpzr0khzkyqrzy3bgkzd5zf52jwp9w0h-leaf-1.drv'","type":105}
@nix {"action":"result","fields":[4,35,1,0],"id":237451561926658,"type":105}
@nix {"action":"result","fields":[0,0,0,0],"id":237451561926659,"type":105}
@nix {"action":"result","fields":[101,0],"id":237451561926657,"type":106}
@nix {"action":"result","fields":[100,0],"id":237451561926657,"type":106}
@nix {"action":"result","fields":[5,36,0,0],"id":237451561926658,"type":105}
@nix {"action":"result","fields":[0,0,0,0],"id":237451561926659,"type":105}
@nix {"action":"result","fields":[101,0],"id":237451561926657,"type":106}
@nix {"action":"result","fields":[100,0],"id":237451561926657,"type":106}
@nix {"action":"stop","id":237451561926664}
@nix {"action":"start","fields":["/Users/hetzner/obrador-shared-pins-20260909/round-2-after/chain-round-1-jobs-8/store/iwn0wh9jin3q8wpwr1a4b0n9x1gx40ff-leaf-2.drv.drv","/Users/hetzner/obrador-shared-pins-20260909/round-2-after/chain-round-1-jobs-8/store/ish8f0vlphj6s1l2yx7bqbk8zyll5mqi-leaf-2.drv.drv"],"id":237451561926665,"level":3,"parent":0,"text":"resolved derivation: '/Users/hetzner/obrador-shared-pins-20260909/round-2-after/chain-round-1-jobs-8/store/iwn0wh9jin3q8wpwr1a4b0n9x1gx40ff-leaf-2.drv.drv' -> '/Users/hetzner/obrador-shared-pins-20260909/round-2-after/chain-round-1-jobs-8/store/ish8f0vlphj6s1l2yx7bqbk8zyll5mqi-leaf-2.drv.drv'","type":111}
@nix {"action":"result","fields":[5,36,0,0],"id":237451561926658,"type":105}
@nix {"action":"result","fields":[0,0,0,0],"id":237451561926659,"type":105}
@nix {"action":"result","fields":[101,0],"id":237451561926657,"type":106}
@nix {"action":"result","fields":[100,0],"id":237451561926657,"type":106}
@nix {"action":"start","fields":["/Users/hetzner/obrador-shared-pins-20260909/round-2-after/chain-round-1-jobs-8/store/ish8f0vlphj6s1l2yx7bqbk8zyll5mqi-leaf-2.drv.drv","",1,1],"id":237451561926666,"level":3,"parent":0,"text":"building '/Users/hetzner/obrador-shared-pins-20260909/round-2-after/chain-round-1-jobs-8/store/ish8f0vlphj6s1l2yx7bqbk8zyll5mqi-leaf-2.drv.drv'","type":105}
@nix {"action":"result","fields":[5,36,1,0],"id":237451561926658,"type":105}
@nix {"action":"result","fields":[0,0,0,0],"id":237451561926659,"type":105}
@nix {"action":"result","fields":[101,0],"id":237451561926657,"type":106}
@nix {"action":"result","fields":[100,0],"id":237451561926657,"type":106}
@nix {"action":"result","fields":[6,37,0,0],"id":237451561926658,"type":105}
@nix {"action":"result","fields":[0,0,0,0],"id":237451561926659,"type":105}
@nix {"action":"result","fields":[101,0],"id":237451561926657,"type":106}
@nix {"action":"result","fields":[100,0],"id":237451561926657,"type":106}
@nix {"action":"stop","id":237451561926666}
@nix {"action":"result","fields":[7,37,0,0],"id":237451561926658,"type":105}
@nix {"action":"result","fields":[0,0,0,0],"id":237451561926659,"type":105}
@nix {"action":"result","fields":[101,0],"id":237451561926657,"type":106}
@nix {"action":"result","fields":[100,0],"id":237451561926657,"type":106}
@nix {"action":"stop","id":237451561926665}
@nix {"action":"result","fields":[7,37,0,0],"id":237451561926658,"type":105}
@nix {"action":"result","fields":[0,0,0,0],"id":237451561926659,"type":105}
@nix {"action":"result","fields":[101,0],"id":237451561926657,"type":106}
@nix {"action":"result","fields":[100,0],"id":237451561926657,"type":106}
@nix {"action":"start","fields":["/Users/hetzner/obrador-shared-pins-20260909/round-2-after/chain-round-1-jobs-8/store/xclmbwy3nsxxmvyj9ccf0xralzam6bsv-leaf-2.drv","",1,1],"id":237451561926667,"level":3,"parent":0,"text":"building '/Users/hetzner/obrador-shared-pins-20260909/round-2-after/chain-round-1-jobs-8/store/xclmbwy3nsxxmvyj9ccf0xralzam6bsv-leaf-2.drv'","type":105}
@nix {"action":"result","fields":[7,37,1,0],"id":237451561926658,"type":105}
@nix {"action":"result","fields":[0,0,0,0],"id":237451561926659,"type":105}
@nix {"action":"result","fields":[101,0],"id":237451561926657,"type":106}
@nix {"action":"result","fields":[100,0],"id":237451561926657,"type":106}
@nix {"action":"result","fields":[8,38,0,0],"id":237451561926658,"type":105}
@nix {"action":"result","fields":[0,0,0,0],"id":237451561926659,"type":105}
@nix {"action":"result","fields":[101,0],"id":237451561926657,"type":106}
@nix {"action":"result","fields":[100,0],"id":237451561926657,"type":106}
@nix {"action":"stop","id":237451561926667}
@nix {"action":"start","fields":["/Users/hetzner/obrador-shared-pins-20260909/round-2-after/chain-round-1-jobs-8/store/ndrw49mi2c4hmavls94yd40x1bj3zd2r-leaf-3.drv.drv","/Users/hetzner/obrador-shared-pins-20260909/round-2-after/chain-round-1-jobs-8/store/r9r0nwagnyzdyc0x1s8w84k4frhmh39v-leaf-3.drv.drv"],"id":237451561926668,"level":3,"parent":0,"text":"resolved derivation: '/Users/hetzner/obrador-shared-pins-20260909/round-2-after/chain-round-1-jobs-8/store/ndrw49mi2c4hmavls94yd40x1bj3zd2r-leaf-3.drv.drv' -> '/Users/hetzner/obrador-shared-pins-20260909/round-2-after/chain-round-1-jobs-8/store/r9r0nwagnyzdyc0x1s8w84k4frhmh39v-leaf-3.drv.drv'","type":111}
@nix {"action":"result","fields":[8,38,0,0],"id":237451561926658,"type":105}
@nix {"action":"result","fields":[0,0,0,0],"id":237451561926659,"type":105}
@nix {"action":"result","fields":[101,0],"id":237451561926657,"type":106}
@nix {"action":"result","fields":[100,0],"id":237451561926657,"type":106}
@nix {"action":"start","fields":["/Users/hetzner/obrador-shared-pins-20260909/round-2-after/chain-round-1-jobs-8/store/r9r0nwagnyzdyc0x1s8w84k4frhmh39v-leaf-3.drv.drv","",1,1],"id":237451561926669,"level":3,"parent":0,"text":"building '/Users/hetzner/obrador-shared-pins-20260909/round-2-after/chain-round-1-jobs-8/store/r9r0nwagnyzdyc0x1s8w84k4frhmh39v-leaf-3.drv.drv'","type":105}
@nix {"action":"result","fields":[8,38,1,0],"id":237451561926658,"type":105}
@nix {"action":"result","fields":[0,0,0,0],"id":237451561926659,"type":105}
@nix {"action":"result","fields":[101,0],"id":237451561926657,"type":106}
@nix {"action":"result","fields":[100,0],"id":237451561926657,"type":106}
@nix {"action":"result","fields":[9,39,0,0],"id":237451561926658,"type":105}
@nix {"action":"result","fields":[0,0,0,0],"id":237451561926659,"type":105}
@nix {"action":"result","fields":[101,0],"id":237451561926657,"type":106}
@nix {"action":"result","fields":[100,0],"id":237451561926657,"type":106}
@nix {"action":"stop","id":237451561926669}
@nix {"action":"result","fields":[10,39,0,0],"id":237451561926658,"type":105}
@nix {"action":"result","fields":[0,0,0,0],"id":237451561926659,"type":105}
@nix {"action":"result","fields":[101,0],"id":237451561926657,"type":106}
@nix {"action":"result","fields":[100,0],"id":237451561926657,"type":106}
@nix {"action":"stop","id":237451561926668}
@nix {"action":"result","fields":[10,39,0,0],"id":237451561926658,"type":105}
@nix {"action":"result","fields":[0,0,0,0],"id":237451561926659,"type":105}
@nix {"action":"result","fields":[101,0],"id":237451561926657,"type":106}
@nix {"action":"result","fields":[100,0],"id":237451561926657,"type":106}
@nix {"action":"start","fields":["/Users/hetzner/obrador-shared-pins-20260909/round-2-after/chain-round-1-jobs-8/store/5ymiijk4jax5az59jv2hshanjkmjpi4n-leaf-3.drv","",1,1],"id":237451561926670,"level":3,"parent":0,"text":"building '/Users/hetzner/obrador-shared-pins-20260909/round-2-after/chain-round-1-jobs-8/store/5ymiijk4jax5az59jv2hshanjkmjpi4n-leaf-3.drv'","type":105}
@nix {"action":"result","fields":[10,39,1,0],"id":237451561926658,"type":105}
@nix {"action":"result","fields":[0,0,0,0],"id":237451561926659,"type":105}
@nix {"action":"result","fields":[101,0],"id":237451561926657,"type":106}
@nix {"action":"result","fields":[100,0],"id":237451561926657,"type":106}
@nix {"action":"result","fields":[11,40,0,0],"id":237451561926658,"type":105}
@nix {"action":"result","fields":[0,0,0,0],"id":237451561926659,"type":105}
@nix {"action":"result","fields":[101,0],"id":237451561926657,"type":106}
@nix {"action":"result","fields":[100,0],"id":237451561926657,"type":106}
@nix {"action":"stop","id":237451561926670}
@nix {"action":"start","fields":["/Users/hetzner/obrador-shared-pins-20260909/round-2-after/chain-round-1-jobs-8/store/68571xghi4bxzyh0251561b5p0hga99s-leaf-4.drv.drv","/Users/hetzner/obrador-shared-pins-20260909/round-2-after/chain-round-1-jobs-8/store/94hj9wba1vdjvxhybsnjzs43kw8iqbqf-leaf-4.drv.drv"],"id":237451561926671,"level":3,"parent":0,"text":"resolved derivation: '/Users/hetzner/obrador-shared-pins-20260909/round-2-after/chain-round-1-jobs-8/store/68571xghi4bxzyh0251561b5p0hga99s-leaf-4.drv.drv' -> '/Users/hetzner/obrador-shared-pins-20260909/round-2-after/chain-round-1-jobs-8/store/94hj9wba1vdjvxhybsnjzs43kw8iqbqf-leaf-4.drv.drv'","type":111}
@nix {"action":"result","fields":[11,40,0,0],"id":237451561926658,"type":105}
@nix {"action":"result","fields":[0,0,0,0],"id":237451561926659,"type":105}
@nix {"action":"result","fields":[101,0],"id":237451561926657,"type":106}
@nix {"action":"result","fields":[100,0],"id":237451561926657,"type":106}
@nix {"action":"start","fields":["/Users/hetzner/obrador-shared-pins-20260909/round-2-after/chain-round-1-jobs-8/store/94hj9wba1vdjvxhybsnjzs43kw8iqbqf-leaf-4.drv.drv","",1,1],"id":237451561926672,"level":3,"parent":0,"text":"building '/Users/hetzner/obrador-shared-pins-20260909/round-2-after/chain-round-1-jobs-8/store/94hj9wba1vdjvxhybsnjzs43kw8iqbqf-leaf-4.drv.drv'","type":105}
@nix {"action":"result","fields":[11,40,1,0],"id":237451561926658,"type":105}
@nix {"action":"result","fields":[0,0,0,0],"id":237451561926659,"type":105}
@nix {"action":"result","fields":[101,0],"id":237451561926657,"type":106}
@nix {"action":"result","fields":[100,0],"id":237451561926657,"type":106}
@nix {"action":"result","fields":[12,41,0,0],"id":237451561926658,"type":105}
@nix {"action":"result","fields":[0,0,0,0],"id":237451561926659,"type":105}
@nix {"action":"result","fields":[101,0],"id":237451561926657,"type":106}
@nix {"action":"result","fields":[100,0],"id":237451561926657,"type":106}
@nix {"action":"stop","id":237451561926672}
@nix {"action":"result","fields":[13,41,0,0],"id":237451561926658,"type":105}
@nix {"action":"result","fields":[0,0,0,0],"id":237451561926659,"type":105}
@nix {"action":"result","fields":[101,0],"id":237451561926657,"type":106}
@nix {"action":"result","fields":[100,0],"id":237451561926657,"type":106}
@nix {"action":"stop","id":237451561926671}
@nix {"action":"result","fields":[13,41,0,0],"id":237451561926658,"type":105}
@nix {"action":"result","fields":[0,0,0,0],"id":237451561926659,"type":105}
@nix {"action":"result","fields":[101,0],"id":237451561926657,"type":106}
@nix {"action":"result","fields":[100,0],"id":237451561926657,"type":106}
@nix {"action":"start","fields":["/Users/hetzner/obrador-shared-pins-20260909/round-2-after/chain-round-1-jobs-8/store/s7gp67dqlvmqrbx7qgr7fd4s7mcmdchb-leaf-4.drv","",1,1],"id":237451561926673,"level":3,"parent":0,"text":"building '/Users/hetzner/obrador-shared-pins-20260909/round-2-after/chain-round-1-jobs-8/store/s7gp67dqlvmqrbx7qgr7fd4s7mcmdchb-leaf-4.drv'","type":105}
@nix {"action":"result","fields":[13,41,1,0],"id":237451561926658,"type":105}
@nix {"action":"result","fields":[0,0,0,0],"id":237451561926659,"type":105}
@nix {"action":"result","fields":[101,0],"id":237451561926657,"type":106}
@nix {"action":"result","fields":[100,0],"id":237451561926657,"type":106}
@nix {"action":"result","fields":[14,42,0,0],"id":237451561926658,"type":105}
@nix {"action":"result","fields":[0,0,0,0],"id":237451561926659,"type":105}
@nix {"action":"result","fields":[101,0],"id":237451561926657,"type":106}
@nix {"action":"result","fields":[100,0],"id":237451561926657,"type":106}
@nix {"action":"stop","id":237451561926673}
@nix {"action":"start","fields":["/Users/hetzner/obrador-shared-pins-20260909/round-2-after/chain-round-1-jobs-8/store/i19x9i3nhb9hl7881yy0cpz61jr2pzch-leaf-5.drv.drv","/Users/hetzner/obrador-shared-pins-20260909/round-2-after/chain-round-1-jobs-8/store/rbscawaxmgrc317hpqqxm6cr7j9qcxk8-leaf-5.drv.drv"],"id":237451561926674,"level":3,"parent":0,"text":"resolved derivation: '/Users/hetzner/obrador-shared-pins-20260909/round-2-after/chain-round-1-jobs-8/store/i19x9i3nhb9hl7881yy0cpz61jr2pzch-leaf-5.drv.drv' -> '/Users/hetzner/obrador-shared-pins-20260909/round-2-after/chain-round-1-jobs-8/store/rbscawaxmgrc317hpqqxm6cr7j9qcxk8-leaf-5.drv.drv'","type":111}
@nix {"action":"result","fields":[14,42,0,0],"id":237451561926658,"type":105}
@nix {"action":"result","fields":[0,0,0,0],"id":237451561926659,"type":105}
@nix {"action":"result","fields":[101,0],"id":237451561926657,"type":106}
@nix {"action":"result","fields":[100,0],"id":237451561926657,"type":106}
@nix {"action":"start","fields":["/Users/hetzner/obrador-shared-pins-20260909/round-2-after/chain-round-1-jobs-8/store/rbscawaxmgrc317hpqqxm6cr7j9qcxk8-leaf-5.drv.drv","",1,1],"id":237451561926675,"level":3,"parent":0,"text":"building '/Users/hetzner/obrador-shared-pins-20260909/round-2-after/chain-round-1-jobs-8/store/rbscawaxmgrc317hpqqxm6cr7j9qcxk8-leaf-5.drv.drv'","type":105}
@nix {"action":"result","fields":[14,42,1,0],"id":237451561926658,"type":105}
@nix {"action":"result","fields":[0,0,0,0],"id":237451561926659,"type":105}
@nix {"action":"result","fields":[101,0],"id":237451561926657,"type":106}
@nix {"action":"result","fields":[100,0],"id":237451561926657,"type":106}
@nix {"action":"result","fields":[15,43,0,0],"id":237451561926658,"type":105}
@nix {"action":"result","fields":[0,0,0,0],"id":237451561926659,"type":105}
@nix {"action":"result","fields":[101,0],"id":237451561926657,"type":106}
@nix {"action":"result","fields":[100,0],"id":237451561926657,"type":106}
@nix {"action":"stop","id":237451561926675}
@nix {"action":"result","fields":[16,43,0,0],"id":237451561926658,"type":105}
@nix {"action":"result","fields":[0,0,0,0],"id":237451561926659,"type":105}
@nix {"action":"result","fields":[101,0],"id":237451561926657,"type":106}
@nix {"action":"result","fields":[100,0],"id":237451561926657,"type":106}
@nix {"action":"stop","id":237451561926674}
@nix {"action":"result","fields":[16,43,0,0],"id":237451561926658,"type":105}
@nix {"action":"result","fields":[0,0,0,0],"id":237451561926659,"type":105}
@nix {"action":"result","fields":[101,0],"id":237451561926657,"type":106}
@nix {"action":"result","fields":[100,0],"id":237451561926657,"type":106}
@nix {"action":"start","fields":["/Users/hetzner/obrador-shared-pins-20260909/round-2-after/chain-round-1-jobs-8/store/la2sqhs7c2aqknrq59lj05smixiqs5z3-leaf-5.drv","",1,1],"id":237451561926676,"level":3,"parent":0,"text":"building '/Users/hetzner/obrador-shared-pins-20260909/round-2-after/chain-round-1-jobs-8/store/la2sqhs7c2aqknrq59lj05smixiqs5z3-leaf-5.drv'","type":105}
@nix {"action":"result","fields":[16,43,1,0],"id":237451561926658,"type":105}
@nix {"action":"result","fields":[0,0,0,0],"id":237451561926659,"type":105}
@nix {"action":"result","fields":[101,0],"id":237451561926657,"type":106}
@nix {"action":"result","fields":[100,0],"id":237451561926657,"type":106}
@nix {"action":"result","fields":[17,44,0,0],"id":237451561926658,"type":105}
@nix {"action":"result","fields":[0,0,0,0],"id":237451561926659,"type":105}
@nix {"action":"result","fields":[101,0],"id":237451561926657,"type":106}
@nix {"action":"result","fields":[100,0],"id":237451561926657,"type":106}
@nix {"action":"stop","id":237451561926676}
@nix {"action":"start","fields":["/Users/hetzner/obrador-shared-pins-20260909/round-2-after/chain-round-1-jobs-8/store/a4yfm11ic2hpi2rbckwb2f9lhmpvkcdw-leaf-6.drv.drv","/Users/hetzner/obrador-shared-pins-20260909/round-2-after/chain-round-1-jobs-8/store/37nrqxq0fbr64dfmd401cjh23kpryrx7-leaf-6.drv.drv"],"id":237451561926677,"level":3,"parent":0,"text":"resolved derivation: '/Users/hetzner/obrador-shared-pins-20260909/round-2-after/chain-round-1-jobs-8/store/a4yfm11ic2hpi2rbckwb2f9lhmpvkcdw-leaf-6.drv.drv' -> '/Users/hetzner/obrador-shared-pins-20260909/round-2-after/chain-round-1-jobs-8/store/37nrqxq0fbr64dfmd401cjh23kpryrx7-leaf-6.drv.drv'","type":111}
@nix {"action":"result","fields":[17,44,0,0],"id":237451561926658,"type":105}
@nix {"action":"result","fields":[0,0,0,0],"id":237451561926659,"type":105}
@nix {"action":"result","fields":[101,0],"id":237451561926657,"type":106}
@nix {"action":"result","fields":[100,0],"id":237451561926657,"type":106}
@nix {"action":"start","fields":["/Users/hetzner/obrador-shared-pins-20260909/round-2-after/chain-round-1-jobs-8/store/37nrqxq0fbr64dfmd401cjh23kpryrx7-leaf-6.drv.drv","",1,1],"id":237451561926678,"level":3,"parent":0,"text":"building '/Users/hetzner/obrador-shared-pins-20260909/round-2-after/chain-round-1-jobs-8/store/37nrqxq0fbr64dfmd401cjh23kpryrx7-leaf-6.drv.drv'","type":105}
@nix {"action":"result","fields":[17,44,1,0],"id":237451561926658,"type":105}
@nix {"action":"result","fields":[0,0,0,0],"id":237451561926659,"type":105}
@nix {"action":"result","fields":[101,0],"id":237451561926657,"type":106}
@nix {"action":"result","fields":[100,0],"id":237451561926657,"type":106}
@nix {"action":"result","fields":[18,45,0,0],"id":237451561926658,"type":105}
@nix {"action":"result","fields":[0,0,0,0],"id":237451561926659,"type":105}
@nix {"action":"result","fields":[101,0],"id":237451561926657,"type":106}
@nix {"action":"result","fields":[100,0],"id":237451561926657,"type":106}
@nix {"action":"stop","id":237451561926678}
@nix {"action":"result","fields":[19,45,0,0],"id":237451561926658,"type":105}
@nix {"action":"result","fields":[0,0,0,0],"id":237451561926659,"type":105}
@nix {"action":"result","fields":[101,0],"id":237451561926657,"type":106}
@nix {"action":"result","fields":[100,0],"id":237451561926657,"type":106}
@nix {"action":"stop","id":237451561926677}
@nix {"action":"result","fields":[19,45,0,0],"id":237451561926658,"type":105}
@nix {"action":"result","fields":[0,0,0,0],"id":237451561926659,"type":105}
@nix {"action":"result","fields":[101,0],"id":237451561926657,"type":106}
@nix {"action":"result","fields":[100,0],"id":237451561926657,"type":106}
@nix {"action":"start","fields":["/Users/hetzner/obrador-shared-pins-20260909/round-2-after/chain-round-1-jobs-8/store/ic3wqnip0c46cl5xrwxh5g2lkslhlwjc-leaf-6.drv","",1,1],"id":237451561926679,"level":3,"parent":0,"text":"building '/Users/hetzner/obrador-shared-pins-20260909/round-2-after/chain-round-1-jobs-8/store/ic3wqnip0c46cl5xrwxh5g2lkslhlwjc-leaf-6.drv'","type":105}
@nix {"action":"result","fields":[19,45,1,0],"id":237451561926658,"type":105}
@nix {"action":"result","fields":[0,0,0,0],"id":237451561926659,"type":105}
@nix {"action":"result","fields":[101,0],"id":237451561926657,"type":106}
@nix {"action":"result","fields":[100,0],"id":237451561926657,"type":106}
@nix {"action":"result","fields":[20,46,0,0],"id":237451561926658,"type":105}
@nix {"action":"result","fields":[0,0,0,0],"id":237451561926659,"type":105}
@nix {"action":"result","fields":[101,0],"id":237451561926657,"type":106}
@nix {"action":"result","fields":[100,0],"id":237451561926657,"type":106}
@nix {"action":"stop","id":237451561926679}
@nix {"action":"start","fields":["/Users/hetzner/obrador-shared-pins-20260909/round-2-after/chain-round-1-jobs-8/store/3lh2wd5ddn0mj55hi67s2gzcp8bsakbl-leaf-7.drv.drv","/Users/hetzner/obrador-shared-pins-20260909/round-2-after/chain-round-1-jobs-8/store/j6v60gzylpnqyvggj10fly9h4vgixxi9-leaf-7.drv.drv"],"id":237451561926680,"level":3,"parent":0,"text":"resolved derivation: '/Users/hetzner/obrador-shared-pins-20260909/round-2-after/chain-round-1-jobs-8/store/3lh2wd5ddn0mj55hi67s2gzcp8bsakbl-leaf-7.drv.drv' -> '/Users/hetzner/obrador-shared-pins-20260909/round-2-after/chain-round-1-jobs-8/store/j6v60gzylpnqyvggj10fly9h4vgixxi9-leaf-7.drv.drv'","type":111}
@nix {"action":"result","fields":[20,46,0,0],"id":237451561926658,"type":105}
@nix {"action":"result","fields":[0,0,0,0],"id":237451561926659,"type":105}
@nix {"action":"result","fields":[101,0],"id":237451561926657,"type":106}
@nix {"action":"result","fields":[100,0],"id":237451561926657,"type":106}
@nix {"action":"start","fields":["/Users/hetzner/obrador-shared-pins-20260909/round-2-after/chain-round-1-jobs-8/store/j6v60gzylpnqyvggj10fly9h4vgixxi9-leaf-7.drv.drv","",1,1],"id":237451561926681,"level":3,"parent":0,"text":"building '/Users/hetzner/obrador-shared-pins-20260909/round-2-after/chain-round-1-jobs-8/store/j6v60gzylpnqyvggj10fly9h4vgixxi9-leaf-7.drv.drv'","type":105}
@nix {"action":"result","fields":[20,46,1,0],"id":237451561926658,"type":105}
@nix {"action":"result","fields":[0,0,0,0],"id":237451561926659,"type":105}
@nix {"action":"result","fields":[101,0],"id":237451561926657,"type":106}
@nix {"action":"result","fields":[100,0],"id":237451561926657,"type":106}
@nix {"action":"result","fields":[21,47,0,0],"id":237451561926658,"type":105}
@nix {"action":"result","fields":[0,0,0,0],"id":237451561926659,"type":105}
@nix {"action":"result","fields":[101,0],"id":237451561926657,"type":106}
@nix {"action":"result","fields":[100,0],"id":237451561926657,"type":106}
@nix {"action":"stop","id":237451561926681}
@nix {"action":"result","fields":[22,47,0,0],"id":237451561926658,"type":105}
@nix {"action":"result","fields":[0,0,0,0],"id":237451561926659,"type":105}
@nix {"action":"result","fields":[101,0],"id":237451561926657,"type":106}
@nix {"action":"result","fields":[100,0],"id":237451561926657,"type":106}
@nix {"action":"stop","id":237451561926680}
@nix {"action":"result","fields":[22,47,0,0],"id":237451561926658,"type":105}
@nix {"action":"result","fields":[0,0,0,0],"id":237451561926659,"type":105}
@nix {"action":"result","fields":[101,0],"id":237451561926657,"type":106}
@nix {"action":"result","fields":[100,0],"id":237451561926657,"type":106}
@nix {"action":"start","fields":["/Users/hetzner/obrador-shared-pins-20260909/round-2-after/chain-round-1-jobs-8/store/slnrfl5l1qxh4pnbisyr82z72j4gs47h-leaf-7.drv","",1,1],"id":237451561926682,"level":3,"parent":0,"text":"building '/Users/hetzner/obrador-shared-pins-20260909/round-2-after/chain-round-1-jobs-8/store/slnrfl5l1qxh4pnbisyr82z72j4gs47h-leaf-7.drv'","type":105}
@nix {"action":"result","fields":[22,47,1,0],"id":237451561926658,"type":105}
@nix {"action":"result","fields":[0,0,0,0],"id":237451561926659,"type":105}
@nix {"action":"result","fields":[101,0],"id":237451561926657,"type":106}
@nix {"action":"result","fields":[100,0],"id":237451561926657,"type":106}
@nix {"action":"result","fields":[23,48,0,0],"id":237451561926658,"type":105}
@nix {"action":"result","fields":[0,0,0,0],"id":237451561926659,"type":105}
@nix {"action":"result","fields":[101,0],"id":237451561926657,"type":106}
@nix {"action":"result","fields":[100,0],"id":237451561926657,"type":106}
@nix {"action":"stop","id":237451561926682}
@nix {"action":"start","fields":["/Users/hetzner/obrador-shared-pins-20260909/round-2-after/chain-round-1-jobs-8/store/ag1xcc7nlmh8gkbrvb8f04r64jw0vx2x-leaf-8.drv.drv","/Users/hetzner/obrador-shared-pins-20260909/round-2-after/chain-round-1-jobs-8/store/dxfid2csg85ahsjxvpim2kl8jfd3gvi2-leaf-8.drv.drv"],"id":237451561926683,"level":3,"parent":0,"text":"resolved derivation: '/Users/hetzner/obrador-shared-pins-20260909/round-2-after/chain-round-1-jobs-8/store/ag1xcc7nlmh8gkbrvb8f04r64jw0vx2x-leaf-8.drv.drv' -> '/Users/hetzner/obrador-shared-pins-20260909/round-2-after/chain-round-1-jobs-8/store/dxfid2csg85ahsjxvpim2kl8jfd3gvi2-leaf-8.drv.drv'","type":111}
@nix {"action":"result","fields":[23,48,0,0],"id":237451561926658,"type":105}
@nix {"action":"result","fields":[0,0,0,0],"id":237451561926659,"type":105}
@nix {"action":"result","fields":[101,0],"id":237451561926657,"type":106}
@nix {"action":"result","fields":[100,0],"id":237451561926657,"type":106}
@nix {"action":"start","fields":["/Users/hetzner/obrador-shared-pins-20260909/round-2-after/chain-round-1-jobs-8/store/dxfid2csg85ahsjxvpim2kl8jfd3gvi2-leaf-8.drv.drv","",1,1],"id":237451561926684,"level":3,"parent":0,"text":"building '/Users/hetzner/obrador-shared-pins-20260909/round-2-after/chain-round-1-jobs-8/store/dxfid2csg85ahsjxvpim2kl8jfd3gvi2-leaf-8.drv.drv'","type":105}
@nix {"action":"result","fields":[23,48,1,0],"id":237451561926658,"type":105}
@nix {"action":"result","fields":[0,0,0,0],"id":237451561926659,"type":105}
@nix {"action":"result","fields":[101,0],"id":237451561926657,"type":106}
@nix {"action":"result","fields":[100,0],"id":237451561926657,"type":106}
@nix {"action":"result","fields":[24,49,0,0],"id":237451561926658,"type":105}
@nix {"action":"result","fields":[0,0,0,0],"id":237451561926659,"type":105}
@nix {"action":"result","fields":[101,0],"id":237451561926657,"type":106}
@nix {"action":"result","fields":[100,0],"id":237451561926657,"type":106}
@nix {"action":"stop","id":237451561926684}
@nix {"action":"result","fields":[25,49,0,0],"id":237451561926658,"type":105}
@nix {"action":"result","fields":[0,0,0,0],"id":237451561926659,"type":105}
@nix {"action":"result","fields":[101,0],"id":237451561926657,"type":106}
@nix {"action":"result","fields":[100,0],"id":237451561926657,"type":106}
@nix {"action":"stop","id":237451561926683}
@nix {"action":"result","fields":[25,49,0,0],"id":237451561926658,"type":105}
@nix {"action":"result","fields":[0,0,0,0],"id":237451561926659,"type":105}
@nix {"action":"result","fields":[101,0],"id":237451561926657,"type":106}
@nix {"action":"result","fields":[100,0],"id":237451561926657,"type":106}
@nix {"action":"start","fields":["/Users/hetzner/obrador-shared-pins-20260909/round-2-after/chain-round-1-jobs-8/store/icv2d1bm3lhnradw85vacyv20lqifak6-leaf-8.drv","",1,1],"id":237451561926685,"level":3,"parent":0,"text":"building '/Users/hetzner/obrador-shared-pins-20260909/round-2-after/chain-round-1-jobs-8/store/icv2d1bm3lhnradw85vacyv20lqifak6-leaf-8.drv'","type":105}
@nix {"action":"result","fields":[25,49,1,0],"id":237451561926658,"type":105}
@nix {"action":"result","fields":[0,0,0,0],"id":237451561926659,"type":105}
@nix {"action":"result","fields":[101,0],"id":237451561926657,"type":106}
@nix {"action":"result","fields":[100,0],"id":237451561926657,"type":106}
@nix {"action":"result","fields":[26,50,0,0],"id":237451561926658,"type":105}
@nix {"action":"result","fields":[0,0,0,0],"id":237451561926659,"type":105}
@nix {"action":"result","fields":[101,0],"id":237451561926657,"type":106}
@nix {"action":"result","fields":[100,0],"id":237451561926657,"type":106}
@nix {"action":"stop","id":237451561926685}
@nix {"action":"start","fields":["/Users/hetzner/obrador-shared-pins-20260909/round-2-after/chain-round-1-jobs-8/store/rmniaqpfk4lw7njrx1v0gq6hpykkh8pj-leaf-9.drv.drv","/Users/hetzner/obrador-shared-pins-20260909/round-2-after/chain-round-1-jobs-8/store/c1qhxmz6gphb5a90q18rlgd09x6aizd8-leaf-9.drv.drv"],"id":237451561926686,"level":3,"parent":0,"text":"resolved derivation: '/Users/hetzner/obrador-shared-pins-20260909/round-2-after/chain-round-1-jobs-8/store/rmniaqpfk4lw7njrx1v0gq6hpykkh8pj-leaf-9.drv.drv' -> '/Users/hetzner/obrador-shared-pins-20260909/round-2-after/chain-round-1-jobs-8/store/c1qhxmz6gphb5a90q18rlgd09x6aizd8-leaf-9.drv.drv'","type":111}
@nix {"action":"result","fields":[26,50,0,0],"id":237451561926658,"type":105}
@nix {"action":"result","fields":[0,0,0,0],"id":237451561926659,"type":105}
@nix {"action":"result","fields":[101,0],"id":237451561926657,"type":106}
@nix {"action":"result","fields":[100,0],"id":237451561926657,"type":106}
@nix {"action":"start","fields":["/Users/hetzner/obrador-shared-pins-20260909/round-2-after/chain-round-1-jobs-8/store/c1qhxmz6gphb5a90q18rlgd09x6aizd8-leaf-9.drv.drv","",1,1],"id":237451561926687,"level":3,"parent":0,"text":"building '/Users/hetzner/obrador-shared-pins-20260909/round-2-after/chain-round-1-jobs-8/store/c1qhxmz6gphb5a90q18rlgd09x6aizd8-leaf-9.drv.drv'","type":105}
@nix {"action":"result","fields":[26,50,1,0],"id":237451561926658,"type":105}
@nix {"action":"result","fields":[0,0,0,0],"id":237451561926659,"type":105}
@nix {"action":"result","fields":[101,0],"id":237451561926657,"type":106}
@nix {"action":"result","fields":[100,0],"id":237451561926657,"type":106}
@nix {"action":"result","fields":[27,51,0,0],"id":237451561926658,"type":105}
@nix {"action":"result","fields":[0,0,0,0],"id":237451561926659,"type":105}
@nix {"action":"result","fields":[101,0],"id":237451561926657,"type":106}
@nix {"action":"result","fields":[100,0],"id":237451561926657,"type":106}
@nix {"action":"stop","id":237451561926687}
@nix {"action":"result","fields":[28,51,0,0],"id":237451561926658,"type":105}
@nix {"action":"result","fields":[0,0,0,0],"id":237451561926659,"type":105}
@nix {"action":"result","fields":[101,0],"id":237451561926657,"type":106}
@nix {"action":"result","fields":[100,0],"id":237451561926657,"type":106}
@nix {"action":"stop","id":237451561926686}
@nix {"action":"result","fields":[28,51,0,0],"id":237451561926658,"type":105}
@nix {"action":"result","fields":[0,0,0,0],"id":237451561926659,"type":105}
@nix {"action":"result","fields":[101,0],"id":237451561926657,"type":106}
@nix {"action":"result","fields":[100,0],"id":237451561926657,"type":106}
@nix {"action":"start","fields":["/Users/hetzner/obrador-shared-pins-20260909/round-2-after/chain-round-1-jobs-8/store/rd5xyw6l5mb20lcksj6lcsdabjbm9cbl-leaf-9.drv","",1,1],"id":237451561926688,"level":3,"parent":0,"text":"building '/Users/hetzner/obrador-shared-pins-20260909/round-2-after/chain-round-1-jobs-8/store/rd5xyw6l5mb20lcksj6lcsdabjbm9cbl-leaf-9.drv'","type":105}
@nix {"action":"result","fields":[28,51,1,0],"id":237451561926658,"type":105}
@nix {"action":"result","fields":[0,0,0,0],"id":237451561926659,"type":105}
@nix {"action":"result","fields":[101,0],"id":237451561926657,"type":106}
@nix {"action":"result","fields":[100,0],"id":237451561926657,"type":106}
@nix {"action":"result","fields":[29,52,0,0],"id":237451561926658,"type":105}
@nix {"action":"result","fields":[0,0,0,0],"id":237451561926659,"type":105}
@nix {"action":"result","fields":[101,0],"id":237451561926657,"type":106}
@nix {"action":"result","fields":[100,0],"id":237451561926657,"type":106}
@nix {"action":"stop","id":237451561926688}
@nix {"action":"start","fields":["/Users/hetzner/obrador-shared-pins-20260909/round-2-after/chain-round-1-jobs-8/store/9ar3n2j78vz6g3rklkvigx8556plgvbj-leaf-10.drv.drv","/Users/hetzner/obrador-shared-pins-20260909/round-2-after/chain-round-1-jobs-8/store/a786q2c4y1s5v27fird7crlwsafp7nv2-leaf-10.drv.drv"],"id":237451561926689,"level":3,"parent":0,"text":"resolved derivation: '/Users/hetzner/obrador-shared-pins-20260909/round-2-after/chain-round-1-jobs-8/store/9ar3n2j78vz6g3rklkvigx8556plgvbj-leaf-10.drv.drv' -> '/Users/hetzner/obrador-shared-pins-20260909/round-2-after/chain-round-1-jobs-8/store/a786q2c4y1s5v27fird7crlwsafp7nv2-leaf-10.drv.drv'","type":111}
@nix {"action":"result","fields":[29,52,0,0],"id":237451561926658,"type":105}
@nix {"action":"result","fields":[0,0,0,0],"id":237451561926659,"type":105}
@nix {"action":"result","fields":[101,0],"id":237451561926657,"type":106}
@nix {"action":"result","fields":[100,0],"id":237451561926657,"type":106}
@nix {"action":"start","fields":["/Users/hetzner/obrador-shared-pins-20260909/round-2-after/chain-round-1-jobs-8/store/a786q2c4y1s5v27fird7crlwsafp7nv2-leaf-10.drv.drv","",1,1],"id":237451561926690,"level":3,"parent":0,"text":"building '/Users/hetzner/obrador-shared-pins-20260909/round-2-after/chain-round-1-jobs-8/store/a786q2c4y1s5v27fird7crlwsafp7nv2-leaf-10.drv.drv'","type":105}
@nix {"action":"result","fields":[29,52,1,0],"id":237451561926658,"type":105}
@nix {"action":"result","fields":[0,0,0,0],"id":237451561926659,"type":105}
@nix {"action":"result","fields":[101,0],"id":237451561926657,"type":106}
@nix {"action":"result","fields":[100,0],"id":237451561926657,"type":106}
@nix {"action":"result","fields":[30,53,0,0],"id":237451561926658,"type":105}
@nix {"action":"result","fields":[0,0,0,0],"id":237451561926659,"type":105}
@nix {"action":"result","fields":[101,0],"id":237451561926657,"type":106}
@nix {"action":"result","fields":[100,0],"id":237451561926657,"type":106}
@nix {"action":"stop","id":237451561926690}
@nix {"action":"result","fields":[31,53,0,0],"id":237451561926658,"type":105}
@nix {"action":"result","fields":[0,0,0,0],"id":237451561926659,"type":105}
@nix {"action":"result","fields":[101,0],"id":237451561926657,"type":106}
@nix {"action":"result","fields":[100,0],"id":237451561926657,"type":106}
@nix {"action":"stop","id":237451561926689}
@nix {"action":"result","fields":[31,53,0,0],"id":237451561926658,"type":105}
@nix {"action":"result","fields":[0,0,0,0],"id":237451561926659,"type":105}
@nix {"action":"result","fields":[101,0],"id":237451561926657,"type":106}
@nix {"action":"result","fields":[100,0],"id":237451561926657,"type":106}
@nix {"action":"start","fields":["/Users/hetzner/obrador-shared-pins-20260909/round-2-after/chain-round-1-jobs-8/store/19ayj505a9axsbpvpx4rc24rh0bsgi4f-leaf-10.drv","",1,1],"id":237451561926691,"level":3,"parent":0,"text":"building '/Users/hetzner/obrador-shared-pins-20260909/round-2-after/chain-round-1-jobs-8/store/19ayj505a9axsbpvpx4rc24rh0bsgi4f-leaf-10.drv'","type":105}
@nix {"action":"result","fields":[31,53,1,0],"id":237451561926658,"type":105}
@nix {"action":"result","fields":[0,0,0,0],"id":237451561926659,"type":105}
@nix {"action":"result","fields":[101,0],"id":237451561926657,"type":106}
@nix {"action":"result","fields":[100,0],"id":237451561926657,"type":106}
@nix {"action":"result","fields":[32,54,0,0],"id":237451561926658,"type":105}
@nix {"action":"result","fields":[0,0,0,0],"id":237451561926659,"type":105}
@nix {"action":"result","fields":[101,0],"id":237451561926657,"type":106}
@nix {"action":"result","fields":[100,0],"id":237451561926657,"type":106}
@nix {"action":"stop","id":237451561926691}
@nix {"action":"start","fields":["/Users/hetzner/obrador-shared-pins-20260909/round-2-after/chain-round-1-jobs-8/store/svrqdd4fvwsxwak18nnwbqr65q1rkavz-leaf-11.drv.drv","/Users/hetzner/obrador-shared-pins-20260909/round-2-after/chain-round-1-jobs-8/store/mrmmmw84a49hnimbxawjga8gd0q8nran-leaf-11.drv.drv"],"id":237451561926692,"level":3,"parent":0,"text":"resolved derivation: '/Users/hetzner/obrador-shared-pins-20260909/round-2-after/chain-round-1-jobs-8/store/svrqdd4fvwsxwak18nnwbqr65q1rkavz-leaf-11.drv.drv' -> '/Users/hetzner/obrador-shared-pins-20260909/round-2-after/chain-round-1-jobs-8/store/mrmmmw84a49hnimbxawjga8gd0q8nran-leaf-11.drv.drv'","type":111}
@nix {"action":"result","fields":[32,54,0,0],"id":237451561926658,"type":105}
@nix {"action":"result","fields":[0,0,0,0],"id":237451561926659,"type":105}
@nix {"action":"result","fields":[101,0],"id":237451561926657,"type":106}
@nix {"action":"result","fields":[100,0],"id":237451561926657,"type":106}
@nix {"action":"start","fields":["/Users/hetzner/obrador-shared-pins-20260909/round-2-after/chain-round-1-jobs-8/store/mrmmmw84a49hnimbxawjga8gd0q8nran-leaf-11.drv.drv","",1,1],"id":237451561926693,"level":3,"parent":0,"text":"building '/Users/hetzner/obrador-shared-pins-20260909/round-2-after/chain-round-1-jobs-8/store/mrmmmw84a49hnimbxawjga8gd0q8nran-leaf-11.drv.drv'","type":105}
@nix {"action":"result","fields":[32,54,1,0],"id":237451561926658,"type":105}
@nix {"action":"result","fields":[0,0,0,0],"id":237451561926659,"type":105}
@nix {"action":"result","fields":[101,0],"id":237451561926657,"type":106}
@nix {"action":"result","fields":[100,0],"id":237451561926657,"type":106}
@nix {"action":"result","fields":[33,55,0,0],"id":237451561926658,"type":105}
@nix {"action":"result","fields":[0,0,0,0],"id":237451561926659,"type":105}
@nix {"action":"result","fields":[101,0],"id":237451561926657,"type":106}
@nix {"action":"result","fields":[100,0],"id":237451561926657,"type":106}
@nix {"action":"stop","id":237451561926693}
@nix {"action":"result","fields":[34,55,0,0],"id":237451561926658,"type":105}
@nix {"action":"result","fields":[0,0,0,0],"id":237451561926659,"type":105}
@nix {"action":"result","fields":[101,0],"id":237451561926657,"type":106}
@nix {"action":"result","fields":[100,0],"id":237451561926657,"type":106}
@nix {"action":"stop","id":237451561926692}
@nix {"action":"result","fields":[34,55,0,0],"id":237451561926658,"type":105}
@nix {"action":"result","fields":[0,0,0,0],"id":237451561926659,"type":105}
@nix {"action":"result","fields":[101,0],"id":237451561926657,"type":106}
@nix {"action":"result","fields":[100,0],"id":237451561926657,"type":106}
@nix {"action":"start","fields":["/Users/hetzner/obrador-shared-pins-20260909/round-2-after/chain-round-1-jobs-8/store/l0nfg1nfgj941bdhklai0sb6jkpa2cb0-leaf-11.drv","",1,1],"id":237451561926694,"level":3,"parent":0,"text":"building '/Users/hetzner/obrador-shared-pins-20260909/round-2-after/chain-round-1-jobs-8/store/l0nfg1nfgj941bdhklai0sb6jkpa2cb0-leaf-11.drv'","type":105}
@nix {"action":"result","fields":[34,55,1,0],"id":237451561926658,"type":105}
@nix {"action":"result","fields":[0,0,0,0],"id":237451561926659,"type":105}
@nix {"action":"result","fields":[101,0],"id":237451561926657,"type":106}
@nix {"action":"result","fields":[100,0],"id":237451561926657,"type":106}
@nix {"action":"result","fields":[35,56,0,0],"id":237451561926658,"type":105}
@nix {"action":"result","fields":[0,0,0,0],"id":237451561926659,"type":105}
@nix {"action":"result","fields":[101,0],"id":237451561926657,"type":106}
@nix {"action":"result","fields":[100,0],"id":237451561926657,"type":106}
@nix {"action":"stop","id":237451561926694}
@nix {"action":"start","fields":["/Users/hetzner/obrador-shared-pins-20260909/round-2-after/chain-round-1-jobs-8/store/i214wscxld7ls042hpqvmzcl68xx1mlp-leaf-12.drv.drv","/Users/hetzner/obrador-shared-pins-20260909/round-2-after/chain-round-1-jobs-8/store/l24c6ai04xs4hc6vx1918cl0w2s3jv2i-leaf-12.drv.drv"],"id":237451561926695,"level":3,"parent":0,"text":"resolved derivation: '/Users/hetzner/obrador-shared-pins-20260909/round-2-after/chain-round-1-jobs-8/store/i214wscxld7ls042hpqvmzcl68xx1mlp-leaf-12.drv.drv' -> '/Users/hetzner/obrador-shared-pins-20260909/round-2-after/chain-round-1-jobs-8/store/l24c6ai04xs4hc6vx1918cl0w2s3jv2i-leaf-12.drv.drv'","type":111}
@nix {"action":"result","fields":[35,56,0,0],"id":237451561926658,"type":105}
@nix {"action":"result","fields":[0,0,0,0],"id":237451561926659,"type":105}
@nix {"action":"result","fields":[101,0],"id":237451561926657,"type":106}
@nix {"action":"result","fields":[100,0],"id":237451561926657,"type":106}
@nix {"action":"start","fields":["/Users/hetzner/obrador-shared-pins-20260909/round-2-after/chain-round-1-jobs-8/store/l24c6ai04xs4hc6vx1918cl0w2s3jv2i-leaf-12.drv.drv","",1,1],"id":237451561926696,"level":3,"parent":0,"text":"building '/Users/hetzner/obrador-shared-pins-20260909/round-2-after/chain-round-1-jobs-8/store/l24c6ai04xs4hc6vx1918cl0w2s3jv2i-leaf-12.drv.drv'","type":105}
@nix {"action":"result","fields":[35,56,1,0],"id":237451561926658,"type":105}
@nix {"action":"result","fields":[0,0,0,0],"id":237451561926659,"type":105}
@nix {"action":"result","fields":[101,0],"id":237451561926657,"type":106}
@nix {"action":"result","fields":[100,0],"id":237451561926657,"type":106}
@nix {"action":"result","fields":[36,57,0,0],"id":237451561926658,"type":105}
@nix {"action":"result","fields":[0,0,0,0],"id":237451561926659,"type":105}
@nix {"action":"result","fields":[101,0],"id":237451561926657,"type":106}
@nix {"action":"result","fields":[100,0],"id":237451561926657,"type":106}
@nix {"action":"stop","id":237451561926696}
@nix {"action":"result","fields":[37,57,0,0],"id":237451561926658,"type":105}
@nix {"action":"result","fields":[0,0,0,0],"id":237451561926659,"type":105}
@nix {"action":"result","fields":[101,0],"id":237451561926657,"type":106}
@nix {"action":"result","fields":[100,0],"id":237451561926657,"type":106}
@nix {"action":"stop","id":237451561926695}
@nix {"action":"result","fields":[37,57,0,0],"id":237451561926658,"type":105}
@nix {"action":"result","fields":[0,0,0,0],"id":237451561926659,"type":105}
@nix {"action":"result","fields":[101,0],"id":237451561926657,"type":106}
@nix {"action":"result","fields":[100,0],"id":237451561926657,"type":106}
@nix {"action":"start","fields":["/Users/hetzner/obrador-shared-pins-20260909/round-2-after/chain-round-1-jobs-8/store/lcy9xva2fs5xhbsqc9j72r253a2fyfkp-leaf-12.drv","",1,1],"id":237451561926697,"level":3,"parent":0,"text":"building '/Users/hetzner/obrador-shared-pins-20260909/round-2-after/chain-round-1-jobs-8/store/lcy9xva2fs5xhbsqc9j72r253a2fyfkp-leaf-12.drv'","type":105}
@nix {"action":"result","fields":[37,57,1,0],"id":237451561926658,"type":105}
@nix {"action":"result","fields":[0,0,0,0],"id":237451561926659,"type":105}
@nix {"action":"result","fields":[101,0],"id":237451561926657,"type":106}
@nix {"action":"result","fields":[100,0],"id":237451561926657,"type":106}
@nix {"action":"result","fields":[38,58,0,0],"id":237451561926658,"type":105}
@nix {"action":"result","fields":[0,0,0,0],"id":237451561926659,"type":105}
@nix {"action":"result","fields":[101,0],"id":237451561926657,"type":106}
@nix {"action":"result","fields":[100,0],"id":237451561926657,"type":106}
@nix {"action":"stop","id":237451561926697}
@nix {"action":"start","fields":["/Users/hetzner/obrador-shared-pins-20260909/round-2-after/chain-round-1-jobs-8/store/z2gjx9sijl2mnp48a9xlgbjx8flnbv2a-leaf-13.drv.drv","/Users/hetzner/obrador-shared-pins-20260909/round-2-after/chain-round-1-jobs-8/store/l1chk4xdxx485xlcm12x9c00pna8md5p-leaf-13.drv.drv"],"id":237451561926698,"level":3,"parent":0,"text":"resolved derivation: '/Users/hetzner/obrador-shared-pins-20260909/round-2-after/chain-round-1-jobs-8/store/z2gjx9sijl2mnp48a9xlgbjx8flnbv2a-leaf-13.drv.drv' -> '/Users/hetzner/obrador-shared-pins-20260909/round-2-after/chain-round-1-jobs-8/store/l1chk4xdxx485xlcm12x9c00pna8md5p-leaf-13.drv.drv'","type":111}
@nix {"action":"result","fields":[38,58,0,0],"id":237451561926658,"type":105}
@nix {"action":"result","fields":[0,0,0,0],"id":237451561926659,"type":105}
@nix {"action":"result","fields":[101,0],"id":237451561926657,"type":106}
@nix {"action":"result","fields":[100,0],"id":237451561926657,"type":106}
@nix {"action":"start","fields":["/Users/hetzner/obrador-shared-pins-20260909/round-2-after/chain-round-1-jobs-8/store/l1chk4xdxx485xlcm12x9c00pna8md5p-leaf-13.drv.drv","",1,1],"id":237451561926699,"level":3,"parent":0,"text":"building '/Users/hetzner/obrador-shared-pins-20260909/round-2-after/chain-round-1-jobs-8/store/l1chk4xdxx485xlcm12x9c00pna8md5p-leaf-13.drv.drv'","type":105}
@nix {"action":"result","fields":[38,58,1,0],"id":237451561926658,"type":105}
@nix {"action":"result","fields":[0,0,0,0],"id":237451561926659,"type":105}
@nix {"action":"result","fields":[101,0],"id":237451561926657,"type":106}
@nix {"action":"result","fields":[100,0],"id":237451561926657,"type":106}
@nix {"action":"result","fields":[39,59,0,0],"id":237451561926658,"type":105}
@nix {"action":"result","fields":[0,0,0,0],"id":237451561926659,"type":105}
@nix {"action":"result","fields":[101,0],"id":237451561926657,"type":106}
@nix {"action":"result","fields":[100,0],"id":237451561926657,"type":106}
@nix {"action":"stop","id":237451561926699}
@nix {"action":"result","fields":[40,59,0,0],"id":237451561926658,"type":105}
@nix {"action":"result","fields":[0,0,0,0],"id":237451561926659,"type":105}
@nix {"action":"result","fields":[101,0],"id":237451561926657,"type":106}
@nix {"action":"result","fields":[100,0],"id":237451561926657,"type":106}
@nix {"action":"stop","id":237451561926698}
@nix {"action":"result","fields":[40,59,0,0],"id":237451561926658,"type":105}
@nix {"action":"result","fields":[0,0,0,0],"id":237451561926659,"type":105}
@nix {"action":"result","fields":[101,0],"id":237451561926657,"type":106}
@nix {"action":"result","fields":[100,0],"id":237451561926657,"type":106}
@nix {"action":"start","fields":["/Users/hetzner/obrador-shared-pins-20260909/round-2-after/chain-round-1-jobs-8/store/425h326bxm5kidwxk317569ww4470hag-leaf-13.drv","",1,1],"id":237451561926700,"level":3,"parent":0,"text":"building '/Users/hetzner/obrador-shared-pins-20260909/round-2-after/chain-round-1-jobs-8/store/425h326bxm5kidwxk317569ww4470hag-leaf-13.drv'","type":105}
@nix {"action":"result","fields":[40,59,1,0],"id":237451561926658,"type":105}
@nix {"action":"result","fields":[0,0,0,0],"id":237451561926659,"type":105}
@nix {"action":"result","fields":[101,0],"id":237451561926657,"type":106}
@nix {"action":"result","fields":[100,0],"id":237451561926657,"type":106}
@nix {"action":"result","fields":[41,60,0,0],"id":237451561926658,"type":105}
@nix {"action":"result","fields":[0,0,0,0],"id":237451561926659,"type":105}
@nix {"action":"result","fields":[101,0],"id":237451561926657,"type":106}
@nix {"action":"result","fields":[100,0],"id":237451561926657,"type":106}
@nix {"action":"stop","id":237451561926700}
@nix {"action":"start","fields":["/Users/hetzner/obrador-shared-pins-20260909/round-2-after/chain-round-1-jobs-8/store/nmipa53fbk70ia512z9x9gnlanrpaqj0-leaf-14.drv.drv","/Users/hetzner/obrador-shared-pins-20260909/round-2-after/chain-round-1-jobs-8/store/l1v31nr2gdrl3k292kdddqkzg0vlzgaw-leaf-14.drv.drv"],"id":237451561926701,"level":3,"parent":0,"text":"resolved derivation: '/Users/hetzner/obrador-shared-pins-20260909/round-2-after/chain-round-1-jobs-8/store/nmipa53fbk70ia512z9x9gnlanrpaqj0-leaf-14.drv.drv' -> '/Users/hetzner/obrador-shared-pins-20260909/round-2-after/chain-round-1-jobs-8/store/l1v31nr2gdrl3k292kdddqkzg0vlzgaw-leaf-14.drv.drv'","type":111}
@nix {"action":"result","fields":[41,60,0,0],"id":237451561926658,"type":105}
@nix {"action":"result","fields":[0,0,0,0],"id":237451561926659,"type":105}
@nix {"action":"result","fields":[101,0],"id":237451561926657,"type":106}
@nix {"action":"result","fields":[100,0],"id":237451561926657,"type":106}
@nix {"action":"start","fields":["/Users/hetzner/obrador-shared-pins-20260909/round-2-after/chain-round-1-jobs-8/store/l1v31nr2gdrl3k292kdddqkzg0vlzgaw-leaf-14.drv.drv","",1,1],"id":237451561926702,"level":3,"parent":0,"text":"building '/Users/hetzner/obrador-shared-pins-20260909/round-2-after/chain-round-1-jobs-8/store/l1v31nr2gdrl3k292kdddqkzg0vlzgaw-leaf-14.drv.drv'","type":105}
@nix {"action":"result","fields":[41,60,1,0],"id":237451561926658,"type":105}
@nix {"action":"result","fields":[0,0,0,0],"id":237451561926659,"type":105}
@nix {"action":"result","fields":[101,0],"id":237451561926657,"type":106}
@nix {"action":"result","fields":[100,0],"id":237451561926657,"type":106}
@nix {"action":"result","fields":[42,61,0,0],"id":237451561926658,"type":105}
@nix {"action":"result","fields":[0,0,0,0],"id":237451561926659,"type":105}
@nix {"action":"result","fields":[101,0],"id":237451561926657,"type":106}
@nix {"action":"result","fields":[100,0],"id":237451561926657,"type":106}
@nix {"action":"stop","id":237451561926702}
@nix {"action":"result","fields":[43,61,0,0],"id":237451561926658,"type":105}
@nix {"action":"result","fields":[0,0,0,0],"id":237451561926659,"type":105}
@nix {"action":"result","fields":[101,0],"id":237451561926657,"type":106}
@nix {"action":"result","fields":[100,0],"id":237451561926657,"type":106}
@nix {"action":"stop","id":237451561926701}
@nix {"action":"result","fields":[43,61,0,0],"id":237451561926658,"type":105}
@nix {"action":"result","fields":[0,0,0,0],"id":237451561926659,"type":105}
@nix {"action":"result","fields":[101,0],"id":237451561926657,"type":106}
@nix {"action":"result","fields":[100,0],"id":237451561926657,"type":106}
@nix {"action":"start","fields":["/Users/hetzner/obrador-shared-pins-20260909/round-2-after/chain-round-1-jobs-8/store/4d9xqb1fqgwj4f8acjvnwdqzdjvks51j-leaf-14.drv","",1,1],"id":237451561926703,"level":3,"parent":0,"text":"building '/Users/hetzner/obrador-shared-pins-20260909/round-2-after/chain-round-1-jobs-8/store/4d9xqb1fqgwj4f8acjvnwdqzdjvks51j-leaf-14.drv'","type":105}
@nix {"action":"result","fields":[43,61,1,0],"id":237451561926658,"type":105}
@nix {"action":"result","fields":[0,0,0,0],"id":237451561926659,"type":105}
@nix {"action":"result","fields":[101,0],"id":237451561926657,"type":106}
@nix {"action":"result","fields":[100,0],"id":237451561926657,"type":106}
@nix {"action":"result","fields":[44,62,0,0],"id":237451561926658,"type":105}
@nix {"action":"result","fields":[0,0,0,0],"id":237451561926659,"type":105}
@nix {"action":"result","fields":[101,0],"id":237451561926657,"type":106}
@nix {"action":"result","fields":[100,0],"id":237451561926657,"type":106}
@nix {"action":"stop","id":237451561926703}
@nix {"action":"start","fields":["/Users/hetzner/obrador-shared-pins-20260909/round-2-after/chain-round-1-jobs-8/store/n2mpm5wd6gadl3rv1k996c6j2xn9hpw4-leaf-15.drv.drv","/Users/hetzner/obrador-shared-pins-20260909/round-2-after/chain-round-1-jobs-8/store/p7hcfp3l451xawm97vpw8i32wgx70j8j-leaf-15.drv.drv"],"id":237451561926704,"level":3,"parent":0,"text":"resolved derivation: '/Users/hetzner/obrador-shared-pins-20260909/round-2-after/chain-round-1-jobs-8/store/n2mpm5wd6gadl3rv1k996c6j2xn9hpw4-leaf-15.drv.drv' -> '/Users/hetzner/obrador-shared-pins-20260909/round-2-after/chain-round-1-jobs-8/store/p7hcfp3l451xawm97vpw8i32wgx70j8j-leaf-15.drv.drv'","type":111}
@nix {"action":"result","fields":[44,62,0,0],"id":237451561926658,"type":105}
@nix {"action":"result","fields":[0,0,0,0],"id":237451561926659,"type":105}
@nix {"action":"result","fields":[101,0],"id":237451561926657,"type":106}
@nix {"action":"result","fields":[100,0],"id":237451561926657,"type":106}
@nix {"action":"start","fields":["/Users/hetzner/obrador-shared-pins-20260909/round-2-after/chain-round-1-jobs-8/store/p7hcfp3l451xawm97vpw8i32wgx70j8j-leaf-15.drv.drv","",1,1],"id":237451561926705,"level":3,"parent":0,"text":"building '/Users/hetzner/obrador-shared-pins-20260909/round-2-after/chain-round-1-jobs-8/store/p7hcfp3l451xawm97vpw8i32wgx70j8j-leaf-15.drv.drv'","type":105}
@nix {"action":"result","fields":[44,62,1,0],"id":237451561926658,"type":105}
@nix {"action":"result","fields":[0,0,0,0],"id":237451561926659,"type":105}
@nix {"action":"result","fields":[101,0],"id":237451561926657,"type":106}
@nix {"action":"result","fields":[100,0],"id":237451561926657,"type":106}
@nix {"action":"result","fields":[45,63,0,0],"id":237451561926658,"type":105}
@nix {"action":"result","fields":[0,0,0,0],"id":237451561926659,"type":105}
@nix {"action":"result","fields":[101,0],"id":237451561926657,"type":106}
@nix {"action":"result","fields":[100,0],"id":237451561926657,"type":106}
@nix {"action":"stop","id":237451561926705}
@nix {"action":"result","fields":[46,63,0,0],"id":237451561926658,"type":105}
@nix {"action":"result","fields":[0,0,0,0],"id":237451561926659,"type":105}
@nix {"action":"result","fields":[101,0],"id":237451561926657,"type":106}
@nix {"action":"result","fields":[100,0],"id":237451561926657,"type":106}
@nix {"action":"stop","id":237451561926704}
@nix {"action":"result","fields":[46,63,0,0],"id":237451561926658,"type":105}
@nix {"action":"result","fields":[0,0,0,0],"id":237451561926659,"type":105}
@nix {"action":"result","fields":[101,0],"id":237451561926657,"type":106}
@nix {"action":"result","fields":[100,0],"id":237451561926657,"type":106}
@nix {"action":"start","fields":["/Users/hetzner/obrador-shared-pins-20260909/round-2-after/chain-round-1-jobs-8/store/v4fscgq25l4bym5917d0mkg9443cmb0l-leaf-15.drv","",1,1],"id":237451561926706,"level":3,"parent":0,"text":"building '/Users/hetzner/obrador-shared-pins-20260909/round-2-after/chain-round-1-jobs-8/store/v4fscgq25l4bym5917d0mkg9443cmb0l-leaf-15.drv'","type":105}
@nix {"action":"result","fields":[46,63,1,0],"id":237451561926658,"type":105}
@nix {"action":"result","fields":[0,0,0,0],"id":237451561926659,"type":105}
@nix {"action":"result","fields":[101,0],"id":237451561926657,"type":106}
@nix {"action":"result","fields":[100,0],"id":237451561926657,"type":106}
@nix {"action":"result","fields":[47,64,0,0],"id":237451561926658,"type":105}
@nix {"action":"result","fields":[0,0,0,0],"id":237451561926659,"type":105}
@nix {"action":"result","fields":[101,0],"id":237451561926657,"type":106}
@nix {"action":"result","fields":[100,0],"id":237451561926657,"type":106}
@nix {"action":"stop","id":237451561926706}
@nix {"action":"start","fields":["/Users/hetzner/obrador-shared-pins-20260909/round-2-after/chain-round-1-jobs-8/store/7hd3dl2vqm8bysnvcvmn6p8f828xd0g0-leaf-16.drv.drv","/Users/hetzner/obrador-shared-pins-20260909/round-2-after/chain-round-1-jobs-8/store/sdzvf44sy90a44cmbdpikss7insm42bz-leaf-16.drv.drv"],"id":237451561926707,"level":3,"parent":0,"text":"resolved derivation: '/Users/hetzner/obrador-shared-pins-20260909/round-2-after/chain-round-1-jobs-8/store/7hd3dl2vqm8bysnvcvmn6p8f828xd0g0-leaf-16.drv.drv' -> '/Users/hetzner/obrador-shared-pins-20260909/round-2-after/chain-round-1-jobs-8/store/sdzvf44sy90a44cmbdpikss7insm42bz-leaf-16.drv.drv'","type":111}
@nix {"action":"result","fields":[47,64,0,0],"id":237451561926658,"type":105}
@nix {"action":"result","fields":[0,0,0,0],"id":237451561926659,"type":105}
@nix {"action":"result","fields":[101,0],"id":237451561926657,"type":106}
@nix {"action":"result","fields":[100,0],"id":237451561926657,"type":106}
@nix {"action":"start","fields":["/Users/hetzner/obrador-shared-pins-20260909/round-2-after/chain-round-1-jobs-8/store/sdzvf44sy90a44cmbdpikss7insm42bz-leaf-16.drv.drv","",1,1],"id":237451561926708,"level":3,"parent":0,"text":"building '/Users/hetzner/obrador-shared-pins-20260909/round-2-after/chain-round-1-jobs-8/store/sdzvf44sy90a44cmbdpikss7insm42bz-leaf-16.drv.drv'","type":105}
@nix {"action":"result","fields":[47,64,1,0],"id":237451561926658,"type":105}
@nix {"action":"result","fields":[0,0,0,0],"id":237451561926659,"type":105}
@nix {"action":"result","fields":[101,0],"id":237451561926657,"type":106}
@nix {"action":"result","fields":[100,0],"id":237451561926657,"type":106}
@nix {"action":"result","fields":[48,65,0,0],"id":237451561926658,"type":105}
@nix {"action":"result","fields":[0,0,0,0],"id":237451561926659,"type":105}
@nix {"action":"result","fields":[101,0],"id":237451561926657,"type":106}
@nix {"action":"result","fields":[100,0],"id":237451561926657,"type":106}
@nix {"action":"stop","id":237451561926708}
@nix {"action":"result","fields":[49,65,0,0],"id":237451561926658,"type":105}
@nix {"action":"result","fields":[0,0,0,0],"id":237451561926659,"type":105}
@nix {"action":"result","fields":[101,0],"id":237451561926657,"type":106}
@nix {"action":"result","fields":[100,0],"id":237451561926657,"type":106}
@nix {"action":"stop","id":237451561926707}
@nix {"action":"result","fields":[49,65,0,0],"id":237451561926658,"type":105}
@nix {"action":"result","fields":[0,0,0,0],"id":237451561926659,"type":105}
@nix {"action":"result","fields":[101,0],"id":237451561926657,"type":106}
@nix {"action":"result","fields":[100,0],"id":237451561926657,"type":106}
@nix {"action":"start","fields":["/Users/hetzner/obrador-shared-pins-20260909/round-2-after/chain-round-1-jobs-8/store/c072yrziviw38i34663iaz1la97xikl4-leaf-16.drv","",1,1],"id":237451561926709,"level":3,"parent":0,"text":"building '/Users/hetzner/obrador-shared-pins-20260909/round-2-after/chain-round-1-jobs-8/store/c072yrziviw38i34663iaz1la97xikl4-leaf-16.drv'","type":105}
@nix {"action":"result","fields":[49,65,1,0],"id":237451561926658,"type":105}
@nix {"action":"result","fields":[0,0,0,0],"id":237451561926659,"type":105}
@nix {"action":"result","fields":[101,0],"id":237451561926657,"type":106}
@nix {"action":"result","fields":[100,0],"id":237451561926657,"type":106}
@nix {"action":"result","fields":[50,66,0,0],"id":237451561926658,"type":105}
@nix {"action":"result","fields":[0,0,0,0],"id":237451561926659,"type":105}
@nix {"action":"result","fields":[101,0],"id":237451561926657,"type":106}
@nix {"action":"result","fields":[100,0],"id":237451561926657,"type":106}
@nix {"action":"stop","id":237451561926709}
@nix {"action":"start","fields":["/Users/hetzner/obrador-shared-pins-20260909/round-2-after/chain-round-1-jobs-8/store/gdapqjmf1n8q7wbg0ail2p7mvmdn1wgq-leaf-17.drv.drv","/Users/hetzner/obrador-shared-pins-20260909/round-2-after/chain-round-1-jobs-8/store/cswakxqgyc8s8w5lwjrd8kc2nhlb5wg5-leaf-17.drv.drv"],"id":237451561926710,"level":3,"parent":0,"text":"resolved derivation: '/Users/hetzner/obrador-shared-pins-20260909/round-2-after/chain-round-1-jobs-8/store/gdapqjmf1n8q7wbg0ail2p7mvmdn1wgq-leaf-17.drv.drv' -> '/Users/hetzner/obrador-shared-pins-20260909/round-2-after/chain-round-1-jobs-8/store/cswakxqgyc8s8w5lwjrd8kc2nhlb5wg5-leaf-17.drv.drv'","type":111}
@nix {"action":"result","fields":[50,66,0,0],"id":237451561926658,"type":105}
@nix {"action":"result","fields":[0,0,0,0],"id":237451561926659,"type":105}
@nix {"action":"result","fields":[101,0],"id":237451561926657,"type":106}
@nix {"action":"result","fields":[100,0],"id":237451561926657,"type":106}
@nix {"action":"start","fields":["/Users/hetzner/obrador-shared-pins-20260909/round-2-after/chain-round-1-jobs-8/store/cswakxqgyc8s8w5lwjrd8kc2nhlb5wg5-leaf-17.drv.drv","",1,1],"id":237451561926711,"level":3,"parent":0,"text":"building '/Users/hetzner/obrador-shared-pins-20260909/round-2-after/chain-round-1-jobs-8/store/cswakxqgyc8s8w5lwjrd8kc2nhlb5wg5-leaf-17.drv.drv'","type":105}
@nix {"action":"result","fields":[50,66,1,0],"id":237451561926658,"type":105}
@nix {"action":"result","fields":[0,0,0,0],"id":237451561926659,"type":105}
@nix {"action":"result","fields":[101,0],"id":237451561926657,"type":106}
@nix {"action":"result","fields":[100,0],"id":237451561926657,"type":106}
@nix {"action":"result","fields":[51,67,0,0],"id":237451561926658,"type":105}
@nix {"action":"result","fields":[0,0,0,0],"id":237451561926659,"type":105}
@nix {"action":"result","fields":[101,0],"id":237451561926657,"type":106}
@nix {"action":"result","fields":[100,0],"id":237451561926657,"type":106}
@nix {"action":"stop","id":237451561926711}
@nix {"action":"result","fields":[52,67,0,0],"id":237451561926658,"type":105}
@nix {"action":"result","fields":[0,0,0,0],"id":237451561926659,"type":105}
@nix {"action":"result","fields":[101,0],"id":237451561926657,"type":106}
@nix {"action":"result","fields":[100,0],"id":237451561926657,"type":106}
@nix {"action":"stop","id":237451561926710}
@nix {"action":"result","fields":[52,67,0,0],"id":237451561926658,"type":105}
@nix {"action":"result","fields":[0,0,0,0],"id":237451561926659,"type":105}
@nix {"action":"result","fields":[101,0],"id":237451561926657,"type":106}
@nix {"action":"result","fields":[100,0],"id":237451561926657,"type":106}
@nix {"action":"start","fields":["/Users/hetzner/obrador-shared-pins-20260909/round-2-after/chain-round-1-jobs-8/store/0m86ddbmali5s2c82w8c0fpf1m64jdbj-leaf-17.drv","",1,1],"id":237451561926712,"level":3,"parent":0,"text":"building '/Users/hetzner/obrador-shared-pins-20260909/round-2-after/chain-round-1-jobs-8/store/0m86ddbmali5s2c82w8c0fpf1m64jdbj-leaf-17.drv'","type":105}
@nix {"action":"result","fields":[52,67,1,0],"id":237451561926658,"type":105}
@nix {"action":"result","fields":[0,0,0,0],"id":237451561926659,"type":105}
@nix {"action":"result","fields":[101,0],"id":237451561926657,"type":106}
@nix {"action":"result","fields":[100,0],"id":237451561926657,"type":106}
@nix {"action":"result","fields":[53,68,0,0],"id":237451561926658,"type":105}
@nix {"action":"result","fields":[0,0,0,0],"id":237451561926659,"type":105}
@nix {"action":"result","fields":[101,0],"id":237451561926657,"type":106}
@nix {"action":"result","fields":[100,0],"id":237451561926657,"type":106}
@nix {"action":"stop","id":237451561926712}
@nix {"action":"start","fields":["/Users/hetzner/obrador-shared-pins-20260909/round-2-after/chain-round-1-jobs-8/store/w1yjymhlcplij8zfnkzg7haqb90kwxa4-leaf-18.drv.drv","/Users/hetzner/obrador-shared-pins-20260909/round-2-after/chain-round-1-jobs-8/store/m60fmyqwm7rhym156cn84ks5gfsmnvjf-leaf-18.drv.drv"],"id":237451561926713,"level":3,"parent":0,"text":"resolved derivation: '/Users/hetzner/obrador-shared-pins-20260909/round-2-after/chain-round-1-jobs-8/store/w1yjymhlcplij8zfnkzg7haqb90kwxa4-leaf-18.drv.drv' -> '/Users/hetzner/obrador-shared-pins-20260909/round-2-after/chain-round-1-jobs-8/store/m60fmyqwm7rhym156cn84ks5gfsmnvjf-leaf-18.drv.drv'","type":111}
@nix {"action":"result","fields":[53,68,0,0],"id":237451561926658,"type":105}
@nix {"action":"result","fields":[0,0,0,0],"id":237451561926659,"type":105}
@nix {"action":"result","fields":[101,0],"id":237451561926657,"type":106}
@nix {"action":"result","fields":[100,0],"id":237451561926657,"type":106}
@nix {"action":"start","fields":["/Users/hetzner/obrador-shared-pins-20260909/round-2-after/chain-round-1-jobs-8/store/m60fmyqwm7rhym156cn84ks5gfsmnvjf-leaf-18.drv.drv","",1,1],"id":237451561926714,"level":3,"parent":0,"text":"building '/Users/hetzner/obrador-shared-pins-20260909/round-2-after/chain-round-1-jobs-8/store/m60fmyqwm7rhym156cn84ks5gfsmnvjf-leaf-18.drv.drv'","type":105}
@nix {"action":"result","fields":[53,68,1,0],"id":237451561926658,"type":105}
@nix {"action":"result","fields":[0,0,0,0],"id":237451561926659,"type":105}
@nix {"action":"result","fields":[101,0],"id":237451561926657,"type":106}
@nix {"action":"result","fields":[100,0],"id":237451561926657,"type":106}
@nix {"action":"result","fields":[54,69,0,0],"id":237451561926658,"type":105}
@nix {"action":"result","fields":[0,0,0,0],"id":237451561926659,"type":105}
@nix {"action":"result","fields":[101,0],"id":237451561926657,"type":106}
@nix {"action":"result","fields":[100,0],"id":237451561926657,"type":106}
@nix {"action":"stop","id":237451561926714}
@nix {"action":"result","fields":[55,69,0,0],"id":237451561926658,"type":105}
@nix {"action":"result","fields":[0,0,0,0],"id":237451561926659,"type":105}
@nix {"action":"result","fields":[101,0],"id":237451561926657,"type":106}
@nix {"action":"result","fields":[100,0],"id":237451561926657,"type":106}
@nix {"action":"stop","id":237451561926713}
@nix {"action":"result","fields":[55,69,0,0],"id":237451561926658,"type":105}
@nix {"action":"result","fields":[0,0,0,0],"id":237451561926659,"type":105}
@nix {"action":"result","fields":[101,0],"id":237451561926657,"type":106}
@nix {"action":"result","fields":[100,0],"id":237451561926657,"type":106}
@nix {"action":"start","fields":["/Users/hetzner/obrador-shared-pins-20260909/round-2-after/chain-round-1-jobs-8/store/zgxmp933vgsdq5rxhbnqw4pbfv0rs0gj-leaf-18.drv","",1,1],"id":237451561926715,"level":3,"parent":0,"text":"building '/Users/hetzner/obrador-shared-pins-20260909/round-2-after/chain-round-1-jobs-8/store/zgxmp933vgsdq5rxhbnqw4pbfv0rs0gj-leaf-18.drv'","type":105}
@nix {"action":"result","fields":[55,69,1,0],"id":237451561926658,"type":105}
@nix {"action":"result","fields":[0,0,0,0],"id":237451561926659,"type":105}
@nix {"action":"result","fields":[101,0],"id":237451561926657,"type":106}
@nix {"action":"result","fields":[100,0],"id":237451561926657,"type":106}
@nix {"action":"result","fields":[56,70,0,0],"id":237451561926658,"type":105}
@nix {"action":"result","fields":[0,0,0,0],"id":237451561926659,"type":105}
@nix {"action":"result","fields":[101,0],"id":237451561926657,"type":106}
@nix {"action":"result","fields":[100,0],"id":237451561926657,"type":106}
@nix {"action":"stop","id":237451561926715}
@nix {"action":"start","fields":["/Users/hetzner/obrador-shared-pins-20260909/round-2-after/chain-round-1-jobs-8/store/kxn3bmafa8ix5c2r5ih2vyyl8nb63iq5-leaf-19.drv.drv","/Users/hetzner/obrador-shared-pins-20260909/round-2-after/chain-round-1-jobs-8/store/nfkay5jc6jg5bhx0ayrhkyqwllnhfrhm-leaf-19.drv.drv"],"id":237451561926716,"level":3,"parent":0,"text":"resolved derivation: '/Users/hetzner/obrador-shared-pins-20260909/round-2-after/chain-round-1-jobs-8/store/kxn3bmafa8ix5c2r5ih2vyyl8nb63iq5-leaf-19.drv.drv' -> '/Users/hetzner/obrador-shared-pins-20260909/round-2-after/chain-round-1-jobs-8/store/nfkay5jc6jg5bhx0ayrhkyqwllnhfrhm-leaf-19.drv.drv'","type":111}
@nix {"action":"result","fields":[56,70,0,0],"id":237451561926658,"type":105}
@nix {"action":"result","fields":[0,0,0,0],"id":237451561926659,"type":105}
@nix {"action":"result","fields":[101,0],"id":237451561926657,"type":106}
@nix {"action":"result","fields":[100,0],"id":237451561926657,"type":106}
@nix {"action":"start","fields":["/Users/hetzner/obrador-shared-pins-20260909/round-2-after/chain-round-1-jobs-8/store/nfkay5jc6jg5bhx0ayrhkyqwllnhfrhm-leaf-19.drv.drv","",1,1],"id":237451561926717,"level":3,"parent":0,"text":"building '/Users/hetzner/obrador-shared-pins-20260909/round-2-after/chain-round-1-jobs-8/store/nfkay5jc6jg5bhx0ayrhkyqwllnhfrhm-leaf-19.drv.drv'","type":105}
@nix {"action":"result","fields":[56,70,1,0],"id":237451561926658,"type":105}
@nix {"action":"result","fields":[0,0,0,0],"id":237451561926659,"type":105}
@nix {"action":"result","fields":[101,0],"id":237451561926657,"type":106}
@nix {"action":"result","fields":[100,0],"id":237451561926657,"type":106}
@nix {"action":"result","fields":[57,71,0,0],"id":237451561926658,"type":105}
@nix {"action":"result","fields":[0,0,0,0],"id":237451561926659,"type":105}
@nix {"action":"result","fields":[101,0],"id":237451561926657,"type":106}
@nix {"action":"result","fields":[100,0],"id":237451561926657,"type":106}
@nix {"action":"stop","id":237451561926717}
@nix {"action":"result","fields":[58,71,0,0],"id":237451561926658,"type":105}
@nix {"action":"result","fields":[0,0,0,0],"id":237451561926659,"type":105}
@nix {"action":"result","fields":[101,0],"id":237451561926657,"type":106}
@nix {"action":"result","fields":[100,0],"id":237451561926657,"type":106}
@nix {"action":"stop","id":237451561926716}
@nix {"action":"result","fields":[58,71,0,0],"id":237451561926658,"type":105}
@nix {"action":"result","fields":[0,0,0,0],"id":237451561926659,"type":105}
@nix {"action":"result","fields":[101,0],"id":237451561926657,"type":106}
@nix {"action":"result","fields":[100,0],"id":237451561926657,"type":106}
@nix {"action":"start","fields":["/Users/hetzner/obrador-shared-pins-20260909/round-2-after/chain-round-1-jobs-8/store/cgr70zxp5yq8iwf30710gcxajfpj9bqx-leaf-19.drv","",1,1],"id":237451561926718,"level":3,"parent":0,"text":"building '/Users/hetzner/obrador-shared-pins-20260909/round-2-after/chain-round-1-jobs-8/store/cgr70zxp5yq8iwf30710gcxajfpj9bqx-leaf-19.drv'","type":105}
@nix {"action":"result","fields":[58,71,1,0],"id":237451561926658,"type":105}
@nix {"action":"result","fields":[0,0,0,0],"id":237451561926659,"type":105}
@nix {"action":"result","fields":[101,0],"id":237451561926657,"type":106}
@nix {"action":"result","fields":[100,0],"id":237451561926657,"type":106}
@nix {"action":"result","fields":[59,72,0,0],"id":237451561926658,"type":105}
@nix {"action":"result","fields":[0,0,0,0],"id":237451561926659,"type":105}
@nix {"action":"result","fields":[101,0],"id":237451561926657,"type":106}
@nix {"action":"result","fields":[100,0],"id":237451561926657,"type":106}
@nix {"action":"stop","id":237451561926718}
@nix {"action":"start","fields":["/Users/hetzner/obrador-shared-pins-20260909/round-2-after/chain-round-1-jobs-8/store/s93zanjam2bq26yzprp0w36hl03kwjk0-leaf-20.drv.drv","/Users/hetzner/obrador-shared-pins-20260909/round-2-after/chain-round-1-jobs-8/store/q2r5vlblpvq1xh3qff3dqc8c3g9kkjpl-leaf-20.drv.drv"],"id":237451561926719,"level":3,"parent":0,"text":"resolved derivation: '/Users/hetzner/obrador-shared-pins-20260909/round-2-after/chain-round-1-jobs-8/store/s93zanjam2bq26yzprp0w36hl03kwjk0-leaf-20.drv.drv' -> '/Users/hetzner/obrador-shared-pins-20260909/round-2-after/chain-round-1-jobs-8/store/q2r5vlblpvq1xh3qff3dqc8c3g9kkjpl-leaf-20.drv.drv'","type":111}
@nix {"action":"result","fields":[59,72,0,0],"id":237451561926658,"type":105}
@nix {"action":"result","fields":[0,0,0,0],"id":237451561926659,"type":105}
@nix {"action":"result","fields":[101,0],"id":237451561926657,"type":106}
@nix {"action":"result","fields":[100,0],"id":237451561926657,"type":106}
@nix {"action":"start","fields":["/Users/hetzner/obrador-shared-pins-20260909/round-2-after/chain-round-1-jobs-8/store/q2r5vlblpvq1xh3qff3dqc8c3g9kkjpl-leaf-20.drv.drv","",1,1],"id":237451561926720,"level":3,"parent":0,"text":"building '/Users/hetzner/obrador-shared-pins-20260909/round-2-after/chain-round-1-jobs-8/store/q2r5vlblpvq1xh3qff3dqc8c3g9kkjpl-leaf-20.drv.drv'","type":105}
@nix {"action":"result","fields":[59,72,1,0],"id":237451561926658,"type":105}
@nix {"action":"result","fields":[0,0,0,0],"id":237451561926659,"type":105}
@nix {"action":"result","fields":[101,0],"id":237451561926657,"type":106}
@nix {"action":"result","fields":[100,0],"id":237451561926657,"type":106}
@nix {"action":"result","fields":[60,73,0,0],"id":237451561926658,"type":105}
@nix {"action":"result","fields":[0,0,0,0],"id":237451561926659,"type":105}
@nix {"action":"result","fields":[101,0],"id":237451561926657,"type":106}
@nix {"action":"result","fields":[100,0],"id":237451561926657,"type":106}
@nix {"action":"stop","id":237451561926720}
@nix {"action":"result","fields":[61,73,0,0],"id":237451561926658,"type":105}
@nix {"action":"result","fields":[0,0,0,0],"id":237451561926659,"type":105}
@nix {"action":"result","fields":[101,0],"id":237451561926657,"type":106}
@nix {"action":"result","fields":[100,0],"id":237451561926657,"type":106}
@nix {"action":"stop","id":237451561926719}
@nix {"action":"result","fields":[61,73,0,0],"id":237451561926658,"type":105}
@nix {"action":"result","fields":[0,0,0,0],"id":237451561926659,"type":105}
@nix {"action":"result","fields":[101,0],"id":237451561926657,"type":106}
@nix {"action":"result","fields":[100,0],"id":237451561926657,"type":106}
@nix {"action":"start","fields":["/Users/hetzner/obrador-shared-pins-20260909/round-2-after/chain-round-1-jobs-8/store/2wq7hh6wv43qjpga4qs1y8rbrs01c77h-leaf-20.drv","",1,1],"id":237451561926721,"level":3,"parent":0,"text":"building '/Users/hetzner/obrador-shared-pins-20260909/round-2-after/chain-round-1-jobs-8/store/2wq7hh6wv43qjpga4qs1y8rbrs01c77h-leaf-20.drv'","type":105}
@nix {"action":"result","fields":[61,73,1,0],"id":237451561926658,"type":105}
@nix {"action":"result","fields":[0,0,0,0],"id":237451561926659,"type":105}
@nix {"action":"result","fields":[101,0],"id":237451561926657,"type":106}
@nix {"action":"result","fields":[100,0],"id":237451561926657,"type":106}
@nix {"action":"result","fields":[62,74,0,0],"id":237451561926658,"type":105}
@nix {"action":"result","fields":[0,0,0,0],"id":237451561926659,"type":105}
@nix {"action":"result","fields":[101,0],"id":237451561926657,"type":106}
@nix {"action":"result","fields":[100,0],"id":237451561926657,"type":106}
@nix {"action":"stop","id":237451561926721}
@nix {"action":"start","fields":["/Users/hetzner/obrador-shared-pins-20260909/round-2-after/chain-round-1-jobs-8/store/j3592l74q3iwn4p3n89d97d9jzah6pf2-leaf-21.drv.drv","/Users/hetzner/obrador-shared-pins-20260909/round-2-after/chain-round-1-jobs-8/store/amblx0g4b4anmyhm3n2pcz7kdw19y5vl-leaf-21.drv.drv"],"id":237451561926722,"level":3,"parent":0,"text":"resolved derivation: '/Users/hetzner/obrador-shared-pins-20260909/round-2-after/chain-round-1-jobs-8/store/j3592l74q3iwn4p3n89d97d9jzah6pf2-leaf-21.drv.drv' -> '/Users/hetzner/obrador-shared-pins-20260909/round-2-after/chain-round-1-jobs-8/store/amblx0g4b4anmyhm3n2pcz7kdw19y5vl-leaf-21.drv.drv'","type":111}
@nix {"action":"result","fields":[62,74,0,0],"id":237451561926658,"type":105}
@nix {"action":"result","fields":[0,0,0,0],"id":237451561926659,"type":105}
@nix {"action":"result","fields":[101,0],"id":237451561926657,"type":106}
@nix {"action":"result","fields":[100,0],"id":237451561926657,"type":106}
@nix {"action":"start","fields":["/Users/hetzner/obrador-shared-pins-20260909/round-2-after/chain-round-1-jobs-8/store/amblx0g4b4anmyhm3n2pcz7kdw19y5vl-leaf-21.drv.drv","",1,1],"id":237451561926723,"level":3,"parent":0,"text":"building '/Users/hetzner/obrador-shared-pins-20260909/round-2-after/chain-round-1-jobs-8/store/amblx0g4b4anmyhm3n2pcz7kdw19y5vl-leaf-21.drv.drv'","type":105}
@nix {"action":"result","fields":[62,74,1,0],"id":237451561926658,"type":105}
@nix {"action":"result","fields":[0,0,0,0],"id":237451561926659,"type":105}
@nix {"action":"result","fields":[101,0],"id":237451561926657,"type":106}
@nix {"action":"result","fields":[100,0],"id":237451561926657,"type":106}
@nix {"action":"result","fields":[63,75,0,0],"id":237451561926658,"type":105}
@nix {"action":"result","fields":[0,0,0,0],"id":237451561926659,"type":105}
@nix {"action":"result","fields":[101,0],"id":237451561926657,"type":106}
@nix {"action":"result","fields":[100,0],"id":237451561926657,"type":106}
@nix {"action":"stop","id":237451561926723}
@nix {"action":"result","fields":[64,75,0,0],"id":237451561926658,"type":105}
@nix {"action":"result","fields":[0,0,0,0],"id":237451561926659,"type":105}
@nix {"action":"result","fields":[101,0],"id":237451561926657,"type":106}
@nix {"action":"result","fields":[100,0],"id":237451561926657,"type":106}
@nix {"action":"stop","id":237451561926722}
@nix {"action":"result","fields":[64,75,0,0],"id":237451561926658,"type":105}
@nix {"action":"result","fields":[0,0,0,0],"id":237451561926659,"type":105}
@nix {"action":"result","fields":[101,0],"id":237451561926657,"type":106}
@nix {"action":"result","fields":[100,0],"id":237451561926657,"type":106}
@nix {"action":"start","fields":["/Users/hetzner/obrador-shared-pins-20260909/round-2-after/chain-round-1-jobs-8/store/43ia6wlxyddk0n4cwd8yjis70nl6lpl6-leaf-21.drv","",1,1],"id":237451561926724,"level":3,"parent":0,"text":"building '/Users/hetzner/obrador-shared-pins-20260909/round-2-after/chain-round-1-jobs-8/store/43ia6wlxyddk0n4cwd8yjis70nl6lpl6-leaf-21.drv'","type":105}
@nix {"action":"result","fields":[64,75,1,0],"id":237451561926658,"type":105}
@nix {"action":"result","fields":[0,0,0,0],"id":237451561926659,"type":105}
@nix {"action":"result","fields":[101,0],"id":237451561926657,"type":106}
@nix {"action":"result","fields":[100,0],"id":237451561926657,"type":106}
@nix {"action":"result","fields":[65,76,0,0],"id":237451561926658,"type":105}
@nix {"action":"result","fields":[0,0,0,0],"id":237451561926659,"type":105}
@nix {"action":"result","fields":[101,0],"id":237451561926657,"type":106}
@nix {"action":"result","fields":[100,0],"id":237451561926657,"type":106}
@nix {"action":"stop","id":237451561926724}
@nix {"action":"start","fields":["/Users/hetzner/obrador-shared-pins-20260909/round-2-after/chain-round-1-jobs-8/store/x5g0vpss8x6z2naga5g0q39czc7sp6dn-leaf-22.drv.drv","/Users/hetzner/obrador-shared-pins-20260909/round-2-after/chain-round-1-jobs-8/store/znf1ni9ymnn53vgczivh2nngnxgps5d2-leaf-22.drv.drv"],"id":237451561926725,"level":3,"parent":0,"text":"resolved derivation: '/Users/hetzner/obrador-shared-pins-20260909/round-2-after/chain-round-1-jobs-8/store/x5g0vpss8x6z2naga5g0q39czc7sp6dn-leaf-22.drv.drv' -> '/Users/hetzner/obrador-shared-pins-20260909/round-2-after/chain-round-1-jobs-8/store/znf1ni9ymnn53vgczivh2nngnxgps5d2-leaf-22.drv.drv'","type":111}
@nix {"action":"result","fields":[65,76,0,0],"id":237451561926658,"type":105}
@nix {"action":"result","fields":[0,0,0,0],"id":237451561926659,"type":105}
@nix {"action":"result","fields":[101,0],"id":237451561926657,"type":106}
@nix {"action":"result","fields":[100,0],"id":237451561926657,"type":106}
@nix {"action":"start","fields":["/Users/hetzner/obrador-shared-pins-20260909/round-2-after/chain-round-1-jobs-8/store/znf1ni9ymnn53vgczivh2nngnxgps5d2-leaf-22.drv.drv","",1,1],"id":237451561926726,"level":3,"parent":0,"text":"building '/Users/hetzner/obrador-shared-pins-20260909/round-2-after/chain-round-1-jobs-8/store/znf1ni9ymnn53vgczivh2nngnxgps5d2-leaf-22.drv.drv'","type":105}
@nix {"action":"result","fields":[65,76,1,0],"id":237451561926658,"type":105}
@nix {"action":"result","fields":[0,0,0,0],"id":237451561926659,"type":105}
@nix {"action":"result","fields":[101,0],"id":237451561926657,"type":106}
@nix {"action":"result","fields":[100,0],"id":237451561926657,"type":106}
@nix {"action":"result","fields":[66,77,0,0],"id":237451561926658,"type":105}
@nix {"action":"result","fields":[0,0,0,0],"id":237451561926659,"type":105}
@nix {"action":"result","fields":[101,0],"id":237451561926657,"type":106}
@nix {"action":"result","fields":[100,0],"id":237451561926657,"type":106}
@nix {"action":"stop","id":237451561926726}
@nix {"action":"result","fields":[67,77,0,0],"id":237451561926658,"type":105}
@nix {"action":"result","fields":[0,0,0,0],"id":237451561926659,"type":105}
@nix {"action":"result","fields":[101,0],"id":237451561926657,"type":106}
@nix {"action":"result","fields":[100,0],"id":237451561926657,"type":106}
@nix {"action":"stop","id":237451561926725}
@nix {"action":"result","fields":[67,77,0,0],"id":237451561926658,"type":105}
@nix {"action":"result","fields":[0,0,0,0],"id":237451561926659,"type":105}
@nix {"action":"result","fields":[101,0],"id":237451561926657,"type":106}
@nix {"action":"result","fields":[100,0],"id":237451561926657,"type":106}
@nix {"action":"start","fields":["/Users/hetzner/obrador-shared-pins-20260909/round-2-after/chain-round-1-jobs-8/store/5wl8pmp7kb10wa2q3smjhf6694988k3c-leaf-22.drv","",1,1],"id":237451561926727,"level":3,"parent":0,"text":"building '/Users/hetzner/obrador-shared-pins-20260909/round-2-after/chain-round-1-jobs-8/store/5wl8pmp7kb10wa2q3smjhf6694988k3c-leaf-22.drv'","type":105}
@nix {"action":"result","fields":[67,77,1,0],"id":237451561926658,"type":105}
@nix {"action":"result","fields":[0,0,0,0],"id":237451561926659,"type":105}
@nix {"action":"result","fields":[101,0],"id":237451561926657,"type":106}
@nix {"action":"result","fields":[100,0],"id":237451561926657,"type":106}
@nix {"action":"result","fields":[68,78,0,0],"id":237451561926658,"type":105}
@nix {"action":"result","fields":[0,0,0,0],"id":237451561926659,"type":105}
@nix {"action":"result","fields":[101,0],"id":237451561926657,"type":106}
@nix {"action":"result","fields":[100,0],"id":237451561926657,"type":106}
@nix {"action":"stop","id":237451561926727}
@nix {"action":"start","fields":["/Users/hetzner/obrador-shared-pins-20260909/round-2-after/chain-round-1-jobs-8/store/pkyg1iwy79hlmxkh5s8zx2nr1bjr5px1-leaf-23.drv.drv","/Users/hetzner/obrador-shared-pins-20260909/round-2-after/chain-round-1-jobs-8/store/z71wfn8z6vifizvzpilnrz6dg016mb4p-leaf-23.drv.drv"],"id":237451561926728,"level":3,"parent":0,"text":"resolved derivation: '/Users/hetzner/obrador-shared-pins-20260909/round-2-after/chain-round-1-jobs-8/store/pkyg1iwy79hlmxkh5s8zx2nr1bjr5px1-leaf-23.drv.drv' -> '/Users/hetzner/obrador-shared-pins-20260909/round-2-after/chain-round-1-jobs-8/store/z71wfn8z6vifizvzpilnrz6dg016mb4p-leaf-23.drv.drv'","type":111}
@nix {"action":"result","fields":[68,78,0,0],"id":237451561926658,"type":105}
@nix {"action":"result","fields":[0,0,0,0],"id":237451561926659,"type":105}
@nix {"action":"result","fields":[101,0],"id":237451561926657,"type":106}
@nix {"action":"result","fields":[100,0],"id":237451561926657,"type":106}
@nix {"action":"start","fields":["/Users/hetzner/obrador-shared-pins-20260909/round-2-after/chain-round-1-jobs-8/store/z71wfn8z6vifizvzpilnrz6dg016mb4p-leaf-23.drv.drv","",1,1],"id":237451561926729,"level":3,"parent":0,"text":"building '/Users/hetzner/obrador-shared-pins-20260909/round-2-after/chain-round-1-jobs-8/store/z71wfn8z6vifizvzpilnrz6dg016mb4p-leaf-23.drv.drv'","type":105}
@nix {"action":"result","fields":[68,78,1,0],"id":237451561926658,"type":105}
@nix {"action":"result","fields":[0,0,0,0],"id":237451561926659,"type":105}
@nix {"action":"result","fields":[101,0],"id":237451561926657,"type":106}
@nix {"action":"result","fields":[100,0],"id":237451561926657,"type":106}
@nix {"action":"result","fields":[69,79,0,0],"id":237451561926658,"type":105}
@nix {"action":"result","fields":[0,0,0,0],"id":237451561926659,"type":105}
@nix {"action":"result","fields":[101,0],"id":237451561926657,"type":106}
@nix {"action":"result","fields":[100,0],"id":237451561926657,"type":106}
@nix {"action":"stop","id":237451561926729}
@nix {"action":"result","fields":[70,79,0,0],"id":237451561926658,"type":105}
@nix {"action":"result","fields":[0,0,0,0],"id":237451561926659,"type":105}
@nix {"action":"result","fields":[101,0],"id":237451561926657,"type":106}
@nix {"action":"result","fields":[100,0],"id":237451561926657,"type":106}
@nix {"action":"stop","id":237451561926728}
@nix {"action":"result","fields":[70,79,0,0],"id":237451561926658,"type":105}
@nix {"action":"result","fields":[0,0,0,0],"id":237451561926659,"type":105}
@nix {"action":"result","fields":[101,0],"id":237451561926657,"type":106}
@nix {"action":"result","fields":[100,0],"id":237451561926657,"type":106}
@nix {"action":"start","fields":["/Users/hetzner/obrador-shared-pins-20260909/round-2-after/chain-round-1-jobs-8/store/lirn9psyha2xfy96y04h9z2rjww2xgdi-leaf-23.drv","",1,1],"id":237451561926730,"level":3,"parent":0,"text":"building '/Users/hetzner/obrador-shared-pins-20260909/round-2-after/chain-round-1-jobs-8/store/lirn9psyha2xfy96y04h9z2rjww2xgdi-leaf-23.drv'","type":105}
@nix {"action":"result","fields":[70,79,1,0],"id":237451561926658,"type":105}
@nix {"action":"result","fields":[0,0,0,0],"id":237451561926659,"type":105}
@nix {"action":"result","fields":[101,0],"id":237451561926657,"type":106}
@nix {"action":"result","fields":[100,0],"id":237451561926657,"type":106}
@nix {"action":"result","fields":[71,80,0,0],"id":237451561926658,"type":105}
@nix {"action":"result","fields":[0,0,0,0],"id":237451561926659,"type":105}
@nix {"action":"result","fields":[101,0],"id":237451561926657,"type":106}
@nix {"action":"result","fields":[100,0],"id":237451561926657,"type":106}
@nix {"action":"stop","id":237451561926730}
@nix {"action":"start","fields":["/Users/hetzner/obrador-shared-pins-20260909/round-2-after/chain-round-1-jobs-8/store/jq2pqq9d04ajfpcz3059zf4dj47amvzl-leaf-24.drv.drv","/Users/hetzner/obrador-shared-pins-20260909/round-2-after/chain-round-1-jobs-8/store/pvihj09bs81xcr8dyywk3r7acjfslk2n-leaf-24.drv.drv"],"id":237451561926731,"level":3,"parent":0,"text":"resolved derivation: '/Users/hetzner/obrador-shared-pins-20260909/round-2-after/chain-round-1-jobs-8/store/jq2pqq9d04ajfpcz3059zf4dj47amvzl-leaf-24.drv.drv' -> '/Users/hetzner/obrador-shared-pins-20260909/round-2-after/chain-round-1-jobs-8/store/pvihj09bs81xcr8dyywk3r7acjfslk2n-leaf-24.drv.drv'","type":111}
@nix {"action":"result","fields":[71,80,0,0],"id":237451561926658,"type":105}
@nix {"action":"result","fields":[0,0,0,0],"id":237451561926659,"type":105}
@nix {"action":"result","fields":[101,0],"id":237451561926657,"type":106}
@nix {"action":"result","fields":[100,0],"id":237451561926657,"type":106}
@nix {"action":"start","fields":["/Users/hetzner/obrador-shared-pins-20260909/round-2-after/chain-round-1-jobs-8/store/pvihj09bs81xcr8dyywk3r7acjfslk2n-leaf-24.drv.drv","",1,1],"id":237451561926732,"level":3,"parent":0,"text":"building '/Users/hetzner/obrador-shared-pins-20260909/round-2-after/chain-round-1-jobs-8/store/pvihj09bs81xcr8dyywk3r7acjfslk2n-leaf-24.drv.drv'","type":105}
@nix {"action":"result","fields":[71,80,1,0],"id":237451561926658,"type":105}
@nix {"action":"result","fields":[0,0,0,0],"id":237451561926659,"type":105}
@nix {"action":"result","fields":[101,0],"id":237451561926657,"type":106}
@nix {"action":"result","fields":[100,0],"id":237451561926657,"type":106}
@nix {"action":"result","fields":[72,81,0,0],"id":237451561926658,"type":105}
@nix {"action":"result","fields":[0,0,0,0],"id":237451561926659,"type":105}
@nix {"action":"result","fields":[101,0],"id":237451561926657,"type":106}
@nix {"action":"result","fields":[100,0],"id":237451561926657,"type":106}
@nix {"action":"stop","id":237451561926732}
@nix {"action":"result","fields":[73,81,0,0],"id":237451561926658,"type":105}
@nix {"action":"result","fields":[0,0,0,0],"id":237451561926659,"type":105}
@nix {"action":"result","fields":[101,0],"id":237451561926657,"type":106}
@nix {"action":"result","fields":[100,0],"id":237451561926657,"type":106}
@nix {"action":"stop","id":237451561926731}
@nix {"action":"result","fields":[73,81,0,0],"id":237451561926658,"type":105}
@nix {"action":"result","fields":[0,0,0,0],"id":237451561926659,"type":105}
@nix {"action":"result","fields":[101,0],"id":237451561926657,"type":106}
@nix {"action":"result","fields":[100,0],"id":237451561926657,"type":106}
@nix {"action":"start","fields":["/Users/hetzner/obrador-shared-pins-20260909/round-2-after/chain-round-1-jobs-8/store/7idbkvkx7vdac2khm1dmw2avk8z2pqjy-leaf-24.drv","",1,1],"id":237451561926733,"level":3,"parent":0,"text":"building '/Users/hetzner/obrador-shared-pins-20260909/round-2-after/chain-round-1-jobs-8/store/7idbkvkx7vdac2khm1dmw2avk8z2pqjy-leaf-24.drv'","type":105}
@nix {"action":"result","fields":[73,81,1,0],"id":237451561926658,"type":105}
@nix {"action":"result","fields":[0,0,0,0],"id":237451561926659,"type":105}
@nix {"action":"result","fields":[101,0],"id":237451561926657,"type":106}
@nix {"action":"result","fields":[100,0],"id":237451561926657,"type":106}
@nix {"action":"result","fields":[74,82,0,0],"id":237451561926658,"type":105}
@nix {"action":"result","fields":[0,0,0,0],"id":237451561926659,"type":105}
@nix {"action":"result","fields":[101,0],"id":237451561926657,"type":106}
@nix {"action":"result","fields":[100,0],"id":237451561926657,"type":106}
@nix {"action":"stop","id":237451561926733}
@nix {"action":"start","fields":["/Users/hetzner/obrador-shared-pins-20260909/round-2-after/chain-round-1-jobs-8/store/isxy1c59q8kj9126bimgyiddy9ga7ph7-leaf-25.drv.drv","/Users/hetzner/obrador-shared-pins-20260909/round-2-after/chain-round-1-jobs-8/store/2z3srwz5m8p8bfjl680fgy9f12m4gz0j-leaf-25.drv.drv"],"id":237451561926734,"level":3,"parent":0,"text":"resolved derivation: '/Users/hetzner/obrador-shared-pins-20260909/round-2-after/chain-round-1-jobs-8/store/isxy1c59q8kj9126bimgyiddy9ga7ph7-leaf-25.drv.drv' -> '/Users/hetzner/obrador-shared-pins-20260909/round-2-after/chain-round-1-jobs-8/store/2z3srwz5m8p8bfjl680fgy9f12m4gz0j-leaf-25.drv.drv'","type":111}
@nix {"action":"result","fields":[74,82,0,0],"id":237451561926658,"type":105}
@nix {"action":"result","fields":[0,0,0,0],"id":237451561926659,"type":105}
@nix {"action":"result","fields":[101,0],"id":237451561926657,"type":106}
@nix {"action":"result","fields":[100,0],"id":237451561926657,"type":106}
@nix {"action":"start","fields":["/Users/hetzner/obrador-shared-pins-20260909/round-2-after/chain-round-1-jobs-8/store/2z3srwz5m8p8bfjl680fgy9f12m4gz0j-leaf-25.drv.drv","",1,1],"id":237451561926735,"level":3,"parent":0,"text":"building '/Users/hetzner/obrador-shared-pins-20260909/round-2-after/chain-round-1-jobs-8/store/2z3srwz5m8p8bfjl680fgy9f12m4gz0j-leaf-25.drv.drv'","type":105}
@nix {"action":"result","fields":[74,82,1,0],"id":237451561926658,"type":105}
@nix {"action":"result","fields":[0,0,0,0],"id":237451561926659,"type":105}
@nix {"action":"result","fields":[101,0],"id":237451561926657,"type":106}
@nix {"action":"result","fields":[100,0],"id":237451561926657,"type":106}
@nix {"action":"result","fields":[75,83,0,0],"id":237451561926658,"type":105}
@nix {"action":"result","fields":[0,0,0,0],"id":237451561926659,"type":105}
@nix {"action":"result","fields":[101,0],"id":237451561926657,"type":106}
@nix {"action":"result","fields":[100,0],"id":237451561926657,"type":106}
@nix {"action":"stop","id":237451561926735}
@nix {"action":"result","fields":[76,83,0,0],"id":237451561926658,"type":105}
@nix {"action":"result","fields":[0,0,0,0],"id":237451561926659,"type":105}
@nix {"action":"result","fields":[101,0],"id":237451561926657,"type":106}
@nix {"action":"result","fields":[100,0],"id":237451561926657,"type":106}
@nix {"action":"stop","id":237451561926734}
@nix {"action":"result","fields":[76,83,0,0],"id":237451561926658,"type":105}
@nix {"action":"result","fields":[0,0,0,0],"id":237451561926659,"type":105}
@nix {"action":"result","fields":[101,0],"id":237451561926657,"type":106}
@nix {"action":"result","fields":[100,0],"id":237451561926657,"type":106}
@nix {"action":"start","fields":["/Users/hetzner/obrador-shared-pins-20260909/round-2-after/chain-round-1-jobs-8/store/56kpa38mq5gjdfcyasma2yvgsmlqqxfd-leaf-25.drv","",1,1],"id":237451561926736,"level":3,"parent":0,"text":"building '/Users/hetzner/obrador-shared-pins-20260909/round-2-after/chain-round-1-jobs-8/store/56kpa38mq5gjdfcyasma2yvgsmlqqxfd-leaf-25.drv'","type":105}
@nix {"action":"result","fields":[76,83,1,0],"id":237451561926658,"type":105}
@nix {"action":"result","fields":[0,0,0,0],"id":237451561926659,"type":105}
@nix {"action":"result","fields":[101,0],"id":237451561926657,"type":106}
@nix {"action":"result","fields":[100,0],"id":237451561926657,"type":106}
@nix {"action":"result","fields":[77,84,0,0],"id":237451561926658,"type":105}
@nix {"action":"result","fields":[0,0,0,0],"id":237451561926659,"type":105}
@nix {"action":"result","fields":[101,0],"id":237451561926657,"type":106}
@nix {"action":"result","fields":[100,0],"id":237451561926657,"type":106}
@nix {"action":"stop","id":237451561926736}
@nix {"action":"start","fields":["/Users/hetzner/obrador-shared-pins-20260909/round-2-after/chain-round-1-jobs-8/store/awisr3lbybj2yfi2y7fl45sblcg34vcv-leaf-26.drv.drv","/Users/hetzner/obrador-shared-pins-20260909/round-2-after/chain-round-1-jobs-8/store/nwclx76hkh2f5i33p61jjchqv18g6jdj-leaf-26.drv.drv"],"id":237451561926737,"level":3,"parent":0,"text":"resolved derivation: '/Users/hetzner/obrador-shared-pins-20260909/round-2-after/chain-round-1-jobs-8/store/awisr3lbybj2yfi2y7fl45sblcg34vcv-leaf-26.drv.drv' -> '/Users/hetzner/obrador-shared-pins-20260909/round-2-after/chain-round-1-jobs-8/store/nwclx76hkh2f5i33p61jjchqv18g6jdj-leaf-26.drv.drv'","type":111}
@nix {"action":"result","fields":[77,84,0,0],"id":237451561926658,"type":105}
@nix {"action":"result","fields":[0,0,0,0],"id":237451561926659,"type":105}
@nix {"action":"result","fields":[101,0],"id":237451561926657,"type":106}
@nix {"action":"result","fields":[100,0],"id":237451561926657,"type":106}
@nix {"action":"start","fields":["/Users/hetzner/obrador-shared-pins-20260909/round-2-after/chain-round-1-jobs-8/store/nwclx76hkh2f5i33p61jjchqv18g6jdj-leaf-26.drv.drv","",1,1],"id":237451561926738,"level":3,"parent":0,"text":"building '/Users/hetzner/obrador-shared-pins-20260909/round-2-after/chain-round-1-jobs-8/store/nwclx76hkh2f5i33p61jjchqv18g6jdj-leaf-26.drv.drv'","type":105}
@nix {"action":"result","fields":[77,84,1,0],"id":237451561926658,"type":105}
@nix {"action":"result","fields":[0,0,0,0],"id":237451561926659,"type":105}
@nix {"action":"result","fields":[101,0],"id":237451561926657,"type":106}
@nix {"action":"result","fields":[100,0],"id":237451561926657,"type":106}
@nix {"action":"result","fields":[78,85,0,0],"id":237451561926658,"type":105}
@nix {"action":"result","fields":[0,0,0,0],"id":237451561926659,"type":105}
@nix {"action":"result","fields":[101,0],"id":237451561926657,"type":106}
@nix {"action":"result","fields":[100,0],"id":237451561926657,"type":106}
@nix {"action":"stop","id":237451561926738}
@nix {"action":"result","fields":[79,85,0,0],"id":237451561926658,"type":105}
@nix {"action":"result","fields":[0,0,0,0],"id":237451561926659,"type":105}
@nix {"action":"result","fields":[101,0],"id":237451561926657,"type":106}
@nix {"action":"result","fields":[100,0],"id":237451561926657,"type":106}
@nix {"action":"stop","id":237451561926737}
@nix {"action":"result","fields":[79,85,0,0],"id":237451561926658,"type":105}
@nix {"action":"result","fields":[0,0,0,0],"id":237451561926659,"type":105}
@nix {"action":"result","fields":[101,0],"id":237451561926657,"type":106}
@nix {"action":"result","fields":[100,0],"id":237451561926657,"type":106}
@nix {"action":"start","fields":["/Users/hetzner/obrador-shared-pins-20260909/round-2-after/chain-round-1-jobs-8/store/3aicni148746gd5q1yszjhsj7kgjd5wr-leaf-26.drv","",1,1],"id":237451561926739,"level":3,"parent":0,"text":"building '/Users/hetzner/obrador-shared-pins-20260909/round-2-after/chain-round-1-jobs-8/store/3aicni148746gd5q1yszjhsj7kgjd5wr-leaf-26.drv'","type":105}
@nix {"action":"result","fields":[79,85,1,0],"id":237451561926658,"type":105}
@nix {"action":"result","fields":[0,0,0,0],"id":237451561926659,"type":105}
@nix {"action":"result","fields":[101,0],"id":237451561926657,"type":106}
@nix {"action":"result","fields":[100,0],"id":237451561926657,"type":106}
@nix {"action":"result","fields":[80,86,0,0],"id":237451561926658,"type":105}
@nix {"action":"result","fields":[0,0,0,0],"id":237451561926659,"type":105}
@nix {"action":"result","fields":[101,0],"id":237451561926657,"type":106}
@nix {"action":"result","fields":[100,0],"id":237451561926657,"type":106}
@nix {"action":"stop","id":237451561926739}
@nix {"action":"start","fields":["/Users/hetzner/obrador-shared-pins-20260909/round-2-after/chain-round-1-jobs-8/store/6k81cihls4v6gjkjkb7gph884r3avsm5-leaf-27.drv.drv","/Users/hetzner/obrador-shared-pins-20260909/round-2-after/chain-round-1-jobs-8/store/qdsjs3fm2wjclr4gdlc19szd04wfply0-leaf-27.drv.drv"],"id":237451561926740,"level":3,"parent":0,"text":"resolved derivation: '/Users/hetzner/obrador-shared-pins-20260909/round-2-after/chain-round-1-jobs-8/store/6k81cihls4v6gjkjkb7gph884r3avsm5-leaf-27.drv.drv' -> '/Users/hetzner/obrador-shared-pins-20260909/round-2-after/chain-round-1-jobs-8/store/qdsjs3fm2wjclr4gdlc19szd04wfply0-leaf-27.drv.drv'","type":111}
@nix {"action":"result","fields":[80,86,0,0],"id":237451561926658,"type":105}
@nix {"action":"result","fields":[0,0,0,0],"id":237451561926659,"type":105}
@nix {"action":"result","fields":[101,0],"id":237451561926657,"type":106}
@nix {"action":"result","fields":[100,0],"id":237451561926657,"type":106}
@nix {"action":"start","fields":["/Users/hetzner/obrador-shared-pins-20260909/round-2-after/chain-round-1-jobs-8/store/qdsjs3fm2wjclr4gdlc19szd04wfply0-leaf-27.drv.drv","",1,1],"id":237451561926741,"level":3,"parent":0,"text":"building '/Users/hetzner/obrador-shared-pins-20260909/round-2-after/chain-round-1-jobs-8/store/qdsjs3fm2wjclr4gdlc19szd04wfply0-leaf-27.drv.drv'","type":105}
@nix {"action":"result","fields":[80,86,1,0],"id":237451561926658,"type":105}
@nix {"action":"result","fields":[0,0,0,0],"id":237451561926659,"type":105}
@nix {"action":"result","fields":[101,0],"id":237451561926657,"type":106}
@nix {"action":"result","fields":[100,0],"id":237451561926657,"type":106}
@nix {"action":"result","fields":[81,87,0,0],"id":237451561926658,"type":105}
@nix {"action":"result","fields":[0,0,0,0],"id":237451561926659,"type":105}
@nix {"action":"result","fields":[101,0],"id":237451561926657,"type":106}
@nix {"action":"result","fields":[100,0],"id":237451561926657,"type":106}
@nix {"action":"stop","id":237451561926741}
@nix {"action":"result","fields":[82,87,0,0],"id":237451561926658,"type":105}
@nix {"action":"result","fields":[0,0,0,0],"id":237451561926659,"type":105}
@nix {"action":"result","fields":[101,0],"id":237451561926657,"type":106}
@nix {"action":"result","fields":[100,0],"id":237451561926657,"type":106}
@nix {"action":"stop","id":237451561926740}
@nix {"action":"result","fields":[82,87,0,0],"id":237451561926658,"type":105}
@nix {"action":"result","fields":[0,0,0,0],"id":237451561926659,"type":105}
@nix {"action":"result","fields":[101,0],"id":237451561926657,"type":106}
@nix {"action":"result","fields":[100,0],"id":237451561926657,"type":106}
@nix {"action":"start","fields":["/Users/hetzner/obrador-shared-pins-20260909/round-2-after/chain-round-1-jobs-8/store/pmvz983wkqlqv2i2kx1glwpy6p68iqk1-leaf-27.drv","",1,1],"id":237451561926742,"level":3,"parent":0,"text":"building '/Users/hetzner/obrador-shared-pins-20260909/round-2-after/chain-round-1-jobs-8/store/pmvz983wkqlqv2i2kx1glwpy6p68iqk1-leaf-27.drv'","type":105}
@nix {"action":"result","fields":[82,87,1,0],"id":237451561926658,"type":105}
@nix {"action":"result","fields":[0,0,0,0],"id":237451561926659,"type":105}
@nix {"action":"result","fields":[101,0],"id":237451561926657,"type":106}
@nix {"action":"result","fields":[100,0],"id":237451561926657,"type":106}
@nix {"action":"result","fields":[83,88,0,0],"id":237451561926658,"type":105}
@nix {"action":"result","fields":[0,0,0,0],"id":237451561926659,"type":105}
@nix {"action":"result","fields":[101,0],"id":237451561926657,"type":106}
@nix {"action":"result","fields":[100,0],"id":237451561926657,"type":106}
@nix {"action":"stop","id":237451561926742}
@nix {"action":"start","fields":["/Users/hetzner/obrador-shared-pins-20260909/round-2-after/chain-round-1-jobs-8/store/8kqz80nk5mx42y6dqlfqpnh8ryy0jw3g-leaf-28.drv.drv","/Users/hetzner/obrador-shared-pins-20260909/round-2-after/chain-round-1-jobs-8/store/vqqfpbg4n5npxvjlaqkv2wjda1ml1498-leaf-28.drv.drv"],"id":237451561926743,"level":3,"parent":0,"text":"resolved derivation: '/Users/hetzner/obrador-shared-pins-20260909/round-2-after/chain-round-1-jobs-8/store/8kqz80nk5mx42y6dqlfqpnh8ryy0jw3g-leaf-28.drv.drv' -> '/Users/hetzner/obrador-shared-pins-20260909/round-2-after/chain-round-1-jobs-8/store/vqqfpbg4n5npxvjlaqkv2wjda1ml1498-leaf-28.drv.drv'","type":111}
@nix {"action":"result","fields":[83,88,0,0],"id":237451561926658,"type":105}
@nix {"action":"result","fields":[0,0,0,0],"id":237451561926659,"type":105}
@nix {"action":"result","fields":[101,0],"id":237451561926657,"type":106}
@nix {"action":"result","fields":[100,0],"id":237451561926657,"type":106}
@nix {"action":"start","fields":["/Users/hetzner/obrador-shared-pins-20260909/round-2-after/chain-round-1-jobs-8/store/vqqfpbg4n5npxvjlaqkv2wjda1ml1498-leaf-28.drv.drv","",1,1],"id":237451561926744,"level":3,"parent":0,"text":"building '/Users/hetzner/obrador-shared-pins-20260909/round-2-after/chain-round-1-jobs-8/store/vqqfpbg4n5npxvjlaqkv2wjda1ml1498-leaf-28.drv.drv'","type":105}
@nix {"action":"result","fields":[83,88,1,0],"id":237451561926658,"type":105}
@nix {"action":"result","fields":[0,0,0,0],"id":237451561926659,"type":105}
@nix {"action":"result","fields":[101,0],"id":237451561926657,"type":106}
@nix {"action":"result","fields":[100,0],"id":237451561926657,"type":106}
@nix {"action":"result","fields":[84,89,0,0],"id":237451561926658,"type":105}
@nix {"action":"result","fields":[0,0,0,0],"id":237451561926659,"type":105}
@nix {"action":"result","fields":[101,0],"id":237451561926657,"type":106}
@nix {"action":"result","fields":[100,0],"id":237451561926657,"type":106}
@nix {"action":"stop","id":237451561926744}
@nix {"action":"result","fields":[85,89,0,0],"id":237451561926658,"type":105}
@nix {"action":"result","fields":[0,0,0,0],"id":237451561926659,"type":105}
@nix {"action":"result","fields":[101,0],"id":237451561926657,"type":106}
@nix {"action":"result","fields":[100,0],"id":237451561926657,"type":106}
@nix {"action":"stop","id":237451561926743}
@nix {"action":"result","fields":[85,89,0,0],"id":237451561926658,"type":105}
@nix {"action":"result","fields":[0,0,0,0],"id":237451561926659,"type":105}
@nix {"action":"result","fields":[101,0],"id":237451561926657,"type":106}
@nix {"action":"result","fields":[100,0],"id":237451561926657,"type":106}
@nix {"action":"start","fields":["/Users/hetzner/obrador-shared-pins-20260909/round-2-after/chain-round-1-jobs-8/store/lp3jsxhdlnbk7dsz186841025m5kqpwl-leaf-28.drv","",1,1],"id":237451561926745,"level":3,"parent":0,"text":"building '/Users/hetzner/obrador-shared-pins-20260909/round-2-after/chain-round-1-jobs-8/store/lp3jsxhdlnbk7dsz186841025m5kqpwl-leaf-28.drv'","type":105}
@nix {"action":"result","fields":[85,89,1,0],"id":237451561926658,"type":105}
@nix {"action":"result","fields":[0,0,0,0],"id":237451561926659,"type":105}
@nix {"action":"result","fields":[101,0],"id":237451561926657,"type":106}
@nix {"action":"result","fields":[100,0],"id":237451561926657,"type":106}
@nix {"action":"result","fields":[86,90,0,0],"id":237451561926658,"type":105}
@nix {"action":"result","fields":[0,0,0,0],"id":237451561926659,"type":105}
@nix {"action":"result","fields":[101,0],"id":237451561926657,"type":106}
@nix {"action":"result","fields":[100,0],"id":237451561926657,"type":106}
@nix {"action":"stop","id":237451561926745}
@nix {"action":"start","fields":["/Users/hetzner/obrador-shared-pins-20260909/round-2-after/chain-round-1-jobs-8/store/p7bip4p1lr5ijwbg5px9z6mv2m13n4zh-leaf-29.drv.drv","/Users/hetzner/obrador-shared-pins-20260909/round-2-after/chain-round-1-jobs-8/store/nl2fxmm5ialw5k8lfrr2n3b9sdvf1k46-leaf-29.drv.drv"],"id":237451561926746,"level":3,"parent":0,"text":"resolved derivation: '/Users/hetzner/obrador-shared-pins-20260909/round-2-after/chain-round-1-jobs-8/store/p7bip4p1lr5ijwbg5px9z6mv2m13n4zh-leaf-29.drv.drv' -> '/Users/hetzner/obrador-shared-pins-20260909/round-2-after/chain-round-1-jobs-8/store/nl2fxmm5ialw5k8lfrr2n3b9sdvf1k46-leaf-29.drv.drv'","type":111}
@nix {"action":"result","fields":[86,90,0,0],"id":237451561926658,"type":105}
@nix {"action":"result","fields":[0,0,0,0],"id":237451561926659,"type":105}
@nix {"action":"result","fields":[101,0],"id":237451561926657,"type":106}
@nix {"action":"result","fields":[100,0],"id":237451561926657,"type":106}
@nix {"action":"start","fields":["/Users/hetzner/obrador-shared-pins-20260909/round-2-after/chain-round-1-jobs-8/store/nl2fxmm5ialw5k8lfrr2n3b9sdvf1k46-leaf-29.drv.drv","",1,1],"id":237451561926747,"level":3,"parent":0,"text":"building '/Users/hetzner/obrador-shared-pins-20260909/round-2-after/chain-round-1-jobs-8/store/nl2fxmm5ialw5k8lfrr2n3b9sdvf1k46-leaf-29.drv.drv'","type":105}
@nix {"action":"result","fields":[86,90,1,0],"id":237451561926658,"type":105}
@nix {"action":"result","fields":[0,0,0,0],"id":237451561926659,"type":105}
@nix {"action":"result","fields":[101,0],"id":237451561926657,"type":106}
@nix {"action":"result","fields":[100,0],"id":237451561926657,"type":106}
@nix {"action":"result","fields":[87,91,0,0],"id":237451561926658,"type":105}
@nix {"action":"result","fields":[0,0,0,0],"id":237451561926659,"type":105}
@nix {"action":"result","fields":[101,0],"id":237451561926657,"type":106}
@nix {"action":"result","fields":[100,0],"id":237451561926657,"type":106}
@nix {"action":"stop","id":237451561926747}
@nix {"action":"result","fields":[88,91,0,0],"id":237451561926658,"type":105}
@nix {"action":"result","fields":[0,0,0,0],"id":237451561926659,"type":105}
@nix {"action":"result","fields":[101,0],"id":237451561926657,"type":106}
@nix {"action":"result","fields":[100,0],"id":237451561926657,"type":106}
@nix {"action":"stop","id":237451561926746}
@nix {"action":"result","fields":[88,91,0,0],"id":237451561926658,"type":105}
@nix {"action":"result","fields":[0,0,0,0],"id":237451561926659,"type":105}
@nix {"action":"result","fields":[101,0],"id":237451561926657,"type":106}
@nix {"action":"result","fields":[100,0],"id":237451561926657,"type":106}
@nix {"action":"start","fields":["/Users/hetzner/obrador-shared-pins-20260909/round-2-after/chain-round-1-jobs-8/store/h1wqv5whfbf3bvhil0idcfkx3yqa9p6s-leaf-29.drv","",1,1],"id":237451561926748,"level":3,"parent":0,"text":"building '/Users/hetzner/obrador-shared-pins-20260909/round-2-after/chain-round-1-jobs-8/store/h1wqv5whfbf3bvhil0idcfkx3yqa9p6s-leaf-29.drv'","type":105}
@nix {"action":"result","fields":[88,91,1,0],"id":237451561926658,"type":105}
@nix {"action":"result","fields":[0,0,0,0],"id":237451561926659,"type":105}
@nix {"action":"result","fields":[101,0],"id":237451561926657,"type":106}
@nix {"action":"result","fields":[100,0],"id":237451561926657,"type":106}
@nix {"action":"result","fields":[89,92,0,0],"id":237451561926658,"type":105}
@nix {"action":"result","fields":[0,0,0,0],"id":237451561926659,"type":105}
@nix {"action":"result","fields":[101,0],"id":237451561926657,"type":106}
@nix {"action":"result","fields":[100,0],"id":237451561926657,"type":106}
@nix {"action":"stop","id":237451561926748}
@nix {"action":"start","fields":["/Users/hetzner/obrador-shared-pins-20260909/round-2-after/chain-round-1-jobs-8/store/azrr09kl156wmz097nkjgj1qhbbh9mgb-leaf-30.drv.drv","/Users/hetzner/obrador-shared-pins-20260909/round-2-after/chain-round-1-jobs-8/store/y60kfsxinnl2lajak16b54iqc788chck-leaf-30.drv.drv"],"id":237451561926749,"level":3,"parent":0,"text":"resolved derivation: '/Users/hetzner/obrador-shared-pins-20260909/round-2-after/chain-round-1-jobs-8/store/azrr09kl156wmz097nkjgj1qhbbh9mgb-leaf-30.drv.drv' -> '/Users/hetzner/obrador-shared-pins-20260909/round-2-after/chain-round-1-jobs-8/store/y60kfsxinnl2lajak16b54iqc788chck-leaf-30.drv.drv'","type":111}
@nix {"action":"result","fields":[89,92,0,0],"id":237451561926658,"type":105}
@nix {"action":"result","fields":[0,0,0,0],"id":237451561926659,"type":105}
@nix {"action":"result","fields":[101,0],"id":237451561926657,"type":106}
@nix {"action":"result","fields":[100,0],"id":237451561926657,"type":106}
@nix {"action":"start","fields":["/Users/hetzner/obrador-shared-pins-20260909/round-2-after/chain-round-1-jobs-8/store/y60kfsxinnl2lajak16b54iqc788chck-leaf-30.drv.drv","",1,1],"id":237451561926750,"level":3,"parent":0,"text":"building '/Users/hetzner/obrador-shared-pins-20260909/round-2-after/chain-round-1-jobs-8/store/y60kfsxinnl2lajak16b54iqc788chck-leaf-30.drv.drv'","type":105}
@nix {"action":"result","fields":[89,92,1,0],"id":237451561926658,"type":105}
@nix {"action":"result","fields":[0,0,0,0],"id":237451561926659,"type":105}
@nix {"action":"result","fields":[101,0],"id":237451561926657,"type":106}
@nix {"action":"result","fields":[100,0],"id":237451561926657,"type":106}
@nix {"action":"result","fields":[90,93,0,0],"id":237451561926658,"type":105}
@nix {"action":"result","fields":[0,0,0,0],"id":237451561926659,"type":105}
@nix {"action":"result","fields":[101,0],"id":237451561926657,"type":106}
@nix {"action":"result","fields":[100,0],"id":237451561926657,"type":106}
@nix {"action":"stop","id":237451561926750}
@nix {"action":"result","fields":[91,93,0,0],"id":237451561926658,"type":105}
@nix {"action":"result","fields":[0,0,0,0],"id":237451561926659,"type":105}
@nix {"action":"result","fields":[101,0],"id":237451561926657,"type":106}
@nix {"action":"result","fields":[100,0],"id":237451561926657,"type":106}
@nix {"action":"stop","id":237451561926749}
@nix {"action":"result","fields":[91,93,0,0],"id":237451561926658,"type":105}
@nix {"action":"result","fields":[0,0,0,0],"id":237451561926659,"type":105}
@nix {"action":"result","fields":[101,0],"id":237451561926657,"type":106}
@nix {"action":"result","fields":[100,0],"id":237451561926657,"type":106}
@nix {"action":"start","fields":["/Users/hetzner/obrador-shared-pins-20260909/round-2-after/chain-round-1-jobs-8/store/ns3l99vgwip384aw0lwwc90r4dyf4zbb-leaf-30.drv","",1,1],"id":237451561926751,"level":3,"parent":0,"text":"building '/Users/hetzner/obrador-shared-pins-20260909/round-2-after/chain-round-1-jobs-8/store/ns3l99vgwip384aw0lwwc90r4dyf4zbb-leaf-30.drv'","type":105}
@nix {"action":"result","fields":[91,93,1,0],"id":237451561926658,"type":105}
@nix {"action":"result","fields":[0,0,0,0],"id":237451561926659,"type":105}
@nix {"action":"result","fields":[101,0],"id":237451561926657,"type":106}
@nix {"action":"result","fields":[100,0],"id":237451561926657,"type":106}
@nix {"action":"result","fields":[92,94,0,0],"id":237451561926658,"type":105}
@nix {"action":"result","fields":[0,0,0,0],"id":237451561926659,"type":105}
@nix {"action":"result","fields":[101,0],"id":237451561926657,"type":106}
@nix {"action":"result","fields":[100,0],"id":237451561926657,"type":106}
@nix {"action":"stop","id":237451561926751}
@nix {"action":"start","fields":["/Users/hetzner/obrador-shared-pins-20260909/round-2-after/chain-round-1-jobs-8/store/hcp0s0vjnhk3586pvn8bz90vpk012mf8-leaf-31.drv.drv","/Users/hetzner/obrador-shared-pins-20260909/round-2-after/chain-round-1-jobs-8/store/ifp3b1k76kqflia30jkigv31hpy6gm3a-leaf-31.drv.drv"],"id":237451561926752,"level":3,"parent":0,"text":"resolved derivation: '/Users/hetzner/obrador-shared-pins-20260909/round-2-after/chain-round-1-jobs-8/store/hcp0s0vjnhk3586pvn8bz90vpk012mf8-leaf-31.drv.drv' -> '/Users/hetzner/obrador-shared-pins-20260909/round-2-after/chain-round-1-jobs-8/store/ifp3b1k76kqflia30jkigv31hpy6gm3a-leaf-31.drv.drv'","type":111}
@nix {"action":"result","fields":[92,94,0,0],"id":237451561926658,"type":105}
@nix {"action":"result","fields":[0,0,0,0],"id":237451561926659,"type":105}
@nix {"action":"result","fields":[101,0],"id":237451561926657,"type":106}
@nix {"action":"result","fields":[100,0],"id":237451561926657,"type":106}
@nix {"action":"start","fields":["/Users/hetzner/obrador-shared-pins-20260909/round-2-after/chain-round-1-jobs-8/store/ifp3b1k76kqflia30jkigv31hpy6gm3a-leaf-31.drv.drv","",1,1],"id":237451561926753,"level":3,"parent":0,"text":"building '/Users/hetzner/obrador-shared-pins-20260909/round-2-after/chain-round-1-jobs-8/store/ifp3b1k76kqflia30jkigv31hpy6gm3a-leaf-31.drv.drv'","type":105}
@nix {"action":"result","fields":[92,94,1,0],"id":237451561926658,"type":105}
@nix {"action":"result","fields":[0,0,0,0],"id":237451561926659,"type":105}
@nix {"action":"result","fields":[101,0],"id":237451561926657,"type":106}
@nix {"action":"result","fields":[100,0],"id":237451561926657,"type":106}
@nix {"action":"result","fields":[93,95,0,0],"id":237451561926658,"type":105}
@nix {"action":"result","fields":[0,0,0,0],"id":237451561926659,"type":105}
@nix {"action":"result","fields":[101,0],"id":237451561926657,"type":106}
@nix {"action":"result","fields":[100,0],"id":237451561926657,"type":106}
@nix {"action":"stop","id":237451561926753}
@nix {"action":"result","fields":[94,95,0,0],"id":237451561926658,"type":105}
@nix {"action":"result","fields":[0,0,0,0],"id":237451561926659,"type":105}
@nix {"action":"result","fields":[101,0],"id":237451561926657,"type":106}
@nix {"action":"result","fields":[100,0],"id":237451561926657,"type":106}
@nix {"action":"stop","id":237451561926752}
@nix {"action":"result","fields":[94,95,0,0],"id":237451561926658,"type":105}
@nix {"action":"result","fields":[0,0,0,0],"id":237451561926659,"type":105}
@nix {"action":"result","fields":[101,0],"id":237451561926657,"type":106}
@nix {"action":"result","fields":[100,0],"id":237451561926657,"type":106}
@nix {"action":"start","fields":["/Users/hetzner/obrador-shared-pins-20260909/round-2-after/chain-round-1-jobs-8/store/al8pa59iwzkwxyjfhbn7l5x5fh6kh11i-leaf-31.drv","",1,1],"id":237451561926754,"level":3,"parent":0,"text":"building '/Users/hetzner/obrador-shared-pins-20260909/round-2-after/chain-round-1-jobs-8/store/al8pa59iwzkwxyjfhbn7l5x5fh6kh11i-leaf-31.drv'","type":105}
@nix {"action":"result","fields":[94,95,1,0],"id":237451561926658,"type":105}
@nix {"action":"result","fields":[0,0,0,0],"id":237451561926659,"type":105}
@nix {"action":"result","fields":[101,0],"id":237451561926657,"type":106}
@nix {"action":"result","fields":[100,0],"id":237451561926657,"type":106}
@nix {"action":"result","fields":[95,96,0,0],"id":237451561926658,"type":105}
@nix {"action":"result","fields":[0,0,0,0],"id":237451561926659,"type":105}
@nix {"action":"result","fields":[101,0],"id":237451561926657,"type":106}
@nix {"action":"result","fields":[100,0],"id":237451561926657,"type":106}
@nix {"action":"stop","id":237451561926754}
@nix {"action":"stop","id":237451561926659}
@nix {"action":"stop","id":237451561926658}
@nix {"action":"stop","id":237451561926657}
