@nix {"action":"start","id":238499533946880,"level":6,"parent":0,"text":"querying info about missing paths","type":0}
@nix {"action":"msg","level":1,"msg":"\u001b[35;1mwarning:\u001b[0m Ignoring dynamic derivation /Users/hetzner/obrador-shared-pins-20260909/round-2-after/wide-round-1-jobs-8/store/10lnzs540qsqv8v8fk6xfg4lmca4iv58-leaf-15.drv.drv^out while querying missing paths; not yet implemented"}
@nix {"action":"msg","level":1,"msg":"\u001b[35;1mwarning:\u001b[0m Ignoring dynamic derivation /Users/hetzner/obrador-shared-pins-20260909/round-2-after/wide-round-1-jobs-8/store/2kf8i4j6rfagll47xsk3ypdb7y3f3d6y-leaf-20.drv.drv^out while querying missing paths; not yet implemented"}
@nix {"action":"msg","level":1,"msg":"\u001b[35;1mwarning:\u001b[0m Ignoring dynamic derivation /Users/hetzner/obrador-shared-pins-20260909/round-2-after/wide-round-1-jobs-8/store/4xji18hh6pwwwlysl519fsl97r7wdq5m-leaf-16.drv.drv^out while querying missing paths; not yet implemented"}
@nix {"action":"msg","level":1,"msg":"\u001b[35;1mwarning:\u001b[0m Ignoring dynamic derivation /Users/hetzner/obrador-shared-pins-20260909/round-2-after/wide-round-1-jobs-8/store/57vvfbdqilw8qlabh52yadzsfdc5i7jc-leaf-6.drv.drv^out while querying missing paths; not yet implemented"}
@nix {"action":"msg","level":1,"msg":"\u001b[35;1mwarning:\u001b[0m Ignoring dynamic derivation /Users/hetzner/obrador-shared-pins-20260909/round-2-after/wide-round-1-jobs-8/store/5ykvyszzagbdkbm5zmh820z6b6iac2xf-leaf-8.drv.drv^out while querying missing paths; not yet implemented"}
@nix {"action":"msg","level":1,"msg":"\u001b[35;1mwarning:\u001b[0m Ignoring dynamic derivation /Users/hetzner/obrador-shared-pins-20260909/round-2-after/wide-round-1-jobs-8/store/7rwyx45hzlkk5r5nzxxwgchym094yisi-leaf-29.drv.drv^out while querying missing paths; not yet implemented"}
@nix {"action":"msg","level":1,"msg":"\u001b[35;1mwarning:\u001b[0m Ignoring dynamic derivation /Users/hetzner/obrador-shared-pins-20260909/round-2-after/wide-round-1-jobs-8/store/8gpvrniwap64cs567q387k0h0pdibh7x-leaf-25.drv.drv^out while querying missing paths; not yet implemented"}
@nix {"action":"msg","level":1,"msg":"\u001b[35;1mwarning:\u001b[0m Ignoring dynamic derivation /Users/hetzner/obrador-shared-pins-20260909/round-2-after/wide-round-1-jobs-8/store/8kdfbpc8dljnr3hffym2r6ycr49rj89x-leaf-14.drv.drv^out while querying missing paths; not yet implemented"}
@nix {"action":"msg","level":1,"msg":"\u001b[35;1mwarning:\u001b[0m Ignoring dynamic derivation /Users/hetzner/obrador-shared-pins-20260909/round-2-after/wide-round-1-jobs-8/store/9gf4jicpdg462mbk6n732yn2pivm8409-leaf-1.drv.drv^out while querying missing paths; not yet implemented"}
@nix {"action":"msg","level":1,"msg":"\u001b[35;1mwarning:\u001b[0m Ignoring dynamic derivation /Users/hetzner/obrador-shared-pins-20260909/round-2-after/wide-round-1-jobs-8/store/9mk4a28g9aa3c1w39zwkvqlkxzy1mhkb-leaf-28.drv.drv^out while querying missing paths; not yet implemented"}
@nix {"action":"msg","level":1,"msg":"\u001b[35;1mwarning:\u001b[0m Ignoring dynamic derivation /Users/hetzner/obrador-shared-pins-20260909/round-2-after/wide-round-1-jobs-8/store/9yhzm0sbg1paaq2n7gaqsrzkdrxiqf0i-leaf-27.drv.drv^out while querying missing paths; not yet implemented"}
@nix {"action":"msg","level":1,"msg":"\u001b[35;1mwarning:\u001b[0m Ignoring dynamic derivation /Users/hetzner/obrador-shared-pins-20260909/round-2-after/wide-round-1-jobs-8/store/asx87kqjxa6hlg9xb7ihaabbpb1hk63q-leaf-10.drv.drv^out while querying missing paths; not yet implemented"}
@nix {"action":"msg","level":1,"msg":"\u001b[35;1mwarning:\u001b[0m Ignoring dynamic derivation /Users/hetzner/obrador-shared-pins-20260909/round-2-after/wide-round-1-jobs-8/store/db75x55z135i69fn38252hiwzp72n6gh-leaf-11.drv.drv^out while querying missing paths; not yet implemented"}
@nix {"action":"msg","level":1,"msg":"\u001b[35;1mwarning:\u001b[0m Ignoring dynamic derivation /Users/hetzner/obrador-shared-pins-20260909/round-2-after/wide-round-1-jobs-8/store/gdi0nd05zayd2782jvclb05bd4n3q8kz-leaf-4.drv.drv^out while querying missing paths; not yet implemented"}
@nix {"action":"msg","level":1,"msg":"\u001b[35;1mwarning:\u001b[0m Ignoring dynamic derivation /Users/hetzner/obrador-shared-pins-20260909/round-2-after/wide-round-1-jobs-8/store/gfh93avgjjab0mwgs59skv097zwpll3g-leaf-26.drv.drv^out while querying missing paths; not yet implemented"}
@nix {"action":"msg","level":1,"msg":"\u001b[35;1mwarning:\u001b[0m Ignoring dynamic derivation /Users/hetzner/obrador-shared-pins-20260909/round-2-after/wide-round-1-jobs-8/store/gx53xhbl9f3q941cfrjcprqnbwqdbcig-leaf-17.drv.drv^out while querying missing paths; not yet implemented"}
@nix {"action":"msg","level":1,"msg":"\u001b[35;1mwarning:\u001b[0m Ignoring dynamic derivation /Users/hetzner/obrador-shared-pins-20260909/round-2-after/wide-round-1-jobs-8/store/h3qcqi5zf0lp17pymz27wbshf83py931-leaf-12.drv.drv^out while querying missing paths; not yet implemented"}
@nix {"action":"msg","level":1,"msg":"\u001b[35;1mwarning:\u001b[0m Ignoring dynamic derivation /Users/hetzner/obrador-shared-pins-20260909/round-2-after/wide-round-1-jobs-8/store/h82r5wh6s1pa4rd4n7zay5yzx98q9bin-leaf-3.drv.drv^out while querying missing paths; not yet implemented"}
@nix {"action":"msg","level":1,"msg":"\u001b[35;1mwarning:\u001b[0m Ignoring dynamic derivation /Users/hetzner/obrador-shared-pins-20260909/round-2-after/wide-round-1-jobs-8/store/ir64li9sk73lf1z9yk984yns89h5mf8d-leaf-5.drv.drv^out while querying missing paths; not yet implemented"}
@nix {"action":"msg","level":1,"msg":"\u001b[35;1mwarning:\u001b[0m Ignoring dynamic derivation /Users/hetzner/obrador-shared-pins-20260909/round-2-after/wide-round-1-jobs-8/store/j67kkbzpmqrcnf7v8m13vprnkh2mj7q3-leaf-2.drv.drv^out while querying missing paths; not yet implemented"}
@nix {"action":"msg","level":1,"msg":"\u001b[35;1mwarning:\u001b[0m Ignoring dynamic derivation /Users/hetzner/obrador-shared-pins-20260909/round-2-after/wide-round-1-jobs-8/store/jb9c9c0pvy3z1lr13lrjp6s0v896fmam-leaf-30.drv.drv^out while querying missing paths; not yet implemented"}
@nix {"action":"msg","level":1,"msg":"\u001b[35;1mwarning:\u001b[0m Ignoring dynamic derivation /Users/hetzner/obrador-shared-pins-20260909/round-2-after/wide-round-1-jobs-8/store/jrywgp5wfzgd9aklhqz0r028sjijm2zm-leaf-0.drv.drv^out while querying missing paths; not yet implemented"}
@nix {"action":"msg","level":1,"msg":"\u001b[35;1mwarning:\u001b[0m Ignoring dynamic derivation /Users/hetzner/obrador-shared-pins-20260909/round-2-after/wide-round-1-jobs-8/store/kp24qgcps92x6xg5mgl98w23ikqjm6z4-leaf-9.drv.drv^out while querying missing paths; not yet implemented"}
@nix {"action":"msg","level":1,"msg":"\u001b[35;1mwarning:\u001b[0m Ignoring dynamic derivation /Users/hetzner/obrador-shared-pins-20260909/round-2-after/wide-round-1-jobs-8/store/lfa3slp84z8gg1ardyphbymml7rn96qs-leaf-23.drv.drv^out while querying missing paths; not yet implemented"}
@nix {"action":"msg","level":1,"msg":"\u001b[35;1mwarning:\u001b[0m Ignoring dynamic derivation /Users/hetzner/obrador-shared-pins-20260909/round-2-after/wide-round-1-jobs-8/store/n74nsnr1schhlmx0a379a8hhydkgqw7l-leaf-22.drv.drv^out while querying missing paths; not yet implemented"}
@nix {"action":"msg","level":1,"msg":"\u001b[35;1mwarning:\u001b[0m Ignoring dynamic derivation /Users/hetzner/obrador-shared-pins-20260909/round-2-after/wide-round-1-jobs-8/store/nggh0dvz3nnvdgh717nc58xb1b2nqvm2-leaf-21.drv.drv^out while querying missing paths; not yet implemented"}
@nix {"action":"msg","level":1,"msg":"\u001b[35;1mwarning:\u001b[0m Ignoring dynamic derivation /Users/hetzner/obrador-shared-pins-20260909/round-2-after/wide-round-1-jobs-8/store/p993gp3aliir1zqznhzs96yx060isrfj-leaf-18.drv.drv^out while querying missing paths; not yet implemented"}
@nix {"action":"msg","level":1,"msg":"\u001b[35;1mwarning:\u001b[0m Ignoring dynamic derivation /Users/hetzner/obrador-shared-pins-20260909/round-2-after/wide-round-1-jobs-8/store/pfaqi3hjz6vawyf3jqjjx3n2wjsp9wd1-leaf-13.drv.drv^out while querying missing paths; not yet implemented"}
@nix {"action":"msg","level":1,"msg":"\u001b[35;1mwarning:\u001b[0m Ignoring dynamic derivation /Users/hetzner/obrador-shared-pins-20260909/round-2-after/wide-round-1-jobs-8/store/qzy3s3lcndv9nafahl3rgydqcfy9gmdp-leaf-19.drv.drv^out while querying missing paths; not yet implemented"}
@nix {"action":"msg","level":1,"msg":"\u001b[35;1mwarning:\u001b[0m Ignoring dynamic derivation /Users/hetzner/obrador-shared-pins-20260909/round-2-after/wide-round-1-jobs-8/store/w8wh13b95kifykiyqcwzzpsvzbkxz2i8-leaf-24.drv.drv^out while querying missing paths; not yet implemented"}
@nix {"action":"msg","level":1,"msg":"\u001b[35;1mwarning:\u001b[0m Ignoring dynamic derivation /Users/hetzner/obrador-shared-pins-20260909/round-2-after/wide-round-1-jobs-8/store/xdgw1fhhajqdzixfczvra9qay0ppqp45-leaf-31.drv.drv^out while querying missing paths; not yet implemented"}
@nix {"action":"msg","level":1,"msg":"\u001b[35;1mwarning:\u001b[0m Ignoring dynamic derivation /Users/hetzner/obrador-shared-pins-20260909/round-2-after/wide-round-1-jobs-8/store/xrvspvvshz8fb2x8zn17bl5lcvdf1vvn-leaf-7.drv.drv^out while querying missing paths; not yet implemented"}
@nix {"action":"stop","id":238499533946880}
@nix {"action":"start","id":238499533946881,"level":0,"parent":0,"text":"","type":102}
@nix {"action":"start","id":238499533946882,"level":0,"parent":0,"text":"","type":104}
@nix {"action":"start","id":238499533946883,"level":0,"parent":0,"text":"","type":103}
@nix {"action":"result","fields":[0,0,0,0],"id":238499533946882,"type":105}
@nix {"action":"result","fields":[0,0,0,0],"id":238499533946883,"type":105}
@nix {"action":"result","fields":[101,0],"id":238499533946881,"type":106}
@nix {"action":"result","fields":[100,0],"id":238499533946881,"type":106}
@nix {"action":"result","fields":[0,0,0,0],"id":238499533946882,"type":105}
@nix {"action":"result","fields":[0,0,0,0],"id":238499533946883,"type":105}
@nix {"action":"result","fields":[101,0],"id":238499533946881,"type":106}
@nix {"action":"result","fields":[100,0],"id":238499533946881,"type":106}
@nix {"action":"result","fields":[0,0,0,0],"id":238499533946882,"type":105}
@nix {"action":"result","fields":[0,0,0,0],"id":238499533946883,"type":105}
@nix {"action":"result","fields":[101,0],"id":238499533946881,"type":106}
@nix {"action":"result","fields":[100,0],"id":238499533946881,"type":106}
@nix {"action":"result","fields":[0,0,0,0],"id":238499533946882,"type":105}
@nix {"action":"result","fields":[0,0,0,0],"id":238499533946883,"type":105}
@nix {"action":"result","fields":[101,0],"id":238499533946881,"type":106}
@nix {"action":"result","fields":[100,0],"id":238499533946881,"type":106}
@nix {"action":"result","fields":[0,0,0,0],"id":238499533946882,"type":105}
@nix {"action":"result","fields":[0,0,0,0],"id":238499533946883,"type":105}
@nix {"action":"result","fields":[101,0],"id":238499533946881,"type":106}
@nix {"action":"result","fields":[100,0],"id":238499533946881,"type":106}
@nix {"action":"result","fields":[0,0,0,0],"id":238499533946882,"type":105}
@nix {"action":"result","fields":[0,0,0,0],"id":238499533946883,"type":105}
@nix {"action":"result","fields":[101,0],"id":238499533946881,"type":106}
@nix {"action":"result","fields":[100,0],"id":238499533946881,"type":106}
@nix {"action":"result","fields":[0,0,0,0],"id":238499533946882,"type":105}
@nix {"action":"result","fields":[0,0,0,0],"id":238499533946883,"type":105}
@nix {"action":"result","fields":[101,0],"id":238499533946881,"type":106}
@nix {"action":"result","fields":[100,0],"id":238499533946881,"type":106}
@nix {"action":"result","fields":[0,0,0,0],"id":238499533946882,"type":105}
@nix {"action":"result","fields":[0,0,0,0],"id":238499533946883,"type":105}
@nix {"action":"result","fields":[101,0],"id":238499533946881,"type":106}
@nix {"action":"result","fields":[100,0],"id":238499533946881,"type":106}
@nix {"action":"result","fields":[0,0,0,0],"id":238499533946882,"type":105}
@nix {"action":"result","fields":[0,0,0,0],"id":238499533946883,"type":105}
@nix {"action":"result","fields":[101,0],"id":238499533946881,"type":106}
@nix {"action":"result","fields":[100,0],"id":238499533946881,"type":106}
@nix {"action":"result","fields":[0,0,0,0],"id":238499533946882,"type":105}
@nix {"action":"result","fields":[0,0,0,0],"id":238499533946883,"type":105}
@nix {"action":"result","fields":[101,0],"id":238499533946881,"type":106}
@nix {"action":"result","fields":[100,0],"id":238499533946881,"type":106}
@nix {"action":"result","fields":[0,0,0,0],"id":238499533946882,"type":105}
@nix {"action":"result","fields":[0,0,0,0],"id":238499533946883,"type":105}
@nix {"action":"result","fields":[101,0],"id":238499533946881,"type":106}
@nix {"action":"result","fields":[100,0],"id":238499533946881,"type":106}
@nix {"action":"result","fields":[0,0,0,0],"id":238499533946882,"type":105}
@nix {"action":"result","fields":[0,0,0,0],"id":238499533946883,"type":105}
@nix {"action":"result","fields":[101,0],"id":238499533946881,"type":106}
@nix {"action":"result","fields":[100,0],"id":238499533946881,"type":106}
@nix {"action":"result","fields":[0,0,0,0],"id":238499533946882,"type":105}
@nix {"action":"result","fields":[0,0,0,0],"id":238499533946883,"type":105}
@nix {"action":"result","fields":[101,0],"id":238499533946881,"type":106}
@nix {"action":"result","fields":[100,0],"id":238499533946881,"type":106}
@nix {"action":"result","fields":[0,0,0,0],"id":238499533946882,"type":105}
@nix {"action":"result","fields":[0,0,0,0],"id":238499533946883,"type":105}
@nix {"action":"result","fields":[101,0],"id":238499533946881,"type":106}
@nix {"action":"result","fields":[100,0],"id":238499533946881,"type":106}
@nix {"action":"result","fields":[0,0,0,0],"id":238499533946882,"type":105}
@nix {"action":"result","fields":[0,0,0,0],"id":238499533946883,"type":105}
@nix {"action":"result","fields":[101,0],"id":238499533946881,"type":106}
@nix {"action":"result","fields":[100,0],"id":238499533946881,"type":106}
@nix {"action":"result","fields":[0,0,0,0],"id":238499533946882,"type":105}
@nix {"action":"result","fields":[0,0,0,0],"id":238499533946883,"type":105}
@nix {"action":"result","fields":[101,0],"id":238499533946881,"type":106}
@nix {"action":"result","fields":[100,0],"id":238499533946881,"type":106}
@nix {"action":"result","fields":[0,0,0,0],"id":238499533946882,"type":105}
@nix {"action":"result","fields":[0,0,0,0],"id":238499533946883,"type":105}
@nix {"action":"result","fields":[101,0],"id":238499533946881,"type":106}
@nix {"action":"result","fields":[100,0],"id":238499533946881,"type":106}
@nix {"action":"result","fields":[0,0,0,0],"id":238499533946882,"type":105}
@nix {"action":"result","fields":[0,0,0,0],"id":238499533946883,"type":105}
@nix {"action":"result","fields":[101,0],"id":238499533946881,"type":106}
@nix {"action":"result","fields":[100,0],"id":238499533946881,"type":106}
@nix {"action":"result","fields":[0,0,0,0],"id":238499533946882,"type":105}
@nix {"action":"result","fields":[0,0,0,0],"id":238499533946883,"type":105}
@nix {"action":"result","fields":[101,0],"id":238499533946881,"type":106}
@nix {"action":"result","fields":[100,0],"id":238499533946881,"type":106}
@nix {"action":"result","fields":[0,0,0,0],"id":238499533946882,"type":105}
@nix {"action":"result","fields":[0,0,0,0],"id":238499533946883,"type":105}
@nix {"action":"result","fields":[101,0],"id":238499533946881,"type":106}
@nix {"action":"result","fields":[100,0],"id":238499533946881,"type":106}
@nix {"action":"result","fields":[0,0,0,0],"id":238499533946882,"type":105}
@nix {"action":"result","fields":[0,0,0,0],"id":238499533946883,"type":105}
@nix {"action":"result","fields":[101,0],"id":238499533946881,"type":106}
@nix {"action":"result","fields":[100,0],"id":238499533946881,"type":106}
@nix {"action":"result","fields":[0,0,0,0],"id":238499533946882,"type":105}
@nix {"action":"result","fields":[0,0,0,0],"id":238499533946883,"type":105}
@nix {"action":"result","fields":[101,0],"id":238499533946881,"type":106}
@nix {"action":"result","fields":[100,0],"id":238499533946881,"type":106}
@nix {"action":"result","fields":[0,0,0,0],"id":238499533946882,"type":105}
@nix {"action":"result","fields":[0,0,0,0],"id":238499533946883,"type":105}
@nix {"action":"result","fields":[101,0],"id":238499533946881,"type":106}
@nix {"action":"result","fields":[100,0],"id":238499533946881,"type":106}
@nix {"action":"result","fields":[0,0,0,0],"id":238499533946882,"type":105}
@nix {"action":"result","fields":[0,0,0,0],"id":238499533946883,"type":105}
@nix {"action":"result","fields":[101,0],"id":238499533946881,"type":106}
@nix {"action":"result","fields":[100,0],"id":238499533946881,"type":106}
@nix {"action":"result","fields":[0,0,0,0],"id":238499533946882,"type":105}
@nix {"action":"result","fields":[0,0,0,0],"id":238499533946883,"type":105}
@nix {"action":"result","fields":[101,0],"id":238499533946881,"type":106}
@nix {"action":"result","fields":[100,0],"id":238499533946881,"type":106}
@nix {"action":"result","fields":[0,0,0,0],"id":238499533946882,"type":105}
@nix {"action":"result","fields":[0,0,0,0],"id":238499533946883,"type":105}
@nix {"action":"result","fields":[101,0],"id":238499533946881,"type":106}
@nix {"action":"result","fields":[100,0],"id":238499533946881,"type":106}
@nix {"action":"result","fields":[0,0,0,0],"id":238499533946882,"type":105}
@nix {"action":"result","fields":[0,0,0,0],"id":238499533946883,"type":105}
@nix {"action":"result","fields":[101,0],"id":238499533946881,"type":106}
@nix {"action":"result","fields":[100,0],"id":238499533946881,"type":106}
@nix {"action":"result","fields":[0,0,0,0],"id":238499533946882,"type":105}
@nix {"action":"result","fields":[0,0,0,0],"id":238499533946883,"type":105}
@nix {"action":"result","fields":[101,0],"id":238499533946881,"type":106}
@nix {"action":"result","fields":[100,0],"id":238499533946881,"type":106}
@nix {"action":"result","fields":[0,0,0,0],"id":238499533946882,"type":105}
@nix {"action":"result","fields":[0,0,0,0],"id":238499533946883,"type":105}
@nix {"action":"result","fields":[101,0],"id":238499533946881,"type":106}
@nix {"action":"result","fields":[100,0],"id":238499533946881,"type":106}
@nix {"action":"result","fields":[0,0,0,0],"id":238499533946882,"type":105}
@nix {"action":"result","fields":[0,0,0,0],"id":238499533946883,"type":105}
@nix {"action":"result","fields":[101,0],"id":238499533946881,"type":106}
@nix {"action":"result","fields":[100,0],"id":238499533946881,"type":106}
@nix {"action":"result","fields":[0,0,0,0],"id":238499533946882,"type":105}
@nix {"action":"result","fields":[0,0,0,0],"id":238499533946883,"type":105}
@nix {"action":"result","fields":[101,0],"id":238499533946881,"type":106}
@nix {"action":"result","fields":[100,0],"id":238499533946881,"type":106}
@nix {"action":"result","fields":[0,0,0,0],"id":238499533946882,"type":105}
@nix {"action":"result","fields":[0,0,0,0],"id":238499533946883,"type":105}
@nix {"action":"result","fields":[101,0],"id":238499533946881,"type":106}
@nix {"action":"result","fields":[100,0],"id":238499533946881,"type":106}
@nix {"action":"result","fields":[0,0,0,0],"id":238499533946882,"type":105}
@nix {"action":"result","fields":[0,0,0,0],"id":238499533946883,"type":105}
@nix {"action":"result","fields":[101,0],"id":238499533946881,"type":106}
@nix {"action":"result","fields":[100,0],"id":238499533946881,"type":106}
@nix {"action":"result","fields":[0,0,0,0],"id":238499533946882,"type":105}
@nix {"action":"result","fields":[0,0,0,0],"id":238499533946883,"type":105}
@nix {"action":"result","fields":[101,0],"id":238499533946881,"type":106}
@nix {"action":"result","fields":[100,0],"id":238499533946881,"type":106}
@nix {"action":"result","fields":[0,0,0,0],"id":238499533946882,"type":105}
@nix {"action":"result","fields":[0,0,0,0],"id":238499533946883,"type":105}
@nix {"action":"result","fields":[101,0],"id":238499533946881,"type":106}
@nix {"action":"result","fields":[100,0],"id":238499533946881,"type":106}
@nix {"action":"result","fields":[0,0,0,0],"id":238499533946882,"type":105}
@nix {"action":"result","fields":[0,0,0,0],"id":238499533946883,"type":105}
@nix {"action":"result","fields":[101,0],"id":238499533946881,"type":106}
@nix {"action":"result","fields":[100,0],"id":238499533946881,"type":106}
@nix {"action":"result","fields":[0,0,0,0],"id":238499533946882,"type":105}
@nix {"action":"result","fields":[0,0,0,0],"id":238499533946883,"type":105}
@nix {"action":"result","fields":[101,0],"id":238499533946881,"type":106}
@nix {"action":"result","fields":[100,0],"id":238499533946881,"type":106}
@nix {"action":"result","fields":[0,0,0,0],"id":238499533946882,"type":105}
@nix {"action":"result","fields":[0,0,0,0],"id":238499533946883,"type":105}
@nix {"action":"result","fields":[101,0],"id":238499533946881,"type":106}
@nix {"action":"result","fields":[100,0],"id":238499533946881,"type":106}
@nix {"action":"result","fields":[0,0,0,0],"id":238499533946882,"type":105}
@nix {"action":"result","fields":[0,0,0,0],"id":238499533946883,"type":105}
@nix {"action":"result","fields":[101,0],"id":238499533946881,"type":106}
@nix {"action":"result","fields":[100,0],"id":238499533946881,"type":106}
@nix {"action":"result","fields":[0,0,0,0],"id":238499533946882,"type":105}
@nix {"action":"result","fields":[0,0,0,0],"id":238499533946883,"type":105}
@nix {"action":"result","fields":[101,0],"id":238499533946881,"type":106}
@nix {"action":"result","fields":[100,0],"id":238499533946881,"type":106}
@nix {"action":"result","fields":[0,0,0,0],"id":238499533946882,"type":105}
@nix {"action":"result","fields":[0,0,0,0],"id":238499533946883,"type":105}
@nix {"action":"result","fields":[101,0],"id":238499533946881,"type":106}
@nix {"action":"result","fields":[100,0],"id":238499533946881,"type":106}
@nix {"action":"result","fields":[0,0,0,0],"id":238499533946882,"type":105}
@nix {"action":"result","fields":[0,0,0,0],"id":238499533946883,"type":105}
@nix {"action":"result","fields":[101,0],"id":238499533946881,"type":106}
@nix {"action":"result","fields":[100,0],"id":238499533946881,"type":106}
@nix {"action":"result","fields":[0,0,0,0],"id":238499533946882,"type":105}
@nix {"action":"result","fields":[0,0,0,0],"id":238499533946883,"type":105}
@nix {"action":"result","fields":[101,0],"id":238499533946881,"type":106}
@nix {"action":"result","fields":[100,0],"id":238499533946881,"type":106}
@nix {"action":"result","fields":[0,0,0,0],"id":238499533946882,"type":105}
@nix {"action":"result","fields":[0,0,0,0],"id":238499533946883,"type":105}
@nix {"action":"result","fields":[101,0],"id":238499533946881,"type":106}
@nix {"action":"result","fields":[100,0],"id":238499533946881,"type":106}
@nix {"action":"result","fields":[0,0,0,0],"id":238499533946882,"type":105}
@nix {"action":"result","fields":[0,0,0,0],"id":238499533946883,"type":105}
@nix {"action":"result","fields":[101,0],"id":238499533946881,"type":106}
@nix {"action":"result","fields":[100,0],"id":238499533946881,"type":106}
@nix {"action":"result","fields":[0,0,0,0],"id":238499533946882,"type":105}
@nix {"action":"result","fields":[0,0,0,0],"id":238499533946883,"type":105}
@nix {"action":"result","fields":[101,0],"id":238499533946881,"type":106}
@nix {"action":"result","fields":[100,0],"id":238499533946881,"type":106}
@nix {"action":"result","fields":[0,0,0,0],"id":238499533946882,"type":105}
@nix {"action":"result","fields":[0,0,0,0],"id":238499533946883,"type":105}
@nix {"action":"result","fields":[101,0],"id":238499533946881,"type":106}
@nix {"action":"result","fields":[100,0],"id":238499533946881,"type":106}
@nix {"action":"result","fields":[0,0,0,0],"id":238499533946882,"type":105}
@nix {"action":"result","fields":[0,0,0,0],"id":238499533946883,"type":105}
@nix {"action":"result","fields":[101,0],"id":238499533946881,"type":106}
@nix {"action":"result","fields":[100,0],"id":238499533946881,"type":106}
@nix {"action":"result","fields":[0,0,0,0],"id":238499533946882,"type":105}
@nix {"action":"result","fields":[0,0,0,0],"id":238499533946883,"type":105}
@nix {"action":"result","fields":[101,0],"id":238499533946881,"type":106}
@nix {"action":"result","fields":[100,0],"id":238499533946881,"type":106}
@nix {"action":"result","fields":[0,0,0,0],"id":238499533946882,"type":105}
@nix {"action":"result","fields":[0,0,0,0],"id":238499533946883,"type":105}
@nix {"action":"result","fields":[101,0],"id":238499533946881,"type":106}
@nix {"action":"result","fields":[100,0],"id":238499533946881,"type":106}
@nix {"action":"result","fields":[0,0,0,0],"id":238499533946882,"type":105}
@nix {"action":"result","fields":[0,0,0,0],"id":238499533946883,"type":105}
@nix {"action":"result","fields":[101,0],"id":238499533946881,"type":106}
@nix {"action":"result","fields":[100,0],"id":238499533946881,"type":106}
@nix {"action":"result","fields":[0,0,0,0],"id":238499533946882,"type":105}
@nix {"action":"result","fields":[0,0,0,0],"id":238499533946883,"type":105}
@nix {"action":"result","fields":[101,0],"id":238499533946881,"type":106}
@nix {"action":"result","fields":[100,0],"id":238499533946881,"type":106}
@nix {"action":"result","fields":[0,0,0,0],"id":238499533946882,"type":105}
@nix {"action":"result","fields":[0,0,0,0],"id":238499533946883,"type":105}
@nix {"action":"result","fields":[101,0],"id":238499533946881,"type":106}
@nix {"action":"result","fields":[100,0],"id":238499533946881,"type":106}
@nix {"action":"result","fields":[0,0,0,0],"id":238499533946882,"type":105}
@nix {"action":"result","fields":[0,0,0,0],"id":238499533946883,"type":105}
@nix {"action":"result","fields":[101,0],"id":238499533946881,"type":106}
@nix {"action":"result","fields":[100,0],"id":238499533946881,"type":106}
@nix {"action":"result","fields":[0,0,0,0],"id":238499533946882,"type":105}
@nix {"action":"result","fields":[0,0,0,0],"id":238499533946883,"type":105}
@nix {"action":"result","fields":[101,0],"id":238499533946881,"type":106}
@nix {"action":"result","fields":[100,0],"id":238499533946881,"type":106}
@nix {"action":"result","fields":[0,0,0,0],"id":238499533946882,"type":105}
@nix {"action":"result","fields":[0,0,0,0],"id":238499533946883,"type":105}
@nix {"action":"result","fields":[101,0],"id":238499533946881,"type":106}
@nix {"action":"result","fields":[100,0],"id":238499533946881,"type":106}
@nix {"action":"result","fields":[0,0,0,0],"id":238499533946882,"type":105}
@nix {"action":"result","fields":[0,0,0,0],"id":238499533946883,"type":105}
@nix {"action":"result","fields":[101,0],"id":238499533946881,"type":106}
@nix {"action":"result","fields":[100,0],"id":238499533946881,"type":106}
@nix {"action":"result","fields":[0,0,0,0],"id":238499533946882,"type":105}
@nix {"action":"result","fields":[0,0,0,0],"id":238499533946883,"type":105}
@nix {"action":"result","fields":[101,0],"id":238499533946881,"type":106}
@nix {"action":"result","fields":[100,0],"id":238499533946881,"type":106}
@nix {"action":"result","fields":[0,0,0,0],"id":238499533946882,"type":105}
@nix {"action":"result","fields":[0,0,0,0],"id":238499533946883,"type":105}
@nix {"action":"result","fields":[101,0],"id":238499533946881,"type":106}
@nix {"action":"result","fields":[100,0],"id":238499533946881,"type":106}
@nix {"action":"result","fields":[0,0,0,0],"id":238499533946882,"type":105}
@nix {"action":"result","fields":[0,0,0,0],"id":238499533946883,"type":105}
@nix {"action":"result","fields":[101,0],"id":238499533946881,"type":106}
@nix {"action":"result","fields":[100,0],"id":238499533946881,"type":106}
@nix {"action":"result","fields":[0,0,0,0],"id":238499533946882,"type":105}
@nix {"action":"result","fields":[0,0,0,0],"id":238499533946883,"type":105}
@nix {"action":"result","fields":[101,0],"id":238499533946881,"type":106}
@nix {"action":"result","fields":[100,0],"id":238499533946881,"type":106}
@nix {"action":"result","fields":[0,0,0,0],"id":238499533946882,"type":105}
@nix {"action":"result","fields":[0,0,0,0],"id":238499533946883,"type":105}
@nix {"action":"result","fields":[101,0],"id":238499533946881,"type":106}
@nix {"action":"result","fields":[100,0],"id":238499533946881,"type":106}
@nix {"action":"result","fields":[0,0,0,0],"id":238499533946882,"type":105}
@nix {"action":"result","fields":[0,0,0,0],"id":238499533946883,"type":105}
@nix {"action":"result","fields":[101,0],"id":238499533946881,"type":106}
@nix {"action":"result","fields":[100,0],"id":238499533946881,"type":106}
@nix {"action":"result","fields":[0,0,0,0],"id":238499533946882,"type":105}
@nix {"action":"result","fields":[0,0,0,0],"id":238499533946883,"type":105}
@nix {"action":"result","fields":[101,0],"id":238499533946881,"type":106}
@nix {"action":"result","fields":[100,0],"id":238499533946881,"type":106}
@nix {"action":"result","fields":[0,1,0,0],"id":238499533946882,"type":105}
@nix {"action":"result","fields":[0,0,0,0],"id":238499533946883,"type":105}
@nix {"action":"result","fields":[101,0],"id":238499533946881,"type":106}
@nix {"action":"result","fields":[100,0],"id":238499533946881,"type":106}
@nix {"action":"result","fields":[0,2,0,0],"id":238499533946882,"type":105}
@nix {"action":"result","fields":[0,0,0,0],"id":238499533946883,"type":105}
@nix {"action":"result","fields":[101,0],"id":238499533946881,"type":106}
@nix {"action":"result","fields":[100,0],"id":238499533946881,"type":106}
@nix {"action":"result","fields":[0,3,0,0],"id":238499533946882,"type":105}
@nix {"action":"result","fields":[0,0,0,0],"id":238499533946883,"type":105}
@nix {"action":"result","fields":[101,0],"id":238499533946881,"type":106}
@nix {"action":"result","fields":[100,0],"id":238499533946881,"type":106}
@nix {"action":"result","fields":[0,4,0,0],"id":238499533946882,"type":105}
@nix {"action":"result","fields":[0,0,0,0],"id":238499533946883,"type":105}
@nix {"action":"result","fields":[101,0],"id":238499533946881,"type":106}
@nix {"action":"result","fields":[100,0],"id":238499533946881,"type":106}
@nix {"action":"result","fields":[0,5,0,0],"id":238499533946882,"type":105}
@nix {"action":"result","fields":[0,0,0,0],"id":238499533946883,"type":105}
@nix {"action":"result","fields":[101,0],"id":238499533946881,"type":106}
@nix {"action":"result","fields":[100,0],"id":238499533946881,"type":106}
@nix {"action":"result","fields":[0,6,0,0],"id":238499533946882,"type":105}
@nix {"action":"result","fields":[0,0,0,0],"id":238499533946883,"type":105}
@nix {"action":"result","fields":[101,0],"id":238499533946881,"type":106}
@nix {"action":"result","fields":[100,0],"id":238499533946881,"type":106}
@nix {"action":"result","fields":[0,7,0,0],"id":238499533946882,"type":105}
@nix {"action":"result","fields":[0,0,0,0],"id":238499533946883,"type":105}
@nix {"action":"result","fields":[101,0],"id":238499533946881,"type":106}
@nix {"action":"result","fields":[100,0],"id":238499533946881,"type":106}
@nix {"action":"result","fields":[0,8,0,0],"id":238499533946882,"type":105}
@nix {"action":"result","fields":[0,0,0,0],"id":238499533946883,"type":105}
@nix {"action":"result","fields":[101,0],"id":238499533946881,"type":106}
@nix {"action":"result","fields":[100,0],"id":238499533946881,"type":106}
@nix {"action":"result","fields":[0,9,0,0],"id":238499533946882,"type":105}
@nix {"action":"result","fields":[0,0,0,0],"id":238499533946883,"type":105}
@nix {"action":"result","fields":[101,0],"id":238499533946881,"type":106}
@nix {"action":"result","fields":[100,0],"id":238499533946881,"type":106}
@nix {"action":"result","fields":[0,10,0,0],"id":238499533946882,"type":105}
@nix {"action":"result","fields":[0,0,0,0],"id":238499533946883,"type":105}
@nix {"action":"result","fields":[101,0],"id":238499533946881,"type":106}
@nix {"action":"result","fields":[100,0],"id":238499533946881,"type":106}
@nix {"action":"result","fields":[0,11,0,0],"id":238499533946882,"type":105}
@nix {"action":"result","fields":[0,0,0,0],"id":238499533946883,"type":105}
@nix {"action":"result","fields":[101,0],"id":238499533946881,"type":106}
@nix {"action":"result","fields":[100,0],"id":238499533946881,"type":106}
@nix {"action":"result","fields":[0,12,0,0],"id":238499533946882,"type":105}
@nix {"action":"result","fields":[0,0,0,0],"id":238499533946883,"type":105}
@nix {"action":"result","fields":[101,0],"id":238499533946881,"type":106}
@nix {"action":"result","fields":[100,0],"id":238499533946881,"type":106}
@nix {"action":"result","fields":[0,13,0,0],"id":238499533946882,"type":105}
@nix {"action":"result","fields":[0,0,0,0],"id":238499533946883,"type":105}
@nix {"action":"result","fields":[101,0],"id":238499533946881,"type":106}
@nix {"action":"result","fields":[100,0],"id":238499533946881,"type":106}
@nix {"action":"result","fields":[0,14,0,0],"id":238499533946882,"type":105}
@nix {"action":"result","fields":[0,0,0,0],"id":238499533946883,"type":105}
@nix {"action":"result","fields":[101,0],"id":238499533946881,"type":106}
@nix {"action":"result","fields":[100,0],"id":238499533946881,"type":106}
@nix {"action":"result","fields":[0,15,0,0],"id":238499533946882,"type":105}
@nix {"action":"result","fields":[0,0,0,0],"id":238499533946883,"type":105}
@nix {"action":"result","fields":[101,0],"id":238499533946881,"type":106}
@nix {"action":"result","fields":[100,0],"id":238499533946881,"type":106}
@nix {"action":"result","fields":[0,16,0,0],"id":238499533946882,"type":105}
@nix {"action":"result","fields":[0,0,0,0],"id":238499533946883,"type":105}
@nix {"action":"result","fields":[101,0],"id":238499533946881,"type":106}
@nix {"action":"result","fields":[100,0],"id":238499533946881,"type":106}
@nix {"action":"result","fields":[0,17,0,0],"id":238499533946882,"type":105}
@nix {"action":"result","fields":[0,0,0,0],"id":238499533946883,"type":105}
@nix {"action":"result","fields":[101,0],"id":238499533946881,"type":106}
@nix {"action":"result","fields":[100,0],"id":238499533946881,"type":106}
@nix {"action":"result","fields":[0,18,0,0],"id":238499533946882,"type":105}
@nix {"action":"result","fields":[0,0,0,0],"id":238499533946883,"type":105}
@nix {"action":"result","fields":[101,0],"id":238499533946881,"type":106}
@nix {"action":"result","fields":[100,0],"id":238499533946881,"type":106}
@nix {"action":"result","fields":[0,19,0,0],"id":238499533946882,"type":105}
@nix {"action":"result","fields":[0,0,0,0],"id":238499533946883,"type":105}
@nix {"action":"result","fields":[101,0],"id":238499533946881,"type":106}
@nix {"action":"result","fields":[100,0],"id":238499533946881,"type":106}
@nix {"action":"result","fields":[0,20,0,0],"id":238499533946882,"type":105}
@nix {"action":"result","fields":[0,0,0,0],"id":238499533946883,"type":105}
@nix {"action":"result","fields":[101,0],"id":238499533946881,"type":106}
@nix {"action":"result","fields":[100,0],"id":238499533946881,"type":106}
@nix {"action":"result","fields":[0,21,0,0],"id":238499533946882,"type":105}
@nix {"action":"result","fields":[0,0,0,0],"id":238499533946883,"type":105}
@nix {"action":"result","fields":[101,0],"id":238499533946881,"type":106}
@nix {"action":"result","fields":[100,0],"id":238499533946881,"type":106}
@nix {"action":"result","fields":[0,22,0,0],"id":238499533946882,"type":105}
@nix {"action":"result","fields":[0,0,0,0],"id":238499533946883,"type":105}
@nix {"action":"result","fields":[101,0],"id":238499533946881,"type":106}
@nix {"action":"result","fields":[100,0],"id":238499533946881,"type":106}
@nix {"action":"result","fields":[0,23,0,0],"id":238499533946882,"type":105}
@nix {"action":"result","fields":[0,0,0,0],"id":238499533946883,"type":105}
@nix {"action":"result","fields":[101,0],"id":238499533946881,"type":106}
@nix {"action":"result","fields":[100,0],"id":238499533946881,"type":106}
@nix {"action":"result","fields":[0,24,0,0],"id":238499533946882,"type":105}
@nix {"action":"result","fields":[0,0,0,0],"id":238499533946883,"type":105}
@nix {"action":"result","fields":[101,0],"id":238499533946881,"type":106}
@nix {"action":"result","fields":[100,0],"id":238499533946881,"type":106}
@nix {"action":"result","fields":[0,25,0,0],"id":238499533946882,"type":105}
@nix {"action":"result","fields":[0,0,0,0],"id":238499533946883,"type":105}
@nix {"action":"result","fields":[101,0],"id":238499533946881,"type":106}
@nix {"action":"result","fields":[100,0],"id":238499533946881,"type":106}
@nix {"action":"result","fields":[0,26,0,0],"id":238499533946882,"type":105}
@nix {"action":"result","fields":[0,0,0,0],"id":238499533946883,"type":105}
@nix {"action":"result","fields":[101,0],"id":238499533946881,"type":106}
@nix {"action":"result","fields":[100,0],"id":238499533946881,"type":106}
@nix {"action":"result","fields":[0,27,0,0],"id":238499533946882,"type":105}
@nix {"action":"result","fields":[0,0,0,0],"id":238499533946883,"type":105}
@nix {"action":"result","fields":[101,0],"id":238499533946881,"type":106}
@nix {"action":"result","fields":[100,0],"id":238499533946881,"type":106}
@nix {"action":"result","fields":[0,28,0,0],"id":238499533946882,"type":105}
@nix {"action":"result","fields":[0,0,0,0],"id":238499533946883,"type":105}
@nix {"action":"result","fields":[101,0],"id":238499533946881,"type":106}
@nix {"action":"result","fields":[100,0],"id":238499533946881,"type":106}
@nix {"action":"result","fields":[0,29,0,0],"id":238499533946882,"type":105}
@nix {"action":"result","fields":[0,0,0,0],"id":238499533946883,"type":105}
@nix {"action":"result","fields":[101,0],"id":238499533946881,"type":106}
@nix {"action":"result","fields":[100,0],"id":238499533946881,"type":106}
@nix {"action":"result","fields":[0,30,0,0],"id":238499533946882,"type":105}
@nix {"action":"result","fields":[0,0,0,0],"id":238499533946883,"type":105}
@nix {"action":"result","fields":[101,0],"id":238499533946881,"type":106}
@nix {"action":"result","fields":[100,0],"id":238499533946881,"type":106}
@nix {"action":"result","fields":[0,31,0,0],"id":238499533946882,"type":105}
@nix {"action":"result","fields":[0,0,0,0],"id":238499533946883,"type":105}
@nix {"action":"result","fields":[101,0],"id":238499533946881,"type":106}
@nix {"action":"result","fields":[100,0],"id":238499533946881,"type":106}
@nix {"action":"result","fields":[0,32,0,0],"id":238499533946882,"type":105}
@nix {"action":"result","fields":[0,0,0,0],"id":238499533946883,"type":105}
@nix {"action":"result","fields":[101,0],"id":238499533946881,"type":106}
@nix {"action":"result","fields":[100,0],"id":238499533946881,"type":106}
@nix {"action":"start","fields":["/Users/hetzner/obrador-shared-pins-20260909/round-2-after/wide-round-1-jobs-8/store/jrywgp5wfzgd9aklhqz0r028sjijm2zm-leaf-0.drv.drv","",1,1],"id":238499533946884,"level":3,"parent":0,"text":"building '/Users/hetzner/obrador-shared-pins-20260909/round-2-after/wide-round-1-jobs-8/store/jrywgp5wfzgd9aklhqz0r028sjijm2zm-leaf-0.drv.drv'","type":105}
@nix {"action":"result","fields":[0,32,1,0],"id":238499533946882,"type":105}
@nix {"action":"result","fields":[0,0,0,0],"id":238499533946883,"type":105}
@nix {"action":"result","fields":[101,0],"id":238499533946881,"type":106}
@nix {"action":"result","fields":[100,0],"id":238499533946881,"type":106}
@nix {"action":"start","fields":["/Users/hetzner/obrador-shared-pins-20260909/round-2-after/wide-round-1-jobs-8/store/9gf4jicpdg462mbk6n732yn2pivm8409-leaf-1.drv.drv","",1,1],"id":238499533946885,"level":3,"parent":0,"text":"building '/Users/hetzner/obrador-shared-pins-20260909/round-2-after/wide-round-1-jobs-8/store/9gf4jicpdg462mbk6n732yn2pivm8409-leaf-1.drv.drv'","type":105}
@nix {"action":"result","fields":[0,32,2,0],"id":238499533946882,"type":105}
@nix {"action":"result","fields":[0,0,0,0],"id":238499533946883,"type":105}
@nix {"action":"result","fields":[101,0],"id":238499533946881,"type":106}
@nix {"action":"result","fields":[100,0],"id":238499533946881,"type":106}
@nix {"action":"start","fields":["/Users/hetzner/obrador-shared-pins-20260909/round-2-after/wide-round-1-jobs-8/store/asx87kqjxa6hlg9xb7ihaabbpb1hk63q-leaf-10.drv.drv","",1,1],"id":238499533946886,"level":3,"parent":0,"text":"building '/Users/hetzner/obrador-shared-pins-20260909/round-2-after/wide-round-1-jobs-8/store/asx87kqjxa6hlg9xb7ihaabbpb1hk63q-leaf-10.drv.drv'","type":105}
@nix {"action":"result","fields":[0,32,3,0],"id":238499533946882,"type":105}
@nix {"action":"result","fields":[0,0,0,0],"id":238499533946883,"type":105}
@nix {"action":"result","fields":[101,0],"id":238499533946881,"type":106}
@nix {"action":"result","fields":[100,0],"id":238499533946881,"type":106}
@nix {"action":"start","fields":["/Users/hetzner/obrador-shared-pins-20260909/round-2-after/wide-round-1-jobs-8/store/db75x55z135i69fn38252hiwzp72n6gh-leaf-11.drv.drv","",1,1],"id":238499533946887,"level":3,"parent":0,"text":"building '/Users/hetzner/obrador-shared-pins-20260909/round-2-after/wide-round-1-jobs-8/store/db75x55z135i69fn38252hiwzp72n6gh-leaf-11.drv.drv'","type":105}
@nix {"action":"result","fields":[0,32,4,0],"id":238499533946882,"type":105}
@nix {"action":"result","fields":[0,0,0,0],"id":238499533946883,"type":105}
@nix {"action":"result","fields":[101,0],"id":238499533946881,"type":106}
@nix {"action":"result","fields":[100,0],"id":238499533946881,"type":106}
@nix {"action":"start","fields":["/Users/hetzner/obrador-shared-pins-20260909/round-2-after/wide-round-1-jobs-8/store/h3qcqi5zf0lp17pymz27wbshf83py931-leaf-12.drv.drv","",1,1],"id":238499533946888,"level":3,"parent":0,"text":"building '/Users/hetzner/obrador-shared-pins-20260909/round-2-after/wide-round-1-jobs-8/store/h3qcqi5zf0lp17pymz27wbshf83py931-leaf-12.drv.drv'","type":105}
@nix {"action":"result","fields":[0,32,5,0],"id":238499533946882,"type":105}
@nix {"action":"result","fields":[0,0,0,0],"id":238499533946883,"type":105}
@nix {"action":"result","fields":[101,0],"id":238499533946881,"type":106}
@nix {"action":"result","fields":[100,0],"id":238499533946881,"type":106}
@nix {"action":"start","fields":["/Users/hetzner/obrador-shared-pins-20260909/round-2-after/wide-round-1-jobs-8/store/pfaqi3hjz6vawyf3jqjjx3n2wjsp9wd1-leaf-13.drv.drv","",1,1],"id":238499533946889,"level":3,"parent":0,"text":"building '/Users/hetzner/obrador-shared-pins-20260909/round-2-after/wide-round-1-jobs-8/store/pfaqi3hjz6vawyf3jqjjx3n2wjsp9wd1-leaf-13.drv.drv'","type":105}
@nix {"action":"result","fields":[0,32,6,0],"id":238499533946882,"type":105}
@nix {"action":"result","fields":[0,0,0,0],"id":238499533946883,"type":105}
@nix {"action":"result","fields":[101,0],"id":238499533946881,"type":106}
@nix {"action":"result","fields":[100,0],"id":238499533946881,"type":106}
@nix {"action":"start","fields":["/Users/hetzner/obrador-shared-pins-20260909/round-2-after/wide-round-1-jobs-8/store/8kdfbpc8dljnr3hffym2r6ycr49rj89x-leaf-14.drv.drv","",1,1],"id":238499533946890,"level":3,"parent":0,"text":"building '/Users/hetzner/obrador-shared-pins-20260909/round-2-after/wide-round-1-jobs-8/store/8kdfbpc8dljnr3hffym2r6ycr49rj89x-leaf-14.drv.drv'","type":105}
@nix {"action":"result","fields":[0,32,7,0],"id":238499533946882,"type":105}
@nix {"action":"result","fields":[0,0,0,0],"id":238499533946883,"type":105}
@nix {"action":"result","fields":[101,0],"id":238499533946881,"type":106}
@nix {"action":"result","fields":[100,0],"id":238499533946881,"type":106}
@nix {"action":"start","fields":["/Users/hetzner/obrador-shared-pins-20260909/round-2-after/wide-round-1-jobs-8/store/10lnzs540qsqv8v8fk6xfg4lmca4iv58-leaf-15.drv.drv","",1,1],"id":238499533946891,"level":3,"parent":0,"text":"building '/Users/hetzner/obrador-shared-pins-20260909/round-2-after/wide-round-1-jobs-8/store/10lnzs540qsqv8v8fk6xfg4lmca4iv58-leaf-15.drv.drv'","type":105}
@nix {"action":"result","fields":[0,32,8,0],"id":238499533946882,"type":105}
@nix {"action":"result","fields":[0,0,0,0],"id":238499533946883,"type":105}
@nix {"action":"result","fields":[101,0],"id":238499533946881,"type":106}
@nix {"action":"result","fields":[100,0],"id":238499533946881,"type":106}
@nix {"action":"result","fields":[1,33,7,0],"id":238499533946882,"type":105}
@nix {"action":"result","fields":[0,0,0,0],"id":238499533946883,"type":105}
@nix {"action":"result","fields":[101,0],"id":238499533946881,"type":106}
@nix {"action":"result","fields":[100,0],"id":238499533946881,"type":106}
@nix {"action":"stop","id":238499533946884}
@nix {"action":"result","fields":[2,34,6,0],"id":238499533946882,"type":105}
@nix {"action":"result","fields":[0,0,0,0],"id":238499533946883,"type":105}
@nix {"action":"result","fields":[101,0],"id":238499533946881,"type":106}
@nix {"action":"result","fields":[100,0],"id":238499533946881,"type":106}
@nix {"action":"stop","id":238499533946885}
@nix {"action":"result","fields":[3,35,5,0],"id":238499533946882,"type":105}
@nix {"action":"result","fields":[0,0,0,0],"id":238499533946883,"type":105}
@nix {"action":"result","fields":[101,0],"id":238499533946881,"type":106}
@nix {"action":"result","fields":[100,0],"id":238499533946881,"type":106}
@nix {"action":"stop","id":238499533946886}
@nix {"action":"result","fields":[4,36,4,0],"id":238499533946882,"type":105}
@nix {"action":"result","fields":[0,0,0,0],"id":238499533946883,"type":105}
@nix {"action":"result","fields":[101,0],"id":238499533946881,"type":106}
@nix {"action":"result","fields":[100,0],"id":238499533946881,"type":106}
@nix {"action":"stop","id":238499533946887}
@nix {"action":"result","fields":[5,37,3,0],"id":238499533946882,"type":105}
@nix {"action":"result","fields":[0,0,0,0],"id":238499533946883,"type":105}
@nix {"action":"result","fields":[101,0],"id":238499533946881,"type":106}
@nix {"action":"result","fields":[100,0],"id":238499533946881,"type":106}
@nix {"action":"stop","id":238499533946888}
@nix {"action":"result","fields":[6,38,2,0],"id":238499533946882,"type":105}
@nix {"action":"result","fields":[0,0,0,0],"id":238499533946883,"type":105}
@nix {"action":"result","fields":[101,0],"id":238499533946881,"type":106}
@nix {"action":"result","fields":[100,0],"id":238499533946881,"type":106}
@nix {"action":"stop","id":238499533946889}
@nix {"action":"result","fields":[7,39,1,0],"id":238499533946882,"type":105}
@nix {"action":"result","fields":[0,0,0,0],"id":238499533946883,"type":105}
@nix {"action":"result","fields":[101,0],"id":238499533946881,"type":106}
@nix {"action":"result","fields":[100,0],"id":238499533946881,"type":106}
@nix {"action":"stop","id":238499533946890}
@nix {"action":"start","fields":["/Users/hetzner/obrador-shared-pins-20260909/round-2-after/wide-round-1-jobs-8/store/jb9c9c0pvy3z1lr13lrjp6s0v896fmam-leaf-30.drv.drv","",1,1],"id":238499533946892,"level":3,"parent":0,"text":"building '/Users/hetzner/obrador-shared-pins-20260909/round-2-after/wide-round-1-jobs-8/store/jb9c9c0pvy3z1lr13lrjp6s0v896fmam-leaf-30.drv.drv'","type":105}
@nix {"action":"result","fields":[7,32,2,0],"id":238499533946882,"type":105}
@nix {"action":"result","fields":[0,0,0,0],"id":238499533946883,"type":105}
@nix {"action":"result","fields":[101,0],"id":238499533946881,"type":106}
@nix {"action":"result","fields":[100,0],"id":238499533946881,"type":106}
@nix {"action":"start","fields":["/Users/hetzner/obrador-shared-pins-20260909/round-2-after/wide-round-1-jobs-8/store/xdgw1fhhajqdzixfczvra9qay0ppqp45-leaf-31.drv.drv","",1,1],"id":238499533946893,"level":3,"parent":0,"text":"building '/Users/hetzner/obrador-shared-pins-20260909/round-2-after/wide-round-1-jobs-8/store/xdgw1fhhajqdzixfczvra9qay0ppqp45-leaf-31.drv.drv'","type":105}
@nix {"action":"result","fields":[7,32,3,0],"id":238499533946882,"type":105}
@nix {"action":"result","fields":[0,0,0,0],"id":238499533946883,"type":105}
@nix {"action":"result","fields":[101,0],"id":238499533946881,"type":106}
@nix {"action":"result","fields":[100,0],"id":238499533946881,"type":106}
@nix {"action":"start","fields":["/Users/hetzner/obrador-shared-pins-20260909/round-2-after/wide-round-1-jobs-8/store/gdi0nd05zayd2782jvclb05bd4n3q8kz-leaf-4.drv.drv","",1,1],"id":238499533946894,"level":3,"parent":0,"text":"building '/Users/hetzner/obrador-shared-pins-20260909/round-2-after/wide-round-1-jobs-8/store/gdi0nd05zayd2782jvclb05bd4n3q8kz-leaf-4.drv.drv'","type":105}
@nix {"action":"result","fields":[7,32,4,0],"id":238499533946882,"type":105}
@nix {"action":"result","fields":[0,0,0,0],"id":238499533946883,"type":105}
@nix {"action":"result","fields":[101,0],"id":238499533946881,"type":106}
@nix {"action":"result","fields":[100,0],"id":238499533946881,"type":106}
@nix {"action":"start","fields":["/Users/hetzner/obrador-shared-pins-20260909/round-2-after/wide-round-1-jobs-8/store/ir64li9sk73lf1z9yk984yns89h5mf8d-leaf-5.drv.drv","",1,1],"id":238499533946895,"level":3,"parent":0,"text":"building '/Users/hetzner/obrador-shared-pins-20260909/round-2-after/wide-round-1-jobs-8/store/ir64li9sk73lf1z9yk984yns89h5mf8d-leaf-5.drv.drv'","type":105}
@nix {"action":"result","fields":[7,32,5,0],"id":238499533946882,"type":105}
@nix {"action":"result","fields":[0,0,0,0],"id":238499533946883,"type":105}
@nix {"action":"result","fields":[101,0],"id":238499533946881,"type":106}
@nix {"action":"result","fields":[100,0],"id":238499533946881,"type":106}
@nix {"action":"start","fields":["/Users/hetzner/obrador-shared-pins-20260909/round-2-after/wide-round-1-jobs-8/store/57vvfbdqilw8qlabh52yadzsfdc5i7jc-leaf-6.drv.drv","",1,1],"id":238499533946896,"level":3,"parent":0,"text":"building '/Users/hetzner/obrador-shared-pins-20260909/round-2-after/wide-round-1-jobs-8/store/57vvfbdqilw8qlabh52yadzsfdc5i7jc-leaf-6.drv.drv'","type":105}
@nix {"action":"result","fields":[7,32,6,0],"id":238499533946882,"type":105}
@nix {"action":"result","fields":[0,0,0,0],"id":238499533946883,"type":105}
@nix {"action":"result","fields":[101,0],"id":238499533946881,"type":106}
@nix {"action":"result","fields":[100,0],"id":238499533946881,"type":106}
@nix {"action":"start","fields":["/Users/hetzner/obrador-shared-pins-20260909/round-2-after/wide-round-1-jobs-8/store/xrvspvvshz8fb2x8zn17bl5lcvdf1vvn-leaf-7.drv.drv","",1,1],"id":238499533946897,"level":3,"parent":0,"text":"building '/Users/hetzner/obrador-shared-pins-20260909/round-2-after/wide-round-1-jobs-8/store/xrvspvvshz8fb2x8zn17bl5lcvdf1vvn-leaf-7.drv.drv'","type":105}
@nix {"action":"result","fields":[7,32,7,0],"id":238499533946882,"type":105}
@nix {"action":"result","fields":[0,0,0,0],"id":238499533946883,"type":105}
@nix {"action":"result","fields":[101,0],"id":238499533946881,"type":106}
@nix {"action":"result","fields":[100,0],"id":238499533946881,"type":106}
@nix {"action":"start","fields":["/Users/hetzner/obrador-shared-pins-20260909/round-2-after/wide-round-1-jobs-8/store/5ykvyszzagbdkbm5zmh820z6b6iac2xf-leaf-8.drv.drv","",1,1],"id":238499533946898,"level":3,"parent":0,"text":"building '/Users/hetzner/obrador-shared-pins-20260909/round-2-after/wide-round-1-jobs-8/store/5ykvyszzagbdkbm5zmh820z6b6iac2xf-leaf-8.drv.drv'","type":105}
@nix {"action":"result","fields":[7,32,8,0],"id":238499533946882,"type":105}
@nix {"action":"result","fields":[0,0,0,0],"id":238499533946883,"type":105}
@nix {"action":"result","fields":[101,0],"id":238499533946881,"type":106}
@nix {"action":"result","fields":[100,0],"id":238499533946881,"type":106}
@nix {"action":"result","fields":[7,33,8,0],"id":238499533946882,"type":105}
@nix {"action":"result","fields":[0,0,0,0],"id":238499533946883,"type":105}
@nix {"action":"result","fields":[101,0],"id":238499533946881,"type":106}
@nix {"action":"result","fields":[100,0],"id":238499533946881,"type":106}
@nix {"action":"result","fields":[7,34,8,0],"id":238499533946882,"type":105}
@nix {"action":"result","fields":[0,0,0,0],"id":238499533946883,"type":105}
@nix {"action":"result","fields":[101,0],"id":238499533946881,"type":106}
@nix {"action":"result","fields":[100,0],"id":238499533946881,"type":106}
@nix {"action":"result","fields":[7,35,8,0],"id":238499533946882,"type":105}
@nix {"action":"result","fields":[0,0,0,0],"id":238499533946883,"type":105}
@nix {"action":"result","fields":[101,0],"id":238499533946881,"type":106}
@nix {"action":"result","fields":[100,0],"id":238499533946881,"type":106}
@nix {"action":"result","fields":[7,36,8,0],"id":238499533946882,"type":105}
@nix {"action":"result","fields":[0,0,0,0],"id":238499533946883,"type":105}
@nix {"action":"result","fields":[101,0],"id":238499533946881,"type":106}
@nix {"action":"result","fields":[100,0],"id":238499533946881,"type":106}
@nix {"action":"result","fields":[7,37,8,0],"id":238499533946882,"type":105}
@nix {"action":"result","fields":[0,0,0,0],"id":238499533946883,"type":105}
@nix {"action":"result","fields":[101,0],"id":238499533946881,"type":106}
@nix {"action":"result","fields":[100,0],"id":238499533946881,"type":106}
@nix {"action":"result","fields":[7,38,8,0],"id":238499533946882,"type":105}
@nix {"action":"result","fields":[0,0,0,0],"id":238499533946883,"type":105}
@nix {"action":"result","fields":[101,0],"id":238499533946881,"type":106}
@nix {"action":"result","fields":[100,0],"id":238499533946881,"type":106}
@nix {"action":"result","fields":[7,39,8,0],"id":238499533946882,"type":105}
@nix {"action":"result","fields":[0,0,0,0],"id":238499533946883,"type":105}
@nix {"action":"result","fields":[101,0],"id":238499533946881,"type":106}
@nix {"action":"result","fields":[100,0],"id":238499533946881,"type":106}
@nix {"action":"result","fields":[8,40,7,0],"id":238499533946882,"type":105}
@nix {"action":"result","fields":[0,0,0,0],"id":238499533946883,"type":105}
@nix {"action":"result","fields":[101,0],"id":238499533946881,"type":106}
@nix {"action":"result","fields":[100,0],"id":238499533946881,"type":106}
@nix {"action":"stop","id":238499533946891}
@nix {"action":"result","fields":[9,41,6,0],"id":238499533946882,"type":105}
@nix {"action":"result","fields":[0,0,0,0],"id":238499533946883,"type":105}
@nix {"action":"result","fields":[101,0],"id":238499533946881,"type":106}
@nix {"action":"result","fields":[100,0],"id":238499533946881,"type":106}
@nix {"action":"stop","id":238499533946892}
@nix {"action":"result","fields":[10,42,5,0],"id":238499533946882,"type":105}
@nix {"action":"result","fields":[0,0,0,0],"id":238499533946883,"type":105}
@nix {"action":"result","fields":[101,0],"id":238499533946881,"type":106}
@nix {"action":"result","fields":[100,0],"id":238499533946881,"type":106}
@nix {"action":"stop","id":238499533946893}
@nix {"action":"result","fields":[11,43,4,0],"id":238499533946882,"type":105}
@nix {"action":"result","fields":[0,0,0,0],"id":238499533946883,"type":105}
@nix {"action":"result","fields":[101,0],"id":238499533946881,"type":106}
@nix {"action":"result","fields":[100,0],"id":238499533946881,"type":106}
@nix {"action":"stop","id":238499533946894}
@nix {"action":"result","fields":[12,44,3,0],"id":238499533946882,"type":105}
@nix {"action":"result","fields":[0,0,0,0],"id":238499533946883,"type":105}
@nix {"action":"result","fields":[101,0],"id":238499533946881,"type":106}
@nix {"action":"result","fields":[100,0],"id":238499533946881,"type":106}
@nix {"action":"stop","id":238499533946895}
@nix {"action":"result","fields":[13,45,2,0],"id":238499533946882,"type":105}
@nix {"action":"result","fields":[0,0,0,0],"id":238499533946883,"type":105}
@nix {"action":"result","fields":[101,0],"id":238499533946881,"type":106}
@nix {"action":"result","fields":[100,0],"id":238499533946881,"type":106}
@nix {"action":"stop","id":238499533946896}
@nix {"action":"result","fields":[14,46,1,0],"id":238499533946882,"type":105}
@nix {"action":"result","fields":[0,0,0,0],"id":238499533946883,"type":105}
@nix {"action":"result","fields":[101,0],"id":238499533946881,"type":106}
@nix {"action":"result","fields":[100,0],"id":238499533946881,"type":106}
@nix {"action":"stop","id":238499533946897}
@nix {"action":"start","fields":["/Users/hetzner/obrador-shared-pins-20260909/round-2-after/wide-round-1-jobs-8/store/4xji18hh6pwwwlysl519fsl97r7wdq5m-leaf-16.drv.drv","",1,1],"id":238499533946899,"level":3,"parent":0,"text":"building '/Users/hetzner/obrador-shared-pins-20260909/round-2-after/wide-round-1-jobs-8/store/4xji18hh6pwwwlysl519fsl97r7wdq5m-leaf-16.drv.drv'","type":105}
@nix {"action":"result","fields":[14,39,2,0],"id":238499533946882,"type":105}
@nix {"action":"result","fields":[0,0,0,0],"id":238499533946883,"type":105}
@nix {"action":"result","fields":[101,0],"id":238499533946881,"type":106}
@nix {"action":"result","fields":[100,0],"id":238499533946881,"type":106}
@nix {"action":"start","fields":["/Users/hetzner/obrador-shared-pins-20260909/round-2-after/wide-round-1-jobs-8/store/gx53xhbl9f3q941cfrjcprqnbwqdbcig-leaf-17.drv.drv","",1,1],"id":238499533946900,"level":3,"parent":0,"text":"building '/Users/hetzner/obrador-shared-pins-20260909/round-2-after/wide-round-1-jobs-8/store/gx53xhbl9f3q941cfrjcprqnbwqdbcig-leaf-17.drv.drv'","type":105}
@nix {"action":"result","fields":[14,39,3,0],"id":238499533946882,"type":105}
@nix {"action":"result","fields":[0,0,0,0],"id":238499533946883,"type":105}
@nix {"action":"result","fields":[101,0],"id":238499533946881,"type":106}
@nix {"action":"result","fields":[100,0],"id":238499533946881,"type":106}
@nix {"action":"start","fields":["/Users/hetzner/obrador-shared-pins-20260909/round-2-after/wide-round-1-jobs-8/store/p993gp3aliir1zqznhzs96yx060isrfj-leaf-18.drv.drv","",1,1],"id":238499533946901,"level":3,"parent":0,"text":"building '/Users/hetzner/obrador-shared-pins-20260909/round-2-after/wide-round-1-jobs-8/store/p993gp3aliir1zqznhzs96yx060isrfj-leaf-18.drv.drv'","type":105}
@nix {"action":"result","fields":[14,39,4,0],"id":238499533946882,"type":105}
@nix {"action":"result","fields":[0,0,0,0],"id":238499533946883,"type":105}
@nix {"action":"result","fields":[101,0],"id":238499533946881,"type":106}
@nix {"action":"result","fields":[100,0],"id":238499533946881,"type":106}
@nix {"action":"start","fields":["/Users/hetzner/obrador-shared-pins-20260909/round-2-after/wide-round-1-jobs-8/store/qzy3s3lcndv9nafahl3rgydqcfy9gmdp-leaf-19.drv.drv","",1,1],"id":238499533946902,"level":3,"parent":0,"text":"building '/Users/hetzner/obrador-shared-pins-20260909/round-2-after/wide-round-1-jobs-8/store/qzy3s3lcndv9nafahl3rgydqcfy9gmdp-leaf-19.drv.drv'","type":105}
@nix {"action":"result","fields":[14,39,5,0],"id":238499533946882,"type":105}
@nix {"action":"result","fields":[0,0,0,0],"id":238499533946883,"type":105}
@nix {"action":"result","fields":[101,0],"id":238499533946881,"type":106}
@nix {"action":"result","fields":[100,0],"id":238499533946881,"type":106}
@nix {"action":"start","fields":["/Users/hetzner/obrador-shared-pins-20260909/round-2-after/wide-round-1-jobs-8/store/9mk4a28g9aa3c1w39zwkvqlkxzy1mhkb-leaf-28.drv.drv","",1,1],"id":238499533946903,"level":3,"parent":0,"text":"building '/Users/hetzner/obrador-shared-pins-20260909/round-2-after/wide-round-1-jobs-8/store/9mk4a28g9aa3c1w39zwkvqlkxzy1mhkb-leaf-28.drv.drv'","type":105}
@nix {"action":"result","fields":[14,39,6,0],"id":238499533946882,"type":105}
@nix {"action":"result","fields":[0,0,0,0],"id":238499533946883,"type":105}
@nix {"action":"result","fields":[101,0],"id":238499533946881,"type":106}
@nix {"action":"result","fields":[100,0],"id":238499533946881,"type":106}
@nix {"action":"start","fields":["/Users/hetzner/obrador-shared-pins-20260909/round-2-after/wide-round-1-jobs-8/store/7rwyx45hzlkk5r5nzxxwgchym094yisi-leaf-29.drv.drv","",1,1],"id":238499533946904,"level":3,"parent":0,"text":"building '/Users/hetzner/obrador-shared-pins-20260909/round-2-after/wide-round-1-jobs-8/store/7rwyx45hzlkk5r5nzxxwgchym094yisi-leaf-29.drv.drv'","type":105}
@nix {"action":"result","fields":[14,39,7,0],"id":238499533946882,"type":105}
@nix {"action":"result","fields":[0,0,0,0],"id":238499533946883,"type":105}
@nix {"action":"result","fields":[101,0],"id":238499533946881,"type":106}
@nix {"action":"result","fields":[100,0],"id":238499533946881,"type":106}
@nix {"action":"start","fields":["/Users/hetzner/obrador-shared-pins-20260909/round-2-after/wide-round-1-jobs-8/store/h82r5wh6s1pa4rd4n7zay5yzx98q9bin-leaf-3.drv.drv","",1,1],"id":238499533946905,"level":3,"parent":0,"text":"building '/Users/hetzner/obrador-shared-pins-20260909/round-2-after/wide-round-1-jobs-8/store/h82r5wh6s1pa4rd4n7zay5yzx98q9bin-leaf-3.drv.drv'","type":105}
@nix {"action":"result","fields":[14,39,8,0],"id":238499533946882,"type":105}
@nix {"action":"result","fields":[0,0,0,0],"id":238499533946883,"type":105}
@nix {"action":"result","fields":[101,0],"id":238499533946881,"type":106}
@nix {"action":"result","fields":[100,0],"id":238499533946881,"type":106}
@nix {"action":"result","fields":[14,40,8,0],"id":238499533946882,"type":105}
@nix {"action":"result","fields":[0,0,0,0],"id":238499533946883,"type":105}
@nix {"action":"result","fields":[101,0],"id":238499533946881,"type":106}
@nix {"action":"result","fields":[100,0],"id":238499533946881,"type":106}
@nix {"action":"result","fields":[14,41,8,0],"id":238499533946882,"type":105}
@nix {"action":"result","fields":[0,0,0,0],"id":238499533946883,"type":105}
@nix {"action":"result","fields":[101,0],"id":238499533946881,"type":106}
@nix {"action":"result","fields":[100,0],"id":238499533946881,"type":106}
@nix {"action":"result","fields":[14,42,8,0],"id":238499533946882,"type":105}
@nix {"action":"result","fields":[0,0,0,0],"id":238499533946883,"type":105}
@nix {"action":"result","fields":[101,0],"id":238499533946881,"type":106}
@nix {"action":"result","fields":[100,0],"id":238499533946881,"type":106}
@nix {"action":"result","fields":[14,43,8,0],"id":238499533946882,"type":105}
@nix {"action":"result","fields":[0,0,0,0],"id":238499533946883,"type":105}
@nix {"action":"result","fields":[101,0],"id":238499533946881,"type":106}
@nix {"action":"result","fields":[100,0],"id":238499533946881,"type":106}
@nix {"action":"result","fields":[14,44,8,0],"id":238499533946882,"type":105}
@nix {"action":"result","fields":[0,0,0,0],"id":238499533946883,"type":105}
@nix {"action":"result","fields":[101,0],"id":238499533946881,"type":106}
@nix {"action":"result","fields":[100,0],"id":238499533946881,"type":106}
@nix {"action":"result","fields":[14,45,8,0],"id":238499533946882,"type":105}
@nix {"action":"result","fields":[0,0,0,0],"id":238499533946883,"type":105}
@nix {"action":"result","fields":[101,0],"id":238499533946881,"type":106}
@nix {"action":"result","fields":[100,0],"id":238499533946881,"type":106}
@nix {"action":"result","fields":[14,46,8,0],"id":238499533946882,"type":105}
@nix {"action":"result","fields":[0,0,0,0],"id":238499533946883,"type":105}
@nix {"action":"result","fields":[101,0],"id":238499533946881,"type":106}
@nix {"action":"result","fields":[100,0],"id":238499533946881,"type":106}
@nix {"action":"result","fields":[15,47,7,0],"id":238499533946882,"type":105}
@nix {"action":"result","fields":[0,0,0,0],"id":238499533946883,"type":105}
@nix {"action":"result","fields":[101,0],"id":238499533946881,"type":106}
@nix {"action":"result","fields":[100,0],"id":238499533946881,"type":106}
@nix {"action":"stop","id":238499533946899}
@nix {"action":"result","fields":[16,48,6,0],"id":238499533946882,"type":105}
@nix {"action":"result","fields":[0,0,0,0],"id":238499533946883,"type":105}
@nix {"action":"result","fields":[101,0],"id":238499533946881,"type":106}
@nix {"action":"result","fields":[100,0],"id":238499533946881,"type":106}
@nix {"action":"stop","id":238499533946900}
@nix {"action":"result","fields":[17,49,5,0],"id":238499533946882,"type":105}
@nix {"action":"result","fields":[0,0,0,0],"id":238499533946883,"type":105}
@nix {"action":"result","fields":[101,0],"id":238499533946881,"type":106}
@nix {"action":"result","fields":[100,0],"id":238499533946881,"type":106}
@nix {"action":"stop","id":238499533946901}
@nix {"action":"result","fields":[18,50,4,0],"id":238499533946882,"type":105}
@nix {"action":"result","fields":[0,0,0,0],"id":238499533946883,"type":105}
@nix {"action":"result","fields":[101,0],"id":238499533946881,"type":106}
@nix {"action":"result","fields":[100,0],"id":238499533946881,"type":106}
@nix {"action":"stop","id":238499533946902}
@nix {"action":"result","fields":[19,51,3,0],"id":238499533946882,"type":105}
@nix {"action":"result","fields":[0,0,0,0],"id":238499533946883,"type":105}
@nix {"action":"result","fields":[101,0],"id":238499533946881,"type":106}
@nix {"action":"result","fields":[100,0],"id":238499533946881,"type":106}
@nix {"action":"stop","id":238499533946903}
@nix {"action":"result","fields":[20,52,2,0],"id":238499533946882,"type":105}
@nix {"action":"result","fields":[0,0,0,0],"id":238499533946883,"type":105}
@nix {"action":"result","fields":[101,0],"id":238499533946881,"type":106}
@nix {"action":"result","fields":[100,0],"id":238499533946881,"type":106}
@nix {"action":"stop","id":238499533946904}
@nix {"action":"result","fields":[21,53,1,0],"id":238499533946882,"type":105}
@nix {"action":"result","fields":[0,0,0,0],"id":238499533946883,"type":105}
@nix {"action":"result","fields":[101,0],"id":238499533946881,"type":106}
@nix {"action":"result","fields":[100,0],"id":238499533946881,"type":106}
@nix {"action":"stop","id":238499533946898}
@nix {"action":"start","fields":["/Users/hetzner/obrador-shared-pins-20260909/round-2-after/wide-round-1-jobs-8/store/mp90gnris5djyijic5ycg0j8mwzry7sp-leaf-15.drv","",1,1],"id":238499533946906,"level":3,"parent":0,"text":"building '/Users/hetzner/obrador-shared-pins-20260909/round-2-after/wide-round-1-jobs-8/store/mp90gnris5djyijic5ycg0j8mwzry7sp-leaf-15.drv'","type":105}
@nix {"action":"result","fields":[21,46,2,0],"id":238499533946882,"type":105}
@nix {"action":"result","fields":[0,0,0,0],"id":238499533946883,"type":105}
@nix {"action":"result","fields":[101,0],"id":238499533946881,"type":106}
@nix {"action":"result","fields":[100,0],"id":238499533946881,"type":106}
@nix {"action":"start","fields":["/Users/hetzner/obrador-shared-pins-20260909/round-2-after/wide-round-1-jobs-8/store/26p6p425bvj9xwq3vvsbrkmi62bx510v-leaf-30.drv","",1,1],"id":238499533946907,"level":3,"parent":0,"text":"building '/Users/hetzner/obrador-shared-pins-20260909/round-2-after/wide-round-1-jobs-8/store/26p6p425bvj9xwq3vvsbrkmi62bx510v-leaf-30.drv'","type":105}
@nix {"action":"result","fields":[21,46,3,0],"id":238499533946882,"type":105}
@nix {"action":"result","fields":[0,0,0,0],"id":238499533946883,"type":105}
@nix {"action":"result","fields":[101,0],"id":238499533946881,"type":106}
@nix {"action":"result","fields":[100,0],"id":238499533946881,"type":106}
@nix {"action":"start","fields":["/Users/hetzner/obrador-shared-pins-20260909/round-2-after/wide-round-1-jobs-8/store/25qvlzfy55hknbnaafqvzmcrpv6ns1cx-leaf-31.drv","",1,1],"id":238499533946908,"level":3,"parent":0,"text":"building '/Users/hetzner/obrador-shared-pins-20260909/round-2-after/wide-round-1-jobs-8/store/25qvlzfy55hknbnaafqvzmcrpv6ns1cx-leaf-31.drv'","type":105}
@nix {"action":"result","fields":[21,46,4,0],"id":238499533946882,"type":105}
@nix {"action":"result","fields":[0,0,0,0],"id":238499533946883,"type":105}
@nix {"action":"result","fields":[101,0],"id":238499533946881,"type":106}
@nix {"action":"result","fields":[100,0],"id":238499533946881,"type":106}
@nix {"action":"start","fields":["/Users/hetzner/obrador-shared-pins-20260909/round-2-after/wide-round-1-jobs-8/store/mh50c84crv9h72wzdw6588s9f5spyw36-leaf-4.drv","",1,1],"id":238499533946909,"level":3,"parent":0,"text":"building '/Users/hetzner/obrador-shared-pins-20260909/round-2-after/wide-round-1-jobs-8/store/mh50c84crv9h72wzdw6588s9f5spyw36-leaf-4.drv'","type":105}
@nix {"action":"result","fields":[21,46,5,0],"id":238499533946882,"type":105}
@nix {"action":"result","fields":[0,0,0,0],"id":238499533946883,"type":105}
@nix {"action":"result","fields":[101,0],"id":238499533946881,"type":106}
@nix {"action":"result","fields":[100,0],"id":238499533946881,"type":106}
@nix {"action":"start","fields":["/Users/hetzner/obrador-shared-pins-20260909/round-2-after/wide-round-1-jobs-8/store/w8j1d50gy0wxgb6xc96rdk53mjb2wq8v-leaf-5.drv","",1,1],"id":238499533946910,"level":3,"parent":0,"text":"building '/Users/hetzner/obrador-shared-pins-20260909/round-2-after/wide-round-1-jobs-8/store/w8j1d50gy0wxgb6xc96rdk53mjb2wq8v-leaf-5.drv'","type":105}
@nix {"action":"result","fields":[21,46,6,0],"id":238499533946882,"type":105}
@nix {"action":"result","fields":[0,0,0,0],"id":238499533946883,"type":105}
@nix {"action":"result","fields":[101,0],"id":238499533946881,"type":106}
@nix {"action":"result","fields":[100,0],"id":238499533946881,"type":106}
@nix {"action":"start","fields":["/Users/hetzner/obrador-shared-pins-20260909/round-2-after/wide-round-1-jobs-8/store/vmhs2x4r7jfqlwwgvs6sqa7fc2ac13mc-leaf-6.drv","",1,1],"id":238499533946911,"level":3,"parent":0,"text":"building '/Users/hetzner/obrador-shared-pins-20260909/round-2-after/wide-round-1-jobs-8/store/vmhs2x4r7jfqlwwgvs6sqa7fc2ac13mc-leaf-6.drv'","type":105}
@nix {"action":"result","fields":[21,46,7,0],"id":238499533946882,"type":105}
@nix {"action":"result","fields":[0,0,0,0],"id":238499533946883,"type":105}
@nix {"action":"result","fields":[101,0],"id":238499533946881,"type":106}
@nix {"action":"result","fields":[100,0],"id":238499533946881,"type":106}
@nix {"action":"start","fields":["/Users/hetzner/obrador-shared-pins-20260909/round-2-after/wide-round-1-jobs-8/store/ryfql0fpqwv7yy83x680mvp92dyxjjff-leaf-7.drv","",1,1],"id":238499533946912,"level":3,"parent":0,"text":"building '/Users/hetzner/obrador-shared-pins-20260909/round-2-after/wide-round-1-jobs-8/store/ryfql0fpqwv7yy83x680mvp92dyxjjff-leaf-7.drv'","type":105}
@nix {"action":"result","fields":[21,46,8,0],"id":238499533946882,"type":105}
@nix {"action":"result","fields":[0,0,0,0],"id":238499533946883,"type":105}
@nix {"action":"result","fields":[101,0],"id":238499533946881,"type":106}
@nix {"action":"result","fields":[100,0],"id":238499533946881,"type":106}
@nix {"action":"result","fields":[21,47,8,0],"id":238499533946882,"type":105}
@nix {"action":"result","fields":[0,0,0,0],"id":238499533946883,"type":105}
@nix {"action":"result","fields":[101,0],"id":238499533946881,"type":106}
@nix {"action":"result","fields":[100,0],"id":238499533946881,"type":106}
@nix {"action":"result","fields":[21,48,8,0],"id":238499533946882,"type":105}
@nix {"action":"result","fields":[0,0,0,0],"id":238499533946883,"type":105}
@nix {"action":"result","fields":[101,0],"id":238499533946881,"type":106}
@nix {"action":"result","fields":[100,0],"id":238499533946881,"type":106}
@nix {"action":"result","fields":[21,49,8,0],"id":238499533946882,"type":105}
@nix {"action":"result","fields":[0,0,0,0],"id":238499533946883,"type":105}
@nix {"action":"result","fields":[101,0],"id":238499533946881,"type":106}
@nix {"action":"result","fields":[100,0],"id":238499533946881,"type":106}
@nix {"action":"result","fields":[21,50,8,0],"id":238499533946882,"type":105}
@nix {"action":"result","fields":[0,0,0,0],"id":238499533946883,"type":105}
@nix {"action":"result","fields":[101,0],"id":238499533946881,"type":106}
@nix {"action":"result","fields":[100,0],"id":238499533946881,"type":106}
@nix {"action":"result","fields":[21,51,8,0],"id":238499533946882,"type":105}
@nix {"action":"result","fields":[0,0,0,0],"id":238499533946883,"type":105}
@nix {"action":"result","fields":[101,0],"id":238499533946881,"type":106}
@nix {"action":"result","fields":[100,0],"id":238499533946881,"type":106}
@nix {"action":"result","fields":[21,52,8,0],"id":238499533946882,"type":105}
@nix {"action":"result","fields":[0,0,0,0],"id":238499533946883,"type":105}
@nix {"action":"result","fields":[101,0],"id":238499533946881,"type":106}
@nix {"action":"result","fields":[100,0],"id":238499533946881,"type":106}
@nix {"action":"result","fields":[21,53,8,0],"id":238499533946882,"type":105}
@nix {"action":"result","fields":[0,0,0,0],"id":238499533946883,"type":105}
@nix {"action":"result","fields":[101,0],"id":238499533946881,"type":106}
@nix {"action":"result","fields":[100,0],"id":238499533946881,"type":106}
@nix {"action":"result","fields":[22,54,7,0],"id":238499533946882,"type":105}
@nix {"action":"result","fields":[0,0,0,0],"id":238499533946883,"type":105}
@nix {"action":"result","fields":[101,0],"id":238499533946881,"type":106}
@nix {"action":"result","fields":[100,0],"id":238499533946881,"type":106}
@nix {"action":"stop","id":238499533946906}
@nix {"action":"result","fields":[23,55,6,0],"id":238499533946882,"type":105}
@nix {"action":"result","fields":[0,0,0,0],"id":238499533946883,"type":105}
@nix {"action":"result","fields":[101,0],"id":238499533946881,"type":106}
@nix {"action":"result","fields":[100,0],"id":238499533946881,"type":106}
@nix {"action":"stop","id":238499533946905}
@nix {"action":"result","fields":[24,56,5,0],"id":238499533946882,"type":105}
@nix {"action":"result","fields":[0,0,0,0],"id":238499533946883,"type":105}
@nix {"action":"result","fields":[101,0],"id":238499533946881,"type":106}
@nix {"action":"result","fields":[100,0],"id":238499533946881,"type":106}
@nix {"action":"stop","id":238499533946907}
@nix {"action":"result","fields":[25,57,4,0],"id":238499533946882,"type":105}
@nix {"action":"result","fields":[0,0,0,0],"id":238499533946883,"type":105}
@nix {"action":"result","fields":[101,0],"id":238499533946881,"type":106}
@nix {"action":"result","fields":[100,0],"id":238499533946881,"type":106}
@nix {"action":"stop","id":238499533946908}
@nix {"action":"result","fields":[26,58,3,0],"id":238499533946882,"type":105}
@nix {"action":"result","fields":[0,0,0,0],"id":238499533946883,"type":105}
@nix {"action":"result","fields":[101,0],"id":238499533946881,"type":106}
@nix {"action":"result","fields":[100,0],"id":238499533946881,"type":106}
@nix {"action":"stop","id":238499533946909}
@nix {"action":"result","fields":[27,59,2,0],"id":238499533946882,"type":105}
@nix {"action":"result","fields":[0,0,0,0],"id":238499533946883,"type":105}
@nix {"action":"result","fields":[101,0],"id":238499533946881,"type":106}
@nix {"action":"result","fields":[100,0],"id":238499533946881,"type":106}
@nix {"action":"stop","id":238499533946910}
@nix {"action":"result","fields":[28,60,1,0],"id":238499533946882,"type":105}
@nix {"action":"result","fields":[0,0,0,0],"id":238499533946883,"type":105}
@nix {"action":"result","fields":[101,0],"id":238499533946881,"type":106}
@nix {"action":"result","fields":[100,0],"id":238499533946881,"type":106}
@nix {"action":"stop","id":238499533946911}
@nix {"action":"start","fields":["/Users/hetzner/obrador-shared-pins-20260909/round-2-after/wide-round-1-jobs-8/store/frw8nrv3f92dvij14z19cfzywj5cpv03-leaf-16.drv","",1,1],"id":238499533946913,"level":3,"parent":0,"text":"building '/Users/hetzner/obrador-shared-pins-20260909/round-2-after/wide-round-1-jobs-8/store/frw8nrv3f92dvij14z19cfzywj5cpv03-leaf-16.drv'","type":105}
@nix {"action":"result","fields":[28,53,2,0],"id":238499533946882,"type":105}
@nix {"action":"result","fields":[0,0,0,0],"id":238499533946883,"type":105}
@nix {"action":"result","fields":[101,0],"id":238499533946881,"type":106}
@nix {"action":"result","fields":[100,0],"id":238499533946881,"type":106}
@nix {"action":"start","fields":["/Users/hetzner/obrador-shared-pins-20260909/round-2-after/wide-round-1-jobs-8/store/9885kyv9gbhdzbm7d3ccgk00zrypg6mj-leaf-17.drv","",1,1],"id":238499533946914,"level":3,"parent":0,"text":"building '/Users/hetzner/obrador-shared-pins-20260909/round-2-after/wide-round-1-jobs-8/store/9885kyv9gbhdzbm7d3ccgk00zrypg6mj-leaf-17.drv'","type":105}
@nix {"action":"result","fields":[28,53,3,0],"id":238499533946882,"type":105}
@nix {"action":"result","fields":[0,0,0,0],"id":238499533946883,"type":105}
@nix {"action":"result","fields":[101,0],"id":238499533946881,"type":106}
@nix {"action":"result","fields":[100,0],"id":238499533946881,"type":106}
@nix {"action":"start","fields":["/Users/hetzner/obrador-shared-pins-20260909/round-2-after/wide-round-1-jobs-8/store/yb4nc2fx86dg3w93b3py01a4l8y48kyn-leaf-18.drv","",1,1],"id":238499533946915,"level":3,"parent":0,"text":"building '/Users/hetzner/obrador-shared-pins-20260909/round-2-after/wide-round-1-jobs-8/store/yb4nc2fx86dg3w93b3py01a4l8y48kyn-leaf-18.drv'","type":105}
@nix {"action":"result","fields":[28,53,4,0],"id":238499533946882,"type":105}
@nix {"action":"result","fields":[0,0,0,0],"id":238499533946883,"type":105}
@nix {"action":"result","fields":[101,0],"id":238499533946881,"type":106}
@nix {"action":"result","fields":[100,0],"id":238499533946881,"type":106}
@nix {"action":"start","fields":["/Users/hetzner/obrador-shared-pins-20260909/round-2-after/wide-round-1-jobs-8/store/mqiblzbr0bjd2pfkawm7rq863z451iyk-leaf-19.drv","",1,1],"id":238499533946916,"level":3,"parent":0,"text":"building '/Users/hetzner/obrador-shared-pins-20260909/round-2-after/wide-round-1-jobs-8/store/mqiblzbr0bjd2pfkawm7rq863z451iyk-leaf-19.drv'","type":105}
@nix {"action":"result","fields":[28,53,5,0],"id":238499533946882,"type":105}
@nix {"action":"result","fields":[0,0,0,0],"id":238499533946883,"type":105}
@nix {"action":"result","fields":[101,0],"id":238499533946881,"type":106}
@nix {"action":"result","fields":[100,0],"id":238499533946881,"type":106}
@nix {"action":"start","fields":["/Users/hetzner/obrador-shared-pins-20260909/round-2-after/wide-round-1-jobs-8/store/7mjlylmp1ij510bxx0s4vi92f5qiwx8y-leaf-28.drv","",1,1],"id":238499533946917,"level":3,"parent":0,"text":"building '/Users/hetzner/obrador-shared-pins-20260909/round-2-after/wide-round-1-jobs-8/store/7mjlylmp1ij510bxx0s4vi92f5qiwx8y-leaf-28.drv'","type":105}
@nix {"action":"result","fields":[28,53,6,0],"id":238499533946882,"type":105}
@nix {"action":"result","fields":[0,0,0,0],"id":238499533946883,"type":105}
@nix {"action":"result","fields":[101,0],"id":238499533946881,"type":106}
@nix {"action":"result","fields":[100,0],"id":238499533946881,"type":106}
@nix {"action":"start","fields":["/Users/hetzner/obrador-shared-pins-20260909/round-2-after/wide-round-1-jobs-8/store/3r7hz47ixkxvkjfh9gz3l5nbp7vgxjrq-leaf-29.drv","",1,1],"id":238499533946918,"level":3,"parent":0,"text":"building '/Users/hetzner/obrador-shared-pins-20260909/round-2-after/wide-round-1-jobs-8/store/3r7hz47ixkxvkjfh9gz3l5nbp7vgxjrq-leaf-29.drv'","type":105}
@nix {"action":"result","fields":[28,53,7,0],"id":238499533946882,"type":105}
@nix {"action":"result","fields":[0,0,0,0],"id":238499533946883,"type":105}
@nix {"action":"result","fields":[101,0],"id":238499533946881,"type":106}
@nix {"action":"result","fields":[100,0],"id":238499533946881,"type":106}
@nix {"action":"start","fields":["/Users/hetzner/obrador-shared-pins-20260909/round-2-after/wide-round-1-jobs-8/store/17v9d3isjhizf3yjnf9zi1zbsjsfvqz5-leaf-8.drv","",1,1],"id":238499533946919,"level":3,"parent":0,"text":"building '/Users/hetzner/obrador-shared-pins-20260909/round-2-after/wide-round-1-jobs-8/store/17v9d3isjhizf3yjnf9zi1zbsjsfvqz5-leaf-8.drv'","type":105}
@nix {"action":"result","fields":[28,53,8,0],"id":238499533946882,"type":105}
@nix {"action":"result","fields":[0,0,0,0],"id":238499533946883,"type":105}
@nix {"action":"result","fields":[101,0],"id":238499533946881,"type":106}
@nix {"action":"result","fields":[100,0],"id":238499533946881,"type":106}
@nix {"action":"result","fields":[28,54,8,0],"id":238499533946882,"type":105}
@nix {"action":"result","fields":[0,0,0,0],"id":238499533946883,"type":105}
@nix {"action":"result","fields":[101,0],"id":238499533946881,"type":106}
@nix {"action":"result","fields":[100,0],"id":238499533946881,"type":106}
@nix {"action":"result","fields":[29,55,7,0],"id":238499533946882,"type":105}
@nix {"action":"result","fields":[0,0,0,0],"id":238499533946883,"type":105}
@nix {"action":"result","fields":[101,0],"id":238499533946881,"type":106}
@nix {"action":"result","fields":[100,0],"id":238499533946881,"type":106}
@nix {"action":"stop","id":238499533946913}
@nix {"action":"result","fields":[30,56,6,0],"id":238499533946882,"type":105}
@nix {"action":"result","fields":[0,0,0,0],"id":238499533946883,"type":105}
@nix {"action":"result","fields":[101,0],"id":238499533946881,"type":106}
@nix {"action":"result","fields":[100,0],"id":238499533946881,"type":106}
@nix {"action":"stop","id":238499533946914}
@nix {"action":"result","fields":[31,57,5,0],"id":238499533946882,"type":105}
@nix {"action":"result","fields":[0,0,0,0],"id":238499533946883,"type":105}
@nix {"action":"result","fields":[101,0],"id":238499533946881,"type":106}
@nix {"action":"result","fields":[100,0],"id":238499533946881,"type":106}
@nix {"action":"stop","id":238499533946915}
@nix {"action":"result","fields":[32,58,4,0],"id":238499533946882,"type":105}
@nix {"action":"result","fields":[0,0,0,0],"id":238499533946883,"type":105}
@nix {"action":"result","fields":[101,0],"id":238499533946881,"type":106}
@nix {"action":"result","fields":[100,0],"id":238499533946881,"type":106}
@nix {"action":"stop","id":238499533946916}
@nix {"action":"result","fields":[33,59,3,0],"id":238499533946882,"type":105}
@nix {"action":"result","fields":[0,0,0,0],"id":238499533946883,"type":105}
@nix {"action":"result","fields":[101,0],"id":238499533946881,"type":106}
@nix {"action":"result","fields":[100,0],"id":238499533946881,"type":106}
@nix {"action":"stop","id":238499533946917}
@nix {"action":"result","fields":[34,60,2,0],"id":238499533946882,"type":105}
@nix {"action":"result","fields":[0,0,0,0],"id":238499533946883,"type":105}
@nix {"action":"result","fields":[101,0],"id":238499533946881,"type":106}
@nix {"action":"result","fields":[100,0],"id":238499533946881,"type":106}
@nix {"action":"stop","id":238499533946918}
@nix {"action":"result","fields":[35,61,1,0],"id":238499533946882,"type":105}
@nix {"action":"result","fields":[0,0,0,0],"id":238499533946883,"type":105}
@nix {"action":"result","fields":[101,0],"id":238499533946881,"type":106}
@nix {"action":"result","fields":[100,0],"id":238499533946881,"type":106}
@nix {"action":"stop","id":238499533946912}
@nix {"action":"start","fields":["/Users/hetzner/obrador-shared-pins-20260909/round-2-after/wide-round-1-jobs-8/store/j67kkbzpmqrcnf7v8m13vprnkh2mj7q3-leaf-2.drv.drv","",1,1],"id":238499533946920,"level":3,"parent":0,"text":"building '/Users/hetzner/obrador-shared-pins-20260909/round-2-after/wide-round-1-jobs-8/store/j67kkbzpmqrcnf7v8m13vprnkh2mj7q3-leaf-2.drv.drv'","type":105}
@nix {"action":"result","fields":[35,54,2,0],"id":238499533946882,"type":105}
@nix {"action":"result","fields":[0,0,0,0],"id":238499533946883,"type":105}
@nix {"action":"result","fields":[101,0],"id":238499533946881,"type":106}
@nix {"action":"result","fields":[100,0],"id":238499533946881,"type":106}
@nix {"action":"start","fields":["/Users/hetzner/obrador-shared-pins-20260909/round-2-after/wide-round-1-jobs-8/store/2kf8i4j6rfagll47xsk3ypdb7y3f3d6y-leaf-20.drv.drv","",1,1],"id":238499533946921,"level":3,"parent":0,"text":"building '/Users/hetzner/obrador-shared-pins-20260909/round-2-after/wide-round-1-jobs-8/store/2kf8i4j6rfagll47xsk3ypdb7y3f3d6y-leaf-20.drv.drv'","type":105}
@nix {"action":"result","fields":[35,54,3,0],"id":238499533946882,"type":105}
@nix {"action":"result","fields":[0,0,0,0],"id":238499533946883,"type":105}
@nix {"action":"result","fields":[101,0],"id":238499533946881,"type":106}
@nix {"action":"result","fields":[100,0],"id":238499533946881,"type":106}
@nix {"action":"start","fields":["/Users/hetzner/obrador-shared-pins-20260909/round-2-after/wide-round-1-jobs-8/store/nggh0dvz3nnvdgh717nc58xb1b2nqvm2-leaf-21.drv.drv","",1,1],"id":238499533946922,"level":3,"parent":0,"text":"building '/Users/hetzner/obrador-shared-pins-20260909/round-2-after/wide-round-1-jobs-8/store/nggh0dvz3nnvdgh717nc58xb1b2nqvm2-leaf-21.drv.drv'","type":105}
@nix {"action":"result","fields":[35,54,4,0],"id":238499533946882,"type":105}
@nix {"action":"result","fields":[0,0,0,0],"id":238499533946883,"type":105}
@nix {"action":"result","fields":[101,0],"id":238499533946881,"type":106}
@nix {"action":"result","fields":[100,0],"id":238499533946881,"type":106}
@nix {"action":"start","fields":["/Users/hetzner/obrador-shared-pins-20260909/round-2-after/wide-round-1-jobs-8/store/n74nsnr1schhlmx0a379a8hhydkgqw7l-leaf-22.drv.drv","",1,1],"id":238499533946923,"level":3,"parent":0,"text":"building '/Users/hetzner/obrador-shared-pins-20260909/round-2-after/wide-round-1-jobs-8/store/n74nsnr1schhlmx0a379a8hhydkgqw7l-leaf-22.drv.drv'","type":105}
@nix {"action":"result","fields":[35,54,5,0],"id":238499533946882,"type":105}
@nix {"action":"result","fields":[0,0,0,0],"id":238499533946883,"type":105}
@nix {"action":"result","fields":[101,0],"id":238499533946881,"type":106}
@nix {"action":"result","fields":[100,0],"id":238499533946881,"type":106}
@nix {"action":"start","fields":["/Users/hetzner/obrador-shared-pins-20260909/round-2-after/wide-round-1-jobs-8/store/lfa3slp84z8gg1ardyphbymml7rn96qs-leaf-23.drv.drv","",1,1],"id":238499533946924,"level":3,"parent":0,"text":"building '/Users/hetzner/obrador-shared-pins-20260909/round-2-after/wide-round-1-jobs-8/store/lfa3slp84z8gg1ardyphbymml7rn96qs-leaf-23.drv.drv'","type":105}
@nix {"action":"result","fields":[35,54,6,0],"id":238499533946882,"type":105}
@nix {"action":"result","fields":[0,0,0,0],"id":238499533946883,"type":105}
@nix {"action":"result","fields":[101,0],"id":238499533946881,"type":106}
@nix {"action":"result","fields":[100,0],"id":238499533946881,"type":106}
@nix {"action":"start","fields":["/Users/hetzner/obrador-shared-pins-20260909/round-2-after/wide-round-1-jobs-8/store/w8wh13b95kifykiyqcwzzpsvzbkxz2i8-leaf-24.drv.drv","",1,1],"id":238499533946925,"level":3,"parent":0,"text":"building '/Users/hetzner/obrador-shared-pins-20260909/round-2-after/wide-round-1-jobs-8/store/w8wh13b95kifykiyqcwzzpsvzbkxz2i8-leaf-24.drv.drv'","type":105}
@nix {"action":"result","fields":[35,54,7,0],"id":238499533946882,"type":105}
@nix {"action":"result","fields":[0,0,0,0],"id":238499533946883,"type":105}
@nix {"action":"result","fields":[101,0],"id":238499533946881,"type":106}
@nix {"action":"result","fields":[100,0],"id":238499533946881,"type":106}
@nix {"action":"start","fields":["/Users/hetzner/obrador-shared-pins-20260909/round-2-after/wide-round-1-jobs-8/store/5q4g4gvaxwq9ydr6r7p8akmp0iiwhlwb-leaf-3.drv","",1,1],"id":238499533946926,"level":3,"parent":0,"text":"building '/Users/hetzner/obrador-shared-pins-20260909/round-2-after/wide-round-1-jobs-8/store/5q4g4gvaxwq9ydr6r7p8akmp0iiwhlwb-leaf-3.drv'","type":105}
@nix {"action":"result","fields":[35,54,8,0],"id":238499533946882,"type":105}
@nix {"action":"result","fields":[0,0,0,0],"id":238499533946883,"type":105}
@nix {"action":"result","fields":[101,0],"id":238499533946881,"type":106}
@nix {"action":"result","fields":[100,0],"id":238499533946881,"type":106}
@nix {"action":"result","fields":[36,55,7,0],"id":238499533946882,"type":105}
@nix {"action":"result","fields":[0,0,0,0],"id":238499533946883,"type":105}
@nix {"action":"result","fields":[101,0],"id":238499533946881,"type":106}
@nix {"action":"result","fields":[100,0],"id":238499533946881,"type":106}
@nix {"action":"stop","id":238499533946920}
@nix {"action":"result","fields":[37,56,6,0],"id":238499533946882,"type":105}
@nix {"action":"result","fields":[0,0,0,0],"id":238499533946883,"type":105}
@nix {"action":"result","fields":[101,0],"id":238499533946881,"type":106}
@nix {"action":"result","fields":[100,0],"id":238499533946881,"type":106}
@nix {"action":"stop","id":238499533946921}
@nix {"action":"result","fields":[38,57,5,0],"id":238499533946882,"type":105}
@nix {"action":"result","fields":[0,0,0,0],"id":238499533946883,"type":105}
@nix {"action":"result","fields":[101,0],"id":238499533946881,"type":106}
@nix {"action":"result","fields":[100,0],"id":238499533946881,"type":106}
@nix {"action":"stop","id":238499533946922}
@nix {"action":"result","fields":[39,58,4,0],"id":238499533946882,"type":105}
@nix {"action":"result","fields":[0,0,0,0],"id":238499533946883,"type":105}
@nix {"action":"result","fields":[101,0],"id":238499533946881,"type":106}
@nix {"action":"result","fields":[100,0],"id":238499533946881,"type":106}
@nix {"action":"stop","id":238499533946923}
@nix {"action":"result","fields":[40,59,3,0],"id":238499533946882,"type":105}
@nix {"action":"result","fields":[0,0,0,0],"id":238499533946883,"type":105}
@nix {"action":"result","fields":[101,0],"id":238499533946881,"type":106}
@nix {"action":"result","fields":[100,0],"id":238499533946881,"type":106}
@nix {"action":"stop","id":238499533946924}
@nix {"action":"result","fields":[41,60,2,0],"id":238499533946882,"type":105}
@nix {"action":"result","fields":[0,0,0,0],"id":238499533946883,"type":105}
@nix {"action":"result","fields":[101,0],"id":238499533946881,"type":106}
@nix {"action":"result","fields":[100,0],"id":238499533946881,"type":106}
@nix {"action":"stop","id":238499533946925}
@nix {"action":"result","fields":[42,61,1,0],"id":238499533946882,"type":105}
@nix {"action":"result","fields":[0,0,0,0],"id":238499533946883,"type":105}
@nix {"action":"result","fields":[101,0],"id":238499533946881,"type":106}
@nix {"action":"result","fields":[100,0],"id":238499533946881,"type":106}
@nix {"action":"stop","id":238499533946919}
@nix {"action":"start","fields":["/Users/hetzner/obrador-shared-pins-20260909/round-2-after/wide-round-1-jobs-8/store/nih7yzm7j6w7v5l8w14qhkf7rvqadp4j-leaf-0.drv","",1,1],"id":238499533946927,"level":3,"parent":0,"text":"building '/Users/hetzner/obrador-shared-pins-20260909/round-2-after/wide-round-1-jobs-8/store/nih7yzm7j6w7v5l8w14qhkf7rvqadp4j-leaf-0.drv'","type":105}
@nix {"action":"result","fields":[42,54,2,0],"id":238499533946882,"type":105}
@nix {"action":"result","fields":[0,0,0,0],"id":238499533946883,"type":105}
@nix {"action":"result","fields":[101,0],"id":238499533946881,"type":106}
@nix {"action":"result","fields":[100,0],"id":238499533946881,"type":106}
@nix {"action":"start","fields":["/Users/hetzner/obrador-shared-pins-20260909/round-2-after/wide-round-1-jobs-8/store/4f3kr1jzqcxa16q3apa46cm4sb8zyc6n-leaf-1.drv","",1,1],"id":238499533946928,"level":3,"parent":0,"text":"building '/Users/hetzner/obrador-shared-pins-20260909/round-2-after/wide-round-1-jobs-8/store/4f3kr1jzqcxa16q3apa46cm4sb8zyc6n-leaf-1.drv'","type":105}
@nix {"action":"result","fields":[42,54,3,0],"id":238499533946882,"type":105}
@nix {"action":"result","fields":[0,0,0,0],"id":238499533946883,"type":105}
@nix {"action":"result","fields":[101,0],"id":238499533946881,"type":106}
@nix {"action":"result","fields":[100,0],"id":238499533946881,"type":106}
@nix {"action":"start","fields":["/Users/hetzner/obrador-shared-pins-20260909/round-2-after/wide-round-1-jobs-8/store/67sgm9hny8jyzsldgp15iv5ml38206bj-leaf-10.drv","",1,1],"id":238499533946929,"level":3,"parent":0,"text":"building '/Users/hetzner/obrador-shared-pins-20260909/round-2-after/wide-round-1-jobs-8/store/67sgm9hny8jyzsldgp15iv5ml38206bj-leaf-10.drv'","type":105}
@nix {"action":"result","fields":[42,54,4,0],"id":238499533946882,"type":105}
@nix {"action":"result","fields":[0,0,0,0],"id":238499533946883,"type":105}
@nix {"action":"result","fields":[101,0],"id":238499533946881,"type":106}
@nix {"action":"result","fields":[100,0],"id":238499533946881,"type":106}
@nix {"action":"start","fields":["/Users/hetzner/obrador-shared-pins-20260909/round-2-after/wide-round-1-jobs-8/store/8gpvrniwap64cs567q387k0h0pdibh7x-leaf-25.drv.drv","",1,1],"id":238499533946930,"level":3,"parent":0,"text":"building '/Users/hetzner/obrador-shared-pins-20260909/round-2-after/wide-round-1-jobs-8/store/8gpvrniwap64cs567q387k0h0pdibh7x-leaf-25.drv.drv'","type":105}
@nix {"action":"result","fields":[42,54,5,0],"id":238499533946882,"type":105}
@nix {"action":"result","fields":[0,0,0,0],"id":238499533946883,"type":105}
@nix {"action":"result","fields":[101,0],"id":238499533946881,"type":106}
@nix {"action":"result","fields":[100,0],"id":238499533946881,"type":106}
@nix {"action":"start","fields":["/Users/hetzner/obrador-shared-pins-20260909/round-2-after/wide-round-1-jobs-8/store/gfh93avgjjab0mwgs59skv097zwpll3g-leaf-26.drv.drv","",1,1],"id":238499533946931,"level":3,"parent":0,"text":"building '/Users/hetzner/obrador-shared-pins-20260909/round-2-after/wide-round-1-jobs-8/store/gfh93avgjjab0mwgs59skv097zwpll3g-leaf-26.drv.drv'","type":105}
@nix {"action":"result","fields":[42,54,6,0],"id":238499533946882,"type":105}
@nix {"action":"result","fields":[0,0,0,0],"id":238499533946883,"type":105}
@nix {"action":"result","fields":[101,0],"id":238499533946881,"type":106}
@nix {"action":"result","fields":[100,0],"id":238499533946881,"type":106}
@nix {"action":"start","fields":["/Users/hetzner/obrador-shared-pins-20260909/round-2-after/wide-round-1-jobs-8/store/9yhzm0sbg1paaq2n7gaqsrzkdrxiqf0i-leaf-27.drv.drv","",1,1],"id":238499533946932,"level":3,"parent":0,"text":"building '/Users/hetzner/obrador-shared-pins-20260909/round-2-after/wide-round-1-jobs-8/store/9yhzm0sbg1paaq2n7gaqsrzkdrxiqf0i-leaf-27.drv.drv'","type":105}
@nix {"action":"result","fields":[42,54,7,0],"id":238499533946882,"type":105}
@nix {"action":"result","fields":[0,0,0,0],"id":238499533946883,"type":105}
@nix {"action":"result","fields":[101,0],"id":238499533946881,"type":106}
@nix {"action":"result","fields":[100,0],"id":238499533946881,"type":106}
@nix {"action":"start","fields":["/Users/hetzner/obrador-shared-pins-20260909/round-2-after/wide-round-1-jobs-8/store/kp24qgcps92x6xg5mgl98w23ikqjm6z4-leaf-9.drv.drv","",1,1],"id":238499533946933,"level":3,"parent":0,"text":"building '/Users/hetzner/obrador-shared-pins-20260909/round-2-after/wide-round-1-jobs-8/store/kp24qgcps92x6xg5mgl98w23ikqjm6z4-leaf-9.drv.drv'","type":105}
@nix {"action":"result","fields":[42,54,8,0],"id":238499533946882,"type":105}
@nix {"action":"result","fields":[0,0,0,0],"id":238499533946883,"type":105}
@nix {"action":"result","fields":[101,0],"id":238499533946881,"type":106}
@nix {"action":"result","fields":[100,0],"id":238499533946881,"type":106}
@nix {"action":"result","fields":[42,55,8,0],"id":238499533946882,"type":105}
@nix {"action":"result","fields":[0,0,0,0],"id":238499533946883,"type":105}
@nix {"action":"result","fields":[101,0],"id":238499533946881,"type":106}
@nix {"action":"result","fields":[100,0],"id":238499533946881,"type":106}
@nix {"action":"result","fields":[42,56,8,0],"id":238499533946882,"type":105}
@nix {"action":"result","fields":[0,0,0,0],"id":238499533946883,"type":105}
@nix {"action":"result","fields":[101,0],"id":238499533946881,"type":106}
@nix {"action":"result","fields":[100,0],"id":238499533946881,"type":106}
@nix {"action":"result","fields":[42,57,8,0],"id":238499533946882,"type":105}
@nix {"action":"result","fields":[0,0,0,0],"id":238499533946883,"type":105}
@nix {"action":"result","fields":[101,0],"id":238499533946881,"type":106}
@nix {"action":"result","fields":[100,0],"id":238499533946881,"type":106}
@nix {"action":"result","fields":[42,58,8,0],"id":238499533946882,"type":105}
@nix {"action":"result","fields":[0,0,0,0],"id":238499533946883,"type":105}
@nix {"action":"result","fields":[101,0],"id":238499533946881,"type":106}
@nix {"action":"result","fields":[100,0],"id":238499533946881,"type":106}
@nix {"action":"result","fields":[42,59,8,0],"id":238499533946882,"type":105}
@nix {"action":"result","fields":[0,0,0,0],"id":238499533946883,"type":105}
@nix {"action":"result","fields":[101,0],"id":238499533946881,"type":106}
@nix {"action":"result","fields":[100,0],"id":238499533946881,"type":106}
@nix {"action":"result","fields":[42,60,8,0],"id":238499533946882,"type":105}
@nix {"action":"result","fields":[0,0,0,0],"id":238499533946883,"type":105}
@nix {"action":"result","fields":[101,0],"id":238499533946881,"type":106}
@nix {"action":"result","fields":[100,0],"id":238499533946881,"type":106}
@nix {"action":"result","fields":[43,61,7,0],"id":238499533946882,"type":105}
@nix {"action":"result","fields":[0,0,0,0],"id":238499533946883,"type":105}
@nix {"action":"result","fields":[101,0],"id":238499533946881,"type":106}
@nix {"action":"result","fields":[100,0],"id":238499533946881,"type":106}
@nix {"action":"stop","id":238499533946927}
@nix {"action":"result","fields":[44,62,6,0],"id":238499533946882,"type":105}
@nix {"action":"result","fields":[0,0,0,0],"id":238499533946883,"type":105}
@nix {"action":"result","fields":[101,0],"id":238499533946881,"type":106}
@nix {"action":"result","fields":[100,0],"id":238499533946881,"type":106}
@nix {"action":"stop","id":238499533946928}
@nix {"action":"result","fields":[45,63,5,0],"id":238499533946882,"type":105}
@nix {"action":"result","fields":[0,0,0,0],"id":238499533946883,"type":105}
@nix {"action":"result","fields":[101,0],"id":238499533946881,"type":106}
@nix {"action":"result","fields":[100,0],"id":238499533946881,"type":106}
@nix {"action":"stop","id":238499533946929}
@nix {"action":"result","fields":[46,64,4,0],"id":238499533946882,"type":105}
@nix {"action":"result","fields":[0,0,0,0],"id":238499533946883,"type":105}
@nix {"action":"result","fields":[101,0],"id":238499533946881,"type":106}
@nix {"action":"result","fields":[100,0],"id":238499533946881,"type":106}
@nix {"action":"stop","id":238499533946930}
@nix {"action":"result","fields":[47,65,3,0],"id":238499533946882,"type":105}
@nix {"action":"result","fields":[0,0,0,0],"id":238499533946883,"type":105}
@nix {"action":"result","fields":[101,0],"id":238499533946881,"type":106}
@nix {"action":"result","fields":[100,0],"id":238499533946881,"type":106}
@nix {"action":"stop","id":238499533946931}
@nix {"action":"result","fields":[48,66,2,0],"id":238499533946882,"type":105}
@nix {"action":"result","fields":[0,0,0,0],"id":238499533946883,"type":105}
@nix {"action":"result","fields":[101,0],"id":238499533946881,"type":106}
@nix {"action":"result","fields":[100,0],"id":238499533946881,"type":106}
@nix {"action":"stop","id":238499533946932}
@nix {"action":"result","fields":[49,67,1,0],"id":238499533946882,"type":105}
@nix {"action":"result","fields":[0,0,0,0],"id":238499533946883,"type":105}
@nix {"action":"result","fields":[101,0],"id":238499533946881,"type":106}
@nix {"action":"result","fields":[100,0],"id":238499533946881,"type":106}
@nix {"action":"stop","id":238499533946926}
@nix {"action":"start","fields":["/Users/hetzner/obrador-shared-pins-20260909/round-2-after/wide-round-1-jobs-8/store/x87y1rlgmsp7vlfcc6xxpp5518vxz9wl-leaf-11.drv","",1,1],"id":238499533946934,"level":3,"parent":0,"text":"building '/Users/hetzner/obrador-shared-pins-20260909/round-2-after/wide-round-1-jobs-8/store/x87y1rlgmsp7vlfcc6xxpp5518vxz9wl-leaf-11.drv'","type":105}
@nix {"action":"result","fields":[49,60,2,0],"id":238499533946882,"type":105}
@nix {"action":"result","fields":[0,0,0,0],"id":238499533946883,"type":105}
@nix {"action":"result","fields":[101,0],"id":238499533946881,"type":106}
@nix {"action":"result","fields":[100,0],"id":238499533946881,"type":106}
@nix {"action":"start","fields":["/Users/hetzner/obrador-shared-pins-20260909/round-2-after/wide-round-1-jobs-8/store/f3sb1sdx4g0fxj13dwx2kby79qmg7cq7-leaf-2.drv","",1,1],"id":238499533946935,"level":3,"parent":0,"text":"building '/Users/hetzner/obrador-shared-pins-20260909/round-2-after/wide-round-1-jobs-8/store/f3sb1sdx4g0fxj13dwx2kby79qmg7cq7-leaf-2.drv'","type":105}
@nix {"action":"result","fields":[49,60,3,0],"id":238499533946882,"type":105}
@nix {"action":"result","fields":[0,0,0,0],"id":238499533946883,"type":105}
@nix {"action":"result","fields":[101,0],"id":238499533946881,"type":106}
@nix {"action":"result","fields":[100,0],"id":238499533946881,"type":106}
@nix {"action":"start","fields":["/Users/hetzner/obrador-shared-pins-20260909/round-2-after/wide-round-1-jobs-8/store/a50jw4abk2fb797b9slp6lxcbg9s9aw1-leaf-20.drv","",1,1],"id":238499533946936,"level":3,"parent":0,"text":"building '/Users/hetzner/obrador-shared-pins-20260909/round-2-after/wide-round-1-jobs-8/store/a50jw4abk2fb797b9slp6lxcbg9s9aw1-leaf-20.drv'","type":105}
@nix {"action":"result","fields":[49,60,4,0],"id":238499533946882,"type":105}
@nix {"action":"result","fields":[0,0,0,0],"id":238499533946883,"type":105}
@nix {"action":"result","fields":[101,0],"id":238499533946881,"type":106}
@nix {"action":"result","fields":[100,0],"id":238499533946881,"type":106}
@nix {"action":"start","fields":["/Users/hetzner/obrador-shared-pins-20260909/round-2-after/wide-round-1-jobs-8/store/l4km7s1ww2rjsbll2ypp8wbdsb35b0nq-leaf-21.drv","",1,1],"id":238499533946937,"level":3,"parent":0,"text":"building '/Users/hetzner/obrador-shared-pins-20260909/round-2-after/wide-round-1-jobs-8/store/l4km7s1ww2rjsbll2ypp8wbdsb35b0nq-leaf-21.drv'","type":105}
@nix {"action":"result","fields":[49,60,5,0],"id":238499533946882,"type":105}
@nix {"action":"result","fields":[0,0,0,0],"id":238499533946883,"type":105}
@nix {"action":"result","fields":[101,0],"id":238499533946881,"type":106}
@nix {"action":"result","fields":[100,0],"id":238499533946881,"type":106}
@nix {"action":"start","fields":["/Users/hetzner/obrador-shared-pins-20260909/round-2-after/wide-round-1-jobs-8/store/fisd62jisvkha45kjxkj24yswpxk2x76-leaf-22.drv","",1,1],"id":238499533946938,"level":3,"parent":0,"text":"building '/Users/hetzner/obrador-shared-pins-20260909/round-2-after/wide-round-1-jobs-8/store/fisd62jisvkha45kjxkj24yswpxk2x76-leaf-22.drv'","type":105}
@nix {"action":"result","fields":[49,60,6,0],"id":238499533946882,"type":105}
@nix {"action":"result","fields":[0,0,0,0],"id":238499533946883,"type":105}
@nix {"action":"result","fields":[101,0],"id":238499533946881,"type":106}
@nix {"action":"result","fields":[100,0],"id":238499533946881,"type":106}
@nix {"action":"start","fields":["/Users/hetzner/obrador-shared-pins-20260909/round-2-after/wide-round-1-jobs-8/store/phfhwkmcy0y92ag8yf2njjml6c8gm91m-leaf-23.drv","",1,1],"id":238499533946939,"level":3,"parent":0,"text":"building '/Users/hetzner/obrador-shared-pins-20260909/round-2-after/wide-round-1-jobs-8/store/phfhwkmcy0y92ag8yf2njjml6c8gm91m-leaf-23.drv'","type":105}
@nix {"action":"result","fields":[49,60,7,0],"id":238499533946882,"type":105}
@nix {"action":"result","fields":[0,0,0,0],"id":238499533946883,"type":105}
@nix {"action":"result","fields":[101,0],"id":238499533946881,"type":106}
@nix {"action":"result","fields":[100,0],"id":238499533946881,"type":106}
@nix {"action":"start","fields":["/Users/hetzner/obrador-shared-pins-20260909/round-2-after/wide-round-1-jobs-8/store/nd11frwm72pbdvj2dchz4vz0zf1hx6n6-leaf-24.drv","",1,1],"id":238499533946940,"level":3,"parent":0,"text":"building '/Users/hetzner/obrador-shared-pins-20260909/round-2-after/wide-round-1-jobs-8/store/nd11frwm72pbdvj2dchz4vz0zf1hx6n6-leaf-24.drv'","type":105}
@nix {"action":"result","fields":[49,60,8,0],"id":238499533946882,"type":105}
@nix {"action":"result","fields":[0,0,0,0],"id":238499533946883,"type":105}
@nix {"action":"result","fields":[101,0],"id":238499533946881,"type":106}
@nix {"action":"result","fields":[100,0],"id":238499533946881,"type":106}
@nix {"action":"result","fields":[49,61,8,0],"id":238499533946882,"type":105}
@nix {"action":"result","fields":[0,0,0,0],"id":238499533946883,"type":105}
@nix {"action":"result","fields":[101,0],"id":238499533946881,"type":106}
@nix {"action":"result","fields":[100,0],"id":238499533946881,"type":106}
@nix {"action":"result","fields":[49,62,8,0],"id":238499533946882,"type":105}
@nix {"action":"result","fields":[0,0,0,0],"id":238499533946883,"type":105}
@nix {"action":"result","fields":[101,0],"id":238499533946881,"type":106}
@nix {"action":"result","fields":[100,0],"id":238499533946881,"type":106}
@nix {"action":"result","fields":[49,63,8,0],"id":238499533946882,"type":105}
@nix {"action":"result","fields":[0,0,0,0],"id":238499533946883,"type":105}
@nix {"action":"result","fields":[101,0],"id":238499533946881,"type":106}
@nix {"action":"result","fields":[100,0],"id":238499533946881,"type":106}
@nix {"action":"result","fields":[50,64,7,0],"id":238499533946882,"type":105}
@nix {"action":"result","fields":[0,0,0,0],"id":238499533946883,"type":105}
@nix {"action":"result","fields":[101,0],"id":238499533946881,"type":106}
@nix {"action":"result","fields":[100,0],"id":238499533946881,"type":106}
@nix {"action":"stop","id":238499533946934}
@nix {"action":"result","fields":[51,65,6,0],"id":238499533946882,"type":105}
@nix {"action":"result","fields":[0,0,0,0],"id":238499533946883,"type":105}
@nix {"action":"result","fields":[101,0],"id":238499533946881,"type":106}
@nix {"action":"result","fields":[100,0],"id":238499533946881,"type":106}
@nix {"action":"stop","id":238499533946935}
@nix {"action":"result","fields":[52,66,5,0],"id":238499533946882,"type":105}
@nix {"action":"result","fields":[0,0,0,0],"id":238499533946883,"type":105}
@nix {"action":"result","fields":[101,0],"id":238499533946881,"type":106}
@nix {"action":"result","fields":[100,0],"id":238499533946881,"type":106}
@nix {"action":"stop","id":238499533946936}
@nix {"action":"result","fields":[53,67,4,0],"id":238499533946882,"type":105}
@nix {"action":"result","fields":[0,0,0,0],"id":238499533946883,"type":105}
@nix {"action":"result","fields":[101,0],"id":238499533946881,"type":106}
@nix {"action":"result","fields":[100,0],"id":238499533946881,"type":106}
@nix {"action":"stop","id":238499533946937}
@nix {"action":"result","fields":[54,68,3,0],"id":238499533946882,"type":105}
@nix {"action":"result","fields":[0,0,0,0],"id":238499533946883,"type":105}
@nix {"action":"result","fields":[101,0],"id":238499533946881,"type":106}
@nix {"action":"result","fields":[100,0],"id":238499533946881,"type":106}
@nix {"action":"stop","id":238499533946938}
@nix {"action":"result","fields":[55,69,2,0],"id":238499533946882,"type":105}
@nix {"action":"result","fields":[0,0,0,0],"id":238499533946883,"type":105}
@nix {"action":"result","fields":[101,0],"id":238499533946881,"type":106}
@nix {"action":"result","fields":[100,0],"id":238499533946881,"type":106}
@nix {"action":"stop","id":238499533946939}
@nix {"action":"result","fields":[56,70,1,0],"id":238499533946882,"type":105}
@nix {"action":"result","fields":[0,0,0,0],"id":238499533946883,"type":105}
@nix {"action":"result","fields":[101,0],"id":238499533946881,"type":106}
@nix {"action":"result","fields":[100,0],"id":238499533946881,"type":106}
@nix {"action":"stop","id":238499533946933}
@nix {"action":"start","fields":["/Users/hetzner/obrador-shared-pins-20260909/round-2-after/wide-round-1-jobs-8/store/bf222cp23ljj5vz9qg2rvbsiwvwarg11-leaf-12.drv","",1,1],"id":238499533946941,"level":3,"parent":0,"text":"building '/Users/hetzner/obrador-shared-pins-20260909/round-2-after/wide-round-1-jobs-8/store/bf222cp23ljj5vz9qg2rvbsiwvwarg11-leaf-12.drv'","type":105}
@nix {"action":"result","fields":[56,63,2,0],"id":238499533946882,"type":105}
@nix {"action":"result","fields":[0,0,0,0],"id":238499533946883,"type":105}
@nix {"action":"result","fields":[101,0],"id":238499533946881,"type":106}
@nix {"action":"result","fields":[100,0],"id":238499533946881,"type":106}
@nix {"action":"start","fields":["/Users/hetzner/obrador-shared-pins-20260909/round-2-after/wide-round-1-jobs-8/store/vcmksa3wnd12ppyz5ckd2rq1rq7hf2ch-leaf-13.drv","",1,1],"id":238499533946942,"level":3,"parent":0,"text":"building '/Users/hetzner/obrador-shared-pins-20260909/round-2-after/wide-round-1-jobs-8/store/vcmksa3wnd12ppyz5ckd2rq1rq7hf2ch-leaf-13.drv'","type":105}
@nix {"action":"result","fields":[56,63,3,0],"id":238499533946882,"type":105}
@nix {"action":"result","fields":[0,0,0,0],"id":238499533946883,"type":105}
@nix {"action":"result","fields":[101,0],"id":238499533946881,"type":106}
@nix {"action":"result","fields":[100,0],"id":238499533946881,"type":106}
@nix {"action":"start","fields":["/Users/hetzner/obrador-shared-pins-20260909/round-2-after/wide-round-1-jobs-8/store/n6nps3fjsdj2w7lwj9wxsvqf2ff5cad9-leaf-14.drv","",1,1],"id":238499533946943,"level":3,"parent":0,"text":"building '/Users/hetzner/obrador-shared-pins-20260909/round-2-after/wide-round-1-jobs-8/store/n6nps3fjsdj2w7lwj9wxsvqf2ff5cad9-leaf-14.drv'","type":105}
@nix {"action":"result","fields":[56,63,4,0],"id":238499533946882,"type":105}
@nix {"action":"result","fields":[0,0,0,0],"id":238499533946883,"type":105}
@nix {"action":"result","fields":[101,0],"id":238499533946881,"type":106}
@nix {"action":"result","fields":[100,0],"id":238499533946881,"type":106}
@nix {"action":"start","fields":["/Users/hetzner/obrador-shared-pins-20260909/round-2-after/wide-round-1-jobs-8/store/7z2cjcr71gj3xwvnkhn1yd0b1nq3w8wr-leaf-25.drv","",1,1],"id":238499533946944,"level":3,"parent":0,"text":"building '/Users/hetzner/obrador-shared-pins-20260909/round-2-after/wide-round-1-jobs-8/store/7z2cjcr71gj3xwvnkhn1yd0b1nq3w8wr-leaf-25.drv'","type":105}
@nix {"action":"result","fields":[56,63,5,0],"id":238499533946882,"type":105}
@nix {"action":"result","fields":[0,0,0,0],"id":238499533946883,"type":105}
@nix {"action":"result","fields":[101,0],"id":238499533946881,"type":106}
@nix {"action":"result","fields":[100,0],"id":238499533946881,"type":106}
@nix {"action":"start","fields":["/Users/hetzner/obrador-shared-pins-20260909/round-2-after/wide-round-1-jobs-8/store/z1vbsx4rzwsrkdwcwragn60axhr4kcjs-leaf-26.drv","",1,1],"id":238499533946945,"level":3,"parent":0,"text":"building '/Users/hetzner/obrador-shared-pins-20260909/round-2-after/wide-round-1-jobs-8/store/z1vbsx4rzwsrkdwcwragn60axhr4kcjs-leaf-26.drv'","type":105}
@nix {"action":"result","fields":[56,63,6,0],"id":238499533946882,"type":105}
@nix {"action":"result","fields":[0,0,0,0],"id":238499533946883,"type":105}
@nix {"action":"result","fields":[101,0],"id":238499533946881,"type":106}
@nix {"action":"result","fields":[100,0],"id":238499533946881,"type":106}
@nix {"action":"start","fields":["/Users/hetzner/obrador-shared-pins-20260909/round-2-after/wide-round-1-jobs-8/store/pkz52kqibccyyncrjrcxpzk658hvr11i-leaf-27.drv","",1,1],"id":238499533946946,"level":3,"parent":0,"text":"building '/Users/hetzner/obrador-shared-pins-20260909/round-2-after/wide-round-1-jobs-8/store/pkz52kqibccyyncrjrcxpzk658hvr11i-leaf-27.drv'","type":105}
@nix {"action":"result","fields":[56,63,7,0],"id":238499533946882,"type":105}
@nix {"action":"result","fields":[0,0,0,0],"id":238499533946883,"type":105}
@nix {"action":"result","fields":[101,0],"id":238499533946881,"type":106}
@nix {"action":"result","fields":[100,0],"id":238499533946881,"type":106}
@nix {"action":"result","fields":[56,64,7,0],"id":238499533946882,"type":105}
@nix {"action":"result","fields":[0,0,0,0],"id":238499533946883,"type":105}
@nix {"action":"result","fields":[101,0],"id":238499533946881,"type":106}
@nix {"action":"result","fields":[100,0],"id":238499533946881,"type":106}
@nix {"action":"start","fields":["/Users/hetzner/obrador-shared-pins-20260909/round-2-after/wide-round-1-jobs-8/store/bgpv6194bf2sl1pw95g768i8dkz25p7z-leaf-9.drv","",1,1],"id":238499533946947,"level":3,"parent":0,"text":"building '/Users/hetzner/obrador-shared-pins-20260909/round-2-after/wide-round-1-jobs-8/store/bgpv6194bf2sl1pw95g768i8dkz25p7z-leaf-9.drv'","type":105}
@nix {"action":"result","fields":[56,64,8,0],"id":238499533946882,"type":105}
@nix {"action":"result","fields":[0,0,0,0],"id":238499533946883,"type":105}
@nix {"action":"result","fields":[101,0],"id":238499533946881,"type":106}
@nix {"action":"result","fields":[100,0],"id":238499533946881,"type":106}
@nix {"action":"result","fields":[57,65,7,0],"id":238499533946882,"type":105}
@nix {"action":"result","fields":[0,0,0,0],"id":238499533946883,"type":105}
@nix {"action":"result","fields":[101,0],"id":238499533946881,"type":106}
@nix {"action":"result","fields":[100,0],"id":238499533946881,"type":106}
@nix {"action":"stop","id":238499533946941}
@nix {"action":"result","fields":[58,66,6,0],"id":238499533946882,"type":105}
@nix {"action":"result","fields":[0,0,0,0],"id":238499533946883,"type":105}
@nix {"action":"result","fields":[101,0],"id":238499533946881,"type":106}
@nix {"action":"result","fields":[100,0],"id":238499533946881,"type":106}
@nix {"action":"stop","id":238499533946942}
@nix {"action":"result","fields":[59,67,5,0],"id":238499533946882,"type":105}
@nix {"action":"result","fields":[0,0,0,0],"id":238499533946883,"type":105}
@nix {"action":"result","fields":[101,0],"id":238499533946881,"type":106}
@nix {"action":"result","fields":[100,0],"id":238499533946881,"type":106}
@nix {"action":"stop","id":238499533946943}
@nix {"action":"result","fields":[60,68,4,0],"id":238499533946882,"type":105}
@nix {"action":"result","fields":[0,0,0,0],"id":238499533946883,"type":105}
@nix {"action":"result","fields":[101,0],"id":238499533946881,"type":106}
@nix {"action":"result","fields":[100,0],"id":238499533946881,"type":106}
@nix {"action":"stop","id":238499533946940}
@nix {"action":"result","fields":[61,69,3,0],"id":238499533946882,"type":105}
@nix {"action":"result","fields":[0,0,0,0],"id":238499533946883,"type":105}
@nix {"action":"result","fields":[101,0],"id":238499533946881,"type":106}
@nix {"action":"result","fields":[100,0],"id":238499533946881,"type":106}
@nix {"action":"stop","id":238499533946944}
@nix {"action":"result","fields":[62,70,2,0],"id":238499533946882,"type":105}
@nix {"action":"result","fields":[0,0,0,0],"id":238499533946883,"type":105}
@nix {"action":"result","fields":[101,0],"id":238499533946881,"type":106}
@nix {"action":"result","fields":[100,0],"id":238499533946881,"type":106}
@nix {"action":"stop","id":238499533946945}
@nix {"action":"result","fields":[63,71,1,0],"id":238499533946882,"type":105}
@nix {"action":"result","fields":[0,0,0,0],"id":238499533946883,"type":105}
@nix {"action":"result","fields":[101,0],"id":238499533946881,"type":106}
@nix {"action":"result","fields":[100,0],"id":238499533946881,"type":106}
@nix {"action":"stop","id":238499533946946}
@nix {"action":"result","fields":[64,65,0,0],"id":238499533946882,"type":105}
@nix {"action":"result","fields":[0,0,0,0],"id":238499533946883,"type":105}
@nix {"action":"result","fields":[101,0],"id":238499533946881,"type":106}
@nix {"action":"result","fields":[100,0],"id":238499533946881,"type":106}
@nix {"action":"stop","id":238499533946947}
@nix {"action":"stop","id":238499533946883}
@nix {"action":"stop","id":238499533946882}
@nix {"action":"stop","id":238499533946881}
