@nix {"action":"start","id":239453016686592,"level":6,"parent":0,"text":"querying info about missing paths","type":0}
@nix {"action":"msg","level":1,"msg":"\u001b[35;1mwarning:\u001b[0m Ignoring dynamic derivation /Users/hetzner/obrador-shared-pins-20260909/round-2-baseline/chain-round-1-jobs-8/store/63jjjrw0y9x1f4i552ci9mfljyphvapv-leaf-31.drv.drv^out while querying missing paths; not yet implemented"}
@nix {"action":"stop","id":239453016686592}
@nix {"action":"start","id":239453016686593,"level":0,"parent":0,"text":"","type":102}
@nix {"action":"start","id":239453016686594,"level":0,"parent":0,"text":"","type":104}
@nix {"action":"start","id":239453016686595,"level":0,"parent":0,"text":"","type":103}
@nix {"action":"result","fields":[0,0,0,0],"id":239453016686594,"type":105}
@nix {"action":"result","fields":[0,0,0,0],"id":239453016686595,"type":105}
@nix {"action":"result","fields":[101,0],"id":239453016686593,"type":106}
@nix {"action":"result","fields":[100,0],"id":239453016686593,"type":106}
@nix {"action":"result","fields":[0,0,0,0],"id":239453016686594,"type":105}
@nix {"action":"result","fields":[0,0,0,0],"id":239453016686595,"type":105}
@nix {"action":"result","fields":[101,0],"id":239453016686593,"type":106}
@nix {"action":"result","fields":[100,0],"id":239453016686593,"type":106}
@nix {"action":"result","fields":[0,1,0,0],"id":239453016686594,"type":105}
@nix {"action":"result","fields":[0,0,0,0],"id":239453016686595,"type":105}
@nix {"action":"result","fields":[101,0],"id":239453016686593,"type":106}
@nix {"action":"result","fields":[100,0],"id":239453016686593,"type":106}
@nix {"action":"result","fields":[0,1,0,0],"id":239453016686594,"type":105}
@nix {"action":"result","fields":[0,0,0,0],"id":239453016686595,"type":105}
@nix {"action":"result","fields":[101,0],"id":239453016686593,"type":106}
@nix {"action":"result","fields":[100,0],"id":239453016686593,"type":106}
@nix {"action":"result","fields":[0,1,0,0],"id":239453016686594,"type":105}
@nix {"action":"result","fields":[0,0,0,0],"id":239453016686595,"type":105}
@nix {"action":"result","fields":[101,0],"id":239453016686593,"type":106}
@nix {"action":"result","fields":[100,0],"id":239453016686593,"type":106}
@nix {"action":"result","fields":[0,2,0,0],"id":239453016686594,"type":105}
@nix {"action":"result","fields":[0,0,0,0],"id":239453016686595,"type":105}
@nix {"action":"result","fields":[101,0],"id":239453016686593,"type":106}
@nix {"action":"result","fields":[100,0],"id":239453016686593,"type":106}
@nix {"action":"result","fields":[0,2,0,0],"id":239453016686594,"type":105}
@nix {"action":"result","fields":[0,0,0,0],"id":239453016686595,"type":105}
@nix {"action":"result","fields":[101,0],"id":239453016686593,"type":106}
@nix {"action":"result","fields":[100,0],"id":239453016686593,"type":106}
@nix {"action":"result","fields":[0,2,0,0],"id":239453016686594,"type":105}
@nix {"action":"result","fields":[0,0,0,0],"id":239453016686595,"type":105}
@nix {"action":"result","fields":[101,0],"id":239453016686593,"type":106}
@nix {"action":"result","fields":[100,0],"id":239453016686593,"type":106}
@nix {"action":"result","fields":[0,3,0,0],"id":239453016686594,"type":105}
@nix {"action":"result","fields":[0,0,0,0],"id":239453016686595,"type":105}
@nix {"action":"result","fields":[101,0],"id":239453016686593,"type":106}
@nix {"action":"result","fields":[100,0],"id":239453016686593,"type":106}
@nix {"action":"result","fields":[0,3,0,0],"id":239453016686594,"type":105}
@nix {"action":"result","fields":[0,0,0,0],"id":239453016686595,"type":105}
@nix {"action":"result","fields":[101,0],"id":239453016686593,"type":106}
@nix {"action":"result","fields":[100,0],"id":239453016686593,"type":106}
@nix {"action":"result","fields":[0,3,0,0],"id":239453016686594,"type":105}
@nix {"action":"result","fields":[0,0,0,0],"id":239453016686595,"type":105}
@nix {"action":"result","fields":[101,0],"id":239453016686593,"type":106}
@nix {"action":"result","fields":[100,0],"id":239453016686593,"type":106}
@nix {"action":"result","fields":[0,4,0,0],"id":239453016686594,"type":105}
@nix {"action":"result","fields":[0,0,0,0],"id":239453016686595,"type":105}
@nix {"action":"result","fields":[101,0],"id":239453016686593,"type":106}
@nix {"action":"result","fields":[100,0],"id":239453016686593,"type":106}
@nix {"action":"result","fields":[0,4,0,0],"id":239453016686594,"type":105}
@nix {"action":"result","fields":[0,0,0,0],"id":239453016686595,"type":105}
@nix {"action":"result","fields":[101,0],"id":239453016686593,"type":106}
@nix {"action":"result","fields":[100,0],"id":239453016686593,"type":106}
@nix {"action":"result","fields":[0,4,0,0],"id":239453016686594,"type":105}
@nix {"action":"result","fields":[0,0,0,0],"id":239453016686595,"type":105}
@nix {"action":"result","fields":[101,0],"id":239453016686593,"type":106}
@nix {"action":"result","fields":[100,0],"id":239453016686593,"type":106}
@nix {"action":"result","fields":[0,5,0,0],"id":239453016686594,"type":105}
@nix {"action":"result","fields":[0,0,0,0],"id":239453016686595,"type":105}
@nix {"action":"result","fields":[101,0],"id":239453016686593,"type":106}
@nix {"action":"result","fields":[100,0],"id":239453016686593,"type":106}
@nix {"action":"result","fields":[0,5,0,0],"id":239453016686594,"type":105}
@nix {"action":"result","fields":[0,0,0,0],"id":239453016686595,"type":105}
@nix {"action":"result","fields":[101,0],"id":239453016686593,"type":106}
@nix {"action":"result","fields":[100,0],"id":239453016686593,"type":106}
@nix {"action":"result","fields":[0,5,0,0],"id":239453016686594,"type":105}
@nix {"action":"result","fields":[0,0,0,0],"id":239453016686595,"type":105}
@nix {"action":"result","fields":[101,0],"id":239453016686593,"type":106}
@nix {"action":"result","fields":[100,0],"id":239453016686593,"type":106}
@nix {"action":"result","fields":[0,6,0,0],"id":239453016686594,"type":105}
@nix {"action":"result","fields":[0,0,0,0],"id":239453016686595,"type":105}
@nix {"action":"result","fields":[101,0],"id":239453016686593,"type":106}
@nix {"action":"result","fields":[100,0],"id":239453016686593,"type":106}
@nix {"action":"result","fields":[0,6,0,0],"id":239453016686594,"type":105}
@nix {"action":"result","fields":[0,0,0,0],"id":239453016686595,"type":105}
@nix {"action":"result","fields":[101,0],"id":239453016686593,"type":106}
@nix {"action":"result","fields":[100,0],"id":239453016686593,"type":106}
@nix {"action":"result","fields":[0,6,0,0],"id":239453016686594,"type":105}
@nix {"action":"result","fields":[0,0,0,0],"id":239453016686595,"type":105}
@nix {"action":"result","fields":[101,0],"id":239453016686593,"type":106}
@nix {"action":"result","fields":[100,0],"id":239453016686593,"type":106}
@nix {"action":"result","fields":[0,7,0,0],"id":239453016686594,"type":105}
@nix {"action":"result","fields":[0,0,0,0],"id":239453016686595,"type":105}
@nix {"action":"result","fields":[101,0],"id":239453016686593,"type":106}
@nix {"action":"result","fields":[100,0],"id":239453016686593,"type":106}
@nix {"action":"result","fields":[0,7,0,0],"id":239453016686594,"type":105}
@nix {"action":"result","fields":[0,0,0,0],"id":239453016686595,"type":105}
@nix {"action":"result","fields":[101,0],"id":239453016686593,"type":106}
@nix {"action":"result","fields":[100,0],"id":239453016686593,"type":106}
@nix {"action":"result","fields":[0,7,0,0],"id":239453016686594,"type":105}
@nix {"action":"result","fields":[0,0,0,0],"id":239453016686595,"type":105}
@nix {"action":"result","fields":[101,0],"id":239453016686593,"type":106}
@nix {"action":"result","fields":[100,0],"id":239453016686593,"type":106}
@nix {"action":"result","fields":[0,8,0,0],"id":239453016686594,"type":105}
@nix {"action":"result","fields":[0,0,0,0],"id":239453016686595,"type":105}
@nix {"action":"result","fields":[101,0],"id":239453016686593,"type":106}
@nix {"action":"result","fields":[100,0],"id":239453016686593,"type":106}
@nix {"action":"result","fields":[0,8,0,0],"id":239453016686594,"type":105}
@nix {"action":"result","fields":[0,0,0,0],"id":239453016686595,"type":105}
@nix {"action":"result","fields":[101,0],"id":239453016686593,"type":106}
@nix {"action":"result","fields":[100,0],"id":239453016686593,"type":106}
@nix {"action":"result","fields":[0,8,0,0],"id":239453016686594,"type":105}
@nix {"action":"result","fields":[0,0,0,0],"id":239453016686595,"type":105}
@nix {"action":"result","fields":[101,0],"id":239453016686593,"type":106}
@nix {"action":"result","fields":[100,0],"id":239453016686593,"type":106}
@nix {"action":"result","fields":[0,9,0,0],"id":239453016686594,"type":105}
@nix {"action":"result","fields":[0,0,0,0],"id":239453016686595,"type":105}
@nix {"action":"result","fields":[101,0],"id":239453016686593,"type":106}
@nix {"action":"result","fields":[100,0],"id":239453016686593,"type":106}
@nix {"action":"result","fields":[0,9,0,0],"id":239453016686594,"type":105}
@nix {"action":"result","fields":[0,0,0,0],"id":239453016686595,"type":105}
@nix {"action":"result","fields":[101,0],"id":239453016686593,"type":106}
@nix {"action":"result","fields":[100,0],"id":239453016686593,"type":106}
@nix {"action":"result","fields":[0,9,0,0],"id":239453016686594,"type":105}
@nix {"action":"result","fields":[0,0,0,0],"id":239453016686595,"type":105}
@nix {"action":"result","fields":[101,0],"id":239453016686593,"type":106}
@nix {"action":"result","fields":[100,0],"id":239453016686593,"type":106}
@nix {"action":"result","fields":[0,10,0,0],"id":239453016686594,"type":105}
@nix {"action":"result","fields":[0,0,0,0],"id":239453016686595,"type":105}
@nix {"action":"result","fields":[101,0],"id":239453016686593,"type":106}
@nix {"action":"result","fields":[100,0],"id":239453016686593,"type":106}
@nix {"action":"result","fields":[0,10,0,0],"id":239453016686594,"type":105}
@nix {"action":"result","fields":[0,0,0,0],"id":239453016686595,"type":105}
@nix {"action":"result","fields":[101,0],"id":239453016686593,"type":106}
@nix {"action":"result","fields":[100,0],"id":239453016686593,"type":106}
@nix {"action":"result","fields":[0,10,0,0],"id":239453016686594,"type":105}
@nix {"action":"result","fields":[0,0,0,0],"id":239453016686595,"type":105}
@nix {"action":"result","fields":[101,0],"id":239453016686593,"type":106}
@nix {"action":"result","fields":[100,0],"id":239453016686593,"type":106}
@nix {"action":"result","fields":[0,11,0,0],"id":239453016686594,"type":105}
@nix {"action":"result","fields":[0,0,0,0],"id":239453016686595,"type":105}
@nix {"action":"result","fields":[101,0],"id":239453016686593,"type":106}
@nix {"action":"result","fields":[100,0],"id":239453016686593,"type":106}
@nix {"action":"result","fields":[0,11,0,0],"id":239453016686594,"type":105}
@nix {"action":"result","fields":[0,0,0,0],"id":239453016686595,"type":105}
@nix {"action":"result","fields":[101,0],"id":239453016686593,"type":106}
@nix {"action":"result","fields":[100,0],"id":239453016686593,"type":106}
@nix {"action":"result","fields":[0,11,0,0],"id":239453016686594,"type":105}
@nix {"action":"result","fields":[0,0,0,0],"id":239453016686595,"type":105}
@nix {"action":"result","fields":[101,0],"id":239453016686593,"type":106}
@nix {"action":"result","fields":[100,0],"id":239453016686593,"type":106}
@nix {"action":"result","fields":[0,12,0,0],"id":239453016686594,"type":105}
@nix {"action":"result","fields":[0,0,0,0],"id":239453016686595,"type":105}
@nix {"action":"result","fields":[101,0],"id":239453016686593,"type":106}
@nix {"action":"result","fields":[100,0],"id":239453016686593,"type":106}
@nix {"action":"result","fields":[0,12,0,0],"id":239453016686594,"type":105}
@nix {"action":"result","fields":[0,0,0,0],"id":239453016686595,"type":105}
@nix {"action":"result","fields":[101,0],"id":239453016686593,"type":106}
@nix {"action":"result","fields":[100,0],"id":239453016686593,"type":106}
@nix {"action":"result","fields":[0,12,0,0],"id":239453016686594,"type":105}
@nix {"action":"result","fields":[0,0,0,0],"id":239453016686595,"type":105}
@nix {"action":"result","fields":[101,0],"id":239453016686593,"type":106}
@nix {"action":"result","fields":[100,0],"id":239453016686593,"type":106}
@nix {"action":"result","fields":[0,13,0,0],"id":239453016686594,"type":105}
@nix {"action":"result","fields":[0,0,0,0],"id":239453016686595,"type":105}
@nix {"action":"result","fields":[101,0],"id":239453016686593,"type":106}
@nix {"action":"result","fields":[100,0],"id":239453016686593,"type":106}
@nix {"action":"result","fields":[0,13,0,0],"id":239453016686594,"type":105}
@nix {"action":"result","fields":[0,0,0,0],"id":239453016686595,"type":105}
@nix {"action":"result","fields":[101,0],"id":239453016686593,"type":106}
@nix {"action":"result","fields":[100,0],"id":239453016686593,"type":106}
@nix {"action":"result","fields":[0,13,0,0],"id":239453016686594,"type":105}
@nix {"action":"result","fields":[0,0,0,0],"id":239453016686595,"type":105}
@nix {"action":"result","fields":[101,0],"id":239453016686593,"type":106}
@nix {"action":"result","fields":[100,0],"id":239453016686593,"type":106}
@nix {"action":"result","fields":[0,14,0,0],"id":239453016686594,"type":105}
@nix {"action":"result","fields":[0,0,0,0],"id":239453016686595,"type":105}
@nix {"action":"result","fields":[101,0],"id":239453016686593,"type":106}
@nix {"action":"result","fields":[100,0],"id":239453016686593,"type":106}
@nix {"action":"result","fields":[0,14,0,0],"id":239453016686594,"type":105}
@nix {"action":"result","fields":[0,0,0,0],"id":239453016686595,"type":105}
@nix {"action":"result","fields":[101,0],"id":239453016686593,"type":106}
@nix {"action":"result","fields":[100,0],"id":239453016686593,"type":106}
@nix {"action":"result","fields":[0,14,0,0],"id":239453016686594,"type":105}
@nix {"action":"result","fields":[0,0,0,0],"id":239453016686595,"type":105}
@nix {"action":"result","fields":[101,0],"id":239453016686593,"type":106}
@nix {"action":"result","fields":[100,0],"id":239453016686593,"type":106}
@nix {"action":"result","fields":[0,15,0,0],"id":239453016686594,"type":105}
@nix {"action":"result","fields":[0,0,0,0],"id":239453016686595,"type":105}
@nix {"action":"result","fields":[101,0],"id":239453016686593,"type":106}
@nix {"action":"result","fields":[100,0],"id":239453016686593,"type":106}
@nix {"action":"result","fields":[0,15,0,0],"id":239453016686594,"type":105}
@nix {"action":"result","fields":[0,0,0,0],"id":239453016686595,"type":105}
@nix {"action":"result","fields":[101,0],"id":239453016686593,"type":106}
@nix {"action":"result","fields":[100,0],"id":239453016686593,"type":106}
@nix {"action":"result","fields":[0,15,0,0],"id":239453016686594,"type":105}
@nix {"action":"result","fields":[0,0,0,0],"id":239453016686595,"type":105}
@nix {"action":"result","fields":[101,0],"id":239453016686593,"type":106}
@nix {"action":"result","fields":[100,0],"id":239453016686593,"type":106}
@nix {"action":"result","fields":[0,16,0,0],"id":239453016686594,"type":105}
@nix {"action":"result","fields":[0,0,0,0],"id":239453016686595,"type":105}
@nix {"action":"result","fields":[101,0],"id":239453016686593,"type":106}
@nix {"action":"result","fields":[100,0],"id":239453016686593,"type":106}
@nix {"action":"result","fields":[0,16,0,0],"id":239453016686594,"type":105}
@nix {"action":"result","fields":[0,0,0,0],"id":239453016686595,"type":105}
@nix {"action":"result","fields":[101,0],"id":239453016686593,"type":106}
@nix {"action":"result","fields":[100,0],"id":239453016686593,"type":106}
@nix {"action":"result","fields":[0,16,0,0],"id":239453016686594,"type":105}
@nix {"action":"result","fields":[0,0,0,0],"id":239453016686595,"type":105}
@nix {"action":"result","fields":[101,0],"id":239453016686593,"type":106}
@nix {"action":"result","fields":[100,0],"id":239453016686593,"type":106}
@nix {"action":"result","fields":[0,17,0,0],"id":239453016686594,"type":105}
@nix {"action":"result","fields":[0,0,0,0],"id":239453016686595,"type":105}
@nix {"action":"result","fields":[101,0],"id":239453016686593,"type":106}
@nix {"action":"result","fields":[100,0],"id":239453016686593,"type":106}
@nix {"action":"result","fields":[0,17,0,0],"id":239453016686594,"type":105}
@nix {"action":"result","fields":[0,0,0,0],"id":239453016686595,"type":105}
@nix {"action":"result","fields":[101,0],"id":239453016686593,"type":106}
@nix {"action":"result","fields":[100,0],"id":239453016686593,"type":106}
@nix {"action":"result","fields":[0,17,0,0],"id":239453016686594,"type":105}
@nix {"action":"result","fields":[0,0,0,0],"id":239453016686595,"type":105}
@nix {"action":"result","fields":[101,0],"id":239453016686593,"type":106}
@nix {"action":"result","fields":[100,0],"id":239453016686593,"type":106}
@nix {"action":"result","fields":[0,18,0,0],"id":239453016686594,"type":105}
@nix {"action":"result","fields":[0,0,0,0],"id":239453016686595,"type":105}
@nix {"action":"result","fields":[101,0],"id":239453016686593,"type":106}
@nix {"action":"result","fields":[100,0],"id":239453016686593,"type":106}
@nix {"action":"result","fields":[0,18,0,0],"id":239453016686594,"type":105}
@nix {"action":"result","fields":[0,0,0,0],"id":239453016686595,"type":105}
@nix {"action":"result","fields":[101,0],"id":239453016686593,"type":106}
@nix {"action":"result","fields":[100,0],"id":239453016686593,"type":106}
@nix {"action":"result","fields":[0,18,0,0],"id":239453016686594,"type":105}
@nix {"action":"result","fields":[0,0,0,0],"id":239453016686595,"type":105}
@nix {"action":"result","fields":[101,0],"id":239453016686593,"type":106}
@nix {"action":"result","fields":[100,0],"id":239453016686593,"type":106}
@nix {"action":"result","fields":[0,19,0,0],"id":239453016686594,"type":105}
@nix {"action":"result","fields":[0,0,0,0],"id":239453016686595,"type":105}
@nix {"action":"result","fields":[101,0],"id":239453016686593,"type":106}
@nix {"action":"result","fields":[100,0],"id":239453016686593,"type":106}
@nix {"action":"result","fields":[0,19,0,0],"id":239453016686594,"type":105}
@nix {"action":"result","fields":[0,0,0,0],"id":239453016686595,"type":105}
@nix {"action":"result","fields":[101,0],"id":239453016686593,"type":106}
@nix {"action":"result","fields":[100,0],"id":239453016686593,"type":106}
@nix {"action":"result","fields":[0,19,0,0],"id":239453016686594,"type":105}
@nix {"action":"result","fields":[0,0,0,0],"id":239453016686595,"type":105}
@nix {"action":"result","fields":[101,0],"id":239453016686593,"type":106}
@nix {"action":"result","fields":[100,0],"id":239453016686593,"type":106}
@nix {"action":"result","fields":[0,20,0,0],"id":239453016686594,"type":105}
@nix {"action":"result","fields":[0,0,0,0],"id":239453016686595,"type":105}
@nix {"action":"result","fields":[101,0],"id":239453016686593,"type":106}
@nix {"action":"result","fields":[100,0],"id":239453016686593,"type":106}
@nix {"action":"result","fields":[0,20,0,0],"id":239453016686594,"type":105}
@nix {"action":"result","fields":[0,0,0,0],"id":239453016686595,"type":105}
@nix {"action":"result","fields":[101,0],"id":239453016686593,"type":106}
@nix {"action":"result","fields":[100,0],"id":239453016686593,"type":106}
@nix {"action":"result","fields":[0,20,0,0],"id":239453016686594,"type":105}
@nix {"action":"result","fields":[0,0,0,0],"id":239453016686595,"type":105}
@nix {"action":"result","fields":[101,0],"id":239453016686593,"type":106}
@nix {"action":"result","fields":[100,0],"id":239453016686593,"type":106}
@nix {"action":"result","fields":[0,21,0,0],"id":239453016686594,"type":105}
@nix {"action":"result","fields":[0,0,0,0],"id":239453016686595,"type":105}
@nix {"action":"result","fields":[101,0],"id":239453016686593,"type":106}
@nix {"action":"result","fields":[100,0],"id":239453016686593,"type":106}
@nix {"action":"result","fields":[0,21,0,0],"id":239453016686594,"type":105}
@nix {"action":"result","fields":[0,0,0,0],"id":239453016686595,"type":105}
@nix {"action":"result","fields":[101,0],"id":239453016686593,"type":106}
@nix {"action":"result","fields":[100,0],"id":239453016686593,"type":106}
@nix {"action":"result","fields":[0,21,0,0],"id":239453016686594,"type":105}
@nix {"action":"result","fields":[0,0,0,0],"id":239453016686595,"type":105}
@nix {"action":"result","fields":[101,0],"id":239453016686593,"type":106}
@nix {"action":"result","fields":[100,0],"id":239453016686593,"type":106}
@nix {"action":"result","fields":[0,22,0,0],"id":239453016686594,"type":105}
@nix {"action":"result","fields":[0,0,0,0],"id":239453016686595,"type":105}
@nix {"action":"result","fields":[101,0],"id":239453016686593,"type":106}
@nix {"action":"result","fields":[100,0],"id":239453016686593,"type":106}
@nix {"action":"result","fields":[0,22,0,0],"id":239453016686594,"type":105}
@nix {"action":"result","fields":[0,0,0,0],"id":239453016686595,"type":105}
@nix {"action":"result","fields":[101,0],"id":239453016686593,"type":106}
@nix {"action":"result","fields":[100,0],"id":239453016686593,"type":106}
@nix {"action":"result","fields":[0,22,0,0],"id":239453016686594,"type":105}
@nix {"action":"result","fields":[0,0,0,0],"id":239453016686595,"type":105}
@nix {"action":"result","fields":[101,0],"id":239453016686593,"type":106}
@nix {"action":"result","fields":[100,0],"id":239453016686593,"type":106}
@nix {"action":"result","fields":[0,23,0,0],"id":239453016686594,"type":105}
@nix {"action":"result","fields":[0,0,0,0],"id":239453016686595,"type":105}
@nix {"action":"result","fields":[101,0],"id":239453016686593,"type":106}
@nix {"action":"result","fields":[100,0],"id":239453016686593,"type":106}
@nix {"action":"result","fields":[0,23,0,0],"id":239453016686594,"type":105}
@nix {"action":"result","fields":[0,0,0,0],"id":239453016686595,"type":105}
@nix {"action":"result","fields":[101,0],"id":239453016686593,"type":106}
@nix {"action":"result","fields":[100,0],"id":239453016686593,"type":106}
@nix {"action":"result","fields":[0,23,0,0],"id":239453016686594,"type":105}
@nix {"action":"result","fields":[0,0,0,0],"id":239453016686595,"type":105}
@nix {"action":"result","fields":[101,0],"id":239453016686593,"type":106}
@nix {"action":"result","fields":[100,0],"id":239453016686593,"type":106}
@nix {"action":"result","fields":[0,24,0,0],"id":239453016686594,"type":105}
@nix {"action":"result","fields":[0,0,0,0],"id":239453016686595,"type":105}
@nix {"action":"result","fields":[101,0],"id":239453016686593,"type":106}
@nix {"action":"result","fields":[100,0],"id":239453016686593,"type":106}
@nix {"action":"result","fields":[0,24,0,0],"id":239453016686594,"type":105}
@nix {"action":"result","fields":[0,0,0,0],"id":239453016686595,"type":105}
@nix {"action":"result","fields":[101,0],"id":239453016686593,"type":106}
@nix {"action":"result","fields":[100,0],"id":239453016686593,"type":106}
@nix {"action":"result","fields":[0,24,0,0],"id":239453016686594,"type":105}
@nix {"action":"result","fields":[0,0,0,0],"id":239453016686595,"type":105}
@nix {"action":"result","fields":[101,0],"id":239453016686593,"type":106}
@nix {"action":"result","fields":[100,0],"id":239453016686593,"type":106}
@nix {"action":"result","fields":[0,25,0,0],"id":239453016686594,"type":105}
@nix {"action":"result","fields":[0,0,0,0],"id":239453016686595,"type":105}
@nix {"action":"result","fields":[101,0],"id":239453016686593,"type":106}
@nix {"action":"result","fields":[100,0],"id":239453016686593,"type":106}
@nix {"action":"result","fields":[0,25,0,0],"id":239453016686594,"type":105}
@nix {"action":"result","fields":[0,0,0,0],"id":239453016686595,"type":105}
@nix {"action":"result","fields":[101,0],"id":239453016686593,"type":106}
@nix {"action":"result","fields":[100,0],"id":239453016686593,"type":106}
@nix {"action":"result","fields":[0,25,0,0],"id":239453016686594,"type":105}
@nix {"action":"result","fields":[0,0,0,0],"id":239453016686595,"type":105}
@nix {"action":"result","fields":[101,0],"id":239453016686593,"type":106}
@nix {"action":"result","fields":[100,0],"id":239453016686593,"type":106}
@nix {"action":"result","fields":[0,26,0,0],"id":239453016686594,"type":105}
@nix {"action":"result","fields":[0,0,0,0],"id":239453016686595,"type":105}
@nix {"action":"result","fields":[101,0],"id":239453016686593,"type":106}
@nix {"action":"result","fields":[100,0],"id":239453016686593,"type":106}
@nix {"action":"result","fields":[0,26,0,0],"id":239453016686594,"type":105}
@nix {"action":"result","fields":[0,0,0,0],"id":239453016686595,"type":105}
@nix {"action":"result","fields":[101,0],"id":239453016686593,"type":106}
@nix {"action":"result","fields":[100,0],"id":239453016686593,"type":106}
@nix {"action":"result","fields":[0,26,0,0],"id":239453016686594,"type":105}
@nix {"action":"result","fields":[0,0,0,0],"id":239453016686595,"type":105}
@nix {"action":"result","fields":[101,0],"id":239453016686593,"type":106}
@nix {"action":"result","fields":[100,0],"id":239453016686593,"type":106}
@nix {"action":"result","fields":[0,27,0,0],"id":239453016686594,"type":105}
@nix {"action":"result","fields":[0,0,0,0],"id":239453016686595,"type":105}
@nix {"action":"result","fields":[101,0],"id":239453016686593,"type":106}
@nix {"action":"result","fields":[100,0],"id":239453016686593,"type":106}
@nix {"action":"result","fields":[0,27,0,0],"id":239453016686594,"type":105}
@nix {"action":"result","fields":[0,0,0,0],"id":239453016686595,"type":105}
@nix {"action":"result","fields":[101,0],"id":239453016686593,"type":106}
@nix {"action":"result","fields":[100,0],"id":239453016686593,"type":106}
@nix {"action":"result","fields":[0,27,0,0],"id":239453016686594,"type":105}
@nix {"action":"result","fields":[0,0,0,0],"id":239453016686595,"type":105}
@nix {"action":"result","fields":[101,0],"id":239453016686593,"type":106}
@nix {"action":"result","fields":[100,0],"id":239453016686593,"type":106}
@nix {"action":"result","fields":[0,28,0,0],"id":239453016686594,"type":105}
@nix {"action":"result","fields":[0,0,0,0],"id":239453016686595,"type":105}
@nix {"action":"result","fields":[101,0],"id":239453016686593,"type":106}
@nix {"action":"result","fields":[100,0],"id":239453016686593,"type":106}
@nix {"action":"result","fields":[0,28,0,0],"id":239453016686594,"type":105}
@nix {"action":"result","fields":[0,0,0,0],"id":239453016686595,"type":105}
@nix {"action":"result","fields":[101,0],"id":239453016686593,"type":106}
@nix {"action":"result","fields":[100,0],"id":239453016686593,"type":106}
@nix {"action":"result","fields":[0,28,0,0],"id":239453016686594,"type":105}
@nix {"action":"result","fields":[0,0,0,0],"id":239453016686595,"type":105}
@nix {"action":"result","fields":[101,0],"id":239453016686593,"type":106}
@nix {"action":"result","fields":[100,0],"id":239453016686593,"type":106}
@nix {"action":"result","fields":[0,29,0,0],"id":239453016686594,"type":105}
@nix {"action":"result","fields":[0,0,0,0],"id":239453016686595,"type":105}
@nix {"action":"result","fields":[101,0],"id":239453016686593,"type":106}
@nix {"action":"result","fields":[100,0],"id":239453016686593,"type":106}
@nix {"action":"result","fields":[0,29,0,0],"id":239453016686594,"type":105}
@nix {"action":"result","fields":[0,0,0,0],"id":239453016686595,"type":105}
@nix {"action":"result","fields":[101,0],"id":239453016686593,"type":106}
@nix {"action":"result","fields":[100,0],"id":239453016686593,"type":106}
@nix {"action":"result","fields":[0,29,0,0],"id":239453016686594,"type":105}
@nix {"action":"result","fields":[0,0,0,0],"id":239453016686595,"type":105}
@nix {"action":"result","fields":[101,0],"id":239453016686593,"type":106}
@nix {"action":"result","fields":[100,0],"id":239453016686593,"type":106}
@nix {"action":"result","fields":[0,30,0,0],"id":239453016686594,"type":105}
@nix {"action":"result","fields":[0,0,0,0],"id":239453016686595,"type":105}
@nix {"action":"result","fields":[101,0],"id":239453016686593,"type":106}
@nix {"action":"result","fields":[100,0],"id":239453016686593,"type":106}
@nix {"action":"result","fields":[0,30,0,0],"id":239453016686594,"type":105}
@nix {"action":"result","fields":[0,0,0,0],"id":239453016686595,"type":105}
@nix {"action":"result","fields":[101,0],"id":239453016686593,"type":106}
@nix {"action":"result","fields":[100,0],"id":239453016686593,"type":106}
@nix {"action":"result","fields":[0,30,0,0],"id":239453016686594,"type":105}
@nix {"action":"result","fields":[0,0,0,0],"id":239453016686595,"type":105}
@nix {"action":"result","fields":[101,0],"id":239453016686593,"type":106}
@nix {"action":"result","fields":[100,0],"id":239453016686593,"type":106}
@nix {"action":"result","fields":[0,31,0,0],"id":239453016686594,"type":105}
@nix {"action":"result","fields":[0,0,0,0],"id":239453016686595,"type":105}
@nix {"action":"result","fields":[101,0],"id":239453016686593,"type":106}
@nix {"action":"result","fields":[100,0],"id":239453016686593,"type":106}
@nix {"action":"result","fields":[0,31,0,0],"id":239453016686594,"type":105}
@nix {"action":"result","fields":[0,0,0,0],"id":239453016686595,"type":105}
@nix {"action":"result","fields":[101,0],"id":239453016686593,"type":106}
@nix {"action":"result","fields":[100,0],"id":239453016686593,"type":106}
@nix {"action":"result","fields":[0,31,0,0],"id":239453016686594,"type":105}
@nix {"action":"result","fields":[0,0,0,0],"id":239453016686595,"type":105}
@nix {"action":"result","fields":[101,0],"id":239453016686593,"type":106}
@nix {"action":"result","fields":[100,0],"id":239453016686593,"type":106}
@nix {"action":"result","fields":[0,32,0,0],"id":239453016686594,"type":105}
@nix {"action":"result","fields":[0,0,0,0],"id":239453016686595,"type":105}
@nix {"action":"result","fields":[101,0],"id":239453016686593,"type":106}
@nix {"action":"result","fields":[100,0],"id":239453016686593,"type":106}
@nix {"action":"start","fields":["/Users/hetzner/obrador-shared-pins-20260909/round-2-baseline/chain-round-1-jobs-8/store/d13z4hyhrymqicb70j7bqq00lnw9mjyw-leaf-0.drv.drv","",1,1],"id":239453016686596,"level":3,"parent":0,"text":"building '/Users/hetzner/obrador-shared-pins-20260909/round-2-baseline/chain-round-1-jobs-8/store/d13z4hyhrymqicb70j7bqq00lnw9mjyw-leaf-0.drv.drv'","type":105}
@nix {"action":"result","fields":[0,32,1,0],"id":239453016686594,"type":105}
@nix {"action":"result","fields":[0,0,0,0],"id":239453016686595,"type":105}
@nix {"action":"result","fields":[101,0],"id":239453016686593,"type":106}
@nix {"action":"result","fields":[100,0],"id":239453016686593,"type":106}
@nix {"action":"result","fields":[1,33,0,0],"id":239453016686594,"type":105}
@nix {"action":"result","fields":[0,0,0,0],"id":239453016686595,"type":105}
@nix {"action":"result","fields":[101,0],"id":239453016686593,"type":106}
@nix {"action":"result","fields":[100,0],"id":239453016686593,"type":106}
@nix {"action":"stop","id":239453016686596}
@nix {"action":"result","fields":[1,33,0,0],"id":239453016686594,"type":105}
@nix {"action":"result","fields":[0,0,0,0],"id":239453016686595,"type":105}
@nix {"action":"result","fields":[101,0],"id":239453016686593,"type":106}
@nix {"action":"result","fields":[100,0],"id":239453016686593,"type":106}
@nix {"action":"start","fields":["/Users/hetzner/obrador-shared-pins-20260909/round-2-baseline/chain-round-1-jobs-8/store/11xj7vvimgigg90fnjmn6lgxcj0n051w-leaf-0.drv","",1,1],"id":239453016686597,"level":3,"parent":0,"text":"building '/Users/hetzner/obrador-shared-pins-20260909/round-2-baseline/chain-round-1-jobs-8/store/11xj7vvimgigg90fnjmn6lgxcj0n051w-leaf-0.drv'","type":105}
@nix {"action":"result","fields":[1,33,1,0],"id":239453016686594,"type":105}
@nix {"action":"result","fields":[0,0,0,0],"id":239453016686595,"type":105}
@nix {"action":"result","fields":[101,0],"id":239453016686593,"type":106}
@nix {"action":"result","fields":[100,0],"id":239453016686593,"type":106}
@nix {"action":"result","fields":[2,34,0,0],"id":239453016686594,"type":105}
@nix {"action":"result","fields":[0,0,0,0],"id":239453016686595,"type":105}
@nix {"action":"result","fields":[101,0],"id":239453016686593,"type":106}
@nix {"action":"result","fields":[100,0],"id":239453016686593,"type":106}
@nix {"action":"stop","id":239453016686597}
@nix {"action":"start","fields":["/Users/hetzner/obrador-shared-pins-20260909/round-2-baseline/chain-round-1-jobs-8/store/xhv81dq2pbh0aqrr43jb65gnh7xszkvz-leaf-1.drv.drv","/Users/hetzner/obrador-shared-pins-20260909/round-2-baseline/chain-round-1-jobs-8/store/p2npk4jw2lxmm2rzqdd7g310103i5x9d-leaf-1.drv.drv"],"id":239453016686598,"level":3,"parent":0,"text":"resolved derivation: '/Users/hetzner/obrador-shared-pins-20260909/round-2-baseline/chain-round-1-jobs-8/store/xhv81dq2pbh0aqrr43jb65gnh7xszkvz-leaf-1.drv.drv' -> '/Users/hetzner/obrador-shared-pins-20260909/round-2-baseline/chain-round-1-jobs-8/store/p2npk4jw2lxmm2rzqdd7g310103i5x9d-leaf-1.drv.drv'","type":111}
@nix {"action":"result","fields":[2,34,0,0],"id":239453016686594,"type":105}
@nix {"action":"result","fields":[0,0,0,0],"id":239453016686595,"type":105}
@nix {"action":"result","fields":[101,0],"id":239453016686593,"type":106}
@nix {"action":"result","fields":[100,0],"id":239453016686593,"type":106}
@nix {"action":"start","fields":["/Users/hetzner/obrador-shared-pins-20260909/round-2-baseline/chain-round-1-jobs-8/store/p2npk4jw2lxmm2rzqdd7g310103i5x9d-leaf-1.drv.drv","",1,1],"id":239453016686599,"level":3,"parent":0,"text":"building '/Users/hetzner/obrador-shared-pins-20260909/round-2-baseline/chain-round-1-jobs-8/store/p2npk4jw2lxmm2rzqdd7g310103i5x9d-leaf-1.drv.drv'","type":105}
@nix {"action":"result","fields":[2,34,1,0],"id":239453016686594,"type":105}
@nix {"action":"result","fields":[0,0,0,0],"id":239453016686595,"type":105}
@nix {"action":"result","fields":[101,0],"id":239453016686593,"type":106}
@nix {"action":"result","fields":[100,0],"id":239453016686593,"type":106}
@nix {"action":"result","fields":[3,35,0,0],"id":239453016686594,"type":105}
@nix {"action":"result","fields":[0,0,0,0],"id":239453016686595,"type":105}
@nix {"action":"result","fields":[101,0],"id":239453016686593,"type":106}
@nix {"action":"result","fields":[100,0],"id":239453016686593,"type":106}
@nix {"action":"stop","id":239453016686599}
@nix {"action":"result","fields":[4,35,0,0],"id":239453016686594,"type":105}
@nix {"action":"result","fields":[0,0,0,0],"id":239453016686595,"type":105}
@nix {"action":"result","fields":[101,0],"id":239453016686593,"type":106}
@nix {"action":"result","fields":[100,0],"id":239453016686593,"type":106}
@nix {"action":"stop","id":239453016686598}
@nix {"action":"result","fields":[4,35,0,0],"id":239453016686594,"type":105}
@nix {"action":"result","fields":[0,0,0,0],"id":239453016686595,"type":105}
@nix {"action":"result","fields":[101,0],"id":239453016686593,"type":106}
@nix {"action":"result","fields":[100,0],"id":239453016686593,"type":106}
@nix {"action":"start","fields":["/Users/hetzner/obrador-shared-pins-20260909/round-2-baseline/chain-round-1-jobs-8/store/cgd9zf3sb71b7mxmfln1jpl42m2qc9bq-leaf-1.drv","",1,1],"id":239453016686600,"level":3,"parent":0,"text":"building '/Users/hetzner/obrador-shared-pins-20260909/round-2-baseline/chain-round-1-jobs-8/store/cgd9zf3sb71b7mxmfln1jpl42m2qc9bq-leaf-1.drv'","type":105}
@nix {"action":"result","fields":[4,35,1,0],"id":239453016686594,"type":105}
@nix {"action":"result","fields":[0,0,0,0],"id":239453016686595,"type":105}
@nix {"action":"result","fields":[101,0],"id":239453016686593,"type":106}
@nix {"action":"result","fields":[100,0],"id":239453016686593,"type":106}
@nix {"action":"result","fields":[5,36,0,0],"id":239453016686594,"type":105}
@nix {"action":"result","fields":[0,0,0,0],"id":239453016686595,"type":105}
@nix {"action":"result","fields":[101,0],"id":239453016686593,"type":106}
@nix {"action":"result","fields":[100,0],"id":239453016686593,"type":106}
@nix {"action":"stop","id":239453016686600}
@nix {"action":"start","fields":["/Users/hetzner/obrador-shared-pins-20260909/round-2-baseline/chain-round-1-jobs-8/store/md2kfdghzki4kpx1l7i77bh0rgp8cxsr-leaf-2.drv.drv","/Users/hetzner/obrador-shared-pins-20260909/round-2-baseline/chain-round-1-jobs-8/store/wmwk6v6d1g4saagzn33hnxmpsjzyykp8-leaf-2.drv.drv"],"id":239453016686601,"level":3,"parent":0,"text":"resolved derivation: '/Users/hetzner/obrador-shared-pins-20260909/round-2-baseline/chain-round-1-jobs-8/store/md2kfdghzki4kpx1l7i77bh0rgp8cxsr-leaf-2.drv.drv' -> '/Users/hetzner/obrador-shared-pins-20260909/round-2-baseline/chain-round-1-jobs-8/store/wmwk6v6d1g4saagzn33hnxmpsjzyykp8-leaf-2.drv.drv'","type":111}
@nix {"action":"result","fields":[5,36,0,0],"id":239453016686594,"type":105}
@nix {"action":"result","fields":[0,0,0,0],"id":239453016686595,"type":105}
@nix {"action":"result","fields":[101,0],"id":239453016686593,"type":106}
@nix {"action":"result","fields":[100,0],"id":239453016686593,"type":106}
@nix {"action":"start","fields":["/Users/hetzner/obrador-shared-pins-20260909/round-2-baseline/chain-round-1-jobs-8/store/wmwk6v6d1g4saagzn33hnxmpsjzyykp8-leaf-2.drv.drv","",1,1],"id":239453016686602,"level":3,"parent":0,"text":"building '/Users/hetzner/obrador-shared-pins-20260909/round-2-baseline/chain-round-1-jobs-8/store/wmwk6v6d1g4saagzn33hnxmpsjzyykp8-leaf-2.drv.drv'","type":105}
@nix {"action":"result","fields":[5,36,1,0],"id":239453016686594,"type":105}
@nix {"action":"result","fields":[0,0,0,0],"id":239453016686595,"type":105}
@nix {"action":"result","fields":[101,0],"id":239453016686593,"type":106}
@nix {"action":"result","fields":[100,0],"id":239453016686593,"type":106}
@nix {"action":"result","fields":[6,37,0,0],"id":239453016686594,"type":105}
@nix {"action":"result","fields":[0,0,0,0],"id":239453016686595,"type":105}
@nix {"action":"result","fields":[101,0],"id":239453016686593,"type":106}
@nix {"action":"result","fields":[100,0],"id":239453016686593,"type":106}
@nix {"action":"stop","id":239453016686602}
@nix {"action":"result","fields":[7,37,0,0],"id":239453016686594,"type":105}
@nix {"action":"result","fields":[0,0,0,0],"id":239453016686595,"type":105}
@nix {"action":"result","fields":[101,0],"id":239453016686593,"type":106}
@nix {"action":"result","fields":[100,0],"id":239453016686593,"type":106}
@nix {"action":"stop","id":239453016686601}
@nix {"action":"result","fields":[7,37,0,0],"id":239453016686594,"type":105}
@nix {"action":"result","fields":[0,0,0,0],"id":239453016686595,"type":105}
@nix {"action":"result","fields":[101,0],"id":239453016686593,"type":106}
@nix {"action":"result","fields":[100,0],"id":239453016686593,"type":106}
@nix {"action":"start","fields":["/Users/hetzner/obrador-shared-pins-20260909/round-2-baseline/chain-round-1-jobs-8/store/1sr2nalazwlkkkdh29nwg8hdrcld82ly-leaf-2.drv","",1,1],"id":239453016686603,"level":3,"parent":0,"text":"building '/Users/hetzner/obrador-shared-pins-20260909/round-2-baseline/chain-round-1-jobs-8/store/1sr2nalazwlkkkdh29nwg8hdrcld82ly-leaf-2.drv'","type":105}
@nix {"action":"result","fields":[7,37,1,0],"id":239453016686594,"type":105}
@nix {"action":"result","fields":[0,0,0,0],"id":239453016686595,"type":105}
@nix {"action":"result","fields":[101,0],"id":239453016686593,"type":106}
@nix {"action":"result","fields":[100,0],"id":239453016686593,"type":106}
@nix {"action":"result","fields":[8,38,0,0],"id":239453016686594,"type":105}
@nix {"action":"result","fields":[0,0,0,0],"id":239453016686595,"type":105}
@nix {"action":"result","fields":[101,0],"id":239453016686593,"type":106}
@nix {"action":"result","fields":[100,0],"id":239453016686593,"type":106}
@nix {"action":"stop","id":239453016686603}
@nix {"action":"start","fields":["/Users/hetzner/obrador-shared-pins-20260909/round-2-baseline/chain-round-1-jobs-8/store/jn87q3mszc6r3rrsjapwp3kbrz472d8m-leaf-3.drv.drv","/Users/hetzner/obrador-shared-pins-20260909/round-2-baseline/chain-round-1-jobs-8/store/3969pjli3l8j86brvxarh5xvra9bpidg-leaf-3.drv.drv"],"id":239453016686604,"level":3,"parent":0,"text":"resolved derivation: '/Users/hetzner/obrador-shared-pins-20260909/round-2-baseline/chain-round-1-jobs-8/store/jn87q3mszc6r3rrsjapwp3kbrz472d8m-leaf-3.drv.drv' -> '/Users/hetzner/obrador-shared-pins-20260909/round-2-baseline/chain-round-1-jobs-8/store/3969pjli3l8j86brvxarh5xvra9bpidg-leaf-3.drv.drv'","type":111}
@nix {"action":"result","fields":[8,38,0,0],"id":239453016686594,"type":105}
@nix {"action":"result","fields":[0,0,0,0],"id":239453016686595,"type":105}
@nix {"action":"result","fields":[101,0],"id":239453016686593,"type":106}
@nix {"action":"result","fields":[100,0],"id":239453016686593,"type":106}
@nix {"action":"start","fields":["/Users/hetzner/obrador-shared-pins-20260909/round-2-baseline/chain-round-1-jobs-8/store/3969pjli3l8j86brvxarh5xvra9bpidg-leaf-3.drv.drv","",1,1],"id":239453016686605,"level":3,"parent":0,"text":"building '/Users/hetzner/obrador-shared-pins-20260909/round-2-baseline/chain-round-1-jobs-8/store/3969pjli3l8j86brvxarh5xvra9bpidg-leaf-3.drv.drv'","type":105}
@nix {"action":"result","fields":[8,38,1,0],"id":239453016686594,"type":105}
@nix {"action":"result","fields":[0,0,0,0],"id":239453016686595,"type":105}
@nix {"action":"result","fields":[101,0],"id":239453016686593,"type":106}
@nix {"action":"result","fields":[100,0],"id":239453016686593,"type":106}
@nix {"action":"result","fields":[9,39,0,0],"id":239453016686594,"type":105}
@nix {"action":"result","fields":[0,0,0,0],"id":239453016686595,"type":105}
@nix {"action":"result","fields":[101,0],"id":239453016686593,"type":106}
@nix {"action":"result","fields":[100,0],"id":239453016686593,"type":106}
@nix {"action":"stop","id":239453016686605}
@nix {"action":"result","fields":[10,39,0,0],"id":239453016686594,"type":105}
@nix {"action":"result","fields":[0,0,0,0],"id":239453016686595,"type":105}
@nix {"action":"result","fields":[101,0],"id":239453016686593,"type":106}
@nix {"action":"result","fields":[100,0],"id":239453016686593,"type":106}
@nix {"action":"stop","id":239453016686604}
@nix {"action":"result","fields":[10,39,0,0],"id":239453016686594,"type":105}
@nix {"action":"result","fields":[0,0,0,0],"id":239453016686595,"type":105}
@nix {"action":"result","fields":[101,0],"id":239453016686593,"type":106}
@nix {"action":"result","fields":[100,0],"id":239453016686593,"type":106}
@nix {"action":"start","fields":["/Users/hetzner/obrador-shared-pins-20260909/round-2-baseline/chain-round-1-jobs-8/store/ii8vb80a5r68hhgqh81s3zgla5g2a8lj-leaf-3.drv","",1,1],"id":239453016686606,"level":3,"parent":0,"text":"building '/Users/hetzner/obrador-shared-pins-20260909/round-2-baseline/chain-round-1-jobs-8/store/ii8vb80a5r68hhgqh81s3zgla5g2a8lj-leaf-3.drv'","type":105}
@nix {"action":"result","fields":[10,39,1,0],"id":239453016686594,"type":105}
@nix {"action":"result","fields":[0,0,0,0],"id":239453016686595,"type":105}
@nix {"action":"result","fields":[101,0],"id":239453016686593,"type":106}
@nix {"action":"result","fields":[100,0],"id":239453016686593,"type":106}
@nix {"action":"result","fields":[11,40,0,0],"id":239453016686594,"type":105}
@nix {"action":"result","fields":[0,0,0,0],"id":239453016686595,"type":105}
@nix {"action":"result","fields":[101,0],"id":239453016686593,"type":106}
@nix {"action":"result","fields":[100,0],"id":239453016686593,"type":106}
@nix {"action":"stop","id":239453016686606}
@nix {"action":"start","fields":["/Users/hetzner/obrador-shared-pins-20260909/round-2-baseline/chain-round-1-jobs-8/store/zjkdk3hm1rffxqj78c78xmjyd1qb20f4-leaf-4.drv.drv","/Users/hetzner/obrador-shared-pins-20260909/round-2-baseline/chain-round-1-jobs-8/store/10a1jzs180g8whzcbvnf345x6c9g8a1a-leaf-4.drv.drv"],"id":239453016686607,"level":3,"parent":0,"text":"resolved derivation: '/Users/hetzner/obrador-shared-pins-20260909/round-2-baseline/chain-round-1-jobs-8/store/zjkdk3hm1rffxqj78c78xmjyd1qb20f4-leaf-4.drv.drv' -> '/Users/hetzner/obrador-shared-pins-20260909/round-2-baseline/chain-round-1-jobs-8/store/10a1jzs180g8whzcbvnf345x6c9g8a1a-leaf-4.drv.drv'","type":111}
@nix {"action":"result","fields":[11,40,0,0],"id":239453016686594,"type":105}
@nix {"action":"result","fields":[0,0,0,0],"id":239453016686595,"type":105}
@nix {"action":"result","fields":[101,0],"id":239453016686593,"type":106}
@nix {"action":"result","fields":[100,0],"id":239453016686593,"type":106}
@nix {"action":"start","fields":["/Users/hetzner/obrador-shared-pins-20260909/round-2-baseline/chain-round-1-jobs-8/store/10a1jzs180g8whzcbvnf345x6c9g8a1a-leaf-4.drv.drv","",1,1],"id":239453016686608,"level":3,"parent":0,"text":"building '/Users/hetzner/obrador-shared-pins-20260909/round-2-baseline/chain-round-1-jobs-8/store/10a1jzs180g8whzcbvnf345x6c9g8a1a-leaf-4.drv.drv'","type":105}
@nix {"action":"result","fields":[11,40,1,0],"id":239453016686594,"type":105}
@nix {"action":"result","fields":[0,0,0,0],"id":239453016686595,"type":105}
@nix {"action":"result","fields":[101,0],"id":239453016686593,"type":106}
@nix {"action":"result","fields":[100,0],"id":239453016686593,"type":106}
@nix {"action":"result","fields":[12,41,0,0],"id":239453016686594,"type":105}
@nix {"action":"result","fields":[0,0,0,0],"id":239453016686595,"type":105}
@nix {"action":"result","fields":[101,0],"id":239453016686593,"type":106}
@nix {"action":"result","fields":[100,0],"id":239453016686593,"type":106}
@nix {"action":"stop","id":239453016686608}
@nix {"action":"result","fields":[13,41,0,0],"id":239453016686594,"type":105}
@nix {"action":"result","fields":[0,0,0,0],"id":239453016686595,"type":105}
@nix {"action":"result","fields":[101,0],"id":239453016686593,"type":106}
@nix {"action":"result","fields":[100,0],"id":239453016686593,"type":106}
@nix {"action":"stop","id":239453016686607}
@nix {"action":"result","fields":[13,41,0,0],"id":239453016686594,"type":105}
@nix {"action":"result","fields":[0,0,0,0],"id":239453016686595,"type":105}
@nix {"action":"result","fields":[101,0],"id":239453016686593,"type":106}
@nix {"action":"result","fields":[100,0],"id":239453016686593,"type":106}
@nix {"action":"start","fields":["/Users/hetzner/obrador-shared-pins-20260909/round-2-baseline/chain-round-1-jobs-8/store/l3g2ms80zd5rwhhinaplkbr9gggzywps-leaf-4.drv","",1,1],"id":239453016686609,"level":3,"parent":0,"text":"building '/Users/hetzner/obrador-shared-pins-20260909/round-2-baseline/chain-round-1-jobs-8/store/l3g2ms80zd5rwhhinaplkbr9gggzywps-leaf-4.drv'","type":105}
@nix {"action":"result","fields":[13,41,1,0],"id":239453016686594,"type":105}
@nix {"action":"result","fields":[0,0,0,0],"id":239453016686595,"type":105}
@nix {"action":"result","fields":[101,0],"id":239453016686593,"type":106}
@nix {"action":"result","fields":[100,0],"id":239453016686593,"type":106}
@nix {"action":"result","fields":[14,42,0,0],"id":239453016686594,"type":105}
@nix {"action":"result","fields":[0,0,0,0],"id":239453016686595,"type":105}
@nix {"action":"result","fields":[101,0],"id":239453016686593,"type":106}
@nix {"action":"result","fields":[100,0],"id":239453016686593,"type":106}
@nix {"action":"stop","id":239453016686609}
@nix {"action":"start","fields":["/Users/hetzner/obrador-shared-pins-20260909/round-2-baseline/chain-round-1-jobs-8/store/60xj60v232pcjpxjbzcnynd6b197fif4-leaf-5.drv.drv","/Users/hetzner/obrador-shared-pins-20260909/round-2-baseline/chain-round-1-jobs-8/store/bdp9pvnlm43p5s0la44kd188vh7nk5i4-leaf-5.drv.drv"],"id":239453016686610,"level":3,"parent":0,"text":"resolved derivation: '/Users/hetzner/obrador-shared-pins-20260909/round-2-baseline/chain-round-1-jobs-8/store/60xj60v232pcjpxjbzcnynd6b197fif4-leaf-5.drv.drv' -> '/Users/hetzner/obrador-shared-pins-20260909/round-2-baseline/chain-round-1-jobs-8/store/bdp9pvnlm43p5s0la44kd188vh7nk5i4-leaf-5.drv.drv'","type":111}
@nix {"action":"result","fields":[14,42,0,0],"id":239453016686594,"type":105}
@nix {"action":"result","fields":[0,0,0,0],"id":239453016686595,"type":105}
@nix {"action":"result","fields":[101,0],"id":239453016686593,"type":106}
@nix {"action":"result","fields":[100,0],"id":239453016686593,"type":106}
@nix {"action":"start","fields":["/Users/hetzner/obrador-shared-pins-20260909/round-2-baseline/chain-round-1-jobs-8/store/bdp9pvnlm43p5s0la44kd188vh7nk5i4-leaf-5.drv.drv","",1,1],"id":239453016686611,"level":3,"parent":0,"text":"building '/Users/hetzner/obrador-shared-pins-20260909/round-2-baseline/chain-round-1-jobs-8/store/bdp9pvnlm43p5s0la44kd188vh7nk5i4-leaf-5.drv.drv'","type":105}
@nix {"action":"result","fields":[14,42,1,0],"id":239453016686594,"type":105}
@nix {"action":"result","fields":[0,0,0,0],"id":239453016686595,"type":105}
@nix {"action":"result","fields":[101,0],"id":239453016686593,"type":106}
@nix {"action":"result","fields":[100,0],"id":239453016686593,"type":106}
@nix {"action":"result","fields":[15,43,0,0],"id":239453016686594,"type":105}
@nix {"action":"result","fields":[0,0,0,0],"id":239453016686595,"type":105}
@nix {"action":"result","fields":[101,0],"id":239453016686593,"type":106}
@nix {"action":"result","fields":[100,0],"id":239453016686593,"type":106}
@nix {"action":"stop","id":239453016686611}
@nix {"action":"result","fields":[16,43,0,0],"id":239453016686594,"type":105}
@nix {"action":"result","fields":[0,0,0,0],"id":239453016686595,"type":105}
@nix {"action":"result","fields":[101,0],"id":239453016686593,"type":106}
@nix {"action":"result","fields":[100,0],"id":239453016686593,"type":106}
@nix {"action":"stop","id":239453016686610}
@nix {"action":"result","fields":[16,43,0,0],"id":239453016686594,"type":105}
@nix {"action":"result","fields":[0,0,0,0],"id":239453016686595,"type":105}
@nix {"action":"result","fields":[101,0],"id":239453016686593,"type":106}
@nix {"action":"result","fields":[100,0],"id":239453016686593,"type":106}
@nix {"action":"start","fields":["/Users/hetzner/obrador-shared-pins-20260909/round-2-baseline/chain-round-1-jobs-8/store/ds07n10rygsasgj049m89f72l94qr5qp-leaf-5.drv","",1,1],"id":239453016686612,"level":3,"parent":0,"text":"building '/Users/hetzner/obrador-shared-pins-20260909/round-2-baseline/chain-round-1-jobs-8/store/ds07n10rygsasgj049m89f72l94qr5qp-leaf-5.drv'","type":105}
@nix {"action":"result","fields":[16,43,1,0],"id":239453016686594,"type":105}
@nix {"action":"result","fields":[0,0,0,0],"id":239453016686595,"type":105}
@nix {"action":"result","fields":[101,0],"id":239453016686593,"type":106}
@nix {"action":"result","fields":[100,0],"id":239453016686593,"type":106}
@nix {"action":"result","fields":[17,44,0,0],"id":239453016686594,"type":105}
@nix {"action":"result","fields":[0,0,0,0],"id":239453016686595,"type":105}
@nix {"action":"result","fields":[101,0],"id":239453016686593,"type":106}
@nix {"action":"result","fields":[100,0],"id":239453016686593,"type":106}
@nix {"action":"stop","id":239453016686612}
@nix {"action":"start","fields":["/Users/hetzner/obrador-shared-pins-20260909/round-2-baseline/chain-round-1-jobs-8/store/yh7p4cdc2ymargk2v4hh0pycvbxcd702-leaf-6.drv.drv","/Users/hetzner/obrador-shared-pins-20260909/round-2-baseline/chain-round-1-jobs-8/store/naqkihxnp6dqpxrcf3r3p02jac4my4rf-leaf-6.drv.drv"],"id":239453016686613,"level":3,"parent":0,"text":"resolved derivation: '/Users/hetzner/obrador-shared-pins-20260909/round-2-baseline/chain-round-1-jobs-8/store/yh7p4cdc2ymargk2v4hh0pycvbxcd702-leaf-6.drv.drv' -> '/Users/hetzner/obrador-shared-pins-20260909/round-2-baseline/chain-round-1-jobs-8/store/naqkihxnp6dqpxrcf3r3p02jac4my4rf-leaf-6.drv.drv'","type":111}
@nix {"action":"result","fields":[17,44,0,0],"id":239453016686594,"type":105}
@nix {"action":"result","fields":[0,0,0,0],"id":239453016686595,"type":105}
@nix {"action":"result","fields":[101,0],"id":239453016686593,"type":106}
@nix {"action":"result","fields":[100,0],"id":239453016686593,"type":106}
@nix {"action":"start","fields":["/Users/hetzner/obrador-shared-pins-20260909/round-2-baseline/chain-round-1-jobs-8/store/naqkihxnp6dqpxrcf3r3p02jac4my4rf-leaf-6.drv.drv","",1,1],"id":239453016686614,"level":3,"parent":0,"text":"building '/Users/hetzner/obrador-shared-pins-20260909/round-2-baseline/chain-round-1-jobs-8/store/naqkihxnp6dqpxrcf3r3p02jac4my4rf-leaf-6.drv.drv'","type":105}
@nix {"action":"result","fields":[17,44,1,0],"id":239453016686594,"type":105}
@nix {"action":"result","fields":[0,0,0,0],"id":239453016686595,"type":105}
@nix {"action":"result","fields":[101,0],"id":239453016686593,"type":106}
@nix {"action":"result","fields":[100,0],"id":239453016686593,"type":106}
@nix {"action":"result","fields":[18,45,0,0],"id":239453016686594,"type":105}
@nix {"action":"result","fields":[0,0,0,0],"id":239453016686595,"type":105}
@nix {"action":"result","fields":[101,0],"id":239453016686593,"type":106}
@nix {"action":"result","fields":[100,0],"id":239453016686593,"type":106}
@nix {"action":"stop","id":239453016686614}
@nix {"action":"result","fields":[19,45,0,0],"id":239453016686594,"type":105}
@nix {"action":"result","fields":[0,0,0,0],"id":239453016686595,"type":105}
@nix {"action":"result","fields":[101,0],"id":239453016686593,"type":106}
@nix {"action":"result","fields":[100,0],"id":239453016686593,"type":106}
@nix {"action":"stop","id":239453016686613}
@nix {"action":"result","fields":[19,45,0,0],"id":239453016686594,"type":105}
@nix {"action":"result","fields":[0,0,0,0],"id":239453016686595,"type":105}
@nix {"action":"result","fields":[101,0],"id":239453016686593,"type":106}
@nix {"action":"result","fields":[100,0],"id":239453016686593,"type":106}
@nix {"action":"start","fields":["/Users/hetzner/obrador-shared-pins-20260909/round-2-baseline/chain-round-1-jobs-8/store/y2n1xbnvs39vz98f228x3k7bcsw2prgk-leaf-6.drv","",1,1],"id":239453016686615,"level":3,"parent":0,"text":"building '/Users/hetzner/obrador-shared-pins-20260909/round-2-baseline/chain-round-1-jobs-8/store/y2n1xbnvs39vz98f228x3k7bcsw2prgk-leaf-6.drv'","type":105}
@nix {"action":"result","fields":[19,45,1,0],"id":239453016686594,"type":105}
@nix {"action":"result","fields":[0,0,0,0],"id":239453016686595,"type":105}
@nix {"action":"result","fields":[101,0],"id":239453016686593,"type":106}
@nix {"action":"result","fields":[100,0],"id":239453016686593,"type":106}
@nix {"action":"result","fields":[20,46,0,0],"id":239453016686594,"type":105}
@nix {"action":"result","fields":[0,0,0,0],"id":239453016686595,"type":105}
@nix {"action":"result","fields":[101,0],"id":239453016686593,"type":106}
@nix {"action":"result","fields":[100,0],"id":239453016686593,"type":106}
@nix {"action":"stop","id":239453016686615}
@nix {"action":"start","fields":["/Users/hetzner/obrador-shared-pins-20260909/round-2-baseline/chain-round-1-jobs-8/store/dim47hkbsavksi9ibjvm6larn08yikzk-leaf-7.drv.drv","/Users/hetzner/obrador-shared-pins-20260909/round-2-baseline/chain-round-1-jobs-8/store/36r8gjmay3yi4m20mlvwnfjac96d8ccg-leaf-7.drv.drv"],"id":239453016686616,"level":3,"parent":0,"text":"resolved derivation: '/Users/hetzner/obrador-shared-pins-20260909/round-2-baseline/chain-round-1-jobs-8/store/dim47hkbsavksi9ibjvm6larn08yikzk-leaf-7.drv.drv' -> '/Users/hetzner/obrador-shared-pins-20260909/round-2-baseline/chain-round-1-jobs-8/store/36r8gjmay3yi4m20mlvwnfjac96d8ccg-leaf-7.drv.drv'","type":111}
@nix {"action":"result","fields":[20,46,0,0],"id":239453016686594,"type":105}
@nix {"action":"result","fields":[0,0,0,0],"id":239453016686595,"type":105}
@nix {"action":"result","fields":[101,0],"id":239453016686593,"type":106}
@nix {"action":"result","fields":[100,0],"id":239453016686593,"type":106}
@nix {"action":"start","fields":["/Users/hetzner/obrador-shared-pins-20260909/round-2-baseline/chain-round-1-jobs-8/store/36r8gjmay3yi4m20mlvwnfjac96d8ccg-leaf-7.drv.drv","",1,1],"id":239453016686617,"level":3,"parent":0,"text":"building '/Users/hetzner/obrador-shared-pins-20260909/round-2-baseline/chain-round-1-jobs-8/store/36r8gjmay3yi4m20mlvwnfjac96d8ccg-leaf-7.drv.drv'","type":105}
@nix {"action":"result","fields":[20,46,1,0],"id":239453016686594,"type":105}
@nix {"action":"result","fields":[0,0,0,0],"id":239453016686595,"type":105}
@nix {"action":"result","fields":[101,0],"id":239453016686593,"type":106}
@nix {"action":"result","fields":[100,0],"id":239453016686593,"type":106}
@nix {"action":"result","fields":[21,47,0,0],"id":239453016686594,"type":105}
@nix {"action":"result","fields":[0,0,0,0],"id":239453016686595,"type":105}
@nix {"action":"result","fields":[101,0],"id":239453016686593,"type":106}
@nix {"action":"result","fields":[100,0],"id":239453016686593,"type":106}
@nix {"action":"stop","id":239453016686617}
@nix {"action":"result","fields":[22,47,0,0],"id":239453016686594,"type":105}
@nix {"action":"result","fields":[0,0,0,0],"id":239453016686595,"type":105}
@nix {"action":"result","fields":[101,0],"id":239453016686593,"type":106}
@nix {"action":"result","fields":[100,0],"id":239453016686593,"type":106}
@nix {"action":"stop","id":239453016686616}
@nix {"action":"result","fields":[22,47,0,0],"id":239453016686594,"type":105}
@nix {"action":"result","fields":[0,0,0,0],"id":239453016686595,"type":105}
@nix {"action":"result","fields":[101,0],"id":239453016686593,"type":106}
@nix {"action":"result","fields":[100,0],"id":239453016686593,"type":106}
@nix {"action":"start","fields":["/Users/hetzner/obrador-shared-pins-20260909/round-2-baseline/chain-round-1-jobs-8/store/dixpkf9nci8plba3ci1d0jsx4q9838rw-leaf-7.drv","",1,1],"id":239453016686618,"level":3,"parent":0,"text":"building '/Users/hetzner/obrador-shared-pins-20260909/round-2-baseline/chain-round-1-jobs-8/store/dixpkf9nci8plba3ci1d0jsx4q9838rw-leaf-7.drv'","type":105}
@nix {"action":"result","fields":[22,47,1,0],"id":239453016686594,"type":105}
@nix {"action":"result","fields":[0,0,0,0],"id":239453016686595,"type":105}
@nix {"action":"result","fields":[101,0],"id":239453016686593,"type":106}
@nix {"action":"result","fields":[100,0],"id":239453016686593,"type":106}
@nix {"action":"result","fields":[23,48,0,0],"id":239453016686594,"type":105}
@nix {"action":"result","fields":[0,0,0,0],"id":239453016686595,"type":105}
@nix {"action":"result","fields":[101,0],"id":239453016686593,"type":106}
@nix {"action":"result","fields":[100,0],"id":239453016686593,"type":106}
@nix {"action":"stop","id":239453016686618}
@nix {"action":"start","fields":["/Users/hetzner/obrador-shared-pins-20260909/round-2-baseline/chain-round-1-jobs-8/store/cglhswignmpaxhl79sm6i92b96rp6f2h-leaf-8.drv.drv","/Users/hetzner/obrador-shared-pins-20260909/round-2-baseline/chain-round-1-jobs-8/store/408j5mhgkmmwasc1i7bzwxjfr8wzingn-leaf-8.drv.drv"],"id":239453016686619,"level":3,"parent":0,"text":"resolved derivation: '/Users/hetzner/obrador-shared-pins-20260909/round-2-baseline/chain-round-1-jobs-8/store/cglhswignmpaxhl79sm6i92b96rp6f2h-leaf-8.drv.drv' -> '/Users/hetzner/obrador-shared-pins-20260909/round-2-baseline/chain-round-1-jobs-8/store/408j5mhgkmmwasc1i7bzwxjfr8wzingn-leaf-8.drv.drv'","type":111}
@nix {"action":"result","fields":[23,48,0,0],"id":239453016686594,"type":105}
@nix {"action":"result","fields":[0,0,0,0],"id":239453016686595,"type":105}
@nix {"action":"result","fields":[101,0],"id":239453016686593,"type":106}
@nix {"action":"result","fields":[100,0],"id":239453016686593,"type":106}
@nix {"action":"start","fields":["/Users/hetzner/obrador-shared-pins-20260909/round-2-baseline/chain-round-1-jobs-8/store/408j5mhgkmmwasc1i7bzwxjfr8wzingn-leaf-8.drv.drv","",1,1],"id":239453016686620,"level":3,"parent":0,"text":"building '/Users/hetzner/obrador-shared-pins-20260909/round-2-baseline/chain-round-1-jobs-8/store/408j5mhgkmmwasc1i7bzwxjfr8wzingn-leaf-8.drv.drv'","type":105}
@nix {"action":"result","fields":[23,48,1,0],"id":239453016686594,"type":105}
@nix {"action":"result","fields":[0,0,0,0],"id":239453016686595,"type":105}
@nix {"action":"result","fields":[101,0],"id":239453016686593,"type":106}
@nix {"action":"result","fields":[100,0],"id":239453016686593,"type":106}
@nix {"action":"result","fields":[24,49,0,0],"id":239453016686594,"type":105}
@nix {"action":"result","fields":[0,0,0,0],"id":239453016686595,"type":105}
@nix {"action":"result","fields":[101,0],"id":239453016686593,"type":106}
@nix {"action":"result","fields":[100,0],"id":239453016686593,"type":106}
@nix {"action":"stop","id":239453016686620}
@nix {"action":"result","fields":[25,49,0,0],"id":239453016686594,"type":105}
@nix {"action":"result","fields":[0,0,0,0],"id":239453016686595,"type":105}
@nix {"action":"result","fields":[101,0],"id":239453016686593,"type":106}
@nix {"action":"result","fields":[100,0],"id":239453016686593,"type":106}
@nix {"action":"stop","id":239453016686619}
@nix {"action":"result","fields":[25,49,0,0],"id":239453016686594,"type":105}
@nix {"action":"result","fields":[0,0,0,0],"id":239453016686595,"type":105}
@nix {"action":"result","fields":[101,0],"id":239453016686593,"type":106}
@nix {"action":"result","fields":[100,0],"id":239453016686593,"type":106}
@nix {"action":"start","fields":["/Users/hetzner/obrador-shared-pins-20260909/round-2-baseline/chain-round-1-jobs-8/store/yzwa1xv7bd5wjj2dcawxqd5gsknpcl2i-leaf-8.drv","",1,1],"id":239453016686621,"level":3,"parent":0,"text":"building '/Users/hetzner/obrador-shared-pins-20260909/round-2-baseline/chain-round-1-jobs-8/store/yzwa1xv7bd5wjj2dcawxqd5gsknpcl2i-leaf-8.drv'","type":105}
@nix {"action":"result","fields":[25,49,1,0],"id":239453016686594,"type":105}
@nix {"action":"result","fields":[0,0,0,0],"id":239453016686595,"type":105}
@nix {"action":"result","fields":[101,0],"id":239453016686593,"type":106}
@nix {"action":"result","fields":[100,0],"id":239453016686593,"type":106}
@nix {"action":"result","fields":[26,50,0,0],"id":239453016686594,"type":105}
@nix {"action":"result","fields":[0,0,0,0],"id":239453016686595,"type":105}
@nix {"action":"result","fields":[101,0],"id":239453016686593,"type":106}
@nix {"action":"result","fields":[100,0],"id":239453016686593,"type":106}
@nix {"action":"stop","id":239453016686621}
@nix {"action":"start","fields":["/Users/hetzner/obrador-shared-pins-20260909/round-2-baseline/chain-round-1-jobs-8/store/9d6hpc9d2r56nrzl8s9xw8dmndclqyvj-leaf-9.drv.drv","/Users/hetzner/obrador-shared-pins-20260909/round-2-baseline/chain-round-1-jobs-8/store/mpnim38x85y4spw1wqrh78p9hx0saa0v-leaf-9.drv.drv"],"id":239453016686622,"level":3,"parent":0,"text":"resolved derivation: '/Users/hetzner/obrador-shared-pins-20260909/round-2-baseline/chain-round-1-jobs-8/store/9d6hpc9d2r56nrzl8s9xw8dmndclqyvj-leaf-9.drv.drv' -> '/Users/hetzner/obrador-shared-pins-20260909/round-2-baseline/chain-round-1-jobs-8/store/mpnim38x85y4spw1wqrh78p9hx0saa0v-leaf-9.drv.drv'","type":111}
@nix {"action":"result","fields":[26,50,0,0],"id":239453016686594,"type":105}
@nix {"action":"result","fields":[0,0,0,0],"id":239453016686595,"type":105}
@nix {"action":"result","fields":[101,0],"id":239453016686593,"type":106}
@nix {"action":"result","fields":[100,0],"id":239453016686593,"type":106}
@nix {"action":"start","fields":["/Users/hetzner/obrador-shared-pins-20260909/round-2-baseline/chain-round-1-jobs-8/store/mpnim38x85y4spw1wqrh78p9hx0saa0v-leaf-9.drv.drv","",1,1],"id":239453016686623,"level":3,"parent":0,"text":"building '/Users/hetzner/obrador-shared-pins-20260909/round-2-baseline/chain-round-1-jobs-8/store/mpnim38x85y4spw1wqrh78p9hx0saa0v-leaf-9.drv.drv'","type":105}
@nix {"action":"result","fields":[26,50,1,0],"id":239453016686594,"type":105}
@nix {"action":"result","fields":[0,0,0,0],"id":239453016686595,"type":105}
@nix {"action":"result","fields":[101,0],"id":239453016686593,"type":106}
@nix {"action":"result","fields":[100,0],"id":239453016686593,"type":106}
@nix {"action":"result","fields":[27,51,0,0],"id":239453016686594,"type":105}
@nix {"action":"result","fields":[0,0,0,0],"id":239453016686595,"type":105}
@nix {"action":"result","fields":[101,0],"id":239453016686593,"type":106}
@nix {"action":"result","fields":[100,0],"id":239453016686593,"type":106}
@nix {"action":"stop","id":239453016686623}
@nix {"action":"result","fields":[28,51,0,0],"id":239453016686594,"type":105}
@nix {"action":"result","fields":[0,0,0,0],"id":239453016686595,"type":105}
@nix {"action":"result","fields":[101,0],"id":239453016686593,"type":106}
@nix {"action":"result","fields":[100,0],"id":239453016686593,"type":106}
@nix {"action":"stop","id":239453016686622}
@nix {"action":"result","fields":[28,51,0,0],"id":239453016686594,"type":105}
@nix {"action":"result","fields":[0,0,0,0],"id":239453016686595,"type":105}
@nix {"action":"result","fields":[101,0],"id":239453016686593,"type":106}
@nix {"action":"result","fields":[100,0],"id":239453016686593,"type":106}
@nix {"action":"start","fields":["/Users/hetzner/obrador-shared-pins-20260909/round-2-baseline/chain-round-1-jobs-8/store/hy3y96kbf33lq5s9779djndvl0r35ic1-leaf-9.drv","",1,1],"id":239453016686624,"level":3,"parent":0,"text":"building '/Users/hetzner/obrador-shared-pins-20260909/round-2-baseline/chain-round-1-jobs-8/store/hy3y96kbf33lq5s9779djndvl0r35ic1-leaf-9.drv'","type":105}
@nix {"action":"result","fields":[28,51,1,0],"id":239453016686594,"type":105}
@nix {"action":"result","fields":[0,0,0,0],"id":239453016686595,"type":105}
@nix {"action":"result","fields":[101,0],"id":239453016686593,"type":106}
@nix {"action":"result","fields":[100,0],"id":239453016686593,"type":106}
@nix {"action":"result","fields":[29,52,0,0],"id":239453016686594,"type":105}
@nix {"action":"result","fields":[0,0,0,0],"id":239453016686595,"type":105}
@nix {"action":"result","fields":[101,0],"id":239453016686593,"type":106}
@nix {"action":"result","fields":[100,0],"id":239453016686593,"type":106}
@nix {"action":"stop","id":239453016686624}
@nix {"action":"start","fields":["/Users/hetzner/obrador-shared-pins-20260909/round-2-baseline/chain-round-1-jobs-8/store/qfk4wd2jzzjnx035wci3y6fdhwvinw09-leaf-10.drv.drv","/Users/hetzner/obrador-shared-pins-20260909/round-2-baseline/chain-round-1-jobs-8/store/rdzv3s3g21hrjmjzni03c6ril9qbpvim-leaf-10.drv.drv"],"id":239453016686625,"level":3,"parent":0,"text":"resolved derivation: '/Users/hetzner/obrador-shared-pins-20260909/round-2-baseline/chain-round-1-jobs-8/store/qfk4wd2jzzjnx035wci3y6fdhwvinw09-leaf-10.drv.drv' -> '/Users/hetzner/obrador-shared-pins-20260909/round-2-baseline/chain-round-1-jobs-8/store/rdzv3s3g21hrjmjzni03c6ril9qbpvim-leaf-10.drv.drv'","type":111}
@nix {"action":"result","fields":[29,52,0,0],"id":239453016686594,"type":105}
@nix {"action":"result","fields":[0,0,0,0],"id":239453016686595,"type":105}
@nix {"action":"result","fields":[101,0],"id":239453016686593,"type":106}
@nix {"action":"result","fields":[100,0],"id":239453016686593,"type":106}
@nix {"action":"start","fields":["/Users/hetzner/obrador-shared-pins-20260909/round-2-baseline/chain-round-1-jobs-8/store/rdzv3s3g21hrjmjzni03c6ril9qbpvim-leaf-10.drv.drv","",1,1],"id":239453016686626,"level":3,"parent":0,"text":"building '/Users/hetzner/obrador-shared-pins-20260909/round-2-baseline/chain-round-1-jobs-8/store/rdzv3s3g21hrjmjzni03c6ril9qbpvim-leaf-10.drv.drv'","type":105}
@nix {"action":"result","fields":[29,52,1,0],"id":239453016686594,"type":105}
@nix {"action":"result","fields":[0,0,0,0],"id":239453016686595,"type":105}
@nix {"action":"result","fields":[101,0],"id":239453016686593,"type":106}
@nix {"action":"result","fields":[100,0],"id":239453016686593,"type":106}
@nix {"action":"result","fields":[30,53,0,0],"id":239453016686594,"type":105}
@nix {"action":"result","fields":[0,0,0,0],"id":239453016686595,"type":105}
@nix {"action":"result","fields":[101,0],"id":239453016686593,"type":106}
@nix {"action":"result","fields":[100,0],"id":239453016686593,"type":106}
@nix {"action":"stop","id":239453016686626}
@nix {"action":"result","fields":[31,53,0,0],"id":239453016686594,"type":105}
@nix {"action":"result","fields":[0,0,0,0],"id":239453016686595,"type":105}
@nix {"action":"result","fields":[101,0],"id":239453016686593,"type":106}
@nix {"action":"result","fields":[100,0],"id":239453016686593,"type":106}
@nix {"action":"stop","id":239453016686625}
@nix {"action":"result","fields":[31,53,0,0],"id":239453016686594,"type":105}
@nix {"action":"result","fields":[0,0,0,0],"id":239453016686595,"type":105}
@nix {"action":"result","fields":[101,0],"id":239453016686593,"type":106}
@nix {"action":"result","fields":[100,0],"id":239453016686593,"type":106}
@nix {"action":"start","fields":["/Users/hetzner/obrador-shared-pins-20260909/round-2-baseline/chain-round-1-jobs-8/store/wqvbnhh8bfzyj1bx05qi0yqh48wq5pmq-leaf-10.drv","",1,1],"id":239453016686627,"level":3,"parent":0,"text":"building '/Users/hetzner/obrador-shared-pins-20260909/round-2-baseline/chain-round-1-jobs-8/store/wqvbnhh8bfzyj1bx05qi0yqh48wq5pmq-leaf-10.drv'","type":105}
@nix {"action":"result","fields":[31,53,1,0],"id":239453016686594,"type":105}
@nix {"action":"result","fields":[0,0,0,0],"id":239453016686595,"type":105}
@nix {"action":"result","fields":[101,0],"id":239453016686593,"type":106}
@nix {"action":"result","fields":[100,0],"id":239453016686593,"type":106}
@nix {"action":"result","fields":[32,54,0,0],"id":239453016686594,"type":105}
@nix {"action":"result","fields":[0,0,0,0],"id":239453016686595,"type":105}
@nix {"action":"result","fields":[101,0],"id":239453016686593,"type":106}
@nix {"action":"result","fields":[100,0],"id":239453016686593,"type":106}
@nix {"action":"stop","id":239453016686627}
@nix {"action":"start","fields":["/Users/hetzner/obrador-shared-pins-20260909/round-2-baseline/chain-round-1-jobs-8/store/mm2bfyayg8b7ii0kn61f3b5919hq0kc0-leaf-11.drv.drv","/Users/hetzner/obrador-shared-pins-20260909/round-2-baseline/chain-round-1-jobs-8/store/p9b6akzdwkc5v0rcqdib4cqqkzpk0k6s-leaf-11.drv.drv"],"id":239453016686628,"level":3,"parent":0,"text":"resolved derivation: '/Users/hetzner/obrador-shared-pins-20260909/round-2-baseline/chain-round-1-jobs-8/store/mm2bfyayg8b7ii0kn61f3b5919hq0kc0-leaf-11.drv.drv' -> '/Users/hetzner/obrador-shared-pins-20260909/round-2-baseline/chain-round-1-jobs-8/store/p9b6akzdwkc5v0rcqdib4cqqkzpk0k6s-leaf-11.drv.drv'","type":111}
@nix {"action":"result","fields":[32,54,0,0],"id":239453016686594,"type":105}
@nix {"action":"result","fields":[0,0,0,0],"id":239453016686595,"type":105}
@nix {"action":"result","fields":[101,0],"id":239453016686593,"type":106}
@nix {"action":"result","fields":[100,0],"id":239453016686593,"type":106}
@nix {"action":"start","fields":["/Users/hetzner/obrador-shared-pins-20260909/round-2-baseline/chain-round-1-jobs-8/store/p9b6akzdwkc5v0rcqdib4cqqkzpk0k6s-leaf-11.drv.drv","",1,1],"id":239453016686629,"level":3,"parent":0,"text":"building '/Users/hetzner/obrador-shared-pins-20260909/round-2-baseline/chain-round-1-jobs-8/store/p9b6akzdwkc5v0rcqdib4cqqkzpk0k6s-leaf-11.drv.drv'","type":105}
@nix {"action":"result","fields":[32,54,1,0],"id":239453016686594,"type":105}
@nix {"action":"result","fields":[0,0,0,0],"id":239453016686595,"type":105}
@nix {"action":"result","fields":[101,0],"id":239453016686593,"type":106}
@nix {"action":"result","fields":[100,0],"id":239453016686593,"type":106}
@nix {"action":"result","fields":[33,55,0,0],"id":239453016686594,"type":105}
@nix {"action":"result","fields":[0,0,0,0],"id":239453016686595,"type":105}
@nix {"action":"result","fields":[101,0],"id":239453016686593,"type":106}
@nix {"action":"result","fields":[100,0],"id":239453016686593,"type":106}
@nix {"action":"stop","id":239453016686629}
@nix {"action":"result","fields":[34,55,0,0],"id":239453016686594,"type":105}
@nix {"action":"result","fields":[0,0,0,0],"id":239453016686595,"type":105}
@nix {"action":"result","fields":[101,0],"id":239453016686593,"type":106}
@nix {"action":"result","fields":[100,0],"id":239453016686593,"type":106}
@nix {"action":"stop","id":239453016686628}
@nix {"action":"result","fields":[34,55,0,0],"id":239453016686594,"type":105}
@nix {"action":"result","fields":[0,0,0,0],"id":239453016686595,"type":105}
@nix {"action":"result","fields":[101,0],"id":239453016686593,"type":106}
@nix {"action":"result","fields":[100,0],"id":239453016686593,"type":106}
@nix {"action":"start","fields":["/Users/hetzner/obrador-shared-pins-20260909/round-2-baseline/chain-round-1-jobs-8/store/h83wijn31mnvwh90l6dksbjrnkfaah32-leaf-11.drv","",1,1],"id":239453016686630,"level":3,"parent":0,"text":"building '/Users/hetzner/obrador-shared-pins-20260909/round-2-baseline/chain-round-1-jobs-8/store/h83wijn31mnvwh90l6dksbjrnkfaah32-leaf-11.drv'","type":105}
@nix {"action":"result","fields":[34,55,1,0],"id":239453016686594,"type":105}
@nix {"action":"result","fields":[0,0,0,0],"id":239453016686595,"type":105}
@nix {"action":"result","fields":[101,0],"id":239453016686593,"type":106}
@nix {"action":"result","fields":[100,0],"id":239453016686593,"type":106}
@nix {"action":"result","fields":[35,56,0,0],"id":239453016686594,"type":105}
@nix {"action":"result","fields":[0,0,0,0],"id":239453016686595,"type":105}
@nix {"action":"result","fields":[101,0],"id":239453016686593,"type":106}
@nix {"action":"result","fields":[100,0],"id":239453016686593,"type":106}
@nix {"action":"stop","id":239453016686630}
@nix {"action":"start","fields":["/Users/hetzner/obrador-shared-pins-20260909/round-2-baseline/chain-round-1-jobs-8/store/j46yxn9s8hcf1ny01j72nk7z0xv9znfi-leaf-12.drv.drv","/Users/hetzner/obrador-shared-pins-20260909/round-2-baseline/chain-round-1-jobs-8/store/liznlhk2n8b5zkrhajhrixlb25wf30h2-leaf-12.drv.drv"],"id":239453016686631,"level":3,"parent":0,"text":"resolved derivation: '/Users/hetzner/obrador-shared-pins-20260909/round-2-baseline/chain-round-1-jobs-8/store/j46yxn9s8hcf1ny01j72nk7z0xv9znfi-leaf-12.drv.drv' -> '/Users/hetzner/obrador-shared-pins-20260909/round-2-baseline/chain-round-1-jobs-8/store/liznlhk2n8b5zkrhajhrixlb25wf30h2-leaf-12.drv.drv'","type":111}
@nix {"action":"result","fields":[35,56,0,0],"id":239453016686594,"type":105}
@nix {"action":"result","fields":[0,0,0,0],"id":239453016686595,"type":105}
@nix {"action":"result","fields":[101,0],"id":239453016686593,"type":106}
@nix {"action":"result","fields":[100,0],"id":239453016686593,"type":106}
@nix {"action":"start","fields":["/Users/hetzner/obrador-shared-pins-20260909/round-2-baseline/chain-round-1-jobs-8/store/liznlhk2n8b5zkrhajhrixlb25wf30h2-leaf-12.drv.drv","",1,1],"id":239453016686632,"level":3,"parent":0,"text":"building '/Users/hetzner/obrador-shared-pins-20260909/round-2-baseline/chain-round-1-jobs-8/store/liznlhk2n8b5zkrhajhrixlb25wf30h2-leaf-12.drv.drv'","type":105}
@nix {"action":"result","fields":[35,56,1,0],"id":239453016686594,"type":105}
@nix {"action":"result","fields":[0,0,0,0],"id":239453016686595,"type":105}
@nix {"action":"result","fields":[101,0],"id":239453016686593,"type":106}
@nix {"action":"result","fields":[100,0],"id":239453016686593,"type":106}
@nix {"action":"result","fields":[36,57,0,0],"id":239453016686594,"type":105}
@nix {"action":"result","fields":[0,0,0,0],"id":239453016686595,"type":105}
@nix {"action":"result","fields":[101,0],"id":239453016686593,"type":106}
@nix {"action":"result","fields":[100,0],"id":239453016686593,"type":106}
@nix {"action":"stop","id":239453016686632}
@nix {"action":"result","fields":[37,57,0,0],"id":239453016686594,"type":105}
@nix {"action":"result","fields":[0,0,0,0],"id":239453016686595,"type":105}
@nix {"action":"result","fields":[101,0],"id":239453016686593,"type":106}
@nix {"action":"result","fields":[100,0],"id":239453016686593,"type":106}
@nix {"action":"stop","id":239453016686631}
@nix {"action":"result","fields":[37,57,0,0],"id":239453016686594,"type":105}
@nix {"action":"result","fields":[0,0,0,0],"id":239453016686595,"type":105}
@nix {"action":"result","fields":[101,0],"id":239453016686593,"type":106}
@nix {"action":"result","fields":[100,0],"id":239453016686593,"type":106}
@nix {"action":"start","fields":["/Users/hetzner/obrador-shared-pins-20260909/round-2-baseline/chain-round-1-jobs-8/store/q87hhix21cxxlzfcy2bmlp4j0rkgnzar-leaf-12.drv","",1,1],"id":239453016686633,"level":3,"parent":0,"text":"building '/Users/hetzner/obrador-shared-pins-20260909/round-2-baseline/chain-round-1-jobs-8/store/q87hhix21cxxlzfcy2bmlp4j0rkgnzar-leaf-12.drv'","type":105}
@nix {"action":"result","fields":[37,57,1,0],"id":239453016686594,"type":105}
@nix {"action":"result","fields":[0,0,0,0],"id":239453016686595,"type":105}
@nix {"action":"result","fields":[101,0],"id":239453016686593,"type":106}
@nix {"action":"result","fields":[100,0],"id":239453016686593,"type":106}
@nix {"action":"result","fields":[38,58,0,0],"id":239453016686594,"type":105}
@nix {"action":"result","fields":[0,0,0,0],"id":239453016686595,"type":105}
@nix {"action":"result","fields":[101,0],"id":239453016686593,"type":106}
@nix {"action":"result","fields":[100,0],"id":239453016686593,"type":106}
@nix {"action":"stop","id":239453016686633}
@nix {"action":"start","fields":["/Users/hetzner/obrador-shared-pins-20260909/round-2-baseline/chain-round-1-jobs-8/store/xpqwv9p000ryykxpj3pn63jcxlmsbn9q-leaf-13.drv.drv","/Users/hetzner/obrador-shared-pins-20260909/round-2-baseline/chain-round-1-jobs-8/store/17nw4vyc6fmax95dl1rqbhg1nkmsymmv-leaf-13.drv.drv"],"id":239453016686634,"level":3,"parent":0,"text":"resolved derivation: '/Users/hetzner/obrador-shared-pins-20260909/round-2-baseline/chain-round-1-jobs-8/store/xpqwv9p000ryykxpj3pn63jcxlmsbn9q-leaf-13.drv.drv' -> '/Users/hetzner/obrador-shared-pins-20260909/round-2-baseline/chain-round-1-jobs-8/store/17nw4vyc6fmax95dl1rqbhg1nkmsymmv-leaf-13.drv.drv'","type":111}
@nix {"action":"result","fields":[38,58,0,0],"id":239453016686594,"type":105}
@nix {"action":"result","fields":[0,0,0,0],"id":239453016686595,"type":105}
@nix {"action":"result","fields":[101,0],"id":239453016686593,"type":106}
@nix {"action":"result","fields":[100,0],"id":239453016686593,"type":106}
@nix {"action":"start","fields":["/Users/hetzner/obrador-shared-pins-20260909/round-2-baseline/chain-round-1-jobs-8/store/17nw4vyc6fmax95dl1rqbhg1nkmsymmv-leaf-13.drv.drv","",1,1],"id":239453016686635,"level":3,"parent":0,"text":"building '/Users/hetzner/obrador-shared-pins-20260909/round-2-baseline/chain-round-1-jobs-8/store/17nw4vyc6fmax95dl1rqbhg1nkmsymmv-leaf-13.drv.drv'","type":105}
@nix {"action":"result","fields":[38,58,1,0],"id":239453016686594,"type":105}
@nix {"action":"result","fields":[0,0,0,0],"id":239453016686595,"type":105}
@nix {"action":"result","fields":[101,0],"id":239453016686593,"type":106}
@nix {"action":"result","fields":[100,0],"id":239453016686593,"type":106}
@nix {"action":"result","fields":[39,59,0,0],"id":239453016686594,"type":105}
@nix {"action":"result","fields":[0,0,0,0],"id":239453016686595,"type":105}
@nix {"action":"result","fields":[101,0],"id":239453016686593,"type":106}
@nix {"action":"result","fields":[100,0],"id":239453016686593,"type":106}
@nix {"action":"stop","id":239453016686635}
@nix {"action":"result","fields":[40,59,0,0],"id":239453016686594,"type":105}
@nix {"action":"result","fields":[0,0,0,0],"id":239453016686595,"type":105}
@nix {"action":"result","fields":[101,0],"id":239453016686593,"type":106}
@nix {"action":"result","fields":[100,0],"id":239453016686593,"type":106}
@nix {"action":"stop","id":239453016686634}
@nix {"action":"result","fields":[40,59,0,0],"id":239453016686594,"type":105}
@nix {"action":"result","fields":[0,0,0,0],"id":239453016686595,"type":105}
@nix {"action":"result","fields":[101,0],"id":239453016686593,"type":106}
@nix {"action":"result","fields":[100,0],"id":239453016686593,"type":106}
@nix {"action":"start","fields":["/Users/hetzner/obrador-shared-pins-20260909/round-2-baseline/chain-round-1-jobs-8/store/lsrvj0hdcizd92iy89gz8hvs9947qw9b-leaf-13.drv","",1,1],"id":239453016686636,"level":3,"parent":0,"text":"building '/Users/hetzner/obrador-shared-pins-20260909/round-2-baseline/chain-round-1-jobs-8/store/lsrvj0hdcizd92iy89gz8hvs9947qw9b-leaf-13.drv'","type":105}
@nix {"action":"result","fields":[40,59,1,0],"id":239453016686594,"type":105}
@nix {"action":"result","fields":[0,0,0,0],"id":239453016686595,"type":105}
@nix {"action":"result","fields":[101,0],"id":239453016686593,"type":106}
@nix {"action":"result","fields":[100,0],"id":239453016686593,"type":106}
@nix {"action":"result","fields":[41,60,0,0],"id":239453016686594,"type":105}
@nix {"action":"result","fields":[0,0,0,0],"id":239453016686595,"type":105}
@nix {"action":"result","fields":[101,0],"id":239453016686593,"type":106}
@nix {"action":"result","fields":[100,0],"id":239453016686593,"type":106}
@nix {"action":"stop","id":239453016686636}
@nix {"action":"start","fields":["/Users/hetzner/obrador-shared-pins-20260909/round-2-baseline/chain-round-1-jobs-8/store/ym73ylnp9ys1mw0jc7plsvw33k0xy7rd-leaf-14.drv.drv","/Users/hetzner/obrador-shared-pins-20260909/round-2-baseline/chain-round-1-jobs-8/store/as0409rrvjfdy5ipn8p29i11iwa8gkvs-leaf-14.drv.drv"],"id":239453016686637,"level":3,"parent":0,"text":"resolved derivation: '/Users/hetzner/obrador-shared-pins-20260909/round-2-baseline/chain-round-1-jobs-8/store/ym73ylnp9ys1mw0jc7plsvw33k0xy7rd-leaf-14.drv.drv' -> '/Users/hetzner/obrador-shared-pins-20260909/round-2-baseline/chain-round-1-jobs-8/store/as0409rrvjfdy5ipn8p29i11iwa8gkvs-leaf-14.drv.drv'","type":111}
@nix {"action":"result","fields":[41,60,0,0],"id":239453016686594,"type":105}
@nix {"action":"result","fields":[0,0,0,0],"id":239453016686595,"type":105}
@nix {"action":"result","fields":[101,0],"id":239453016686593,"type":106}
@nix {"action":"result","fields":[100,0],"id":239453016686593,"type":106}
@nix {"action":"start","fields":["/Users/hetzner/obrador-shared-pins-20260909/round-2-baseline/chain-round-1-jobs-8/store/as0409rrvjfdy5ipn8p29i11iwa8gkvs-leaf-14.drv.drv","",1,1],"id":239453016686638,"level":3,"parent":0,"text":"building '/Users/hetzner/obrador-shared-pins-20260909/round-2-baseline/chain-round-1-jobs-8/store/as0409rrvjfdy5ipn8p29i11iwa8gkvs-leaf-14.drv.drv'","type":105}
@nix {"action":"result","fields":[41,60,1,0],"id":239453016686594,"type":105}
@nix {"action":"result","fields":[0,0,0,0],"id":239453016686595,"type":105}
@nix {"action":"result","fields":[101,0],"id":239453016686593,"type":106}
@nix {"action":"result","fields":[100,0],"id":239453016686593,"type":106}
@nix {"action":"result","fields":[42,61,0,0],"id":239453016686594,"type":105}
@nix {"action":"result","fields":[0,0,0,0],"id":239453016686595,"type":105}
@nix {"action":"result","fields":[101,0],"id":239453016686593,"type":106}
@nix {"action":"result","fields":[100,0],"id":239453016686593,"type":106}
@nix {"action":"stop","id":239453016686638}
@nix {"action":"result","fields":[43,61,0,0],"id":239453016686594,"type":105}
@nix {"action":"result","fields":[0,0,0,0],"id":239453016686595,"type":105}
@nix {"action":"result","fields":[101,0],"id":239453016686593,"type":106}
@nix {"action":"result","fields":[100,0],"id":239453016686593,"type":106}
@nix {"action":"stop","id":239453016686637}
@nix {"action":"result","fields":[43,61,0,0],"id":239453016686594,"type":105}
@nix {"action":"result","fields":[0,0,0,0],"id":239453016686595,"type":105}
@nix {"action":"result","fields":[101,0],"id":239453016686593,"type":106}
@nix {"action":"result","fields":[100,0],"id":239453016686593,"type":106}
@nix {"action":"start","fields":["/Users/hetzner/obrador-shared-pins-20260909/round-2-baseline/chain-round-1-jobs-8/store/q0rp4lrhrxydi2scmgmcfvk8hnkws12k-leaf-14.drv","",1,1],"id":239453016686639,"level":3,"parent":0,"text":"building '/Users/hetzner/obrador-shared-pins-20260909/round-2-baseline/chain-round-1-jobs-8/store/q0rp4lrhrxydi2scmgmcfvk8hnkws12k-leaf-14.drv'","type":105}
@nix {"action":"result","fields":[43,61,1,0],"id":239453016686594,"type":105}
@nix {"action":"result","fields":[0,0,0,0],"id":239453016686595,"type":105}
@nix {"action":"result","fields":[101,0],"id":239453016686593,"type":106}
@nix {"action":"result","fields":[100,0],"id":239453016686593,"type":106}
@nix {"action":"result","fields":[44,62,0,0],"id":239453016686594,"type":105}
@nix {"action":"result","fields":[0,0,0,0],"id":239453016686595,"type":105}
@nix {"action":"result","fields":[101,0],"id":239453016686593,"type":106}
@nix {"action":"result","fields":[100,0],"id":239453016686593,"type":106}
@nix {"action":"stop","id":239453016686639}
@nix {"action":"start","fields":["/Users/hetzner/obrador-shared-pins-20260909/round-2-baseline/chain-round-1-jobs-8/store/7mfz1hxly9854ir9dwx476w51ahf3v6l-leaf-15.drv.drv","/Users/hetzner/obrador-shared-pins-20260909/round-2-baseline/chain-round-1-jobs-8/store/3b0cisg1x64n8y0mqch23y5l7i4p0327-leaf-15.drv.drv"],"id":239453016686640,"level":3,"parent":0,"text":"resolved derivation: '/Users/hetzner/obrador-shared-pins-20260909/round-2-baseline/chain-round-1-jobs-8/store/7mfz1hxly9854ir9dwx476w51ahf3v6l-leaf-15.drv.drv' -> '/Users/hetzner/obrador-shared-pins-20260909/round-2-baseline/chain-round-1-jobs-8/store/3b0cisg1x64n8y0mqch23y5l7i4p0327-leaf-15.drv.drv'","type":111}
@nix {"action":"result","fields":[44,62,0,0],"id":239453016686594,"type":105}
@nix {"action":"result","fields":[0,0,0,0],"id":239453016686595,"type":105}
@nix {"action":"result","fields":[101,0],"id":239453016686593,"type":106}
@nix {"action":"result","fields":[100,0],"id":239453016686593,"type":106}
@nix {"action":"start","fields":["/Users/hetzner/obrador-shared-pins-20260909/round-2-baseline/chain-round-1-jobs-8/store/3b0cisg1x64n8y0mqch23y5l7i4p0327-leaf-15.drv.drv","",1,1],"id":239453016686641,"level":3,"parent":0,"text":"building '/Users/hetzner/obrador-shared-pins-20260909/round-2-baseline/chain-round-1-jobs-8/store/3b0cisg1x64n8y0mqch23y5l7i4p0327-leaf-15.drv.drv'","type":105}
@nix {"action":"result","fields":[44,62,1,0],"id":239453016686594,"type":105}
@nix {"action":"result","fields":[0,0,0,0],"id":239453016686595,"type":105}
@nix {"action":"result","fields":[101,0],"id":239453016686593,"type":106}
@nix {"action":"result","fields":[100,0],"id":239453016686593,"type":106}
@nix {"action":"result","fields":[45,63,0,0],"id":239453016686594,"type":105}
@nix {"action":"result","fields":[0,0,0,0],"id":239453016686595,"type":105}
@nix {"action":"result","fields":[101,0],"id":239453016686593,"type":106}
@nix {"action":"result","fields":[100,0],"id":239453016686593,"type":106}
@nix {"action":"stop","id":239453016686641}
@nix {"action":"result","fields":[46,63,0,0],"id":239453016686594,"type":105}
@nix {"action":"result","fields":[0,0,0,0],"id":239453016686595,"type":105}
@nix {"action":"result","fields":[101,0],"id":239453016686593,"type":106}
@nix {"action":"result","fields":[100,0],"id":239453016686593,"type":106}
@nix {"action":"stop","id":239453016686640}
@nix {"action":"result","fields":[46,63,0,0],"id":239453016686594,"type":105}
@nix {"action":"result","fields":[0,0,0,0],"id":239453016686595,"type":105}
@nix {"action":"result","fields":[101,0],"id":239453016686593,"type":106}
@nix {"action":"result","fields":[100,0],"id":239453016686593,"type":106}
@nix {"action":"start","fields":["/Users/hetzner/obrador-shared-pins-20260909/round-2-baseline/chain-round-1-jobs-8/store/g7vlznd6478mdhrbwnydx13qrrxbmvdz-leaf-15.drv","",1,1],"id":239453016686642,"level":3,"parent":0,"text":"building '/Users/hetzner/obrador-shared-pins-20260909/round-2-baseline/chain-round-1-jobs-8/store/g7vlznd6478mdhrbwnydx13qrrxbmvdz-leaf-15.drv'","type":105}
@nix {"action":"result","fields":[46,63,1,0],"id":239453016686594,"type":105}
@nix {"action":"result","fields":[0,0,0,0],"id":239453016686595,"type":105}
@nix {"action":"result","fields":[101,0],"id":239453016686593,"type":106}
@nix {"action":"result","fields":[100,0],"id":239453016686593,"type":106}
@nix {"action":"result","fields":[47,64,0,0],"id":239453016686594,"type":105}
@nix {"action":"result","fields":[0,0,0,0],"id":239453016686595,"type":105}
@nix {"action":"result","fields":[101,0],"id":239453016686593,"type":106}
@nix {"action":"result","fields":[100,0],"id":239453016686593,"type":106}
@nix {"action":"stop","id":239453016686642}
@nix {"action":"start","fields":["/Users/hetzner/obrador-shared-pins-20260909/round-2-baseline/chain-round-1-jobs-8/store/6cpjsnmjfah9zdmw6hpl42gl6sxf7ckj-leaf-16.drv.drv","/Users/hetzner/obrador-shared-pins-20260909/round-2-baseline/chain-round-1-jobs-8/store/9xaiifwg7bbarckpqx8gjfizr5q3qxcv-leaf-16.drv.drv"],"id":239453016686643,"level":3,"parent":0,"text":"resolved derivation: '/Users/hetzner/obrador-shared-pins-20260909/round-2-baseline/chain-round-1-jobs-8/store/6cpjsnmjfah9zdmw6hpl42gl6sxf7ckj-leaf-16.drv.drv' -> '/Users/hetzner/obrador-shared-pins-20260909/round-2-baseline/chain-round-1-jobs-8/store/9xaiifwg7bbarckpqx8gjfizr5q3qxcv-leaf-16.drv.drv'","type":111}
@nix {"action":"result","fields":[47,64,0,0],"id":239453016686594,"type":105}
@nix {"action":"result","fields":[0,0,0,0],"id":239453016686595,"type":105}
@nix {"action":"result","fields":[101,0],"id":239453016686593,"type":106}
@nix {"action":"result","fields":[100,0],"id":239453016686593,"type":106}
@nix {"action":"start","fields":["/Users/hetzner/obrador-shared-pins-20260909/round-2-baseline/chain-round-1-jobs-8/store/9xaiifwg7bbarckpqx8gjfizr5q3qxcv-leaf-16.drv.drv","",1,1],"id":239453016686644,"level":3,"parent":0,"text":"building '/Users/hetzner/obrador-shared-pins-20260909/round-2-baseline/chain-round-1-jobs-8/store/9xaiifwg7bbarckpqx8gjfizr5q3qxcv-leaf-16.drv.drv'","type":105}
@nix {"action":"result","fields":[47,64,1,0],"id":239453016686594,"type":105}
@nix {"action":"result","fields":[0,0,0,0],"id":239453016686595,"type":105}
@nix {"action":"result","fields":[101,0],"id":239453016686593,"type":106}
@nix {"action":"result","fields":[100,0],"id":239453016686593,"type":106}
@nix {"action":"result","fields":[48,65,0,0],"id":239453016686594,"type":105}
@nix {"action":"result","fields":[0,0,0,0],"id":239453016686595,"type":105}
@nix {"action":"result","fields":[101,0],"id":239453016686593,"type":106}
@nix {"action":"result","fields":[100,0],"id":239453016686593,"type":106}
@nix {"action":"stop","id":239453016686644}
@nix {"action":"result","fields":[49,65,0,0],"id":239453016686594,"type":105}
@nix {"action":"result","fields":[0,0,0,0],"id":239453016686595,"type":105}
@nix {"action":"result","fields":[101,0],"id":239453016686593,"type":106}
@nix {"action":"result","fields":[100,0],"id":239453016686593,"type":106}
@nix {"action":"stop","id":239453016686643}
@nix {"action":"result","fields":[49,65,0,0],"id":239453016686594,"type":105}
@nix {"action":"result","fields":[0,0,0,0],"id":239453016686595,"type":105}
@nix {"action":"result","fields":[101,0],"id":239453016686593,"type":106}
@nix {"action":"result","fields":[100,0],"id":239453016686593,"type":106}
@nix {"action":"start","fields":["/Users/hetzner/obrador-shared-pins-20260909/round-2-baseline/chain-round-1-jobs-8/store/094g4fnw93s61sxm14vkrx7jpw4dlzd0-leaf-16.drv","",1,1],"id":239453016686645,"level":3,"parent":0,"text":"building '/Users/hetzner/obrador-shared-pins-20260909/round-2-baseline/chain-round-1-jobs-8/store/094g4fnw93s61sxm14vkrx7jpw4dlzd0-leaf-16.drv'","type":105}
@nix {"action":"result","fields":[49,65,1,0],"id":239453016686594,"type":105}
@nix {"action":"result","fields":[0,0,0,0],"id":239453016686595,"type":105}
@nix {"action":"result","fields":[101,0],"id":239453016686593,"type":106}
@nix {"action":"result","fields":[100,0],"id":239453016686593,"type":106}
@nix {"action":"result","fields":[50,66,0,0],"id":239453016686594,"type":105}
@nix {"action":"result","fields":[0,0,0,0],"id":239453016686595,"type":105}
@nix {"action":"result","fields":[101,0],"id":239453016686593,"type":106}
@nix {"action":"result","fields":[100,0],"id":239453016686593,"type":106}
@nix {"action":"stop","id":239453016686645}
@nix {"action":"start","fields":["/Users/hetzner/obrador-shared-pins-20260909/round-2-baseline/chain-round-1-jobs-8/store/4xx8fdpcjr4zbvxb1dkbg6kyzcrh2wzc-leaf-17.drv.drv","/Users/hetzner/obrador-shared-pins-20260909/round-2-baseline/chain-round-1-jobs-8/store/invnp5pdwlclkhgk1pmq3096vrxh3yh7-leaf-17.drv.drv"],"id":239453016686646,"level":3,"parent":0,"text":"resolved derivation: '/Users/hetzner/obrador-shared-pins-20260909/round-2-baseline/chain-round-1-jobs-8/store/4xx8fdpcjr4zbvxb1dkbg6kyzcrh2wzc-leaf-17.drv.drv' -> '/Users/hetzner/obrador-shared-pins-20260909/round-2-baseline/chain-round-1-jobs-8/store/invnp5pdwlclkhgk1pmq3096vrxh3yh7-leaf-17.drv.drv'","type":111}
@nix {"action":"result","fields":[50,66,0,0],"id":239453016686594,"type":105}
@nix {"action":"result","fields":[0,0,0,0],"id":239453016686595,"type":105}
@nix {"action":"result","fields":[101,0],"id":239453016686593,"type":106}
@nix {"action":"result","fields":[100,0],"id":239453016686593,"type":106}
@nix {"action":"start","fields":["/Users/hetzner/obrador-shared-pins-20260909/round-2-baseline/chain-round-1-jobs-8/store/invnp5pdwlclkhgk1pmq3096vrxh3yh7-leaf-17.drv.drv","",1,1],"id":239453016686647,"level":3,"parent":0,"text":"building '/Users/hetzner/obrador-shared-pins-20260909/round-2-baseline/chain-round-1-jobs-8/store/invnp5pdwlclkhgk1pmq3096vrxh3yh7-leaf-17.drv.drv'","type":105}
@nix {"action":"result","fields":[50,66,1,0],"id":239453016686594,"type":105}
@nix {"action":"result","fields":[0,0,0,0],"id":239453016686595,"type":105}
@nix {"action":"result","fields":[101,0],"id":239453016686593,"type":106}
@nix {"action":"result","fields":[100,0],"id":239453016686593,"type":106}
@nix {"action":"result","fields":[51,67,0,0],"id":239453016686594,"type":105}
@nix {"action":"result","fields":[0,0,0,0],"id":239453016686595,"type":105}
@nix {"action":"result","fields":[101,0],"id":239453016686593,"type":106}
@nix {"action":"result","fields":[100,0],"id":239453016686593,"type":106}
@nix {"action":"stop","id":239453016686647}
@nix {"action":"result","fields":[52,67,0,0],"id":239453016686594,"type":105}
@nix {"action":"result","fields":[0,0,0,0],"id":239453016686595,"type":105}
@nix {"action":"result","fields":[101,0],"id":239453016686593,"type":106}
@nix {"action":"result","fields":[100,0],"id":239453016686593,"type":106}
@nix {"action":"stop","id":239453016686646}
@nix {"action":"result","fields":[52,67,0,0],"id":239453016686594,"type":105}
@nix {"action":"result","fields":[0,0,0,0],"id":239453016686595,"type":105}
@nix {"action":"result","fields":[101,0],"id":239453016686593,"type":106}
@nix {"action":"result","fields":[100,0],"id":239453016686593,"type":106}
@nix {"action":"start","fields":["/Users/hetzner/obrador-shared-pins-20260909/round-2-baseline/chain-round-1-jobs-8/store/0d51vg13wfpj4giwiclsik4snmrxryi6-leaf-17.drv","",1,1],"id":239453016686648,"level":3,"parent":0,"text":"building '/Users/hetzner/obrador-shared-pins-20260909/round-2-baseline/chain-round-1-jobs-8/store/0d51vg13wfpj4giwiclsik4snmrxryi6-leaf-17.drv'","type":105}
@nix {"action":"result","fields":[52,67,1,0],"id":239453016686594,"type":105}
@nix {"action":"result","fields":[0,0,0,0],"id":239453016686595,"type":105}
@nix {"action":"result","fields":[101,0],"id":239453016686593,"type":106}
@nix {"action":"result","fields":[100,0],"id":239453016686593,"type":106}
@nix {"action":"result","fields":[53,68,0,0],"id":239453016686594,"type":105}
@nix {"action":"result","fields":[0,0,0,0],"id":239453016686595,"type":105}
@nix {"action":"result","fields":[101,0],"id":239453016686593,"type":106}
@nix {"action":"result","fields":[100,0],"id":239453016686593,"type":106}
@nix {"action":"stop","id":239453016686648}
@nix {"action":"start","fields":["/Users/hetzner/obrador-shared-pins-20260909/round-2-baseline/chain-round-1-jobs-8/store/h8a8gzx4z2pkz21yxvw2z3wlkxg9j4h0-leaf-18.drv.drv","/Users/hetzner/obrador-shared-pins-20260909/round-2-baseline/chain-round-1-jobs-8/store/mg9nyd29qdkz612s56l1qp3gnqzr6i0g-leaf-18.drv.drv"],"id":239453016686649,"level":3,"parent":0,"text":"resolved derivation: '/Users/hetzner/obrador-shared-pins-20260909/round-2-baseline/chain-round-1-jobs-8/store/h8a8gzx4z2pkz21yxvw2z3wlkxg9j4h0-leaf-18.drv.drv' -> '/Users/hetzner/obrador-shared-pins-20260909/round-2-baseline/chain-round-1-jobs-8/store/mg9nyd29qdkz612s56l1qp3gnqzr6i0g-leaf-18.drv.drv'","type":111}
@nix {"action":"result","fields":[53,68,0,0],"id":239453016686594,"type":105}
@nix {"action":"result","fields":[0,0,0,0],"id":239453016686595,"type":105}
@nix {"action":"result","fields":[101,0],"id":239453016686593,"type":106}
@nix {"action":"result","fields":[100,0],"id":239453016686593,"type":106}
@nix {"action":"start","fields":["/Users/hetzner/obrador-shared-pins-20260909/round-2-baseline/chain-round-1-jobs-8/store/mg9nyd29qdkz612s56l1qp3gnqzr6i0g-leaf-18.drv.drv","",1,1],"id":239453016686650,"level":3,"parent":0,"text":"building '/Users/hetzner/obrador-shared-pins-20260909/round-2-baseline/chain-round-1-jobs-8/store/mg9nyd29qdkz612s56l1qp3gnqzr6i0g-leaf-18.drv.drv'","type":105}
@nix {"action":"result","fields":[53,68,1,0],"id":239453016686594,"type":105}
@nix {"action":"result","fields":[0,0,0,0],"id":239453016686595,"type":105}
@nix {"action":"result","fields":[101,0],"id":239453016686593,"type":106}
@nix {"action":"result","fields":[100,0],"id":239453016686593,"type":106}
@nix {"action":"result","fields":[54,69,0,0],"id":239453016686594,"type":105}
@nix {"action":"result","fields":[0,0,0,0],"id":239453016686595,"type":105}
@nix {"action":"result","fields":[101,0],"id":239453016686593,"type":106}
@nix {"action":"result","fields":[100,0],"id":239453016686593,"type":106}
@nix {"action":"stop","id":239453016686650}
@nix {"action":"result","fields":[55,69,0,0],"id":239453016686594,"type":105}
@nix {"action":"result","fields":[0,0,0,0],"id":239453016686595,"type":105}
@nix {"action":"result","fields":[101,0],"id":239453016686593,"type":106}
@nix {"action":"result","fields":[100,0],"id":239453016686593,"type":106}
@nix {"action":"stop","id":239453016686649}
@nix {"action":"result","fields":[55,69,0,0],"id":239453016686594,"type":105}
@nix {"action":"result","fields":[0,0,0,0],"id":239453016686595,"type":105}
@nix {"action":"result","fields":[101,0],"id":239453016686593,"type":106}
@nix {"action":"result","fields":[100,0],"id":239453016686593,"type":106}
@nix {"action":"start","fields":["/Users/hetzner/obrador-shared-pins-20260909/round-2-baseline/chain-round-1-jobs-8/store/7lay445pzmphg9pahzsh1xrpmi02bjmw-leaf-18.drv","",1,1],"id":239453016686651,"level":3,"parent":0,"text":"building '/Users/hetzner/obrador-shared-pins-20260909/round-2-baseline/chain-round-1-jobs-8/store/7lay445pzmphg9pahzsh1xrpmi02bjmw-leaf-18.drv'","type":105}
@nix {"action":"result","fields":[55,69,1,0],"id":239453016686594,"type":105}
@nix {"action":"result","fields":[0,0,0,0],"id":239453016686595,"type":105}
@nix {"action":"result","fields":[101,0],"id":239453016686593,"type":106}
@nix {"action":"result","fields":[100,0],"id":239453016686593,"type":106}
@nix {"action":"result","fields":[56,70,0,0],"id":239453016686594,"type":105}
@nix {"action":"result","fields":[0,0,0,0],"id":239453016686595,"type":105}
@nix {"action":"result","fields":[101,0],"id":239453016686593,"type":106}
@nix {"action":"result","fields":[100,0],"id":239453016686593,"type":106}
@nix {"action":"stop","id":239453016686651}
@nix {"action":"start","fields":["/Users/hetzner/obrador-shared-pins-20260909/round-2-baseline/chain-round-1-jobs-8/store/20qy0w337rimjbiss2d90jg7d8s5w4aa-leaf-19.drv.drv","/Users/hetzner/obrador-shared-pins-20260909/round-2-baseline/chain-round-1-jobs-8/store/9n1vxk9nqh6248b8bpmia590p1nk7zay-leaf-19.drv.drv"],"id":239453016686652,"level":3,"parent":0,"text":"resolved derivation: '/Users/hetzner/obrador-shared-pins-20260909/round-2-baseline/chain-round-1-jobs-8/store/20qy0w337rimjbiss2d90jg7d8s5w4aa-leaf-19.drv.drv' -> '/Users/hetzner/obrador-shared-pins-20260909/round-2-baseline/chain-round-1-jobs-8/store/9n1vxk9nqh6248b8bpmia590p1nk7zay-leaf-19.drv.drv'","type":111}
@nix {"action":"result","fields":[56,70,0,0],"id":239453016686594,"type":105}
@nix {"action":"result","fields":[0,0,0,0],"id":239453016686595,"type":105}
@nix {"action":"result","fields":[101,0],"id":239453016686593,"type":106}
@nix {"action":"result","fields":[100,0],"id":239453016686593,"type":106}
@nix {"action":"start","fields":["/Users/hetzner/obrador-shared-pins-20260909/round-2-baseline/chain-round-1-jobs-8/store/9n1vxk9nqh6248b8bpmia590p1nk7zay-leaf-19.drv.drv","",1,1],"id":239453016686653,"level":3,"parent":0,"text":"building '/Users/hetzner/obrador-shared-pins-20260909/round-2-baseline/chain-round-1-jobs-8/store/9n1vxk9nqh6248b8bpmia590p1nk7zay-leaf-19.drv.drv'","type":105}
@nix {"action":"result","fields":[56,70,1,0],"id":239453016686594,"type":105}
@nix {"action":"result","fields":[0,0,0,0],"id":239453016686595,"type":105}
@nix {"action":"result","fields":[101,0],"id":239453016686593,"type":106}
@nix {"action":"result","fields":[100,0],"id":239453016686593,"type":106}
@nix {"action":"result","fields":[57,71,0,0],"id":239453016686594,"type":105}
@nix {"action":"result","fields":[0,0,0,0],"id":239453016686595,"type":105}
@nix {"action":"result","fields":[101,0],"id":239453016686593,"type":106}
@nix {"action":"result","fields":[100,0],"id":239453016686593,"type":106}
@nix {"action":"stop","id":239453016686653}
@nix {"action":"result","fields":[58,71,0,0],"id":239453016686594,"type":105}
@nix {"action":"result","fields":[0,0,0,0],"id":239453016686595,"type":105}
@nix {"action":"result","fields":[101,0],"id":239453016686593,"type":106}
@nix {"action":"result","fields":[100,0],"id":239453016686593,"type":106}
@nix {"action":"stop","id":239453016686652}
@nix {"action":"result","fields":[58,71,0,0],"id":239453016686594,"type":105}
@nix {"action":"result","fields":[0,0,0,0],"id":239453016686595,"type":105}
@nix {"action":"result","fields":[101,0],"id":239453016686593,"type":106}
@nix {"action":"result","fields":[100,0],"id":239453016686593,"type":106}
@nix {"action":"start","fields":["/Users/hetzner/obrador-shared-pins-20260909/round-2-baseline/chain-round-1-jobs-8/store/y9b9fy2qmarillr2d7gacyz837mcj62c-leaf-19.drv","",1,1],"id":239453016686654,"level":3,"parent":0,"text":"building '/Users/hetzner/obrador-shared-pins-20260909/round-2-baseline/chain-round-1-jobs-8/store/y9b9fy2qmarillr2d7gacyz837mcj62c-leaf-19.drv'","type":105}
@nix {"action":"result","fields":[58,71,1,0],"id":239453016686594,"type":105}
@nix {"action":"result","fields":[0,0,0,0],"id":239453016686595,"type":105}
@nix {"action":"result","fields":[101,0],"id":239453016686593,"type":106}
@nix {"action":"result","fields":[100,0],"id":239453016686593,"type":106}
@nix {"action":"result","fields":[59,72,0,0],"id":239453016686594,"type":105}
@nix {"action":"result","fields":[0,0,0,0],"id":239453016686595,"type":105}
@nix {"action":"result","fields":[101,0],"id":239453016686593,"type":106}
@nix {"action":"result","fields":[100,0],"id":239453016686593,"type":106}
@nix {"action":"stop","id":239453016686654}
@nix {"action":"start","fields":["/Users/hetzner/obrador-shared-pins-20260909/round-2-baseline/chain-round-1-jobs-8/store/ls8mwq7i328rwp38qdmvpwrgfzmk5ask-leaf-20.drv.drv","/Users/hetzner/obrador-shared-pins-20260909/round-2-baseline/chain-round-1-jobs-8/store/nbimfxnr6dg9j88p2ibdf7z0aam11zaz-leaf-20.drv.drv"],"id":239453016686655,"level":3,"parent":0,"text":"resolved derivation: '/Users/hetzner/obrador-shared-pins-20260909/round-2-baseline/chain-round-1-jobs-8/store/ls8mwq7i328rwp38qdmvpwrgfzmk5ask-leaf-20.drv.drv' -> '/Users/hetzner/obrador-shared-pins-20260909/round-2-baseline/chain-round-1-jobs-8/store/nbimfxnr6dg9j88p2ibdf7z0aam11zaz-leaf-20.drv.drv'","type":111}
@nix {"action":"result","fields":[59,72,0,0],"id":239453016686594,"type":105}
@nix {"action":"result","fields":[0,0,0,0],"id":239453016686595,"type":105}
@nix {"action":"result","fields":[101,0],"id":239453016686593,"type":106}
@nix {"action":"result","fields":[100,0],"id":239453016686593,"type":106}
@nix {"action":"start","fields":["/Users/hetzner/obrador-shared-pins-20260909/round-2-baseline/chain-round-1-jobs-8/store/nbimfxnr6dg9j88p2ibdf7z0aam11zaz-leaf-20.drv.drv","",1,1],"id":239453016686656,"level":3,"parent":0,"text":"building '/Users/hetzner/obrador-shared-pins-20260909/round-2-baseline/chain-round-1-jobs-8/store/nbimfxnr6dg9j88p2ibdf7z0aam11zaz-leaf-20.drv.drv'","type":105}
@nix {"action":"result","fields":[59,72,1,0],"id":239453016686594,"type":105}
@nix {"action":"result","fields":[0,0,0,0],"id":239453016686595,"type":105}
@nix {"action":"result","fields":[101,0],"id":239453016686593,"type":106}
@nix {"action":"result","fields":[100,0],"id":239453016686593,"type":106}
@nix {"action":"result","fields":[60,73,0,0],"id":239453016686594,"type":105}
@nix {"action":"result","fields":[0,0,0,0],"id":239453016686595,"type":105}
@nix {"action":"result","fields":[101,0],"id":239453016686593,"type":106}
@nix {"action":"result","fields":[100,0],"id":239453016686593,"type":106}
@nix {"action":"stop","id":239453016686656}
@nix {"action":"result","fields":[61,73,0,0],"id":239453016686594,"type":105}
@nix {"action":"result","fields":[0,0,0,0],"id":239453016686595,"type":105}
@nix {"action":"result","fields":[101,0],"id":239453016686593,"type":106}
@nix {"action":"result","fields":[100,0],"id":239453016686593,"type":106}
@nix {"action":"stop","id":239453016686655}
@nix {"action":"result","fields":[61,73,0,0],"id":239453016686594,"type":105}
@nix {"action":"result","fields":[0,0,0,0],"id":239453016686595,"type":105}
@nix {"action":"result","fields":[101,0],"id":239453016686593,"type":106}
@nix {"action":"result","fields":[100,0],"id":239453016686593,"type":106}
@nix {"action":"start","fields":["/Users/hetzner/obrador-shared-pins-20260909/round-2-baseline/chain-round-1-jobs-8/store/fc89gqqfsw28469wylc0pwydxaph5kf9-leaf-20.drv","",1,1],"id":239453016686657,"level":3,"parent":0,"text":"building '/Users/hetzner/obrador-shared-pins-20260909/round-2-baseline/chain-round-1-jobs-8/store/fc89gqqfsw28469wylc0pwydxaph5kf9-leaf-20.drv'","type":105}
@nix {"action":"result","fields":[61,73,1,0],"id":239453016686594,"type":105}
@nix {"action":"result","fields":[0,0,0,0],"id":239453016686595,"type":105}
@nix {"action":"result","fields":[101,0],"id":239453016686593,"type":106}
@nix {"action":"result","fields":[100,0],"id":239453016686593,"type":106}
@nix {"action":"result","fields":[62,74,0,0],"id":239453016686594,"type":105}
@nix {"action":"result","fields":[0,0,0,0],"id":239453016686595,"type":105}
@nix {"action":"result","fields":[101,0],"id":239453016686593,"type":106}
@nix {"action":"result","fields":[100,0],"id":239453016686593,"type":106}
@nix {"action":"stop","id":239453016686657}
@nix {"action":"start","fields":["/Users/hetzner/obrador-shared-pins-20260909/round-2-baseline/chain-round-1-jobs-8/store/0pb7y8mchb6kilpkynhlqifbfs8azxk5-leaf-21.drv.drv","/Users/hetzner/obrador-shared-pins-20260909/round-2-baseline/chain-round-1-jobs-8/store/pzy5yczi0iydyvz88fjl3y6w04vl4glw-leaf-21.drv.drv"],"id":239453016686658,"level":3,"parent":0,"text":"resolved derivation: '/Users/hetzner/obrador-shared-pins-20260909/round-2-baseline/chain-round-1-jobs-8/store/0pb7y8mchb6kilpkynhlqifbfs8azxk5-leaf-21.drv.drv' -> '/Users/hetzner/obrador-shared-pins-20260909/round-2-baseline/chain-round-1-jobs-8/store/pzy5yczi0iydyvz88fjl3y6w04vl4glw-leaf-21.drv.drv'","type":111}
@nix {"action":"result","fields":[62,74,0,0],"id":239453016686594,"type":105}
@nix {"action":"result","fields":[0,0,0,0],"id":239453016686595,"type":105}
@nix {"action":"result","fields":[101,0],"id":239453016686593,"type":106}
@nix {"action":"result","fields":[100,0],"id":239453016686593,"type":106}
@nix {"action":"start","fields":["/Users/hetzner/obrador-shared-pins-20260909/round-2-baseline/chain-round-1-jobs-8/store/pzy5yczi0iydyvz88fjl3y6w04vl4glw-leaf-21.drv.drv","",1,1],"id":239453016686659,"level":3,"parent":0,"text":"building '/Users/hetzner/obrador-shared-pins-20260909/round-2-baseline/chain-round-1-jobs-8/store/pzy5yczi0iydyvz88fjl3y6w04vl4glw-leaf-21.drv.drv'","type":105}
@nix {"action":"result","fields":[62,74,1,0],"id":239453016686594,"type":105}
@nix {"action":"result","fields":[0,0,0,0],"id":239453016686595,"type":105}
@nix {"action":"result","fields":[101,0],"id":239453016686593,"type":106}
@nix {"action":"result","fields":[100,0],"id":239453016686593,"type":106}
@nix {"action":"result","fields":[63,75,0,0],"id":239453016686594,"type":105}
@nix {"action":"result","fields":[0,0,0,0],"id":239453016686595,"type":105}
@nix {"action":"result","fields":[101,0],"id":239453016686593,"type":106}
@nix {"action":"result","fields":[100,0],"id":239453016686593,"type":106}
@nix {"action":"stop","id":239453016686659}
@nix {"action":"result","fields":[64,75,0,0],"id":239453016686594,"type":105}
@nix {"action":"result","fields":[0,0,0,0],"id":239453016686595,"type":105}
@nix {"action":"result","fields":[101,0],"id":239453016686593,"type":106}
@nix {"action":"result","fields":[100,0],"id":239453016686593,"type":106}
@nix {"action":"stop","id":239453016686658}
@nix {"action":"result","fields":[64,75,0,0],"id":239453016686594,"type":105}
@nix {"action":"result","fields":[0,0,0,0],"id":239453016686595,"type":105}
@nix {"action":"result","fields":[101,0],"id":239453016686593,"type":106}
@nix {"action":"result","fields":[100,0],"id":239453016686593,"type":106}
@nix {"action":"start","fields":["/Users/hetzner/obrador-shared-pins-20260909/round-2-baseline/chain-round-1-jobs-8/store/2fi06fw3khkvybq4q9x0hsw7ym6z8kbh-leaf-21.drv","",1,1],"id":239453016686660,"level":3,"parent":0,"text":"building '/Users/hetzner/obrador-shared-pins-20260909/round-2-baseline/chain-round-1-jobs-8/store/2fi06fw3khkvybq4q9x0hsw7ym6z8kbh-leaf-21.drv'","type":105}
@nix {"action":"result","fields":[64,75,1,0],"id":239453016686594,"type":105}
@nix {"action":"result","fields":[0,0,0,0],"id":239453016686595,"type":105}
@nix {"action":"result","fields":[101,0],"id":239453016686593,"type":106}
@nix {"action":"result","fields":[100,0],"id":239453016686593,"type":106}
@nix {"action":"result","fields":[65,76,0,0],"id":239453016686594,"type":105}
@nix {"action":"result","fields":[0,0,0,0],"id":239453016686595,"type":105}
@nix {"action":"result","fields":[101,0],"id":239453016686593,"type":106}
@nix {"action":"result","fields":[100,0],"id":239453016686593,"type":106}
@nix {"action":"stop","id":239453016686660}
@nix {"action":"start","fields":["/Users/hetzner/obrador-shared-pins-20260909/round-2-baseline/chain-round-1-jobs-8/store/p7l4rr0lk7rdnzq4fay5b8kzfvfp7w35-leaf-22.drv.drv","/Users/hetzner/obrador-shared-pins-20260909/round-2-baseline/chain-round-1-jobs-8/store/h4bai94xcy1jz8dabycc1cpmf4zq6bw5-leaf-22.drv.drv"],"id":239453016686661,"level":3,"parent":0,"text":"resolved derivation: '/Users/hetzner/obrador-shared-pins-20260909/round-2-baseline/chain-round-1-jobs-8/store/p7l4rr0lk7rdnzq4fay5b8kzfvfp7w35-leaf-22.drv.drv' -> '/Users/hetzner/obrador-shared-pins-20260909/round-2-baseline/chain-round-1-jobs-8/store/h4bai94xcy1jz8dabycc1cpmf4zq6bw5-leaf-22.drv.drv'","type":111}
@nix {"action":"result","fields":[65,76,0,0],"id":239453016686594,"type":105}
@nix {"action":"result","fields":[0,0,0,0],"id":239453016686595,"type":105}
@nix {"action":"result","fields":[101,0],"id":239453016686593,"type":106}
@nix {"action":"result","fields":[100,0],"id":239453016686593,"type":106}
@nix {"action":"start","fields":["/Users/hetzner/obrador-shared-pins-20260909/round-2-baseline/chain-round-1-jobs-8/store/h4bai94xcy1jz8dabycc1cpmf4zq6bw5-leaf-22.drv.drv","",1,1],"id":239453016686662,"level":3,"parent":0,"text":"building '/Users/hetzner/obrador-shared-pins-20260909/round-2-baseline/chain-round-1-jobs-8/store/h4bai94xcy1jz8dabycc1cpmf4zq6bw5-leaf-22.drv.drv'","type":105}
@nix {"action":"result","fields":[65,76,1,0],"id":239453016686594,"type":105}
@nix {"action":"result","fields":[0,0,0,0],"id":239453016686595,"type":105}
@nix {"action":"result","fields":[101,0],"id":239453016686593,"type":106}
@nix {"action":"result","fields":[100,0],"id":239453016686593,"type":106}
@nix {"action":"result","fields":[66,77,0,0],"id":239453016686594,"type":105}
@nix {"action":"result","fields":[0,0,0,0],"id":239453016686595,"type":105}
@nix {"action":"result","fields":[101,0],"id":239453016686593,"type":106}
@nix {"action":"result","fields":[100,0],"id":239453016686593,"type":106}
@nix {"action":"stop","id":239453016686662}
@nix {"action":"result","fields":[67,77,0,0],"id":239453016686594,"type":105}
@nix {"action":"result","fields":[0,0,0,0],"id":239453016686595,"type":105}
@nix {"action":"result","fields":[101,0],"id":239453016686593,"type":106}
@nix {"action":"result","fields":[100,0],"id":239453016686593,"type":106}
@nix {"action":"stop","id":239453016686661}
@nix {"action":"result","fields":[67,77,0,0],"id":239453016686594,"type":105}
@nix {"action":"result","fields":[0,0,0,0],"id":239453016686595,"type":105}
@nix {"action":"result","fields":[101,0],"id":239453016686593,"type":106}
@nix {"action":"result","fields":[100,0],"id":239453016686593,"type":106}
@nix {"action":"start","fields":["/Users/hetzner/obrador-shared-pins-20260909/round-2-baseline/chain-round-1-jobs-8/store/mx6np000xzv5313vkf906x6zfxn5jvsv-leaf-22.drv","",1,1],"id":239453016686663,"level":3,"parent":0,"text":"building '/Users/hetzner/obrador-shared-pins-20260909/round-2-baseline/chain-round-1-jobs-8/store/mx6np000xzv5313vkf906x6zfxn5jvsv-leaf-22.drv'","type":105}
@nix {"action":"result","fields":[67,77,1,0],"id":239453016686594,"type":105}
@nix {"action":"result","fields":[0,0,0,0],"id":239453016686595,"type":105}
@nix {"action":"result","fields":[101,0],"id":239453016686593,"type":106}
@nix {"action":"result","fields":[100,0],"id":239453016686593,"type":106}
@nix {"action":"result","fields":[68,78,0,0],"id":239453016686594,"type":105}
@nix {"action":"result","fields":[0,0,0,0],"id":239453016686595,"type":105}
@nix {"action":"result","fields":[101,0],"id":239453016686593,"type":106}
@nix {"action":"result","fields":[100,0],"id":239453016686593,"type":106}
@nix {"action":"stop","id":239453016686663}
@nix {"action":"start","fields":["/Users/hetzner/obrador-shared-pins-20260909/round-2-baseline/chain-round-1-jobs-8/store/l740w9c510dhhdazn6rc4g3q0dlxd2gm-leaf-23.drv.drv","/Users/hetzner/obrador-shared-pins-20260909/round-2-baseline/chain-round-1-jobs-8/store/cic6rhfy1d3pyshqw0kmf6iwgqx9l8l2-leaf-23.drv.drv"],"id":239453016686664,"level":3,"parent":0,"text":"resolved derivation: '/Users/hetzner/obrador-shared-pins-20260909/round-2-baseline/chain-round-1-jobs-8/store/l740w9c510dhhdazn6rc4g3q0dlxd2gm-leaf-23.drv.drv' -> '/Users/hetzner/obrador-shared-pins-20260909/round-2-baseline/chain-round-1-jobs-8/store/cic6rhfy1d3pyshqw0kmf6iwgqx9l8l2-leaf-23.drv.drv'","type":111}
@nix {"action":"result","fields":[68,78,0,0],"id":239453016686594,"type":105}
@nix {"action":"result","fields":[0,0,0,0],"id":239453016686595,"type":105}
@nix {"action":"result","fields":[101,0],"id":239453016686593,"type":106}
@nix {"action":"result","fields":[100,0],"id":239453016686593,"type":106}
@nix {"action":"start","fields":["/Users/hetzner/obrador-shared-pins-20260909/round-2-baseline/chain-round-1-jobs-8/store/cic6rhfy1d3pyshqw0kmf6iwgqx9l8l2-leaf-23.drv.drv","",1,1],"id":239453016686665,"level":3,"parent":0,"text":"building '/Users/hetzner/obrador-shared-pins-20260909/round-2-baseline/chain-round-1-jobs-8/store/cic6rhfy1d3pyshqw0kmf6iwgqx9l8l2-leaf-23.drv.drv'","type":105}
@nix {"action":"result","fields":[68,78,1,0],"id":239453016686594,"type":105}
@nix {"action":"result","fields":[0,0,0,0],"id":239453016686595,"type":105}
@nix {"action":"result","fields":[101,0],"id":239453016686593,"type":106}
@nix {"action":"result","fields":[100,0],"id":239453016686593,"type":106}
@nix {"action":"result","fields":[69,79,0,0],"id":239453016686594,"type":105}
@nix {"action":"result","fields":[0,0,0,0],"id":239453016686595,"type":105}
@nix {"action":"result","fields":[101,0],"id":239453016686593,"type":106}
@nix {"action":"result","fields":[100,0],"id":239453016686593,"type":106}
@nix {"action":"stop","id":239453016686665}
@nix {"action":"result","fields":[70,79,0,0],"id":239453016686594,"type":105}
@nix {"action":"result","fields":[0,0,0,0],"id":239453016686595,"type":105}
@nix {"action":"result","fields":[101,0],"id":239453016686593,"type":106}
@nix {"action":"result","fields":[100,0],"id":239453016686593,"type":106}
@nix {"action":"stop","id":239453016686664}
@nix {"action":"result","fields":[70,79,0,0],"id":239453016686594,"type":105}
@nix {"action":"result","fields":[0,0,0,0],"id":239453016686595,"type":105}
@nix {"action":"result","fields":[101,0],"id":239453016686593,"type":106}
@nix {"action":"result","fields":[100,0],"id":239453016686593,"type":106}
@nix {"action":"start","fields":["/Users/hetzner/obrador-shared-pins-20260909/round-2-baseline/chain-round-1-jobs-8/store/p2b8l01hf2as5k845m2hw28h2awpi857-leaf-23.drv","",1,1],"id":239453016686666,"level":3,"parent":0,"text":"building '/Users/hetzner/obrador-shared-pins-20260909/round-2-baseline/chain-round-1-jobs-8/store/p2b8l01hf2as5k845m2hw28h2awpi857-leaf-23.drv'","type":105}
@nix {"action":"result","fields":[70,79,1,0],"id":239453016686594,"type":105}
@nix {"action":"result","fields":[0,0,0,0],"id":239453016686595,"type":105}
@nix {"action":"result","fields":[101,0],"id":239453016686593,"type":106}
@nix {"action":"result","fields":[100,0],"id":239453016686593,"type":106}
@nix {"action":"result","fields":[71,80,0,0],"id":239453016686594,"type":105}
@nix {"action":"result","fields":[0,0,0,0],"id":239453016686595,"type":105}
@nix {"action":"result","fields":[101,0],"id":239453016686593,"type":106}
@nix {"action":"result","fields":[100,0],"id":239453016686593,"type":106}
@nix {"action":"stop","id":239453016686666}
@nix {"action":"start","fields":["/Users/hetzner/obrador-shared-pins-20260909/round-2-baseline/chain-round-1-jobs-8/store/l215s3dzdh63ivbd622aabj6z5kkrj4m-leaf-24.drv.drv","/Users/hetzner/obrador-shared-pins-20260909/round-2-baseline/chain-round-1-jobs-8/store/ky30xr7wh3rqwyhix83hgzfwy0647zh5-leaf-24.drv.drv"],"id":239453016686667,"level":3,"parent":0,"text":"resolved derivation: '/Users/hetzner/obrador-shared-pins-20260909/round-2-baseline/chain-round-1-jobs-8/store/l215s3dzdh63ivbd622aabj6z5kkrj4m-leaf-24.drv.drv' -> '/Users/hetzner/obrador-shared-pins-20260909/round-2-baseline/chain-round-1-jobs-8/store/ky30xr7wh3rqwyhix83hgzfwy0647zh5-leaf-24.drv.drv'","type":111}
@nix {"action":"result","fields":[71,80,0,0],"id":239453016686594,"type":105}
@nix {"action":"result","fields":[0,0,0,0],"id":239453016686595,"type":105}
@nix {"action":"result","fields":[101,0],"id":239453016686593,"type":106}
@nix {"action":"result","fields":[100,0],"id":239453016686593,"type":106}
@nix {"action":"start","fields":["/Users/hetzner/obrador-shared-pins-20260909/round-2-baseline/chain-round-1-jobs-8/store/ky30xr7wh3rqwyhix83hgzfwy0647zh5-leaf-24.drv.drv","",1,1],"id":239453016686668,"level":3,"parent":0,"text":"building '/Users/hetzner/obrador-shared-pins-20260909/round-2-baseline/chain-round-1-jobs-8/store/ky30xr7wh3rqwyhix83hgzfwy0647zh5-leaf-24.drv.drv'","type":105}
@nix {"action":"result","fields":[71,80,1,0],"id":239453016686594,"type":105}
@nix {"action":"result","fields":[0,0,0,0],"id":239453016686595,"type":105}
@nix {"action":"result","fields":[101,0],"id":239453016686593,"type":106}
@nix {"action":"result","fields":[100,0],"id":239453016686593,"type":106}
@nix {"action":"result","fields":[72,81,0,0],"id":239453016686594,"type":105}
@nix {"action":"result","fields":[0,0,0,0],"id":239453016686595,"type":105}
@nix {"action":"result","fields":[101,0],"id":239453016686593,"type":106}
@nix {"action":"result","fields":[100,0],"id":239453016686593,"type":106}
@nix {"action":"stop","id":239453016686668}
@nix {"action":"result","fields":[73,81,0,0],"id":239453016686594,"type":105}
@nix {"action":"result","fields":[0,0,0,0],"id":239453016686595,"type":105}
@nix {"action":"result","fields":[101,0],"id":239453016686593,"type":106}
@nix {"action":"result","fields":[100,0],"id":239453016686593,"type":106}
@nix {"action":"stop","id":239453016686667}
@nix {"action":"result","fields":[73,81,0,0],"id":239453016686594,"type":105}
@nix {"action":"result","fields":[0,0,0,0],"id":239453016686595,"type":105}
@nix {"action":"result","fields":[101,0],"id":239453016686593,"type":106}
@nix {"action":"result","fields":[100,0],"id":239453016686593,"type":106}
@nix {"action":"start","fields":["/Users/hetzner/obrador-shared-pins-20260909/round-2-baseline/chain-round-1-jobs-8/store/sqs6v686jp35g53q15mpjx4521gd5a4h-leaf-24.drv","",1,1],"id":239453016686669,"level":3,"parent":0,"text":"building '/Users/hetzner/obrador-shared-pins-20260909/round-2-baseline/chain-round-1-jobs-8/store/sqs6v686jp35g53q15mpjx4521gd5a4h-leaf-24.drv'","type":105}
@nix {"action":"result","fields":[73,81,1,0],"id":239453016686594,"type":105}
@nix {"action":"result","fields":[0,0,0,0],"id":239453016686595,"type":105}
@nix {"action":"result","fields":[101,0],"id":239453016686593,"type":106}
@nix {"action":"result","fields":[100,0],"id":239453016686593,"type":106}
@nix {"action":"result","fields":[74,82,0,0],"id":239453016686594,"type":105}
@nix {"action":"result","fields":[0,0,0,0],"id":239453016686595,"type":105}
@nix {"action":"result","fields":[101,0],"id":239453016686593,"type":106}
@nix {"action":"result","fields":[100,0],"id":239453016686593,"type":106}
@nix {"action":"stop","id":239453016686669}
@nix {"action":"start","fields":["/Users/hetzner/obrador-shared-pins-20260909/round-2-baseline/chain-round-1-jobs-8/store/icn3qi6krv9bqc7g36xfdnhcwdhsbwd6-leaf-25.drv.drv","/Users/hetzner/obrador-shared-pins-20260909/round-2-baseline/chain-round-1-jobs-8/store/s7z68gpjy37h8h987r7gf424kqkr55mc-leaf-25.drv.drv"],"id":239453016686670,"level":3,"parent":0,"text":"resolved derivation: '/Users/hetzner/obrador-shared-pins-20260909/round-2-baseline/chain-round-1-jobs-8/store/icn3qi6krv9bqc7g36xfdnhcwdhsbwd6-leaf-25.drv.drv' -> '/Users/hetzner/obrador-shared-pins-20260909/round-2-baseline/chain-round-1-jobs-8/store/s7z68gpjy37h8h987r7gf424kqkr55mc-leaf-25.drv.drv'","type":111}
@nix {"action":"result","fields":[74,82,0,0],"id":239453016686594,"type":105}
@nix {"action":"result","fields":[0,0,0,0],"id":239453016686595,"type":105}
@nix {"action":"result","fields":[101,0],"id":239453016686593,"type":106}
@nix {"action":"result","fields":[100,0],"id":239453016686593,"type":106}
@nix {"action":"start","fields":["/Users/hetzner/obrador-shared-pins-20260909/round-2-baseline/chain-round-1-jobs-8/store/s7z68gpjy37h8h987r7gf424kqkr55mc-leaf-25.drv.drv","",1,1],"id":239453016686671,"level":3,"parent":0,"text":"building '/Users/hetzner/obrador-shared-pins-20260909/round-2-baseline/chain-round-1-jobs-8/store/s7z68gpjy37h8h987r7gf424kqkr55mc-leaf-25.drv.drv'","type":105}
@nix {"action":"result","fields":[74,82,1,0],"id":239453016686594,"type":105}
@nix {"action":"result","fields":[0,0,0,0],"id":239453016686595,"type":105}
@nix {"action":"result","fields":[101,0],"id":239453016686593,"type":106}
@nix {"action":"result","fields":[100,0],"id":239453016686593,"type":106}
@nix {"action":"result","fields":[75,83,0,0],"id":239453016686594,"type":105}
@nix {"action":"result","fields":[0,0,0,0],"id":239453016686595,"type":105}
@nix {"action":"result","fields":[101,0],"id":239453016686593,"type":106}
@nix {"action":"result","fields":[100,0],"id":239453016686593,"type":106}
@nix {"action":"stop","id":239453016686671}
@nix {"action":"result","fields":[76,83,0,0],"id":239453016686594,"type":105}
@nix {"action":"result","fields":[0,0,0,0],"id":239453016686595,"type":105}
@nix {"action":"result","fields":[101,0],"id":239453016686593,"type":106}
@nix {"action":"result","fields":[100,0],"id":239453016686593,"type":106}
@nix {"action":"stop","id":239453016686670}
@nix {"action":"result","fields":[76,83,0,0],"id":239453016686594,"type":105}
@nix {"action":"result","fields":[0,0,0,0],"id":239453016686595,"type":105}
@nix {"action":"result","fields":[101,0],"id":239453016686593,"type":106}
@nix {"action":"result","fields":[100,0],"id":239453016686593,"type":106}
@nix {"action":"start","fields":["/Users/hetzner/obrador-shared-pins-20260909/round-2-baseline/chain-round-1-jobs-8/store/ay6wdic5664dvf4da38xd4z1jmpl39dh-leaf-25.drv","",1,1],"id":239453016686672,"level":3,"parent":0,"text":"building '/Users/hetzner/obrador-shared-pins-20260909/round-2-baseline/chain-round-1-jobs-8/store/ay6wdic5664dvf4da38xd4z1jmpl39dh-leaf-25.drv'","type":105}
@nix {"action":"result","fields":[76,83,1,0],"id":239453016686594,"type":105}
@nix {"action":"result","fields":[0,0,0,0],"id":239453016686595,"type":105}
@nix {"action":"result","fields":[101,0],"id":239453016686593,"type":106}
@nix {"action":"result","fields":[100,0],"id":239453016686593,"type":106}
@nix {"action":"result","fields":[77,84,0,0],"id":239453016686594,"type":105}
@nix {"action":"result","fields":[0,0,0,0],"id":239453016686595,"type":105}
@nix {"action":"result","fields":[101,0],"id":239453016686593,"type":106}
@nix {"action":"result","fields":[100,0],"id":239453016686593,"type":106}
@nix {"action":"stop","id":239453016686672}
@nix {"action":"start","fields":["/Users/hetzner/obrador-shared-pins-20260909/round-2-baseline/chain-round-1-jobs-8/store/wf3y03s05x76gl8lz9zbyvi8ili30zd4-leaf-26.drv.drv","/Users/hetzner/obrador-shared-pins-20260909/round-2-baseline/chain-round-1-jobs-8/store/p4yibyl8kplh7i6zyn7xim229fcfhkh6-leaf-26.drv.drv"],"id":239453016686673,"level":3,"parent":0,"text":"resolved derivation: '/Users/hetzner/obrador-shared-pins-20260909/round-2-baseline/chain-round-1-jobs-8/store/wf3y03s05x76gl8lz9zbyvi8ili30zd4-leaf-26.drv.drv' -> '/Users/hetzner/obrador-shared-pins-20260909/round-2-baseline/chain-round-1-jobs-8/store/p4yibyl8kplh7i6zyn7xim229fcfhkh6-leaf-26.drv.drv'","type":111}
@nix {"action":"result","fields":[77,84,0,0],"id":239453016686594,"type":105}
@nix {"action":"result","fields":[0,0,0,0],"id":239453016686595,"type":105}
@nix {"action":"result","fields":[101,0],"id":239453016686593,"type":106}
@nix {"action":"result","fields":[100,0],"id":239453016686593,"type":106}
@nix {"action":"start","fields":["/Users/hetzner/obrador-shared-pins-20260909/round-2-baseline/chain-round-1-jobs-8/store/p4yibyl8kplh7i6zyn7xim229fcfhkh6-leaf-26.drv.drv","",1,1],"id":239453016686674,"level":3,"parent":0,"text":"building '/Users/hetzner/obrador-shared-pins-20260909/round-2-baseline/chain-round-1-jobs-8/store/p4yibyl8kplh7i6zyn7xim229fcfhkh6-leaf-26.drv.drv'","type":105}
@nix {"action":"result","fields":[77,84,1,0],"id":239453016686594,"type":105}
@nix {"action":"result","fields":[0,0,0,0],"id":239453016686595,"type":105}
@nix {"action":"result","fields":[101,0],"id":239453016686593,"type":106}
@nix {"action":"result","fields":[100,0],"id":239453016686593,"type":106}
@nix {"action":"result","fields":[78,85,0,0],"id":239453016686594,"type":105}
@nix {"action":"result","fields":[0,0,0,0],"id":239453016686595,"type":105}
@nix {"action":"result","fields":[101,0],"id":239453016686593,"type":106}
@nix {"action":"result","fields":[100,0],"id":239453016686593,"type":106}
@nix {"action":"stop","id":239453016686674}
@nix {"action":"result","fields":[79,85,0,0],"id":239453016686594,"type":105}
@nix {"action":"result","fields":[0,0,0,0],"id":239453016686595,"type":105}
@nix {"action":"result","fields":[101,0],"id":239453016686593,"type":106}
@nix {"action":"result","fields":[100,0],"id":239453016686593,"type":106}
@nix {"action":"stop","id":239453016686673}
@nix {"action":"result","fields":[79,85,0,0],"id":239453016686594,"type":105}
@nix {"action":"result","fields":[0,0,0,0],"id":239453016686595,"type":105}
@nix {"action":"result","fields":[101,0],"id":239453016686593,"type":106}
@nix {"action":"result","fields":[100,0],"id":239453016686593,"type":106}
@nix {"action":"start","fields":["/Users/hetzner/obrador-shared-pins-20260909/round-2-baseline/chain-round-1-jobs-8/store/96a7qp17qgp0jbr9ip38y2hs5l8yr8qb-leaf-26.drv","",1,1],"id":239453016686675,"level":3,"parent":0,"text":"building '/Users/hetzner/obrador-shared-pins-20260909/round-2-baseline/chain-round-1-jobs-8/store/96a7qp17qgp0jbr9ip38y2hs5l8yr8qb-leaf-26.drv'","type":105}
@nix {"action":"result","fields":[79,85,1,0],"id":239453016686594,"type":105}
@nix {"action":"result","fields":[0,0,0,0],"id":239453016686595,"type":105}
@nix {"action":"result","fields":[101,0],"id":239453016686593,"type":106}
@nix {"action":"result","fields":[100,0],"id":239453016686593,"type":106}
@nix {"action":"result","fields":[80,86,0,0],"id":239453016686594,"type":105}
@nix {"action":"result","fields":[0,0,0,0],"id":239453016686595,"type":105}
@nix {"action":"result","fields":[101,0],"id":239453016686593,"type":106}
@nix {"action":"result","fields":[100,0],"id":239453016686593,"type":106}
@nix {"action":"stop","id":239453016686675}
@nix {"action":"start","fields":["/Users/hetzner/obrador-shared-pins-20260909/round-2-baseline/chain-round-1-jobs-8/store/0x85dqndjqa90wix0686aiqg2h539lgb-leaf-27.drv.drv","/Users/hetzner/obrador-shared-pins-20260909/round-2-baseline/chain-round-1-jobs-8/store/w5v6wnpz8s1zb1gmkzywn89r1gf22cj9-leaf-27.drv.drv"],"id":239453016686676,"level":3,"parent":0,"text":"resolved derivation: '/Users/hetzner/obrador-shared-pins-20260909/round-2-baseline/chain-round-1-jobs-8/store/0x85dqndjqa90wix0686aiqg2h539lgb-leaf-27.drv.drv' -> '/Users/hetzner/obrador-shared-pins-20260909/round-2-baseline/chain-round-1-jobs-8/store/w5v6wnpz8s1zb1gmkzywn89r1gf22cj9-leaf-27.drv.drv'","type":111}
@nix {"action":"result","fields":[80,86,0,0],"id":239453016686594,"type":105}
@nix {"action":"result","fields":[0,0,0,0],"id":239453016686595,"type":105}
@nix {"action":"result","fields":[101,0],"id":239453016686593,"type":106}
@nix {"action":"result","fields":[100,0],"id":239453016686593,"type":106}
@nix {"action":"start","fields":["/Users/hetzner/obrador-shared-pins-20260909/round-2-baseline/chain-round-1-jobs-8/store/w5v6wnpz8s1zb1gmkzywn89r1gf22cj9-leaf-27.drv.drv","",1,1],"id":239453016686677,"level":3,"parent":0,"text":"building '/Users/hetzner/obrador-shared-pins-20260909/round-2-baseline/chain-round-1-jobs-8/store/w5v6wnpz8s1zb1gmkzywn89r1gf22cj9-leaf-27.drv.drv'","type":105}
@nix {"action":"result","fields":[80,86,1,0],"id":239453016686594,"type":105}
@nix {"action":"result","fields":[0,0,0,0],"id":239453016686595,"type":105}
@nix {"action":"result","fields":[101,0],"id":239453016686593,"type":106}
@nix {"action":"result","fields":[100,0],"id":239453016686593,"type":106}
@nix {"action":"result","fields":[81,87,0,0],"id":239453016686594,"type":105}
@nix {"action":"result","fields":[0,0,0,0],"id":239453016686595,"type":105}
@nix {"action":"result","fields":[101,0],"id":239453016686593,"type":106}
@nix {"action":"result","fields":[100,0],"id":239453016686593,"type":106}
@nix {"action":"stop","id":239453016686677}
@nix {"action":"result","fields":[82,87,0,0],"id":239453016686594,"type":105}
@nix {"action":"result","fields":[0,0,0,0],"id":239453016686595,"type":105}
@nix {"action":"result","fields":[101,0],"id":239453016686593,"type":106}
@nix {"action":"result","fields":[100,0],"id":239453016686593,"type":106}
@nix {"action":"stop","id":239453016686676}
@nix {"action":"result","fields":[82,87,0,0],"id":239453016686594,"type":105}
@nix {"action":"result","fields":[0,0,0,0],"id":239453016686595,"type":105}
@nix {"action":"result","fields":[101,0],"id":239453016686593,"type":106}
@nix {"action":"result","fields":[100,0],"id":239453016686593,"type":106}
@nix {"action":"start","fields":["/Users/hetzner/obrador-shared-pins-20260909/round-2-baseline/chain-round-1-jobs-8/store/222nq6pplpkzk8l70s5x8kifgn18kznv-leaf-27.drv","",1,1],"id":239453016686678,"level":3,"parent":0,"text":"building '/Users/hetzner/obrador-shared-pins-20260909/round-2-baseline/chain-round-1-jobs-8/store/222nq6pplpkzk8l70s5x8kifgn18kznv-leaf-27.drv'","type":105}
@nix {"action":"result","fields":[82,87,1,0],"id":239453016686594,"type":105}
@nix {"action":"result","fields":[0,0,0,0],"id":239453016686595,"type":105}
@nix {"action":"result","fields":[101,0],"id":239453016686593,"type":106}
@nix {"action":"result","fields":[100,0],"id":239453016686593,"type":106}
@nix {"action":"result","fields":[83,88,0,0],"id":239453016686594,"type":105}
@nix {"action":"result","fields":[0,0,0,0],"id":239453016686595,"type":105}
@nix {"action":"result","fields":[101,0],"id":239453016686593,"type":106}
@nix {"action":"result","fields":[100,0],"id":239453016686593,"type":106}
@nix {"action":"stop","id":239453016686678}
@nix {"action":"start","fields":["/Users/hetzner/obrador-shared-pins-20260909/round-2-baseline/chain-round-1-jobs-8/store/gxjirfxlknr66jbw9c27rv7lzxslsz2a-leaf-28.drv.drv","/Users/hetzner/obrador-shared-pins-20260909/round-2-baseline/chain-round-1-jobs-8/store/arww5c89bq4qb63cqn5zy409bjhaq2kf-leaf-28.drv.drv"],"id":239453016686679,"level":3,"parent":0,"text":"resolved derivation: '/Users/hetzner/obrador-shared-pins-20260909/round-2-baseline/chain-round-1-jobs-8/store/gxjirfxlknr66jbw9c27rv7lzxslsz2a-leaf-28.drv.drv' -> '/Users/hetzner/obrador-shared-pins-20260909/round-2-baseline/chain-round-1-jobs-8/store/arww5c89bq4qb63cqn5zy409bjhaq2kf-leaf-28.drv.drv'","type":111}
@nix {"action":"result","fields":[83,88,0,0],"id":239453016686594,"type":105}
@nix {"action":"result","fields":[0,0,0,0],"id":239453016686595,"type":105}
@nix {"action":"result","fields":[101,0],"id":239453016686593,"type":106}
@nix {"action":"result","fields":[100,0],"id":239453016686593,"type":106}
@nix {"action":"start","fields":["/Users/hetzner/obrador-shared-pins-20260909/round-2-baseline/chain-round-1-jobs-8/store/arww5c89bq4qb63cqn5zy409bjhaq2kf-leaf-28.drv.drv","",1,1],"id":239453016686680,"level":3,"parent":0,"text":"building '/Users/hetzner/obrador-shared-pins-20260909/round-2-baseline/chain-round-1-jobs-8/store/arww5c89bq4qb63cqn5zy409bjhaq2kf-leaf-28.drv.drv'","type":105}
@nix {"action":"result","fields":[83,88,1,0],"id":239453016686594,"type":105}
@nix {"action":"result","fields":[0,0,0,0],"id":239453016686595,"type":105}
@nix {"action":"result","fields":[101,0],"id":239453016686593,"type":106}
@nix {"action":"result","fields":[100,0],"id":239453016686593,"type":106}
@nix {"action":"result","fields":[84,89,0,0],"id":239453016686594,"type":105}
@nix {"action":"result","fields":[0,0,0,0],"id":239453016686595,"type":105}
@nix {"action":"result","fields":[101,0],"id":239453016686593,"type":106}
@nix {"action":"result","fields":[100,0],"id":239453016686593,"type":106}
@nix {"action":"stop","id":239453016686680}
@nix {"action":"result","fields":[85,89,0,0],"id":239453016686594,"type":105}
@nix {"action":"result","fields":[0,0,0,0],"id":239453016686595,"type":105}
@nix {"action":"result","fields":[101,0],"id":239453016686593,"type":106}
@nix {"action":"result","fields":[100,0],"id":239453016686593,"type":106}
@nix {"action":"stop","id":239453016686679}
@nix {"action":"result","fields":[85,89,0,0],"id":239453016686594,"type":105}
@nix {"action":"result","fields":[0,0,0,0],"id":239453016686595,"type":105}
@nix {"action":"result","fields":[101,0],"id":239453016686593,"type":106}
@nix {"action":"result","fields":[100,0],"id":239453016686593,"type":106}
@nix {"action":"start","fields":["/Users/hetzner/obrador-shared-pins-20260909/round-2-baseline/chain-round-1-jobs-8/store/cfnj93avraycq36jjyx8blqwd36i17d1-leaf-28.drv","",1,1],"id":239453016686681,"level":3,"parent":0,"text":"building '/Users/hetzner/obrador-shared-pins-20260909/round-2-baseline/chain-round-1-jobs-8/store/cfnj93avraycq36jjyx8blqwd36i17d1-leaf-28.drv'","type":105}
@nix {"action":"result","fields":[85,89,1,0],"id":239453016686594,"type":105}
@nix {"action":"result","fields":[0,0,0,0],"id":239453016686595,"type":105}
@nix {"action":"result","fields":[101,0],"id":239453016686593,"type":106}
@nix {"action":"result","fields":[100,0],"id":239453016686593,"type":106}
@nix {"action":"result","fields":[86,90,0,0],"id":239453016686594,"type":105}
@nix {"action":"result","fields":[0,0,0,0],"id":239453016686595,"type":105}
@nix {"action":"result","fields":[101,0],"id":239453016686593,"type":106}
@nix {"action":"result","fields":[100,0],"id":239453016686593,"type":106}
@nix {"action":"stop","id":239453016686681}
@nix {"action":"start","fields":["/Users/hetzner/obrador-shared-pins-20260909/round-2-baseline/chain-round-1-jobs-8/store/yda2f4mhami3z7sv1gvp8p956iykqpf0-leaf-29.drv.drv","/Users/hetzner/obrador-shared-pins-20260909/round-2-baseline/chain-round-1-jobs-8/store/xi4m6mjqiyvziyna4a95955ww7wynwsn-leaf-29.drv.drv"],"id":239453016686682,"level":3,"parent":0,"text":"resolved derivation: '/Users/hetzner/obrador-shared-pins-20260909/round-2-baseline/chain-round-1-jobs-8/store/yda2f4mhami3z7sv1gvp8p956iykqpf0-leaf-29.drv.drv' -> '/Users/hetzner/obrador-shared-pins-20260909/round-2-baseline/chain-round-1-jobs-8/store/xi4m6mjqiyvziyna4a95955ww7wynwsn-leaf-29.drv.drv'","type":111}
@nix {"action":"result","fields":[86,90,0,0],"id":239453016686594,"type":105}
@nix {"action":"result","fields":[0,0,0,0],"id":239453016686595,"type":105}
@nix {"action":"result","fields":[101,0],"id":239453016686593,"type":106}
@nix {"action":"result","fields":[100,0],"id":239453016686593,"type":106}
@nix {"action":"start","fields":["/Users/hetzner/obrador-shared-pins-20260909/round-2-baseline/chain-round-1-jobs-8/store/xi4m6mjqiyvziyna4a95955ww7wynwsn-leaf-29.drv.drv","",1,1],"id":239453016686683,"level":3,"parent":0,"text":"building '/Users/hetzner/obrador-shared-pins-20260909/round-2-baseline/chain-round-1-jobs-8/store/xi4m6mjqiyvziyna4a95955ww7wynwsn-leaf-29.drv.drv'","type":105}
@nix {"action":"result","fields":[86,90,1,0],"id":239453016686594,"type":105}
@nix {"action":"result","fields":[0,0,0,0],"id":239453016686595,"type":105}
@nix {"action":"result","fields":[101,0],"id":239453016686593,"type":106}
@nix {"action":"result","fields":[100,0],"id":239453016686593,"type":106}
@nix {"action":"result","fields":[87,91,0,0],"id":239453016686594,"type":105}
@nix {"action":"result","fields":[0,0,0,0],"id":239453016686595,"type":105}
@nix {"action":"result","fields":[101,0],"id":239453016686593,"type":106}
@nix {"action":"result","fields":[100,0],"id":239453016686593,"type":106}
@nix {"action":"stop","id":239453016686683}
@nix {"action":"result","fields":[88,91,0,0],"id":239453016686594,"type":105}
@nix {"action":"result","fields":[0,0,0,0],"id":239453016686595,"type":105}
@nix {"action":"result","fields":[101,0],"id":239453016686593,"type":106}
@nix {"action":"result","fields":[100,0],"id":239453016686593,"type":106}
@nix {"action":"stop","id":239453016686682}
@nix {"action":"result","fields":[88,91,0,0],"id":239453016686594,"type":105}
@nix {"action":"result","fields":[0,0,0,0],"id":239453016686595,"type":105}
@nix {"action":"result","fields":[101,0],"id":239453016686593,"type":106}
@nix {"action":"result","fields":[100,0],"id":239453016686593,"type":106}
@nix {"action":"start","fields":["/Users/hetzner/obrador-shared-pins-20260909/round-2-baseline/chain-round-1-jobs-8/store/7zjaka5f5cz0xcclwgrpi94d8vyacfz0-leaf-29.drv","",1,1],"id":239453016686684,"level":3,"parent":0,"text":"building '/Users/hetzner/obrador-shared-pins-20260909/round-2-baseline/chain-round-1-jobs-8/store/7zjaka5f5cz0xcclwgrpi94d8vyacfz0-leaf-29.drv'","type":105}
@nix {"action":"result","fields":[88,91,1,0],"id":239453016686594,"type":105}
@nix {"action":"result","fields":[0,0,0,0],"id":239453016686595,"type":105}
@nix {"action":"result","fields":[101,0],"id":239453016686593,"type":106}
@nix {"action":"result","fields":[100,0],"id":239453016686593,"type":106}
@nix {"action":"result","fields":[89,92,0,0],"id":239453016686594,"type":105}
@nix {"action":"result","fields":[0,0,0,0],"id":239453016686595,"type":105}
@nix {"action":"result","fields":[101,0],"id":239453016686593,"type":106}
@nix {"action":"result","fields":[100,0],"id":239453016686593,"type":106}
@nix {"action":"stop","id":239453016686684}
@nix {"action":"start","fields":["/Users/hetzner/obrador-shared-pins-20260909/round-2-baseline/chain-round-1-jobs-8/store/jmjvbydib3270xnzjwy903hwc2kkv9mg-leaf-30.drv.drv","/Users/hetzner/obrador-shared-pins-20260909/round-2-baseline/chain-round-1-jobs-8/store/w9hjrahlvxlsss4slsmihym8s16wxwv9-leaf-30.drv.drv"],"id":239453016686685,"level":3,"parent":0,"text":"resolved derivation: '/Users/hetzner/obrador-shared-pins-20260909/round-2-baseline/chain-round-1-jobs-8/store/jmjvbydib3270xnzjwy903hwc2kkv9mg-leaf-30.drv.drv' -> '/Users/hetzner/obrador-shared-pins-20260909/round-2-baseline/chain-round-1-jobs-8/store/w9hjrahlvxlsss4slsmihym8s16wxwv9-leaf-30.drv.drv'","type":111}
@nix {"action":"result","fields":[89,92,0,0],"id":239453016686594,"type":105}
@nix {"action":"result","fields":[0,0,0,0],"id":239453016686595,"type":105}
@nix {"action":"result","fields":[101,0],"id":239453016686593,"type":106}
@nix {"action":"result","fields":[100,0],"id":239453016686593,"type":106}
@nix {"action":"start","fields":["/Users/hetzner/obrador-shared-pins-20260909/round-2-baseline/chain-round-1-jobs-8/store/w9hjrahlvxlsss4slsmihym8s16wxwv9-leaf-30.drv.drv","",1,1],"id":239453016686686,"level":3,"parent":0,"text":"building '/Users/hetzner/obrador-shared-pins-20260909/round-2-baseline/chain-round-1-jobs-8/store/w9hjrahlvxlsss4slsmihym8s16wxwv9-leaf-30.drv.drv'","type":105}
@nix {"action":"result","fields":[89,92,1,0],"id":239453016686594,"type":105}
@nix {"action":"result","fields":[0,0,0,0],"id":239453016686595,"type":105}
@nix {"action":"result","fields":[101,0],"id":239453016686593,"type":106}
@nix {"action":"result","fields":[100,0],"id":239453016686593,"type":106}
@nix {"action":"result","fields":[90,93,0,0],"id":239453016686594,"type":105}
@nix {"action":"result","fields":[0,0,0,0],"id":239453016686595,"type":105}
@nix {"action":"result","fields":[101,0],"id":239453016686593,"type":106}
@nix {"action":"result","fields":[100,0],"id":239453016686593,"type":106}
@nix {"action":"stop","id":239453016686686}
@nix {"action":"result","fields":[91,93,0,0],"id":239453016686594,"type":105}
@nix {"action":"result","fields":[0,0,0,0],"id":239453016686595,"type":105}
@nix {"action":"result","fields":[101,0],"id":239453016686593,"type":106}
@nix {"action":"result","fields":[100,0],"id":239453016686593,"type":106}
@nix {"action":"stop","id":239453016686685}
@nix {"action":"result","fields":[91,93,0,0],"id":239453016686594,"type":105}
@nix {"action":"result","fields":[0,0,0,0],"id":239453016686595,"type":105}
@nix {"action":"result","fields":[101,0],"id":239453016686593,"type":106}
@nix {"action":"result","fields":[100,0],"id":239453016686593,"type":106}
@nix {"action":"start","fields":["/Users/hetzner/obrador-shared-pins-20260909/round-2-baseline/chain-round-1-jobs-8/store/s5812vk2phapgykxpxm8glb2ldl8wplc-leaf-30.drv","",1,1],"id":239453016686687,"level":3,"parent":0,"text":"building '/Users/hetzner/obrador-shared-pins-20260909/round-2-baseline/chain-round-1-jobs-8/store/s5812vk2phapgykxpxm8glb2ldl8wplc-leaf-30.drv'","type":105}
@nix {"action":"result","fields":[91,93,1,0],"id":239453016686594,"type":105}
@nix {"action":"result","fields":[0,0,0,0],"id":239453016686595,"type":105}
@nix {"action":"result","fields":[101,0],"id":239453016686593,"type":106}
@nix {"action":"result","fields":[100,0],"id":239453016686593,"type":106}
@nix {"action":"result","fields":[92,94,0,0],"id":239453016686594,"type":105}
@nix {"action":"result","fields":[0,0,0,0],"id":239453016686595,"type":105}
@nix {"action":"result","fields":[101,0],"id":239453016686593,"type":106}
@nix {"action":"result","fields":[100,0],"id":239453016686593,"type":106}
@nix {"action":"stop","id":239453016686687}
@nix {"action":"start","fields":["/Users/hetzner/obrador-shared-pins-20260909/round-2-baseline/chain-round-1-jobs-8/store/63jjjrw0y9x1f4i552ci9mfljyphvapv-leaf-31.drv.drv","/Users/hetzner/obrador-shared-pins-20260909/round-2-baseline/chain-round-1-jobs-8/store/5p2rdidyczk6jxxkk64rmc6h9l428l77-leaf-31.drv.drv"],"id":239453016686688,"level":3,"parent":0,"text":"resolved derivation: '/Users/hetzner/obrador-shared-pins-20260909/round-2-baseline/chain-round-1-jobs-8/store/63jjjrw0y9x1f4i552ci9mfljyphvapv-leaf-31.drv.drv' -> '/Users/hetzner/obrador-shared-pins-20260909/round-2-baseline/chain-round-1-jobs-8/store/5p2rdidyczk6jxxkk64rmc6h9l428l77-leaf-31.drv.drv'","type":111}
@nix {"action":"result","fields":[92,94,0,0],"id":239453016686594,"type":105}
@nix {"action":"result","fields":[0,0,0,0],"id":239453016686595,"type":105}
@nix {"action":"result","fields":[101,0],"id":239453016686593,"type":106}
@nix {"action":"result","fields":[100,0],"id":239453016686593,"type":106}
@nix {"action":"start","fields":["/Users/hetzner/obrador-shared-pins-20260909/round-2-baseline/chain-round-1-jobs-8/store/5p2rdidyczk6jxxkk64rmc6h9l428l77-leaf-31.drv.drv","",1,1],"id":239453016686689,"level":3,"parent":0,"text":"building '/Users/hetzner/obrador-shared-pins-20260909/round-2-baseline/chain-round-1-jobs-8/store/5p2rdidyczk6jxxkk64rmc6h9l428l77-leaf-31.drv.drv'","type":105}
@nix {"action":"result","fields":[92,94,1,0],"id":239453016686594,"type":105}
@nix {"action":"result","fields":[0,0,0,0],"id":239453016686595,"type":105}
@nix {"action":"result","fields":[101,0],"id":239453016686593,"type":106}
@nix {"action":"result","fields":[100,0],"id":239453016686593,"type":106}
@nix {"action":"result","fields":[93,95,0,0],"id":239453016686594,"type":105}
@nix {"action":"result","fields":[0,0,0,0],"id":239453016686595,"type":105}
@nix {"action":"result","fields":[101,0],"id":239453016686593,"type":106}
@nix {"action":"result","fields":[100,0],"id":239453016686593,"type":106}
@nix {"action":"stop","id":239453016686689}
@nix {"action":"result","fields":[94,95,0,0],"id":239453016686594,"type":105}
@nix {"action":"result","fields":[0,0,0,0],"id":239453016686595,"type":105}
@nix {"action":"result","fields":[101,0],"id":239453016686593,"type":106}
@nix {"action":"result","fields":[100,0],"id":239453016686593,"type":106}
@nix {"action":"stop","id":239453016686688}
@nix {"action":"result","fields":[94,95,0,0],"id":239453016686594,"type":105}
@nix {"action":"result","fields":[0,0,0,0],"id":239453016686595,"type":105}
@nix {"action":"result","fields":[101,0],"id":239453016686593,"type":106}
@nix {"action":"result","fields":[100,0],"id":239453016686593,"type":106}
@nix {"action":"start","fields":["/Users/hetzner/obrador-shared-pins-20260909/round-2-baseline/chain-round-1-jobs-8/store/v22xb7skfp0hfzzivgr85yhd6jz004nx-leaf-31.drv","",1,1],"id":239453016686690,"level":3,"parent":0,"text":"building '/Users/hetzner/obrador-shared-pins-20260909/round-2-baseline/chain-round-1-jobs-8/store/v22xb7skfp0hfzzivgr85yhd6jz004nx-leaf-31.drv'","type":105}
@nix {"action":"result","fields":[94,95,1,0],"id":239453016686594,"type":105}
@nix {"action":"result","fields":[0,0,0,0],"id":239453016686595,"type":105}
@nix {"action":"result","fields":[101,0],"id":239453016686593,"type":106}
@nix {"action":"result","fields":[100,0],"id":239453016686593,"type":106}
@nix {"action":"result","fields":[95,96,0,0],"id":239453016686594,"type":105}
@nix {"action":"result","fields":[0,0,0,0],"id":239453016686595,"type":105}
@nix {"action":"result","fields":[101,0],"id":239453016686593,"type":106}
@nix {"action":"result","fields":[100,0],"id":239453016686593,"type":106}
@nix {"action":"stop","id":239453016686690}
@nix {"action":"stop","id":239453016686595}
@nix {"action":"stop","id":239453016686594}
@nix {"action":"stop","id":239453016686593}
