{"chunks":64,"concurrency":1,"correctness":"frame length and complete roundtrip for every indexed chunk","flavor":"random","longest_poll_ns":16623,"ready_task_gap_ns":143663,"ready_task_polls":61,"repetition":0,"schema":"casita.compression-handoff.v1","size":1024,"variant":"blocking","wall_ns":1171865,"workers":1}
{"chunks":64,"concurrency":1,"correctness":"frame length and complete roundtrip for every indexed chunk","flavor":"random","longest_poll_ns":264768,"ready_task_gap_ns":274266,"ready_task_polls":2,"repetition":0,"schema":"casita.compression-handoff.v1","size":1024,"variant":"inline","wall_ns":283764,"workers":1}
{"chunks":64,"concurrency":1,"correctness":"frame length and complete roundtrip for every indexed chunk","flavor":"random","longest_poll_ns":14247,"ready_task_gap_ns":27308,"ready_task_polls":66,"repetition":0,"schema":"casita.compression-handoff.v1","size":1024,"variant":"inline_4k_yield","wall_ns":872665,"workers":1}
{"chunks":64,"concurrency":1,"correctness":"frame length and complete roundtrip for every indexed chunk","flavor":"random","longest_poll_ns":41555,"ready_task_gap_ns":55803,"ready_task_polls":66,"repetition":1,"schema":"casita.compression-handoff.v1","size":1024,"variant":"inline_4k_yield","wall_ns":885725,"workers":1}
{"chunks":64,"concurrency":1,"correctness":"frame length and complete roundtrip for every indexed chunk","flavor":"random","longest_poll_ns":135352,"ready_task_gap_ns":143663,"ready_task_polls":2,"repetition":1,"schema":"casita.compression-handoff.v1","size":1024,"variant":"inline","wall_ns":144851,"workers":1}
{"chunks":64,"concurrency":1,"correctness":"frame length and complete roundtrip for every indexed chunk","flavor":"random","longest_poll_ns":9499,"ready_task_gap_ns":18997,"ready_task_polls":83,"repetition":1,"schema":"casita.compression-handoff.v1","size":1024,"variant":"blocking","wall_ns":867916,"workers":1}
{"chunks":64,"concurrency":1,"correctness":"frame length and complete roundtrip for every indexed chunk","flavor":"random","longest_poll_ns":8311,"ready_task_gap_ns":36807,"ready_task_polls":65,"repetition":2,"schema":"casita.compression-handoff.v1","size":1024,"variant":"blocking","wall_ns":791929,"workers":1}
{"chunks":64,"concurrency":1,"correctness":"frame length and complete roundtrip for every indexed chunk","flavor":"random","longest_poll_ns":136539,"ready_task_gap_ns":143663,"ready_task_polls":2,"repetition":2,"schema":"casita.compression-handoff.v1","size":1024,"variant":"inline","wall_ns":143664,"workers":1}
{"chunks":64,"concurrency":1,"correctness":"frame length and complete roundtrip for every indexed chunk","flavor":"random","longest_poll_ns":26120,"ready_task_gap_ns":54616,"ready_task_polls":66,"repetition":2,"schema":"casita.compression-handoff.v1","size":1024,"variant":"inline_4k_yield","wall_ns":1627787,"workers":1}
{"chunks":64,"concurrency":1,"correctness":"frame length and complete roundtrip for every indexed chunk","flavor":"random","longest_poll_ns":14248,"ready_task_gap_ns":28495,"ready_task_polls":66,"repetition":3,"schema":"casita.compression-handoff.v1","size":1024,"variant":"inline_4k_yield","wall_ns":880976,"workers":1}
{"chunks":64,"concurrency":1,"correctness":"frame length and complete roundtrip for every indexed chunk","flavor":"random","longest_poll_ns":162660,"ready_task_gap_ns":172158,"ready_task_polls":2,"repetition":3,"schema":"casita.compression-handoff.v1","size":1024,"variant":"inline","wall_ns":172158,"workers":1}
{"chunks":64,"concurrency":1,"correctness":"frame length and complete roundtrip for every indexed chunk","flavor":"random","longest_poll_ns":7123,"ready_task_gap_ns":24933,"ready_task_polls":68,"repetition":3,"schema":"casita.compression-handoff.v1","size":1024,"variant":"blocking","wall_ns":829922,"workers":1}
Testing compression_handoff/workers-1/random/1024/1/blocking
Success
Testing compression_handoff/workers-1/random/1024/1/inline
Success
Testing compression_handoff/workers-1/random/1024/1/inline_4k_yield
Success
{"chunks":64,"concurrency":16,"correctness":"frame length and complete roundtrip for every indexed chunk","flavor":"random","longest_poll_ns":383498,"ready_task_gap_ns":489168,"ready_task_polls":5,"repetition":0,"schema":"casita.compression-handoff.v1","size":1024,"variant":"blocking","wall_ns":512913,"workers":1}
{"chunks":64,"concurrency":16,"correctness":"frame length and complete roundtrip for every indexed chunk","flavor":"random","longest_poll_ns":246958,"ready_task_gap_ns":258832,"ready_task_polls":2,"repetition":0,"schema":"casita.compression-handoff.v1","size":1024,"variant":"inline","wall_ns":258831,"workers":1}
{"chunks":64,"concurrency":16,"correctness":"frame length and complete roundtrip for every indexed chunk","flavor":"random","longest_poll_ns":59365,"ready_task_gap_ns":90235,"ready_task_polls":6,"repetition":0,"schema":"casita.compression-handoff.v1","size":1024,"variant":"inline_4k_yield","wall_ns":235086,"workers":1}
{"chunks":64,"concurrency":16,"correctness":"frame length and complete roundtrip for every indexed chunk","flavor":"random","longest_poll_ns":47492,"ready_task_gap_ns":87860,"ready_task_polls":6,"repetition":1,"schema":"casita.compression-handoff.v1","size":1024,"variant":"inline_4k_yield","wall_ns":217276,"workers":1}
{"chunks":64,"concurrency":16,"correctness":"frame length and complete roundtrip for every indexed chunk","flavor":"random","longest_poll_ns":136540,"ready_task_gap_ns":144850,"ready_task_polls":2,"repetition":1,"schema":"casita.compression-handoff.v1","size":1024,"variant":"inline","wall_ns":144851,"workers":1}
{"chunks":64,"concurrency":16,"correctness":"frame length and complete roundtrip for every indexed chunk","flavor":"random","longest_poll_ns":148413,"ready_task_gap_ns":161473,"ready_task_polls":48,"repetition":1,"schema":"casita.compression-handoff.v1","size":1024,"variant":"blocking","wall_ns":647078,"workers":1}
{"chunks":64,"concurrency":16,"correctness":"frame length and complete roundtrip for every indexed chunk","flavor":"random","longest_poll_ns":180469,"ready_task_gap_ns":325320,"ready_task_polls":5,"repetition":2,"schema":"casita.compression-handoff.v1","size":1024,"variant":"blocking","wall_ns":353815,"workers":1}
{"chunks":64,"concurrency":16,"correctness":"frame length and complete roundtrip for every indexed chunk","flavor":"random","longest_poll_ns":153162,"ready_task_gap_ns":162659,"ready_task_polls":2,"repetition":2,"schema":"casita.compression-handoff.v1","size":1024,"variant":"inline","wall_ns":163847,"workers":1}
{"chunks":64,"concurrency":16,"correctness":"frame length and complete roundtrip for every indexed chunk","flavor":"random","longest_poll_ns":55803,"ready_task_gap_ns":105670,"ready_task_polls":6,"repetition":2,"schema":"casita.compression-handoff.v1","size":1024,"variant":"inline_4k_yield","wall_ns":243397,"workers":1}
{"chunks":64,"concurrency":16,"correctness":"frame length and complete roundtrip for every indexed chunk","flavor":"random","longest_poll_ns":45117,"ready_task_gap_ns":87860,"ready_task_polls":6,"repetition":3,"schema":"casita.compression-handoff.v1","size":1024,"variant":"inline_4k_yield","wall_ns":213714,"workers":1}
{"chunks":64,"concurrency":16,"correctness":"frame length and complete roundtrip for every indexed chunk","flavor":"random","longest_poll_ns":136539,"ready_task_gap_ns":144851,"ready_task_polls":2,"repetition":3,"schema":"casita.compression-handoff.v1","size":1024,"variant":"inline","wall_ns":146038,"workers":1}
{"chunks":64,"concurrency":16,"correctness":"frame length and complete roundtrip for every indexed chunk","flavor":"random","longest_poll_ns":318196,"ready_task_gap_ns":391809,"ready_task_polls":7,"repetition":3,"schema":"casita.compression-handoff.v1","size":1024,"variant":"blocking","wall_ns":433364,"workers":1}
Testing compression_handoff/workers-1/random/1024/16/blocking
Success
Testing compression_handoff/workers-1/random/1024/16/inline
Success
Testing compression_handoff/workers-1/random/1024/16/inline_4k_yield
Success
{"chunks":64,"concurrency":1,"correctness":"frame length and complete roundtrip for every indexed chunk","flavor":"text","longest_poll_ns":47492,"ready_task_gap_ns":60552,"ready_task_polls":724,"repetition":0,"schema":"casita.compression-handoff.v1","size":1024,"variant":"blocking","wall_ns":4419127,"workers":1}
{"chunks":64,"concurrency":1,"correctness":"frame length and complete roundtrip for every indexed chunk","flavor":"text","longest_poll_ns":233898,"ready_task_gap_ns":245771,"ready_task_polls":2,"repetition":0,"schema":"casita.compression-handoff.v1","size":1024,"variant":"inline","wall_ns":245771,"workers":1}
{"chunks":64,"concurrency":1,"correctness":"frame length and complete roundtrip for every indexed chunk","flavor":"text","longest_poll_ns":34432,"ready_task_gap_ns":91422,"ready_task_polls":66,"repetition":0,"schema":"casita.compression-handoff.v1","size":1024,"variant":"inline_4k_yield","wall_ns":1100626,"workers":1}
{"chunks":64,"concurrency":1,"correctness":"frame length and complete roundtrip for every indexed chunk","flavor":"text","longest_poll_ns":14248,"ready_task_gap_ns":30870,"ready_task_polls":66,"repetition":1,"schema":"casita.compression-handoff.v1","size":1024,"variant":"inline_4k_yield","wall_ns":985458,"workers":1}
{"chunks":64,"concurrency":1,"correctness":"frame length and complete roundtrip for every indexed chunk","flavor":"text","longest_poll_ns":246959,"ready_task_gap_ns":257644,"ready_task_polls":2,"repetition":1,"schema":"casita.compression-handoff.v1","size":1024,"variant":"inline","wall_ns":257643,"workers":1}
{"chunks":64,"concurrency":1,"correctness":"frame length and complete roundtrip for every indexed chunk","flavor":"text","longest_poll_ns":17810,"ready_task_gap_ns":29682,"ready_task_polls":289,"repetition":1,"schema":"casita.compression-handoff.v1","size":1024,"variant":"blocking","wall_ns":2168008,"workers":1}
{"chunks":64,"concurrency":1,"correctness":"frame length and complete roundtrip for every indexed chunk","flavor":"text","longest_poll_ns":11873,"ready_task_gap_ns":26121,"ready_task_polls":237,"repetition":2,"schema":"casita.compression-handoff.v1","size":1024,"variant":"blocking","wall_ns":1722771,"workers":1}
{"chunks":64,"concurrency":1,"correctness":"frame length and complete roundtrip for every indexed chunk","flavor":"text","longest_poll_ns":227961,"ready_task_gap_ns":236273,"ready_task_polls":2,"repetition":2,"schema":"casita.compression-handoff.v1","size":1024,"variant":"inline","wall_ns":237459,"workers":1}
{"chunks":64,"concurrency":1,"correctness":"frame length and complete roundtrip for every indexed chunk","flavor":"text","longest_poll_ns":15435,"ready_task_gap_ns":33245,"ready_task_polls":66,"repetition":2,"schema":"casita.compression-handoff.v1","size":1024,"variant":"inline_4k_yield","wall_ns":981896,"workers":1}
{"chunks":64,"concurrency":1,"correctness":"frame length and complete roundtrip for every indexed chunk","flavor":"text","longest_poll_ns":14248,"ready_task_gap_ns":29683,"ready_task_polls":66,"repetition":3,"schema":"casita.compression-handoff.v1","size":1024,"variant":"inline_4k_yield","wall_ns":975960,"workers":1}
{"chunks":64,"concurrency":1,"correctness":"frame length and complete roundtrip for every indexed chunk","flavor":"text","longest_poll_ns":506977,"ready_task_gap_ns":530723,"ready_task_polls":2,"repetition":3,"schema":"casita.compression-handoff.v1","size":1024,"variant":"inline","wall_ns":531910,"workers":1}
{"chunks":64,"concurrency":1,"correctness":"frame length and complete roundtrip for every indexed chunk","flavor":"text","longest_poll_ns":32057,"ready_task_gap_ns":72425,"ready_task_polls":211,"repetition":3,"schema":"casita.compression-handoff.v1","size":1024,"variant":"blocking","wall_ns":1792822,"workers":1}
Testing compression_handoff/workers-1/text/1024/1/blocking
Success
Testing compression_handoff/workers-1/text/1024/1/inline
Success
Testing compression_handoff/workers-1/text/1024/1/inline_4k_yield
Success
{"chunks":64,"concurrency":16,"correctness":"frame length and complete roundtrip for every indexed chunk","flavor":"text","longest_poll_ns":299199,"ready_task_gap_ns":379936,"ready_task_polls":12,"repetition":0,"schema":"casita.compression-handoff.v1","size":1024,"variant":"blocking","wall_ns":441675,"workers":1}
{"chunks":64,"concurrency":16,"correctness":"frame length and complete roundtrip for every indexed chunk","flavor":"text","longest_poll_ns":225587,"ready_task_gap_ns":233898,"ready_task_polls":2,"repetition":0,"schema":"casita.compression-handoff.v1","size":1024,"variant":"inline","wall_ns":235085,"workers":1}
{"chunks":64,"concurrency":16,"correctness":"frame length and complete roundtrip for every indexed chunk","flavor":"text","longest_poll_ns":59365,"ready_task_gap_ns":124666,"ready_task_polls":6,"repetition":0,"schema":"casita.compression-handoff.v1","size":1024,"variant":"inline_4k_yield","wall_ns":274266,"workers":1}
{"chunks":64,"concurrency":16,"correctness":"frame length and complete roundtrip for every indexed chunk","flavor":"text","longest_poll_ns":77174,"ready_task_gap_ns":159098,"ready_task_polls":6,"repetition":1,"schema":"casita.compression-handoff.v1","size":1024,"variant":"inline_4k_yield","wall_ns":331257,"workers":1}
{"chunks":64,"concurrency":16,"correctness":"frame length and complete roundtrip for every indexed chunk","flavor":"text","longest_poll_ns":211339,"ready_task_gap_ns":219650,"ready_task_polls":2,"repetition":1,"schema":"casita.compression-handoff.v1","size":1024,"variant":"inline","wall_ns":219651,"workers":1}
{"chunks":64,"concurrency":16,"correctness":"frame length and complete roundtrip for every indexed chunk","flavor":"text","longest_poll_ns":404868,"ready_task_gap_ns":411993,"ready_task_polls":2,"repetition":1,"schema":"casita.compression-handoff.v1","size":1024,"variant":"blocking","wall_ns":413180,"workers":1}
{"chunks":64,"concurrency":16,"correctness":"frame length and complete roundtrip for every indexed chunk","flavor":"text","longest_poll_ns":235085,"ready_task_gap_ns":301574,"ready_task_polls":13,"repetition":2,"schema":"casita.compression-handoff.v1","size":1024,"variant":"blocking","wall_ns":370437,"workers":1}
{"chunks":64,"concurrency":16,"correctness":"frame length and complete roundtrip for every indexed chunk","flavor":"text","longest_poll_ns":280203,"ready_task_gap_ns":290889,"ready_task_polls":2,"repetition":2,"schema":"casita.compression-handoff.v1","size":1024,"variant":"inline","wall_ns":289701,"workers":1}
{"chunks":64,"concurrency":16,"correctness":"frame length and complete roundtrip for every indexed chunk","flavor":"text","longest_poll_ns":70051,"ready_task_gap_ns":144850,"ready_task_polls":6,"repetition":2,"schema":"casita.compression-handoff.v1","size":1024,"variant":"inline_4k_yield","wall_ns":322946,"workers":1}
{"chunks":64,"concurrency":16,"correctness":"frame length and complete roundtrip for every indexed chunk","flavor":"text","longest_poll_ns":81923,"ready_task_gap_ns":147225,"ready_task_polls":6,"repetition":3,"schema":"casita.compression-handoff.v1","size":1024,"variant":"inline_4k_yield","wall_ns":339567,"workers":1}
{"chunks":64,"concurrency":16,"correctness":"frame length and complete roundtrip for every indexed chunk","flavor":"text","longest_poll_ns":231524,"ready_task_gap_ns":241021,"ready_task_polls":2,"repetition":3,"schema":"casita.compression-handoff.v1","size":1024,"variant":"inline","wall_ns":242209,"workers":1}
{"chunks":64,"concurrency":16,"correctness":"frame length and complete roundtrip for every indexed chunk","flavor":"text","longest_poll_ns":303949,"ready_task_gap_ns":400120,"ready_task_polls":4,"repetition":3,"schema":"casita.compression-handoff.v1","size":1024,"variant":"blocking","wall_ns":415555,"workers":1}
Testing compression_handoff/workers-1/text/1024/16/blocking
Success
Testing compression_handoff/workers-1/text/1024/16/inline
Success
Testing compression_handoff/workers-1/text/1024/16/inline_4k_yield
Success
{"chunks":64,"concurrency":1,"correctness":"frame length and complete roundtrip for every indexed chunk","flavor":"random","longest_poll_ns":17809,"ready_task_gap_ns":28495,"ready_task_polls":479,"repetition":0,"schema":"casita.compression-handoff.v1","size":4095,"variant":"blocking","wall_ns":3014552,"workers":1}
{"chunks":64,"concurrency":1,"correctness":"frame length and complete roundtrip for every indexed chunk","flavor":"random","longest_poll_ns":293263,"ready_task_gap_ns":303949,"ready_task_polls":2,"repetition":0,"schema":"casita.compression-handoff.v1","size":4095,"variant":"inline","wall_ns":305135,"workers":1}
{"chunks":64,"concurrency":1,"correctness":"frame length and complete roundtrip for every indexed chunk","flavor":"random","longest_poll_ns":10685,"ready_task_gap_ns":29682,"ready_task_polls":66,"repetition":0,"schema":"casita.compression-handoff.v1","size":4095,"variant":"inline_4k_yield","wall_ns":1002080,"workers":1}
{"chunks":64,"concurrency":1,"correctness":"frame length and complete roundtrip for every indexed chunk","flavor":"random","longest_poll_ns":8311,"ready_task_gap_ns":34431,"ready_task_polls":66,"repetition":1,"schema":"casita.compression-handoff.v1","size":4095,"variant":"inline_4k_yield","wall_ns":1024639,"workers":1}
{"chunks":64,"concurrency":1,"correctness":"frame length and complete roundtrip for every indexed chunk","flavor":"random","longest_poll_ns":261205,"ready_task_gap_ns":271892,"ready_task_polls":2,"repetition":1,"schema":"casita.compression-handoff.v1","size":4095,"variant":"inline","wall_ns":271892,"workers":1}
{"chunks":64,"concurrency":1,"correctness":"frame length and complete roundtrip for every indexed chunk","flavor":"random","longest_poll_ns":23746,"ready_task_gap_ns":71238,"ready_task_polls":1147,"repetition":1,"schema":"casita.compression-handoff.v1","size":4095,"variant":"blocking","wall_ns":7160600,"workers":1}
{"chunks":64,"concurrency":1,"correctness":"frame length and complete roundtrip for every indexed chunk","flavor":"random","longest_poll_ns":5937,"ready_task_gap_ns":26120,"ready_task_polls":502,"repetition":2,"schema":"casita.compression-handoff.v1","size":4095,"variant":"blocking","wall_ns":2836457,"workers":1}
{"chunks":64,"concurrency":1,"correctness":"frame length and complete roundtrip for every indexed chunk","flavor":"random","longest_poll_ns":277828,"ready_task_gap_ns":287326,"ready_task_polls":2,"repetition":2,"schema":"casita.compression-handoff.v1","size":4095,"variant":"inline","wall_ns":288513,"workers":1}
{"chunks":64,"concurrency":1,"correctness":"frame length and complete roundtrip for every indexed chunk","flavor":"random","longest_poll_ns":9499,"ready_task_gap_ns":23746,"ready_task_polls":66,"repetition":2,"schema":"casita.compression-handoff.v1","size":4095,"variant":"inline_4k_yield","wall_ns":989020,"workers":1}
{"chunks":64,"concurrency":1,"correctness":"frame length and complete roundtrip for every indexed chunk","flavor":"random","longest_poll_ns":10686,"ready_task_gap_ns":36806,"ready_task_polls":66,"repetition":3,"schema":"casita.compression-handoff.v1","size":4095,"variant":"inline_4k_yield","wall_ns":1010392,"workers":1}
{"chunks":64,"concurrency":1,"correctness":"frame length and complete roundtrip for every indexed chunk","flavor":"random","longest_poll_ns":261206,"ready_task_gap_ns":271892,"ready_task_polls":2,"repetition":3,"schema":"casita.compression-handoff.v1","size":4095,"variant":"inline","wall_ns":271892,"workers":1}
{"chunks":64,"concurrency":1,"correctness":"frame length and complete roundtrip for every indexed chunk","flavor":"random","longest_poll_ns":16622,"ready_task_gap_ns":26121,"ready_task_polls":485,"repetition":3,"schema":"casita.compression-handoff.v1","size":4095,"variant":"blocking","wall_ns":3028800,"workers":1}
Testing compression_handoff/workers-1/random/4095/1/blocking
Success
Testing compression_handoff/workers-1/random/4095/1/inline
Success
Testing compression_handoff/workers-1/random/4095/1/inline_4k_yield
Success
{"chunks":64,"concurrency":16,"correctness":"frame length and complete roundtrip for every indexed chunk","flavor":"random","longest_poll_ns":231523,"ready_task_gap_ns":242209,"ready_task_polls":13,"repetition":0,"schema":"casita.compression-handoff.v1","size":4095,"variant":"blocking","wall_ns":422679,"workers":1}
{"chunks":64,"concurrency":16,"correctness":"frame length and complete roundtrip for every indexed chunk","flavor":"random","longest_poll_ns":262393,"ready_task_gap_ns":270704,"ready_task_polls":2,"repetition":0,"schema":"casita.compression-handoff.v1","size":4095,"variant":"inline","wall_ns":270705,"workers":1}
{"chunks":64,"concurrency":16,"correctness":"frame length and complete roundtrip for every indexed chunk","flavor":"random","longest_poll_ns":71238,"ready_task_gap_ns":141288,"ready_task_polls":6,"repetition":0,"schema":"casita.compression-handoff.v1","size":4095,"variant":"inline_4k_yield","wall_ns":319383,"workers":1}
{"chunks":64,"concurrency":16,"correctness":"frame length and complete roundtrip for every indexed chunk","flavor":"random","longest_poll_ns":83110,"ready_task_gap_ns":143663,"ready_task_polls":6,"repetition":1,"schema":"casita.compression-handoff.v1","size":4095,"variant":"inline_4k_yield","wall_ns":333631,"workers":1}
{"chunks":64,"concurrency":16,"correctness":"frame length and complete roundtrip for every indexed chunk","flavor":"random","longest_poll_ns":249333,"ready_task_gap_ns":258831,"ready_task_polls":2,"repetition":1,"schema":"casita.compression-handoff.v1","size":4095,"variant":"inline","wall_ns":258831,"workers":1}
{"chunks":64,"concurrency":16,"correctness":"frame length and complete roundtrip for every indexed chunk","flavor":"random","longest_poll_ns":326507,"ready_task_gap_ns":425053,"ready_task_polls":7,"repetition":1,"schema":"casita.compression-handoff.v1","size":4095,"variant":"blocking","wall_ns":463046,"workers":1}
{"chunks":64,"concurrency":16,"correctness":"frame length and complete roundtrip for every indexed chunk","flavor":"random","longest_poll_ns":256456,"ready_task_gap_ns":268329,"ready_task_polls":8,"repetition":2,"schema":"casita.compression-handoff.v1","size":4095,"variant":"blocking","wall_ns":347879,"workers":1}
{"chunks":64,"concurrency":16,"correctness":"frame length and complete roundtrip for every indexed chunk","flavor":"random","longest_poll_ns":303949,"ready_task_gap_ns":313447,"ready_task_polls":2,"repetition":2,"schema":"casita.compression-handoff.v1","size":4095,"variant":"inline","wall_ns":312260,"workers":1}
{"chunks":64,"concurrency":16,"correctness":"frame length and complete roundtrip for every indexed chunk","flavor":"random","longest_poll_ns":74800,"ready_task_gap_ns":155536,"ready_task_polls":6,"repetition":2,"schema":"casita.compression-handoff.v1","size":4095,"variant":"inline_4k_yield","wall_ns":333631,"workers":1}
{"chunks":64,"concurrency":16,"correctness":"frame length and complete roundtrip for every indexed chunk","flavor":"random","longest_poll_ns":83111,"ready_task_gap_ns":174533,"ready_task_polls":6,"repetition":3,"schema":"casita.compression-handoff.v1","size":4095,"variant":"inline_4k_yield","wall_ns":377561,"workers":1}
{"chunks":64,"concurrency":16,"correctness":"frame length and complete roundtrip for every indexed chunk","flavor":"random","longest_poll_ns":334818,"ready_task_gap_ns":345504,"ready_task_polls":2,"repetition":3,"schema":"casita.compression-handoff.v1","size":4095,"variant":"inline","wall_ns":344316,"workers":1}
{"chunks":64,"concurrency":16,"correctness":"frame length and complete roundtrip for every indexed chunk","flavor":"random","longest_poll_ns":292076,"ready_task_gap_ns":365688,"ready_task_polls":8,"repetition":3,"schema":"casita.compression-handoff.v1","size":4095,"variant":"blocking","wall_ns":423866,"workers":1}
Testing compression_handoff/workers-1/random/4095/16/blocking
Success
Testing compression_handoff/workers-1/random/4095/16/inline
Success
Testing compression_handoff/workers-1/random/4095/16/inline_4k_yield
Success
{"chunks":64,"concurrency":1,"correctness":"frame length and complete roundtrip for every indexed chunk","flavor":"text","longest_poll_ns":5937,"ready_task_gap_ns":18997,"ready_task_polls":322,"repetition":0,"schema":"casita.compression-handoff.v1","size":4095,"variant":"blocking","wall_ns":2270116,"workers":1}
{"chunks":64,"concurrency":1,"correctness":"frame length and complete roundtrip for every indexed chunk","flavor":"text","longest_poll_ns":525974,"ready_task_gap_ns":536659,"ready_task_polls":2,"repetition":0,"schema":"casita.compression-handoff.v1","size":4095,"variant":"inline","wall_ns":536659,"workers":1}
{"chunks":64,"concurrency":1,"correctness":"frame length and complete roundtrip for every indexed chunk","flavor":"text","longest_poll_ns":71238,"ready_task_gap_ns":104482,"ready_task_polls":66,"repetition":0,"schema":"casita.compression-handoff.v1","size":4095,"variant":"inline_4k_yield","wall_ns":1811818,"workers":1}
{"chunks":64,"concurrency":1,"correctness":"frame length and complete roundtrip for every indexed chunk","flavor":"text","longest_poll_ns":26120,"ready_task_gap_ns":60552,"ready_task_polls":66,"repetition":1,"schema":"casita.compression-handoff.v1","size":4095,"variant":"inline_4k_yield","wall_ns":1277534,"workers":1}
{"chunks":64,"concurrency":1,"correctness":"frame length and complete roundtrip for every indexed chunk","flavor":"text","longest_poll_ns":340755,"ready_task_gap_ns":350253,"ready_task_polls":2,"repetition":1,"schema":"casita.compression-handoff.v1","size":4095,"variant":"inline","wall_ns":349066,"workers":1}
{"chunks":64,"concurrency":1,"correctness":"frame length and complete roundtrip for every indexed chunk","flavor":"text","longest_poll_ns":23746,"ready_task_gap_ns":34431,"ready_task_polls":410,"repetition":1,"schema":"casita.compression-handoff.v1","size":4095,"variant":"blocking","wall_ns":2699918,"workers":1}
{"chunks":64,"concurrency":1,"correctness":"frame length and complete roundtrip for every indexed chunk","flavor":"text","longest_poll_ns":16622,"ready_task_gap_ns":28495,"ready_task_polls":356,"repetition":2,"schema":"casita.compression-handoff.v1","size":4095,"variant":"blocking","wall_ns":2298611,"workers":1}
{"chunks":64,"concurrency":1,"correctness":"frame length and complete roundtrip for every indexed chunk","flavor":"text","longest_poll_ns":362126,"ready_task_gap_ns":372811,"ready_task_polls":2,"repetition":2,"schema":"casita.compression-handoff.v1","size":4095,"variant":"inline","wall_ns":371625,"workers":1}
{"chunks":64,"concurrency":1,"correctness":"frame length and complete roundtrip for every indexed chunk","flavor":"text","longest_poll_ns":18997,"ready_task_gap_ns":36806,"ready_task_polls":66,"repetition":2,"schema":"casita.compression-handoff.v1","size":4095,"variant":"inline_4k_yield","wall_ns":1089940,"workers":1}
{"chunks":64,"concurrency":1,"correctness":"frame length and complete roundtrip for every indexed chunk","flavor":"text","longest_poll_ns":9499,"ready_task_gap_ns":40368,"ready_task_polls":66,"repetition":3,"schema":"casita.compression-handoff.v1","size":4095,"variant":"inline_4k_yield","wall_ns":1151680,"workers":1}
{"chunks":64,"concurrency":1,"correctness":"frame length and complete roundtrip for every indexed chunk","flavor":"text","longest_poll_ns":319384,"ready_task_gap_ns":328881,"ready_task_polls":2,"repetition":3,"schema":"casita.compression-handoff.v1","size":4095,"variant":"inline","wall_ns":328882,"workers":1}
{"chunks":64,"concurrency":1,"correctness":"frame length and complete roundtrip for every indexed chunk","flavor":"text","longest_poll_ns":5936,"ready_task_gap_ns":16622,"ready_task_polls":306,"repetition":3,"schema":"casita.compression-handoff.v1","size":4095,"variant":"blocking","wall_ns":1976853,"workers":1}
Testing compression_handoff/workers-1/text/4095/1/blocking
Success
Testing compression_handoff/workers-1/text/4095/1/inline
Success
Testing compression_handoff/workers-1/text/4095/1/inline_4k_yield
Success
{"chunks":64,"concurrency":16,"correctness":"frame length and complete roundtrip for every indexed chunk","flavor":"text","longest_poll_ns":286139,"ready_task_gap_ns":351441,"ready_task_polls":4,"repetition":0,"schema":"casita.compression-handoff.v1","size":4095,"variant":"blocking","wall_ns":366875,"workers":1}
{"chunks":64,"concurrency":16,"correctness":"frame length and complete roundtrip for every indexed chunk","flavor":"text","longest_poll_ns":328882,"ready_task_gap_ns":337193,"ready_task_polls":2,"repetition":0,"schema":"casita.compression-handoff.v1","size":4095,"variant":"inline","wall_ns":338380,"workers":1}
{"chunks":64,"concurrency":16,"correctness":"frame length and complete roundtrip for every indexed chunk","flavor":"text","longest_poll_ns":91422,"ready_task_gap_ns":187593,"ready_task_polls":6,"repetition":0,"schema":"casita.compression-handoff.v1","size":4095,"variant":"inline_4k_yield","wall_ns":391809,"workers":1}
{"chunks":64,"concurrency":16,"correctness":"frame length and complete roundtrip for every indexed chunk","flavor":"text","longest_poll_ns":94984,"ready_task_gap_ns":189968,"ready_task_polls":6,"repetition":1,"schema":"casita.compression-handoff.v1","size":4095,"variant":"inline_4k_yield","wall_ns":410805,"workers":1}
{"chunks":64,"concurrency":16,"correctness":"frame length and complete roundtrip for every indexed chunk","flavor":"text","longest_poll_ns":312259,"ready_task_gap_ns":322945,"ready_task_polls":2,"repetition":1,"schema":"casita.compression-handoff.v1","size":4095,"variant":"inline","wall_ns":321758,"workers":1}
{"chunks":64,"concurrency":16,"correctness":"frame length and complete roundtrip for every indexed chunk","flavor":"text","longest_poll_ns":302761,"ready_task_gap_ns":411993,"ready_task_polls":8,"repetition":1,"schema":"casita.compression-handoff.v1","size":4095,"variant":"blocking","wall_ns":459485,"workers":1}
{"chunks":64,"concurrency":16,"correctness":"frame length and complete roundtrip for every indexed chunk","flavor":"text","longest_poll_ns":258831,"ready_task_gap_ns":341942,"ready_task_polls":4,"repetition":2,"schema":"casita.compression-handoff.v1","size":4095,"variant":"blocking","wall_ns":358564,"workers":1}
{"chunks":64,"concurrency":16,"correctness":"frame length and complete roundtrip for every indexed chunk","flavor":"text","longest_poll_ns":371624,"ready_task_gap_ns":381123,"ready_task_polls":2,"repetition":2,"schema":"casita.compression-handoff.v1","size":4095,"variant":"inline","wall_ns":381123,"workers":1}
{"chunks":64,"concurrency":16,"correctness":"frame length and complete roundtrip for every indexed chunk","flavor":"text","longest_poll_ns":98545,"ready_task_gap_ns":199466,"ready_task_polls":6,"repetition":2,"schema":"casita.compression-handoff.v1","size":4095,"variant":"inline_4k_yield","wall_ns":433364,"workers":1}
{"chunks":64,"concurrency":16,"correctness":"frame length and complete roundtrip for every indexed chunk","flavor":"text","longest_poll_ns":98546,"ready_task_gap_ns":195905,"ready_task_polls":6,"repetition":3,"schema":"casita.compression-handoff.v1","size":4095,"variant":"inline_4k_yield","wall_ns":428615,"workers":1}
{"chunks":64,"concurrency":16,"correctness":"frame length and complete roundtrip for every indexed chunk","flavor":"text","longest_poll_ns":332444,"ready_task_gap_ns":341942,"ready_task_polls":2,"repetition":3,"schema":"casita.compression-handoff.v1","size":4095,"variant":"inline","wall_ns":343129,"workers":1}
{"chunks":64,"concurrency":16,"correctness":"frame length and complete roundtrip for every indexed chunk","flavor":"text","longest_poll_ns":334818,"ready_task_gap_ns":404869,"ready_task_polls":4,"repetition":3,"schema":"casita.compression-handoff.v1","size":4095,"variant":"blocking","wall_ns":420304,"workers":1}
Testing compression_handoff/workers-1/text/4095/16/blocking
Success
Testing compression_handoff/workers-1/text/4095/16/inline
Success
Testing compression_handoff/workers-1/text/4095/16/inline_4k_yield
Success
{"chunks":64,"concurrency":1,"correctness":"frame length and complete roundtrip for every indexed chunk","flavor":"random","longest_poll_ns":5937,"ready_task_gap_ns":21372,"ready_task_polls":582,"repetition":0,"schema":"casita.compression-handoff.v1","size":4096,"variant":"blocking","wall_ns":3580894,"workers":1}
{"chunks":64,"concurrency":1,"correctness":"frame length and complete roundtrip for every indexed chunk","flavor":"random","longest_poll_ns":281389,"ready_task_gap_ns":292076,"ready_task_polls":2,"repetition":0,"schema":"casita.compression-handoff.v1","size":4096,"variant":"inline","wall_ns":292075,"workers":1}
{"chunks":64,"concurrency":1,"correctness":"frame length and complete roundtrip for every indexed chunk","flavor":"random","longest_poll_ns":8311,"ready_task_gap_ns":23746,"ready_task_polls":66,"repetition":0,"schema":"casita.compression-handoff.v1","size":4096,"variant":"inline_4k_yield","wall_ns":997331,"workers":1}
{"chunks":64,"concurrency":1,"correctness":"frame length and complete roundtrip for every indexed chunk","flavor":"random","longest_poll_ns":16622,"ready_task_gap_ns":33245,"ready_task_polls":66,"repetition":1,"schema":"casita.compression-handoff.v1","size":4096,"variant":"inline_4k_yield","wall_ns":990207,"workers":1}
{"chunks":64,"concurrency":1,"correctness":"frame length and complete roundtrip for every indexed chunk","flavor":"random","longest_poll_ns":255269,"ready_task_gap_ns":264768,"ready_task_polls":2,"repetition":1,"schema":"casita.compression-handoff.v1","size":4096,"variant":"inline","wall_ns":264767,"workers":1}
{"chunks":64,"concurrency":1,"correctness":"frame length and complete roundtrip for every indexed chunk","flavor":"random","longest_poll_ns":13060,"ready_task_gap_ns":24934,"ready_task_polls":466,"repetition":1,"schema":"casita.compression-handoff.v1","size":4096,"variant":"blocking","wall_ns":2931442,"workers":1}
{"chunks":64,"concurrency":1,"correctness":"frame length and complete roundtrip for every indexed chunk","flavor":"random","longest_poll_ns":3562,"ready_task_gap_ns":17809,"ready_task_polls":430,"repetition":2,"schema":"casita.compression-handoff.v1","size":4096,"variant":"blocking","wall_ns":2501639,"workers":1}
{"chunks":64,"concurrency":1,"correctness":"frame length and complete roundtrip for every indexed chunk","flavor":"random","longest_poll_ns":282577,"ready_task_gap_ns":293263,"ready_task_polls":2,"repetition":2,"schema":"casita.compression-handoff.v1","size":4096,"variant":"inline","wall_ns":292075,"workers":1}
{"chunks":64,"concurrency":1,"correctness":"frame length and complete roundtrip for every indexed chunk","flavor":"random","longest_poll_ns":11873,"ready_task_gap_ns":34432,"ready_task_polls":66,"repetition":2,"schema":"casita.compression-handoff.v1","size":4096,"variant":"inline_4k_yield","wall_ns":1084004,"workers":1}
{"chunks":64,"concurrency":1,"correctness":"frame length and complete roundtrip for every indexed chunk","flavor":"random","longest_poll_ns":9499,"ready_task_gap_ns":34432,"ready_task_polls":66,"repetition":3,"schema":"casita.compression-handoff.v1","size":4096,"variant":"inline_4k_yield","wall_ns":1057884,"workers":1}
{"chunks":64,"concurrency":1,"correctness":"frame length and complete roundtrip for every indexed chunk","flavor":"random","longest_poll_ns":349066,"ready_task_gap_ns":357377,"ready_task_polls":2,"repetition":3,"schema":"casita.compression-handoff.v1","size":4096,"variant":"inline","wall_ns":358564,"workers":1}
{"chunks":64,"concurrency":1,"correctness":"frame length and complete roundtrip for every indexed chunk","flavor":"random","longest_poll_ns":5937,"ready_task_gap_ns":47492,"ready_task_polls":462,"repetition":3,"schema":"casita.compression-handoff.v1","size":4096,"variant":"blocking","wall_ns":2698731,"workers":1}
Testing compression_handoff/workers-1/random/4096/1/blocking
Success
Testing compression_handoff/workers-1/random/4096/1/inline
Success
Testing compression_handoff/workers-1/random/4096/1/inline_4k_yield
Success
{"chunks":64,"concurrency":16,"correctness":"frame length and complete roundtrip for every indexed chunk","flavor":"random","longest_poll_ns":273079,"ready_task_gap_ns":333631,"ready_task_polls":6,"repetition":0,"schema":"casita.compression-handoff.v1","size":4096,"variant":"blocking","wall_ns":372811,"workers":1}
{"chunks":64,"concurrency":16,"correctness":"frame length and complete roundtrip for every indexed chunk","flavor":"random","longest_poll_ns":311072,"ready_task_gap_ns":321758,"ready_task_polls":2,"repetition":0,"schema":"casita.compression-handoff.v1","size":4096,"variant":"inline","wall_ns":320571,"workers":1}
{"chunks":64,"concurrency":16,"correctness":"frame length and complete roundtrip for every indexed chunk","flavor":"random","longest_poll_ns":116355,"ready_task_gap_ns":208965,"ready_task_polls":6,"repetition":0,"schema":"casita.compression-handoff.v1","size":4096,"variant":"inline_4k_yield","wall_ns":400120,"workers":1}
{"chunks":64,"concurrency":16,"correctness":"frame length and complete roundtrip for every indexed chunk","flavor":"random","longest_poll_ns":93797,"ready_task_gap_ns":169784,"ready_task_polls":6,"repetition":1,"schema":"casita.compression-handoff.v1","size":4096,"variant":"inline_4k_yield","wall_ns":388246,"workers":1}
{"chunks":64,"concurrency":16,"correctness":"frame length and complete roundtrip for every indexed chunk","flavor":"random","longest_poll_ns":315822,"ready_task_gap_ns":325320,"ready_task_polls":2,"repetition":1,"schema":"casita.compression-handoff.v1","size":4096,"variant":"inline","wall_ns":325319,"workers":1}
{"chunks":64,"concurrency":16,"correctness":"frame length and complete roundtrip for every indexed chunk","flavor":"random","longest_poll_ns":306323,"ready_task_gap_ns":387060,"ready_task_polls":5,"repetition":1,"schema":"casita.compression-handoff.v1","size":4096,"variant":"blocking","wall_ns":408431,"workers":1}
{"chunks":64,"concurrency":16,"correctness":"frame length and complete roundtrip for every indexed chunk","flavor":"random","longest_poll_ns":289701,"ready_task_gap_ns":362127,"ready_task_polls":8,"repetition":2,"schema":"casita.compression-handoff.v1","size":4096,"variant":"blocking","wall_ns":402494,"workers":1}
{"chunks":64,"concurrency":16,"correctness":"frame length and complete roundtrip for every indexed chunk","flavor":"random","longest_poll_ns":274266,"ready_task_gap_ns":282577,"ready_task_polls":2,"repetition":2,"schema":"casita.compression-handoff.v1","size":4096,"variant":"inline","wall_ns":283765,"workers":1}
{"chunks":64,"concurrency":16,"correctness":"frame length and complete roundtrip for every indexed chunk","flavor":"random","longest_poll_ns":73612,"ready_task_gap_ns":151974,"ready_task_polls":6,"repetition":2,"schema":"casita.compression-handoff.v1","size":4096,"variant":"inline_4k_yield","wall_ns":338380,"workers":1}
{"chunks":64,"concurrency":16,"correctness":"frame length and complete roundtrip for every indexed chunk","flavor":"random","longest_poll_ns":112794,"ready_task_gap_ns":214901,"ready_task_polls":6,"repetition":3,"schema":"casita.compression-handoff.v1","size":4096,"variant":"inline_4k_yield","wall_ns":422679,"workers":1}
{"chunks":64,"concurrency":16,"correctness":"frame length and complete roundtrip for every indexed chunk","flavor":"random","longest_poll_ns":299200,"ready_task_gap_ns":311072,"ready_task_polls":2,"repetition":3,"schema":"casita.compression-handoff.v1","size":4096,"variant":"inline","wall_ns":311072,"workers":1}
{"chunks":64,"concurrency":16,"correctness":"frame length and complete roundtrip for every indexed chunk","flavor":"random","longest_poll_ns":343130,"ready_task_gap_ns":434551,"ready_task_polls":15,"repetition":3,"schema":"casita.compression-handoff.v1","size":4096,"variant":"blocking","wall_ns":517663,"workers":1}
Testing compression_handoff/workers-1/random/4096/16/blocking
Success
Testing compression_handoff/workers-1/random/4096/16/inline
Success
Testing compression_handoff/workers-1/random/4096/16/inline_4k_yield
Success
{"chunks":64,"concurrency":1,"correctness":"frame length and complete roundtrip for every indexed chunk","flavor":"text","longest_poll_ns":9499,"ready_task_gap_ns":32057,"ready_task_polls":315,"repetition":0,"schema":"casita.compression-handoff.v1","size":4096,"variant":"blocking","wall_ns":2296236,"workers":1}
{"chunks":64,"concurrency":1,"correctness":"frame length and complete roundtrip for every indexed chunk","flavor":"text","longest_poll_ns":355002,"ready_task_gap_ns":364501,"ready_task_polls":2,"repetition":0,"schema":"casita.compression-handoff.v1","size":4096,"variant":"inline","wall_ns":365688,"workers":1}
{"chunks":64,"concurrency":1,"correctness":"frame length and complete roundtrip for every indexed chunk","flavor":"text","longest_poll_ns":23746,"ready_task_gap_ns":41555,"ready_task_polls":66,"repetition":0,"schema":"casita.compression-handoff.v1","size":4096,"variant":"inline_4k_yield","wall_ns":1098252,"workers":1}
{"chunks":64,"concurrency":1,"correctness":"frame length and complete roundtrip for every indexed chunk","flavor":"text","longest_poll_ns":8311,"ready_task_gap_ns":26121,"ready_task_polls":66,"repetition":1,"schema":"casita.compression-handoff.v1","size":4096,"variant":"inline_4k_yield","wall_ns":1074505,"workers":1}
{"chunks":64,"concurrency":1,"correctness":"frame length and complete roundtrip for every indexed chunk","flavor":"text","longest_poll_ns":434552,"ready_task_gap_ns":445237,"ready_task_polls":2,"repetition":1,"schema":"casita.compression-handoff.v1","size":4096,"variant":"inline","wall_ns":444049,"workers":1}
{"chunks":64,"concurrency":1,"correctness":"frame length and complete roundtrip for every indexed chunk","flavor":"text","longest_poll_ns":16622,"ready_task_gap_ns":27308,"ready_task_polls":374,"repetition":1,"schema":"casita.compression-handoff.v1","size":4096,"variant":"blocking","wall_ns":2404281,"workers":1}
{"chunks":64,"concurrency":1,"correctness":"frame length and complete roundtrip for every indexed chunk","flavor":"text","longest_poll_ns":22559,"ready_task_gap_ns":62927,"ready_task_polls":319,"repetition":2,"schema":"casita.compression-handoff.v1","size":4096,"variant":"blocking","wall_ns":2111018,"workers":1}
{"chunks":64,"concurrency":1,"correctness":"frame length and complete roundtrip for every indexed chunk","flavor":"text","longest_poll_ns":366876,"ready_task_gap_ns":377561,"ready_task_polls":2,"repetition":2,"schema":"casita.compression-handoff.v1","size":4096,"variant":"inline","wall_ns":377561,"workers":1}
{"chunks":64,"concurrency":1,"correctness":"frame length and complete roundtrip for every indexed chunk","flavor":"text","longest_poll_ns":18997,"ready_task_gap_ns":35619,"ready_task_polls":66,"repetition":2,"schema":"casita.compression-handoff.v1","size":4096,"variant":"inline_4k_yield","wall_ns":1130309,"workers":1}
{"chunks":64,"concurrency":1,"correctness":"frame length and complete roundtrip for every indexed chunk","flavor":"text","longest_poll_ns":16622,"ready_task_gap_ns":34432,"ready_task_polls":66,"repetition":3,"schema":"casita.compression-handoff.v1","size":4096,"variant":"inline_4k_yield","wall_ns":1072131,"workers":1}
{"chunks":64,"concurrency":1,"correctness":"frame length and complete roundtrip for every indexed chunk","flavor":"text","longest_poll_ns":371624,"ready_task_gap_ns":382310,"ready_task_polls":2,"repetition":3,"schema":"casita.compression-handoff.v1","size":4096,"variant":"inline","wall_ns":382310,"workers":1}
{"chunks":64,"concurrency":1,"correctness":"frame length and complete roundtrip for every indexed chunk","flavor":"text","longest_poll_ns":7123,"ready_task_gap_ns":16622,"ready_task_polls":357,"repetition":3,"schema":"casita.compression-handoff.v1","size":4096,"variant":"blocking","wall_ns":2183443,"workers":1}
Testing compression_handoff/workers-1/text/4096/1/blocking
Success
Testing compression_handoff/workers-1/text/4096/1/inline
Success
Testing compression_handoff/workers-1/text/4096/1/inline_4k_yield
Success
{"chunks":64,"concurrency":16,"correctness":"frame length and complete roundtrip for every indexed chunk","flavor":"text","longest_poll_ns":258832,"ready_task_gap_ns":332444,"ready_task_polls":6,"repetition":0,"schema":"casita.compression-handoff.v1","size":4096,"variant":"blocking","wall_ns":356190,"workers":1}
{"chunks":64,"concurrency":16,"correctness":"frame length and complete roundtrip for every indexed chunk","flavor":"text","longest_poll_ns":343130,"ready_task_gap_ns":352628,"ready_task_polls":2,"repetition":0,"schema":"casita.compression-handoff.v1","size":4096,"variant":"inline","wall_ns":352628,"workers":1}
{"chunks":64,"concurrency":16,"correctness":"frame length and complete roundtrip for every indexed chunk","flavor":"text","longest_poll_ns":106856,"ready_task_gap_ns":187593,"ready_task_polls":6,"repetition":0,"schema":"casita.compression-handoff.v1","size":4096,"variant":"inline_4k_yield","wall_ns":423866,"workers":1}
{"chunks":64,"concurrency":16,"correctness":"frame length and complete roundtrip for every indexed chunk","flavor":"text","longest_poll_ns":109232,"ready_task_gap_ns":182844,"ready_task_polls":6,"repetition":1,"schema":"casita.compression-handoff.v1","size":4096,"variant":"inline_4k_yield","wall_ns":432177,"workers":1}
{"chunks":64,"concurrency":16,"correctness":"frame length and complete roundtrip for every indexed chunk","flavor":"text","longest_poll_ns":324133,"ready_task_gap_ns":333631,"ready_task_polls":2,"repetition":1,"schema":"casita.compression-handoff.v1","size":4096,"variant":"inline","wall_ns":333631,"workers":1}
{"chunks":64,"concurrency":16,"correctness":"frame length and complete roundtrip for every indexed chunk","flavor":"text","longest_poll_ns":293263,"ready_task_gap_ns":392996,"ready_task_polls":10,"repetition":1,"schema":"casita.compression-handoff.v1","size":4096,"variant":"blocking","wall_ns":445237,"workers":1}
{"chunks":64,"concurrency":16,"correctness":"frame length and complete roundtrip for every indexed chunk","flavor":"text","longest_poll_ns":238647,"ready_task_gap_ns":300386,"ready_task_polls":3,"repetition":2,"schema":"casita.compression-handoff.v1","size":4096,"variant":"blocking","wall_ns":313447,"workers":1}
{"chunks":64,"concurrency":16,"correctness":"frame length and complete roundtrip for every indexed chunk","flavor":"text","longest_poll_ns":341942,"ready_task_gap_ns":351441,"ready_task_polls":2,"repetition":2,"schema":"casita.compression-handoff.v1","size":4096,"variant":"inline","wall_ns":351440,"workers":1}
{"chunks":64,"concurrency":16,"correctness":"frame length and complete roundtrip for every indexed chunk","flavor":"text","longest_poll_ns":137727,"ready_task_gap_ns":186406,"ready_task_polls":6,"repetition":2,"schema":"casita.compression-handoff.v1","size":4096,"variant":"inline_4k_yield","wall_ns":458298,"workers":1}
{"chunks":64,"concurrency":16,"correctness":"frame length and complete roundtrip for every indexed chunk","flavor":"text","longest_poll_ns":96171,"ready_task_gap_ns":179282,"ready_task_polls":6,"repetition":3,"schema":"casita.compression-handoff.v1","size":4096,"variant":"inline_4k_yield","wall_ns":408431,"workers":1}
{"chunks":64,"concurrency":16,"correctness":"frame length and complete roundtrip for every indexed chunk","flavor":"text","longest_poll_ns":334818,"ready_task_gap_ns":345504,"ready_task_polls":2,"repetition":3,"schema":"casita.compression-handoff.v1","size":4096,"variant":"inline","wall_ns":344317,"workers":1}
{"chunks":64,"concurrency":16,"correctness":"frame length and complete roundtrip for every indexed chunk","flavor":"text","longest_poll_ns":356190,"ready_task_gap_ns":464234,"ready_task_polls":14,"repetition":3,"schema":"casita.compression-handoff.v1","size":4096,"variant":"blocking","wall_ns":528348,"workers":1}
Testing compression_handoff/workers-1/text/4096/16/blocking
Success
Testing compression_handoff/workers-1/text/4096/16/inline
Success
Testing compression_handoff/workers-1/text/4096/16/inline_4k_yield
Success
{"chunks":64,"concurrency":1,"correctness":"frame length and complete roundtrip for every indexed chunk","flavor":"random","longest_poll_ns":11873,"ready_task_gap_ns":56990,"ready_task_polls":543,"repetition":0,"schema":"casita.compression-handoff.v1","size":4097,"variant":"blocking","wall_ns":3445542,"workers":1}
{"chunks":64,"concurrency":1,"correctness":"frame length and complete roundtrip for every indexed chunk","flavor":"random","longest_poll_ns":352628,"ready_task_gap_ns":360939,"ready_task_polls":2,"repetition":0,"schema":"casita.compression-handoff.v1","size":4097,"variant":"inline","wall_ns":362126,"workers":1}
{"chunks":64,"concurrency":1,"correctness":"frame length and complete roundtrip for every indexed chunk","flavor":"random","longest_poll_ns":5936,"ready_task_gap_ns":32057,"ready_task_polls":594,"repetition":0,"schema":"casita.compression-handoff.v1","size":4097,"variant":"inline_4k_yield","wall_ns":3332748,"workers":1}
{"chunks":64,"concurrency":1,"correctness":"frame length and complete roundtrip for every indexed chunk","flavor":"random","longest_poll_ns":15435,"ready_task_gap_ns":117543,"ready_task_polls":539,"repetition":1,"schema":"casita.compression-handoff.v1","size":4097,"variant":"inline_4k_yield","wall_ns":3662818,"workers":1}
{"chunks":64,"concurrency":1,"correctness":"frame length and complete roundtrip for every indexed chunk","flavor":"random","longest_poll_ns":320571,"ready_task_gap_ns":331257,"ready_task_polls":2,"repetition":1,"schema":"casita.compression-handoff.v1","size":4097,"variant":"inline","wall_ns":330069,"workers":1}
{"chunks":64,"concurrency":1,"correctness":"frame length and complete roundtrip for every indexed chunk","flavor":"random","longest_poll_ns":4750,"ready_task_gap_ns":22559,"ready_task_polls":662,"repetition":1,"schema":"casita.compression-handoff.v1","size":4097,"variant":"blocking","wall_ns":3861096,"workers":1}
{"chunks":64,"concurrency":1,"correctness":"frame length and complete roundtrip for every indexed chunk","flavor":"random","longest_poll_ns":5936,"ready_task_gap_ns":16622,"ready_task_polls":671,"repetition":2,"schema":"casita.compression-handoff.v1","size":4097,"variant":"blocking","wall_ns":3666379,"workers":1}
{"chunks":64,"concurrency":1,"correctness":"frame length and complete roundtrip for every indexed chunk","flavor":"random","longest_poll_ns":317009,"ready_task_gap_ns":325320,"ready_task_polls":2,"repetition":2,"schema":"casita.compression-handoff.v1","size":4097,"variant":"inline","wall_ns":326507,"workers":1}
{"chunks":64,"concurrency":1,"correctness":"frame length and complete roundtrip for every indexed chunk","flavor":"random","longest_poll_ns":4750,"ready_task_gap_ns":24933,"ready_task_polls":713,"repetition":2,"schema":"casita.compression-handoff.v1","size":4097,"variant":"inline_4k_yield","wall_ns":4108054,"workers":1}
{"chunks":64,"concurrency":1,"correctness":"frame length and complete roundtrip for every indexed chunk","flavor":"random","longest_poll_ns":5937,"ready_task_gap_ns":17809,"ready_task_polls":579,"repetition":3,"schema":"casita.compression-handoff.v1","size":4097,"variant":"inline_4k_yield","wall_ns":3394488,"workers":1}
{"chunks":64,"concurrency":1,"correctness":"frame length and complete roundtrip for every indexed chunk","flavor":"random","longest_poll_ns":427428,"ready_task_gap_ns":436926,"ready_task_polls":2,"repetition":3,"schema":"casita.compression-handoff.v1","size":4097,"variant":"inline","wall_ns":438114,"workers":1}
{"chunks":64,"concurrency":1,"correctness":"frame length and complete roundtrip for every indexed chunk","flavor":"random","longest_poll_ns":4749,"ready_task_gap_ns":16622,"ready_task_polls":581,"repetition":3,"schema":"casita.compression-handoff.v1","size":4097,"variant":"blocking","wall_ns":3197396,"workers":1}
Testing compression_handoff/workers-1/random/4097/1/blocking
Success
Testing compression_handoff/workers-1/random/4097/1/inline
Success
Testing compression_handoff/workers-1/random/4097/1/inline_4k_yield
Success
{"chunks":64,"concurrency":16,"correctness":"frame length and complete roundtrip for every indexed chunk","flavor":"random","longest_poll_ns":230336,"ready_task_gap_ns":241022,"ready_task_polls":5,"repetition":0,"schema":"casita.compression-handoff.v1","size":4097,"variant":"blocking","wall_ns":373999,"workers":1}
{"chunks":64,"concurrency":16,"correctness":"frame length and complete roundtrip for every indexed chunk","flavor":"random","longest_poll_ns":321758,"ready_task_gap_ns":332443,"ready_task_polls":2,"repetition":0,"schema":"casita.compression-handoff.v1","size":4097,"variant":"inline","wall_ns":333631,"workers":1}
{"chunks":64,"concurrency":16,"correctness":"frame length and complete roundtrip for every indexed chunk","flavor":"random","longest_poll_ns":265955,"ready_task_gap_ns":275453,"ready_task_polls":35,"repetition":0,"schema":"casita.compression-handoff.v1","size":4097,"variant":"inline_4k_yield","wall_ns":499852,"workers":1}
{"chunks":64,"concurrency":16,"correctness":"frame length and complete roundtrip for every indexed chunk","flavor":"random","longest_poll_ns":276640,"ready_task_gap_ns":313447,"ready_task_polls":16,"repetition":1,"schema":"casita.compression-handoff.v1","size":4097,"variant":"inline_4k_yield","wall_ns":444050,"workers":1}
{"chunks":64,"concurrency":16,"correctness":"frame length and complete roundtrip for every indexed chunk","flavor":"random","longest_poll_ns":319384,"ready_task_gap_ns":327694,"ready_task_polls":2,"repetition":1,"schema":"casita.compression-handoff.v1","size":4097,"variant":"inline","wall_ns":328882,"workers":1}
{"chunks":64,"concurrency":16,"correctness":"frame length and complete roundtrip for every indexed chunk","flavor":"random","longest_poll_ns":255269,"ready_task_gap_ns":265955,"ready_task_polls":9,"repetition":1,"schema":"casita.compression-handoff.v1","size":4097,"variant":"blocking","wall_ns":408431,"workers":1}
{"chunks":64,"concurrency":16,"correctness":"frame length and complete roundtrip for every indexed chunk","flavor":"random","longest_poll_ns":180469,"ready_task_gap_ns":198279,"ready_task_polls":28,"repetition":2,"schema":"casita.compression-handoff.v1","size":4097,"variant":"blocking","wall_ns":660138,"workers":1}
{"chunks":64,"concurrency":16,"correctness":"frame length and complete roundtrip for every indexed chunk","flavor":"random","longest_poll_ns":351440,"ready_task_gap_ns":362127,"ready_task_polls":2,"repetition":2,"schema":"casita.compression-handoff.v1","size":4097,"variant":"inline","wall_ns":362126,"workers":1}
{"chunks":64,"concurrency":16,"correctness":"frame length and complete roundtrip for every indexed chunk","flavor":"random","longest_poll_ns":264768,"ready_task_gap_ns":311072,"ready_task_polls":11,"repetition":2,"schema":"casita.compression-handoff.v1","size":4097,"variant":"inline_4k_yield","wall_ns":506977,"workers":1}
{"chunks":64,"concurrency":16,"correctness":"frame length and complete roundtrip for every indexed chunk","flavor":"random","longest_poll_ns":191155,"ready_task_gap_ns":211339,"ready_task_polls":32,"repetition":3,"schema":"casita.compression-handoff.v1","size":4097,"variant":"inline_4k_yield","wall_ns":452361,"workers":1}
{"chunks":64,"concurrency":16,"correctness":"frame length and complete roundtrip for every indexed chunk","flavor":"random","longest_poll_ns":327695,"ready_task_gap_ns":336006,"ready_task_polls":2,"repetition":3,"schema":"casita.compression-handoff.v1","size":4097,"variant":"inline","wall_ns":337193,"workers":1}
{"chunks":64,"concurrency":16,"correctness":"frame length and complete roundtrip for every indexed chunk","flavor":"random","longest_poll_ns":276641,"ready_task_gap_ns":322945,"ready_task_polls":18,"repetition":3,"schema":"casita.compression-handoff.v1","size":4097,"variant":"blocking","wall_ns":479669,"workers":1}
Testing compression_handoff/workers-1/random/4097/16/blocking
Success
Testing compression_handoff/workers-1/random/4097/16/inline
Success
Testing compression_handoff/workers-1/random/4097/16/inline_4k_yield
Success
{"chunks":64,"concurrency":1,"correctness":"frame length and complete roundtrip for every indexed chunk","flavor":"text","longest_poll_ns":5936,"ready_task_gap_ns":32057,"ready_task_polls":307,"repetition":0,"schema":"casita.compression-handoff.v1","size":4097,"variant":"blocking","wall_ns":2131201,"workers":1}
{"chunks":64,"concurrency":1,"correctness":"frame length and complete roundtrip for every indexed chunk","flavor":"text","longest_poll_ns":366875,"ready_task_gap_ns":378749,"ready_task_polls":2,"repetition":0,"schema":"casita.compression-handoff.v1","size":4097,"variant":"inline","wall_ns":378748,"workers":1}
{"chunks":64,"concurrency":1,"correctness":"frame length and complete roundtrip for every indexed chunk","flavor":"text","longest_poll_ns":4750,"ready_task_gap_ns":21371,"ready_task_polls":328,"repetition":0,"schema":"casita.compression-handoff.v1","size":4097,"variant":"inline_4k_yield","wall_ns":2087272,"workers":1}
{"chunks":64,"concurrency":1,"correctness":"frame length and complete roundtrip for every indexed chunk","flavor":"text","longest_poll_ns":10685,"ready_task_gap_ns":47492,"ready_task_polls":356,"repetition":1,"schema":"casita.compression-handoff.v1","size":4097,"variant":"inline_4k_yield","wall_ns":2439900,"workers":1}
{"chunks":64,"concurrency":1,"correctness":"frame length and complete roundtrip for every indexed chunk","flavor":"text","longest_poll_ns":376374,"ready_task_gap_ns":385872,"ready_task_polls":2,"repetition":1,"schema":"casita.compression-handoff.v1","size":4097,"variant":"inline","wall_ns":387060,"workers":1}
{"chunks":64,"concurrency":1,"correctness":"frame length and complete roundtrip for every indexed chunk","flavor":"text","longest_poll_ns":4749,"ready_task_gap_ns":16622,"ready_task_polls":346,"repetition":1,"schema":"casita.compression-handoff.v1","size":4097,"variant":"blocking","wall_ns":2113392,"workers":1}
{"chunks":64,"concurrency":1,"correctness":"frame length and complete roundtrip for every indexed chunk","flavor":"text","longest_poll_ns":15435,"ready_task_gap_ns":43930,"ready_task_polls":349,"repetition":2,"schema":"casita.compression-handoff.v1","size":4097,"variant":"blocking","wall_ns":2367474,"workers":1}
{"chunks":64,"concurrency":1,"correctness":"frame length and complete roundtrip for every indexed chunk","flavor":"text","longest_poll_ns":364501,"ready_task_gap_ns":372812,"ready_task_polls":2,"repetition":2,"schema":"casita.compression-handoff.v1","size":4097,"variant":"inline","wall_ns":374000,"workers":1}
{"chunks":64,"concurrency":1,"correctness":"frame length and complete roundtrip for every indexed chunk","flavor":"text","longest_poll_ns":8311,"ready_task_gap_ns":20184,"ready_task_polls":354,"repetition":2,"schema":"casita.compression-handoff.v1","size":4097,"variant":"inline_4k_yield","wall_ns":2277240,"workers":1}
{"chunks":64,"concurrency":1,"correctness":"frame length and complete roundtrip for every indexed chunk","flavor":"text","longest_poll_ns":5936,"ready_task_gap_ns":22559,"ready_task_polls":359,"repetition":3,"schema":"casita.compression-handoff.v1","size":4097,"variant":"inline_4k_yield","wall_ns":2424465,"workers":1}
{"chunks":64,"concurrency":1,"correctness":"frame length and complete roundtrip for every indexed chunk","flavor":"text","longest_poll_ns":372812,"ready_task_gap_ns":381123,"ready_task_polls":2,"repetition":3,"schema":"casita.compression-handoff.v1","size":4097,"variant":"inline","wall_ns":379936,"workers":1}
{"chunks":64,"concurrency":1,"correctness":"frame length and complete roundtrip for every indexed chunk","flavor":"text","longest_poll_ns":7124,"ready_task_gap_ns":23746,"ready_task_polls":366,"repetition":3,"schema":"casita.compression-handoff.v1","size":4097,"variant":"blocking","wall_ns":2208376,"workers":1}
Testing compression_handoff/workers-1/text/4097/1/blocking
Success
Testing compression_handoff/workers-1/text/4097/1/inline
Success
Testing compression_handoff/workers-1/text/4097/1/inline_4k_yield
Success
{"chunks":64,"concurrency":16,"correctness":"frame length and complete roundtrip for every indexed chunk","flavor":"text","longest_poll_ns":232711,"ready_task_gap_ns":286139,"ready_task_polls":3,"repetition":0,"schema":"casita.compression-handoff.v1","size":4097,"variant":"blocking","wall_ns":324132,"workers":1}
{"chunks":64,"concurrency":16,"correctness":"frame length and complete roundtrip for every indexed chunk","flavor":"text","longest_poll_ns":355002,"ready_task_gap_ns":365688,"ready_task_polls":2,"repetition":0,"schema":"casita.compression-handoff.v1","size":4097,"variant":"inline","wall_ns":365688,"workers":1}
{"chunks":64,"concurrency":16,"correctness":"frame length and complete roundtrip for every indexed chunk","flavor":"text","longest_poll_ns":296825,"ready_task_gap_ns":349066,"ready_task_polls":12,"repetition":0,"schema":"casita.compression-handoff.v1","size":4097,"variant":"inline_4k_yield","wall_ns":407243,"workers":1}
{"chunks":64,"concurrency":16,"correctness":"frame length and complete roundtrip for every indexed chunk","flavor":"text","longest_poll_ns":255269,"ready_task_gap_ns":315822,"ready_task_polls":6,"repetition":1,"schema":"casita.compression-handoff.v1","size":4097,"variant":"inline_4k_yield","wall_ns":344317,"workers":1}
{"chunks":64,"concurrency":16,"correctness":"frame length and complete roundtrip for every indexed chunk","flavor":"text","longest_poll_ns":360939,"ready_task_gap_ns":369250,"ready_task_polls":2,"repetition":1,"schema":"casita.compression-handoff.v1","size":4097,"variant":"inline","wall_ns":370437,"workers":1}
{"chunks":64,"concurrency":16,"correctness":"frame length and complete roundtrip for every indexed chunk","flavor":"text","longest_poll_ns":273079,"ready_task_gap_ns":353815,"ready_task_polls":3,"repetition":1,"schema":"casita.compression-handoff.v1","size":4097,"variant":"blocking","wall_ns":415555,"workers":1}
{"chunks":64,"concurrency":16,"correctness":"frame length and complete roundtrip for every indexed chunk","flavor":"text","longest_poll_ns":265955,"ready_task_gap_ns":326507,"ready_task_polls":8,"repetition":2,"schema":"casita.compression-handoff.v1","size":4097,"variant":"blocking","wall_ns":368063,"workers":1}
{"chunks":64,"concurrency":16,"correctness":"frame length and complete roundtrip for every indexed chunk","flavor":"text","longest_poll_ns":402495,"ready_task_gap_ns":413180,"ready_task_polls":2,"repetition":2,"schema":"casita.compression-handoff.v1","size":4097,"variant":"inline","wall_ns":411993,"workers":1}
{"chunks":64,"concurrency":16,"correctness":"frame length and complete roundtrip for every indexed chunk","flavor":"text","longest_poll_ns":271891,"ready_task_gap_ns":349066,"ready_task_polls":13,"repetition":2,"schema":"casita.compression-handoff.v1","size":4097,"variant":"inline_4k_yield","wall_ns":426240,"workers":1}
{"chunks":64,"concurrency":16,"correctness":"frame length and complete roundtrip for every indexed chunk","flavor":"text","longest_poll_ns":284952,"ready_task_gap_ns":355002,"ready_task_polls":12,"repetition":3,"schema":"casita.compression-handoff.v1","size":4097,"variant":"inline_4k_yield","wall_ns":411993,"workers":1}
{"chunks":64,"concurrency":16,"correctness":"frame length and complete roundtrip for every indexed chunk","flavor":"text","longest_poll_ns":389434,"ready_task_gap_ns":397745,"ready_task_polls":2,"repetition":3,"schema":"casita.compression-handoff.v1","size":4097,"variant":"inline","wall_ns":398933,"workers":1}
{"chunks":64,"concurrency":16,"correctness":"frame length and complete roundtrip for every indexed chunk","flavor":"text","longest_poll_ns":303949,"ready_task_gap_ns":381123,"ready_task_polls":9,"repetition":3,"schema":"casita.compression-handoff.v1","size":4097,"variant":"blocking","wall_ns":440488,"workers":1}
Testing compression_handoff/workers-1/text/4097/16/blocking
Success
Testing compression_handoff/workers-1/text/4097/16/inline
Success
Testing compression_handoff/workers-1/text/4097/16/inline_4k_yield
Success
{"chunks":64,"concurrency":1,"correctness":"frame length and complete roundtrip for every indexed chunk","flavor":"random","longest_poll_ns":27308,"ready_task_gap_ns":125853,"ready_task_polls":917,"repetition":0,"schema":"casita.compression-handoff.v1","size":16384,"variant":"blocking","wall_ns":5219366,"workers":1}
{"chunks":64,"concurrency":1,"correctness":"frame length and complete roundtrip for every indexed chunk","flavor":"random","longest_poll_ns":705256,"ready_task_gap_ns":717128,"ready_task_polls":2,"repetition":0,"schema":"casita.compression-handoff.v1","size":16384,"variant":"inline","wall_ns":717128,"workers":1}
{"chunks":64,"concurrency":1,"correctness":"frame length and complete roundtrip for every indexed chunk","flavor":"random","longest_poll_ns":17810,"ready_task_gap_ns":27308,"ready_task_polls":886,"repetition":0,"schema":"casita.compression-handoff.v1","size":16384,"variant":"inline_4k_yield","wall_ns":4767006,"workers":1}
{"chunks":64,"concurrency":1,"correctness":"frame length and complete roundtrip for every indexed chunk","flavor":"random","longest_poll_ns":14247,"ready_task_gap_ns":24934,"ready_task_polls":865,"repetition":1,"schema":"casita.compression-handoff.v1","size":16384,"variant":"inline_4k_yield","wall_ns":4742072,"workers":1}
{"chunks":64,"concurrency":1,"correctness":"frame length and complete roundtrip for every indexed chunk","flavor":"random","longest_poll_ns":714754,"ready_task_gap_ns":726627,"ready_task_polls":2,"repetition":1,"schema":"casita.compression-handoff.v1","size":16384,"variant":"inline","wall_ns":726627,"workers":1}
{"chunks":64,"concurrency":1,"correctness":"frame length and complete roundtrip for every indexed chunk","flavor":"random","longest_poll_ns":5937,"ready_task_gap_ns":26121,"ready_task_polls":856,"repetition":1,"schema":"casita.compression-handoff.v1","size":16384,"variant":"blocking","wall_ns":4819247,"workers":1}
{"chunks":64,"concurrency":1,"correctness":"frame length and complete roundtrip for every indexed chunk","flavor":"random","longest_poll_ns":11873,"ready_task_gap_ns":23746,"ready_task_polls":934,"repetition":2,"schema":"casita.compression-handoff.v1","size":16384,"variant":"blocking","wall_ns":5117259,"workers":1}
{"chunks":64,"concurrency":1,"correctness":"frame length and complete roundtrip for every indexed chunk","flavor":"random","longest_poll_ns":676761,"ready_task_gap_ns":687446,"ready_task_polls":2,"repetition":2,"schema":"casita.compression-handoff.v1","size":16384,"variant":"inline","wall_ns":688634,"workers":1}
{"chunks":64,"concurrency":1,"correctness":"frame length and complete roundtrip for every indexed chunk","flavor":"random","longest_poll_ns":5937,"ready_task_gap_ns":46304,"ready_task_polls":792,"repetition":2,"schema":"casita.compression-handoff.v1","size":16384,"variant":"inline_4k_yield","wall_ns":4753946,"workers":1}
{"chunks":64,"concurrency":1,"correctness":"frame length and complete roundtrip for every indexed chunk","flavor":"random","longest_poll_ns":16622,"ready_task_gap_ns":98545,"ready_task_polls":783,"repetition":3,"schema":"casita.compression-handoff.v1","size":16384,"variant":"inline_4k_yield","wall_ns":5011589,"workers":1}
{"chunks":64,"concurrency":1,"correctness":"frame length and complete roundtrip for every indexed chunk","flavor":"random","longest_poll_ns":768183,"ready_task_gap_ns":780055,"ready_task_polls":2,"repetition":3,"schema":"casita.compression-handoff.v1","size":16384,"variant":"inline","wall_ns":780056,"workers":1}
{"chunks":64,"concurrency":1,"correctness":"frame length and complete roundtrip for every indexed chunk","flavor":"random","longest_poll_ns":16622,"ready_task_gap_ns":33245,"ready_task_polls":911,"repetition":3,"schema":"casita.compression-handoff.v1","size":16384,"variant":"blocking","wall_ns":4723076,"workers":1}
Testing compression_handoff/workers-1/random/16384/1/blocking
Success
Testing compression_handoff/workers-1/random/16384/1/inline
Success
Testing compression_handoff/workers-1/random/16384/1/inline_4k_yield
Success
{"chunks":64,"concurrency":16,"correctness":"frame length and complete roundtrip for every indexed chunk","flavor":"random","longest_poll_ns":140102,"ready_task_gap_ns":150787,"ready_task_polls":54,"repetition":0,"schema":"casita.compression-handoff.v1","size":16384,"variant":"blocking","wall_ns":772931,"workers":1}
{"chunks":64,"concurrency":16,"correctness":"frame length and complete roundtrip for every indexed chunk","flavor":"random","longest_poll_ns":714754,"ready_task_gap_ns":725440,"ready_task_polls":2,"repetition":0,"schema":"casita.compression-handoff.v1","size":16384,"variant":"inline","wall_ns":724252,"workers":1}
{"chunks":64,"concurrency":16,"correctness":"frame length and complete roundtrip for every indexed chunk","flavor":"random","longest_poll_ns":218463,"ready_task_gap_ns":232711,"ready_task_polls":37,"repetition":0,"schema":"casita.compression-handoff.v1","size":16384,"variant":"inline_4k_yield","wall_ns":882163,"workers":1}
{"chunks":64,"concurrency":16,"correctness":"frame length and complete roundtrip for every indexed chunk","flavor":"random","longest_poll_ns":160285,"ready_task_gap_ns":174533,"ready_task_polls":111,"repetition":1,"schema":"casita.compression-handoff.v1","size":16384,"variant":"inline_4k_yield","wall_ns":970023,"workers":1}
{"chunks":64,"concurrency":16,"correctness":"frame length and complete roundtrip for every indexed chunk","flavor":"random","longest_poll_ns":766995,"ready_task_gap_ns":778868,"ready_task_polls":2,"repetition":1,"schema":"casita.compression-handoff.v1","size":16384,"variant":"inline","wall_ns":778868,"workers":1}
{"chunks":64,"concurrency":16,"correctness":"frame length and complete roundtrip for every indexed chunk","flavor":"random","longest_poll_ns":136539,"ready_task_gap_ns":147225,"ready_task_polls":80,"repetition":1,"schema":"casita.compression-handoff.v1","size":16384,"variant":"blocking","wall_ns":884538,"workers":1}
{"chunks":64,"concurrency":16,"correctness":"frame length and complete roundtrip for every indexed chunk","flavor":"random","longest_poll_ns":89048,"ready_task_gap_ns":100920,"ready_task_polls":60,"repetition":2,"schema":"casita.compression-handoff.v1","size":16384,"variant":"blocking","wall_ns":797865,"workers":1}
{"chunks":64,"concurrency":16,"correctness":"frame length and complete roundtrip for every indexed chunk","flavor":"random","longest_poll_ns":751560,"ready_task_gap_ns":764620,"ready_task_polls":2,"repetition":2,"schema":"casita.compression-handoff.v1","size":16384,"variant":"inline","wall_ns":764621,"workers":1}
{"chunks":64,"concurrency":16,"correctness":"frame length and complete roundtrip for every indexed chunk","flavor":"random","longest_poll_ns":205403,"ready_task_gap_ns":224399,"ready_task_polls":28,"repetition":2,"schema":"casita.compression-handoff.v1","size":16384,"variant":"inline_4k_yield","wall_ns":653015,"workers":1}
{"chunks":64,"concurrency":16,"correctness":"frame length and complete roundtrip for every indexed chunk","flavor":"random","longest_poll_ns":77174,"ready_task_gap_ns":162659,"ready_task_polls":90,"repetition":3,"schema":"casita.compression-handoff.v1","size":16384,"variant":"inline_4k_yield","wall_ns":803801,"workers":1}
{"chunks":64,"concurrency":16,"correctness":"frame length and complete roundtrip for every indexed chunk","flavor":"random","longest_poll_ns":698132,"ready_task_gap_ns":708818,"ready_task_polls":2,"repetition":3,"schema":"casita.compression-handoff.v1","size":16384,"variant":"inline","wall_ns":708818,"workers":1}
{"chunks":64,"concurrency":16,"correctness":"frame length and complete roundtrip for every indexed chunk","flavor":"random","longest_poll_ns":137727,"ready_task_gap_ns":239834,"ready_task_polls":77,"repetition":3,"schema":"casita.compression-handoff.v1","size":16384,"variant":"blocking","wall_ns":827547,"workers":1}
Testing compression_handoff/workers-1/random/16384/16/blocking
Success
Testing compression_handoff/workers-1/random/16384/16/inline
Success
Testing compression_handoff/workers-1/random/16384/16/inline_4k_yield
Success
{"chunks":64,"concurrency":1,"correctness":"frame length and complete roundtrip for every indexed chunk","flavor":"text","longest_poll_ns":5937,"ready_task_gap_ns":20184,"ready_task_polls":453,"repetition":0,"schema":"casita.compression-handoff.v1","size":16384,"variant":"blocking","wall_ns":2741473,"workers":1}
{"chunks":64,"concurrency":1,"correctness":"frame length and complete roundtrip for every indexed chunk","flavor":"text","longest_poll_ns":755122,"ready_task_gap_ns":766995,"ready_task_polls":2,"repetition":0,"schema":"casita.compression-handoff.v1","size":16384,"variant":"inline","wall_ns":766995,"workers":1}
{"chunks":64,"concurrency":1,"correctness":"frame length and complete roundtrip for every indexed chunk","flavor":"text","longest_poll_ns":7124,"ready_task_gap_ns":43930,"ready_task_polls":496,"repetition":0,"schema":"casita.compression-handoff.v1","size":16384,"variant":"inline_4k_yield","wall_ns":3153466,"workers":1}
{"chunks":64,"concurrency":1,"correctness":"frame length and complete roundtrip for every indexed chunk","flavor":"text","longest_poll_ns":10686,"ready_task_gap_ns":22559,"ready_task_polls":645,"repetition":1,"schema":"casita.compression-handoff.v1","size":16384,"variant":"inline_4k_yield","wall_ns":3723369,"workers":1}
{"chunks":64,"concurrency":1,"correctness":"frame length and complete roundtrip for every indexed chunk","flavor":"text","longest_poll_ns":1056696,"ready_task_gap_ns":1070943,"ready_task_polls":2,"repetition":1,"schema":"casita.compression-handoff.v1","size":16384,"variant":"inline","wall_ns":1070944,"workers":1}
{"chunks":64,"concurrency":1,"correctness":"frame length and complete roundtrip for every indexed chunk","flavor":"text","longest_poll_ns":62927,"ready_task_gap_ns":98546,"ready_task_polls":746,"repetition":1,"schema":"casita.compression-handoff.v1","size":16384,"variant":"blocking","wall_ns":5431893,"workers":1}
{"chunks":64,"concurrency":1,"correctness":"frame length and complete roundtrip for every indexed chunk","flavor":"text","longest_poll_ns":5937,"ready_task_gap_ns":32057,"ready_task_polls":532,"repetition":2,"schema":"casita.compression-handoff.v1","size":16384,"variant":"blocking","wall_ns":2908883,"workers":1}
{"chunks":64,"concurrency":1,"correctness":"frame length and complete roundtrip for every indexed chunk","flavor":"text","longest_poll_ns":746811,"ready_task_gap_ns":758684,"ready_task_polls":2,"repetition":2,"schema":"casita.compression-handoff.v1","size":16384,"variant":"inline","wall_ns":758684,"workers":1}
{"chunks":64,"concurrency":1,"correctness":"frame length and complete roundtrip for every indexed chunk","flavor":"text","longest_poll_ns":14248,"ready_task_gap_ns":24934,"ready_task_polls":526,"repetition":2,"schema":"casita.compression-handoff.v1","size":16384,"variant":"inline_4k_yield","wall_ns":2965873,"workers":1}
{"chunks":64,"concurrency":1,"correctness":"frame length and complete roundtrip for every indexed chunk","flavor":"text","longest_poll_ns":11873,"ready_task_gap_ns":26120,"ready_task_polls":457,"repetition":3,"schema":"casita.compression-handoff.v1","size":16384,"variant":"inline_4k_yield","wall_ns":2774718,"workers":1}
{"chunks":64,"concurrency":1,"correctness":"frame length and complete roundtrip for every indexed chunk","flavor":"text","longest_poll_ns":736125,"ready_task_gap_ns":747999,"ready_task_polls":2,"repetition":3,"schema":"casita.compression-handoff.v1","size":16384,"variant":"inline","wall_ns":747998,"workers":1}
{"chunks":64,"concurrency":1,"correctness":"frame length and complete roundtrip for every indexed chunk","flavor":"text","longest_poll_ns":11873,"ready_task_gap_ns":43930,"ready_task_polls":495,"repetition":3,"schema":"casita.compression-handoff.v1","size":16384,"variant":"blocking","wall_ns":3186710,"workers":1}
Testing compression_handoff/workers-1/text/16384/1/blocking
Success
Testing compression_handoff/workers-1/text/16384/1/inline
Success
Testing compression_handoff/workers-1/text/16384/1/inline_4k_yield
Success
{"chunks":64,"concurrency":16,"correctness":"frame length and complete roundtrip for every indexed chunk","flavor":"text","longest_poll_ns":309885,"ready_task_gap_ns":387059,"ready_task_polls":41,"repetition":0,"schema":"casita.compression-handoff.v1","size":16384,"variant":"blocking","wall_ns":592462,"workers":1}
{"chunks":64,"concurrency":16,"correctness":"frame length and complete roundtrip for every indexed chunk","flavor":"text","longest_poll_ns":768183,"ready_task_gap_ns":778868,"ready_task_polls":2,"repetition":0,"schema":"casita.compression-handoff.v1","size":16384,"variant":"inline","wall_ns":780055,"workers":1}
{"chunks":64,"concurrency":16,"correctness":"frame length and complete roundtrip for every indexed chunk","flavor":"text","longest_poll_ns":384685,"ready_task_gap_ns":472545,"ready_task_polls":26,"repetition":0,"schema":"casita.compression-handoff.v1","size":16384,"variant":"inline_4k_yield","wall_ns":616208,"workers":1}
{"chunks":64,"concurrency":16,"correctness":"frame length and complete roundtrip for every indexed chunk","flavor":"text","longest_poll_ns":275454,"ready_task_gap_ns":289701,"ready_task_polls":32,"repetition":1,"schema":"casita.compression-handoff.v1","size":16384,"variant":"inline_4k_yield","wall_ns":498665,"workers":1}
{"chunks":64,"concurrency":16,"correctness":"frame length and complete roundtrip for every indexed chunk","flavor":"text","longest_poll_ns":731376,"ready_task_gap_ns":743249,"ready_task_polls":2,"repetition":1,"schema":"casita.compression-handoff.v1","size":16384,"variant":"inline","wall_ns":743250,"workers":1}
{"chunks":64,"concurrency":16,"correctness":"frame length and complete roundtrip for every indexed chunk","flavor":"text","longest_poll_ns":349065,"ready_task_gap_ns":428615,"ready_task_polls":34,"repetition":1,"schema":"casita.compression-handoff.v1","size":16384,"variant":"blocking","wall_ns":616208,"workers":1}
{"chunks":64,"concurrency":16,"correctness":"frame length and complete roundtrip for every indexed chunk","flavor":"text","longest_poll_ns":280202,"ready_task_gap_ns":358565,"ready_task_polls":31,"repetition":2,"schema":"casita.compression-handoff.v1","size":16384,"variant":"blocking","wall_ns":515288,"workers":1}
{"chunks":64,"concurrency":16,"correctness":"frame length and complete roundtrip for every indexed chunk","flavor":"text","longest_poll_ns":731376,"ready_task_gap_ns":740874,"ready_task_polls":2,"repetition":2,"schema":"casita.compression-handoff.v1","size":16384,"variant":"inline","wall_ns":740875,"workers":1}
{"chunks":64,"concurrency":16,"correctness":"frame length and complete roundtrip for every indexed chunk","flavor":"text","longest_poll_ns":284952,"ready_task_gap_ns":294450,"ready_task_polls":23,"repetition":2,"schema":"casita.compression-handoff.v1","size":16384,"variant":"inline_4k_yield","wall_ns":470171,"workers":1}
{"chunks":64,"concurrency":16,"correctness":"frame length and complete roundtrip for every indexed chunk","flavor":"text","longest_poll_ns":273079,"ready_task_gap_ns":298012,"ready_task_polls":51,"repetition":3,"schema":"casita.compression-handoff.v1","size":16384,"variant":"inline_4k_yield","wall_ns":634018,"workers":1}
{"chunks":64,"concurrency":16,"correctness":"frame length and complete roundtrip for every indexed chunk","flavor":"text","longest_poll_ns":753934,"ready_task_gap_ns":765808,"ready_task_polls":2,"repetition":3,"schema":"casita.compression-handoff.v1","size":16384,"variant":"inline","wall_ns":765808,"workers":1}
{"chunks":64,"concurrency":16,"correctness":"frame length and complete roundtrip for every indexed chunk","flavor":"text","longest_poll_ns":314635,"ready_task_gap_ns":400120,"ready_task_polls":27,"repetition":3,"schema":"casita.compression-handoff.v1","size":16384,"variant":"blocking","wall_ns":543783,"workers":1}
Testing compression_handoff/workers-1/text/16384/16/blocking
Success
Testing compression_handoff/workers-1/text/16384/16/inline
Success
Testing compression_handoff/workers-1/text/16384/16/inline_4k_yield
Success
{"chunks":64,"concurrency":1,"correctness":"frame length and complete roundtrip for every indexed chunk","flavor":"random","longest_poll_ns":11873,"ready_task_gap_ns":42743,"ready_task_polls":1401,"repetition":0,"schema":"casita.compression-handoff.v1","size":65536,"variant":"blocking","wall_ns":7437241,"workers":1}
{"chunks":64,"concurrency":1,"correctness":"frame length and complete roundtrip for every indexed chunk","flavor":"random","longest_poll_ns":1143369,"ready_task_gap_ns":1156430,"ready_task_polls":2,"repetition":0,"schema":"casita.compression-handoff.v1","size":65536,"variant":"inline","wall_ns":1156429,"workers":1}
{"chunks":64,"concurrency":1,"correctness":"frame length and complete roundtrip for every indexed chunk","flavor":"random","longest_poll_ns":8311,"ready_task_gap_ns":26120,"ready_task_polls":1371,"repetition":0,"schema":"casita.compression-handoff.v1","size":65536,"variant":"inline_4k_yield","wall_ns":7317324,"workers":1}
{"chunks":64,"concurrency":1,"correctness":"frame length and complete roundtrip for every indexed chunk","flavor":"random","longest_poll_ns":10686,"ready_task_gap_ns":22559,"ready_task_polls":1375,"repetition":1,"schema":"casita.compression-handoff.v1","size":65536,"variant":"inline_4k_yield","wall_ns":7204530,"workers":1}
{"chunks":64,"concurrency":1,"correctness":"frame length and complete roundtrip for every indexed chunk","flavor":"random","longest_poll_ns":2962311,"ready_task_gap_ns":2975371,"ready_task_polls":2,"repetition":1,"schema":"casita.compression-handoff.v1","size":65536,"variant":"inline","wall_ns":2977746,"workers":1}
{"chunks":64,"concurrency":1,"correctness":"frame length and complete roundtrip for every indexed chunk","flavor":"random","longest_poll_ns":8311,"ready_task_gap_ns":22559,"ready_task_polls":1374,"repetition":1,"schema":"casita.compression-handoff.v1","size":65536,"variant":"blocking","wall_ns":6800849,"workers":1}
{"chunks":64,"concurrency":1,"correctness":"frame length and complete roundtrip for every indexed chunk","flavor":"random","longest_poll_ns":14248,"ready_task_gap_ns":35619,"ready_task_polls":1379,"repetition":2,"schema":"casita.compression-handoff.v1","size":65536,"variant":"blocking","wall_ns":7147540,"workers":1}
{"chunks":64,"concurrency":1,"correctness":"frame length and complete roundtrip for every indexed chunk","flavor":"random","longest_poll_ns":1184924,"ready_task_gap_ns":1199172,"ready_task_polls":2,"repetition":2,"schema":"casita.compression-handoff.v1","size":65536,"variant":"inline","wall_ns":1199172,"workers":1}
{"chunks":64,"concurrency":1,"correctness":"frame length and complete roundtrip for every indexed chunk","flavor":"random","longest_poll_ns":9498,"ready_task_gap_ns":26121,"ready_task_polls":1339,"repetition":2,"schema":"casita.compression-handoff.v1","size":65536,"variant":"inline_4k_yield","wall_ns":6910080,"workers":1}
{"chunks":64,"concurrency":1,"correctness":"frame length and complete roundtrip for every indexed chunk","flavor":"random","longest_poll_ns":5937,"ready_task_gap_ns":18997,"ready_task_polls":1381,"repetition":3,"schema":"casita.compression-handoff.v1","size":65536,"variant":"inline_4k_yield","wall_ns":7085801,"workers":1}
{"chunks":64,"concurrency":1,"correctness":"frame length and complete roundtrip for every indexed chunk","flavor":"random","longest_poll_ns":1113687,"ready_task_gap_ns":1127934,"ready_task_polls":2,"repetition":3,"schema":"casita.compression-handoff.v1","size":65536,"variant":"inline","wall_ns":1127934,"workers":1}
{"chunks":64,"concurrency":1,"correctness":"frame length and complete roundtrip for every indexed chunk","flavor":"random","longest_poll_ns":9498,"ready_task_gap_ns":48679,"ready_task_polls":1307,"repetition":3,"schema":"casita.compression-handoff.v1","size":65536,"variant":"blocking","wall_ns":6974194,"workers":1}
Testing compression_handoff/workers-1/random/65536/1/blocking
Success
Testing compression_handoff/workers-1/random/65536/1/inline
Success
Testing compression_handoff/workers-1/random/65536/1/inline_4k_yield
Success
{"chunks":64,"concurrency":16,"correctness":"frame length and complete roundtrip for every indexed chunk","flavor":"random","longest_poll_ns":282577,"ready_task_gap_ns":366876,"ready_task_polls":205,"repetition":0,"schema":"casita.compression-handoff.v1","size":65536,"variant":"blocking","wall_ns":1770263,"workers":1}
{"chunks":64,"concurrency":16,"correctness":"frame length and complete roundtrip for every indexed chunk","flavor":"random","longest_poll_ns":1086379,"ready_task_gap_ns":1101814,"ready_task_polls":2,"repetition":0,"schema":"casita.compression-handoff.v1","size":65536,"variant":"inline","wall_ns":1103001,"workers":1}
{"chunks":64,"concurrency":16,"correctness":"frame length and complete roundtrip for every indexed chunk","flavor":"random","longest_poll_ns":77174,"ready_task_gap_ns":90234,"ready_task_polls":248,"repetition":0,"schema":"casita.compression-handoff.v1","size":65536,"variant":"inline_4k_yield","wall_ns":1827253,"workers":1}
{"chunks":64,"concurrency":16,"correctness":"frame length and complete roundtrip for every indexed chunk","flavor":"random","longest_poll_ns":465422,"ready_task_gap_ns":478481,"ready_task_polls":91,"repetition":1,"schema":"casita.compression-handoff.v1","size":65536,"variant":"inline_4k_yield","wall_ns":1706149,"workers":1}
{"chunks":64,"concurrency":16,"correctness":"frame length and complete roundtrip for every indexed chunk","flavor":"random","longest_poll_ns":1125560,"ready_task_gap_ns":1138619,"ready_task_polls":2,"repetition":1,"schema":"casita.compression-handoff.v1","size":65536,"variant":"inline","wall_ns":1139807,"workers":1}
{"chunks":64,"concurrency":16,"correctness":"frame length and complete roundtrip for every indexed chunk","flavor":"random","longest_poll_ns":91422,"ready_task_gap_ns":104483,"ready_task_polls":205,"repetition":1,"schema":"casita.compression-handoff.v1","size":65536,"variant":"blocking","wall_ns":1644409,"workers":1}
{"chunks":64,"concurrency":16,"correctness":"frame length and complete roundtrip for every indexed chunk","flavor":"random","longest_poll_ns":407244,"ready_task_gap_ns":417929,"ready_task_polls":116,"repetition":2,"schema":"casita.compression-handoff.v1","size":65536,"variant":"blocking","wall_ns":1573172,"workers":1}
{"chunks":64,"concurrency":16,"correctness":"frame length and complete roundtrip for every indexed chunk","flavor":"random","longest_poll_ns":1118435,"ready_task_gap_ns":1133870,"ready_task_polls":2,"repetition":2,"schema":"casita.compression-handoff.v1","size":65536,"variant":"inline","wall_ns":1135058,"workers":1}
{"chunks":64,"concurrency":16,"correctness":"frame length and complete roundtrip for every indexed chunk","flavor":"random","longest_poll_ns":267142,"ready_task_gap_ns":279015,"ready_task_polls":162,"repetition":2,"schema":"casita.compression-handoff.v1","size":65536,"variant":"inline_4k_yield","wall_ns":1604041,"workers":1}
{"chunks":64,"concurrency":16,"correctness":"frame length and complete roundtrip for every indexed chunk","flavor":"random","longest_poll_ns":421491,"ready_task_gap_ns":432177,"ready_task_polls":90,"repetition":3,"schema":"casita.compression-handoff.v1","size":65536,"variant":"inline_4k_yield","wall_ns":1384391,"workers":1}
{"chunks":64,"concurrency":16,"correctness":"frame length and complete roundtrip for every indexed chunk","flavor":"random","longest_poll_ns":3180774,"ready_task_gap_ns":3196209,"ready_task_polls":2,"repetition":3,"schema":"casita.compression-handoff.v1","size":65536,"variant":"inline","wall_ns":3198583,"workers":1}
{"chunks":64,"concurrency":16,"correctness":"frame length and complete roundtrip for every indexed chunk","flavor":"random","longest_poll_ns":84299,"ready_task_gap_ns":94984,"ready_task_polls":302,"repetition":3,"schema":"casita.compression-handoff.v1","size":65536,"variant":"blocking","wall_ns":2037405,"workers":1}
Testing compression_handoff/workers-1/random/65536/16/blocking
Success
Testing compression_handoff/workers-1/random/65536/16/inline
Success
Testing compression_handoff/workers-1/random/65536/16/inline_4k_yield
Success
{"chunks":64,"concurrency":1,"correctness":"frame length and complete roundtrip for every indexed chunk","flavor":"text","longest_poll_ns":9499,"ready_task_gap_ns":22559,"ready_task_polls":1008,"repetition":0,"schema":"casita.compression-handoff.v1","size":65536,"variant":"blocking","wall_ns":5408147,"workers":1}
{"chunks":64,"concurrency":1,"correctness":"frame length and complete roundtrip for every indexed chunk","flavor":"text","longest_poll_ns":2181068,"ready_task_gap_ns":2195316,"ready_task_polls":2,"repetition":0,"schema":"casita.compression-handoff.v1","size":65536,"variant":"inline","wall_ns":2196503,"workers":1}
{"chunks":64,"concurrency":1,"correctness":"frame length and complete roundtrip for every indexed chunk","flavor":"text","longest_poll_ns":7124,"ready_task_gap_ns":27308,"ready_task_polls":1055,"repetition":0,"schema":"casita.compression-handoff.v1","size":65536,"variant":"inline_4k_yield","wall_ns":5628984,"workers":1}
{"chunks":64,"concurrency":1,"correctness":"frame length and complete roundtrip for every indexed chunk","flavor":"text","longest_poll_ns":18997,"ready_task_gap_ns":34432,"ready_task_polls":970,"repetition":1,"schema":"casita.compression-handoff.v1","size":65536,"variant":"inline_4k_yield","wall_ns":5348782,"workers":1}
{"chunks":64,"concurrency":1,"correctness":"frame length and complete roundtrip for every indexed chunk","flavor":"text","longest_poll_ns":2335417,"ready_task_gap_ns":2354413,"ready_task_polls":2,"repetition":1,"schema":"casita.compression-handoff.v1","size":65536,"variant":"inline","wall_ns":2355601,"workers":1}
{"chunks":64,"concurrency":1,"correctness":"frame length and complete roundtrip for every indexed chunk","flavor":"text","longest_poll_ns":10685,"ready_task_gap_ns":34431,"ready_task_polls":979,"repetition":1,"schema":"casita.compression-handoff.v1","size":65536,"variant":"blocking","wall_ns":5316725,"workers":1}
{"chunks":64,"concurrency":1,"correctness":"frame length and complete roundtrip for every indexed chunk","flavor":"text","longest_poll_ns":16622,"ready_task_gap_ns":28495,"ready_task_polls":1002,"repetition":2,"schema":"casita.compression-handoff.v1","size":65536,"variant":"blocking","wall_ns":5233614,"workers":1}
{"chunks":64,"concurrency":1,"correctness":"frame length and complete roundtrip for every indexed chunk","flavor":"text","longest_poll_ns":2150199,"ready_task_gap_ns":2168008,"ready_task_polls":2,"repetition":2,"schema":"casita.compression-handoff.v1","size":65536,"variant":"inline","wall_ns":2168008,"workers":1}
{"chunks":64,"concurrency":1,"correctness":"frame length and complete roundtrip for every indexed chunk","flavor":"text","longest_poll_ns":32057,"ready_task_gap_ns":42743,"ready_task_polls":1127,"repetition":2,"schema":"casita.compression-handoff.v1","size":65536,"variant":"inline_4k_yield","wall_ns":6096780,"workers":1}
{"chunks":64,"concurrency":1,"correctness":"frame length and complete roundtrip for every indexed chunk","flavor":"text","longest_poll_ns":9498,"ready_task_gap_ns":36806,"ready_task_polls":1021,"repetition":3,"schema":"casita.compression-handoff.v1","size":65536,"variant":"inline_4k_yield","wall_ns":5555372,"workers":1}
{"chunks":64,"concurrency":1,"correctness":"frame length and complete roundtrip for every indexed chunk","flavor":"text","longest_poll_ns":2185818,"ready_task_gap_ns":2204814,"ready_task_polls":2,"repetition":3,"schema":"casita.compression-handoff.v1","size":65536,"variant":"inline","wall_ns":2204814,"workers":1}
{"chunks":64,"concurrency":1,"correctness":"frame length and complete roundtrip for every indexed chunk","flavor":"text","longest_poll_ns":47492,"ready_task_gap_ns":127041,"ready_task_polls":1290,"repetition":3,"schema":"casita.compression-handoff.v1","size":65536,"variant":"blocking","wall_ns":8339589,"workers":1}
Testing compression_handoff/workers-1/text/65536/1/blocking
Success
Testing compression_handoff/workers-1/text/65536/1/inline
Success
Testing compression_handoff/workers-1/text/65536/1/inline_4k_yield
Success
{"chunks":64,"concurrency":16,"correctness":"frame length and complete roundtrip for every indexed chunk","flavor":"text","longest_poll_ns":189968,"ready_task_gap_ns":302762,"ready_task_polls":194,"repetition":0,"schema":"casita.compression-handoff.v1","size":65536,"variant":"blocking","wall_ns":1621851,"workers":1}
{"chunks":64,"concurrency":16,"correctness":"frame length and complete roundtrip for every indexed chunk","flavor":"text","longest_poll_ns":2819835,"ready_task_gap_ns":2840019,"ready_task_polls":2,"repetition":0,"schema":"casita.compression-handoff.v1","size":65536,"variant":"inline","wall_ns":2841206,"workers":1}
{"chunks":64,"concurrency":16,"correctness":"frame length and complete roundtrip for every indexed chunk","flavor":"text","longest_poll_ns":87860,"ready_task_gap_ns":99733,"ready_task_polls":163,"repetition":0,"schema":"casita.compression-handoff.v1","size":65536,"variant":"inline_4k_yield","wall_ns":1327400,"workers":1}
{"chunks":64,"concurrency":16,"correctness":"frame length and complete roundtrip for every indexed chunk","flavor":"text","longest_poll_ns":327695,"ready_task_gap_ns":340754,"ready_task_polls":56,"repetition":1,"schema":"casita.compression-handoff.v1","size":65536,"variant":"inline_4k_yield","wall_ns":1132683,"workers":1}
{"chunks":64,"concurrency":16,"correctness":"frame length and complete roundtrip for every indexed chunk","flavor":"text","longest_poll_ns":2739098,"ready_task_gap_ns":2758095,"ready_task_polls":2,"repetition":1,"schema":"casita.compression-handoff.v1","size":65536,"variant":"inline","wall_ns":2759283,"workers":1}
{"chunks":64,"concurrency":16,"correctness":"frame length and complete roundtrip for every indexed chunk","flavor":"text","longest_poll_ns":102107,"ready_task_gap_ns":124666,"ready_task_polls":147,"repetition":1,"schema":"casita.compression-handoff.v1","size":65536,"variant":"blocking","wall_ns":1173051,"workers":1}
{"chunks":64,"concurrency":16,"correctness":"frame length and complete roundtrip for every indexed chunk","flavor":"text","longest_poll_ns":111606,"ready_task_gap_ns":168596,"ready_task_polls":157,"repetition":2,"schema":"casita.compression-handoff.v1","size":65536,"variant":"blocking","wall_ns":1365393,"workers":1}
{"chunks":64,"concurrency":16,"correctness":"frame length and complete roundtrip for every indexed chunk","flavor":"text","longest_poll_ns":2601372,"ready_task_gap_ns":2622743,"ready_task_polls":2,"repetition":2,"schema":"casita.compression-handoff.v1","size":65536,"variant":"inline","wall_ns":2622744,"workers":1}
{"chunks":64,"concurrency":16,"correctness":"frame length and complete roundtrip for every indexed chunk","flavor":"text","longest_poll_ns":499853,"ready_task_gap_ns":511725,"ready_task_polls":40,"repetition":2,"schema":"casita.compression-handoff.v1","size":65536,"variant":"inline_4k_yield","wall_ns":1183737,"workers":1}
{"chunks":64,"concurrency":16,"correctness":"frame length and complete roundtrip for every indexed chunk","flavor":"text","longest_poll_ns":211339,"ready_task_gap_ns":224400,"ready_task_polls":83,"repetition":3,"schema":"casita.compression-handoff.v1","size":65536,"variant":"inline_4k_yield","wall_ns":1111312,"workers":1}
{"chunks":64,"concurrency":16,"correctness":"frame length and complete roundtrip for every indexed chunk","flavor":"text","longest_poll_ns":2538445,"ready_task_gap_ns":2557442,"ready_task_polls":2,"repetition":3,"schema":"casita.compression-handoff.v1","size":65536,"variant":"inline","wall_ns":2557442,"workers":1}
{"chunks":64,"concurrency":16,"correctness":"frame length and complete roundtrip for every indexed chunk","flavor":"text","longest_poll_ns":104482,"ready_task_gap_ns":156723,"ready_task_polls":134,"repetition":3,"schema":"casita.compression-handoff.v1","size":65536,"variant":"blocking","wall_ns":1218169,"workers":1}
Testing compression_handoff/workers-1/text/65536/16/blocking
Success
Testing compression_handoff/workers-1/text/65536/16/inline
Success
Testing compression_handoff/workers-1/text/65536/16/inline_4k_yield
Success
{"chunks":64,"concurrency":1,"correctness":"frame length and complete roundtrip for every indexed chunk","flavor":"random","longest_poll_ns":4749,"ready_task_gap_ns":161473,"ready_task_polls":41,"repetition":0,"schema":"casita.compression-handoff.v1","size":1024,"variant":"blocking","wall_ns":935592,"workers":4}
{"chunks":64,"concurrency":1,"correctness":"frame length and complete roundtrip for every indexed chunk","flavor":"random","longest_poll_ns":176908,"ready_task_gap_ns":205403,"ready_task_polls":2,"repetition":0,"schema":"casita.compression-handoff.v1","size":1024,"variant":"inline","wall_ns":201841,"workers":4}
{"chunks":64,"concurrency":1,"correctness":"frame length and complete roundtrip for every indexed chunk","flavor":"random","longest_poll_ns":10686,"ready_task_gap_ns":30870,"ready_task_polls":117,"repetition":0,"schema":"casita.compression-handoff.v1","size":1024,"variant":"inline_4k_yield","wall_ns":970023,"workers":4}
{"chunks":64,"concurrency":1,"correctness":"frame length and complete roundtrip for every indexed chunk","flavor":"random","longest_poll_ns":199466,"ready_task_gap_ns":28495,"ready_task_polls":190,"repetition":1,"schema":"casita.compression-handoff.v1","size":1024,"variant":"inline_4k_yield","wall_ns":1827253,"workers":4}
{"chunks":64,"concurrency":1,"correctness":"frame length and complete roundtrip for every indexed chunk","flavor":"random","longest_poll_ns":141288,"ready_task_gap_ns":10686,"ready_task_polls":21,"repetition":1,"schema":"casita.compression-handoff.v1","size":1024,"variant":"inline","wall_ns":160286,"workers":4}
{"chunks":64,"concurrency":1,"correctness":"frame length and complete roundtrip for every indexed chunk","flavor":"random","longest_poll_ns":4750,"ready_task_gap_ns":103295,"ready_task_polls":56,"repetition":1,"schema":"casita.compression-handoff.v1","size":1024,"variant":"blocking","wall_ns":1078067,"workers":4}
{"chunks":64,"concurrency":1,"correctness":"frame length and complete roundtrip for every indexed chunk","flavor":"random","longest_poll_ns":18997,"ready_task_gap_ns":168597,"ready_task_polls":60,"repetition":2,"schema":"casita.compression-handoff.v1","size":1024,"variant":"blocking","wall_ns":1411698,"workers":4}
{"chunks":64,"concurrency":1,"correctness":"frame length and complete roundtrip for every indexed chunk","flavor":"random","longest_poll_ns":244583,"ready_task_gap_ns":271892,"ready_task_polls":2,"repetition":2,"schema":"casita.compression-handoff.v1","size":1024,"variant":"inline","wall_ns":265955,"workers":4}
{"chunks":64,"concurrency":1,"correctness":"frame length and complete roundtrip for every indexed chunk","flavor":"random","longest_poll_ns":45117,"ready_task_gap_ns":66488,"ready_task_polls":138,"repetition":2,"schema":"casita.compression-handoff.v1","size":1024,"variant":"inline_4k_yield","wall_ns":1285845,"workers":4}
{"chunks":64,"concurrency":1,"correctness":"frame length and complete roundtrip for every indexed chunk","flavor":"random","longest_poll_ns":20184,"ready_task_gap_ns":77174,"ready_task_polls":115,"repetition":3,"schema":"casita.compression-handoff.v1","size":1024,"variant":"inline_4k_yield","wall_ns":929656,"workers":4}
{"chunks":64,"concurrency":1,"correctness":"frame length and complete roundtrip for every indexed chunk","flavor":"random","longest_poll_ns":138914,"ready_task_gap_ns":156723,"ready_task_polls":3,"repetition":3,"schema":"casita.compression-handoff.v1","size":1024,"variant":"inline","wall_ns":156723,"workers":4}
{"chunks":64,"concurrency":1,"correctness":"frame length and complete roundtrip for every indexed chunk","flavor":"random","longest_poll_ns":4749,"ready_task_gap_ns":36806,"ready_task_polls":65,"repetition":3,"schema":"casita.compression-handoff.v1","size":1024,"variant":"blocking","wall_ns":867916,"workers":4}
Testing compression_handoff/workers-4/random/1024/1/blocking
Success
Testing compression_handoff/workers-4/random/1024/1/inline
Success
Testing compression_handoff/workers-4/random/1024/1/inline_4k_yield
Success
{"chunks":64,"concurrency":16,"correctness":"frame length and complete roundtrip for every indexed chunk","flavor":"random","longest_poll_ns":230336,"ready_task_gap_ns":312260,"ready_task_polls":3,"repetition":0,"schema":"casita.compression-handoff.v1","size":1024,"variant":"blocking","wall_ns":312260,"workers":4}
{"chunks":64,"concurrency":16,"correctness":"frame length and complete roundtrip for every indexed chunk","flavor":"random","longest_poll_ns":248146,"ready_task_gap_ns":265955,"ready_task_polls":2,"repetition":0,"schema":"casita.compression-handoff.v1","size":1024,"variant":"inline","wall_ns":265955,"workers":4}
{"chunks":64,"concurrency":16,"correctness":"frame length and complete roundtrip for every indexed chunk","flavor":"random","longest_poll_ns":72425,"ready_task_gap_ns":71238,"ready_task_polls":16,"repetition":0,"schema":"casita.compression-handoff.v1","size":1024,"variant":"inline_4k_yield","wall_ns":292076,"workers":4}
{"chunks":64,"concurrency":16,"correctness":"frame length and complete roundtrip for every indexed chunk","flavor":"random","longest_poll_ns":43930,"ready_task_gap_ns":51054,"ready_task_polls":18,"repetition":1,"schema":"casita.compression-handoff.v1","size":1024,"variant":"inline_4k_yield","wall_ns":243396,"workers":4}
{"chunks":64,"concurrency":16,"correctness":"frame length and complete roundtrip for every indexed chunk","flavor":"random","longest_poll_ns":148412,"ready_task_gap_ns":167410,"ready_task_polls":3,"repetition":1,"schema":"casita.compression-handoff.v1","size":1024,"variant":"inline","wall_ns":167410,"workers":4}
{"chunks":64,"concurrency":16,"correctness":"frame length and complete roundtrip for every indexed chunk","flavor":"random","longest_poll_ns":460672,"ready_task_gap_ns":514101,"ready_task_polls":2,"repetition":1,"schema":"casita.compression-handoff.v1","size":1024,"variant":"blocking","wall_ns":516475,"workers":4}
{"chunks":64,"concurrency":16,"correctness":"frame length and complete roundtrip for every indexed chunk","flavor":"random","longest_poll_ns":201841,"ready_task_gap_ns":238647,"ready_task_polls":3,"repetition":2,"schema":"casita.compression-handoff.v1","size":1024,"variant":"blocking","wall_ns":307511,"workers":4}
{"chunks":64,"concurrency":16,"correctness":"frame length and complete roundtrip for every indexed chunk","flavor":"random","longest_poll_ns":210152,"ready_task_gap_ns":231523,"ready_task_polls":2,"repetition":2,"schema":"casita.compression-handoff.v1","size":1024,"variant":"inline","wall_ns":231523,"workers":4}
{"chunks":64,"concurrency":16,"correctness":"frame length and complete roundtrip for every indexed chunk","flavor":"random","longest_poll_ns":51054,"ready_task_gap_ns":61740,"ready_task_polls":25,"repetition":2,"schema":"casita.compression-handoff.v1","size":1024,"variant":"inline_4k_yield","wall_ns":251707,"workers":4}
{"chunks":64,"concurrency":16,"correctness":"frame length and complete roundtrip for every indexed chunk","flavor":"random","longest_poll_ns":56990,"ready_task_gap_ns":10685,"ready_task_polls":33,"repetition":3,"schema":"casita.compression-handoff.v1","size":1024,"variant":"inline_4k_yield","wall_ns":257644,"workers":4}
{"chunks":64,"concurrency":16,"correctness":"frame length and complete roundtrip for every indexed chunk","flavor":"random","longest_poll_ns":136540,"ready_task_gap_ns":147225,"ready_task_polls":2,"repetition":3,"schema":"casita.compression-handoff.v1","size":1024,"variant":"inline","wall_ns":151974,"workers":4}
{"chunks":64,"concurrency":16,"correctness":"frame length and complete roundtrip for every indexed chunk","flavor":"random","longest_poll_ns":298012,"ready_task_gap_ns":388247,"ready_task_polls":8,"repetition":3,"schema":"casita.compression-handoff.v1","size":1024,"variant":"blocking","wall_ns":434551,"workers":4}
Testing compression_handoff/workers-4/random/1024/16/blocking
Success
Testing compression_handoff/workers-4/random/1024/16/inline
Success
Testing compression_handoff/workers-4/random/1024/16/inline_4k_yield
Success
{"chunks":64,"concurrency":1,"correctness":"frame length and complete roundtrip for every indexed chunk","flavor":"text","longest_poll_ns":5937,"ready_task_gap_ns":33245,"ready_task_polls":144,"repetition":0,"schema":"casita.compression-handoff.v1","size":1024,"variant":"blocking","wall_ns":1816567,"workers":4}
{"chunks":64,"concurrency":1,"correctness":"frame length and complete roundtrip for every indexed chunk","flavor":"text","longest_poll_ns":220837,"ready_task_gap_ns":233898,"ready_task_polls":3,"repetition":0,"schema":"casita.compression-handoff.v1","size":1024,"variant":"inline","wall_ns":236273,"workers":4}
{"chunks":64,"concurrency":1,"correctness":"frame length and complete roundtrip for every indexed chunk","flavor":"text","longest_poll_ns":15435,"ready_task_gap_ns":32057,"ready_task_polls":135,"repetition":0,"schema":"casita.compression-handoff.v1","size":1024,"variant":"inline_4k_yield","wall_ns":1169490,"workers":4}
{"chunks":64,"concurrency":1,"correctness":"frame length and complete roundtrip for every indexed chunk","flavor":"text","longest_poll_ns":15435,"ready_task_gap_ns":30870,"ready_task_polls":136,"repetition":1,"schema":"casita.compression-handoff.v1","size":1024,"variant":"inline_4k_yield","wall_ns":1277534,"workers":4}
{"chunks":64,"concurrency":1,"correctness":"frame length and complete roundtrip for every indexed chunk","flavor":"text","longest_poll_ns":287326,"ready_task_gap_ns":20184,"ready_task_polls":37,"repetition":1,"schema":"casita.compression-handoff.v1","size":1024,"variant":"inline","wall_ns":303948,"workers":4}
{"chunks":64,"concurrency":1,"correctness":"frame length and complete roundtrip for every indexed chunk","flavor":"text","longest_poll_ns":7124,"ready_task_gap_ns":34432,"ready_task_polls":147,"repetition":1,"schema":"casita.compression-handoff.v1","size":1024,"variant":"blocking","wall_ns":1837938,"workers":4}
{"chunks":64,"concurrency":1,"correctness":"frame length and complete roundtrip for every indexed chunk","flavor":"text","longest_poll_ns":8312,"ready_task_gap_ns":34432,"ready_task_polls":157,"repetition":2,"schema":"casita.compression-handoff.v1","size":1024,"variant":"blocking","wall_ns":1757202,"workers":4}
{"chunks":64,"concurrency":1,"correctness":"frame length and complete roundtrip for every indexed chunk","flavor":"text","longest_poll_ns":315821,"ready_task_gap_ns":330069,"ready_task_polls":2,"repetition":2,"schema":"casita.compression-handoff.v1","size":1024,"variant":"inline","wall_ns":327694,"workers":4}
{"chunks":64,"concurrency":1,"correctness":"frame length and complete roundtrip for every indexed chunk","flavor":"text","longest_poll_ns":18997,"ready_task_gap_ns":41556,"ready_task_polls":133,"repetition":2,"schema":"casita.compression-handoff.v1","size":1024,"variant":"inline_4k_yield","wall_ns":1339274,"workers":4}
{"chunks":64,"concurrency":1,"correctness":"frame length and complete roundtrip for every indexed chunk","flavor":"text","longest_poll_ns":16622,"ready_task_gap_ns":30870,"ready_task_polls":150,"repetition":3,"schema":"casita.compression-handoff.v1","size":1024,"variant":"inline_4k_yield","wall_ns":1253788,"workers":4}
{"chunks":64,"concurrency":1,"correctness":"frame length and complete roundtrip for every indexed chunk","flavor":"text","longest_poll_ns":230336,"ready_task_gap_ns":250520,"ready_task_polls":3,"repetition":3,"schema":"casita.compression-handoff.v1","size":1024,"variant":"inline","wall_ns":249333,"workers":4}
{"chunks":64,"concurrency":1,"correctness":"frame length and complete roundtrip for every indexed chunk","flavor":"text","longest_poll_ns":8311,"ready_task_gap_ns":51054,"ready_task_polls":149,"repetition":3,"schema":"casita.compression-handoff.v1","size":1024,"variant":"blocking","wall_ns":1915113,"workers":4}
Testing compression_handoff/workers-4/text/1024/1/blocking
Success
Testing compression_handoff/workers-4/text/1024/1/inline
Success
Testing compression_handoff/workers-4/text/1024/1/inline_4k_yield
Success
{"chunks":64,"concurrency":16,"correctness":"frame length and complete roundtrip for every indexed chunk","flavor":"text","longest_poll_ns":336006,"ready_task_gap_ns":106857,"ready_task_polls":38,"repetition":0,"schema":"casita.compression-handoff.v1","size":1024,"variant":"blocking","wall_ns":444050,"workers":4}
{"chunks":64,"concurrency":16,"correctness":"frame length and complete roundtrip for every indexed chunk","flavor":"text","longest_poll_ns":383498,"ready_task_gap_ns":400120,"ready_task_polls":3,"repetition":0,"schema":"casita.compression-handoff.v1","size":1024,"variant":"inline","wall_ns":402495,"workers":4}
{"chunks":64,"concurrency":16,"correctness":"frame length and complete roundtrip for every indexed chunk","flavor":"text","longest_poll_ns":92609,"ready_task_gap_ns":18997,"ready_task_polls":38,"repetition":0,"schema":"casita.compression-handoff.v1","size":1024,"variant":"inline_4k_yield","wall_ns":358565,"workers":4}
{"chunks":64,"concurrency":16,"correctness":"frame length and complete roundtrip for every indexed chunk","flavor":"text","longest_poll_ns":75987,"ready_task_gap_ns":81924,"ready_task_polls":33,"repetition":1,"schema":"casita.compression-handoff.v1","size":1024,"variant":"inline_4k_yield","wall_ns":359751,"workers":4}
{"chunks":64,"concurrency":16,"correctness":"frame length and complete roundtrip for every indexed chunk","flavor":"text","longest_poll_ns":235085,"ready_task_gap_ns":249332,"ready_task_polls":3,"repetition":1,"schema":"casita.compression-handoff.v1","size":1024,"variant":"inline","wall_ns":251708,"workers":4}
{"chunks":64,"concurrency":16,"correctness":"frame length and complete roundtrip for every indexed chunk","flavor":"text","longest_poll_ns":320571,"ready_task_gap_ns":16622,"ready_task_polls":54,"repetition":1,"schema":"casita.compression-handoff.v1","size":1024,"variant":"blocking","wall_ns":467796,"workers":4}
{"chunks":64,"concurrency":16,"correctness":"frame length and complete roundtrip for every indexed chunk","flavor":"text","longest_poll_ns":257644,"ready_task_gap_ns":43930,"ready_task_polls":41,"repetition":2,"schema":"casita.compression-handoff.v1","size":1024,"variant":"blocking","wall_ns":396558,"workers":4}
{"chunks":64,"concurrency":16,"correctness":"frame length and complete roundtrip for every indexed chunk","flavor":"text","longest_poll_ns":318196,"ready_task_gap_ns":338380,"ready_task_polls":2,"repetition":2,"schema":"casita.compression-handoff.v1","size":1024,"variant":"inline","wall_ns":337193,"workers":4}
{"chunks":64,"concurrency":16,"correctness":"frame length and complete roundtrip for every indexed chunk","flavor":"text","longest_poll_ns":83110,"ready_task_gap_ns":20184,"ready_task_polls":43,"repetition":2,"schema":"casita.compression-handoff.v1","size":1024,"variant":"inline_4k_yield","wall_ns":384685,"workers":4}
{"chunks":64,"concurrency":16,"correctness":"frame length and complete roundtrip for every indexed chunk","flavor":"text","longest_poll_ns":100920,"ready_task_gap_ns":100921,"ready_task_polls":39,"repetition":3,"schema":"casita.compression-handoff.v1","size":1024,"variant":"inline_4k_yield","wall_ns":440488,"workers":4}
{"chunks":64,"concurrency":16,"correctness":"frame length and complete roundtrip for every indexed chunk","flavor":"text","longest_poll_ns":300387,"ready_task_gap_ns":311072,"ready_task_polls":4,"repetition":3,"schema":"casita.compression-handoff.v1","size":1024,"variant":"inline","wall_ns":314634,"workers":4}
{"chunks":64,"concurrency":16,"correctness":"frame length and complete roundtrip for every indexed chunk","flavor":"text","longest_poll_ns":472545,"ready_task_gap_ns":597212,"ready_task_polls":3,"repetition":3,"schema":"casita.compression-handoff.v1","size":1024,"variant":"blocking","wall_ns":594837,"workers":4}
Testing compression_handoff/workers-4/text/1024/16/blocking
Success
Testing compression_handoff/workers-4/text/1024/16/inline
Success
Testing compression_handoff/workers-4/text/1024/16/inline_4k_yield
Success
{"chunks":64,"concurrency":1,"correctness":"frame length and complete roundtrip for every indexed chunk","flavor":"random","longest_poll_ns":17810,"ready_task_gap_ns":54616,"ready_task_polls":307,"repetition":0,"schema":"casita.compression-handoff.v1","size":4095,"variant":"blocking","wall_ns":3285256,"workers":4}
{"chunks":64,"concurrency":1,"correctness":"frame length and complete roundtrip for every indexed chunk","flavor":"random","longest_poll_ns":471358,"ready_task_gap_ns":24933,"ready_task_polls":58,"repetition":0,"schema":"casita.compression-handoff.v1","size":4095,"variant":"inline","wall_ns":492729,"workers":4}
{"chunks":64,"concurrency":1,"correctness":"frame length and complete roundtrip for every indexed chunk","flavor":"random","longest_poll_ns":34432,"ready_task_gap_ns":49867,"ready_task_polls":148,"repetition":0,"schema":"casita.compression-handoff.v1","size":4095,"variant":"inline_4k_yield","wall_ns":1314340,"workers":4}
{"chunks":64,"concurrency":1,"correctness":"frame length and complete roundtrip for every indexed chunk","flavor":"random","longest_poll_ns":45117,"ready_task_gap_ns":39181,"ready_task_polls":158,"repetition":1,"schema":"casita.compression-handoff.v1","size":4095,"variant":"inline_4k_yield","wall_ns":1606416,"workers":4}
{"chunks":64,"concurrency":1,"correctness":"frame length and complete roundtrip for every indexed chunk","flavor":"random","longest_poll_ns":340755,"ready_task_gap_ns":355003,"ready_task_polls":2,"repetition":1,"schema":"casita.compression-handoff.v1","size":4095,"variant":"inline","wall_ns":356189,"workers":4}
{"chunks":64,"concurrency":1,"correctness":"frame length and complete roundtrip for every indexed chunk","flavor":"random","longest_poll_ns":16622,"ready_task_gap_ns":34432,"ready_task_polls":256,"repetition":1,"schema":"casita.compression-handoff.v1","size":4095,"variant":"blocking","wall_ns":2857829,"workers":4}
{"chunks":64,"concurrency":1,"correctness":"frame length and complete roundtrip for every indexed chunk","flavor":"random","longest_poll_ns":37993,"ready_task_gap_ns":52241,"ready_task_polls":290,"repetition":2,"schema":"casita.compression-handoff.v1","size":4095,"variant":"blocking","wall_ns":3178399,"workers":4}
{"chunks":64,"concurrency":1,"correctness":"frame length and complete roundtrip for every indexed chunk","flavor":"random","longest_poll_ns":302762,"ready_task_gap_ns":320570,"ready_task_polls":3,"repetition":2,"schema":"casita.compression-handoff.v1","size":4095,"variant":"inline","wall_ns":320570,"workers":4}
{"chunks":64,"concurrency":1,"correctness":"frame length and complete roundtrip for every indexed chunk","flavor":"random","longest_poll_ns":32057,"ready_task_gap_ns":29683,"ready_task_polls":128,"repetition":2,"schema":"casita.compression-handoff.v1","size":4095,"variant":"inline_4k_yield","wall_ns":1262099,"workers":4}
{"chunks":64,"concurrency":1,"correctness":"frame length and complete roundtrip for every indexed chunk","flavor":"random","longest_poll_ns":16623,"ready_task_gap_ns":29682,"ready_task_polls":146,"repetition":3,"schema":"casita.compression-handoff.v1","size":4095,"variant":"inline_4k_yield","wall_ns":1268035,"workers":4}
{"chunks":64,"concurrency":1,"correctness":"frame length and complete roundtrip for every indexed chunk","flavor":"random","longest_poll_ns":287326,"ready_task_gap_ns":307510,"ready_task_polls":4,"repetition":3,"schema":"casita.compression-handoff.v1","size":4095,"variant":"inline","wall_ns":331256,"workers":4}
{"chunks":64,"concurrency":1,"correctness":"frame length and complete roundtrip for every indexed chunk","flavor":"random","longest_poll_ns":5937,"ready_task_gap_ns":39180,"ready_task_polls":291,"repetition":3,"schema":"casita.compression-handoff.v1","size":4095,"variant":"blocking","wall_ns":3130908,"workers":4}
Testing compression_handoff/workers-4/random/4095/1/blocking
Success
Testing compression_handoff/workers-4/random/4095/1/inline
Success
Testing compression_handoff/workers-4/random/4095/1/inline_4k_yield
Success
{"chunks":64,"concurrency":16,"correctness":"frame length and complete roundtrip for every indexed chunk","flavor":"random","longest_poll_ns":206590,"ready_task_gap_ns":87860,"ready_task_polls":46,"repetition":0,"schema":"casita.compression-handoff.v1","size":4095,"variant":"blocking","wall_ns":529535,"workers":4}
{"chunks":64,"concurrency":16,"correctness":"frame length and complete roundtrip for every indexed chunk","flavor":"random","longest_poll_ns":301574,"ready_task_gap_ns":320571,"ready_task_polls":3,"repetition":0,"schema":"casita.compression-handoff.v1","size":4095,"variant":"inline","wall_ns":320571,"workers":4}
{"chunks":64,"concurrency":16,"correctness":"frame length and complete roundtrip for every indexed chunk","flavor":"random","longest_poll_ns":66489,"ready_task_gap_ns":15435,"ready_task_polls":39,"repetition":0,"schema":"casita.compression-handoff.v1","size":4095,"variant":"inline_4k_yield","wall_ns":328882,"workers":4}
{"chunks":64,"concurrency":16,"correctness":"frame length and complete roundtrip for every indexed chunk","flavor":"random","longest_poll_ns":90234,"ready_task_gap_ns":20184,"ready_task_polls":41,"repetition":1,"schema":"casita.compression-handoff.v1","size":4095,"variant":"inline_4k_yield","wall_ns":362126,"workers":4}
{"chunks":64,"concurrency":16,"correctness":"frame length and complete roundtrip for every indexed chunk","flavor":"random","longest_poll_ns":485606,"ready_task_gap_ns":36807,"ready_task_polls":57,"repetition":1,"schema":"casita.compression-handoff.v1","size":4095,"variant":"inline","wall_ns":502227,"workers":4}
{"chunks":64,"concurrency":16,"correctness":"frame length and complete roundtrip for every indexed chunk","flavor":"random","longest_poll_ns":317009,"ready_task_gap_ns":73612,"ready_task_polls":28,"repetition":1,"schema":"casita.compression-handoff.v1","size":4095,"variant":"blocking","wall_ns":523599,"workers":4}
{"chunks":64,"concurrency":16,"correctness":"frame length and complete roundtrip for every indexed chunk","flavor":"random","longest_poll_ns":223212,"ready_task_gap_ns":96172,"ready_task_polls":19,"repetition":2,"schema":"casita.compression-handoff.v1","size":4095,"variant":"blocking","wall_ns":353815,"workers":4}
{"chunks":64,"concurrency":16,"correctness":"frame length and complete roundtrip for every indexed chunk","flavor":"random","longest_poll_ns":298012,"ready_task_gap_ns":9499,"ready_task_polls":40,"repetition":2,"schema":"casita.compression-handoff.v1","size":4095,"variant":"inline","wall_ns":319383,"workers":4}
{"chunks":64,"concurrency":16,"correctness":"frame length and complete roundtrip for every indexed chunk","flavor":"random","longest_poll_ns":111606,"ready_task_gap_ns":127041,"ready_task_polls":7,"repetition":2,"schema":"casita.compression-handoff.v1","size":4095,"variant":"inline_4k_yield","wall_ns":435738,"workers":4}
{"chunks":64,"concurrency":16,"correctness":"frame length and complete roundtrip for every indexed chunk","flavor":"random","longest_poll_ns":104482,"ready_task_gap_ns":26121,"ready_task_polls":50,"repetition":3,"schema":"casita.compression-handoff.v1","size":4095,"variant":"inline_4k_yield","wall_ns":448799,"workers":4}
{"chunks":64,"concurrency":16,"correctness":"frame length and complete roundtrip for every indexed chunk","flavor":"random","longest_poll_ns":388247,"ready_task_gap_ns":23746,"ready_task_polls":47,"repetition":3,"schema":"casita.compression-handoff.v1","size":4095,"variant":"inline","wall_ns":410805,"workers":4}
{"chunks":64,"concurrency":16,"correctness":"frame length and complete roundtrip for every indexed chunk","flavor":"random","longest_poll_ns":138914,"ready_task_gap_ns":298012,"ready_task_polls":9,"repetition":3,"schema":"casita.compression-handoff.v1","size":4095,"variant":"blocking","wall_ns":479669,"workers":4}
Testing compression_handoff/workers-4/random/4095/16/blocking
Success
Testing compression_handoff/workers-4/random/4095/16/inline
Success
Testing compression_handoff/workers-4/random/4095/16/inline_4k_yield
Success
{"chunks":64,"concurrency":1,"correctness":"frame length and complete roundtrip for every indexed chunk","flavor":"text","longest_poll_ns":17809,"ready_task_gap_ns":30870,"ready_task_polls":175,"repetition":0,"schema":"casita.compression-handoff.v1","size":4095,"variant":"blocking","wall_ns":2283176,"workers":4}
{"chunks":64,"concurrency":1,"correctness":"frame length and complete roundtrip for every indexed chunk","flavor":"text","longest_poll_ns":383498,"ready_task_gap_ns":395371,"ready_task_polls":5,"repetition":0,"schema":"casita.compression-handoff.v1","size":4095,"variant":"inline","wall_ns":406057,"workers":4}
{"chunks":64,"concurrency":1,"correctness":"frame length and complete roundtrip for every indexed chunk","flavor":"text","longest_poll_ns":26120,"ready_task_gap_ns":42743,"ready_task_polls":152,"repetition":0,"schema":"casita.compression-handoff.v1","size":4095,"variant":"inline_4k_yield","wall_ns":1355896,"workers":4}
{"chunks":64,"concurrency":1,"correctness":"frame length and complete roundtrip for every indexed chunk","flavor":"text","longest_poll_ns":16622,"ready_task_gap_ns":33244,"ready_task_polls":132,"repetition":1,"schema":"casita.compression-handoff.v1","size":4095,"variant":"inline_4k_yield","wall_ns":1243102,"workers":4}
{"chunks":64,"concurrency":1,"correctness":"frame length and complete roundtrip for every indexed chunk","flavor":"text","longest_poll_ns":336005,"ready_task_gap_ns":357377,"ready_task_polls":4,"repetition":1,"schema":"casita.compression-handoff.v1","size":4095,"variant":"inline","wall_ns":363313,"workers":4}
{"chunks":64,"concurrency":1,"correctness":"frame length and complete roundtrip for every indexed chunk","flavor":"text","longest_poll_ns":8311,"ready_task_gap_ns":28495,"ready_task_polls":222,"repetition":1,"schema":"casita.compression-handoff.v1","size":4095,"variant":"blocking","wall_ns":2342541,"workers":4}
{"chunks":64,"concurrency":1,"correctness":"frame length and complete roundtrip for every indexed chunk","flavor":"text","longest_poll_ns":5937,"ready_task_gap_ns":34431,"ready_task_polls":199,"repetition":2,"schema":"casita.compression-handoff.v1","size":4095,"variant":"blocking","wall_ns":2179881,"workers":4}
{"chunks":64,"concurrency":1,"correctness":"frame length and complete roundtrip for every indexed chunk","flavor":"text","longest_poll_ns":496291,"ready_task_gap_ns":512913,"ready_task_polls":4,"repetition":2,"schema":"casita.compression-handoff.v1","size":4095,"variant":"inline","wall_ns":520037,"workers":4}
{"chunks":64,"concurrency":1,"correctness":"frame length and complete roundtrip for every indexed chunk","flavor":"text","longest_poll_ns":21372,"ready_task_gap_ns":37994,"ready_task_polls":146,"repetition":2,"schema":"casita.compression-handoff.v1","size":4095,"variant":"inline_4k_yield","wall_ns":1355895,"workers":4}
{"chunks":64,"concurrency":1,"correctness":"frame length and complete roundtrip for every indexed chunk","flavor":"text","longest_poll_ns":20184,"ready_task_gap_ns":39181,"ready_task_polls":150,"repetition":3,"schema":"casita.compression-handoff.v1","size":4095,"variant":"inline_4k_yield","wall_ns":1466314,"workers":4}
{"chunks":64,"concurrency":1,"correctness":"frame length and complete roundtrip for every indexed chunk","flavor":"text","longest_poll_ns":515288,"ready_task_gap_ns":534285,"ready_task_polls":2,"repetition":3,"schema":"casita.compression-handoff.v1","size":4095,"variant":"inline","wall_ns":534284,"workers":4}
{"chunks":64,"concurrency":1,"correctness":"frame length and complete roundtrip for every indexed chunk","flavor":"text","longest_poll_ns":14247,"ready_task_gap_ns":33244,"ready_task_polls":196,"repetition":3,"schema":"casita.compression-handoff.v1","size":4095,"variant":"blocking","wall_ns":2436337,"workers":4}
Testing compression_handoff/workers-4/text/4095/1/blocking
Success
Testing compression_handoff/workers-4/text/4095/1/inline
Success
Testing compression_handoff/workers-4/text/4095/1/inline_4k_yield
Success
{"chunks":64,"concurrency":16,"correctness":"frame length and complete roundtrip for every indexed chunk","flavor":"text","longest_poll_ns":350253,"ready_task_gap_ns":40368,"ready_task_polls":50,"repetition":0,"schema":"casita.compression-handoff.v1","size":4095,"variant":"blocking","wall_ns":464234,"workers":4}
{"chunks":64,"concurrency":16,"correctness":"frame length and complete roundtrip for every indexed chunk","flavor":"text","longest_poll_ns":692195,"ready_task_gap_ns":26121,"ready_task_polls":81,"repetition":0,"schema":"casita.compression-handoff.v1","size":4095,"variant":"inline","wall_ns":721878,"workers":4}
{"chunks":64,"concurrency":16,"correctness":"frame length and complete roundtrip for every indexed chunk","flavor":"text","longest_poll_ns":142476,"ready_task_gap_ns":16622,"ready_task_polls":71,"repetition":0,"schema":"casita.compression-handoff.v1","size":4095,"variant":"inline_4k_yield","wall_ns":623332,"workers":4}
{"chunks":64,"concurrency":16,"correctness":"frame length and complete roundtrip for every indexed chunk","flavor":"text","longest_poll_ns":140101,"ready_task_gap_ns":123479,"ready_task_polls":63,"repetition":1,"schema":"casita.compression-handoff.v1","size":4095,"variant":"inline_4k_yield","wall_ns":562779,"workers":4}
{"chunks":64,"concurrency":16,"correctness":"frame length and complete roundtrip for every indexed chunk","flavor":"text","longest_poll_ns":344316,"ready_task_gap_ns":363313,"ready_task_polls":3,"repetition":1,"schema":"casita.compression-handoff.v1","size":4095,"variant":"inline","wall_ns":364501,"workers":4}
{"chunks":64,"concurrency":16,"correctness":"frame length and complete roundtrip for every indexed chunk","flavor":"text","longest_poll_ns":308698,"ready_task_gap_ns":413180,"ready_task_polls":5,"repetition":1,"schema":"casita.compression-handoff.v1","size":4095,"variant":"blocking","wall_ns":442863,"workers":4}
{"chunks":64,"concurrency":16,"correctness":"frame length and complete roundtrip for every indexed chunk","flavor":"text","longest_poll_ns":243396,"ready_task_gap_ns":15435,"ready_task_polls":49,"repetition":2,"schema":"casita.compression-handoff.v1","size":4095,"variant":"blocking","wall_ns":346692,"workers":4}
{"chunks":64,"concurrency":16,"correctness":"frame length and complete roundtrip for every indexed chunk","flavor":"text","longest_poll_ns":359751,"ready_task_gap_ns":14247,"ready_task_polls":45,"repetition":2,"schema":"casita.compression-handoff.v1","size":4095,"variant":"inline","wall_ns":375186,"workers":4}
{"chunks":64,"concurrency":16,"correctness":"frame length and complete roundtrip for every indexed chunk","flavor":"text","longest_poll_ns":98546,"ready_task_gap_ns":113980,"ready_task_polls":6,"repetition":2,"schema":"casita.compression-handoff.v1","size":4095,"variant":"inline_4k_yield","wall_ns":430989,"workers":4}
{"chunks":64,"concurrency":16,"correctness":"frame length and complete roundtrip for every indexed chunk","flavor":"text","longest_poll_ns":149599,"ready_task_gap_ns":166222,"ready_task_polls":37,"repetition":3,"schema":"casita.compression-handoff.v1","size":4095,"variant":"inline_4k_yield","wall_ns":511726,"workers":4}
{"chunks":64,"concurrency":16,"correctness":"frame length and complete roundtrip for every indexed chunk","flavor":"text","longest_poll_ns":390622,"ready_task_gap_ns":10686,"ready_task_polls":51,"repetition":3,"schema":"casita.compression-handoff.v1","size":4095,"variant":"inline","wall_ns":409619,"workers":4}
{"chunks":64,"concurrency":16,"correctness":"frame length and complete roundtrip for every indexed chunk","flavor":"text","longest_poll_ns":293263,"ready_task_gap_ns":385872,"ready_task_polls":4,"repetition":3,"schema":"casita.compression-handoff.v1","size":4095,"variant":"blocking","wall_ns":402494,"workers":4}
Testing compression_handoff/workers-4/text/4095/16/blocking
Success
Testing compression_handoff/workers-4/text/4095/16/inline
Success
Testing compression_handoff/workers-4/text/4095/16/inline_4k_yield
Success
{"chunks":64,"concurrency":1,"correctness":"frame length and complete roundtrip for every indexed chunk","flavor":"random","longest_poll_ns":21371,"ready_task_gap_ns":137726,"ready_task_polls":274,"repetition":0,"schema":"casita.compression-handoff.v1","size":4096,"variant":"blocking","wall_ns":3096476,"workers":4}
{"chunks":64,"concurrency":1,"correctness":"frame length and complete roundtrip for every indexed chunk","flavor":"random","longest_poll_ns":700507,"ready_task_gap_ns":715941,"ready_task_polls":3,"repetition":0,"schema":"casita.compression-handoff.v1","size":4096,"variant":"inline","wall_ns":734938,"workers":4}
{"chunks":64,"concurrency":1,"correctness":"frame length and complete roundtrip for every indexed chunk","flavor":"random","longest_poll_ns":37994,"ready_task_gap_ns":26120,"ready_task_polls":133,"repetition":0,"schema":"casita.compression-handoff.v1","size":4096,"variant":"inline_4k_yield","wall_ns":1245476,"workers":4}
{"chunks":64,"concurrency":1,"correctness":"frame length and complete roundtrip for every indexed chunk","flavor":"random","longest_poll_ns":20184,"ready_task_gap_ns":27308,"ready_task_polls":128,"repetition":1,"schema":"casita.compression-handoff.v1","size":4096,"variant":"inline_4k_yield","wall_ns":1151680,"workers":4}
{"chunks":64,"concurrency":1,"correctness":"frame length and complete roundtrip for every indexed chunk","flavor":"random","longest_poll_ns":357377,"ready_task_gap_ns":16622,"ready_task_polls":46,"repetition":1,"schema":"casita.compression-handoff.v1","size":4096,"variant":"inline","wall_ns":375186,"workers":4}
{"chunks":64,"concurrency":1,"correctness":"frame length and complete roundtrip for every indexed chunk","flavor":"random","longest_poll_ns":74800,"ready_task_gap_ns":160286,"ready_task_polls":238,"repetition":1,"schema":"casita.compression-handoff.v1","size":4096,"variant":"blocking","wall_ns":3317314,"workers":4}
{"chunks":64,"concurrency":1,"correctness":"frame length and complete roundtrip for every indexed chunk","flavor":"random","longest_poll_ns":5936,"ready_task_gap_ns":24934,"ready_task_polls":317,"repetition":2,"schema":"casita.compression-handoff.v1","size":4096,"variant":"blocking","wall_ns":3041860,"workers":4}
{"chunks":64,"concurrency":1,"correctness":"frame length and complete roundtrip for every indexed chunk","flavor":"random","longest_poll_ns":328882,"ready_task_gap_ns":23746,"ready_task_polls":45,"repetition":2,"schema":"casita.compression-handoff.v1","size":4096,"variant":"inline","wall_ns":344316,"workers":4}
{"chunks":64,"concurrency":1,"correctness":"frame length and complete roundtrip for every indexed chunk","flavor":"random","longest_poll_ns":32057,"ready_task_gap_ns":47492,"ready_task_polls":75,"repetition":2,"schema":"casita.compression-handoff.v1","size":4096,"variant":"inline_4k_yield","wall_ns":1300092,"workers":4}
{"chunks":64,"concurrency":1,"correctness":"frame length and complete roundtrip for every indexed chunk","flavor":"random","longest_poll_ns":17810,"ready_task_gap_ns":30869,"ready_task_polls":126,"repetition":3,"schema":"casita.compression-handoff.v1","size":4096,"variant":"inline_4k_yield","wall_ns":1165928,"workers":4}
{"chunks":64,"concurrency":1,"correctness":"frame length and complete roundtrip for every indexed chunk","flavor":"random","longest_poll_ns":306324,"ready_task_gap_ns":318196,"ready_task_polls":2,"repetition":3,"schema":"casita.compression-handoff.v1","size":4096,"variant":"inline","wall_ns":320570,"workers":4}
{"chunks":64,"concurrency":1,"correctness":"frame length and complete roundtrip for every indexed chunk","flavor":"random","longest_poll_ns":4750,"ready_task_gap_ns":24933,"ready_task_polls":288,"repetition":3,"schema":"casita.compression-handoff.v1","size":4096,"variant":"blocking","wall_ns":2873263,"workers":4}
Testing compression_handoff/workers-4/random/4096/1/blocking
Success
Testing compression_handoff/workers-4/random/4096/1/inline
Success
Testing compression_handoff/workers-4/random/4096/1/inline_4k_yield
Success
{"chunks":64,"concurrency":16,"correctness":"frame length and complete roundtrip for every indexed chunk","flavor":"random","longest_poll_ns":252894,"ready_task_gap_ns":360939,"ready_task_polls":3,"repetition":0,"schema":"casita.compression-handoff.v1","size":4096,"variant":"blocking","wall_ns":363314,"workers":4}
{"chunks":64,"concurrency":16,"correctness":"frame length and complete roundtrip for every indexed chunk","flavor":"random","longest_poll_ns":302761,"ready_task_gap_ns":315822,"ready_task_polls":4,"repetition":0,"schema":"casita.compression-handoff.v1","size":4096,"variant":"inline","wall_ns":328882,"workers":4}
{"chunks":64,"concurrency":16,"correctness":"frame length and complete roundtrip for every indexed chunk","flavor":"random","longest_poll_ns":115168,"ready_task_gap_ns":26120,"ready_task_polls":52,"repetition":0,"schema":"casita.compression-handoff.v1","size":4096,"variant":"inline_4k_yield","wall_ns":434552,"workers":4}
{"chunks":64,"concurrency":16,"correctness":"frame length and complete roundtrip for every indexed chunk","flavor":"random","longest_poll_ns":111607,"ready_task_gap_ns":132978,"ready_task_polls":49,"repetition":1,"schema":"casita.compression-handoff.v1","size":4096,"variant":"inline_4k_yield","wall_ns":533098,"workers":4}
{"chunks":64,"concurrency":16,"correctness":"frame length and complete roundtrip for every indexed chunk","flavor":"random","longest_poll_ns":429802,"ready_task_gap_ns":445237,"ready_task_polls":2,"repetition":1,"schema":"casita.compression-handoff.v1","size":4096,"variant":"inline","wall_ns":446424,"workers":4}
{"chunks":64,"concurrency":16,"correctness":"frame length and complete roundtrip for every indexed chunk","flavor":"random","longest_poll_ns":340755,"ready_task_gap_ns":486793,"ready_task_polls":7,"repetition":1,"schema":"casita.compression-handoff.v1","size":4096,"variant":"blocking","wall_ns":535472,"workers":4}
{"chunks":64,"concurrency":16,"correctness":"frame length and complete roundtrip for every indexed chunk","flavor":"random","longest_poll_ns":237459,"ready_task_gap_ns":313447,"ready_task_polls":6,"repetition":2,"schema":"casita.compression-handoff.v1","size":4096,"variant":"blocking","wall_ns":360939,"workers":4}
{"chunks":64,"concurrency":16,"correctness":"frame length and complete roundtrip for every indexed chunk","flavor":"random","longest_poll_ns":390621,"ready_task_gap_ns":406057,"ready_task_polls":2,"repetition":2,"schema":"casita.compression-handoff.v1","size":4096,"variant":"inline","wall_ns":407243,"workers":4}
{"chunks":64,"concurrency":16,"correctness":"frame length and complete roundtrip for every indexed chunk","flavor":"random","longest_poll_ns":125854,"ready_task_gap_ns":142475,"ready_task_polls":6,"repetition":2,"schema":"casita.compression-handoff.v1","size":4096,"variant":"inline_4k_yield","wall_ns":478482,"workers":4}
{"chunks":64,"concurrency":16,"correctness":"frame length and complete roundtrip for every indexed chunk","flavor":"random","longest_poll_ns":89048,"ready_task_gap_ns":11873,"ready_task_polls":53,"repetition":3,"schema":"casita.compression-handoff.v1","size":4096,"variant":"inline_4k_yield","wall_ns":414367,"workers":4}
{"chunks":64,"concurrency":16,"correctness":"frame length and complete roundtrip for every indexed chunk","flavor":"random","longest_poll_ns":321758,"ready_task_gap_ns":339567,"ready_task_polls":3,"repetition":3,"schema":"casita.compression-handoff.v1","size":4096,"variant":"inline","wall_ns":345504,"workers":4}
{"chunks":64,"concurrency":16,"correctness":"frame length and complete roundtrip for every indexed chunk","flavor":"random","longest_poll_ns":273078,"ready_task_gap_ns":408430,"ready_task_polls":9,"repetition":3,"schema":"casita.compression-handoff.v1","size":4096,"variant":"blocking","wall_ns":476107,"workers":4}
Testing compression_handoff/workers-4/random/4096/16/blocking
Success
Testing compression_handoff/workers-4/random/4096/16/inline
Success
Testing compression_handoff/workers-4/random/4096/16/inline_4k_yield
Success
{"chunks":64,"concurrency":1,"correctness":"frame length and complete roundtrip for every indexed chunk","flavor":"text","longest_poll_ns":10686,"ready_task_gap_ns":45118,"ready_task_polls":177,"repetition":0,"schema":"casita.compression-handoff.v1","size":4096,"variant":"blocking","wall_ns":1972103,"workers":4}
{"chunks":64,"concurrency":1,"correctness":"frame length and complete roundtrip for every indexed chunk","flavor":"text","longest_poll_ns":390622,"ready_task_gap_ns":403682,"ready_task_polls":2,"repetition":0,"schema":"casita.compression-handoff.v1","size":4096,"variant":"inline","wall_ns":404869,"workers":4}
{"chunks":64,"concurrency":1,"correctness":"frame length and complete roundtrip for every indexed chunk","flavor":"text","longest_poll_ns":26120,"ready_task_gap_ns":59365,"ready_task_polls":152,"repetition":0,"schema":"casita.compression-handoff.v1","size":4096,"variant":"inline_4k_yield","wall_ns":1404575,"workers":4}
{"chunks":64,"concurrency":1,"correctness":"frame length and complete roundtrip for every indexed chunk","flavor":"text","longest_poll_ns":27308,"ready_task_gap_ns":41556,"ready_task_polls":130,"repetition":1,"schema":"casita.compression-handoff.v1","size":4096,"variant":"inline_4k_yield","wall_ns":1355895,"workers":4}
{"chunks":64,"concurrency":1,"correctness":"frame length and complete roundtrip for every indexed chunk","flavor":"text","longest_poll_ns":432177,"ready_task_gap_ns":10686,"ready_task_polls":52,"repetition":1,"schema":"casita.compression-handoff.v1","size":4096,"variant":"inline","wall_ns":448799,"workers":4}
{"chunks":64,"concurrency":1,"correctness":"frame length and complete roundtrip for every indexed chunk","flavor":"text","longest_poll_ns":8312,"ready_task_gap_ns":42743,"ready_task_polls":259,"repetition":1,"schema":"casita.compression-handoff.v1","size":4096,"variant":"blocking","wall_ns":2943314,"workers":4}
{"chunks":64,"concurrency":1,"correctness":"frame length and complete roundtrip for every indexed chunk","flavor":"text","longest_poll_ns":7124,"ready_task_gap_ns":26121,"ready_task_polls":179,"repetition":2,"schema":"casita.compression-handoff.v1","size":4096,"variant":"blocking","wall_ns":2054027,"workers":4}
{"chunks":64,"concurrency":1,"correctness":"frame length and complete roundtrip for every indexed chunk","flavor":"text","longest_poll_ns":465421,"ready_task_gap_ns":479669,"ready_task_polls":2,"repetition":2,"schema":"casita.compression-handoff.v1","size":4096,"variant":"inline","wall_ns":480856,"workers":4}
{"chunks":64,"concurrency":1,"correctness":"frame length and complete roundtrip for every indexed chunk","flavor":"text","longest_poll_ns":21372,"ready_task_gap_ns":35619,"ready_task_polls":126,"repetition":2,"schema":"casita.compression-handoff.v1","size":4096,"variant":"inline_4k_yield","wall_ns":1354709,"workers":4}
{"chunks":64,"concurrency":1,"correctness":"frame length and complete roundtrip for every indexed chunk","flavor":"text","longest_poll_ns":30870,"ready_task_gap_ns":81923,"ready_task_polls":119,"repetition":3,"schema":"casita.compression-handoff.v1","size":4096,"variant":"inline_4k_yield","wall_ns":1632536,"workers":4}
{"chunks":64,"concurrency":1,"correctness":"frame length and complete roundtrip for every indexed chunk","flavor":"text","longest_poll_ns":364500,"ready_task_gap_ns":384684,"ready_task_polls":3,"repetition":3,"schema":"casita.compression-handoff.v1","size":4096,"variant":"inline","wall_ns":384684,"workers":4}
{"chunks":64,"concurrency":1,"correctness":"frame length and complete roundtrip for every indexed chunk","flavor":"text","longest_poll_ns":5937,"ready_task_gap_ns":27308,"ready_task_polls":213,"repetition":3,"schema":"casita.compression-handoff.v1","size":4096,"variant":"blocking","wall_ns":2384097,"workers":4}
Testing compression_handoff/workers-4/text/4096/1/blocking
Success
Testing compression_handoff/workers-4/text/4096/1/inline
Success
Testing compression_handoff/workers-4/text/4096/1/inline_4k_yield
Success
{"chunks":64,"concurrency":16,"correctness":"frame length and complete roundtrip for every indexed chunk","flavor":"text","longest_poll_ns":288514,"ready_task_gap_ns":394183,"ready_task_polls":4,"repetition":0,"schema":"casita.compression-handoff.v1","size":4096,"variant":"blocking","wall_ns":413180,"workers":4}
{"chunks":64,"concurrency":16,"correctness":"frame length and complete roundtrip for every indexed chunk","flavor":"text","longest_poll_ns":521224,"ready_task_gap_ns":536659,"ready_task_polls":4,"repetition":0,"schema":"casita.compression-handoff.v1","size":4096,"variant":"inline","wall_ns":546158,"workers":4}
{"chunks":64,"concurrency":16,"correctness":"frame length and complete roundtrip for every indexed chunk","flavor":"text","longest_poll_ns":131790,"ready_task_gap_ns":30870,"ready_task_polls":61,"repetition":0,"schema":"casita.compression-handoff.v1","size":4096,"variant":"inline_4k_yield","wall_ns":515288,"workers":4}
{"chunks":64,"concurrency":16,"correctness":"frame length and complete roundtrip for every indexed chunk","flavor":"text","longest_poll_ns":176908,"ready_task_gap_ns":21372,"ready_task_polls":74,"repetition":1,"schema":"casita.compression-handoff.v1","size":4096,"variant":"inline_4k_yield","wall_ns":606709,"workers":4}
{"chunks":64,"concurrency":16,"correctness":"frame length and complete roundtrip for every indexed chunk","flavor":"text","longest_poll_ns":384684,"ready_task_gap_ns":14248,"ready_task_polls":50,"repetition":1,"schema":"casita.compression-handoff.v1","size":4096,"variant":"inline","wall_ns":409619,"workers":4}
{"chunks":64,"concurrency":16,"correctness":"frame length and complete roundtrip for every indexed chunk","flavor":"text","longest_poll_ns":406056,"ready_task_gap_ns":20184,"ready_task_polls":66,"repetition":1,"schema":"casita.compression-handoff.v1","size":4096,"variant":"blocking","wall_ns":594836,"workers":4}
{"chunks":64,"concurrency":16,"correctness":"frame length and complete roundtrip for every indexed chunk","flavor":"text","longest_poll_ns":312259,"ready_task_gap_ns":397746,"ready_task_polls":4,"repetition":2,"schema":"casita.compression-handoff.v1","size":4096,"variant":"blocking","wall_ns":421491,"workers":4}
{"chunks":64,"concurrency":16,"correctness":"frame length and complete roundtrip for every indexed chunk","flavor":"text","longest_poll_ns":372812,"ready_task_gap_ns":390622,"ready_task_polls":3,"repetition":2,"schema":"casita.compression-handoff.v1","size":4096,"variant":"inline","wall_ns":394183,"workers":4}
{"chunks":64,"concurrency":16,"correctness":"frame length and complete roundtrip for every indexed chunk","flavor":"text","longest_poll_ns":134165,"ready_task_gap_ns":20184,"ready_task_polls":66,"repetition":2,"schema":"casita.compression-handoff.v1","size":4096,"variant":"inline_4k_yield","wall_ns":569904,"workers":4}
{"chunks":64,"concurrency":16,"correctness":"frame length and complete roundtrip for every indexed chunk","flavor":"text","longest_poll_ns":123480,"ready_task_gap_ns":138914,"ready_task_polls":9,"repetition":3,"schema":"casita.compression-handoff.v1","size":4096,"variant":"inline_4k_yield","wall_ns":512913,"workers":4}
{"chunks":64,"concurrency":16,"correctness":"frame length and complete roundtrip for every indexed chunk","flavor":"text","longest_poll_ns":408431,"ready_task_gap_ns":421492,"ready_task_polls":3,"repetition":3,"schema":"casita.compression-handoff.v1","size":4096,"variant":"inline","wall_ns":423866,"workers":4}
{"chunks":64,"concurrency":16,"correctness":"frame length and complete roundtrip for every indexed chunk","flavor":"text","longest_poll_ns":270704,"ready_task_gap_ns":18997,"ready_task_polls":45,"repetition":3,"schema":"casita.compression-handoff.v1","size":4096,"variant":"blocking","wall_ns":382310,"workers":4}
Testing compression_handoff/workers-4/text/4096/16/blocking
Success
Testing compression_handoff/workers-4/text/4096/16/inline
Success
Testing compression_handoff/workers-4/text/4096/16/inline_4k_yield
Success
{"chunks":64,"concurrency":1,"correctness":"frame length and complete roundtrip for every indexed chunk","flavor":"random","longest_poll_ns":10686,"ready_task_gap_ns":28495,"ready_task_polls":359,"repetition":0,"schema":"casita.compression-handoff.v1","size":4097,"variant":"blocking","wall_ns":4021382,"workers":4}
{"chunks":64,"concurrency":1,"correctness":"frame length and complete roundtrip for every indexed chunk","flavor":"random","longest_poll_ns":429802,"ready_task_gap_ns":453548,"ready_task_polls":3,"repetition":0,"schema":"casita.compression-handoff.v1","size":4097,"variant":"inline","wall_ns":454735,"workers":4}
{"chunks":64,"concurrency":1,"correctness":"frame length and complete roundtrip for every indexed chunk","flavor":"random","longest_poll_ns":13060,"ready_task_gap_ns":34432,"ready_task_polls":386,"repetition":0,"schema":"casita.compression-handoff.v1","size":4097,"variant":"inline_4k_yield","wall_ns":3739992,"workers":4}
{"chunks":64,"concurrency":1,"correctness":"frame length and complete roundtrip for every indexed chunk","flavor":"random","longest_poll_ns":7124,"ready_task_gap_ns":36806,"ready_task_polls":333,"repetition":1,"schema":"casita.compression-handoff.v1","size":4097,"variant":"inline_4k_yield","wall_ns":3572583,"workers":4}
{"chunks":64,"concurrency":1,"correctness":"frame length and complete roundtrip for every indexed chunk","flavor":"random","longest_poll_ns":415555,"ready_task_gap_ns":439301,"ready_task_polls":3,"repetition":1,"schema":"casita.compression-handoff.v1","size":4097,"variant":"inline","wall_ns":445237,"workers":4}
{"chunks":64,"concurrency":1,"correctness":"frame length and complete roundtrip for every indexed chunk","flavor":"random","longest_poll_ns":5937,"ready_task_gap_ns":29682,"ready_task_polls":334,"repetition":1,"schema":"casita.compression-handoff.v1","size":4097,"variant":"blocking","wall_ns":3618887,"workers":4}
{"chunks":64,"concurrency":1,"correctness":"frame length and complete roundtrip for every indexed chunk","flavor":"random","longest_poll_ns":7123,"ready_task_gap_ns":28496,"ready_task_polls":316,"repetition":2,"schema":"casita.compression-handoff.v1","size":4097,"variant":"blocking","wall_ns":3339872,"workers":4}
{"chunks":64,"concurrency":1,"correctness":"frame length and complete roundtrip for every indexed chunk","flavor":"random","longest_poll_ns":377561,"ready_task_gap_ns":398932,"ready_task_polls":3,"repetition":2,"schema":"casita.compression-handoff.v1","size":4097,"variant":"inline","wall_ns":402495,"workers":4}
{"chunks":64,"concurrency":1,"correctness":"frame length and complete roundtrip for every indexed chunk","flavor":"random","longest_poll_ns":33245,"ready_task_gap_ns":157911,"ready_task_polls":421,"repetition":2,"schema":"casita.compression-handoff.v1","size":4097,"variant":"inline_4k_yield","wall_ns":6190577,"workers":4}
{"chunks":64,"concurrency":1,"correctness":"frame length and complete roundtrip for every indexed chunk","flavor":"random","longest_poll_ns":13060,"ready_task_gap_ns":39181,"ready_task_polls":411,"repetition":3,"schema":"casita.compression-handoff.v1","size":4097,"variant":"inline_4k_yield","wall_ns":3691313,"workers":4}
{"chunks":64,"concurrency":1,"correctness":"frame length and complete roundtrip for every indexed chunk","flavor":"random","longest_poll_ns":350253,"ready_task_gap_ns":388247,"ready_task_polls":2,"repetition":3,"schema":"casita.compression-handoff.v1","size":4097,"variant":"inline","wall_ns":372812,"workers":4}
{"chunks":64,"concurrency":1,"correctness":"frame length and complete roundtrip for every indexed chunk","flavor":"random","longest_poll_ns":22558,"ready_task_gap_ns":36806,"ready_task_polls":376,"repetition":3,"schema":"casita.compression-handoff.v1","size":4097,"variant":"blocking","wall_ns":3875344,"workers":4}
Testing compression_handoff/workers-4/random/4097/1/blocking
Success
Testing compression_handoff/workers-4/random/4097/1/inline
Success
Testing compression_handoff/workers-4/random/4097/1/inline_4k_yield
Success
{"chunks":64,"concurrency":16,"correctness":"frame length and complete roundtrip for every indexed chunk","flavor":"random","longest_poll_ns":204216,"ready_task_gap_ns":298012,"ready_task_polls":3,"repetition":0,"schema":"casita.compression-handoff.v1","size":4097,"variant":"blocking","wall_ns":303949,"workers":4}
{"chunks":64,"concurrency":16,"correctness":"frame length and complete roundtrip for every indexed chunk","flavor":"random","longest_poll_ns":537846,"ready_task_gap_ns":20184,"ready_task_polls":57,"repetition":0,"schema":"casita.compression-handoff.v1","size":4097,"variant":"inline","wall_ns":554468,"workers":4}
{"chunks":64,"concurrency":16,"correctness":"frame length and complete roundtrip for every indexed chunk","flavor":"random","longest_poll_ns":355002,"ready_task_gap_ns":493917,"ready_task_polls":9,"repetition":0,"schema":"casita.compression-handoff.v1","size":4097,"variant":"inline_4k_yield","wall_ns":541409,"workers":4}
{"chunks":64,"concurrency":16,"correctness":"frame length and complete roundtrip for every indexed chunk","flavor":"random","longest_poll_ns":311072,"ready_task_gap_ns":415554,"ready_task_polls":6,"repetition":1,"schema":"casita.compression-handoff.v1","size":4097,"variant":"inline_4k_yield","wall_ns":455923,"workers":4}
{"chunks":64,"concurrency":16,"correctness":"frame length and complete roundtrip for every indexed chunk","flavor":"random","longest_poll_ns":321758,"ready_task_gap_ns":334818,"ready_task_polls":3,"repetition":1,"schema":"casita.compression-handoff.v1","size":4097,"variant":"inline","wall_ns":336005,"workers":4}
{"chunks":64,"concurrency":16,"correctness":"frame length and complete roundtrip for every indexed chunk","flavor":"random","longest_poll_ns":273079,"ready_task_gap_ns":388247,"ready_task_polls":5,"repetition":1,"schema":"casita.compression-handoff.v1","size":4097,"variant":"blocking","wall_ns":419116,"workers":4}
{"chunks":64,"concurrency":16,"correctness":"frame length and complete roundtrip for every indexed chunk","flavor":"random","longest_poll_ns":226774,"ready_task_gap_ns":312260,"ready_task_polls":10,"repetition":2,"schema":"casita.compression-handoff.v1","size":4097,"variant":"blocking","wall_ns":376373,"workers":4}
{"chunks":64,"concurrency":16,"correctness":"frame length and complete roundtrip for every indexed chunk","flavor":"random","longest_poll_ns":404869,"ready_task_gap_ns":420304,"ready_task_polls":2,"repetition":2,"schema":"casita.compression-handoff.v1","size":4097,"variant":"inline","wall_ns":417929,"workers":4}
{"chunks":64,"concurrency":16,"correctness":"frame length and complete roundtrip for every indexed chunk","flavor":"random","longest_poll_ns":299199,"ready_task_gap_ns":384685,"ready_task_polls":10,"repetition":2,"schema":"casita.compression-handoff.v1","size":4097,"variant":"inline_4k_yield","wall_ns":472545,"workers":4}
{"chunks":64,"concurrency":16,"correctness":"frame length and complete roundtrip for every indexed chunk","flavor":"random","longest_poll_ns":314634,"ready_task_gap_ns":381123,"ready_task_polls":4,"repetition":3,"schema":"casita.compression-handoff.v1","size":4097,"variant":"inline_4k_yield","wall_ns":423865,"workers":4}
{"chunks":64,"concurrency":16,"correctness":"frame length and complete roundtrip for every indexed chunk","flavor":"random","longest_poll_ns":435739,"ready_task_gap_ns":21371,"ready_task_polls":48,"repetition":3,"schema":"casita.compression-handoff.v1","size":4097,"variant":"inline","wall_ns":449986,"workers":4}
{"chunks":64,"concurrency":16,"correctness":"frame length and complete roundtrip for every indexed chunk","flavor":"random","longest_poll_ns":200653,"ready_task_gap_ns":305136,"ready_task_polls":5,"repetition":3,"schema":"casita.compression-handoff.v1","size":4097,"variant":"blocking","wall_ns":324132,"workers":4}
Testing compression_handoff/workers-4/random/4097/16/blocking
Success
Testing compression_handoff/workers-4/random/4097/16/inline
Success
Testing compression_handoff/workers-4/random/4097/16/inline_4k_yield
Success
{"chunks":64,"concurrency":1,"correctness":"frame length and complete roundtrip for every indexed chunk","flavor":"text","longest_poll_ns":10686,"ready_task_gap_ns":32057,"ready_task_polls":201,"repetition":0,"schema":"casita.compression-handoff.v1","size":4097,"variant":"blocking","wall_ns":2203627,"workers":4}
{"chunks":64,"concurrency":1,"correctness":"frame length and complete roundtrip for every indexed chunk","flavor":"text","longest_poll_ns":505789,"ready_task_gap_ns":521224,"ready_task_polls":3,"repetition":0,"schema":"casita.compression-handoff.v1","size":4097,"variant":"inline","wall_ns":525974,"workers":4}
{"chunks":64,"concurrency":1,"correctness":"frame length and complete roundtrip for every indexed chunk","flavor":"text","longest_poll_ns":8311,"ready_task_gap_ns":68863,"ready_task_polls":201,"repetition":0,"schema":"casita.compression-handoff.v1","size":4097,"variant":"inline_4k_yield","wall_ns":2711791,"workers":4}
{"chunks":64,"concurrency":1,"correctness":"frame length and complete roundtrip for every indexed chunk","flavor":"text","longest_poll_ns":14248,"ready_task_gap_ns":24933,"ready_task_polls":203,"repetition":1,"schema":"casita.compression-handoff.v1","size":4097,"variant":"inline_4k_yield","wall_ns":2196503,"workers":4}
{"chunks":64,"concurrency":1,"correctness":"frame length and complete roundtrip for every indexed chunk","flavor":"text","longest_poll_ns":486793,"ready_task_gap_ns":502228,"ready_task_polls":4,"repetition":1,"schema":"casita.compression-handoff.v1","size":4097,"variant":"inline","wall_ns":510539,"workers":4}
{"chunks":64,"concurrency":1,"correctness":"frame length and complete roundtrip for every indexed chunk","flavor":"text","longest_poll_ns":22558,"ready_task_gap_ns":74800,"ready_task_polls":181,"repetition":1,"schema":"casita.compression-handoff.v1","size":4097,"variant":"blocking","wall_ns":2501639,"workers":4}
{"chunks":64,"concurrency":1,"correctness":"frame length and complete roundtrip for every indexed chunk","flavor":"text","longest_poll_ns":15435,"ready_task_gap_ns":585339,"ready_task_polls":183,"repetition":2,"schema":"casita.compression-handoff.v1","size":4097,"variant":"blocking","wall_ns":2617994,"workers":4}
{"chunks":64,"concurrency":1,"correctness":"frame length and complete roundtrip for every indexed chunk","flavor":"text","longest_poll_ns":384685,"ready_task_gap_ns":397746,"ready_task_polls":4,"repetition":2,"schema":"casita.compression-handoff.v1","size":4097,"variant":"inline","wall_ns":410805,"workers":4}
{"chunks":64,"concurrency":1,"correctness":"frame length and complete roundtrip for every indexed chunk","flavor":"text","longest_poll_ns":8311,"ready_task_gap_ns":39180,"ready_task_polls":190,"repetition":2,"schema":"casita.compression-handoff.v1","size":4097,"variant":"inline_4k_yield","wall_ns":2354414,"workers":4}
{"chunks":64,"concurrency":1,"correctness":"frame length and complete roundtrip for every indexed chunk","flavor":"text","longest_poll_ns":11873,"ready_task_gap_ns":29682,"ready_task_polls":175,"repetition":3,"schema":"casita.compression-handoff.v1","size":4097,"variant":"inline_4k_yield","wall_ns":1913926,"workers":4}
{"chunks":64,"concurrency":1,"correctness":"frame length and complete roundtrip for every indexed chunk","flavor":"text","longest_poll_ns":493916,"ready_task_gap_ns":517662,"ready_task_polls":4,"repetition":3,"schema":"casita.compression-handoff.v1","size":4097,"variant":"inline","wall_ns":525974,"workers":4}
{"chunks":64,"concurrency":1,"correctness":"frame length and complete roundtrip for every indexed chunk","flavor":"text","longest_poll_ns":5937,"ready_task_gap_ns":49866,"ready_task_polls":185,"repetition":3,"schema":"casita.compression-handoff.v1","size":4097,"variant":"blocking","wall_ns":2196503,"workers":4}
Testing compression_handoff/workers-4/text/4097/1/blocking
Success
Testing compression_handoff/workers-4/text/4097/1/inline
Success
Testing compression_handoff/workers-4/text/4097/1/inline_4k_yield
Success
{"chunks":64,"concurrency":16,"correctness":"frame length and complete roundtrip for every indexed chunk","flavor":"text","longest_poll_ns":279015,"ready_task_gap_ns":22558,"ready_task_polls":45,"repetition":0,"schema":"casita.compression-handoff.v1","size":4097,"variant":"blocking","wall_ns":395370,"workers":4}
{"chunks":64,"concurrency":16,"correctness":"frame length and complete roundtrip for every indexed chunk","flavor":"text","longest_poll_ns":387060,"ready_task_gap_ns":18996,"ready_task_polls":46,"repetition":0,"schema":"casita.compression-handoff.v1","size":4097,"variant":"inline","wall_ns":404869,"workers":4}
{"chunks":64,"concurrency":16,"correctness":"frame length and complete roundtrip for every indexed chunk","flavor":"text","longest_poll_ns":414368,"ready_task_gap_ns":23746,"ready_task_polls":79,"repetition":0,"schema":"casita.compression-handoff.v1","size":4097,"variant":"inline_4k_yield","wall_ns":772931,"workers":4}
{"chunks":64,"concurrency":16,"correctness":"frame length and complete roundtrip for every indexed chunk","flavor":"text","longest_poll_ns":283764,"ready_task_gap_ns":381123,"ready_task_polls":5,"repetition":1,"schema":"casita.compression-handoff.v1","size":4097,"variant":"inline_4k_yield","wall_ns":395371,"workers":4}
{"chunks":64,"concurrency":16,"correctness":"frame length and complete roundtrip for every indexed chunk","flavor":"text","longest_poll_ns":505790,"ready_task_gap_ns":522411,"ready_task_polls":3,"repetition":1,"schema":"casita.compression-handoff.v1","size":4097,"variant":"inline","wall_ns":524786,"workers":4}
{"chunks":64,"concurrency":16,"correctness":"frame length and complete roundtrip for every indexed chunk","flavor":"text","longest_poll_ns":313447,"ready_task_gap_ns":330069,"ready_task_polls":8,"repetition":1,"schema":"casita.compression-handoff.v1","size":4097,"variant":"blocking","wall_ns":446424,"workers":4}
{"chunks":64,"concurrency":16,"correctness":"frame length and complete roundtrip for every indexed chunk","flavor":"text","longest_poll_ns":280202,"ready_task_gap_ns":384685,"ready_task_polls":7,"repetition":2,"schema":"casita.compression-handoff.v1","size":4097,"variant":"blocking","wall_ns":420304,"workers":4}
{"chunks":64,"concurrency":16,"correctness":"frame length and complete roundtrip for every indexed chunk","flavor":"text","longest_poll_ns":525973,"ready_task_gap_ns":28495,"ready_task_polls":65,"repetition":2,"schema":"casita.compression-handoff.v1","size":4097,"variant":"inline","wall_ns":556843,"workers":4}
{"chunks":64,"concurrency":16,"correctness":"frame length and complete roundtrip for every indexed chunk","flavor":"text","longest_poll_ns":233897,"ready_task_gap_ns":396558,"ready_task_polls":8,"repetition":2,"schema":"casita.compression-handoff.v1","size":4097,"variant":"inline_4k_yield","wall_ns":455923,"workers":4}
{"chunks":64,"concurrency":16,"correctness":"frame length and complete roundtrip for every indexed chunk","flavor":"text","longest_poll_ns":279015,"ready_task_gap_ns":428615,"ready_task_polls":5,"repetition":3,"schema":"casita.compression-handoff.v1","size":4097,"variant":"inline_4k_yield","wall_ns":448799,"workers":4}
{"chunks":64,"concurrency":16,"correctness":"frame length and complete roundtrip for every indexed chunk","flavor":"text","longest_poll_ns":406056,"ready_task_gap_ns":14248,"ready_task_polls":50,"repetition":3,"schema":"casita.compression-handoff.v1","size":4097,"variant":"inline","wall_ns":427428,"workers":4}
{"chunks":64,"concurrency":16,"correctness":"frame length and complete roundtrip for every indexed chunk","flavor":"text","longest_poll_ns":273078,"ready_task_gap_ns":41555,"ready_task_polls":42,"repetition":3,"schema":"casita.compression-handoff.v1","size":4097,"variant":"blocking","wall_ns":373999,"workers":4}
Testing compression_handoff/workers-4/text/4097/16/blocking
Success
Testing compression_handoff/workers-4/text/4097/16/inline
Success
Testing compression_handoff/workers-4/text/4097/16/inline_4k_yield
Success
{"chunks":64,"concurrency":1,"correctness":"frame length and complete roundtrip for every indexed chunk","flavor":"random","longest_poll_ns":30870,"ready_task_gap_ns":142475,"ready_task_polls":443,"repetition":0,"schema":"casita.compression-handoff.v1","size":16384,"variant":"blocking","wall_ns":5182560,"workers":4}
{"chunks":64,"concurrency":1,"correctness":"frame length and complete roundtrip for every indexed chunk","flavor":"random","longest_poll_ns":1213419,"ready_task_gap_ns":1237166,"ready_task_polls":5,"repetition":0,"schema":"casita.compression-handoff.v1","size":16384,"variant":"inline","wall_ns":1247851,"workers":4}
{"chunks":64,"concurrency":1,"correctness":"frame length and complete roundtrip for every indexed chunk","flavor":"random","longest_poll_ns":15435,"ready_task_gap_ns":144850,"ready_task_polls":420,"repetition":0,"schema":"casita.compression-handoff.v1","size":16384,"variant":"inline_4k_yield","wall_ns":4782441,"workers":4}
{"chunks":64,"concurrency":1,"correctness":"frame length and complete roundtrip for every indexed chunk","flavor":"random","longest_poll_ns":15435,"ready_task_gap_ns":146038,"ready_task_polls":408,"repetition":1,"schema":"casita.compression-handoff.v1","size":16384,"variant":"inline_4k_yield","wall_ns":4756320,"workers":4}
{"chunks":64,"concurrency":1,"correctness":"frame length and complete roundtrip for every indexed chunk","flavor":"random","longest_poll_ns":990207,"ready_task_gap_ns":22559,"ready_task_polls":122,"repetition":1,"schema":"casita.compression-handoff.v1","size":16384,"variant":"inline","wall_ns":1018702,"workers":4}
{"chunks":64,"concurrency":1,"correctness":"frame length and complete roundtrip for every indexed chunk","flavor":"random","longest_poll_ns":7124,"ready_task_gap_ns":26121,"ready_task_polls":533,"repetition":1,"schema":"casita.compression-handoff.v1","size":16384,"variant":"blocking","wall_ns":5080452,"workers":4}
{"chunks":64,"concurrency":1,"correctness":"frame length and complete roundtrip for every indexed chunk","flavor":"random","longest_poll_ns":10686,"ready_task_gap_ns":43930,"ready_task_polls":574,"repetition":2,"schema":"casita.compression-handoff.v1","size":16384,"variant":"blocking","wall_ns":5587429,"workers":4}
{"chunks":64,"concurrency":1,"correctness":"frame length and complete roundtrip for every indexed chunk","flavor":"random","longest_poll_ns":1771450,"ready_task_gap_ns":1796383,"ready_task_polls":3,"repetition":2,"schema":"casita.compression-handoff.v1","size":16384,"variant":"inline","wall_ns":1798758,"workers":4}
{"chunks":64,"concurrency":1,"correctness":"frame length and complete roundtrip for every indexed chunk","flavor":"random","longest_poll_ns":40368,"ready_task_gap_ns":100921,"ready_task_polls":829,"repetition":2,"schema":"casita.compression-handoff.v1","size":16384,"variant":"inline_4k_yield","wall_ns":8550928,"workers":4}
{"chunks":64,"concurrency":1,"correctness":"frame length and complete roundtrip for every indexed chunk","flavor":"random","longest_poll_ns":18997,"ready_task_gap_ns":67676,"ready_task_polls":609,"repetition":3,"schema":"casita.compression-handoff.v1","size":16384,"variant":"inline_4k_yield","wall_ns":6274875,"workers":4}
{"chunks":64,"concurrency":1,"correctness":"frame length and complete roundtrip for every indexed chunk","flavor":"random","longest_poll_ns":961712,"ready_task_gap_ns":45118,"ready_task_polls":84,"repetition":3,"schema":"casita.compression-handoff.v1","size":16384,"variant":"inline","wall_ns":991395,"workers":4}
{"chunks":64,"concurrency":1,"correctness":"frame length and complete roundtrip for every indexed chunk","flavor":"random","longest_poll_ns":21371,"ready_task_gap_ns":115168,"ready_task_polls":507,"repetition":3,"schema":"casita.compression-handoff.v1","size":16384,"variant":"blocking","wall_ns":5192059,"workers":4}
Testing compression_handoff/workers-4/random/16384/1/blocking
Success
Testing compression_handoff/workers-4/random/16384/1/inline
Success
Testing compression_handoff/workers-4/random/16384/1/inline_4k_yield
Success
{"chunks":64,"concurrency":16,"correctness":"frame length and complete roundtrip for every indexed chunk","flavor":"random","longest_poll_ns":187593,"ready_task_gap_ns":256457,"ready_task_polls":14,"repetition":0,"schema":"casita.compression-handoff.v1","size":16384,"variant":"blocking","wall_ns":704068,"workers":4}
{"chunks":64,"concurrency":16,"correctness":"frame length and complete roundtrip for every indexed chunk","flavor":"random","longest_poll_ns":1017515,"ready_task_gap_ns":1038887,"ready_task_polls":2,"repetition":0,"schema":"casita.compression-handoff.v1","size":16384,"variant":"inline","wall_ns":1040074,"workers":4}
{"chunks":64,"concurrency":16,"correctness":"frame length and complete roundtrip for every indexed chunk","flavor":"random","longest_poll_ns":263580,"ready_task_gap_ns":400120,"ready_task_polls":11,"repetition":0,"schema":"casita.compression-handoff.v1","size":16384,"variant":"inline_4k_yield","wall_ns":818049,"workers":4}
{"chunks":64,"concurrency":16,"correctness":"frame length and complete roundtrip for every indexed chunk","flavor":"random","longest_poll_ns":274266,"ready_task_gap_ns":411992,"ready_task_polls":14,"repetition":1,"schema":"casita.compression-handoff.v1","size":16384,"variant":"inline_4k_yield","wall_ns":808551,"workers":4}
{"chunks":64,"concurrency":16,"correctness":"frame length and complete roundtrip for every indexed chunk","flavor":"random","longest_poll_ns":1070943,"ready_task_gap_ns":1107749,"ready_task_polls":11,"repetition":1,"schema":"casita.compression-handoff.v1","size":16384,"variant":"inline","wall_ns":1173051,"workers":4}
{"chunks":64,"concurrency":16,"correctness":"frame length and complete roundtrip for every indexed chunk","flavor":"random","longest_poll_ns":411993,"ready_task_gap_ns":534285,"ready_task_polls":15,"repetition":1,"schema":"casita.compression-handoff.v1","size":16384,"variant":"blocking","wall_ns":1089941,"workers":4}
{"chunks":64,"concurrency":16,"correctness":"frame length and complete roundtrip for every indexed chunk","flavor":"random","longest_poll_ns":708817,"ready_task_gap_ns":729002,"ready_task_polls":17,"repetition":2,"schema":"casita.compression-handoff.v1","size":16384,"variant":"blocking","wall_ns":1133870,"workers":4}
{"chunks":64,"concurrency":16,"correctness":"frame length and complete roundtrip for every indexed chunk","flavor":"random","longest_poll_ns":1803507,"ready_task_gap_ns":1833190,"ready_task_polls":3,"repetition":2,"schema":"casita.compression-handoff.v1","size":16384,"variant":"inline","wall_ns":1837939,"workers":4}
{"chunks":64,"concurrency":16,"correctness":"frame length and complete roundtrip for every indexed chunk","flavor":"random","longest_poll_ns":694570,"ready_task_gap_ns":719503,"ready_task_polls":10,"repetition":2,"schema":"casita.compression-handoff.v1","size":16384,"variant":"inline_4k_yield","wall_ns":1042449,"workers":4}
{"chunks":64,"concurrency":16,"correctness":"frame length and complete roundtrip for every indexed chunk","flavor":"random","longest_poll_ns":98546,"ready_task_gap_ns":187593,"ready_task_polls":70,"repetition":3,"schema":"casita.compression-handoff.v1","size":16384,"variant":"inline_4k_yield","wall_ns":956963,"workers":4}
{"chunks":64,"concurrency":16,"correctness":"frame length and complete roundtrip for every indexed chunk","flavor":"random","longest_poll_ns":1149305,"ready_task_gap_ns":1194423,"ready_task_polls":2,"repetition":3,"schema":"casita.compression-handoff.v1","size":16384,"variant":"inline","wall_ns":1186111,"workers":4}
{"chunks":64,"concurrency":16,"correctness":"frame length and complete roundtrip for every indexed chunk","flavor":"random","longest_poll_ns":198279,"ready_task_gap_ns":401307,"ready_task_polls":44,"repetition":3,"schema":"casita.compression-handoff.v1","size":16384,"variant":"blocking","wall_ns":1062632,"workers":4}
Testing compression_handoff/workers-4/random/16384/16/blocking
Success
Testing compression_handoff/workers-4/random/16384/16/inline
Success
Testing compression_handoff/workers-4/random/16384/16/inline_4k_yield
Success
{"chunks":64,"concurrency":1,"correctness":"frame length and complete roundtrip for every indexed chunk","flavor":"text","longest_poll_ns":15435,"ready_task_gap_ns":39181,"ready_task_polls":291,"repetition":0,"schema":"casita.compression-handoff.v1","size":16384,"variant":"blocking","wall_ns":2975372,"workers":4}
{"chunks":64,"concurrency":1,"correctness":"frame length and complete roundtrip for every indexed chunk","flavor":"text","longest_poll_ns":1177800,"ready_task_gap_ns":1205109,"ready_task_polls":2,"repetition":0,"schema":"casita.compression-handoff.v1","size":16384,"variant":"inline","wall_ns":1200359,"workers":4}
{"chunks":64,"concurrency":1,"correctness":"frame length and complete roundtrip for every indexed chunk","flavor":"text","longest_poll_ns":8311,"ready_task_gap_ns":28495,"ready_task_polls":296,"repetition":0,"schema":"casita.compression-handoff.v1","size":16384,"variant":"inline_4k_yield","wall_ns":3153466,"workers":4}
{"chunks":64,"concurrency":1,"correctness":"frame length and complete roundtrip for every indexed chunk","flavor":"text","longest_poll_ns":16622,"ready_task_gap_ns":39181,"ready_task_polls":287,"repetition":1,"schema":"casita.compression-handoff.v1","size":16384,"variant":"inline_4k_yield","wall_ns":3303066,"workers":4}
{"chunks":64,"concurrency":1,"correctness":"frame length and complete roundtrip for every indexed chunk","flavor":"text","longest_poll_ns":723065,"ready_task_gap_ns":13060,"ready_task_polls":85,"repetition":1,"schema":"casita.compression-handoff.v1","size":16384,"variant":"inline","wall_ns":742062,"workers":4}
{"chunks":64,"concurrency":1,"correctness":"frame length and complete roundtrip for every indexed chunk","flavor":"text","longest_poll_ns":9498,"ready_task_gap_ns":33244,"ready_task_polls":286,"repetition":1,"schema":"casita.compression-handoff.v1","size":16384,"variant":"blocking","wall_ns":3171276,"workers":4}
{"chunks":64,"concurrency":1,"correctness":"frame length and complete roundtrip for every indexed chunk","flavor":"text","longest_poll_ns":7124,"ready_task_gap_ns":41555,"ready_task_polls":271,"repetition":2,"schema":"casita.compression-handoff.v1","size":16384,"variant":"blocking","wall_ns":2924317,"workers":4}
{"chunks":64,"concurrency":1,"correctness":"frame length and complete roundtrip for every indexed chunk","flavor":"text","longest_poll_ns":949839,"ready_task_gap_ns":965274,"ready_task_polls":3,"repetition":2,"schema":"casita.compression-handoff.v1","size":16384,"variant":"inline","wall_ns":972398,"workers":4}
{"chunks":64,"concurrency":1,"correctness":"frame length and complete roundtrip for every indexed chunk","flavor":"text","longest_poll_ns":17810,"ready_task_gap_ns":28495,"ready_task_polls":321,"repetition":2,"schema":"casita.compression-handoff.v1","size":16384,"variant":"inline_4k_yield","wall_ns":3280507,"workers":4}
{"chunks":64,"concurrency":1,"correctness":"frame length and complete roundtrip for every indexed chunk","flavor":"text","longest_poll_ns":27308,"ready_task_gap_ns":47492,"ready_task_polls":280,"repetition":3,"schema":"casita.compression-handoff.v1","size":16384,"variant":"inline_4k_yield","wall_ns":3086978,"workers":4}
{"chunks":64,"concurrency":1,"correctness":"frame length and complete roundtrip for every indexed chunk","flavor":"text","longest_poll_ns":918969,"ready_task_gap_ns":935591,"ready_task_polls":3,"repetition":3,"schema":"casita.compression-handoff.v1","size":16384,"variant":"inline","wall_ns":941529,"workers":4}
{"chunks":64,"concurrency":1,"correctness":"frame length and complete roundtrip for every indexed chunk","flavor":"text","longest_poll_ns":8311,"ready_task_gap_ns":27308,"ready_task_polls":303,"repetition":3,"schema":"casita.compression-handoff.v1","size":16384,"variant":"blocking","wall_ns":3192647,"workers":4}
Testing compression_handoff/workers-4/text/16384/1/blocking
Success
Testing compression_handoff/workers-4/text/16384/1/inline
Success
Testing compression_handoff/workers-4/text/16384/1/inline_4k_yield
Success
{"chunks":64,"concurrency":16,"correctness":"frame length and complete roundtrip for every indexed chunk","flavor":"text","longest_poll_ns":248146,"ready_task_gap_ns":279015,"ready_task_polls":7,"repetition":0,"schema":"casita.compression-handoff.v1","size":16384,"variant":"blocking","wall_ns":438113,"workers":4}
{"chunks":64,"concurrency":16,"correctness":"frame length and complete roundtrip for every indexed chunk","flavor":"text","longest_poll_ns":752748,"ready_task_gap_ns":20184,"ready_task_polls":91,"repetition":0,"schema":"casita.compression-handoff.v1","size":16384,"variant":"inline","wall_ns":770557,"workers":4}
{"chunks":64,"concurrency":16,"correctness":"frame length and complete roundtrip for every indexed chunk","flavor":"text","longest_poll_ns":357377,"ready_task_gap_ns":471358,"ready_task_polls":3,"repetition":0,"schema":"casita.compression-handoff.v1","size":16384,"variant":"inline_4k_yield","wall_ns":499853,"workers":4}
{"chunks":64,"concurrency":16,"correctness":"frame length and complete roundtrip for every indexed chunk","flavor":"text","longest_poll_ns":273079,"ready_task_gap_ns":370437,"ready_task_polls":6,"repetition":1,"schema":"casita.compression-handoff.v1","size":16384,"variant":"inline_4k_yield","wall_ns":422678,"workers":4}
{"chunks":64,"concurrency":16,"correctness":"frame length and complete roundtrip for every indexed chunk","flavor":"text","longest_poll_ns":751560,"ready_task_gap_ns":20184,"ready_task_polls":86,"repetition":1,"schema":"casita.compression-handoff.v1","size":16384,"variant":"inline","wall_ns":771744,"workers":4}
{"chunks":64,"concurrency":16,"correctness":"frame length and complete roundtrip for every indexed chunk","flavor":"text","longest_poll_ns":281390,"ready_task_gap_ns":264768,"ready_task_polls":19,"repetition":1,"schema":"casita.compression-handoff.v1","size":16384,"variant":"blocking","wall_ns":628081,"workers":4}
{"chunks":64,"concurrency":16,"correctness":"frame length and complete roundtrip for every indexed chunk","flavor":"text","longest_poll_ns":197091,"ready_task_gap_ns":239835,"ready_task_polls":5,"repetition":2,"schema":"casita.compression-handoff.v1","size":16384,"variant":"blocking","wall_ns":346691,"workers":4}
{"chunks":64,"concurrency":16,"correctness":"frame length and complete roundtrip for every indexed chunk","flavor":"text","longest_poll_ns":972398,"ready_task_gap_ns":18997,"ready_task_polls":114,"repetition":2,"schema":"casita.compression-handoff.v1","size":16384,"variant":"inline","wall_ns":998518,"workers":4}
{"chunks":64,"concurrency":16,"correctness":"frame length and complete roundtrip for every indexed chunk","flavor":"text","longest_poll_ns":327694,"ready_task_gap_ns":61739,"ready_task_polls":57,"repetition":2,"schema":"casita.compression-handoff.v1","size":16384,"variant":"inline_4k_yield","wall_ns":580589,"workers":4}
{"chunks":64,"concurrency":16,"correctness":"frame length and complete roundtrip for every indexed chunk","flavor":"text","longest_poll_ns":332444,"ready_task_gap_ns":355003,"ready_task_polls":13,"repetition":3,"schema":"casita.compression-handoff.v1","size":16384,"variant":"inline_4k_yield","wall_ns":465422,"workers":4}
{"chunks":64,"concurrency":16,"correctness":"frame length and complete roundtrip for every indexed chunk","flavor":"text","longest_poll_ns":758684,"ready_task_gap_ns":782431,"ready_task_polls":3,"repetition":3,"schema":"casita.compression-handoff.v1","size":16384,"variant":"inline","wall_ns":785992,"workers":4}
{"chunks":64,"concurrency":16,"correctness":"frame length and complete roundtrip for every indexed chunk","flavor":"text","longest_poll_ns":1522117,"ready_task_gap_ns":2106268,"ready_task_polls":5,"repetition":3,"schema":"casita.compression-handoff.v1","size":16384,"variant":"blocking","wall_ns":2144262,"workers":4}
Testing compression_handoff/workers-4/text/16384/16/blocking
Success
Testing compression_handoff/workers-4/text/16384/16/inline
Success
Testing compression_handoff/workers-4/text/16384/16/inline_4k_yield
Success
{"chunks":64,"concurrency":1,"correctness":"frame length and complete roundtrip for every indexed chunk","flavor":"random","longest_poll_ns":16622,"ready_task_gap_ns":34431,"ready_task_polls":773,"repetition":0,"schema":"casita.compression-handoff.v1","size":65536,"variant":"blocking","wall_ns":7376688,"workers":4}
{"chunks":64,"concurrency":1,"correctness":"frame length and complete roundtrip for every indexed chunk","flavor":"random","longest_poll_ns":3261510,"ready_task_gap_ns":21371,"ready_task_polls":418,"repetition":0,"schema":"casita.compression-handoff.v1","size":65536,"variant":"inline","wall_ns":3297129,"workers":4}
{"chunks":64,"concurrency":1,"correctness":"frame length and complete roundtrip for every indexed chunk","flavor":"random","longest_poll_ns":14248,"ready_task_gap_ns":36806,"ready_task_polls":736,"repetition":0,"schema":"casita.compression-handoff.v1","size":65536,"variant":"inline_4k_yield","wall_ns":6925515,"workers":4}
{"chunks":64,"concurrency":1,"correctness":"frame length and complete roundtrip for every indexed chunk","flavor":"random","longest_poll_ns":9499,"ready_task_gap_ns":30870,"ready_task_polls":711,"repetition":1,"schema":"casita.compression-handoff.v1","size":65536,"variant":"inline_4k_yield","wall_ns":7018124,"workers":4}
{"chunks":64,"concurrency":1,"correctness":"frame length and complete roundtrip for every indexed chunk","flavor":"random","longest_poll_ns":3542901,"ready_task_gap_ns":3563084,"ready_task_polls":6,"repetition":1,"schema":"casita.compression-handoff.v1","size":65536,"variant":"inline","wall_ns":3588017,"workers":4}
{"chunks":64,"concurrency":1,"correctness":"frame length and complete roundtrip for every indexed chunk","flavor":"random","longest_poll_ns":15435,"ready_task_gap_ns":30870,"ready_task_polls":787,"repetition":1,"schema":"casita.compression-handoff.v1","size":65536,"variant":"blocking","wall_ns":7254397,"workers":4}
{"chunks":64,"concurrency":1,"correctness":"frame length and complete roundtrip for every indexed chunk","flavor":"random","longest_poll_ns":46305,"ready_task_gap_ns":115168,"ready_task_polls":643,"repetition":2,"schema":"casita.compression-handoff.v1","size":65536,"variant":"blocking","wall_ns":6773540,"workers":4}
{"chunks":64,"concurrency":1,"correctness":"frame length and complete roundtrip for every indexed chunk","flavor":"random","longest_poll_ns":3785110,"ready_task_gap_ns":23746,"ready_task_polls":427,"repetition":2,"schema":"casita.compression-handoff.v1","size":65536,"variant":"inline","wall_ns":3815979,"workers":4}
{"chunks":64,"concurrency":1,"correctness":"frame length and complete roundtrip for every indexed chunk","flavor":"random","longest_poll_ns":15435,"ready_task_gap_ns":91422,"ready_task_polls":920,"repetition":2,"schema":"casita.compression-handoff.v1","size":65536,"variant":"inline_4k_yield","wall_ns":8656597,"workers":4}
{"chunks":64,"concurrency":1,"correctness":"frame length and complete roundtrip for every indexed chunk","flavor":"random","longest_poll_ns":8311,"ready_task_gap_ns":45117,"ready_task_polls":790,"repetition":3,"schema":"casita.compression-handoff.v1","size":65536,"variant":"inline_4k_yield","wall_ns":7525101,"workers":4}
{"chunks":64,"concurrency":1,"correctness":"frame length and complete roundtrip for every indexed chunk","flavor":"random","longest_poll_ns":3662817,"ready_task_gap_ns":3711497,"ready_task_polls":3,"repetition":3,"schema":"casita.compression-handoff.v1","size":65536,"variant":"inline","wall_ns":3703186,"workers":4}
{"chunks":64,"concurrency":1,"correctness":"frame length and complete roundtrip for every indexed chunk","flavor":"random","longest_poll_ns":39181,"ready_task_gap_ns":118730,"ready_task_polls":996,"repetition":3,"schema":"casita.compression-handoff.v1","size":65536,"variant":"blocking","wall_ns":9852207,"workers":4}
Testing compression_handoff/workers-4/random/65536/1/blocking
Success
Testing compression_handoff/workers-4/random/65536/1/inline
Success
Testing compression_handoff/workers-4/random/65536/1/inline_4k_yield
Success
{"chunks":64,"concurrency":16,"correctness":"frame length and complete roundtrip for every indexed chunk","flavor":"random","longest_poll_ns":326507,"ready_task_gap_ns":381123,"ready_task_polls":103,"repetition":0,"schema":"casita.compression-handoff.v1","size":65536,"variant":"blocking","wall_ns":1688340,"workers":4}
{"chunks":64,"concurrency":16,"correctness":"frame length and complete roundtrip for every indexed chunk","flavor":"random","longest_poll_ns":3230641,"ready_task_gap_ns":3255574,"ready_task_polls":5,"repetition":0,"schema":"casita.compression-handoff.v1","size":65536,"variant":"inline","wall_ns":3276945,"workers":4}
{"chunks":64,"concurrency":16,"correctness":"frame length and complete roundtrip for every indexed chunk","flavor":"random","longest_poll_ns":267143,"ready_task_gap_ns":295638,"ready_task_polls":120,"repetition":0,"schema":"casita.compression-handoff.v1","size":65536,"variant":"inline_4k_yield","wall_ns":1783323,"workers":4}
{"chunks":64,"concurrency":16,"correctness":"frame length and complete roundtrip for every indexed chunk","flavor":"random","longest_poll_ns":308698,"ready_task_gap_ns":376374,"ready_task_polls":119,"repetition":1,"schema":"casita.compression-handoff.v1","size":65536,"variant":"inline_4k_yield","wall_ns":2121703,"workers":4}
{"chunks":64,"concurrency":16,"correctness":"frame length and complete roundtrip for every indexed chunk","flavor":"random","longest_poll_ns":4319394,"ready_task_gap_ns":4356200,"ready_task_polls":5,"repetition":1,"schema":"casita.compression-handoff.v1","size":65536,"variant":"inline","wall_ns":4376384,"workers":4}
{"chunks":64,"concurrency":16,"correctness":"frame length and complete roundtrip for every indexed chunk","flavor":"random","longest_poll_ns":84298,"ready_task_gap_ns":98545,"ready_task_polls":121,"repetition":1,"schema":"casita.compression-handoff.v1","size":65536,"variant":"blocking","wall_ns":1763139,"workers":4}
{"chunks":64,"concurrency":16,"correctness":"frame length and complete roundtrip for every indexed chunk","flavor":"random","longest_poll_ns":276641,"ready_task_gap_ns":465421,"ready_task_polls":129,"repetition":2,"schema":"casita.compression-handoff.v1","size":65536,"variant":"blocking","wall_ns":2045716,"workers":4}
{"chunks":64,"concurrency":16,"correctness":"frame length and complete roundtrip for every indexed chunk","flavor":"random","longest_poll_ns":3015740,"ready_task_gap_ns":3040673,"ready_task_polls":3,"repetition":2,"schema":"casita.compression-handoff.v1","size":65536,"variant":"inline","wall_ns":3048984,"workers":4}
{"chunks":64,"concurrency":16,"correctness":"frame length and complete roundtrip for every indexed chunk","flavor":"random","longest_poll_ns":445237,"ready_task_gap_ns":472545,"ready_task_polls":120,"repetition":2,"schema":"casita.compression-handoff.v1","size":65536,"variant":"inline_4k_yield","wall_ns":1811818,"workers":4}
{"chunks":64,"concurrency":16,"correctness":"frame length and complete roundtrip for every indexed chunk","flavor":"random","longest_poll_ns":360939,"ready_task_gap_ns":85486,"ready_task_polls":125,"repetition":3,"schema":"casita.compression-handoff.v1","size":65536,"variant":"inline_4k_yield","wall_ns":1643222,"workers":4}
{"chunks":64,"concurrency":16,"correctness":"frame length and complete roundtrip for every indexed chunk","flavor":"random","longest_poll_ns":4502238,"ready_task_gap_ns":27308,"ready_task_polls":489,"repetition":3,"schema":"casita.compression-handoff.v1","size":65536,"variant":"inline","wall_ns":4527172,"workers":4}
{"chunks":64,"concurrency":16,"correctness":"frame length and complete roundtrip for every indexed chunk","flavor":"random","longest_poll_ns":87860,"ready_task_gap_ns":381123,"ready_task_polls":94,"repetition":3,"schema":"casita.compression-handoff.v1","size":65536,"variant":"blocking","wall_ns":1725145,"workers":4}
Testing compression_handoff/workers-4/random/65536/16/blocking
Success
Testing compression_handoff/workers-4/random/65536/16/inline
Success
Testing compression_handoff/workers-4/random/65536/16/inline_4k_yield
Success
{"chunks":64,"concurrency":1,"correctness":"frame length and complete roundtrip for every indexed chunk","flavor":"text","longest_poll_ns":10685,"ready_task_gap_ns":40368,"ready_task_polls":597,"repetition":0,"schema":"casita.compression-handoff.v1","size":65536,"variant":"blocking","wall_ns":5985175,"workers":4}
{"chunks":64,"concurrency":1,"correctness":"frame length and complete roundtrip for every indexed chunk","flavor":"text","longest_poll_ns":3121410,"ready_task_gap_ns":3141593,"ready_task_polls":4,"repetition":0,"schema":"casita.compression-handoff.v1","size":65536,"variant":"inline","wall_ns":3152279,"workers":4}
{"chunks":64,"concurrency":1,"correctness":"frame length and complete roundtrip for every indexed chunk","flavor":"text","longest_poll_ns":9498,"ready_task_gap_ns":28496,"ready_task_polls":606,"repetition":0,"schema":"casita.compression-handoff.v1","size":65536,"variant":"inline_4k_yield","wall_ns":5851009,"workers":4}
{"chunks":64,"concurrency":1,"correctness":"frame length and complete roundtrip for every indexed chunk","flavor":"text","longest_poll_ns":21372,"ready_task_gap_ns":70051,"ready_task_polls":596,"repetition":1,"schema":"casita.compression-handoff.v1","size":65536,"variant":"inline_4k_yield","wall_ns":5814203,"workers":4}
{"chunks":64,"concurrency":1,"correctness":"frame length and complete roundtrip for every indexed chunk","flavor":"text","longest_poll_ns":2868514,"ready_task_gap_ns":2895822,"ready_task_polls":4,"repetition":1,"schema":"casita.compression-handoff.v1","size":65536,"variant":"inline","wall_ns":2904133,"workers":4}
{"chunks":64,"concurrency":1,"correctness":"frame length and complete roundtrip for every indexed chunk","flavor":"text","longest_poll_ns":7124,"ready_task_gap_ns":30870,"ready_task_polls":637,"repetition":1,"schema":"casita.compression-handoff.v1","size":65536,"variant":"blocking","wall_ns":6111028,"workers":4}
{"chunks":64,"concurrency":1,"correctness":"frame length and complete roundtrip for every indexed chunk","flavor":"text","longest_poll_ns":13060,"ready_task_gap_ns":32057,"ready_task_polls":641,"repetition":2,"schema":"casita.compression-handoff.v1","size":65536,"variant":"blocking","wall_ns":6247567,"workers":4}
{"chunks":64,"concurrency":1,"correctness":"frame length and complete roundtrip for every indexed chunk","flavor":"text","longest_poll_ns":2917194,"ready_task_gap_ns":2943314,"ready_task_polls":4,"repetition":2,"schema":"casita.compression-handoff.v1","size":65536,"variant":"inline","wall_ns":2948063,"workers":4}
{"chunks":64,"concurrency":1,"correctness":"frame length and complete roundtrip for every indexed chunk","flavor":"text","longest_poll_ns":20184,"ready_task_gap_ns":41555,"ready_task_polls":590,"repetition":2,"schema":"casita.compression-handoff.v1","size":65536,"variant":"inline_4k_yield","wall_ns":5696661,"workers":4}
{"chunks":64,"concurrency":1,"correctness":"frame length and complete roundtrip for every indexed chunk","flavor":"text","longest_poll_ns":17809,"ready_task_gap_ns":49867,"ready_task_polls":563,"repetition":3,"schema":"casita.compression-handoff.v1","size":65536,"variant":"inline_4k_yield","wall_ns":5690724,"workers":4}
{"chunks":64,"concurrency":1,"correctness":"frame length and complete roundtrip for every indexed chunk","flavor":"text","longest_poll_ns":3960829,"ready_task_gap_ns":23746,"ready_task_polls":452,"repetition":3,"schema":"casita.compression-handoff.v1","size":65536,"variant":"inline","wall_ns":3991699,"workers":4}
{"chunks":64,"concurrency":1,"correctness":"frame length and complete roundtrip for every indexed chunk","flavor":"text","longest_poll_ns":8311,"ready_task_gap_ns":33244,"ready_task_polls":623,"repetition":3,"schema":"casita.compression-handoff.v1","size":65536,"variant":"blocking","wall_ns":6045726,"workers":4}
Testing compression_handoff/workers-4/text/65536/1/blocking
Success
Testing compression_handoff/workers-4/text/65536/1/inline
Success
Testing compression_handoff/workers-4/text/65536/1/inline_4k_yield
Success
{"chunks":64,"concurrency":16,"correctness":"frame length and complete roundtrip for every indexed chunk","flavor":"text","longest_poll_ns":231523,"ready_task_gap_ns":364501,"ready_task_polls":93,"repetition":0,"schema":"casita.compression-handoff.v1","size":65536,"variant":"blocking","wall_ns":1396264,"workers":4}
{"chunks":64,"concurrency":16,"correctness":"frame length and complete roundtrip for every indexed chunk","flavor":"text","longest_poll_ns":2908882,"ready_task_gap_ns":2933816,"ready_task_polls":3,"repetition":0,"schema":"casita.compression-handoff.v1","size":65536,"variant":"inline","wall_ns":2936190,"workers":4}
{"chunks":64,"concurrency":16,"correctness":"frame length and complete roundtrip for every indexed chunk","flavor":"text","longest_poll_ns":447612,"ready_task_gap_ns":467796,"ready_task_polls":59,"repetition":0,"schema":"casita.compression-handoff.v1","size":65536,"variant":"inline_4k_yield","wall_ns":1158804,"workers":4}
{"chunks":64,"concurrency":16,"correctness":"frame length and complete roundtrip for every indexed chunk","flavor":"text","longest_poll_ns":309886,"ready_task_gap_ns":370437,"ready_task_polls":65,"repetition":1,"schema":"casita.compression-handoff.v1","size":65536,"variant":"inline_4k_yield","wall_ns":1256162,"workers":4}
{"chunks":64,"concurrency":16,"correctness":"frame length and complete roundtrip for every indexed chunk","flavor":"text","longest_poll_ns":3908588,"ready_task_gap_ns":3933522,"ready_task_polls":5,"repetition":1,"schema":"casita.compression-handoff.v1","size":65536,"variant":"inline","wall_ns":3940645,"workers":4}
{"chunks":64,"concurrency":16,"correctness":"frame length and complete roundtrip for every indexed chunk","flavor":"text","longest_poll_ns":523599,"ready_task_gap_ns":206590,"ready_task_polls":177,"repetition":1,"schema":"casita.compression-handoff.v1","size":65536,"variant":"blocking","wall_ns":1784511,"workers":4}
{"chunks":64,"concurrency":16,"correctness":"frame length and complete roundtrip for every indexed chunk","flavor":"text","longest_poll_ns":496291,"ready_task_gap_ns":512913,"ready_task_polls":102,"repetition":2,"schema":"casita.compression-handoff.v1","size":65536,"variant":"blocking","wall_ns":1538740,"workers":4}
{"chunks":64,"concurrency":16,"correctness":"frame length and complete roundtrip for every indexed chunk","flavor":"text","longest_poll_ns":4061750,"ready_task_gap_ns":118730,"ready_task_polls":392,"repetition":2,"schema":"casita.compression-handoff.v1","size":65536,"variant":"inline","wall_ns":4103306,"workers":4}
{"chunks":64,"concurrency":16,"correctness":"frame length and complete roundtrip for every indexed chunk","flavor":"text","longest_poll_ns":241021,"ready_task_gap_ns":270704,"ready_task_polls":69,"repetition":2,"schema":"casita.compression-handoff.v1","size":65536,"variant":"inline_4k_yield","wall_ns":1355896,"workers":4}
{"chunks":64,"concurrency":16,"correctness":"frame length and complete roundtrip for every indexed chunk","flavor":"text","longest_poll_ns":199467,"ready_task_gap_ns":370437,"ready_task_polls":84,"repetition":3,"schema":"casita.compression-handoff.v1","size":65536,"variant":"inline_4k_yield","wall_ns":1310778,"workers":4}
{"chunks":64,"concurrency":16,"correctness":"frame length and complete roundtrip for every indexed chunk","flavor":"text","longest_poll_ns":2918381,"ready_task_gap_ns":2943315,"ready_task_polls":3,"repetition":3,"schema":"casita.compression-handoff.v1","size":65536,"variant":"inline","wall_ns":2946876,"workers":4}
{"chunks":64,"concurrency":16,"correctness":"frame length and complete roundtrip for every indexed chunk","flavor":"text","longest_poll_ns":303948,"ready_task_gap_ns":334818,"ready_task_polls":76,"repetition":3,"schema":"casita.compression-handoff.v1","size":65536,"variant":"blocking","wall_ns":1354709,"workers":4}
Testing compression_handoff/workers-4/text/65536/16/blocking
Success
Testing compression_handoff/workers-4/text/65536/16/inline
Success
Testing compression_handoff/workers-4/text/65536/16/inline_4k_yield
Success

