@nix {"action":"start","id":5452190399332352,"level":6,"parent":0,"text":"querying info about missing paths","type":0}
@nix {"action":"msg","level":1,"msg":"\u001b[35;1mwarning:\u001b[0m Ignoring dynamic derivation /tmp/obrador-shared-pins-linux/round-2-baseline/chain-round-1-jobs-8/store/f9w4wwk0whrwd5l5lk3b34mnldyfdsb0-leaf-31.drv.drv^out while querying missing paths; not yet implemented"}
@nix {"action":"stop","id":5452190399332352}
@nix {"action":"start","id":5452190399332353,"level":0,"parent":0,"text":"","type":102}
@nix {"action":"start","id":5452190399332354,"level":0,"parent":0,"text":"","type":104}
@nix {"action":"start","id":5452190399332355,"level":0,"parent":0,"text":"","type":103}
@nix {"action":"result","fields":[0,0,0,0],"id":5452190399332354,"type":105}
@nix {"action":"result","fields":[0,0,0,0],"id":5452190399332355,"type":105}
@nix {"action":"result","fields":[101,0],"id":5452190399332353,"type":106}
@nix {"action":"result","fields":[100,0],"id":5452190399332353,"type":106}
@nix {"action":"result","fields":[0,0,0,0],"id":5452190399332354,"type":105}
@nix {"action":"result","fields":[0,0,0,0],"id":5452190399332355,"type":105}
@nix {"action":"result","fields":[101,0],"id":5452190399332353,"type":106}
@nix {"action":"result","fields":[100,0],"id":5452190399332353,"type":106}
@nix {"action":"result","fields":[0,1,0,0],"id":5452190399332354,"type":105}
@nix {"action":"result","fields":[0,0,0,0],"id":5452190399332355,"type":105}
@nix {"action":"result","fields":[101,0],"id":5452190399332353,"type":106}
@nix {"action":"result","fields":[100,0],"id":5452190399332353,"type":106}
@nix {"action":"result","fields":[0,1,0,0],"id":5452190399332354,"type":105}
@nix {"action":"result","fields":[0,0,0,0],"id":5452190399332355,"type":105}
@nix {"action":"result","fields":[101,0],"id":5452190399332353,"type":106}
@nix {"action":"result","fields":[100,0],"id":5452190399332353,"type":106}
@nix {"action":"result","fields":[0,1,0,0],"id":5452190399332354,"type":105}
@nix {"action":"result","fields":[0,0,0,0],"id":5452190399332355,"type":105}
@nix {"action":"result","fields":[101,0],"id":5452190399332353,"type":106}
@nix {"action":"result","fields":[100,0],"id":5452190399332353,"type":106}
@nix {"action":"result","fields":[0,2,0,0],"id":5452190399332354,"type":105}
@nix {"action":"result","fields":[0,0,0,0],"id":5452190399332355,"type":105}
@nix {"action":"result","fields":[101,0],"id":5452190399332353,"type":106}
@nix {"action":"result","fields":[100,0],"id":5452190399332353,"type":106}
@nix {"action":"result","fields":[0,2,0,0],"id":5452190399332354,"type":105}
@nix {"action":"result","fields":[0,0,0,0],"id":5452190399332355,"type":105}
@nix {"action":"result","fields":[101,0],"id":5452190399332353,"type":106}
@nix {"action":"result","fields":[100,0],"id":5452190399332353,"type":106}
@nix {"action":"result","fields":[0,2,0,0],"id":5452190399332354,"type":105}
@nix {"action":"result","fields":[0,0,0,0],"id":5452190399332355,"type":105}
@nix {"action":"result","fields":[101,0],"id":5452190399332353,"type":106}
@nix {"action":"result","fields":[100,0],"id":5452190399332353,"type":106}
@nix {"action":"result","fields":[0,3,0,0],"id":5452190399332354,"type":105}
@nix {"action":"result","fields":[0,0,0,0],"id":5452190399332355,"type":105}
@nix {"action":"result","fields":[101,0],"id":5452190399332353,"type":106}
@nix {"action":"result","fields":[100,0],"id":5452190399332353,"type":106}
@nix {"action":"result","fields":[0,3,0,0],"id":5452190399332354,"type":105}
@nix {"action":"result","fields":[0,0,0,0],"id":5452190399332355,"type":105}
@nix {"action":"result","fields":[101,0],"id":5452190399332353,"type":106}
@nix {"action":"result","fields":[100,0],"id":5452190399332353,"type":106}
@nix {"action":"result","fields":[0,3,0,0],"id":5452190399332354,"type":105}
@nix {"action":"result","fields":[0,0,0,0],"id":5452190399332355,"type":105}
@nix {"action":"result","fields":[101,0],"id":5452190399332353,"type":106}
@nix {"action":"result","fields":[100,0],"id":5452190399332353,"type":106}
@nix {"action":"result","fields":[0,4,0,0],"id":5452190399332354,"type":105}
@nix {"action":"result","fields":[0,0,0,0],"id":5452190399332355,"type":105}
@nix {"action":"result","fields":[101,0],"id":5452190399332353,"type":106}
@nix {"action":"result","fields":[100,0],"id":5452190399332353,"type":106}
@nix {"action":"result","fields":[0,4,0,0],"id":5452190399332354,"type":105}
@nix {"action":"result","fields":[0,0,0,0],"id":5452190399332355,"type":105}
@nix {"action":"result","fields":[101,0],"id":5452190399332353,"type":106}
@nix {"action":"result","fields":[100,0],"id":5452190399332353,"type":106}
@nix {"action":"result","fields":[0,4,0,0],"id":5452190399332354,"type":105}
@nix {"action":"result","fields":[0,0,0,0],"id":5452190399332355,"type":105}
@nix {"action":"result","fields":[101,0],"id":5452190399332353,"type":106}
@nix {"action":"result","fields":[100,0],"id":5452190399332353,"type":106}
@nix {"action":"result","fields":[0,5,0,0],"id":5452190399332354,"type":105}
@nix {"action":"result","fields":[0,0,0,0],"id":5452190399332355,"type":105}
@nix {"action":"result","fields":[101,0],"id":5452190399332353,"type":106}
@nix {"action":"result","fields":[100,0],"id":5452190399332353,"type":106}
@nix {"action":"result","fields":[0,5,0,0],"id":5452190399332354,"type":105}
@nix {"action":"result","fields":[0,0,0,0],"id":5452190399332355,"type":105}
@nix {"action":"result","fields":[101,0],"id":5452190399332353,"type":106}
@nix {"action":"result","fields":[100,0],"id":5452190399332353,"type":106}
@nix {"action":"result","fields":[0,5,0,0],"id":5452190399332354,"type":105}
@nix {"action":"result","fields":[0,0,0,0],"id":5452190399332355,"type":105}
@nix {"action":"result","fields":[101,0],"id":5452190399332353,"type":106}
@nix {"action":"result","fields":[100,0],"id":5452190399332353,"type":106}
@nix {"action":"result","fields":[0,6,0,0],"id":5452190399332354,"type":105}
@nix {"action":"result","fields":[0,0,0,0],"id":5452190399332355,"type":105}
@nix {"action":"result","fields":[101,0],"id":5452190399332353,"type":106}
@nix {"action":"result","fields":[100,0],"id":5452190399332353,"type":106}
@nix {"action":"result","fields":[0,6,0,0],"id":5452190399332354,"type":105}
@nix {"action":"result","fields":[0,0,0,0],"id":5452190399332355,"type":105}
@nix {"action":"result","fields":[101,0],"id":5452190399332353,"type":106}
@nix {"action":"result","fields":[100,0],"id":5452190399332353,"type":106}
@nix {"action":"result","fields":[0,6,0,0],"id":5452190399332354,"type":105}
@nix {"action":"result","fields":[0,0,0,0],"id":5452190399332355,"type":105}
@nix {"action":"result","fields":[101,0],"id":5452190399332353,"type":106}
@nix {"action":"result","fields":[100,0],"id":5452190399332353,"type":106}
@nix {"action":"result","fields":[0,7,0,0],"id":5452190399332354,"type":105}
@nix {"action":"result","fields":[0,0,0,0],"id":5452190399332355,"type":105}
@nix {"action":"result","fields":[101,0],"id":5452190399332353,"type":106}
@nix {"action":"result","fields":[100,0],"id":5452190399332353,"type":106}
@nix {"action":"result","fields":[0,7,0,0],"id":5452190399332354,"type":105}
@nix {"action":"result","fields":[0,0,0,0],"id":5452190399332355,"type":105}
@nix {"action":"result","fields":[101,0],"id":5452190399332353,"type":106}
@nix {"action":"result","fields":[100,0],"id":5452190399332353,"type":106}
@nix {"action":"result","fields":[0,7,0,0],"id":5452190399332354,"type":105}
@nix {"action":"result","fields":[0,0,0,0],"id":5452190399332355,"type":105}
@nix {"action":"result","fields":[101,0],"id":5452190399332353,"type":106}
@nix {"action":"result","fields":[100,0],"id":5452190399332353,"type":106}
@nix {"action":"result","fields":[0,8,0,0],"id":5452190399332354,"type":105}
@nix {"action":"result","fields":[0,0,0,0],"id":5452190399332355,"type":105}
@nix {"action":"result","fields":[101,0],"id":5452190399332353,"type":106}
@nix {"action":"result","fields":[100,0],"id":5452190399332353,"type":106}
@nix {"action":"result","fields":[0,8,0,0],"id":5452190399332354,"type":105}
@nix {"action":"result","fields":[0,0,0,0],"id":5452190399332355,"type":105}
@nix {"action":"result","fields":[101,0],"id":5452190399332353,"type":106}
@nix {"action":"result","fields":[100,0],"id":5452190399332353,"type":106}
@nix {"action":"result","fields":[0,8,0,0],"id":5452190399332354,"type":105}
@nix {"action":"result","fields":[0,0,0,0],"id":5452190399332355,"type":105}
@nix {"action":"result","fields":[101,0],"id":5452190399332353,"type":106}
@nix {"action":"result","fields":[100,0],"id":5452190399332353,"type":106}
@nix {"action":"result","fields":[0,9,0,0],"id":5452190399332354,"type":105}
@nix {"action":"result","fields":[0,0,0,0],"id":5452190399332355,"type":105}
@nix {"action":"result","fields":[101,0],"id":5452190399332353,"type":106}
@nix {"action":"result","fields":[100,0],"id":5452190399332353,"type":106}
@nix {"action":"result","fields":[0,9,0,0],"id":5452190399332354,"type":105}
@nix {"action":"result","fields":[0,0,0,0],"id":5452190399332355,"type":105}
@nix {"action":"result","fields":[101,0],"id":5452190399332353,"type":106}
@nix {"action":"result","fields":[100,0],"id":5452190399332353,"type":106}
@nix {"action":"result","fields":[0,9,0,0],"id":5452190399332354,"type":105}
@nix {"action":"result","fields":[0,0,0,0],"id":5452190399332355,"type":105}
@nix {"action":"result","fields":[101,0],"id":5452190399332353,"type":106}
@nix {"action":"result","fields":[100,0],"id":5452190399332353,"type":106}
@nix {"action":"result","fields":[0,10,0,0],"id":5452190399332354,"type":105}
@nix {"action":"result","fields":[0,0,0,0],"id":5452190399332355,"type":105}
@nix {"action":"result","fields":[101,0],"id":5452190399332353,"type":106}
@nix {"action":"result","fields":[100,0],"id":5452190399332353,"type":106}
@nix {"action":"result","fields":[0,10,0,0],"id":5452190399332354,"type":105}
@nix {"action":"result","fields":[0,0,0,0],"id":5452190399332355,"type":105}
@nix {"action":"result","fields":[101,0],"id":5452190399332353,"type":106}
@nix {"action":"result","fields":[100,0],"id":5452190399332353,"type":106}
@nix {"action":"result","fields":[0,10,0,0],"id":5452190399332354,"type":105}
@nix {"action":"result","fields":[0,0,0,0],"id":5452190399332355,"type":105}
@nix {"action":"result","fields":[101,0],"id":5452190399332353,"type":106}
@nix {"action":"result","fields":[100,0],"id":5452190399332353,"type":106}
@nix {"action":"result","fields":[0,11,0,0],"id":5452190399332354,"type":105}
@nix {"action":"result","fields":[0,0,0,0],"id":5452190399332355,"type":105}
@nix {"action":"result","fields":[101,0],"id":5452190399332353,"type":106}
@nix {"action":"result","fields":[100,0],"id":5452190399332353,"type":106}
@nix {"action":"result","fields":[0,11,0,0],"id":5452190399332354,"type":105}
@nix {"action":"result","fields":[0,0,0,0],"id":5452190399332355,"type":105}
@nix {"action":"result","fields":[101,0],"id":5452190399332353,"type":106}
@nix {"action":"result","fields":[100,0],"id":5452190399332353,"type":106}
@nix {"action":"result","fields":[0,11,0,0],"id":5452190399332354,"type":105}
@nix {"action":"result","fields":[0,0,0,0],"id":5452190399332355,"type":105}
@nix {"action":"result","fields":[101,0],"id":5452190399332353,"type":106}
@nix {"action":"result","fields":[100,0],"id":5452190399332353,"type":106}
@nix {"action":"result","fields":[0,12,0,0],"id":5452190399332354,"type":105}
@nix {"action":"result","fields":[0,0,0,0],"id":5452190399332355,"type":105}
@nix {"action":"result","fields":[101,0],"id":5452190399332353,"type":106}
@nix {"action":"result","fields":[100,0],"id":5452190399332353,"type":106}
@nix {"action":"result","fields":[0,12,0,0],"id":5452190399332354,"type":105}
@nix {"action":"result","fields":[0,0,0,0],"id":5452190399332355,"type":105}
@nix {"action":"result","fields":[101,0],"id":5452190399332353,"type":106}
@nix {"action":"result","fields":[100,0],"id":5452190399332353,"type":106}
@nix {"action":"result","fields":[0,12,0,0],"id":5452190399332354,"type":105}
@nix {"action":"result","fields":[0,0,0,0],"id":5452190399332355,"type":105}
@nix {"action":"result","fields":[101,0],"id":5452190399332353,"type":106}
@nix {"action":"result","fields":[100,0],"id":5452190399332353,"type":106}
@nix {"action":"result","fields":[0,13,0,0],"id":5452190399332354,"type":105}
@nix {"action":"result","fields":[0,0,0,0],"id":5452190399332355,"type":105}
@nix {"action":"result","fields":[101,0],"id":5452190399332353,"type":106}
@nix {"action":"result","fields":[100,0],"id":5452190399332353,"type":106}
@nix {"action":"result","fields":[0,13,0,0],"id":5452190399332354,"type":105}
@nix {"action":"result","fields":[0,0,0,0],"id":5452190399332355,"type":105}
@nix {"action":"result","fields":[101,0],"id":5452190399332353,"type":106}
@nix {"action":"result","fields":[100,0],"id":5452190399332353,"type":106}
@nix {"action":"result","fields":[0,13,0,0],"id":5452190399332354,"type":105}
@nix {"action":"result","fields":[0,0,0,0],"id":5452190399332355,"type":105}
@nix {"action":"result","fields":[101,0],"id":5452190399332353,"type":106}
@nix {"action":"result","fields":[100,0],"id":5452190399332353,"type":106}
@nix {"action":"result","fields":[0,14,0,0],"id":5452190399332354,"type":105}
@nix {"action":"result","fields":[0,0,0,0],"id":5452190399332355,"type":105}
@nix {"action":"result","fields":[101,0],"id":5452190399332353,"type":106}
@nix {"action":"result","fields":[100,0],"id":5452190399332353,"type":106}
@nix {"action":"result","fields":[0,14,0,0],"id":5452190399332354,"type":105}
@nix {"action":"result","fields":[0,0,0,0],"id":5452190399332355,"type":105}
@nix {"action":"result","fields":[101,0],"id":5452190399332353,"type":106}
@nix {"action":"result","fields":[100,0],"id":5452190399332353,"type":106}
@nix {"action":"result","fields":[0,14,0,0],"id":5452190399332354,"type":105}
@nix {"action":"result","fields":[0,0,0,0],"id":5452190399332355,"type":105}
@nix {"action":"result","fields":[101,0],"id":5452190399332353,"type":106}
@nix {"action":"result","fields":[100,0],"id":5452190399332353,"type":106}
@nix {"action":"result","fields":[0,15,0,0],"id":5452190399332354,"type":105}
@nix {"action":"result","fields":[0,0,0,0],"id":5452190399332355,"type":105}
@nix {"action":"result","fields":[101,0],"id":5452190399332353,"type":106}
@nix {"action":"result","fields":[100,0],"id":5452190399332353,"type":106}
@nix {"action":"result","fields":[0,15,0,0],"id":5452190399332354,"type":105}
@nix {"action":"result","fields":[0,0,0,0],"id":5452190399332355,"type":105}
@nix {"action":"result","fields":[101,0],"id":5452190399332353,"type":106}
@nix {"action":"result","fields":[100,0],"id":5452190399332353,"type":106}
@nix {"action":"result","fields":[0,15,0,0],"id":5452190399332354,"type":105}
@nix {"action":"result","fields":[0,0,0,0],"id":5452190399332355,"type":105}
@nix {"action":"result","fields":[101,0],"id":5452190399332353,"type":106}
@nix {"action":"result","fields":[100,0],"id":5452190399332353,"type":106}
@nix {"action":"result","fields":[0,16,0,0],"id":5452190399332354,"type":105}
@nix {"action":"result","fields":[0,0,0,0],"id":5452190399332355,"type":105}
@nix {"action":"result","fields":[101,0],"id":5452190399332353,"type":106}
@nix {"action":"result","fields":[100,0],"id":5452190399332353,"type":106}
@nix {"action":"result","fields":[0,16,0,0],"id":5452190399332354,"type":105}
@nix {"action":"result","fields":[0,0,0,0],"id":5452190399332355,"type":105}
@nix {"action":"result","fields":[101,0],"id":5452190399332353,"type":106}
@nix {"action":"result","fields":[100,0],"id":5452190399332353,"type":106}
@nix {"action":"result","fields":[0,16,0,0],"id":5452190399332354,"type":105}
@nix {"action":"result","fields":[0,0,0,0],"id":5452190399332355,"type":105}
@nix {"action":"result","fields":[101,0],"id":5452190399332353,"type":106}
@nix {"action":"result","fields":[100,0],"id":5452190399332353,"type":106}
@nix {"action":"result","fields":[0,17,0,0],"id":5452190399332354,"type":105}
@nix {"action":"result","fields":[0,0,0,0],"id":5452190399332355,"type":105}
@nix {"action":"result","fields":[101,0],"id":5452190399332353,"type":106}
@nix {"action":"result","fields":[100,0],"id":5452190399332353,"type":106}
@nix {"action":"result","fields":[0,17,0,0],"id":5452190399332354,"type":105}
@nix {"action":"result","fields":[0,0,0,0],"id":5452190399332355,"type":105}
@nix {"action":"result","fields":[101,0],"id":5452190399332353,"type":106}
@nix {"action":"result","fields":[100,0],"id":5452190399332353,"type":106}
@nix {"action":"result","fields":[0,17,0,0],"id":5452190399332354,"type":105}
@nix {"action":"result","fields":[0,0,0,0],"id":5452190399332355,"type":105}
@nix {"action":"result","fields":[101,0],"id":5452190399332353,"type":106}
@nix {"action":"result","fields":[100,0],"id":5452190399332353,"type":106}
@nix {"action":"result","fields":[0,18,0,0],"id":5452190399332354,"type":105}
@nix {"action":"result","fields":[0,0,0,0],"id":5452190399332355,"type":105}
@nix {"action":"result","fields":[101,0],"id":5452190399332353,"type":106}
@nix {"action":"result","fields":[100,0],"id":5452190399332353,"type":106}
@nix {"action":"result","fields":[0,18,0,0],"id":5452190399332354,"type":105}
@nix {"action":"result","fields":[0,0,0,0],"id":5452190399332355,"type":105}
@nix {"action":"result","fields":[101,0],"id":5452190399332353,"type":106}
@nix {"action":"result","fields":[100,0],"id":5452190399332353,"type":106}
@nix {"action":"result","fields":[0,18,0,0],"id":5452190399332354,"type":105}
@nix {"action":"result","fields":[0,0,0,0],"id":5452190399332355,"type":105}
@nix {"action":"result","fields":[101,0],"id":5452190399332353,"type":106}
@nix {"action":"result","fields":[100,0],"id":5452190399332353,"type":106}
@nix {"action":"result","fields":[0,19,0,0],"id":5452190399332354,"type":105}
@nix {"action":"result","fields":[0,0,0,0],"id":5452190399332355,"type":105}
@nix {"action":"result","fields":[101,0],"id":5452190399332353,"type":106}
@nix {"action":"result","fields":[100,0],"id":5452190399332353,"type":106}
@nix {"action":"result","fields":[0,19,0,0],"id":5452190399332354,"type":105}
@nix {"action":"result","fields":[0,0,0,0],"id":5452190399332355,"type":105}
@nix {"action":"result","fields":[101,0],"id":5452190399332353,"type":106}
@nix {"action":"result","fields":[100,0],"id":5452190399332353,"type":106}
@nix {"action":"result","fields":[0,19,0,0],"id":5452190399332354,"type":105}
@nix {"action":"result","fields":[0,0,0,0],"id":5452190399332355,"type":105}
@nix {"action":"result","fields":[101,0],"id":5452190399332353,"type":106}
@nix {"action":"result","fields":[100,0],"id":5452190399332353,"type":106}
@nix {"action":"result","fields":[0,20,0,0],"id":5452190399332354,"type":105}
@nix {"action":"result","fields":[0,0,0,0],"id":5452190399332355,"type":105}
@nix {"action":"result","fields":[101,0],"id":5452190399332353,"type":106}
@nix {"action":"result","fields":[100,0],"id":5452190399332353,"type":106}
@nix {"action":"result","fields":[0,20,0,0],"id":5452190399332354,"type":105}
@nix {"action":"result","fields":[0,0,0,0],"id":5452190399332355,"type":105}
@nix {"action":"result","fields":[101,0],"id":5452190399332353,"type":106}
@nix {"action":"result","fields":[100,0],"id":5452190399332353,"type":106}
@nix {"action":"result","fields":[0,20,0,0],"id":5452190399332354,"type":105}
@nix {"action":"result","fields":[0,0,0,0],"id":5452190399332355,"type":105}
@nix {"action":"result","fields":[101,0],"id":5452190399332353,"type":106}
@nix {"action":"result","fields":[100,0],"id":5452190399332353,"type":106}
@nix {"action":"result","fields":[0,21,0,0],"id":5452190399332354,"type":105}
@nix {"action":"result","fields":[0,0,0,0],"id":5452190399332355,"type":105}
@nix {"action":"result","fields":[101,0],"id":5452190399332353,"type":106}
@nix {"action":"result","fields":[100,0],"id":5452190399332353,"type":106}
@nix {"action":"result","fields":[0,21,0,0],"id":5452190399332354,"type":105}
@nix {"action":"result","fields":[0,0,0,0],"id":5452190399332355,"type":105}
@nix {"action":"result","fields":[101,0],"id":5452190399332353,"type":106}
@nix {"action":"result","fields":[100,0],"id":5452190399332353,"type":106}
@nix {"action":"result","fields":[0,21,0,0],"id":5452190399332354,"type":105}
@nix {"action":"result","fields":[0,0,0,0],"id":5452190399332355,"type":105}
@nix {"action":"result","fields":[101,0],"id":5452190399332353,"type":106}
@nix {"action":"result","fields":[100,0],"id":5452190399332353,"type":106}
@nix {"action":"result","fields":[0,22,0,0],"id":5452190399332354,"type":105}
@nix {"action":"result","fields":[0,0,0,0],"id":5452190399332355,"type":105}
@nix {"action":"result","fields":[101,0],"id":5452190399332353,"type":106}
@nix {"action":"result","fields":[100,0],"id":5452190399332353,"type":106}
@nix {"action":"result","fields":[0,22,0,0],"id":5452190399332354,"type":105}
@nix {"action":"result","fields":[0,0,0,0],"id":5452190399332355,"type":105}
@nix {"action":"result","fields":[101,0],"id":5452190399332353,"type":106}
@nix {"action":"result","fields":[100,0],"id":5452190399332353,"type":106}
@nix {"action":"result","fields":[0,22,0,0],"id":5452190399332354,"type":105}
@nix {"action":"result","fields":[0,0,0,0],"id":5452190399332355,"type":105}
@nix {"action":"result","fields":[101,0],"id":5452190399332353,"type":106}
@nix {"action":"result","fields":[100,0],"id":5452190399332353,"type":106}
@nix {"action":"result","fields":[0,23,0,0],"id":5452190399332354,"type":105}
@nix {"action":"result","fields":[0,0,0,0],"id":5452190399332355,"type":105}
@nix {"action":"result","fields":[101,0],"id":5452190399332353,"type":106}
@nix {"action":"result","fields":[100,0],"id":5452190399332353,"type":106}
@nix {"action":"result","fields":[0,23,0,0],"id":5452190399332354,"type":105}
@nix {"action":"result","fields":[0,0,0,0],"id":5452190399332355,"type":105}
@nix {"action":"result","fields":[101,0],"id":5452190399332353,"type":106}
@nix {"action":"result","fields":[100,0],"id":5452190399332353,"type":106}
@nix {"action":"result","fields":[0,23,0,0],"id":5452190399332354,"type":105}
@nix {"action":"result","fields":[0,0,0,0],"id":5452190399332355,"type":105}
@nix {"action":"result","fields":[101,0],"id":5452190399332353,"type":106}
@nix {"action":"result","fields":[100,0],"id":5452190399332353,"type":106}
@nix {"action":"result","fields":[0,24,0,0],"id":5452190399332354,"type":105}
@nix {"action":"result","fields":[0,0,0,0],"id":5452190399332355,"type":105}
@nix {"action":"result","fields":[101,0],"id":5452190399332353,"type":106}
@nix {"action":"result","fields":[100,0],"id":5452190399332353,"type":106}
@nix {"action":"result","fields":[0,24,0,0],"id":5452190399332354,"type":105}
@nix {"action":"result","fields":[0,0,0,0],"id":5452190399332355,"type":105}
@nix {"action":"result","fields":[101,0],"id":5452190399332353,"type":106}
@nix {"action":"result","fields":[100,0],"id":5452190399332353,"type":106}
@nix {"action":"result","fields":[0,24,0,0],"id":5452190399332354,"type":105}
@nix {"action":"result","fields":[0,0,0,0],"id":5452190399332355,"type":105}
@nix {"action":"result","fields":[101,0],"id":5452190399332353,"type":106}
@nix {"action":"result","fields":[100,0],"id":5452190399332353,"type":106}
@nix {"action":"result","fields":[0,25,0,0],"id":5452190399332354,"type":105}
@nix {"action":"result","fields":[0,0,0,0],"id":5452190399332355,"type":105}
@nix {"action":"result","fields":[101,0],"id":5452190399332353,"type":106}
@nix {"action":"result","fields":[100,0],"id":5452190399332353,"type":106}
@nix {"action":"result","fields":[0,25,0,0],"id":5452190399332354,"type":105}
@nix {"action":"result","fields":[0,0,0,0],"id":5452190399332355,"type":105}
@nix {"action":"result","fields":[101,0],"id":5452190399332353,"type":106}
@nix {"action":"result","fields":[100,0],"id":5452190399332353,"type":106}
@nix {"action":"result","fields":[0,25,0,0],"id":5452190399332354,"type":105}
@nix {"action":"result","fields":[0,0,0,0],"id":5452190399332355,"type":105}
@nix {"action":"result","fields":[101,0],"id":5452190399332353,"type":106}
@nix {"action":"result","fields":[100,0],"id":5452190399332353,"type":106}
@nix {"action":"result","fields":[0,26,0,0],"id":5452190399332354,"type":105}
@nix {"action":"result","fields":[0,0,0,0],"id":5452190399332355,"type":105}
@nix {"action":"result","fields":[101,0],"id":5452190399332353,"type":106}
@nix {"action":"result","fields":[100,0],"id":5452190399332353,"type":106}
@nix {"action":"result","fields":[0,26,0,0],"id":5452190399332354,"type":105}
@nix {"action":"result","fields":[0,0,0,0],"id":5452190399332355,"type":105}
@nix {"action":"result","fields":[101,0],"id":5452190399332353,"type":106}
@nix {"action":"result","fields":[100,0],"id":5452190399332353,"type":106}
@nix {"action":"result","fields":[0,26,0,0],"id":5452190399332354,"type":105}
@nix {"action":"result","fields":[0,0,0,0],"id":5452190399332355,"type":105}
@nix {"action":"result","fields":[101,0],"id":5452190399332353,"type":106}
@nix {"action":"result","fields":[100,0],"id":5452190399332353,"type":106}
@nix {"action":"result","fields":[0,27,0,0],"id":5452190399332354,"type":105}
@nix {"action":"result","fields":[0,0,0,0],"id":5452190399332355,"type":105}
@nix {"action":"result","fields":[101,0],"id":5452190399332353,"type":106}
@nix {"action":"result","fields":[100,0],"id":5452190399332353,"type":106}
@nix {"action":"result","fields":[0,27,0,0],"id":5452190399332354,"type":105}
@nix {"action":"result","fields":[0,0,0,0],"id":5452190399332355,"type":105}
@nix {"action":"result","fields":[101,0],"id":5452190399332353,"type":106}
@nix {"action":"result","fields":[100,0],"id":5452190399332353,"type":106}
@nix {"action":"result","fields":[0,27,0,0],"id":5452190399332354,"type":105}
@nix {"action":"result","fields":[0,0,0,0],"id":5452190399332355,"type":105}
@nix {"action":"result","fields":[101,0],"id":5452190399332353,"type":106}
@nix {"action":"result","fields":[100,0],"id":5452190399332353,"type":106}
@nix {"action":"result","fields":[0,28,0,0],"id":5452190399332354,"type":105}
@nix {"action":"result","fields":[0,0,0,0],"id":5452190399332355,"type":105}
@nix {"action":"result","fields":[101,0],"id":5452190399332353,"type":106}
@nix {"action":"result","fields":[100,0],"id":5452190399332353,"type":106}
@nix {"action":"result","fields":[0,28,0,0],"id":5452190399332354,"type":105}
@nix {"action":"result","fields":[0,0,0,0],"id":5452190399332355,"type":105}
@nix {"action":"result","fields":[101,0],"id":5452190399332353,"type":106}
@nix {"action":"result","fields":[100,0],"id":5452190399332353,"type":106}
@nix {"action":"result","fields":[0,28,0,0],"id":5452190399332354,"type":105}
@nix {"action":"result","fields":[0,0,0,0],"id":5452190399332355,"type":105}
@nix {"action":"result","fields":[101,0],"id":5452190399332353,"type":106}
@nix {"action":"result","fields":[100,0],"id":5452190399332353,"type":106}
@nix {"action":"result","fields":[0,29,0,0],"id":5452190399332354,"type":105}
@nix {"action":"result","fields":[0,0,0,0],"id":5452190399332355,"type":105}
@nix {"action":"result","fields":[101,0],"id":5452190399332353,"type":106}
@nix {"action":"result","fields":[100,0],"id":5452190399332353,"type":106}
@nix {"action":"result","fields":[0,29,0,0],"id":5452190399332354,"type":105}
@nix {"action":"result","fields":[0,0,0,0],"id":5452190399332355,"type":105}
@nix {"action":"result","fields":[101,0],"id":5452190399332353,"type":106}
@nix {"action":"result","fields":[100,0],"id":5452190399332353,"type":106}
@nix {"action":"result","fields":[0,29,0,0],"id":5452190399332354,"type":105}
@nix {"action":"result","fields":[0,0,0,0],"id":5452190399332355,"type":105}
@nix {"action":"result","fields":[101,0],"id":5452190399332353,"type":106}
@nix {"action":"result","fields":[100,0],"id":5452190399332353,"type":106}
@nix {"action":"result","fields":[0,30,0,0],"id":5452190399332354,"type":105}
@nix {"action":"result","fields":[0,0,0,0],"id":5452190399332355,"type":105}
@nix {"action":"result","fields":[101,0],"id":5452190399332353,"type":106}
@nix {"action":"result","fields":[100,0],"id":5452190399332353,"type":106}
@nix {"action":"result","fields":[0,30,0,0],"id":5452190399332354,"type":105}
@nix {"action":"result","fields":[0,0,0,0],"id":5452190399332355,"type":105}
@nix {"action":"result","fields":[101,0],"id":5452190399332353,"type":106}
@nix {"action":"result","fields":[100,0],"id":5452190399332353,"type":106}
@nix {"action":"result","fields":[0,30,0,0],"id":5452190399332354,"type":105}
@nix {"action":"result","fields":[0,0,0,0],"id":5452190399332355,"type":105}
@nix {"action":"result","fields":[101,0],"id":5452190399332353,"type":106}
@nix {"action":"result","fields":[100,0],"id":5452190399332353,"type":106}
@nix {"action":"result","fields":[0,31,0,0],"id":5452190399332354,"type":105}
@nix {"action":"result","fields":[0,0,0,0],"id":5452190399332355,"type":105}
@nix {"action":"result","fields":[101,0],"id":5452190399332353,"type":106}
@nix {"action":"result","fields":[100,0],"id":5452190399332353,"type":106}
@nix {"action":"result","fields":[0,31,0,0],"id":5452190399332354,"type":105}
@nix {"action":"result","fields":[0,0,0,0],"id":5452190399332355,"type":105}
@nix {"action":"result","fields":[101,0],"id":5452190399332353,"type":106}
@nix {"action":"result","fields":[100,0],"id":5452190399332353,"type":106}
@nix {"action":"result","fields":[0,31,0,0],"id":5452190399332354,"type":105}
@nix {"action":"result","fields":[0,0,0,0],"id":5452190399332355,"type":105}
@nix {"action":"result","fields":[101,0],"id":5452190399332353,"type":106}
@nix {"action":"result","fields":[100,0],"id":5452190399332353,"type":106}
@nix {"action":"result","fields":[0,32,0,0],"id":5452190399332354,"type":105}
@nix {"action":"result","fields":[0,0,0,0],"id":5452190399332355,"type":105}
@nix {"action":"result","fields":[101,0],"id":5452190399332353,"type":106}
@nix {"action":"result","fields":[100,0],"id":5452190399332353,"type":106}
@nix {"action":"start","fields":["/tmp/obrador-shared-pins-linux/round-2-baseline/chain-round-1-jobs-8/store/5z9j627xqbqbyylzdlfb69cgl1a16y30-leaf-0.drv.drv","",1,1],"id":5452190399332356,"level":3,"parent":0,"text":"building '/tmp/obrador-shared-pins-linux/round-2-baseline/chain-round-1-jobs-8/store/5z9j627xqbqbyylzdlfb69cgl1a16y30-leaf-0.drv.drv'","type":105}
@nix {"action":"result","fields":[0,32,1,0],"id":5452190399332354,"type":105}
@nix {"action":"result","fields":[0,0,0,0],"id":5452190399332355,"type":105}
@nix {"action":"result","fields":[101,0],"id":5452190399332353,"type":106}
@nix {"action":"result","fields":[100,0],"id":5452190399332353,"type":106}
@nix {"action":"result","fields":[1,33,0,0],"id":5452190399332354,"type":105}
@nix {"action":"result","fields":[0,0,0,0],"id":5452190399332355,"type":105}
@nix {"action":"result","fields":[101,0],"id":5452190399332353,"type":106}
@nix {"action":"result","fields":[100,0],"id":5452190399332353,"type":106}
@nix {"action":"stop","id":5452190399332356}
@nix {"action":"result","fields":[1,33,0,0],"id":5452190399332354,"type":105}
@nix {"action":"result","fields":[0,0,0,0],"id":5452190399332355,"type":105}
@nix {"action":"result","fields":[101,0],"id":5452190399332353,"type":106}
@nix {"action":"result","fields":[100,0],"id":5452190399332353,"type":106}
@nix {"action":"start","fields":["/tmp/obrador-shared-pins-linux/round-2-baseline/chain-round-1-jobs-8/store/i3r9dndna4xc509k2la13m0rd5zx3zhl-leaf-0.drv","",1,1],"id":5452190399332357,"level":3,"parent":0,"text":"building '/tmp/obrador-shared-pins-linux/round-2-baseline/chain-round-1-jobs-8/store/i3r9dndna4xc509k2la13m0rd5zx3zhl-leaf-0.drv'","type":105}
@nix {"action":"result","fields":[1,33,1,0],"id":5452190399332354,"type":105}
@nix {"action":"result","fields":[0,0,0,0],"id":5452190399332355,"type":105}
@nix {"action":"result","fields":[101,0],"id":5452190399332353,"type":106}
@nix {"action":"result","fields":[100,0],"id":5452190399332353,"type":106}
@nix {"action":"result","fields":[2,34,0,0],"id":5452190399332354,"type":105}
@nix {"action":"result","fields":[0,0,0,0],"id":5452190399332355,"type":105}
@nix {"action":"result","fields":[101,0],"id":5452190399332353,"type":106}
@nix {"action":"result","fields":[100,0],"id":5452190399332353,"type":106}
@nix {"action":"stop","id":5452190399332357}
@nix {"action":"start","fields":["/tmp/obrador-shared-pins-linux/round-2-baseline/chain-round-1-jobs-8/store/4230dzmv0v12y4fhm3a72w9wl1nxbxsh-leaf-1.drv.drv","/tmp/obrador-shared-pins-linux/round-2-baseline/chain-round-1-jobs-8/store/kg9c7r8vqqpb2myqadnr2y2041phyn9w-leaf-1.drv.drv"],"id":5452190399332358,"level":3,"parent":0,"text":"resolved derivation: '/tmp/obrador-shared-pins-linux/round-2-baseline/chain-round-1-jobs-8/store/4230dzmv0v12y4fhm3a72w9wl1nxbxsh-leaf-1.drv.drv' -> '/tmp/obrador-shared-pins-linux/round-2-baseline/chain-round-1-jobs-8/store/kg9c7r8vqqpb2myqadnr2y2041phyn9w-leaf-1.drv.drv'","type":111}
@nix {"action":"result","fields":[2,34,0,0],"id":5452190399332354,"type":105}
@nix {"action":"result","fields":[0,0,0,0],"id":5452190399332355,"type":105}
@nix {"action":"result","fields":[101,0],"id":5452190399332353,"type":106}
@nix {"action":"result","fields":[100,0],"id":5452190399332353,"type":106}
@nix {"action":"start","fields":["/tmp/obrador-shared-pins-linux/round-2-baseline/chain-round-1-jobs-8/store/kg9c7r8vqqpb2myqadnr2y2041phyn9w-leaf-1.drv.drv","",1,1],"id":5452190399332359,"level":3,"parent":0,"text":"building '/tmp/obrador-shared-pins-linux/round-2-baseline/chain-round-1-jobs-8/store/kg9c7r8vqqpb2myqadnr2y2041phyn9w-leaf-1.drv.drv'","type":105}
@nix {"action":"result","fields":[2,34,1,0],"id":5452190399332354,"type":105}
@nix {"action":"result","fields":[0,0,0,0],"id":5452190399332355,"type":105}
@nix {"action":"result","fields":[101,0],"id":5452190399332353,"type":106}
@nix {"action":"result","fields":[100,0],"id":5452190399332353,"type":106}
@nix {"action":"result","fields":[3,35,0,0],"id":5452190399332354,"type":105}
@nix {"action":"result","fields":[0,0,0,0],"id":5452190399332355,"type":105}
@nix {"action":"result","fields":[101,0],"id":5452190399332353,"type":106}
@nix {"action":"result","fields":[100,0],"id":5452190399332353,"type":106}
@nix {"action":"stop","id":5452190399332359}
@nix {"action":"result","fields":[4,35,0,0],"id":5452190399332354,"type":105}
@nix {"action":"result","fields":[0,0,0,0],"id":5452190399332355,"type":105}
@nix {"action":"result","fields":[101,0],"id":5452190399332353,"type":106}
@nix {"action":"result","fields":[100,0],"id":5452190399332353,"type":106}
@nix {"action":"stop","id":5452190399332358}
@nix {"action":"result","fields":[4,35,0,0],"id":5452190399332354,"type":105}
@nix {"action":"result","fields":[0,0,0,0],"id":5452190399332355,"type":105}
@nix {"action":"result","fields":[101,0],"id":5452190399332353,"type":106}
@nix {"action":"result","fields":[100,0],"id":5452190399332353,"type":106}
@nix {"action":"start","fields":["/tmp/obrador-shared-pins-linux/round-2-baseline/chain-round-1-jobs-8/store/92sm0pgy54diajh8bnl7sa1adqw7avqk-leaf-1.drv","",1,1],"id":5452190399332360,"level":3,"parent":0,"text":"building '/tmp/obrador-shared-pins-linux/round-2-baseline/chain-round-1-jobs-8/store/92sm0pgy54diajh8bnl7sa1adqw7avqk-leaf-1.drv'","type":105}
@nix {"action":"result","fields":[4,35,1,0],"id":5452190399332354,"type":105}
@nix {"action":"result","fields":[0,0,0,0],"id":5452190399332355,"type":105}
@nix {"action":"result","fields":[101,0],"id":5452190399332353,"type":106}
@nix {"action":"result","fields":[100,0],"id":5452190399332353,"type":106}
@nix {"action":"result","fields":[5,36,0,0],"id":5452190399332354,"type":105}
@nix {"action":"result","fields":[0,0,0,0],"id":5452190399332355,"type":105}
@nix {"action":"result","fields":[101,0],"id":5452190399332353,"type":106}
@nix {"action":"result","fields":[100,0],"id":5452190399332353,"type":106}
@nix {"action":"stop","id":5452190399332360}
@nix {"action":"start","fields":["/tmp/obrador-shared-pins-linux/round-2-baseline/chain-round-1-jobs-8/store/6lhdy9lfakldsld6v92aww0yjhzizx81-leaf-2.drv.drv","/tmp/obrador-shared-pins-linux/round-2-baseline/chain-round-1-jobs-8/store/qyal93n9fi6jl3jfbn7ks7iks1q55fwl-leaf-2.drv.drv"],"id":5452190399332361,"level":3,"parent":0,"text":"resolved derivation: '/tmp/obrador-shared-pins-linux/round-2-baseline/chain-round-1-jobs-8/store/6lhdy9lfakldsld6v92aww0yjhzizx81-leaf-2.drv.drv' -> '/tmp/obrador-shared-pins-linux/round-2-baseline/chain-round-1-jobs-8/store/qyal93n9fi6jl3jfbn7ks7iks1q55fwl-leaf-2.drv.drv'","type":111}
@nix {"action":"result","fields":[5,36,0,0],"id":5452190399332354,"type":105}
@nix {"action":"result","fields":[0,0,0,0],"id":5452190399332355,"type":105}
@nix {"action":"result","fields":[101,0],"id":5452190399332353,"type":106}
@nix {"action":"result","fields":[100,0],"id":5452190399332353,"type":106}
@nix {"action":"start","fields":["/tmp/obrador-shared-pins-linux/round-2-baseline/chain-round-1-jobs-8/store/qyal93n9fi6jl3jfbn7ks7iks1q55fwl-leaf-2.drv.drv","",1,1],"id":5452190399332362,"level":3,"parent":0,"text":"building '/tmp/obrador-shared-pins-linux/round-2-baseline/chain-round-1-jobs-8/store/qyal93n9fi6jl3jfbn7ks7iks1q55fwl-leaf-2.drv.drv'","type":105}
@nix {"action":"result","fields":[5,36,1,0],"id":5452190399332354,"type":105}
@nix {"action":"result","fields":[0,0,0,0],"id":5452190399332355,"type":105}
@nix {"action":"result","fields":[101,0],"id":5452190399332353,"type":106}
@nix {"action":"result","fields":[100,0],"id":5452190399332353,"type":106}
@nix {"action":"result","fields":[6,37,0,0],"id":5452190399332354,"type":105}
@nix {"action":"result","fields":[0,0,0,0],"id":5452190399332355,"type":105}
@nix {"action":"result","fields":[101,0],"id":5452190399332353,"type":106}
@nix {"action":"result","fields":[100,0],"id":5452190399332353,"type":106}
@nix {"action":"stop","id":5452190399332362}
@nix {"action":"result","fields":[7,37,0,0],"id":5452190399332354,"type":105}
@nix {"action":"result","fields":[0,0,0,0],"id":5452190399332355,"type":105}
@nix {"action":"result","fields":[101,0],"id":5452190399332353,"type":106}
@nix {"action":"result","fields":[100,0],"id":5452190399332353,"type":106}
@nix {"action":"stop","id":5452190399332361}
@nix {"action":"result","fields":[7,37,0,0],"id":5452190399332354,"type":105}
@nix {"action":"result","fields":[0,0,0,0],"id":5452190399332355,"type":105}
@nix {"action":"result","fields":[101,0],"id":5452190399332353,"type":106}
@nix {"action":"result","fields":[100,0],"id":5452190399332353,"type":106}
@nix {"action":"start","fields":["/tmp/obrador-shared-pins-linux/round-2-baseline/chain-round-1-jobs-8/store/0ssjk5mhi3ys716g4mbrvcaimi0mz4f3-leaf-2.drv","",1,1],"id":5452190399332363,"level":3,"parent":0,"text":"building '/tmp/obrador-shared-pins-linux/round-2-baseline/chain-round-1-jobs-8/store/0ssjk5mhi3ys716g4mbrvcaimi0mz4f3-leaf-2.drv'","type":105}
@nix {"action":"result","fields":[7,37,1,0],"id":5452190399332354,"type":105}
@nix {"action":"result","fields":[0,0,0,0],"id":5452190399332355,"type":105}
@nix {"action":"result","fields":[101,0],"id":5452190399332353,"type":106}
@nix {"action":"result","fields":[100,0],"id":5452190399332353,"type":106}
@nix {"action":"result","fields":[8,38,0,0],"id":5452190399332354,"type":105}
@nix {"action":"result","fields":[0,0,0,0],"id":5452190399332355,"type":105}
@nix {"action":"result","fields":[101,0],"id":5452190399332353,"type":106}
@nix {"action":"result","fields":[100,0],"id":5452190399332353,"type":106}
@nix {"action":"stop","id":5452190399332363}
@nix {"action":"start","fields":["/tmp/obrador-shared-pins-linux/round-2-baseline/chain-round-1-jobs-8/store/spp3g3gndpagdaza4qgf9mrvam174y1m-leaf-3.drv.drv","/tmp/obrador-shared-pins-linux/round-2-baseline/chain-round-1-jobs-8/store/wfi5x0q3iy3fiv0zsp42fka6d36f66af-leaf-3.drv.drv"],"id":5452190399332364,"level":3,"parent":0,"text":"resolved derivation: '/tmp/obrador-shared-pins-linux/round-2-baseline/chain-round-1-jobs-8/store/spp3g3gndpagdaza4qgf9mrvam174y1m-leaf-3.drv.drv' -> '/tmp/obrador-shared-pins-linux/round-2-baseline/chain-round-1-jobs-8/store/wfi5x0q3iy3fiv0zsp42fka6d36f66af-leaf-3.drv.drv'","type":111}
@nix {"action":"result","fields":[8,38,0,0],"id":5452190399332354,"type":105}
@nix {"action":"result","fields":[0,0,0,0],"id":5452190399332355,"type":105}
@nix {"action":"result","fields":[101,0],"id":5452190399332353,"type":106}
@nix {"action":"result","fields":[100,0],"id":5452190399332353,"type":106}
@nix {"action":"start","fields":["/tmp/obrador-shared-pins-linux/round-2-baseline/chain-round-1-jobs-8/store/wfi5x0q3iy3fiv0zsp42fka6d36f66af-leaf-3.drv.drv","",1,1],"id":5452190399332365,"level":3,"parent":0,"text":"building '/tmp/obrador-shared-pins-linux/round-2-baseline/chain-round-1-jobs-8/store/wfi5x0q3iy3fiv0zsp42fka6d36f66af-leaf-3.drv.drv'","type":105}
@nix {"action":"result","fields":[8,38,1,0],"id":5452190399332354,"type":105}
@nix {"action":"result","fields":[0,0,0,0],"id":5452190399332355,"type":105}
@nix {"action":"result","fields":[101,0],"id":5452190399332353,"type":106}
@nix {"action":"result","fields":[100,0],"id":5452190399332353,"type":106}
@nix {"action":"result","fields":[9,39,0,0],"id":5452190399332354,"type":105}
@nix {"action":"result","fields":[0,0,0,0],"id":5452190399332355,"type":105}
@nix {"action":"result","fields":[101,0],"id":5452190399332353,"type":106}
@nix {"action":"result","fields":[100,0],"id":5452190399332353,"type":106}
@nix {"action":"stop","id":5452190399332365}
@nix {"action":"result","fields":[10,39,0,0],"id":5452190399332354,"type":105}
@nix {"action":"result","fields":[0,0,0,0],"id":5452190399332355,"type":105}
@nix {"action":"result","fields":[101,0],"id":5452190399332353,"type":106}
@nix {"action":"result","fields":[100,0],"id":5452190399332353,"type":106}
@nix {"action":"stop","id":5452190399332364}
@nix {"action":"result","fields":[10,39,0,0],"id":5452190399332354,"type":105}
@nix {"action":"result","fields":[0,0,0,0],"id":5452190399332355,"type":105}
@nix {"action":"result","fields":[101,0],"id":5452190399332353,"type":106}
@nix {"action":"result","fields":[100,0],"id":5452190399332353,"type":106}
@nix {"action":"start","fields":["/tmp/obrador-shared-pins-linux/round-2-baseline/chain-round-1-jobs-8/store/apds5wfd719scshvr1ablln3fd7xc1c2-leaf-3.drv","",1,1],"id":5452190399332366,"level":3,"parent":0,"text":"building '/tmp/obrador-shared-pins-linux/round-2-baseline/chain-round-1-jobs-8/store/apds5wfd719scshvr1ablln3fd7xc1c2-leaf-3.drv'","type":105}
@nix {"action":"result","fields":[10,39,1,0],"id":5452190399332354,"type":105}
@nix {"action":"result","fields":[0,0,0,0],"id":5452190399332355,"type":105}
@nix {"action":"result","fields":[101,0],"id":5452190399332353,"type":106}
@nix {"action":"result","fields":[100,0],"id":5452190399332353,"type":106}
@nix {"action":"result","fields":[11,40,0,0],"id":5452190399332354,"type":105}
@nix {"action":"result","fields":[0,0,0,0],"id":5452190399332355,"type":105}
@nix {"action":"result","fields":[101,0],"id":5452190399332353,"type":106}
@nix {"action":"result","fields":[100,0],"id":5452190399332353,"type":106}
@nix {"action":"stop","id":5452190399332366}
@nix {"action":"start","fields":["/tmp/obrador-shared-pins-linux/round-2-baseline/chain-round-1-jobs-8/store/vs790gk5m1x1780hakr5lp25wqhy4k3a-leaf-4.drv.drv","/tmp/obrador-shared-pins-linux/round-2-baseline/chain-round-1-jobs-8/store/qci6ynvn6njp41fdc9g645h71m51avig-leaf-4.drv.drv"],"id":5452190399332367,"level":3,"parent":0,"text":"resolved derivation: '/tmp/obrador-shared-pins-linux/round-2-baseline/chain-round-1-jobs-8/store/vs790gk5m1x1780hakr5lp25wqhy4k3a-leaf-4.drv.drv' -> '/tmp/obrador-shared-pins-linux/round-2-baseline/chain-round-1-jobs-8/store/qci6ynvn6njp41fdc9g645h71m51avig-leaf-4.drv.drv'","type":111}
@nix {"action":"result","fields":[11,40,0,0],"id":5452190399332354,"type":105}
@nix {"action":"result","fields":[0,0,0,0],"id":5452190399332355,"type":105}
@nix {"action":"result","fields":[101,0],"id":5452190399332353,"type":106}
@nix {"action":"result","fields":[100,0],"id":5452190399332353,"type":106}
@nix {"action":"start","fields":["/tmp/obrador-shared-pins-linux/round-2-baseline/chain-round-1-jobs-8/store/qci6ynvn6njp41fdc9g645h71m51avig-leaf-4.drv.drv","",1,1],"id":5452190399332368,"level":3,"parent":0,"text":"building '/tmp/obrador-shared-pins-linux/round-2-baseline/chain-round-1-jobs-8/store/qci6ynvn6njp41fdc9g645h71m51avig-leaf-4.drv.drv'","type":105}
@nix {"action":"result","fields":[11,40,1,0],"id":5452190399332354,"type":105}
@nix {"action":"result","fields":[0,0,0,0],"id":5452190399332355,"type":105}
@nix {"action":"result","fields":[101,0],"id":5452190399332353,"type":106}
@nix {"action":"result","fields":[100,0],"id":5452190399332353,"type":106}
@nix {"action":"result","fields":[12,41,0,0],"id":5452190399332354,"type":105}
@nix {"action":"result","fields":[0,0,0,0],"id":5452190399332355,"type":105}
@nix {"action":"result","fields":[101,0],"id":5452190399332353,"type":106}
@nix {"action":"result","fields":[100,0],"id":5452190399332353,"type":106}
@nix {"action":"stop","id":5452190399332368}
@nix {"action":"result","fields":[13,41,0,0],"id":5452190399332354,"type":105}
@nix {"action":"result","fields":[0,0,0,0],"id":5452190399332355,"type":105}
@nix {"action":"result","fields":[101,0],"id":5452190399332353,"type":106}
@nix {"action":"result","fields":[100,0],"id":5452190399332353,"type":106}
@nix {"action":"stop","id":5452190399332367}
@nix {"action":"result","fields":[13,41,0,0],"id":5452190399332354,"type":105}
@nix {"action":"result","fields":[0,0,0,0],"id":5452190399332355,"type":105}
@nix {"action":"result","fields":[101,0],"id":5452190399332353,"type":106}
@nix {"action":"result","fields":[100,0],"id":5452190399332353,"type":106}
@nix {"action":"start","fields":["/tmp/obrador-shared-pins-linux/round-2-baseline/chain-round-1-jobs-8/store/4aim6zmixbds8b9ihp8v7caz8kxlyh6j-leaf-4.drv","",1,1],"id":5452190399332369,"level":3,"parent":0,"text":"building '/tmp/obrador-shared-pins-linux/round-2-baseline/chain-round-1-jobs-8/store/4aim6zmixbds8b9ihp8v7caz8kxlyh6j-leaf-4.drv'","type":105}
@nix {"action":"result","fields":[13,41,1,0],"id":5452190399332354,"type":105}
@nix {"action":"result","fields":[0,0,0,0],"id":5452190399332355,"type":105}
@nix {"action":"result","fields":[101,0],"id":5452190399332353,"type":106}
@nix {"action":"result","fields":[100,0],"id":5452190399332353,"type":106}
@nix {"action":"result","fields":[14,42,0,0],"id":5452190399332354,"type":105}
@nix {"action":"result","fields":[0,0,0,0],"id":5452190399332355,"type":105}
@nix {"action":"result","fields":[101,0],"id":5452190399332353,"type":106}
@nix {"action":"result","fields":[100,0],"id":5452190399332353,"type":106}
@nix {"action":"stop","id":5452190399332369}
@nix {"action":"start","fields":["/tmp/obrador-shared-pins-linux/round-2-baseline/chain-round-1-jobs-8/store/r3gr3jrimg3hzzqnb1whhd0sxaxg7iif-leaf-5.drv.drv","/tmp/obrador-shared-pins-linux/round-2-baseline/chain-round-1-jobs-8/store/abkahiaszyxh49gqa9shvd1h15pfpll3-leaf-5.drv.drv"],"id":5452190399332370,"level":3,"parent":0,"text":"resolved derivation: '/tmp/obrador-shared-pins-linux/round-2-baseline/chain-round-1-jobs-8/store/r3gr3jrimg3hzzqnb1whhd0sxaxg7iif-leaf-5.drv.drv' -> '/tmp/obrador-shared-pins-linux/round-2-baseline/chain-round-1-jobs-8/store/abkahiaszyxh49gqa9shvd1h15pfpll3-leaf-5.drv.drv'","type":111}
@nix {"action":"result","fields":[14,42,0,0],"id":5452190399332354,"type":105}
@nix {"action":"result","fields":[0,0,0,0],"id":5452190399332355,"type":105}
@nix {"action":"result","fields":[101,0],"id":5452190399332353,"type":106}
@nix {"action":"result","fields":[100,0],"id":5452190399332353,"type":106}
@nix {"action":"start","fields":["/tmp/obrador-shared-pins-linux/round-2-baseline/chain-round-1-jobs-8/store/abkahiaszyxh49gqa9shvd1h15pfpll3-leaf-5.drv.drv","",1,1],"id":5452190399332371,"level":3,"parent":0,"text":"building '/tmp/obrador-shared-pins-linux/round-2-baseline/chain-round-1-jobs-8/store/abkahiaszyxh49gqa9shvd1h15pfpll3-leaf-5.drv.drv'","type":105}
@nix {"action":"result","fields":[14,42,1,0],"id":5452190399332354,"type":105}
@nix {"action":"result","fields":[0,0,0,0],"id":5452190399332355,"type":105}
@nix {"action":"result","fields":[101,0],"id":5452190399332353,"type":106}
@nix {"action":"result","fields":[100,0],"id":5452190399332353,"type":106}
@nix {"action":"result","fields":[15,43,0,0],"id":5452190399332354,"type":105}
@nix {"action":"result","fields":[0,0,0,0],"id":5452190399332355,"type":105}
@nix {"action":"result","fields":[101,0],"id":5452190399332353,"type":106}
@nix {"action":"result","fields":[100,0],"id":5452190399332353,"type":106}
@nix {"action":"stop","id":5452190399332371}
@nix {"action":"result","fields":[16,43,0,0],"id":5452190399332354,"type":105}
@nix {"action":"result","fields":[0,0,0,0],"id":5452190399332355,"type":105}
@nix {"action":"result","fields":[101,0],"id":5452190399332353,"type":106}
@nix {"action":"result","fields":[100,0],"id":5452190399332353,"type":106}
@nix {"action":"stop","id":5452190399332370}
@nix {"action":"result","fields":[16,43,0,0],"id":5452190399332354,"type":105}
@nix {"action":"result","fields":[0,0,0,0],"id":5452190399332355,"type":105}
@nix {"action":"result","fields":[101,0],"id":5452190399332353,"type":106}
@nix {"action":"result","fields":[100,0],"id":5452190399332353,"type":106}
@nix {"action":"start","fields":["/tmp/obrador-shared-pins-linux/round-2-baseline/chain-round-1-jobs-8/store/pq4qs0ikllljm1933mchmraqm8dzx4s1-leaf-5.drv","",1,1],"id":5452190399332372,"level":3,"parent":0,"text":"building '/tmp/obrador-shared-pins-linux/round-2-baseline/chain-round-1-jobs-8/store/pq4qs0ikllljm1933mchmraqm8dzx4s1-leaf-5.drv'","type":105}
@nix {"action":"result","fields":[16,43,1,0],"id":5452190399332354,"type":105}
@nix {"action":"result","fields":[0,0,0,0],"id":5452190399332355,"type":105}
@nix {"action":"result","fields":[101,0],"id":5452190399332353,"type":106}
@nix {"action":"result","fields":[100,0],"id":5452190399332353,"type":106}
@nix {"action":"result","fields":[17,44,0,0],"id":5452190399332354,"type":105}
@nix {"action":"result","fields":[0,0,0,0],"id":5452190399332355,"type":105}
@nix {"action":"result","fields":[101,0],"id":5452190399332353,"type":106}
@nix {"action":"result","fields":[100,0],"id":5452190399332353,"type":106}
@nix {"action":"stop","id":5452190399332372}
@nix {"action":"start","fields":["/tmp/obrador-shared-pins-linux/round-2-baseline/chain-round-1-jobs-8/store/dzi13kdx4p1nsqfqgpglzq2d6yvs5xd1-leaf-6.drv.drv","/tmp/obrador-shared-pins-linux/round-2-baseline/chain-round-1-jobs-8/store/h3gxii4fib14kmphlrkm4f7dy67z1q20-leaf-6.drv.drv"],"id":5452190399332373,"level":3,"parent":0,"text":"resolved derivation: '/tmp/obrador-shared-pins-linux/round-2-baseline/chain-round-1-jobs-8/store/dzi13kdx4p1nsqfqgpglzq2d6yvs5xd1-leaf-6.drv.drv' -> '/tmp/obrador-shared-pins-linux/round-2-baseline/chain-round-1-jobs-8/store/h3gxii4fib14kmphlrkm4f7dy67z1q20-leaf-6.drv.drv'","type":111}
@nix {"action":"result","fields":[17,44,0,0],"id":5452190399332354,"type":105}
@nix {"action":"result","fields":[0,0,0,0],"id":5452190399332355,"type":105}
@nix {"action":"result","fields":[101,0],"id":5452190399332353,"type":106}
@nix {"action":"result","fields":[100,0],"id":5452190399332353,"type":106}
@nix {"action":"start","fields":["/tmp/obrador-shared-pins-linux/round-2-baseline/chain-round-1-jobs-8/store/h3gxii4fib14kmphlrkm4f7dy67z1q20-leaf-6.drv.drv","",1,1],"id":5452190399332374,"level":3,"parent":0,"text":"building '/tmp/obrador-shared-pins-linux/round-2-baseline/chain-round-1-jobs-8/store/h3gxii4fib14kmphlrkm4f7dy67z1q20-leaf-6.drv.drv'","type":105}
@nix {"action":"result","fields":[17,44,1,0],"id":5452190399332354,"type":105}
@nix {"action":"result","fields":[0,0,0,0],"id":5452190399332355,"type":105}
@nix {"action":"result","fields":[101,0],"id":5452190399332353,"type":106}
@nix {"action":"result","fields":[100,0],"id":5452190399332353,"type":106}
@nix {"action":"result","fields":[18,45,0,0],"id":5452190399332354,"type":105}
@nix {"action":"result","fields":[0,0,0,0],"id":5452190399332355,"type":105}
@nix {"action":"result","fields":[101,0],"id":5452190399332353,"type":106}
@nix {"action":"result","fields":[100,0],"id":5452190399332353,"type":106}
@nix {"action":"stop","id":5452190399332374}
@nix {"action":"result","fields":[19,45,0,0],"id":5452190399332354,"type":105}
@nix {"action":"result","fields":[0,0,0,0],"id":5452190399332355,"type":105}
@nix {"action":"result","fields":[101,0],"id":5452190399332353,"type":106}
@nix {"action":"result","fields":[100,0],"id":5452190399332353,"type":106}
@nix {"action":"stop","id":5452190399332373}
@nix {"action":"result","fields":[19,45,0,0],"id":5452190399332354,"type":105}
@nix {"action":"result","fields":[0,0,0,0],"id":5452190399332355,"type":105}
@nix {"action":"result","fields":[101,0],"id":5452190399332353,"type":106}
@nix {"action":"result","fields":[100,0],"id":5452190399332353,"type":106}
@nix {"action":"start","fields":["/tmp/obrador-shared-pins-linux/round-2-baseline/chain-round-1-jobs-8/store/3kb5q7a0w1kjy3r311ydj499awcj1839-leaf-6.drv","",1,1],"id":5452190399332375,"level":3,"parent":0,"text":"building '/tmp/obrador-shared-pins-linux/round-2-baseline/chain-round-1-jobs-8/store/3kb5q7a0w1kjy3r311ydj499awcj1839-leaf-6.drv'","type":105}
@nix {"action":"result","fields":[19,45,1,0],"id":5452190399332354,"type":105}
@nix {"action":"result","fields":[0,0,0,0],"id":5452190399332355,"type":105}
@nix {"action":"result","fields":[101,0],"id":5452190399332353,"type":106}
@nix {"action":"result","fields":[100,0],"id":5452190399332353,"type":106}
@nix {"action":"result","fields":[20,46,0,0],"id":5452190399332354,"type":105}
@nix {"action":"result","fields":[0,0,0,0],"id":5452190399332355,"type":105}
@nix {"action":"result","fields":[101,0],"id":5452190399332353,"type":106}
@nix {"action":"result","fields":[100,0],"id":5452190399332353,"type":106}
@nix {"action":"stop","id":5452190399332375}
@nix {"action":"start","fields":["/tmp/obrador-shared-pins-linux/round-2-baseline/chain-round-1-jobs-8/store/y225jdpf0yygz49rndkla16gxgn75wdb-leaf-7.drv.drv","/tmp/obrador-shared-pins-linux/round-2-baseline/chain-round-1-jobs-8/store/5zkpznmhzx8gmdqyrvdmvfv1w56pwnfl-leaf-7.drv.drv"],"id":5452190399332376,"level":3,"parent":0,"text":"resolved derivation: '/tmp/obrador-shared-pins-linux/round-2-baseline/chain-round-1-jobs-8/store/y225jdpf0yygz49rndkla16gxgn75wdb-leaf-7.drv.drv' -> '/tmp/obrador-shared-pins-linux/round-2-baseline/chain-round-1-jobs-8/store/5zkpznmhzx8gmdqyrvdmvfv1w56pwnfl-leaf-7.drv.drv'","type":111}
@nix {"action":"result","fields":[20,46,0,0],"id":5452190399332354,"type":105}
@nix {"action":"result","fields":[0,0,0,0],"id":5452190399332355,"type":105}
@nix {"action":"result","fields":[101,0],"id":5452190399332353,"type":106}
@nix {"action":"result","fields":[100,0],"id":5452190399332353,"type":106}
@nix {"action":"start","fields":["/tmp/obrador-shared-pins-linux/round-2-baseline/chain-round-1-jobs-8/store/5zkpznmhzx8gmdqyrvdmvfv1w56pwnfl-leaf-7.drv.drv","",1,1],"id":5452190399332377,"level":3,"parent":0,"text":"building '/tmp/obrador-shared-pins-linux/round-2-baseline/chain-round-1-jobs-8/store/5zkpznmhzx8gmdqyrvdmvfv1w56pwnfl-leaf-7.drv.drv'","type":105}
@nix {"action":"result","fields":[20,46,1,0],"id":5452190399332354,"type":105}
@nix {"action":"result","fields":[0,0,0,0],"id":5452190399332355,"type":105}
@nix {"action":"result","fields":[101,0],"id":5452190399332353,"type":106}
@nix {"action":"result","fields":[100,0],"id":5452190399332353,"type":106}
@nix {"action":"result","fields":[21,47,0,0],"id":5452190399332354,"type":105}
@nix {"action":"result","fields":[0,0,0,0],"id":5452190399332355,"type":105}
@nix {"action":"result","fields":[101,0],"id":5452190399332353,"type":106}
@nix {"action":"result","fields":[100,0],"id":5452190399332353,"type":106}
@nix {"action":"stop","id":5452190399332377}
@nix {"action":"result","fields":[22,47,0,0],"id":5452190399332354,"type":105}
@nix {"action":"result","fields":[0,0,0,0],"id":5452190399332355,"type":105}
@nix {"action":"result","fields":[101,0],"id":5452190399332353,"type":106}
@nix {"action":"result","fields":[100,0],"id":5452190399332353,"type":106}
@nix {"action":"stop","id":5452190399332376}
@nix {"action":"result","fields":[22,47,0,0],"id":5452190399332354,"type":105}
@nix {"action":"result","fields":[0,0,0,0],"id":5452190399332355,"type":105}
@nix {"action":"result","fields":[101,0],"id":5452190399332353,"type":106}
@nix {"action":"result","fields":[100,0],"id":5452190399332353,"type":106}
@nix {"action":"start","fields":["/tmp/obrador-shared-pins-linux/round-2-baseline/chain-round-1-jobs-8/store/kx4l44dm7syvv53in19y5v607s6g2nqi-leaf-7.drv","",1,1],"id":5452190399332378,"level":3,"parent":0,"text":"building '/tmp/obrador-shared-pins-linux/round-2-baseline/chain-round-1-jobs-8/store/kx4l44dm7syvv53in19y5v607s6g2nqi-leaf-7.drv'","type":105}
@nix {"action":"result","fields":[22,47,1,0],"id":5452190399332354,"type":105}
@nix {"action":"result","fields":[0,0,0,0],"id":5452190399332355,"type":105}
@nix {"action":"result","fields":[101,0],"id":5452190399332353,"type":106}
@nix {"action":"result","fields":[100,0],"id":5452190399332353,"type":106}
@nix {"action":"result","fields":[23,48,0,0],"id":5452190399332354,"type":105}
@nix {"action":"result","fields":[0,0,0,0],"id":5452190399332355,"type":105}
@nix {"action":"result","fields":[101,0],"id":5452190399332353,"type":106}
@nix {"action":"result","fields":[100,0],"id":5452190399332353,"type":106}
@nix {"action":"stop","id":5452190399332378}
@nix {"action":"start","fields":["/tmp/obrador-shared-pins-linux/round-2-baseline/chain-round-1-jobs-8/store/5dw809plz84l8y7aydklfb035qwr625y-leaf-8.drv.drv","/tmp/obrador-shared-pins-linux/round-2-baseline/chain-round-1-jobs-8/store/4slijmaw2f1xvijkxb3nsch32ynd1ibb-leaf-8.drv.drv"],"id":5452190399332379,"level":3,"parent":0,"text":"resolved derivation: '/tmp/obrador-shared-pins-linux/round-2-baseline/chain-round-1-jobs-8/store/5dw809plz84l8y7aydklfb035qwr625y-leaf-8.drv.drv' -> '/tmp/obrador-shared-pins-linux/round-2-baseline/chain-round-1-jobs-8/store/4slijmaw2f1xvijkxb3nsch32ynd1ibb-leaf-8.drv.drv'","type":111}
@nix {"action":"result","fields":[23,48,0,0],"id":5452190399332354,"type":105}
@nix {"action":"result","fields":[0,0,0,0],"id":5452190399332355,"type":105}
@nix {"action":"result","fields":[101,0],"id":5452190399332353,"type":106}
@nix {"action":"result","fields":[100,0],"id":5452190399332353,"type":106}
@nix {"action":"start","fields":["/tmp/obrador-shared-pins-linux/round-2-baseline/chain-round-1-jobs-8/store/4slijmaw2f1xvijkxb3nsch32ynd1ibb-leaf-8.drv.drv","",1,1],"id":5452190399332380,"level":3,"parent":0,"text":"building '/tmp/obrador-shared-pins-linux/round-2-baseline/chain-round-1-jobs-8/store/4slijmaw2f1xvijkxb3nsch32ynd1ibb-leaf-8.drv.drv'","type":105}
@nix {"action":"result","fields":[23,48,1,0],"id":5452190399332354,"type":105}
@nix {"action":"result","fields":[0,0,0,0],"id":5452190399332355,"type":105}
@nix {"action":"result","fields":[101,0],"id":5452190399332353,"type":106}
@nix {"action":"result","fields":[100,0],"id":5452190399332353,"type":106}
@nix {"action":"result","fields":[24,49,0,0],"id":5452190399332354,"type":105}
@nix {"action":"result","fields":[0,0,0,0],"id":5452190399332355,"type":105}
@nix {"action":"result","fields":[101,0],"id":5452190399332353,"type":106}
@nix {"action":"result","fields":[100,0],"id":5452190399332353,"type":106}
@nix {"action":"stop","id":5452190399332380}
@nix {"action":"result","fields":[25,49,0,0],"id":5452190399332354,"type":105}
@nix {"action":"result","fields":[0,0,0,0],"id":5452190399332355,"type":105}
@nix {"action":"result","fields":[101,0],"id":5452190399332353,"type":106}
@nix {"action":"result","fields":[100,0],"id":5452190399332353,"type":106}
@nix {"action":"stop","id":5452190399332379}
@nix {"action":"result","fields":[25,49,0,0],"id":5452190399332354,"type":105}
@nix {"action":"result","fields":[0,0,0,0],"id":5452190399332355,"type":105}
@nix {"action":"result","fields":[101,0],"id":5452190399332353,"type":106}
@nix {"action":"result","fields":[100,0],"id":5452190399332353,"type":106}
@nix {"action":"start","fields":["/tmp/obrador-shared-pins-linux/round-2-baseline/chain-round-1-jobs-8/store/2d3wmkpp9wzx7bndx3jbzx8ndln7rnjh-leaf-8.drv","",1,1],"id":5452190399332381,"level":3,"parent":0,"text":"building '/tmp/obrador-shared-pins-linux/round-2-baseline/chain-round-1-jobs-8/store/2d3wmkpp9wzx7bndx3jbzx8ndln7rnjh-leaf-8.drv'","type":105}
@nix {"action":"result","fields":[25,49,1,0],"id":5452190399332354,"type":105}
@nix {"action":"result","fields":[0,0,0,0],"id":5452190399332355,"type":105}
@nix {"action":"result","fields":[101,0],"id":5452190399332353,"type":106}
@nix {"action":"result","fields":[100,0],"id":5452190399332353,"type":106}
@nix {"action":"result","fields":[26,50,0,0],"id":5452190399332354,"type":105}
@nix {"action":"result","fields":[0,0,0,0],"id":5452190399332355,"type":105}
@nix {"action":"result","fields":[101,0],"id":5452190399332353,"type":106}
@nix {"action":"result","fields":[100,0],"id":5452190399332353,"type":106}
@nix {"action":"stop","id":5452190399332381}
@nix {"action":"start","fields":["/tmp/obrador-shared-pins-linux/round-2-baseline/chain-round-1-jobs-8/store/3x05zbsmx4zbvlhqzi81s5pjkwmsfnbq-leaf-9.drv.drv","/tmp/obrador-shared-pins-linux/round-2-baseline/chain-round-1-jobs-8/store/467pczsrdvi65r3z45afflvjaayvk0z8-leaf-9.drv.drv"],"id":5452190399332382,"level":3,"parent":0,"text":"resolved derivation: '/tmp/obrador-shared-pins-linux/round-2-baseline/chain-round-1-jobs-8/store/3x05zbsmx4zbvlhqzi81s5pjkwmsfnbq-leaf-9.drv.drv' -> '/tmp/obrador-shared-pins-linux/round-2-baseline/chain-round-1-jobs-8/store/467pczsrdvi65r3z45afflvjaayvk0z8-leaf-9.drv.drv'","type":111}
@nix {"action":"result","fields":[26,50,0,0],"id":5452190399332354,"type":105}
@nix {"action":"result","fields":[0,0,0,0],"id":5452190399332355,"type":105}
@nix {"action":"result","fields":[101,0],"id":5452190399332353,"type":106}
@nix {"action":"result","fields":[100,0],"id":5452190399332353,"type":106}
@nix {"action":"start","fields":["/tmp/obrador-shared-pins-linux/round-2-baseline/chain-round-1-jobs-8/store/467pczsrdvi65r3z45afflvjaayvk0z8-leaf-9.drv.drv","",1,1],"id":5452190399332383,"level":3,"parent":0,"text":"building '/tmp/obrador-shared-pins-linux/round-2-baseline/chain-round-1-jobs-8/store/467pczsrdvi65r3z45afflvjaayvk0z8-leaf-9.drv.drv'","type":105}
@nix {"action":"result","fields":[26,50,1,0],"id":5452190399332354,"type":105}
@nix {"action":"result","fields":[0,0,0,0],"id":5452190399332355,"type":105}
@nix {"action":"result","fields":[101,0],"id":5452190399332353,"type":106}
@nix {"action":"result","fields":[100,0],"id":5452190399332353,"type":106}
@nix {"action":"result","fields":[27,51,0,0],"id":5452190399332354,"type":105}
@nix {"action":"result","fields":[0,0,0,0],"id":5452190399332355,"type":105}
@nix {"action":"result","fields":[101,0],"id":5452190399332353,"type":106}
@nix {"action":"result","fields":[100,0],"id":5452190399332353,"type":106}
@nix {"action":"stop","id":5452190399332383}
@nix {"action":"result","fields":[28,51,0,0],"id":5452190399332354,"type":105}
@nix {"action":"result","fields":[0,0,0,0],"id":5452190399332355,"type":105}
@nix {"action":"result","fields":[101,0],"id":5452190399332353,"type":106}
@nix {"action":"result","fields":[100,0],"id":5452190399332353,"type":106}
@nix {"action":"stop","id":5452190399332382}
@nix {"action":"result","fields":[28,51,0,0],"id":5452190399332354,"type":105}
@nix {"action":"result","fields":[0,0,0,0],"id":5452190399332355,"type":105}
@nix {"action":"result","fields":[101,0],"id":5452190399332353,"type":106}
@nix {"action":"result","fields":[100,0],"id":5452190399332353,"type":106}
@nix {"action":"start","fields":["/tmp/obrador-shared-pins-linux/round-2-baseline/chain-round-1-jobs-8/store/2xckw5zg2y71znszbbwp9asq3a9mnbqm-leaf-9.drv","",1,1],"id":5452190399332384,"level":3,"parent":0,"text":"building '/tmp/obrador-shared-pins-linux/round-2-baseline/chain-round-1-jobs-8/store/2xckw5zg2y71znszbbwp9asq3a9mnbqm-leaf-9.drv'","type":105}
@nix {"action":"result","fields":[28,51,1,0],"id":5452190399332354,"type":105}
@nix {"action":"result","fields":[0,0,0,0],"id":5452190399332355,"type":105}
@nix {"action":"result","fields":[101,0],"id":5452190399332353,"type":106}
@nix {"action":"result","fields":[100,0],"id":5452190399332353,"type":106}
@nix {"action":"result","fields":[29,52,0,0],"id":5452190399332354,"type":105}
@nix {"action":"result","fields":[0,0,0,0],"id":5452190399332355,"type":105}
@nix {"action":"result","fields":[101,0],"id":5452190399332353,"type":106}
@nix {"action":"result","fields":[100,0],"id":5452190399332353,"type":106}
@nix {"action":"stop","id":5452190399332384}
@nix {"action":"start","fields":["/tmp/obrador-shared-pins-linux/round-2-baseline/chain-round-1-jobs-8/store/k1vsldfvafj51x8za8l8mk71yw7dbiin-leaf-10.drv.drv","/tmp/obrador-shared-pins-linux/round-2-baseline/chain-round-1-jobs-8/store/z592kd8b8yiknrz1f0z8wcp37gak4mcy-leaf-10.drv.drv"],"id":5452190399332385,"level":3,"parent":0,"text":"resolved derivation: '/tmp/obrador-shared-pins-linux/round-2-baseline/chain-round-1-jobs-8/store/k1vsldfvafj51x8za8l8mk71yw7dbiin-leaf-10.drv.drv' -> '/tmp/obrador-shared-pins-linux/round-2-baseline/chain-round-1-jobs-8/store/z592kd8b8yiknrz1f0z8wcp37gak4mcy-leaf-10.drv.drv'","type":111}
@nix {"action":"result","fields":[29,52,0,0],"id":5452190399332354,"type":105}
@nix {"action":"result","fields":[0,0,0,0],"id":5452190399332355,"type":105}
@nix {"action":"result","fields":[101,0],"id":5452190399332353,"type":106}
@nix {"action":"result","fields":[100,0],"id":5452190399332353,"type":106}
@nix {"action":"start","fields":["/tmp/obrador-shared-pins-linux/round-2-baseline/chain-round-1-jobs-8/store/z592kd8b8yiknrz1f0z8wcp37gak4mcy-leaf-10.drv.drv","",1,1],"id":5452190399332386,"level":3,"parent":0,"text":"building '/tmp/obrador-shared-pins-linux/round-2-baseline/chain-round-1-jobs-8/store/z592kd8b8yiknrz1f0z8wcp37gak4mcy-leaf-10.drv.drv'","type":105}
@nix {"action":"result","fields":[29,52,1,0],"id":5452190399332354,"type":105}
@nix {"action":"result","fields":[0,0,0,0],"id":5452190399332355,"type":105}
@nix {"action":"result","fields":[101,0],"id":5452190399332353,"type":106}
@nix {"action":"result","fields":[100,0],"id":5452190399332353,"type":106}
@nix {"action":"result","fields":[30,53,0,0],"id":5452190399332354,"type":105}
@nix {"action":"result","fields":[0,0,0,0],"id":5452190399332355,"type":105}
@nix {"action":"result","fields":[101,0],"id":5452190399332353,"type":106}
@nix {"action":"result","fields":[100,0],"id":5452190399332353,"type":106}
@nix {"action":"stop","id":5452190399332386}
@nix {"action":"result","fields":[31,53,0,0],"id":5452190399332354,"type":105}
@nix {"action":"result","fields":[0,0,0,0],"id":5452190399332355,"type":105}
@nix {"action":"result","fields":[101,0],"id":5452190399332353,"type":106}
@nix {"action":"result","fields":[100,0],"id":5452190399332353,"type":106}
@nix {"action":"stop","id":5452190399332385}
@nix {"action":"result","fields":[31,53,0,0],"id":5452190399332354,"type":105}
@nix {"action":"result","fields":[0,0,0,0],"id":5452190399332355,"type":105}
@nix {"action":"result","fields":[101,0],"id":5452190399332353,"type":106}
@nix {"action":"result","fields":[100,0],"id":5452190399332353,"type":106}
@nix {"action":"start","fields":["/tmp/obrador-shared-pins-linux/round-2-baseline/chain-round-1-jobs-8/store/741l5xkcwkp0mwhwkzwdl1sgnz29l4w5-leaf-10.drv","",1,1],"id":5452190399332387,"level":3,"parent":0,"text":"building '/tmp/obrador-shared-pins-linux/round-2-baseline/chain-round-1-jobs-8/store/741l5xkcwkp0mwhwkzwdl1sgnz29l4w5-leaf-10.drv'","type":105}
@nix {"action":"result","fields":[31,53,1,0],"id":5452190399332354,"type":105}
@nix {"action":"result","fields":[0,0,0,0],"id":5452190399332355,"type":105}
@nix {"action":"result","fields":[101,0],"id":5452190399332353,"type":106}
@nix {"action":"result","fields":[100,0],"id":5452190399332353,"type":106}
@nix {"action":"result","fields":[32,54,0,0],"id":5452190399332354,"type":105}
@nix {"action":"result","fields":[0,0,0,0],"id":5452190399332355,"type":105}
@nix {"action":"result","fields":[101,0],"id":5452190399332353,"type":106}
@nix {"action":"result","fields":[100,0],"id":5452190399332353,"type":106}
@nix {"action":"stop","id":5452190399332387}
@nix {"action":"start","fields":["/tmp/obrador-shared-pins-linux/round-2-baseline/chain-round-1-jobs-8/store/amzlq07hccx5c7sf531dy1qb0dimmvb9-leaf-11.drv.drv","/tmp/obrador-shared-pins-linux/round-2-baseline/chain-round-1-jobs-8/store/kn5vmwv2lbd1bxd5hr53sp7xinw5zf9b-leaf-11.drv.drv"],"id":5452190399332388,"level":3,"parent":0,"text":"resolved derivation: '/tmp/obrador-shared-pins-linux/round-2-baseline/chain-round-1-jobs-8/store/amzlq07hccx5c7sf531dy1qb0dimmvb9-leaf-11.drv.drv' -> '/tmp/obrador-shared-pins-linux/round-2-baseline/chain-round-1-jobs-8/store/kn5vmwv2lbd1bxd5hr53sp7xinw5zf9b-leaf-11.drv.drv'","type":111}
@nix {"action":"result","fields":[32,54,0,0],"id":5452190399332354,"type":105}
@nix {"action":"result","fields":[0,0,0,0],"id":5452190399332355,"type":105}
@nix {"action":"result","fields":[101,0],"id":5452190399332353,"type":106}
@nix {"action":"result","fields":[100,0],"id":5452190399332353,"type":106}
@nix {"action":"start","fields":["/tmp/obrador-shared-pins-linux/round-2-baseline/chain-round-1-jobs-8/store/kn5vmwv2lbd1bxd5hr53sp7xinw5zf9b-leaf-11.drv.drv","",1,1],"id":5452190399332389,"level":3,"parent":0,"text":"building '/tmp/obrador-shared-pins-linux/round-2-baseline/chain-round-1-jobs-8/store/kn5vmwv2lbd1bxd5hr53sp7xinw5zf9b-leaf-11.drv.drv'","type":105}
@nix {"action":"result","fields":[32,54,1,0],"id":5452190399332354,"type":105}
@nix {"action":"result","fields":[0,0,0,0],"id":5452190399332355,"type":105}
@nix {"action":"result","fields":[101,0],"id":5452190399332353,"type":106}
@nix {"action":"result","fields":[100,0],"id":5452190399332353,"type":106}
@nix {"action":"result","fields":[33,55,0,0],"id":5452190399332354,"type":105}
@nix {"action":"result","fields":[0,0,0,0],"id":5452190399332355,"type":105}
@nix {"action":"result","fields":[101,0],"id":5452190399332353,"type":106}
@nix {"action":"result","fields":[100,0],"id":5452190399332353,"type":106}
@nix {"action":"stop","id":5452190399332389}
@nix {"action":"result","fields":[34,55,0,0],"id":5452190399332354,"type":105}
@nix {"action":"result","fields":[0,0,0,0],"id":5452190399332355,"type":105}
@nix {"action":"result","fields":[101,0],"id":5452190399332353,"type":106}
@nix {"action":"result","fields":[100,0],"id":5452190399332353,"type":106}
@nix {"action":"stop","id":5452190399332388}
@nix {"action":"result","fields":[34,55,0,0],"id":5452190399332354,"type":105}
@nix {"action":"result","fields":[0,0,0,0],"id":5452190399332355,"type":105}
@nix {"action":"result","fields":[101,0],"id":5452190399332353,"type":106}
@nix {"action":"result","fields":[100,0],"id":5452190399332353,"type":106}
@nix {"action":"start","fields":["/tmp/obrador-shared-pins-linux/round-2-baseline/chain-round-1-jobs-8/store/cg2xr142y3ygc9fa56mw9bckqnfh1ss2-leaf-11.drv","",1,1],"id":5452190399332390,"level":3,"parent":0,"text":"building '/tmp/obrador-shared-pins-linux/round-2-baseline/chain-round-1-jobs-8/store/cg2xr142y3ygc9fa56mw9bckqnfh1ss2-leaf-11.drv'","type":105}
@nix {"action":"result","fields":[34,55,1,0],"id":5452190399332354,"type":105}
@nix {"action":"result","fields":[0,0,0,0],"id":5452190399332355,"type":105}
@nix {"action":"result","fields":[101,0],"id":5452190399332353,"type":106}
@nix {"action":"result","fields":[100,0],"id":5452190399332353,"type":106}
@nix {"action":"result","fields":[35,56,0,0],"id":5452190399332354,"type":105}
@nix {"action":"result","fields":[0,0,0,0],"id":5452190399332355,"type":105}
@nix {"action":"result","fields":[101,0],"id":5452190399332353,"type":106}
@nix {"action":"result","fields":[100,0],"id":5452190399332353,"type":106}
@nix {"action":"stop","id":5452190399332390}
@nix {"action":"start","fields":["/tmp/obrador-shared-pins-linux/round-2-baseline/chain-round-1-jobs-8/store/frzpzkcyplkyhh98l32n6c2v77rz38im-leaf-12.drv.drv","/tmp/obrador-shared-pins-linux/round-2-baseline/chain-round-1-jobs-8/store/pylq5mb8z65pg826fbf0zlnqv2dw0l81-leaf-12.drv.drv"],"id":5452190399332391,"level":3,"parent":0,"text":"resolved derivation: '/tmp/obrador-shared-pins-linux/round-2-baseline/chain-round-1-jobs-8/store/frzpzkcyplkyhh98l32n6c2v77rz38im-leaf-12.drv.drv' -> '/tmp/obrador-shared-pins-linux/round-2-baseline/chain-round-1-jobs-8/store/pylq5mb8z65pg826fbf0zlnqv2dw0l81-leaf-12.drv.drv'","type":111}
@nix {"action":"result","fields":[35,56,0,0],"id":5452190399332354,"type":105}
@nix {"action":"result","fields":[0,0,0,0],"id":5452190399332355,"type":105}
@nix {"action":"result","fields":[101,0],"id":5452190399332353,"type":106}
@nix {"action":"result","fields":[100,0],"id":5452190399332353,"type":106}
@nix {"action":"start","fields":["/tmp/obrador-shared-pins-linux/round-2-baseline/chain-round-1-jobs-8/store/pylq5mb8z65pg826fbf0zlnqv2dw0l81-leaf-12.drv.drv","",1,1],"id":5452190399332392,"level":3,"parent":0,"text":"building '/tmp/obrador-shared-pins-linux/round-2-baseline/chain-round-1-jobs-8/store/pylq5mb8z65pg826fbf0zlnqv2dw0l81-leaf-12.drv.drv'","type":105}
@nix {"action":"result","fields":[35,56,1,0],"id":5452190399332354,"type":105}
@nix {"action":"result","fields":[0,0,0,0],"id":5452190399332355,"type":105}
@nix {"action":"result","fields":[101,0],"id":5452190399332353,"type":106}
@nix {"action":"result","fields":[100,0],"id":5452190399332353,"type":106}
@nix {"action":"result","fields":[36,57,0,0],"id":5452190399332354,"type":105}
@nix {"action":"result","fields":[0,0,0,0],"id":5452190399332355,"type":105}
@nix {"action":"result","fields":[101,0],"id":5452190399332353,"type":106}
@nix {"action":"result","fields":[100,0],"id":5452190399332353,"type":106}
@nix {"action":"stop","id":5452190399332392}
@nix {"action":"result","fields":[37,57,0,0],"id":5452190399332354,"type":105}
@nix {"action":"result","fields":[0,0,0,0],"id":5452190399332355,"type":105}
@nix {"action":"result","fields":[101,0],"id":5452190399332353,"type":106}
@nix {"action":"result","fields":[100,0],"id":5452190399332353,"type":106}
@nix {"action":"stop","id":5452190399332391}
@nix {"action":"result","fields":[37,57,0,0],"id":5452190399332354,"type":105}
@nix {"action":"result","fields":[0,0,0,0],"id":5452190399332355,"type":105}
@nix {"action":"result","fields":[101,0],"id":5452190399332353,"type":106}
@nix {"action":"result","fields":[100,0],"id":5452190399332353,"type":106}
@nix {"action":"start","fields":["/tmp/obrador-shared-pins-linux/round-2-baseline/chain-round-1-jobs-8/store/hnykwmcvx0aak86rd5d6ybabkh5a3q4z-leaf-12.drv","",1,1],"id":5452190399332393,"level":3,"parent":0,"text":"building '/tmp/obrador-shared-pins-linux/round-2-baseline/chain-round-1-jobs-8/store/hnykwmcvx0aak86rd5d6ybabkh5a3q4z-leaf-12.drv'","type":105}
@nix {"action":"result","fields":[37,57,1,0],"id":5452190399332354,"type":105}
@nix {"action":"result","fields":[0,0,0,0],"id":5452190399332355,"type":105}
@nix {"action":"result","fields":[101,0],"id":5452190399332353,"type":106}
@nix {"action":"result","fields":[100,0],"id":5452190399332353,"type":106}
@nix {"action":"result","fields":[38,58,0,0],"id":5452190399332354,"type":105}
@nix {"action":"result","fields":[0,0,0,0],"id":5452190399332355,"type":105}
@nix {"action":"result","fields":[101,0],"id":5452190399332353,"type":106}
@nix {"action":"result","fields":[100,0],"id":5452190399332353,"type":106}
@nix {"action":"stop","id":5452190399332393}
@nix {"action":"start","fields":["/tmp/obrador-shared-pins-linux/round-2-baseline/chain-round-1-jobs-8/store/sfwpk54bwd01c8klqkc442wh5asmcy7s-leaf-13.drv.drv","/tmp/obrador-shared-pins-linux/round-2-baseline/chain-round-1-jobs-8/store/x22xc5y2a52dsrl5ddz4kpgrhl9ipr5g-leaf-13.drv.drv"],"id":5452190399332394,"level":3,"parent":0,"text":"resolved derivation: '/tmp/obrador-shared-pins-linux/round-2-baseline/chain-round-1-jobs-8/store/sfwpk54bwd01c8klqkc442wh5asmcy7s-leaf-13.drv.drv' -> '/tmp/obrador-shared-pins-linux/round-2-baseline/chain-round-1-jobs-8/store/x22xc5y2a52dsrl5ddz4kpgrhl9ipr5g-leaf-13.drv.drv'","type":111}
@nix {"action":"result","fields":[38,58,0,0],"id":5452190399332354,"type":105}
@nix {"action":"result","fields":[0,0,0,0],"id":5452190399332355,"type":105}
@nix {"action":"result","fields":[101,0],"id":5452190399332353,"type":106}
@nix {"action":"result","fields":[100,0],"id":5452190399332353,"type":106}
@nix {"action":"start","fields":["/tmp/obrador-shared-pins-linux/round-2-baseline/chain-round-1-jobs-8/store/x22xc5y2a52dsrl5ddz4kpgrhl9ipr5g-leaf-13.drv.drv","",1,1],"id":5452190399332395,"level":3,"parent":0,"text":"building '/tmp/obrador-shared-pins-linux/round-2-baseline/chain-round-1-jobs-8/store/x22xc5y2a52dsrl5ddz4kpgrhl9ipr5g-leaf-13.drv.drv'","type":105}
@nix {"action":"result","fields":[38,58,1,0],"id":5452190399332354,"type":105}
@nix {"action":"result","fields":[0,0,0,0],"id":5452190399332355,"type":105}
@nix {"action":"result","fields":[101,0],"id":5452190399332353,"type":106}
@nix {"action":"result","fields":[100,0],"id":5452190399332353,"type":106}
@nix {"action":"result","fields":[39,59,0,0],"id":5452190399332354,"type":105}
@nix {"action":"result","fields":[0,0,0,0],"id":5452190399332355,"type":105}
@nix {"action":"result","fields":[101,0],"id":5452190399332353,"type":106}
@nix {"action":"result","fields":[100,0],"id":5452190399332353,"type":106}
@nix {"action":"stop","id":5452190399332395}
@nix {"action":"result","fields":[40,59,0,0],"id":5452190399332354,"type":105}
@nix {"action":"result","fields":[0,0,0,0],"id":5452190399332355,"type":105}
@nix {"action":"result","fields":[101,0],"id":5452190399332353,"type":106}
@nix {"action":"result","fields":[100,0],"id":5452190399332353,"type":106}
@nix {"action":"stop","id":5452190399332394}
@nix {"action":"result","fields":[40,59,0,0],"id":5452190399332354,"type":105}
@nix {"action":"result","fields":[0,0,0,0],"id":5452190399332355,"type":105}
@nix {"action":"result","fields":[101,0],"id":5452190399332353,"type":106}
@nix {"action":"result","fields":[100,0],"id":5452190399332353,"type":106}
@nix {"action":"start","fields":["/tmp/obrador-shared-pins-linux/round-2-baseline/chain-round-1-jobs-8/store/26ghyrph03zxvsx6pw5ag5fl1hp4zsr9-leaf-13.drv","",1,1],"id":5452190399332396,"level":3,"parent":0,"text":"building '/tmp/obrador-shared-pins-linux/round-2-baseline/chain-round-1-jobs-8/store/26ghyrph03zxvsx6pw5ag5fl1hp4zsr9-leaf-13.drv'","type":105}
@nix {"action":"result","fields":[40,59,1,0],"id":5452190399332354,"type":105}
@nix {"action":"result","fields":[0,0,0,0],"id":5452190399332355,"type":105}
@nix {"action":"result","fields":[101,0],"id":5452190399332353,"type":106}
@nix {"action":"result","fields":[100,0],"id":5452190399332353,"type":106}
@nix {"action":"result","fields":[41,60,0,0],"id":5452190399332354,"type":105}
@nix {"action":"result","fields":[0,0,0,0],"id":5452190399332355,"type":105}
@nix {"action":"result","fields":[101,0],"id":5452190399332353,"type":106}
@nix {"action":"result","fields":[100,0],"id":5452190399332353,"type":106}
@nix {"action":"stop","id":5452190399332396}
@nix {"action":"start","fields":["/tmp/obrador-shared-pins-linux/round-2-baseline/chain-round-1-jobs-8/store/ckqhwyx9xbdxnwpr5w63i35kx8bdjisk-leaf-14.drv.drv","/tmp/obrador-shared-pins-linux/round-2-baseline/chain-round-1-jobs-8/store/cys349alndia590f9w1dh0618v45gljl-leaf-14.drv.drv"],"id":5452190399332397,"level":3,"parent":0,"text":"resolved derivation: '/tmp/obrador-shared-pins-linux/round-2-baseline/chain-round-1-jobs-8/store/ckqhwyx9xbdxnwpr5w63i35kx8bdjisk-leaf-14.drv.drv' -> '/tmp/obrador-shared-pins-linux/round-2-baseline/chain-round-1-jobs-8/store/cys349alndia590f9w1dh0618v45gljl-leaf-14.drv.drv'","type":111}
@nix {"action":"result","fields":[41,60,0,0],"id":5452190399332354,"type":105}
@nix {"action":"result","fields":[0,0,0,0],"id":5452190399332355,"type":105}
@nix {"action":"result","fields":[101,0],"id":5452190399332353,"type":106}
@nix {"action":"result","fields":[100,0],"id":5452190399332353,"type":106}
@nix {"action":"start","fields":["/tmp/obrador-shared-pins-linux/round-2-baseline/chain-round-1-jobs-8/store/cys349alndia590f9w1dh0618v45gljl-leaf-14.drv.drv","",1,1],"id":5452190399332398,"level":3,"parent":0,"text":"building '/tmp/obrador-shared-pins-linux/round-2-baseline/chain-round-1-jobs-8/store/cys349alndia590f9w1dh0618v45gljl-leaf-14.drv.drv'","type":105}
@nix {"action":"result","fields":[41,60,1,0],"id":5452190399332354,"type":105}
@nix {"action":"result","fields":[0,0,0,0],"id":5452190399332355,"type":105}
@nix {"action":"result","fields":[101,0],"id":5452190399332353,"type":106}
@nix {"action":"result","fields":[100,0],"id":5452190399332353,"type":106}
@nix {"action":"result","fields":[42,61,0,0],"id":5452190399332354,"type":105}
@nix {"action":"result","fields":[0,0,0,0],"id":5452190399332355,"type":105}
@nix {"action":"result","fields":[101,0],"id":5452190399332353,"type":106}
@nix {"action":"result","fields":[100,0],"id":5452190399332353,"type":106}
@nix {"action":"stop","id":5452190399332398}
@nix {"action":"result","fields":[43,61,0,0],"id":5452190399332354,"type":105}
@nix {"action":"result","fields":[0,0,0,0],"id":5452190399332355,"type":105}
@nix {"action":"result","fields":[101,0],"id":5452190399332353,"type":106}
@nix {"action":"result","fields":[100,0],"id":5452190399332353,"type":106}
@nix {"action":"stop","id":5452190399332397}
@nix {"action":"result","fields":[43,61,0,0],"id":5452190399332354,"type":105}
@nix {"action":"result","fields":[0,0,0,0],"id":5452190399332355,"type":105}
@nix {"action":"result","fields":[101,0],"id":5452190399332353,"type":106}
@nix {"action":"result","fields":[100,0],"id":5452190399332353,"type":106}
@nix {"action":"start","fields":["/tmp/obrador-shared-pins-linux/round-2-baseline/chain-round-1-jobs-8/store/d2cyy0s909lykxlj1qcri501dxsnw03b-leaf-14.drv","",1,1],"id":5452190399332399,"level":3,"parent":0,"text":"building '/tmp/obrador-shared-pins-linux/round-2-baseline/chain-round-1-jobs-8/store/d2cyy0s909lykxlj1qcri501dxsnw03b-leaf-14.drv'","type":105}
@nix {"action":"result","fields":[43,61,1,0],"id":5452190399332354,"type":105}
@nix {"action":"result","fields":[0,0,0,0],"id":5452190399332355,"type":105}
@nix {"action":"result","fields":[101,0],"id":5452190399332353,"type":106}
@nix {"action":"result","fields":[100,0],"id":5452190399332353,"type":106}
@nix {"action":"result","fields":[44,62,0,0],"id":5452190399332354,"type":105}
@nix {"action":"result","fields":[0,0,0,0],"id":5452190399332355,"type":105}
@nix {"action":"result","fields":[101,0],"id":5452190399332353,"type":106}
@nix {"action":"result","fields":[100,0],"id":5452190399332353,"type":106}
@nix {"action":"stop","id":5452190399332399}
@nix {"action":"start","fields":["/tmp/obrador-shared-pins-linux/round-2-baseline/chain-round-1-jobs-8/store/hk6mwkcg0ipg1zrsncar25gbmmchqyjs-leaf-15.drv.drv","/tmp/obrador-shared-pins-linux/round-2-baseline/chain-round-1-jobs-8/store/isizdv252a6nvpynhyrd98395fd41llr-leaf-15.drv.drv"],"id":5452190399332400,"level":3,"parent":0,"text":"resolved derivation: '/tmp/obrador-shared-pins-linux/round-2-baseline/chain-round-1-jobs-8/store/hk6mwkcg0ipg1zrsncar25gbmmchqyjs-leaf-15.drv.drv' -> '/tmp/obrador-shared-pins-linux/round-2-baseline/chain-round-1-jobs-8/store/isizdv252a6nvpynhyrd98395fd41llr-leaf-15.drv.drv'","type":111}
@nix {"action":"result","fields":[44,62,0,0],"id":5452190399332354,"type":105}
@nix {"action":"result","fields":[0,0,0,0],"id":5452190399332355,"type":105}
@nix {"action":"result","fields":[101,0],"id":5452190399332353,"type":106}
@nix {"action":"result","fields":[100,0],"id":5452190399332353,"type":106}
@nix {"action":"start","fields":["/tmp/obrador-shared-pins-linux/round-2-baseline/chain-round-1-jobs-8/store/isizdv252a6nvpynhyrd98395fd41llr-leaf-15.drv.drv","",1,1],"id":5452190399332401,"level":3,"parent":0,"text":"building '/tmp/obrador-shared-pins-linux/round-2-baseline/chain-round-1-jobs-8/store/isizdv252a6nvpynhyrd98395fd41llr-leaf-15.drv.drv'","type":105}
@nix {"action":"result","fields":[44,62,1,0],"id":5452190399332354,"type":105}
@nix {"action":"result","fields":[0,0,0,0],"id":5452190399332355,"type":105}
@nix {"action":"result","fields":[101,0],"id":5452190399332353,"type":106}
@nix {"action":"result","fields":[100,0],"id":5452190399332353,"type":106}
@nix {"action":"result","fields":[45,63,0,0],"id":5452190399332354,"type":105}
@nix {"action":"result","fields":[0,0,0,0],"id":5452190399332355,"type":105}
@nix {"action":"result","fields":[101,0],"id":5452190399332353,"type":106}
@nix {"action":"result","fields":[100,0],"id":5452190399332353,"type":106}
@nix {"action":"stop","id":5452190399332401}
@nix {"action":"result","fields":[46,63,0,0],"id":5452190399332354,"type":105}
@nix {"action":"result","fields":[0,0,0,0],"id":5452190399332355,"type":105}
@nix {"action":"result","fields":[101,0],"id":5452190399332353,"type":106}
@nix {"action":"result","fields":[100,0],"id":5452190399332353,"type":106}
@nix {"action":"stop","id":5452190399332400}
@nix {"action":"result","fields":[46,63,0,0],"id":5452190399332354,"type":105}
@nix {"action":"result","fields":[0,0,0,0],"id":5452190399332355,"type":105}
@nix {"action":"result","fields":[101,0],"id":5452190399332353,"type":106}
@nix {"action":"result","fields":[100,0],"id":5452190399332353,"type":106}
@nix {"action":"start","fields":["/tmp/obrador-shared-pins-linux/round-2-baseline/chain-round-1-jobs-8/store/kvpnvpjx09lsdlsfrvwc6qj4nh11519p-leaf-15.drv","",1,1],"id":5452190399332402,"level":3,"parent":0,"text":"building '/tmp/obrador-shared-pins-linux/round-2-baseline/chain-round-1-jobs-8/store/kvpnvpjx09lsdlsfrvwc6qj4nh11519p-leaf-15.drv'","type":105}
@nix {"action":"result","fields":[46,63,1,0],"id":5452190399332354,"type":105}
@nix {"action":"result","fields":[0,0,0,0],"id":5452190399332355,"type":105}
@nix {"action":"result","fields":[101,0],"id":5452190399332353,"type":106}
@nix {"action":"result","fields":[100,0],"id":5452190399332353,"type":106}
@nix {"action":"result","fields":[47,64,0,0],"id":5452190399332354,"type":105}
@nix {"action":"result","fields":[0,0,0,0],"id":5452190399332355,"type":105}
@nix {"action":"result","fields":[101,0],"id":5452190399332353,"type":106}
@nix {"action":"result","fields":[100,0],"id":5452190399332353,"type":106}
@nix {"action":"stop","id":5452190399332402}
@nix {"action":"start","fields":["/tmp/obrador-shared-pins-linux/round-2-baseline/chain-round-1-jobs-8/store/lfy3w2k1dv0q4v2xkn7lkldvzj9avwq3-leaf-16.drv.drv","/tmp/obrador-shared-pins-linux/round-2-baseline/chain-round-1-jobs-8/store/fkjym1kzsnlidai04ivq5rqc8q0d3420-leaf-16.drv.drv"],"id":5452190399332403,"level":3,"parent":0,"text":"resolved derivation: '/tmp/obrador-shared-pins-linux/round-2-baseline/chain-round-1-jobs-8/store/lfy3w2k1dv0q4v2xkn7lkldvzj9avwq3-leaf-16.drv.drv' -> '/tmp/obrador-shared-pins-linux/round-2-baseline/chain-round-1-jobs-8/store/fkjym1kzsnlidai04ivq5rqc8q0d3420-leaf-16.drv.drv'","type":111}
@nix {"action":"result","fields":[47,64,0,0],"id":5452190399332354,"type":105}
@nix {"action":"result","fields":[0,0,0,0],"id":5452190399332355,"type":105}
@nix {"action":"result","fields":[101,0],"id":5452190399332353,"type":106}
@nix {"action":"result","fields":[100,0],"id":5452190399332353,"type":106}
@nix {"action":"start","fields":["/tmp/obrador-shared-pins-linux/round-2-baseline/chain-round-1-jobs-8/store/fkjym1kzsnlidai04ivq5rqc8q0d3420-leaf-16.drv.drv","",1,1],"id":5452190399332404,"level":3,"parent":0,"text":"building '/tmp/obrador-shared-pins-linux/round-2-baseline/chain-round-1-jobs-8/store/fkjym1kzsnlidai04ivq5rqc8q0d3420-leaf-16.drv.drv'","type":105}
@nix {"action":"result","fields":[47,64,1,0],"id":5452190399332354,"type":105}
@nix {"action":"result","fields":[0,0,0,0],"id":5452190399332355,"type":105}
@nix {"action":"result","fields":[101,0],"id":5452190399332353,"type":106}
@nix {"action":"result","fields":[100,0],"id":5452190399332353,"type":106}
@nix {"action":"result","fields":[48,65,0,0],"id":5452190399332354,"type":105}
@nix {"action":"result","fields":[0,0,0,0],"id":5452190399332355,"type":105}
@nix {"action":"result","fields":[101,0],"id":5452190399332353,"type":106}
@nix {"action":"result","fields":[100,0],"id":5452190399332353,"type":106}
@nix {"action":"stop","id":5452190399332404}
@nix {"action":"result","fields":[49,65,0,0],"id":5452190399332354,"type":105}
@nix {"action":"result","fields":[0,0,0,0],"id":5452190399332355,"type":105}
@nix {"action":"result","fields":[101,0],"id":5452190399332353,"type":106}
@nix {"action":"result","fields":[100,0],"id":5452190399332353,"type":106}
@nix {"action":"stop","id":5452190399332403}
@nix {"action":"result","fields":[49,65,0,0],"id":5452190399332354,"type":105}
@nix {"action":"result","fields":[0,0,0,0],"id":5452190399332355,"type":105}
@nix {"action":"result","fields":[101,0],"id":5452190399332353,"type":106}
@nix {"action":"result","fields":[100,0],"id":5452190399332353,"type":106}
@nix {"action":"start","fields":["/tmp/obrador-shared-pins-linux/round-2-baseline/chain-round-1-jobs-8/store/bil7sww8xl390mhcywwgmmc62dynkabh-leaf-16.drv","",1,1],"id":5452190399332405,"level":3,"parent":0,"text":"building '/tmp/obrador-shared-pins-linux/round-2-baseline/chain-round-1-jobs-8/store/bil7sww8xl390mhcywwgmmc62dynkabh-leaf-16.drv'","type":105}
@nix {"action":"result","fields":[49,65,1,0],"id":5452190399332354,"type":105}
@nix {"action":"result","fields":[0,0,0,0],"id":5452190399332355,"type":105}
@nix {"action":"result","fields":[101,0],"id":5452190399332353,"type":106}
@nix {"action":"result","fields":[100,0],"id":5452190399332353,"type":106}
@nix {"action":"result","fields":[50,66,0,0],"id":5452190399332354,"type":105}
@nix {"action":"result","fields":[0,0,0,0],"id":5452190399332355,"type":105}
@nix {"action":"result","fields":[101,0],"id":5452190399332353,"type":106}
@nix {"action":"result","fields":[100,0],"id":5452190399332353,"type":106}
@nix {"action":"stop","id":5452190399332405}
@nix {"action":"start","fields":["/tmp/obrador-shared-pins-linux/round-2-baseline/chain-round-1-jobs-8/store/63frs9s6x766wdna0ssnp88k4s67x0bm-leaf-17.drv.drv","/tmp/obrador-shared-pins-linux/round-2-baseline/chain-round-1-jobs-8/store/ms4ywgx3ysapdgw2d7cgblxr7zkwipzw-leaf-17.drv.drv"],"id":5452190399332406,"level":3,"parent":0,"text":"resolved derivation: '/tmp/obrador-shared-pins-linux/round-2-baseline/chain-round-1-jobs-8/store/63frs9s6x766wdna0ssnp88k4s67x0bm-leaf-17.drv.drv' -> '/tmp/obrador-shared-pins-linux/round-2-baseline/chain-round-1-jobs-8/store/ms4ywgx3ysapdgw2d7cgblxr7zkwipzw-leaf-17.drv.drv'","type":111}
@nix {"action":"result","fields":[50,66,0,0],"id":5452190399332354,"type":105}
@nix {"action":"result","fields":[0,0,0,0],"id":5452190399332355,"type":105}
@nix {"action":"result","fields":[101,0],"id":5452190399332353,"type":106}
@nix {"action":"result","fields":[100,0],"id":5452190399332353,"type":106}
@nix {"action":"start","fields":["/tmp/obrador-shared-pins-linux/round-2-baseline/chain-round-1-jobs-8/store/ms4ywgx3ysapdgw2d7cgblxr7zkwipzw-leaf-17.drv.drv","",1,1],"id":5452190399332407,"level":3,"parent":0,"text":"building '/tmp/obrador-shared-pins-linux/round-2-baseline/chain-round-1-jobs-8/store/ms4ywgx3ysapdgw2d7cgblxr7zkwipzw-leaf-17.drv.drv'","type":105}
@nix {"action":"result","fields":[50,66,1,0],"id":5452190399332354,"type":105}
@nix {"action":"result","fields":[0,0,0,0],"id":5452190399332355,"type":105}
@nix {"action":"result","fields":[101,0],"id":5452190399332353,"type":106}
@nix {"action":"result","fields":[100,0],"id":5452190399332353,"type":106}
@nix {"action":"result","fields":[51,67,0,0],"id":5452190399332354,"type":105}
@nix {"action":"result","fields":[0,0,0,0],"id":5452190399332355,"type":105}
@nix {"action":"result","fields":[101,0],"id":5452190399332353,"type":106}
@nix {"action":"result","fields":[100,0],"id":5452190399332353,"type":106}
@nix {"action":"stop","id":5452190399332407}
@nix {"action":"result","fields":[52,67,0,0],"id":5452190399332354,"type":105}
@nix {"action":"result","fields":[0,0,0,0],"id":5452190399332355,"type":105}
@nix {"action":"result","fields":[101,0],"id":5452190399332353,"type":106}
@nix {"action":"result","fields":[100,0],"id":5452190399332353,"type":106}
@nix {"action":"stop","id":5452190399332406}
@nix {"action":"result","fields":[52,67,0,0],"id":5452190399332354,"type":105}
@nix {"action":"result","fields":[0,0,0,0],"id":5452190399332355,"type":105}
@nix {"action":"result","fields":[101,0],"id":5452190399332353,"type":106}
@nix {"action":"result","fields":[100,0],"id":5452190399332353,"type":106}
@nix {"action":"start","fields":["/tmp/obrador-shared-pins-linux/round-2-baseline/chain-round-1-jobs-8/store/i5bs3ksxjif0hala0ja1mw85qvw8sdnf-leaf-17.drv","",1,1],"id":5452190399332408,"level":3,"parent":0,"text":"building '/tmp/obrador-shared-pins-linux/round-2-baseline/chain-round-1-jobs-8/store/i5bs3ksxjif0hala0ja1mw85qvw8sdnf-leaf-17.drv'","type":105}
@nix {"action":"result","fields":[52,67,1,0],"id":5452190399332354,"type":105}
@nix {"action":"result","fields":[0,0,0,0],"id":5452190399332355,"type":105}
@nix {"action":"result","fields":[101,0],"id":5452190399332353,"type":106}
@nix {"action":"result","fields":[100,0],"id":5452190399332353,"type":106}
@nix {"action":"result","fields":[53,68,0,0],"id":5452190399332354,"type":105}
@nix {"action":"result","fields":[0,0,0,0],"id":5452190399332355,"type":105}
@nix {"action":"result","fields":[101,0],"id":5452190399332353,"type":106}
@nix {"action":"result","fields":[100,0],"id":5452190399332353,"type":106}
@nix {"action":"stop","id":5452190399332408}
@nix {"action":"start","fields":["/tmp/obrador-shared-pins-linux/round-2-baseline/chain-round-1-jobs-8/store/vqfjx9jyf9z4jgpgkq2ijd0k0zrk1akg-leaf-18.drv.drv","/tmp/obrador-shared-pins-linux/round-2-baseline/chain-round-1-jobs-8/store/j19105kalzd7z9qmkb3jzn7b8yfhbafj-leaf-18.drv.drv"],"id":5452190399332409,"level":3,"parent":0,"text":"resolved derivation: '/tmp/obrador-shared-pins-linux/round-2-baseline/chain-round-1-jobs-8/store/vqfjx9jyf9z4jgpgkq2ijd0k0zrk1akg-leaf-18.drv.drv' -> '/tmp/obrador-shared-pins-linux/round-2-baseline/chain-round-1-jobs-8/store/j19105kalzd7z9qmkb3jzn7b8yfhbafj-leaf-18.drv.drv'","type":111}
@nix {"action":"result","fields":[53,68,0,0],"id":5452190399332354,"type":105}
@nix {"action":"result","fields":[0,0,0,0],"id":5452190399332355,"type":105}
@nix {"action":"result","fields":[101,0],"id":5452190399332353,"type":106}
@nix {"action":"result","fields":[100,0],"id":5452190399332353,"type":106}
@nix {"action":"start","fields":["/tmp/obrador-shared-pins-linux/round-2-baseline/chain-round-1-jobs-8/store/j19105kalzd7z9qmkb3jzn7b8yfhbafj-leaf-18.drv.drv","",1,1],"id":5452190399332410,"level":3,"parent":0,"text":"building '/tmp/obrador-shared-pins-linux/round-2-baseline/chain-round-1-jobs-8/store/j19105kalzd7z9qmkb3jzn7b8yfhbafj-leaf-18.drv.drv'","type":105}
@nix {"action":"result","fields":[53,68,1,0],"id":5452190399332354,"type":105}
@nix {"action":"result","fields":[0,0,0,0],"id":5452190399332355,"type":105}
@nix {"action":"result","fields":[101,0],"id":5452190399332353,"type":106}
@nix {"action":"result","fields":[100,0],"id":5452190399332353,"type":106}
@nix {"action":"result","fields":[54,69,0,0],"id":5452190399332354,"type":105}
@nix {"action":"result","fields":[0,0,0,0],"id":5452190399332355,"type":105}
@nix {"action":"result","fields":[101,0],"id":5452190399332353,"type":106}
@nix {"action":"result","fields":[100,0],"id":5452190399332353,"type":106}
@nix {"action":"stop","id":5452190399332410}
@nix {"action":"result","fields":[55,69,0,0],"id":5452190399332354,"type":105}
@nix {"action":"result","fields":[0,0,0,0],"id":5452190399332355,"type":105}
@nix {"action":"result","fields":[101,0],"id":5452190399332353,"type":106}
@nix {"action":"result","fields":[100,0],"id":5452190399332353,"type":106}
@nix {"action":"stop","id":5452190399332409}
@nix {"action":"result","fields":[55,69,0,0],"id":5452190399332354,"type":105}
@nix {"action":"result","fields":[0,0,0,0],"id":5452190399332355,"type":105}
@nix {"action":"result","fields":[101,0],"id":5452190399332353,"type":106}
@nix {"action":"result","fields":[100,0],"id":5452190399332353,"type":106}
@nix {"action":"start","fields":["/tmp/obrador-shared-pins-linux/round-2-baseline/chain-round-1-jobs-8/store/7m4s6cyjxdishsvgik6jpg9cz0lbx400-leaf-18.drv","",1,1],"id":5452190399332411,"level":3,"parent":0,"text":"building '/tmp/obrador-shared-pins-linux/round-2-baseline/chain-round-1-jobs-8/store/7m4s6cyjxdishsvgik6jpg9cz0lbx400-leaf-18.drv'","type":105}
@nix {"action":"result","fields":[55,69,1,0],"id":5452190399332354,"type":105}
@nix {"action":"result","fields":[0,0,0,0],"id":5452190399332355,"type":105}
@nix {"action":"result","fields":[101,0],"id":5452190399332353,"type":106}
@nix {"action":"result","fields":[100,0],"id":5452190399332353,"type":106}
@nix {"action":"result","fields":[56,70,0,0],"id":5452190399332354,"type":105}
@nix {"action":"result","fields":[0,0,0,0],"id":5452190399332355,"type":105}
@nix {"action":"result","fields":[101,0],"id":5452190399332353,"type":106}
@nix {"action":"result","fields":[100,0],"id":5452190399332353,"type":106}
@nix {"action":"stop","id":5452190399332411}
@nix {"action":"start","fields":["/tmp/obrador-shared-pins-linux/round-2-baseline/chain-round-1-jobs-8/store/2l061jvpw1ig4bvjybfiq3qxfx79dlrz-leaf-19.drv.drv","/tmp/obrador-shared-pins-linux/round-2-baseline/chain-round-1-jobs-8/store/4y2bx0rcjrhj85swkik9bb035fyinr3b-leaf-19.drv.drv"],"id":5452190399332412,"level":3,"parent":0,"text":"resolved derivation: '/tmp/obrador-shared-pins-linux/round-2-baseline/chain-round-1-jobs-8/store/2l061jvpw1ig4bvjybfiq3qxfx79dlrz-leaf-19.drv.drv' -> '/tmp/obrador-shared-pins-linux/round-2-baseline/chain-round-1-jobs-8/store/4y2bx0rcjrhj85swkik9bb035fyinr3b-leaf-19.drv.drv'","type":111}
@nix {"action":"result","fields":[56,70,0,0],"id":5452190399332354,"type":105}
@nix {"action":"result","fields":[0,0,0,0],"id":5452190399332355,"type":105}
@nix {"action":"result","fields":[101,0],"id":5452190399332353,"type":106}
@nix {"action":"result","fields":[100,0],"id":5452190399332353,"type":106}
@nix {"action":"start","fields":["/tmp/obrador-shared-pins-linux/round-2-baseline/chain-round-1-jobs-8/store/4y2bx0rcjrhj85swkik9bb035fyinr3b-leaf-19.drv.drv","",1,1],"id":5452190399332413,"level":3,"parent":0,"text":"building '/tmp/obrador-shared-pins-linux/round-2-baseline/chain-round-1-jobs-8/store/4y2bx0rcjrhj85swkik9bb035fyinr3b-leaf-19.drv.drv'","type":105}
@nix {"action":"result","fields":[56,70,1,0],"id":5452190399332354,"type":105}
@nix {"action":"result","fields":[0,0,0,0],"id":5452190399332355,"type":105}
@nix {"action":"result","fields":[101,0],"id":5452190399332353,"type":106}
@nix {"action":"result","fields":[100,0],"id":5452190399332353,"type":106}
@nix {"action":"result","fields":[57,71,0,0],"id":5452190399332354,"type":105}
@nix {"action":"result","fields":[0,0,0,0],"id":5452190399332355,"type":105}
@nix {"action":"result","fields":[101,0],"id":5452190399332353,"type":106}
@nix {"action":"result","fields":[100,0],"id":5452190399332353,"type":106}
@nix {"action":"stop","id":5452190399332413}
@nix {"action":"result","fields":[58,71,0,0],"id":5452190399332354,"type":105}
@nix {"action":"result","fields":[0,0,0,0],"id":5452190399332355,"type":105}
@nix {"action":"result","fields":[101,0],"id":5452190399332353,"type":106}
@nix {"action":"result","fields":[100,0],"id":5452190399332353,"type":106}
@nix {"action":"stop","id":5452190399332412}
@nix {"action":"result","fields":[58,71,0,0],"id":5452190399332354,"type":105}
@nix {"action":"result","fields":[0,0,0,0],"id":5452190399332355,"type":105}
@nix {"action":"result","fields":[101,0],"id":5452190399332353,"type":106}
@nix {"action":"result","fields":[100,0],"id":5452190399332353,"type":106}
@nix {"action":"start","fields":["/tmp/obrador-shared-pins-linux/round-2-baseline/chain-round-1-jobs-8/store/gbjdd7jbwv52hf8jqavbpq42n3f6bk4w-leaf-19.drv","",1,1],"id":5452190399332414,"level":3,"parent":0,"text":"building '/tmp/obrador-shared-pins-linux/round-2-baseline/chain-round-1-jobs-8/store/gbjdd7jbwv52hf8jqavbpq42n3f6bk4w-leaf-19.drv'","type":105}
@nix {"action":"result","fields":[58,71,1,0],"id":5452190399332354,"type":105}
@nix {"action":"result","fields":[0,0,0,0],"id":5452190399332355,"type":105}
@nix {"action":"result","fields":[101,0],"id":5452190399332353,"type":106}
@nix {"action":"result","fields":[100,0],"id":5452190399332353,"type":106}
@nix {"action":"result","fields":[59,72,0,0],"id":5452190399332354,"type":105}
@nix {"action":"result","fields":[0,0,0,0],"id":5452190399332355,"type":105}
@nix {"action":"result","fields":[101,0],"id":5452190399332353,"type":106}
@nix {"action":"result","fields":[100,0],"id":5452190399332353,"type":106}
@nix {"action":"stop","id":5452190399332414}
@nix {"action":"start","fields":["/tmp/obrador-shared-pins-linux/round-2-baseline/chain-round-1-jobs-8/store/np79r48045m6f39x94kmpp007pkg0nq6-leaf-20.drv.drv","/tmp/obrador-shared-pins-linux/round-2-baseline/chain-round-1-jobs-8/store/3jrx1ai4mx27c1hzgkjjxizgc4qmkb50-leaf-20.drv.drv"],"id":5452190399332415,"level":3,"parent":0,"text":"resolved derivation: '/tmp/obrador-shared-pins-linux/round-2-baseline/chain-round-1-jobs-8/store/np79r48045m6f39x94kmpp007pkg0nq6-leaf-20.drv.drv' -> '/tmp/obrador-shared-pins-linux/round-2-baseline/chain-round-1-jobs-8/store/3jrx1ai4mx27c1hzgkjjxizgc4qmkb50-leaf-20.drv.drv'","type":111}
@nix {"action":"result","fields":[59,72,0,0],"id":5452190399332354,"type":105}
@nix {"action":"result","fields":[0,0,0,0],"id":5452190399332355,"type":105}
@nix {"action":"result","fields":[101,0],"id":5452190399332353,"type":106}
@nix {"action":"result","fields":[100,0],"id":5452190399332353,"type":106}
@nix {"action":"start","fields":["/tmp/obrador-shared-pins-linux/round-2-baseline/chain-round-1-jobs-8/store/3jrx1ai4mx27c1hzgkjjxizgc4qmkb50-leaf-20.drv.drv","",1,1],"id":5452190399332416,"level":3,"parent":0,"text":"building '/tmp/obrador-shared-pins-linux/round-2-baseline/chain-round-1-jobs-8/store/3jrx1ai4mx27c1hzgkjjxizgc4qmkb50-leaf-20.drv.drv'","type":105}
@nix {"action":"result","fields":[59,72,1,0],"id":5452190399332354,"type":105}
@nix {"action":"result","fields":[0,0,0,0],"id":5452190399332355,"type":105}
@nix {"action":"result","fields":[101,0],"id":5452190399332353,"type":106}
@nix {"action":"result","fields":[100,0],"id":5452190399332353,"type":106}
@nix {"action":"result","fields":[60,73,0,0],"id":5452190399332354,"type":105}
@nix {"action":"result","fields":[0,0,0,0],"id":5452190399332355,"type":105}
@nix {"action":"result","fields":[101,0],"id":5452190399332353,"type":106}
@nix {"action":"result","fields":[100,0],"id":5452190399332353,"type":106}
@nix {"action":"stop","id":5452190399332416}
@nix {"action":"result","fields":[61,73,0,0],"id":5452190399332354,"type":105}
@nix {"action":"result","fields":[0,0,0,0],"id":5452190399332355,"type":105}
@nix {"action":"result","fields":[101,0],"id":5452190399332353,"type":106}
@nix {"action":"result","fields":[100,0],"id":5452190399332353,"type":106}
@nix {"action":"stop","id":5452190399332415}
@nix {"action":"result","fields":[61,73,0,0],"id":5452190399332354,"type":105}
@nix {"action":"result","fields":[0,0,0,0],"id":5452190399332355,"type":105}
@nix {"action":"result","fields":[101,0],"id":5452190399332353,"type":106}
@nix {"action":"result","fields":[100,0],"id":5452190399332353,"type":106}
@nix {"action":"start","fields":["/tmp/obrador-shared-pins-linux/round-2-baseline/chain-round-1-jobs-8/store/9s3frvfyg29dz8lp8l5jcpdrpwr42hfr-leaf-20.drv","",1,1],"id":5452190399332417,"level":3,"parent":0,"text":"building '/tmp/obrador-shared-pins-linux/round-2-baseline/chain-round-1-jobs-8/store/9s3frvfyg29dz8lp8l5jcpdrpwr42hfr-leaf-20.drv'","type":105}
@nix {"action":"result","fields":[61,73,1,0],"id":5452190399332354,"type":105}
@nix {"action":"result","fields":[0,0,0,0],"id":5452190399332355,"type":105}
@nix {"action":"result","fields":[101,0],"id":5452190399332353,"type":106}
@nix {"action":"result","fields":[100,0],"id":5452190399332353,"type":106}
@nix {"action":"result","fields":[62,74,0,0],"id":5452190399332354,"type":105}
@nix {"action":"result","fields":[0,0,0,0],"id":5452190399332355,"type":105}
@nix {"action":"result","fields":[101,0],"id":5452190399332353,"type":106}
@nix {"action":"result","fields":[100,0],"id":5452190399332353,"type":106}
@nix {"action":"stop","id":5452190399332417}
@nix {"action":"start","fields":["/tmp/obrador-shared-pins-linux/round-2-baseline/chain-round-1-jobs-8/store/xwjk35ml0v0ig87l71bqqisq786dg2rf-leaf-21.drv.drv","/tmp/obrador-shared-pins-linux/round-2-baseline/chain-round-1-jobs-8/store/m8jm8hlxz95vaw95s9qsc4hsv5dbnv34-leaf-21.drv.drv"],"id":5452190399332418,"level":3,"parent":0,"text":"resolved derivation: '/tmp/obrador-shared-pins-linux/round-2-baseline/chain-round-1-jobs-8/store/xwjk35ml0v0ig87l71bqqisq786dg2rf-leaf-21.drv.drv' -> '/tmp/obrador-shared-pins-linux/round-2-baseline/chain-round-1-jobs-8/store/m8jm8hlxz95vaw95s9qsc4hsv5dbnv34-leaf-21.drv.drv'","type":111}
@nix {"action":"result","fields":[62,74,0,0],"id":5452190399332354,"type":105}
@nix {"action":"result","fields":[0,0,0,0],"id":5452190399332355,"type":105}
@nix {"action":"result","fields":[101,0],"id":5452190399332353,"type":106}
@nix {"action":"result","fields":[100,0],"id":5452190399332353,"type":106}
@nix {"action":"start","fields":["/tmp/obrador-shared-pins-linux/round-2-baseline/chain-round-1-jobs-8/store/m8jm8hlxz95vaw95s9qsc4hsv5dbnv34-leaf-21.drv.drv","",1,1],"id":5452190399332419,"level":3,"parent":0,"text":"building '/tmp/obrador-shared-pins-linux/round-2-baseline/chain-round-1-jobs-8/store/m8jm8hlxz95vaw95s9qsc4hsv5dbnv34-leaf-21.drv.drv'","type":105}
@nix {"action":"result","fields":[62,74,1,0],"id":5452190399332354,"type":105}
@nix {"action":"result","fields":[0,0,0,0],"id":5452190399332355,"type":105}
@nix {"action":"result","fields":[101,0],"id":5452190399332353,"type":106}
@nix {"action":"result","fields":[100,0],"id":5452190399332353,"type":106}
@nix {"action":"result","fields":[63,75,0,0],"id":5452190399332354,"type":105}
@nix {"action":"result","fields":[0,0,0,0],"id":5452190399332355,"type":105}
@nix {"action":"result","fields":[101,0],"id":5452190399332353,"type":106}
@nix {"action":"result","fields":[100,0],"id":5452190399332353,"type":106}
@nix {"action":"stop","id":5452190399332419}
@nix {"action":"result","fields":[64,75,0,0],"id":5452190399332354,"type":105}
@nix {"action":"result","fields":[0,0,0,0],"id":5452190399332355,"type":105}
@nix {"action":"result","fields":[101,0],"id":5452190399332353,"type":106}
@nix {"action":"result","fields":[100,0],"id":5452190399332353,"type":106}
@nix {"action":"stop","id":5452190399332418}
@nix {"action":"result","fields":[64,75,0,0],"id":5452190399332354,"type":105}
@nix {"action":"result","fields":[0,0,0,0],"id":5452190399332355,"type":105}
@nix {"action":"result","fields":[101,0],"id":5452190399332353,"type":106}
@nix {"action":"result","fields":[100,0],"id":5452190399332353,"type":106}
@nix {"action":"start","fields":["/tmp/obrador-shared-pins-linux/round-2-baseline/chain-round-1-jobs-8/store/2gzyzbrc7f6i2jw921dlxm4pzpd7jw47-leaf-21.drv","",1,1],"id":5452190399332420,"level":3,"parent":0,"text":"building '/tmp/obrador-shared-pins-linux/round-2-baseline/chain-round-1-jobs-8/store/2gzyzbrc7f6i2jw921dlxm4pzpd7jw47-leaf-21.drv'","type":105}
@nix {"action":"result","fields":[64,75,1,0],"id":5452190399332354,"type":105}
@nix {"action":"result","fields":[0,0,0,0],"id":5452190399332355,"type":105}
@nix {"action":"result","fields":[101,0],"id":5452190399332353,"type":106}
@nix {"action":"result","fields":[100,0],"id":5452190399332353,"type":106}
@nix {"action":"result","fields":[65,76,0,0],"id":5452190399332354,"type":105}
@nix {"action":"result","fields":[0,0,0,0],"id":5452190399332355,"type":105}
@nix {"action":"result","fields":[101,0],"id":5452190399332353,"type":106}
@nix {"action":"result","fields":[100,0],"id":5452190399332353,"type":106}
@nix {"action":"stop","id":5452190399332420}
@nix {"action":"start","fields":["/tmp/obrador-shared-pins-linux/round-2-baseline/chain-round-1-jobs-8/store/rdsrz8zjzmi240d0r1v1ah581q2rhfzq-leaf-22.drv.drv","/tmp/obrador-shared-pins-linux/round-2-baseline/chain-round-1-jobs-8/store/nv9cj0fd8w6dch5yddrzf0vjvddml04n-leaf-22.drv.drv"],"id":5452190399332421,"level":3,"parent":0,"text":"resolved derivation: '/tmp/obrador-shared-pins-linux/round-2-baseline/chain-round-1-jobs-8/store/rdsrz8zjzmi240d0r1v1ah581q2rhfzq-leaf-22.drv.drv' -> '/tmp/obrador-shared-pins-linux/round-2-baseline/chain-round-1-jobs-8/store/nv9cj0fd8w6dch5yddrzf0vjvddml04n-leaf-22.drv.drv'","type":111}
@nix {"action":"result","fields":[65,76,0,0],"id":5452190399332354,"type":105}
@nix {"action":"result","fields":[0,0,0,0],"id":5452190399332355,"type":105}
@nix {"action":"result","fields":[101,0],"id":5452190399332353,"type":106}
@nix {"action":"result","fields":[100,0],"id":5452190399332353,"type":106}
@nix {"action":"start","fields":["/tmp/obrador-shared-pins-linux/round-2-baseline/chain-round-1-jobs-8/store/nv9cj0fd8w6dch5yddrzf0vjvddml04n-leaf-22.drv.drv","",1,1],"id":5452190399332422,"level":3,"parent":0,"text":"building '/tmp/obrador-shared-pins-linux/round-2-baseline/chain-round-1-jobs-8/store/nv9cj0fd8w6dch5yddrzf0vjvddml04n-leaf-22.drv.drv'","type":105}
@nix {"action":"result","fields":[65,76,1,0],"id":5452190399332354,"type":105}
@nix {"action":"result","fields":[0,0,0,0],"id":5452190399332355,"type":105}
@nix {"action":"result","fields":[101,0],"id":5452190399332353,"type":106}
@nix {"action":"result","fields":[100,0],"id":5452190399332353,"type":106}
@nix {"action":"result","fields":[66,77,0,0],"id":5452190399332354,"type":105}
@nix {"action":"result","fields":[0,0,0,0],"id":5452190399332355,"type":105}
@nix {"action":"result","fields":[101,0],"id":5452190399332353,"type":106}
@nix {"action":"result","fields":[100,0],"id":5452190399332353,"type":106}
@nix {"action":"stop","id":5452190399332422}
@nix {"action":"result","fields":[67,77,0,0],"id":5452190399332354,"type":105}
@nix {"action":"result","fields":[0,0,0,0],"id":5452190399332355,"type":105}
@nix {"action":"result","fields":[101,0],"id":5452190399332353,"type":106}
@nix {"action":"result","fields":[100,0],"id":5452190399332353,"type":106}
@nix {"action":"stop","id":5452190399332421}
@nix {"action":"result","fields":[67,77,0,0],"id":5452190399332354,"type":105}
@nix {"action":"result","fields":[0,0,0,0],"id":5452190399332355,"type":105}
@nix {"action":"result","fields":[101,0],"id":5452190399332353,"type":106}
@nix {"action":"result","fields":[100,0],"id":5452190399332353,"type":106}
@nix {"action":"start","fields":["/tmp/obrador-shared-pins-linux/round-2-baseline/chain-round-1-jobs-8/store/fn3kkvsyzd6vnqmgw5bsk5p94d9ihljn-leaf-22.drv","",1,1],"id":5452190399332423,"level":3,"parent":0,"text":"building '/tmp/obrador-shared-pins-linux/round-2-baseline/chain-round-1-jobs-8/store/fn3kkvsyzd6vnqmgw5bsk5p94d9ihljn-leaf-22.drv'","type":105}
@nix {"action":"result","fields":[67,77,1,0],"id":5452190399332354,"type":105}
@nix {"action":"result","fields":[0,0,0,0],"id":5452190399332355,"type":105}
@nix {"action":"result","fields":[101,0],"id":5452190399332353,"type":106}
@nix {"action":"result","fields":[100,0],"id":5452190399332353,"type":106}
@nix {"action":"result","fields":[68,78,0,0],"id":5452190399332354,"type":105}
@nix {"action":"result","fields":[0,0,0,0],"id":5452190399332355,"type":105}
@nix {"action":"result","fields":[101,0],"id":5452190399332353,"type":106}
@nix {"action":"result","fields":[100,0],"id":5452190399332353,"type":106}
@nix {"action":"stop","id":5452190399332423}
@nix {"action":"start","fields":["/tmp/obrador-shared-pins-linux/round-2-baseline/chain-round-1-jobs-8/store/6f44ip849wrgbbrfkx3k1qnp831szzkx-leaf-23.drv.drv","/tmp/obrador-shared-pins-linux/round-2-baseline/chain-round-1-jobs-8/store/xqgh17f8zq10h6rbv9bkkqzxqgnn9hqp-leaf-23.drv.drv"],"id":5452190399332424,"level":3,"parent":0,"text":"resolved derivation: '/tmp/obrador-shared-pins-linux/round-2-baseline/chain-round-1-jobs-8/store/6f44ip849wrgbbrfkx3k1qnp831szzkx-leaf-23.drv.drv' -> '/tmp/obrador-shared-pins-linux/round-2-baseline/chain-round-1-jobs-8/store/xqgh17f8zq10h6rbv9bkkqzxqgnn9hqp-leaf-23.drv.drv'","type":111}
@nix {"action":"result","fields":[68,78,0,0],"id":5452190399332354,"type":105}
@nix {"action":"result","fields":[0,0,0,0],"id":5452190399332355,"type":105}
@nix {"action":"result","fields":[101,0],"id":5452190399332353,"type":106}
@nix {"action":"result","fields":[100,0],"id":5452190399332353,"type":106}
@nix {"action":"start","fields":["/tmp/obrador-shared-pins-linux/round-2-baseline/chain-round-1-jobs-8/store/xqgh17f8zq10h6rbv9bkkqzxqgnn9hqp-leaf-23.drv.drv","",1,1],"id":5452190399332425,"level":3,"parent":0,"text":"building '/tmp/obrador-shared-pins-linux/round-2-baseline/chain-round-1-jobs-8/store/xqgh17f8zq10h6rbv9bkkqzxqgnn9hqp-leaf-23.drv.drv'","type":105}
@nix {"action":"result","fields":[68,78,1,0],"id":5452190399332354,"type":105}
@nix {"action":"result","fields":[0,0,0,0],"id":5452190399332355,"type":105}
@nix {"action":"result","fields":[101,0],"id":5452190399332353,"type":106}
@nix {"action":"result","fields":[100,0],"id":5452190399332353,"type":106}
@nix {"action":"result","fields":[69,79,0,0],"id":5452190399332354,"type":105}
@nix {"action":"result","fields":[0,0,0,0],"id":5452190399332355,"type":105}
@nix {"action":"result","fields":[101,0],"id":5452190399332353,"type":106}
@nix {"action":"result","fields":[100,0],"id":5452190399332353,"type":106}
@nix {"action":"stop","id":5452190399332425}
@nix {"action":"result","fields":[70,79,0,0],"id":5452190399332354,"type":105}
@nix {"action":"result","fields":[0,0,0,0],"id":5452190399332355,"type":105}
@nix {"action":"result","fields":[101,0],"id":5452190399332353,"type":106}
@nix {"action":"result","fields":[100,0],"id":5452190399332353,"type":106}
@nix {"action":"stop","id":5452190399332424}
@nix {"action":"result","fields":[70,79,0,0],"id":5452190399332354,"type":105}
@nix {"action":"result","fields":[0,0,0,0],"id":5452190399332355,"type":105}
@nix {"action":"result","fields":[101,0],"id":5452190399332353,"type":106}
@nix {"action":"result","fields":[100,0],"id":5452190399332353,"type":106}
@nix {"action":"start","fields":["/tmp/obrador-shared-pins-linux/round-2-baseline/chain-round-1-jobs-8/store/1ffnd5hc02gvc0c9lz2id1gqzf6m8hhy-leaf-23.drv","",1,1],"id":5452190399332426,"level":3,"parent":0,"text":"building '/tmp/obrador-shared-pins-linux/round-2-baseline/chain-round-1-jobs-8/store/1ffnd5hc02gvc0c9lz2id1gqzf6m8hhy-leaf-23.drv'","type":105}
@nix {"action":"result","fields":[70,79,1,0],"id":5452190399332354,"type":105}
@nix {"action":"result","fields":[0,0,0,0],"id":5452190399332355,"type":105}
@nix {"action":"result","fields":[101,0],"id":5452190399332353,"type":106}
@nix {"action":"result","fields":[100,0],"id":5452190399332353,"type":106}
@nix {"action":"result","fields":[71,80,0,0],"id":5452190399332354,"type":105}
@nix {"action":"result","fields":[0,0,0,0],"id":5452190399332355,"type":105}
@nix {"action":"result","fields":[101,0],"id":5452190399332353,"type":106}
@nix {"action":"result","fields":[100,0],"id":5452190399332353,"type":106}
@nix {"action":"stop","id":5452190399332426}
@nix {"action":"start","fields":["/tmp/obrador-shared-pins-linux/round-2-baseline/chain-round-1-jobs-8/store/gpp7vkv8wnlgblqy28l021kr2v6ikmxx-leaf-24.drv.drv","/tmp/obrador-shared-pins-linux/round-2-baseline/chain-round-1-jobs-8/store/r6vrd68vrg8yl57mai549r2fhbviw0fa-leaf-24.drv.drv"],"id":5452190399332427,"level":3,"parent":0,"text":"resolved derivation: '/tmp/obrador-shared-pins-linux/round-2-baseline/chain-round-1-jobs-8/store/gpp7vkv8wnlgblqy28l021kr2v6ikmxx-leaf-24.drv.drv' -> '/tmp/obrador-shared-pins-linux/round-2-baseline/chain-round-1-jobs-8/store/r6vrd68vrg8yl57mai549r2fhbviw0fa-leaf-24.drv.drv'","type":111}
@nix {"action":"result","fields":[71,80,0,0],"id":5452190399332354,"type":105}
@nix {"action":"result","fields":[0,0,0,0],"id":5452190399332355,"type":105}
@nix {"action":"result","fields":[101,0],"id":5452190399332353,"type":106}
@nix {"action":"result","fields":[100,0],"id":5452190399332353,"type":106}
@nix {"action":"start","fields":["/tmp/obrador-shared-pins-linux/round-2-baseline/chain-round-1-jobs-8/store/r6vrd68vrg8yl57mai549r2fhbviw0fa-leaf-24.drv.drv","",1,1],"id":5452190399332428,"level":3,"parent":0,"text":"building '/tmp/obrador-shared-pins-linux/round-2-baseline/chain-round-1-jobs-8/store/r6vrd68vrg8yl57mai549r2fhbviw0fa-leaf-24.drv.drv'","type":105}
@nix {"action":"result","fields":[71,80,1,0],"id":5452190399332354,"type":105}
@nix {"action":"result","fields":[0,0,0,0],"id":5452190399332355,"type":105}
@nix {"action":"result","fields":[101,0],"id":5452190399332353,"type":106}
@nix {"action":"result","fields":[100,0],"id":5452190399332353,"type":106}
@nix {"action":"result","fields":[72,81,0,0],"id":5452190399332354,"type":105}
@nix {"action":"result","fields":[0,0,0,0],"id":5452190399332355,"type":105}
@nix {"action":"result","fields":[101,0],"id":5452190399332353,"type":106}
@nix {"action":"result","fields":[100,0],"id":5452190399332353,"type":106}
@nix {"action":"stop","id":5452190399332428}
@nix {"action":"result","fields":[73,81,0,0],"id":5452190399332354,"type":105}
@nix {"action":"result","fields":[0,0,0,0],"id":5452190399332355,"type":105}
@nix {"action":"result","fields":[101,0],"id":5452190399332353,"type":106}
@nix {"action":"result","fields":[100,0],"id":5452190399332353,"type":106}
@nix {"action":"stop","id":5452190399332427}
@nix {"action":"result","fields":[73,81,0,0],"id":5452190399332354,"type":105}
@nix {"action":"result","fields":[0,0,0,0],"id":5452190399332355,"type":105}
@nix {"action":"result","fields":[101,0],"id":5452190399332353,"type":106}
@nix {"action":"result","fields":[100,0],"id":5452190399332353,"type":106}
@nix {"action":"start","fields":["/tmp/obrador-shared-pins-linux/round-2-baseline/chain-round-1-jobs-8/store/w7znzyxyfabrqg4l4ifc3az0yvjfjnia-leaf-24.drv","",1,1],"id":5452190399332429,"level":3,"parent":0,"text":"building '/tmp/obrador-shared-pins-linux/round-2-baseline/chain-round-1-jobs-8/store/w7znzyxyfabrqg4l4ifc3az0yvjfjnia-leaf-24.drv'","type":105}
@nix {"action":"result","fields":[73,81,1,0],"id":5452190399332354,"type":105}
@nix {"action":"result","fields":[0,0,0,0],"id":5452190399332355,"type":105}
@nix {"action":"result","fields":[101,0],"id":5452190399332353,"type":106}
@nix {"action":"result","fields":[100,0],"id":5452190399332353,"type":106}
@nix {"action":"result","fields":[74,82,0,0],"id":5452190399332354,"type":105}
@nix {"action":"result","fields":[0,0,0,0],"id":5452190399332355,"type":105}
@nix {"action":"result","fields":[101,0],"id":5452190399332353,"type":106}
@nix {"action":"result","fields":[100,0],"id":5452190399332353,"type":106}
@nix {"action":"stop","id":5452190399332429}
@nix {"action":"start","fields":["/tmp/obrador-shared-pins-linux/round-2-baseline/chain-round-1-jobs-8/store/s54rn3b1sjgn6d6l67k8hhjpbfdvrzxg-leaf-25.drv.drv","/tmp/obrador-shared-pins-linux/round-2-baseline/chain-round-1-jobs-8/store/m7h7lgxv2w3mpl8bmz0l59nfqb76x97w-leaf-25.drv.drv"],"id":5452190399332430,"level":3,"parent":0,"text":"resolved derivation: '/tmp/obrador-shared-pins-linux/round-2-baseline/chain-round-1-jobs-8/store/s54rn3b1sjgn6d6l67k8hhjpbfdvrzxg-leaf-25.drv.drv' -> '/tmp/obrador-shared-pins-linux/round-2-baseline/chain-round-1-jobs-8/store/m7h7lgxv2w3mpl8bmz0l59nfqb76x97w-leaf-25.drv.drv'","type":111}
@nix {"action":"result","fields":[74,82,0,0],"id":5452190399332354,"type":105}
@nix {"action":"result","fields":[0,0,0,0],"id":5452190399332355,"type":105}
@nix {"action":"result","fields":[101,0],"id":5452190399332353,"type":106}
@nix {"action":"result","fields":[100,0],"id":5452190399332353,"type":106}
@nix {"action":"start","fields":["/tmp/obrador-shared-pins-linux/round-2-baseline/chain-round-1-jobs-8/store/m7h7lgxv2w3mpl8bmz0l59nfqb76x97w-leaf-25.drv.drv","",1,1],"id":5452190399332431,"level":3,"parent":0,"text":"building '/tmp/obrador-shared-pins-linux/round-2-baseline/chain-round-1-jobs-8/store/m7h7lgxv2w3mpl8bmz0l59nfqb76x97w-leaf-25.drv.drv'","type":105}
@nix {"action":"result","fields":[74,82,1,0],"id":5452190399332354,"type":105}
@nix {"action":"result","fields":[0,0,0,0],"id":5452190399332355,"type":105}
@nix {"action":"result","fields":[101,0],"id":5452190399332353,"type":106}
@nix {"action":"result","fields":[100,0],"id":5452190399332353,"type":106}
@nix {"action":"result","fields":[75,83,0,0],"id":5452190399332354,"type":105}
@nix {"action":"result","fields":[0,0,0,0],"id":5452190399332355,"type":105}
@nix {"action":"result","fields":[101,0],"id":5452190399332353,"type":106}
@nix {"action":"result","fields":[100,0],"id":5452190399332353,"type":106}
@nix {"action":"stop","id":5452190399332431}
@nix {"action":"result","fields":[76,83,0,0],"id":5452190399332354,"type":105}
@nix {"action":"result","fields":[0,0,0,0],"id":5452190399332355,"type":105}
@nix {"action":"result","fields":[101,0],"id":5452190399332353,"type":106}
@nix {"action":"result","fields":[100,0],"id":5452190399332353,"type":106}
@nix {"action":"stop","id":5452190399332430}
@nix {"action":"result","fields":[76,83,0,0],"id":5452190399332354,"type":105}
@nix {"action":"result","fields":[0,0,0,0],"id":5452190399332355,"type":105}
@nix {"action":"result","fields":[101,0],"id":5452190399332353,"type":106}
@nix {"action":"result","fields":[100,0],"id":5452190399332353,"type":106}
@nix {"action":"start","fields":["/tmp/obrador-shared-pins-linux/round-2-baseline/chain-round-1-jobs-8/store/hhj5ynv5a7z9n7dc6s2hjr623x7pd684-leaf-25.drv","",1,1],"id":5452190399332432,"level":3,"parent":0,"text":"building '/tmp/obrador-shared-pins-linux/round-2-baseline/chain-round-1-jobs-8/store/hhj5ynv5a7z9n7dc6s2hjr623x7pd684-leaf-25.drv'","type":105}
@nix {"action":"result","fields":[76,83,1,0],"id":5452190399332354,"type":105}
@nix {"action":"result","fields":[0,0,0,0],"id":5452190399332355,"type":105}
@nix {"action":"result","fields":[101,0],"id":5452190399332353,"type":106}
@nix {"action":"result","fields":[100,0],"id":5452190399332353,"type":106}
@nix {"action":"result","fields":[77,84,0,0],"id":5452190399332354,"type":105}
@nix {"action":"result","fields":[0,0,0,0],"id":5452190399332355,"type":105}
@nix {"action":"result","fields":[101,0],"id":5452190399332353,"type":106}
@nix {"action":"result","fields":[100,0],"id":5452190399332353,"type":106}
@nix {"action":"stop","id":5452190399332432}
@nix {"action":"start","fields":["/tmp/obrador-shared-pins-linux/round-2-baseline/chain-round-1-jobs-8/store/ss7nbq1f2kax927sqrla56xccg3rpsgm-leaf-26.drv.drv","/tmp/obrador-shared-pins-linux/round-2-baseline/chain-round-1-jobs-8/store/glrnayc67aj4giiwzdxrvndy5iyka5af-leaf-26.drv.drv"],"id":5452190399332433,"level":3,"parent":0,"text":"resolved derivation: '/tmp/obrador-shared-pins-linux/round-2-baseline/chain-round-1-jobs-8/store/ss7nbq1f2kax927sqrla56xccg3rpsgm-leaf-26.drv.drv' -> '/tmp/obrador-shared-pins-linux/round-2-baseline/chain-round-1-jobs-8/store/glrnayc67aj4giiwzdxrvndy5iyka5af-leaf-26.drv.drv'","type":111}
@nix {"action":"result","fields":[77,84,0,0],"id":5452190399332354,"type":105}
@nix {"action":"result","fields":[0,0,0,0],"id":5452190399332355,"type":105}
@nix {"action":"result","fields":[101,0],"id":5452190399332353,"type":106}
@nix {"action":"result","fields":[100,0],"id":5452190399332353,"type":106}
@nix {"action":"start","fields":["/tmp/obrador-shared-pins-linux/round-2-baseline/chain-round-1-jobs-8/store/glrnayc67aj4giiwzdxrvndy5iyka5af-leaf-26.drv.drv","",1,1],"id":5452190399332434,"level":3,"parent":0,"text":"building '/tmp/obrador-shared-pins-linux/round-2-baseline/chain-round-1-jobs-8/store/glrnayc67aj4giiwzdxrvndy5iyka5af-leaf-26.drv.drv'","type":105}
@nix {"action":"result","fields":[77,84,1,0],"id":5452190399332354,"type":105}
@nix {"action":"result","fields":[0,0,0,0],"id":5452190399332355,"type":105}
@nix {"action":"result","fields":[101,0],"id":5452190399332353,"type":106}
@nix {"action":"result","fields":[100,0],"id":5452190399332353,"type":106}
@nix {"action":"result","fields":[78,85,0,0],"id":5452190399332354,"type":105}
@nix {"action":"result","fields":[0,0,0,0],"id":5452190399332355,"type":105}
@nix {"action":"result","fields":[101,0],"id":5452190399332353,"type":106}
@nix {"action":"result","fields":[100,0],"id":5452190399332353,"type":106}
@nix {"action":"stop","id":5452190399332434}
@nix {"action":"result","fields":[79,85,0,0],"id":5452190399332354,"type":105}
@nix {"action":"result","fields":[0,0,0,0],"id":5452190399332355,"type":105}
@nix {"action":"result","fields":[101,0],"id":5452190399332353,"type":106}
@nix {"action":"result","fields":[100,0],"id":5452190399332353,"type":106}
@nix {"action":"stop","id":5452190399332433}
@nix {"action":"result","fields":[79,85,0,0],"id":5452190399332354,"type":105}
@nix {"action":"result","fields":[0,0,0,0],"id":5452190399332355,"type":105}
@nix {"action":"result","fields":[101,0],"id":5452190399332353,"type":106}
@nix {"action":"result","fields":[100,0],"id":5452190399332353,"type":106}
@nix {"action":"start","fields":["/tmp/obrador-shared-pins-linux/round-2-baseline/chain-round-1-jobs-8/store/d06sznv1axp4l8y3ciybfzibwdi8lprr-leaf-26.drv","",1,1],"id":5452190399332435,"level":3,"parent":0,"text":"building '/tmp/obrador-shared-pins-linux/round-2-baseline/chain-round-1-jobs-8/store/d06sznv1axp4l8y3ciybfzibwdi8lprr-leaf-26.drv'","type":105}
@nix {"action":"result","fields":[79,85,1,0],"id":5452190399332354,"type":105}
@nix {"action":"result","fields":[0,0,0,0],"id":5452190399332355,"type":105}
@nix {"action":"result","fields":[101,0],"id":5452190399332353,"type":106}
@nix {"action":"result","fields":[100,0],"id":5452190399332353,"type":106}
@nix {"action":"result","fields":[80,86,0,0],"id":5452190399332354,"type":105}
@nix {"action":"result","fields":[0,0,0,0],"id":5452190399332355,"type":105}
@nix {"action":"result","fields":[101,0],"id":5452190399332353,"type":106}
@nix {"action":"result","fields":[100,0],"id":5452190399332353,"type":106}
@nix {"action":"stop","id":5452190399332435}
@nix {"action":"start","fields":["/tmp/obrador-shared-pins-linux/round-2-baseline/chain-round-1-jobs-8/store/rgra6yqdq18ad7yixwzs9ng0m85nxbmq-leaf-27.drv.drv","/tmp/obrador-shared-pins-linux/round-2-baseline/chain-round-1-jobs-8/store/rxw2xpza0f8imbpqm2qwmjf2vdbfsni3-leaf-27.drv.drv"],"id":5452190399332436,"level":3,"parent":0,"text":"resolved derivation: '/tmp/obrador-shared-pins-linux/round-2-baseline/chain-round-1-jobs-8/store/rgra6yqdq18ad7yixwzs9ng0m85nxbmq-leaf-27.drv.drv' -> '/tmp/obrador-shared-pins-linux/round-2-baseline/chain-round-1-jobs-8/store/rxw2xpza0f8imbpqm2qwmjf2vdbfsni3-leaf-27.drv.drv'","type":111}
@nix {"action":"result","fields":[80,86,0,0],"id":5452190399332354,"type":105}
@nix {"action":"result","fields":[0,0,0,0],"id":5452190399332355,"type":105}
@nix {"action":"result","fields":[101,0],"id":5452190399332353,"type":106}
@nix {"action":"result","fields":[100,0],"id":5452190399332353,"type":106}
@nix {"action":"start","fields":["/tmp/obrador-shared-pins-linux/round-2-baseline/chain-round-1-jobs-8/store/rxw2xpza0f8imbpqm2qwmjf2vdbfsni3-leaf-27.drv.drv","",1,1],"id":5452190399332437,"level":3,"parent":0,"text":"building '/tmp/obrador-shared-pins-linux/round-2-baseline/chain-round-1-jobs-8/store/rxw2xpza0f8imbpqm2qwmjf2vdbfsni3-leaf-27.drv.drv'","type":105}
@nix {"action":"result","fields":[80,86,1,0],"id":5452190399332354,"type":105}
@nix {"action":"result","fields":[0,0,0,0],"id":5452190399332355,"type":105}
@nix {"action":"result","fields":[101,0],"id":5452190399332353,"type":106}
@nix {"action":"result","fields":[100,0],"id":5452190399332353,"type":106}
@nix {"action":"result","fields":[81,87,0,0],"id":5452190399332354,"type":105}
@nix {"action":"result","fields":[0,0,0,0],"id":5452190399332355,"type":105}
@nix {"action":"result","fields":[101,0],"id":5452190399332353,"type":106}
@nix {"action":"result","fields":[100,0],"id":5452190399332353,"type":106}
@nix {"action":"stop","id":5452190399332437}
@nix {"action":"result","fields":[82,87,0,0],"id":5452190399332354,"type":105}
@nix {"action":"result","fields":[0,0,0,0],"id":5452190399332355,"type":105}
@nix {"action":"result","fields":[101,0],"id":5452190399332353,"type":106}
@nix {"action":"result","fields":[100,0],"id":5452190399332353,"type":106}
@nix {"action":"stop","id":5452190399332436}
@nix {"action":"result","fields":[82,87,0,0],"id":5452190399332354,"type":105}
@nix {"action":"result","fields":[0,0,0,0],"id":5452190399332355,"type":105}
@nix {"action":"result","fields":[101,0],"id":5452190399332353,"type":106}
@nix {"action":"result","fields":[100,0],"id":5452190399332353,"type":106}
@nix {"action":"start","fields":["/tmp/obrador-shared-pins-linux/round-2-baseline/chain-round-1-jobs-8/store/5vssfzzazyc8lhmyicqa4zj7yhv8wwdv-leaf-27.drv","",1,1],"id":5452190399332438,"level":3,"parent":0,"text":"building '/tmp/obrador-shared-pins-linux/round-2-baseline/chain-round-1-jobs-8/store/5vssfzzazyc8lhmyicqa4zj7yhv8wwdv-leaf-27.drv'","type":105}
@nix {"action":"result","fields":[82,87,1,0],"id":5452190399332354,"type":105}
@nix {"action":"result","fields":[0,0,0,0],"id":5452190399332355,"type":105}
@nix {"action":"result","fields":[101,0],"id":5452190399332353,"type":106}
@nix {"action":"result","fields":[100,0],"id":5452190399332353,"type":106}
@nix {"action":"result","fields":[83,88,0,0],"id":5452190399332354,"type":105}
@nix {"action":"result","fields":[0,0,0,0],"id":5452190399332355,"type":105}
@nix {"action":"result","fields":[101,0],"id":5452190399332353,"type":106}
@nix {"action":"result","fields":[100,0],"id":5452190399332353,"type":106}
@nix {"action":"stop","id":5452190399332438}
@nix {"action":"start","fields":["/tmp/obrador-shared-pins-linux/round-2-baseline/chain-round-1-jobs-8/store/qv9z6lrv00n7lirrm0brs3y39mis04ki-leaf-28.drv.drv","/tmp/obrador-shared-pins-linux/round-2-baseline/chain-round-1-jobs-8/store/6b0ing0mnpj0ll3dwyqi6iwagb03wb61-leaf-28.drv.drv"],"id":5452190399332439,"level":3,"parent":0,"text":"resolved derivation: '/tmp/obrador-shared-pins-linux/round-2-baseline/chain-round-1-jobs-8/store/qv9z6lrv00n7lirrm0brs3y39mis04ki-leaf-28.drv.drv' -> '/tmp/obrador-shared-pins-linux/round-2-baseline/chain-round-1-jobs-8/store/6b0ing0mnpj0ll3dwyqi6iwagb03wb61-leaf-28.drv.drv'","type":111}
@nix {"action":"result","fields":[83,88,0,0],"id":5452190399332354,"type":105}
@nix {"action":"result","fields":[0,0,0,0],"id":5452190399332355,"type":105}
@nix {"action":"result","fields":[101,0],"id":5452190399332353,"type":106}
@nix {"action":"result","fields":[100,0],"id":5452190399332353,"type":106}
@nix {"action":"start","fields":["/tmp/obrador-shared-pins-linux/round-2-baseline/chain-round-1-jobs-8/store/6b0ing0mnpj0ll3dwyqi6iwagb03wb61-leaf-28.drv.drv","",1,1],"id":5452190399332440,"level":3,"parent":0,"text":"building '/tmp/obrador-shared-pins-linux/round-2-baseline/chain-round-1-jobs-8/store/6b0ing0mnpj0ll3dwyqi6iwagb03wb61-leaf-28.drv.drv'","type":105}
@nix {"action":"result","fields":[83,88,1,0],"id":5452190399332354,"type":105}
@nix {"action":"result","fields":[0,0,0,0],"id":5452190399332355,"type":105}
@nix {"action":"result","fields":[101,0],"id":5452190399332353,"type":106}
@nix {"action":"result","fields":[100,0],"id":5452190399332353,"type":106}
@nix {"action":"result","fields":[84,89,0,0],"id":5452190399332354,"type":105}
@nix {"action":"result","fields":[0,0,0,0],"id":5452190399332355,"type":105}
@nix {"action":"result","fields":[101,0],"id":5452190399332353,"type":106}
@nix {"action":"result","fields":[100,0],"id":5452190399332353,"type":106}
@nix {"action":"stop","id":5452190399332440}
@nix {"action":"result","fields":[85,89,0,0],"id":5452190399332354,"type":105}
@nix {"action":"result","fields":[0,0,0,0],"id":5452190399332355,"type":105}
@nix {"action":"result","fields":[101,0],"id":5452190399332353,"type":106}
@nix {"action":"result","fields":[100,0],"id":5452190399332353,"type":106}
@nix {"action":"stop","id":5452190399332439}
@nix {"action":"result","fields":[85,89,0,0],"id":5452190399332354,"type":105}
@nix {"action":"result","fields":[0,0,0,0],"id":5452190399332355,"type":105}
@nix {"action":"result","fields":[101,0],"id":5452190399332353,"type":106}
@nix {"action":"result","fields":[100,0],"id":5452190399332353,"type":106}
@nix {"action":"start","fields":["/tmp/obrador-shared-pins-linux/round-2-baseline/chain-round-1-jobs-8/store/hw7m86m2jw6542pyscifpksva862d2p6-leaf-28.drv","",1,1],"id":5452190399332441,"level":3,"parent":0,"text":"building '/tmp/obrador-shared-pins-linux/round-2-baseline/chain-round-1-jobs-8/store/hw7m86m2jw6542pyscifpksva862d2p6-leaf-28.drv'","type":105}
@nix {"action":"result","fields":[85,89,1,0],"id":5452190399332354,"type":105}
@nix {"action":"result","fields":[0,0,0,0],"id":5452190399332355,"type":105}
@nix {"action":"result","fields":[101,0],"id":5452190399332353,"type":106}
@nix {"action":"result","fields":[100,0],"id":5452190399332353,"type":106}
@nix {"action":"result","fields":[86,90,0,0],"id":5452190399332354,"type":105}
@nix {"action":"result","fields":[0,0,0,0],"id":5452190399332355,"type":105}
@nix {"action":"result","fields":[101,0],"id":5452190399332353,"type":106}
@nix {"action":"result","fields":[100,0],"id":5452190399332353,"type":106}
@nix {"action":"stop","id":5452190399332441}
@nix {"action":"start","fields":["/tmp/obrador-shared-pins-linux/round-2-baseline/chain-round-1-jobs-8/store/v5fldzlzar9yg00ivmg4qkff2vj25gda-leaf-29.drv.drv","/tmp/obrador-shared-pins-linux/round-2-baseline/chain-round-1-jobs-8/store/j8jr8jicdr7fh5c62dq5m8vaxkv67vrx-leaf-29.drv.drv"],"id":5452190399332442,"level":3,"parent":0,"text":"resolved derivation: '/tmp/obrador-shared-pins-linux/round-2-baseline/chain-round-1-jobs-8/store/v5fldzlzar9yg00ivmg4qkff2vj25gda-leaf-29.drv.drv' -> '/tmp/obrador-shared-pins-linux/round-2-baseline/chain-round-1-jobs-8/store/j8jr8jicdr7fh5c62dq5m8vaxkv67vrx-leaf-29.drv.drv'","type":111}
@nix {"action":"result","fields":[86,90,0,0],"id":5452190399332354,"type":105}
@nix {"action":"result","fields":[0,0,0,0],"id":5452190399332355,"type":105}
@nix {"action":"result","fields":[101,0],"id":5452190399332353,"type":106}
@nix {"action":"result","fields":[100,0],"id":5452190399332353,"type":106}
@nix {"action":"start","fields":["/tmp/obrador-shared-pins-linux/round-2-baseline/chain-round-1-jobs-8/store/j8jr8jicdr7fh5c62dq5m8vaxkv67vrx-leaf-29.drv.drv","",1,1],"id":5452190399332443,"level":3,"parent":0,"text":"building '/tmp/obrador-shared-pins-linux/round-2-baseline/chain-round-1-jobs-8/store/j8jr8jicdr7fh5c62dq5m8vaxkv67vrx-leaf-29.drv.drv'","type":105}
@nix {"action":"result","fields":[86,90,1,0],"id":5452190399332354,"type":105}
@nix {"action":"result","fields":[0,0,0,0],"id":5452190399332355,"type":105}
@nix {"action":"result","fields":[101,0],"id":5452190399332353,"type":106}
@nix {"action":"result","fields":[100,0],"id":5452190399332353,"type":106}
@nix {"action":"result","fields":[87,91,0,0],"id":5452190399332354,"type":105}
@nix {"action":"result","fields":[0,0,0,0],"id":5452190399332355,"type":105}
@nix {"action":"result","fields":[101,0],"id":5452190399332353,"type":106}
@nix {"action":"result","fields":[100,0],"id":5452190399332353,"type":106}
@nix {"action":"stop","id":5452190399332443}
@nix {"action":"result","fields":[88,91,0,0],"id":5452190399332354,"type":105}
@nix {"action":"result","fields":[0,0,0,0],"id":5452190399332355,"type":105}
@nix {"action":"result","fields":[101,0],"id":5452190399332353,"type":106}
@nix {"action":"result","fields":[100,0],"id":5452190399332353,"type":106}
@nix {"action":"stop","id":5452190399332442}
@nix {"action":"result","fields":[88,91,0,0],"id":5452190399332354,"type":105}
@nix {"action":"result","fields":[0,0,0,0],"id":5452190399332355,"type":105}
@nix {"action":"result","fields":[101,0],"id":5452190399332353,"type":106}
@nix {"action":"result","fields":[100,0],"id":5452190399332353,"type":106}
@nix {"action":"start","fields":["/tmp/obrador-shared-pins-linux/round-2-baseline/chain-round-1-jobs-8/store/y0n6m71rb8wjg0jn173rs7gwdybx8ixk-leaf-29.drv","",1,1],"id":5452190399332444,"level":3,"parent":0,"text":"building '/tmp/obrador-shared-pins-linux/round-2-baseline/chain-round-1-jobs-8/store/y0n6m71rb8wjg0jn173rs7gwdybx8ixk-leaf-29.drv'","type":105}
@nix {"action":"result","fields":[88,91,1,0],"id":5452190399332354,"type":105}
@nix {"action":"result","fields":[0,0,0,0],"id":5452190399332355,"type":105}
@nix {"action":"result","fields":[101,0],"id":5452190399332353,"type":106}
@nix {"action":"result","fields":[100,0],"id":5452190399332353,"type":106}
@nix {"action":"result","fields":[89,92,0,0],"id":5452190399332354,"type":105}
@nix {"action":"result","fields":[0,0,0,0],"id":5452190399332355,"type":105}
@nix {"action":"result","fields":[101,0],"id":5452190399332353,"type":106}
@nix {"action":"result","fields":[100,0],"id":5452190399332353,"type":106}
@nix {"action":"stop","id":5452190399332444}
@nix {"action":"start","fields":["/tmp/obrador-shared-pins-linux/round-2-baseline/chain-round-1-jobs-8/store/724sc19xr9gwsc8p50r9mn29d3ikmn08-leaf-30.drv.drv","/tmp/obrador-shared-pins-linux/round-2-baseline/chain-round-1-jobs-8/store/gql72sx7a3lz6l61ihdxgxa2gx3lq0jv-leaf-30.drv.drv"],"id":5452190399332445,"level":3,"parent":0,"text":"resolved derivation: '/tmp/obrador-shared-pins-linux/round-2-baseline/chain-round-1-jobs-8/store/724sc19xr9gwsc8p50r9mn29d3ikmn08-leaf-30.drv.drv' -> '/tmp/obrador-shared-pins-linux/round-2-baseline/chain-round-1-jobs-8/store/gql72sx7a3lz6l61ihdxgxa2gx3lq0jv-leaf-30.drv.drv'","type":111}
@nix {"action":"result","fields":[89,92,0,0],"id":5452190399332354,"type":105}
@nix {"action":"result","fields":[0,0,0,0],"id":5452190399332355,"type":105}
@nix {"action":"result","fields":[101,0],"id":5452190399332353,"type":106}
@nix {"action":"result","fields":[100,0],"id":5452190399332353,"type":106}
@nix {"action":"start","fields":["/tmp/obrador-shared-pins-linux/round-2-baseline/chain-round-1-jobs-8/store/gql72sx7a3lz6l61ihdxgxa2gx3lq0jv-leaf-30.drv.drv","",1,1],"id":5452190399332446,"level":3,"parent":0,"text":"building '/tmp/obrador-shared-pins-linux/round-2-baseline/chain-round-1-jobs-8/store/gql72sx7a3lz6l61ihdxgxa2gx3lq0jv-leaf-30.drv.drv'","type":105}
@nix {"action":"result","fields":[89,92,1,0],"id":5452190399332354,"type":105}
@nix {"action":"result","fields":[0,0,0,0],"id":5452190399332355,"type":105}
@nix {"action":"result","fields":[101,0],"id":5452190399332353,"type":106}
@nix {"action":"result","fields":[100,0],"id":5452190399332353,"type":106}
@nix {"action":"result","fields":[90,93,0,0],"id":5452190399332354,"type":105}
@nix {"action":"result","fields":[0,0,0,0],"id":5452190399332355,"type":105}
@nix {"action":"result","fields":[101,0],"id":5452190399332353,"type":106}
@nix {"action":"result","fields":[100,0],"id":5452190399332353,"type":106}
@nix {"action":"stop","id":5452190399332446}
@nix {"action":"result","fields":[91,93,0,0],"id":5452190399332354,"type":105}
@nix {"action":"result","fields":[0,0,0,0],"id":5452190399332355,"type":105}
@nix {"action":"result","fields":[101,0],"id":5452190399332353,"type":106}
@nix {"action":"result","fields":[100,0],"id":5452190399332353,"type":106}
@nix {"action":"stop","id":5452190399332445}
@nix {"action":"result","fields":[91,93,0,0],"id":5452190399332354,"type":105}
@nix {"action":"result","fields":[0,0,0,0],"id":5452190399332355,"type":105}
@nix {"action":"result","fields":[101,0],"id":5452190399332353,"type":106}
@nix {"action":"result","fields":[100,0],"id":5452190399332353,"type":106}
@nix {"action":"start","fields":["/tmp/obrador-shared-pins-linux/round-2-baseline/chain-round-1-jobs-8/store/a3djax18nvmsg0lbbkihxl6vb1jhfn2b-leaf-30.drv","",1,1],"id":5452190399332447,"level":3,"parent":0,"text":"building '/tmp/obrador-shared-pins-linux/round-2-baseline/chain-round-1-jobs-8/store/a3djax18nvmsg0lbbkihxl6vb1jhfn2b-leaf-30.drv'","type":105}
@nix {"action":"result","fields":[91,93,1,0],"id":5452190399332354,"type":105}
@nix {"action":"result","fields":[0,0,0,0],"id":5452190399332355,"type":105}
@nix {"action":"result","fields":[101,0],"id":5452190399332353,"type":106}
@nix {"action":"result","fields":[100,0],"id":5452190399332353,"type":106}
@nix {"action":"result","fields":[92,94,0,0],"id":5452190399332354,"type":105}
@nix {"action":"result","fields":[0,0,0,0],"id":5452190399332355,"type":105}
@nix {"action":"result","fields":[101,0],"id":5452190399332353,"type":106}
@nix {"action":"result","fields":[100,0],"id":5452190399332353,"type":106}
@nix {"action":"stop","id":5452190399332447}
@nix {"action":"start","fields":["/tmp/obrador-shared-pins-linux/round-2-baseline/chain-round-1-jobs-8/store/f9w4wwk0whrwd5l5lk3b34mnldyfdsb0-leaf-31.drv.drv","/tmp/obrador-shared-pins-linux/round-2-baseline/chain-round-1-jobs-8/store/qcrr19qyj1na7nx8ika6lr08r9cvw3j2-leaf-31.drv.drv"],"id":5452190399332448,"level":3,"parent":0,"text":"resolved derivation: '/tmp/obrador-shared-pins-linux/round-2-baseline/chain-round-1-jobs-8/store/f9w4wwk0whrwd5l5lk3b34mnldyfdsb0-leaf-31.drv.drv' -> '/tmp/obrador-shared-pins-linux/round-2-baseline/chain-round-1-jobs-8/store/qcrr19qyj1na7nx8ika6lr08r9cvw3j2-leaf-31.drv.drv'","type":111}
@nix {"action":"result","fields":[92,94,0,0],"id":5452190399332354,"type":105}
@nix {"action":"result","fields":[0,0,0,0],"id":5452190399332355,"type":105}
@nix {"action":"result","fields":[101,0],"id":5452190399332353,"type":106}
@nix {"action":"result","fields":[100,0],"id":5452190399332353,"type":106}
@nix {"action":"start","fields":["/tmp/obrador-shared-pins-linux/round-2-baseline/chain-round-1-jobs-8/store/qcrr19qyj1na7nx8ika6lr08r9cvw3j2-leaf-31.drv.drv","",1,1],"id":5452190399332449,"level":3,"parent":0,"text":"building '/tmp/obrador-shared-pins-linux/round-2-baseline/chain-round-1-jobs-8/store/qcrr19qyj1na7nx8ika6lr08r9cvw3j2-leaf-31.drv.drv'","type":105}
@nix {"action":"result","fields":[92,94,1,0],"id":5452190399332354,"type":105}
@nix {"action":"result","fields":[0,0,0,0],"id":5452190399332355,"type":105}
@nix {"action":"result","fields":[101,0],"id":5452190399332353,"type":106}
@nix {"action":"result","fields":[100,0],"id":5452190399332353,"type":106}
@nix {"action":"result","fields":[93,95,0,0],"id":5452190399332354,"type":105}
@nix {"action":"result","fields":[0,0,0,0],"id":5452190399332355,"type":105}
@nix {"action":"result","fields":[101,0],"id":5452190399332353,"type":106}
@nix {"action":"result","fields":[100,0],"id":5452190399332353,"type":106}
@nix {"action":"stop","id":5452190399332449}
@nix {"action":"result","fields":[94,95,0,0],"id":5452190399332354,"type":105}
@nix {"action":"result","fields":[0,0,0,0],"id":5452190399332355,"type":105}
@nix {"action":"result","fields":[101,0],"id":5452190399332353,"type":106}
@nix {"action":"result","fields":[100,0],"id":5452190399332353,"type":106}
@nix {"action":"stop","id":5452190399332448}
@nix {"action":"result","fields":[94,95,0,0],"id":5452190399332354,"type":105}
@nix {"action":"result","fields":[0,0,0,0],"id":5452190399332355,"type":105}
@nix {"action":"result","fields":[101,0],"id":5452190399332353,"type":106}
@nix {"action":"result","fields":[100,0],"id":5452190399332353,"type":106}
@nix {"action":"start","fields":["/tmp/obrador-shared-pins-linux/round-2-baseline/chain-round-1-jobs-8/store/26gjialq7qlrdf3l61mwkq91lw0zxsjv-leaf-31.drv","",1,1],"id":5452190399332450,"level":3,"parent":0,"text":"building '/tmp/obrador-shared-pins-linux/round-2-baseline/chain-round-1-jobs-8/store/26gjialq7qlrdf3l61mwkq91lw0zxsjv-leaf-31.drv'","type":105}
@nix {"action":"result","fields":[94,95,1,0],"id":5452190399332354,"type":105}
@nix {"action":"result","fields":[0,0,0,0],"id":5452190399332355,"type":105}
@nix {"action":"result","fields":[101,0],"id":5452190399332353,"type":106}
@nix {"action":"result","fields":[100,0],"id":5452190399332353,"type":106}
@nix {"action":"result","fields":[95,96,0,0],"id":5452190399332354,"type":105}
@nix {"action":"result","fields":[0,0,0,0],"id":5452190399332355,"type":105}
@nix {"action":"result","fields":[101,0],"id":5452190399332353,"type":106}
@nix {"action":"result","fields":[100,0],"id":5452190399332353,"type":106}
@nix {"action":"stop","id":5452190399332450}
@nix {"action":"stop","id":5452190399332355}
@nix {"action":"stop","id":5452190399332354}
@nix {"action":"stop","id":5452190399332353}
