@nix {"action":"start","id":709017496190976,"level":6,"parent":0,"text":"querying info about missing paths","type":0}
@nix {"action":"msg","level":1,"msg":"\u001b[35;1mwarning:\u001b[0m Ignoring dynamic derivation /tmp/casita-chain-rerun-l2oceybd/round-1-baseline/chain-round-1-jobs-8/store/2hyw85n7zqin0xggrfblk2728g8jsih3-leaf-31.drv.drv^out while querying missing paths; not yet implemented"}
@nix {"action":"stop","id":709017496190976}
@nix {"action":"start","id":709017496190977,"level":0,"parent":0,"text":"","type":102}
@nix {"action":"start","id":709017496190978,"level":0,"parent":0,"text":"","type":104}
@nix {"action":"start","id":709017496190979,"level":0,"parent":0,"text":"","type":103}
@nix {"action":"result","fields":[0,0,0,0],"id":709017496190978,"type":105}
@nix {"action":"result","fields":[0,0,0,0],"id":709017496190979,"type":105}
@nix {"action":"result","fields":[101,0],"id":709017496190977,"type":106}
@nix {"action":"result","fields":[100,0],"id":709017496190977,"type":106}
@nix {"action":"result","fields":[0,0,0,0],"id":709017496190978,"type":105}
@nix {"action":"result","fields":[0,0,0,0],"id":709017496190979,"type":105}
@nix {"action":"result","fields":[101,0],"id":709017496190977,"type":106}
@nix {"action":"result","fields":[100,0],"id":709017496190977,"type":106}
@nix {"action":"result","fields":[0,1,0,0],"id":709017496190978,"type":105}
@nix {"action":"result","fields":[0,0,0,0],"id":709017496190979,"type":105}
@nix {"action":"result","fields":[101,0],"id":709017496190977,"type":106}
@nix {"action":"result","fields":[100,0],"id":709017496190977,"type":106}
@nix {"action":"result","fields":[0,1,0,0],"id":709017496190978,"type":105}
@nix {"action":"result","fields":[0,0,0,0],"id":709017496190979,"type":105}
@nix {"action":"result","fields":[101,0],"id":709017496190977,"type":106}
@nix {"action":"result","fields":[100,0],"id":709017496190977,"type":106}
@nix {"action":"result","fields":[0,1,0,0],"id":709017496190978,"type":105}
@nix {"action":"result","fields":[0,0,0,0],"id":709017496190979,"type":105}
@nix {"action":"result","fields":[101,0],"id":709017496190977,"type":106}
@nix {"action":"result","fields":[100,0],"id":709017496190977,"type":106}
@nix {"action":"result","fields":[0,2,0,0],"id":709017496190978,"type":105}
@nix {"action":"result","fields":[0,0,0,0],"id":709017496190979,"type":105}
@nix {"action":"result","fields":[101,0],"id":709017496190977,"type":106}
@nix {"action":"result","fields":[100,0],"id":709017496190977,"type":106}
@nix {"action":"result","fields":[0,2,0,0],"id":709017496190978,"type":105}
@nix {"action":"result","fields":[0,0,0,0],"id":709017496190979,"type":105}
@nix {"action":"result","fields":[101,0],"id":709017496190977,"type":106}
@nix {"action":"result","fields":[100,0],"id":709017496190977,"type":106}
@nix {"action":"result","fields":[0,2,0,0],"id":709017496190978,"type":105}
@nix {"action":"result","fields":[0,0,0,0],"id":709017496190979,"type":105}
@nix {"action":"result","fields":[101,0],"id":709017496190977,"type":106}
@nix {"action":"result","fields":[100,0],"id":709017496190977,"type":106}
@nix {"action":"result","fields":[0,3,0,0],"id":709017496190978,"type":105}
@nix {"action":"result","fields":[0,0,0,0],"id":709017496190979,"type":105}
@nix {"action":"result","fields":[101,0],"id":709017496190977,"type":106}
@nix {"action":"result","fields":[100,0],"id":709017496190977,"type":106}
@nix {"action":"result","fields":[0,3,0,0],"id":709017496190978,"type":105}
@nix {"action":"result","fields":[0,0,0,0],"id":709017496190979,"type":105}
@nix {"action":"result","fields":[101,0],"id":709017496190977,"type":106}
@nix {"action":"result","fields":[100,0],"id":709017496190977,"type":106}
@nix {"action":"result","fields":[0,3,0,0],"id":709017496190978,"type":105}
@nix {"action":"result","fields":[0,0,0,0],"id":709017496190979,"type":105}
@nix {"action":"result","fields":[101,0],"id":709017496190977,"type":106}
@nix {"action":"result","fields":[100,0],"id":709017496190977,"type":106}
@nix {"action":"result","fields":[0,4,0,0],"id":709017496190978,"type":105}
@nix {"action":"result","fields":[0,0,0,0],"id":709017496190979,"type":105}
@nix {"action":"result","fields":[101,0],"id":709017496190977,"type":106}
@nix {"action":"result","fields":[100,0],"id":709017496190977,"type":106}
@nix {"action":"result","fields":[0,4,0,0],"id":709017496190978,"type":105}
@nix {"action":"result","fields":[0,0,0,0],"id":709017496190979,"type":105}
@nix {"action":"result","fields":[101,0],"id":709017496190977,"type":106}
@nix {"action":"result","fields":[100,0],"id":709017496190977,"type":106}
@nix {"action":"result","fields":[0,4,0,0],"id":709017496190978,"type":105}
@nix {"action":"result","fields":[0,0,0,0],"id":709017496190979,"type":105}
@nix {"action":"result","fields":[101,0],"id":709017496190977,"type":106}
@nix {"action":"result","fields":[100,0],"id":709017496190977,"type":106}
@nix {"action":"result","fields":[0,5,0,0],"id":709017496190978,"type":105}
@nix {"action":"result","fields":[0,0,0,0],"id":709017496190979,"type":105}
@nix {"action":"result","fields":[101,0],"id":709017496190977,"type":106}
@nix {"action":"result","fields":[100,0],"id":709017496190977,"type":106}
@nix {"action":"result","fields":[0,5,0,0],"id":709017496190978,"type":105}
@nix {"action":"result","fields":[0,0,0,0],"id":709017496190979,"type":105}
@nix {"action":"result","fields":[101,0],"id":709017496190977,"type":106}
@nix {"action":"result","fields":[100,0],"id":709017496190977,"type":106}
@nix {"action":"result","fields":[0,5,0,0],"id":709017496190978,"type":105}
@nix {"action":"result","fields":[0,0,0,0],"id":709017496190979,"type":105}
@nix {"action":"result","fields":[101,0],"id":709017496190977,"type":106}
@nix {"action":"result","fields":[100,0],"id":709017496190977,"type":106}
@nix {"action":"result","fields":[0,6,0,0],"id":709017496190978,"type":105}
@nix {"action":"result","fields":[0,0,0,0],"id":709017496190979,"type":105}
@nix {"action":"result","fields":[101,0],"id":709017496190977,"type":106}
@nix {"action":"result","fields":[100,0],"id":709017496190977,"type":106}
@nix {"action":"result","fields":[0,6,0,0],"id":709017496190978,"type":105}
@nix {"action":"result","fields":[0,0,0,0],"id":709017496190979,"type":105}
@nix {"action":"result","fields":[101,0],"id":709017496190977,"type":106}
@nix {"action":"result","fields":[100,0],"id":709017496190977,"type":106}
@nix {"action":"result","fields":[0,6,0,0],"id":709017496190978,"type":105}
@nix {"action":"result","fields":[0,0,0,0],"id":709017496190979,"type":105}
@nix {"action":"result","fields":[101,0],"id":709017496190977,"type":106}
@nix {"action":"result","fields":[100,0],"id":709017496190977,"type":106}
@nix {"action":"result","fields":[0,7,0,0],"id":709017496190978,"type":105}
@nix {"action":"result","fields":[0,0,0,0],"id":709017496190979,"type":105}
@nix {"action":"result","fields":[101,0],"id":709017496190977,"type":106}
@nix {"action":"result","fields":[100,0],"id":709017496190977,"type":106}
@nix {"action":"result","fields":[0,7,0,0],"id":709017496190978,"type":105}
@nix {"action":"result","fields":[0,0,0,0],"id":709017496190979,"type":105}
@nix {"action":"result","fields":[101,0],"id":709017496190977,"type":106}
@nix {"action":"result","fields":[100,0],"id":709017496190977,"type":106}
@nix {"action":"result","fields":[0,7,0,0],"id":709017496190978,"type":105}
@nix {"action":"result","fields":[0,0,0,0],"id":709017496190979,"type":105}
@nix {"action":"result","fields":[101,0],"id":709017496190977,"type":106}
@nix {"action":"result","fields":[100,0],"id":709017496190977,"type":106}
@nix {"action":"result","fields":[0,8,0,0],"id":709017496190978,"type":105}
@nix {"action":"result","fields":[0,0,0,0],"id":709017496190979,"type":105}
@nix {"action":"result","fields":[101,0],"id":709017496190977,"type":106}
@nix {"action":"result","fields":[100,0],"id":709017496190977,"type":106}
@nix {"action":"result","fields":[0,8,0,0],"id":709017496190978,"type":105}
@nix {"action":"result","fields":[0,0,0,0],"id":709017496190979,"type":105}
@nix {"action":"result","fields":[101,0],"id":709017496190977,"type":106}
@nix {"action":"result","fields":[100,0],"id":709017496190977,"type":106}
@nix {"action":"result","fields":[0,8,0,0],"id":709017496190978,"type":105}
@nix {"action":"result","fields":[0,0,0,0],"id":709017496190979,"type":105}
@nix {"action":"result","fields":[101,0],"id":709017496190977,"type":106}
@nix {"action":"result","fields":[100,0],"id":709017496190977,"type":106}
@nix {"action":"result","fields":[0,9,0,0],"id":709017496190978,"type":105}
@nix {"action":"result","fields":[0,0,0,0],"id":709017496190979,"type":105}
@nix {"action":"result","fields":[101,0],"id":709017496190977,"type":106}
@nix {"action":"result","fields":[100,0],"id":709017496190977,"type":106}
@nix {"action":"result","fields":[0,9,0,0],"id":709017496190978,"type":105}
@nix {"action":"result","fields":[0,0,0,0],"id":709017496190979,"type":105}
@nix {"action":"result","fields":[101,0],"id":709017496190977,"type":106}
@nix {"action":"result","fields":[100,0],"id":709017496190977,"type":106}
@nix {"action":"result","fields":[0,9,0,0],"id":709017496190978,"type":105}
@nix {"action":"result","fields":[0,0,0,0],"id":709017496190979,"type":105}
@nix {"action":"result","fields":[101,0],"id":709017496190977,"type":106}
@nix {"action":"result","fields":[100,0],"id":709017496190977,"type":106}
@nix {"action":"result","fields":[0,10,0,0],"id":709017496190978,"type":105}
@nix {"action":"result","fields":[0,0,0,0],"id":709017496190979,"type":105}
@nix {"action":"result","fields":[101,0],"id":709017496190977,"type":106}
@nix {"action":"result","fields":[100,0],"id":709017496190977,"type":106}
@nix {"action":"result","fields":[0,10,0,0],"id":709017496190978,"type":105}
@nix {"action":"result","fields":[0,0,0,0],"id":709017496190979,"type":105}
@nix {"action":"result","fields":[101,0],"id":709017496190977,"type":106}
@nix {"action":"result","fields":[100,0],"id":709017496190977,"type":106}
@nix {"action":"result","fields":[0,10,0,0],"id":709017496190978,"type":105}
@nix {"action":"result","fields":[0,0,0,0],"id":709017496190979,"type":105}
@nix {"action":"result","fields":[101,0],"id":709017496190977,"type":106}
@nix {"action":"result","fields":[100,0],"id":709017496190977,"type":106}
@nix {"action":"result","fields":[0,11,0,0],"id":709017496190978,"type":105}
@nix {"action":"result","fields":[0,0,0,0],"id":709017496190979,"type":105}
@nix {"action":"result","fields":[101,0],"id":709017496190977,"type":106}
@nix {"action":"result","fields":[100,0],"id":709017496190977,"type":106}
@nix {"action":"result","fields":[0,11,0,0],"id":709017496190978,"type":105}
@nix {"action":"result","fields":[0,0,0,0],"id":709017496190979,"type":105}
@nix {"action":"result","fields":[101,0],"id":709017496190977,"type":106}
@nix {"action":"result","fields":[100,0],"id":709017496190977,"type":106}
@nix {"action":"result","fields":[0,11,0,0],"id":709017496190978,"type":105}
@nix {"action":"result","fields":[0,0,0,0],"id":709017496190979,"type":105}
@nix {"action":"result","fields":[101,0],"id":709017496190977,"type":106}
@nix {"action":"result","fields":[100,0],"id":709017496190977,"type":106}
@nix {"action":"result","fields":[0,12,0,0],"id":709017496190978,"type":105}
@nix {"action":"result","fields":[0,0,0,0],"id":709017496190979,"type":105}
@nix {"action":"result","fields":[101,0],"id":709017496190977,"type":106}
@nix {"action":"result","fields":[100,0],"id":709017496190977,"type":106}
@nix {"action":"result","fields":[0,12,0,0],"id":709017496190978,"type":105}
@nix {"action":"result","fields":[0,0,0,0],"id":709017496190979,"type":105}
@nix {"action":"result","fields":[101,0],"id":709017496190977,"type":106}
@nix {"action":"result","fields":[100,0],"id":709017496190977,"type":106}
@nix {"action":"result","fields":[0,12,0,0],"id":709017496190978,"type":105}
@nix {"action":"result","fields":[0,0,0,0],"id":709017496190979,"type":105}
@nix {"action":"result","fields":[101,0],"id":709017496190977,"type":106}
@nix {"action":"result","fields":[100,0],"id":709017496190977,"type":106}
@nix {"action":"result","fields":[0,13,0,0],"id":709017496190978,"type":105}
@nix {"action":"result","fields":[0,0,0,0],"id":709017496190979,"type":105}
@nix {"action":"result","fields":[101,0],"id":709017496190977,"type":106}
@nix {"action":"result","fields":[100,0],"id":709017496190977,"type":106}
@nix {"action":"result","fields":[0,13,0,0],"id":709017496190978,"type":105}
@nix {"action":"result","fields":[0,0,0,0],"id":709017496190979,"type":105}
@nix {"action":"result","fields":[101,0],"id":709017496190977,"type":106}
@nix {"action":"result","fields":[100,0],"id":709017496190977,"type":106}
@nix {"action":"result","fields":[0,13,0,0],"id":709017496190978,"type":105}
@nix {"action":"result","fields":[0,0,0,0],"id":709017496190979,"type":105}
@nix {"action":"result","fields":[101,0],"id":709017496190977,"type":106}
@nix {"action":"result","fields":[100,0],"id":709017496190977,"type":106}
@nix {"action":"result","fields":[0,14,0,0],"id":709017496190978,"type":105}
@nix {"action":"result","fields":[0,0,0,0],"id":709017496190979,"type":105}
@nix {"action":"result","fields":[101,0],"id":709017496190977,"type":106}
@nix {"action":"result","fields":[100,0],"id":709017496190977,"type":106}
@nix {"action":"result","fields":[0,14,0,0],"id":709017496190978,"type":105}
@nix {"action":"result","fields":[0,0,0,0],"id":709017496190979,"type":105}
@nix {"action":"result","fields":[101,0],"id":709017496190977,"type":106}
@nix {"action":"result","fields":[100,0],"id":709017496190977,"type":106}
@nix {"action":"result","fields":[0,14,0,0],"id":709017496190978,"type":105}
@nix {"action":"result","fields":[0,0,0,0],"id":709017496190979,"type":105}
@nix {"action":"result","fields":[101,0],"id":709017496190977,"type":106}
@nix {"action":"result","fields":[100,0],"id":709017496190977,"type":106}
@nix {"action":"result","fields":[0,15,0,0],"id":709017496190978,"type":105}
@nix {"action":"result","fields":[0,0,0,0],"id":709017496190979,"type":105}
@nix {"action":"result","fields":[101,0],"id":709017496190977,"type":106}
@nix {"action":"result","fields":[100,0],"id":709017496190977,"type":106}
@nix {"action":"result","fields":[0,15,0,0],"id":709017496190978,"type":105}
@nix {"action":"result","fields":[0,0,0,0],"id":709017496190979,"type":105}
@nix {"action":"result","fields":[101,0],"id":709017496190977,"type":106}
@nix {"action":"result","fields":[100,0],"id":709017496190977,"type":106}
@nix {"action":"result","fields":[0,15,0,0],"id":709017496190978,"type":105}
@nix {"action":"result","fields":[0,0,0,0],"id":709017496190979,"type":105}
@nix {"action":"result","fields":[101,0],"id":709017496190977,"type":106}
@nix {"action":"result","fields":[100,0],"id":709017496190977,"type":106}
@nix {"action":"result","fields":[0,16,0,0],"id":709017496190978,"type":105}
@nix {"action":"result","fields":[0,0,0,0],"id":709017496190979,"type":105}
@nix {"action":"result","fields":[101,0],"id":709017496190977,"type":106}
@nix {"action":"result","fields":[100,0],"id":709017496190977,"type":106}
@nix {"action":"result","fields":[0,16,0,0],"id":709017496190978,"type":105}
@nix {"action":"result","fields":[0,0,0,0],"id":709017496190979,"type":105}
@nix {"action":"result","fields":[101,0],"id":709017496190977,"type":106}
@nix {"action":"result","fields":[100,0],"id":709017496190977,"type":106}
@nix {"action":"result","fields":[0,16,0,0],"id":709017496190978,"type":105}
@nix {"action":"result","fields":[0,0,0,0],"id":709017496190979,"type":105}
@nix {"action":"result","fields":[101,0],"id":709017496190977,"type":106}
@nix {"action":"result","fields":[100,0],"id":709017496190977,"type":106}
@nix {"action":"result","fields":[0,17,0,0],"id":709017496190978,"type":105}
@nix {"action":"result","fields":[0,0,0,0],"id":709017496190979,"type":105}
@nix {"action":"result","fields":[101,0],"id":709017496190977,"type":106}
@nix {"action":"result","fields":[100,0],"id":709017496190977,"type":106}
@nix {"action":"result","fields":[0,17,0,0],"id":709017496190978,"type":105}
@nix {"action":"result","fields":[0,0,0,0],"id":709017496190979,"type":105}
@nix {"action":"result","fields":[101,0],"id":709017496190977,"type":106}
@nix {"action":"result","fields":[100,0],"id":709017496190977,"type":106}
@nix {"action":"result","fields":[0,17,0,0],"id":709017496190978,"type":105}
@nix {"action":"result","fields":[0,0,0,0],"id":709017496190979,"type":105}
@nix {"action":"result","fields":[101,0],"id":709017496190977,"type":106}
@nix {"action":"result","fields":[100,0],"id":709017496190977,"type":106}
@nix {"action":"result","fields":[0,18,0,0],"id":709017496190978,"type":105}
@nix {"action":"result","fields":[0,0,0,0],"id":709017496190979,"type":105}
@nix {"action":"result","fields":[101,0],"id":709017496190977,"type":106}
@nix {"action":"result","fields":[100,0],"id":709017496190977,"type":106}
@nix {"action":"result","fields":[0,18,0,0],"id":709017496190978,"type":105}
@nix {"action":"result","fields":[0,0,0,0],"id":709017496190979,"type":105}
@nix {"action":"result","fields":[101,0],"id":709017496190977,"type":106}
@nix {"action":"result","fields":[100,0],"id":709017496190977,"type":106}
@nix {"action":"result","fields":[0,18,0,0],"id":709017496190978,"type":105}
@nix {"action":"result","fields":[0,0,0,0],"id":709017496190979,"type":105}
@nix {"action":"result","fields":[101,0],"id":709017496190977,"type":106}
@nix {"action":"result","fields":[100,0],"id":709017496190977,"type":106}
@nix {"action":"result","fields":[0,19,0,0],"id":709017496190978,"type":105}
@nix {"action":"result","fields":[0,0,0,0],"id":709017496190979,"type":105}
@nix {"action":"result","fields":[101,0],"id":709017496190977,"type":106}
@nix {"action":"result","fields":[100,0],"id":709017496190977,"type":106}
@nix {"action":"result","fields":[0,19,0,0],"id":709017496190978,"type":105}
@nix {"action":"result","fields":[0,0,0,0],"id":709017496190979,"type":105}
@nix {"action":"result","fields":[101,0],"id":709017496190977,"type":106}
@nix {"action":"result","fields":[100,0],"id":709017496190977,"type":106}
@nix {"action":"result","fields":[0,19,0,0],"id":709017496190978,"type":105}
@nix {"action":"result","fields":[0,0,0,0],"id":709017496190979,"type":105}
@nix {"action":"result","fields":[101,0],"id":709017496190977,"type":106}
@nix {"action":"result","fields":[100,0],"id":709017496190977,"type":106}
@nix {"action":"result","fields":[0,20,0,0],"id":709017496190978,"type":105}
@nix {"action":"result","fields":[0,0,0,0],"id":709017496190979,"type":105}
@nix {"action":"result","fields":[101,0],"id":709017496190977,"type":106}
@nix {"action":"result","fields":[100,0],"id":709017496190977,"type":106}
@nix {"action":"result","fields":[0,20,0,0],"id":709017496190978,"type":105}
@nix {"action":"result","fields":[0,0,0,0],"id":709017496190979,"type":105}
@nix {"action":"result","fields":[101,0],"id":709017496190977,"type":106}
@nix {"action":"result","fields":[100,0],"id":709017496190977,"type":106}
@nix {"action":"result","fields":[0,20,0,0],"id":709017496190978,"type":105}
@nix {"action":"result","fields":[0,0,0,0],"id":709017496190979,"type":105}
@nix {"action":"result","fields":[101,0],"id":709017496190977,"type":106}
@nix {"action":"result","fields":[100,0],"id":709017496190977,"type":106}
@nix {"action":"result","fields":[0,21,0,0],"id":709017496190978,"type":105}
@nix {"action":"result","fields":[0,0,0,0],"id":709017496190979,"type":105}
@nix {"action":"result","fields":[101,0],"id":709017496190977,"type":106}
@nix {"action":"result","fields":[100,0],"id":709017496190977,"type":106}
@nix {"action":"result","fields":[0,21,0,0],"id":709017496190978,"type":105}
@nix {"action":"result","fields":[0,0,0,0],"id":709017496190979,"type":105}
@nix {"action":"result","fields":[101,0],"id":709017496190977,"type":106}
@nix {"action":"result","fields":[100,0],"id":709017496190977,"type":106}
@nix {"action":"result","fields":[0,21,0,0],"id":709017496190978,"type":105}
@nix {"action":"result","fields":[0,0,0,0],"id":709017496190979,"type":105}
@nix {"action":"result","fields":[101,0],"id":709017496190977,"type":106}
@nix {"action":"result","fields":[100,0],"id":709017496190977,"type":106}
@nix {"action":"result","fields":[0,22,0,0],"id":709017496190978,"type":105}
@nix {"action":"result","fields":[0,0,0,0],"id":709017496190979,"type":105}
@nix {"action":"result","fields":[101,0],"id":709017496190977,"type":106}
@nix {"action":"result","fields":[100,0],"id":709017496190977,"type":106}
@nix {"action":"result","fields":[0,22,0,0],"id":709017496190978,"type":105}
@nix {"action":"result","fields":[0,0,0,0],"id":709017496190979,"type":105}
@nix {"action":"result","fields":[101,0],"id":709017496190977,"type":106}
@nix {"action":"result","fields":[100,0],"id":709017496190977,"type":106}
@nix {"action":"result","fields":[0,22,0,0],"id":709017496190978,"type":105}
@nix {"action":"result","fields":[0,0,0,0],"id":709017496190979,"type":105}
@nix {"action":"result","fields":[101,0],"id":709017496190977,"type":106}
@nix {"action":"result","fields":[100,0],"id":709017496190977,"type":106}
@nix {"action":"result","fields":[0,23,0,0],"id":709017496190978,"type":105}
@nix {"action":"result","fields":[0,0,0,0],"id":709017496190979,"type":105}
@nix {"action":"result","fields":[101,0],"id":709017496190977,"type":106}
@nix {"action":"result","fields":[100,0],"id":709017496190977,"type":106}
@nix {"action":"result","fields":[0,23,0,0],"id":709017496190978,"type":105}
@nix {"action":"result","fields":[0,0,0,0],"id":709017496190979,"type":105}
@nix {"action":"result","fields":[101,0],"id":709017496190977,"type":106}
@nix {"action":"result","fields":[100,0],"id":709017496190977,"type":106}
@nix {"action":"result","fields":[0,23,0,0],"id":709017496190978,"type":105}
@nix {"action":"result","fields":[0,0,0,0],"id":709017496190979,"type":105}
@nix {"action":"result","fields":[101,0],"id":709017496190977,"type":106}
@nix {"action":"result","fields":[100,0],"id":709017496190977,"type":106}
@nix {"action":"result","fields":[0,24,0,0],"id":709017496190978,"type":105}
@nix {"action":"result","fields":[0,0,0,0],"id":709017496190979,"type":105}
@nix {"action":"result","fields":[101,0],"id":709017496190977,"type":106}
@nix {"action":"result","fields":[100,0],"id":709017496190977,"type":106}
@nix {"action":"result","fields":[0,24,0,0],"id":709017496190978,"type":105}
@nix {"action":"result","fields":[0,0,0,0],"id":709017496190979,"type":105}
@nix {"action":"result","fields":[101,0],"id":709017496190977,"type":106}
@nix {"action":"result","fields":[100,0],"id":709017496190977,"type":106}
@nix {"action":"result","fields":[0,24,0,0],"id":709017496190978,"type":105}
@nix {"action":"result","fields":[0,0,0,0],"id":709017496190979,"type":105}
@nix {"action":"result","fields":[101,0],"id":709017496190977,"type":106}
@nix {"action":"result","fields":[100,0],"id":709017496190977,"type":106}
@nix {"action":"result","fields":[0,25,0,0],"id":709017496190978,"type":105}
@nix {"action":"result","fields":[0,0,0,0],"id":709017496190979,"type":105}
@nix {"action":"result","fields":[101,0],"id":709017496190977,"type":106}
@nix {"action":"result","fields":[100,0],"id":709017496190977,"type":106}
@nix {"action":"result","fields":[0,25,0,0],"id":709017496190978,"type":105}
@nix {"action":"result","fields":[0,0,0,0],"id":709017496190979,"type":105}
@nix {"action":"result","fields":[101,0],"id":709017496190977,"type":106}
@nix {"action":"result","fields":[100,0],"id":709017496190977,"type":106}
@nix {"action":"result","fields":[0,25,0,0],"id":709017496190978,"type":105}
@nix {"action":"result","fields":[0,0,0,0],"id":709017496190979,"type":105}
@nix {"action":"result","fields":[101,0],"id":709017496190977,"type":106}
@nix {"action":"result","fields":[100,0],"id":709017496190977,"type":106}
@nix {"action":"result","fields":[0,26,0,0],"id":709017496190978,"type":105}
@nix {"action":"result","fields":[0,0,0,0],"id":709017496190979,"type":105}
@nix {"action":"result","fields":[101,0],"id":709017496190977,"type":106}
@nix {"action":"result","fields":[100,0],"id":709017496190977,"type":106}
@nix {"action":"result","fields":[0,26,0,0],"id":709017496190978,"type":105}
@nix {"action":"result","fields":[0,0,0,0],"id":709017496190979,"type":105}
@nix {"action":"result","fields":[101,0],"id":709017496190977,"type":106}
@nix {"action":"result","fields":[100,0],"id":709017496190977,"type":106}
@nix {"action":"result","fields":[0,26,0,0],"id":709017496190978,"type":105}
@nix {"action":"result","fields":[0,0,0,0],"id":709017496190979,"type":105}
@nix {"action":"result","fields":[101,0],"id":709017496190977,"type":106}
@nix {"action":"result","fields":[100,0],"id":709017496190977,"type":106}
@nix {"action":"result","fields":[0,27,0,0],"id":709017496190978,"type":105}
@nix {"action":"result","fields":[0,0,0,0],"id":709017496190979,"type":105}
@nix {"action":"result","fields":[101,0],"id":709017496190977,"type":106}
@nix {"action":"result","fields":[100,0],"id":709017496190977,"type":106}
@nix {"action":"result","fields":[0,27,0,0],"id":709017496190978,"type":105}
@nix {"action":"result","fields":[0,0,0,0],"id":709017496190979,"type":105}
@nix {"action":"result","fields":[101,0],"id":709017496190977,"type":106}
@nix {"action":"result","fields":[100,0],"id":709017496190977,"type":106}
@nix {"action":"result","fields":[0,27,0,0],"id":709017496190978,"type":105}
@nix {"action":"result","fields":[0,0,0,0],"id":709017496190979,"type":105}
@nix {"action":"result","fields":[101,0],"id":709017496190977,"type":106}
@nix {"action":"result","fields":[100,0],"id":709017496190977,"type":106}
@nix {"action":"result","fields":[0,28,0,0],"id":709017496190978,"type":105}
@nix {"action":"result","fields":[0,0,0,0],"id":709017496190979,"type":105}
@nix {"action":"result","fields":[101,0],"id":709017496190977,"type":106}
@nix {"action":"result","fields":[100,0],"id":709017496190977,"type":106}
@nix {"action":"result","fields":[0,28,0,0],"id":709017496190978,"type":105}
@nix {"action":"result","fields":[0,0,0,0],"id":709017496190979,"type":105}
@nix {"action":"result","fields":[101,0],"id":709017496190977,"type":106}
@nix {"action":"result","fields":[100,0],"id":709017496190977,"type":106}
@nix {"action":"result","fields":[0,28,0,0],"id":709017496190978,"type":105}
@nix {"action":"result","fields":[0,0,0,0],"id":709017496190979,"type":105}
@nix {"action":"result","fields":[101,0],"id":709017496190977,"type":106}
@nix {"action":"result","fields":[100,0],"id":709017496190977,"type":106}
@nix {"action":"result","fields":[0,29,0,0],"id":709017496190978,"type":105}
@nix {"action":"result","fields":[0,0,0,0],"id":709017496190979,"type":105}
@nix {"action":"result","fields":[101,0],"id":709017496190977,"type":106}
@nix {"action":"result","fields":[100,0],"id":709017496190977,"type":106}
@nix {"action":"result","fields":[0,29,0,0],"id":709017496190978,"type":105}
@nix {"action":"result","fields":[0,0,0,0],"id":709017496190979,"type":105}
@nix {"action":"result","fields":[101,0],"id":709017496190977,"type":106}
@nix {"action":"result","fields":[100,0],"id":709017496190977,"type":106}
@nix {"action":"result","fields":[0,29,0,0],"id":709017496190978,"type":105}
@nix {"action":"result","fields":[0,0,0,0],"id":709017496190979,"type":105}
@nix {"action":"result","fields":[101,0],"id":709017496190977,"type":106}
@nix {"action":"result","fields":[100,0],"id":709017496190977,"type":106}
@nix {"action":"result","fields":[0,30,0,0],"id":709017496190978,"type":105}
@nix {"action":"result","fields":[0,0,0,0],"id":709017496190979,"type":105}
@nix {"action":"result","fields":[101,0],"id":709017496190977,"type":106}
@nix {"action":"result","fields":[100,0],"id":709017496190977,"type":106}
@nix {"action":"result","fields":[0,30,0,0],"id":709017496190978,"type":105}
@nix {"action":"result","fields":[0,0,0,0],"id":709017496190979,"type":105}
@nix {"action":"result","fields":[101,0],"id":709017496190977,"type":106}
@nix {"action":"result","fields":[100,0],"id":709017496190977,"type":106}
@nix {"action":"result","fields":[0,30,0,0],"id":709017496190978,"type":105}
@nix {"action":"result","fields":[0,0,0,0],"id":709017496190979,"type":105}
@nix {"action":"result","fields":[101,0],"id":709017496190977,"type":106}
@nix {"action":"result","fields":[100,0],"id":709017496190977,"type":106}
@nix {"action":"result","fields":[0,31,0,0],"id":709017496190978,"type":105}
@nix {"action":"result","fields":[0,0,0,0],"id":709017496190979,"type":105}
@nix {"action":"result","fields":[101,0],"id":709017496190977,"type":106}
@nix {"action":"result","fields":[100,0],"id":709017496190977,"type":106}
@nix {"action":"result","fields":[0,31,0,0],"id":709017496190978,"type":105}
@nix {"action":"result","fields":[0,0,0,0],"id":709017496190979,"type":105}
@nix {"action":"result","fields":[101,0],"id":709017496190977,"type":106}
@nix {"action":"result","fields":[100,0],"id":709017496190977,"type":106}
@nix {"action":"result","fields":[0,31,0,0],"id":709017496190978,"type":105}
@nix {"action":"result","fields":[0,0,0,0],"id":709017496190979,"type":105}
@nix {"action":"result","fields":[101,0],"id":709017496190977,"type":106}
@nix {"action":"result","fields":[100,0],"id":709017496190977,"type":106}
@nix {"action":"result","fields":[0,32,0,0],"id":709017496190978,"type":105}
@nix {"action":"result","fields":[0,0,0,0],"id":709017496190979,"type":105}
@nix {"action":"result","fields":[101,0],"id":709017496190977,"type":106}
@nix {"action":"result","fields":[100,0],"id":709017496190977,"type":106}
@nix {"action":"start","fields":["/tmp/casita-chain-rerun-l2oceybd/round-1-baseline/chain-round-1-jobs-8/store/w21sc6vyp3qrr8av9agsxzrgd2xzn796-leaf-0.drv.drv","",1,1],"id":709017496190980,"level":3,"parent":0,"text":"building '/tmp/casita-chain-rerun-l2oceybd/round-1-baseline/chain-round-1-jobs-8/store/w21sc6vyp3qrr8av9agsxzrgd2xzn796-leaf-0.drv.drv'","type":105}
@nix {"action":"result","fields":[0,32,1,0],"id":709017496190978,"type":105}
@nix {"action":"result","fields":[0,0,0,0],"id":709017496190979,"type":105}
@nix {"action":"result","fields":[101,0],"id":709017496190977,"type":106}
@nix {"action":"result","fields":[100,0],"id":709017496190977,"type":106}
@nix {"action":"result","fields":[1,33,0,0],"id":709017496190978,"type":105}
@nix {"action":"result","fields":[0,0,0,0],"id":709017496190979,"type":105}
@nix {"action":"result","fields":[101,0],"id":709017496190977,"type":106}
@nix {"action":"result","fields":[100,0],"id":709017496190977,"type":106}
@nix {"action":"stop","id":709017496190980}
@nix {"action":"result","fields":[1,33,0,0],"id":709017496190978,"type":105}
@nix {"action":"result","fields":[0,0,0,0],"id":709017496190979,"type":105}
@nix {"action":"result","fields":[101,0],"id":709017496190977,"type":106}
@nix {"action":"result","fields":[100,0],"id":709017496190977,"type":106}
@nix {"action":"start","fields":["/tmp/casita-chain-rerun-l2oceybd/round-1-baseline/chain-round-1-jobs-8/store/0574sz94n31285h5x2b539c0l4j2wny9-leaf-0.drv","",1,1],"id":709017496190981,"level":3,"parent":0,"text":"building '/tmp/casita-chain-rerun-l2oceybd/round-1-baseline/chain-round-1-jobs-8/store/0574sz94n31285h5x2b539c0l4j2wny9-leaf-0.drv'","type":105}
@nix {"action":"result","fields":[1,33,1,0],"id":709017496190978,"type":105}
@nix {"action":"result","fields":[0,0,0,0],"id":709017496190979,"type":105}
@nix {"action":"result","fields":[101,0],"id":709017496190977,"type":106}
@nix {"action":"result","fields":[100,0],"id":709017496190977,"type":106}
@nix {"action":"result","fields":[2,34,0,0],"id":709017496190978,"type":105}
@nix {"action":"result","fields":[0,0,0,0],"id":709017496190979,"type":105}
@nix {"action":"result","fields":[101,0],"id":709017496190977,"type":106}
@nix {"action":"result","fields":[100,0],"id":709017496190977,"type":106}
@nix {"action":"stop","id":709017496190981}
@nix {"action":"start","fields":["/tmp/casita-chain-rerun-l2oceybd/round-1-baseline/chain-round-1-jobs-8/store/8flnnk7a4hnnck2ynxdmmq990paiwrxg-leaf-1.drv.drv","/tmp/casita-chain-rerun-l2oceybd/round-1-baseline/chain-round-1-jobs-8/store/hvjapq3110c8xvrisl5wpvz8nnsnwy1r-leaf-1.drv.drv"],"id":709017496190982,"level":3,"parent":0,"text":"resolved derivation: '/tmp/casita-chain-rerun-l2oceybd/round-1-baseline/chain-round-1-jobs-8/store/8flnnk7a4hnnck2ynxdmmq990paiwrxg-leaf-1.drv.drv' -> '/tmp/casita-chain-rerun-l2oceybd/round-1-baseline/chain-round-1-jobs-8/store/hvjapq3110c8xvrisl5wpvz8nnsnwy1r-leaf-1.drv.drv'","type":111}
@nix {"action":"result","fields":[2,34,0,0],"id":709017496190978,"type":105}
@nix {"action":"result","fields":[0,0,0,0],"id":709017496190979,"type":105}
@nix {"action":"result","fields":[101,0],"id":709017496190977,"type":106}
@nix {"action":"result","fields":[100,0],"id":709017496190977,"type":106}
@nix {"action":"start","fields":["/tmp/casita-chain-rerun-l2oceybd/round-1-baseline/chain-round-1-jobs-8/store/hvjapq3110c8xvrisl5wpvz8nnsnwy1r-leaf-1.drv.drv","",1,1],"id":709017496190983,"level":3,"parent":0,"text":"building '/tmp/casita-chain-rerun-l2oceybd/round-1-baseline/chain-round-1-jobs-8/store/hvjapq3110c8xvrisl5wpvz8nnsnwy1r-leaf-1.drv.drv'","type":105}
@nix {"action":"result","fields":[2,34,1,0],"id":709017496190978,"type":105}
@nix {"action":"result","fields":[0,0,0,0],"id":709017496190979,"type":105}
@nix {"action":"result","fields":[101,0],"id":709017496190977,"type":106}
@nix {"action":"result","fields":[100,0],"id":709017496190977,"type":106}
@nix {"action":"result","fields":[3,35,0,0],"id":709017496190978,"type":105}
@nix {"action":"result","fields":[0,0,0,0],"id":709017496190979,"type":105}
@nix {"action":"result","fields":[101,0],"id":709017496190977,"type":106}
@nix {"action":"result","fields":[100,0],"id":709017496190977,"type":106}
@nix {"action":"stop","id":709017496190983}
@nix {"action":"result","fields":[4,35,0,0],"id":709017496190978,"type":105}
@nix {"action":"result","fields":[0,0,0,0],"id":709017496190979,"type":105}
@nix {"action":"result","fields":[101,0],"id":709017496190977,"type":106}
@nix {"action":"result","fields":[100,0],"id":709017496190977,"type":106}
@nix {"action":"stop","id":709017496190982}
@nix {"action":"result","fields":[4,35,0,0],"id":709017496190978,"type":105}
@nix {"action":"result","fields":[0,0,0,0],"id":709017496190979,"type":105}
@nix {"action":"result","fields":[101,0],"id":709017496190977,"type":106}
@nix {"action":"result","fields":[100,0],"id":709017496190977,"type":106}
@nix {"action":"start","fields":["/tmp/casita-chain-rerun-l2oceybd/round-1-baseline/chain-round-1-jobs-8/store/yy9qv24m0hdsll5f63j7si1awvnjvnjy-leaf-1.drv","",1,1],"id":709017496190984,"level":3,"parent":0,"text":"building '/tmp/casita-chain-rerun-l2oceybd/round-1-baseline/chain-round-1-jobs-8/store/yy9qv24m0hdsll5f63j7si1awvnjvnjy-leaf-1.drv'","type":105}
@nix {"action":"result","fields":[4,35,1,0],"id":709017496190978,"type":105}
@nix {"action":"result","fields":[0,0,0,0],"id":709017496190979,"type":105}
@nix {"action":"result","fields":[101,0],"id":709017496190977,"type":106}
@nix {"action":"result","fields":[100,0],"id":709017496190977,"type":106}
@nix {"action":"result","fields":[5,36,0,0],"id":709017496190978,"type":105}
@nix {"action":"result","fields":[0,0,0,0],"id":709017496190979,"type":105}
@nix {"action":"result","fields":[101,0],"id":709017496190977,"type":106}
@nix {"action":"result","fields":[100,0],"id":709017496190977,"type":106}
@nix {"action":"stop","id":709017496190984}
@nix {"action":"start","fields":["/tmp/casita-chain-rerun-l2oceybd/round-1-baseline/chain-round-1-jobs-8/store/pgr5wvk78mlrmqlm6y60kxwkdgl78hw0-leaf-2.drv.drv","/tmp/casita-chain-rerun-l2oceybd/round-1-baseline/chain-round-1-jobs-8/store/9m1jhh8lgrz4sqkg4cbpsslw681z04p8-leaf-2.drv.drv"],"id":709017496190985,"level":3,"parent":0,"text":"resolved derivation: '/tmp/casita-chain-rerun-l2oceybd/round-1-baseline/chain-round-1-jobs-8/store/pgr5wvk78mlrmqlm6y60kxwkdgl78hw0-leaf-2.drv.drv' -> '/tmp/casita-chain-rerun-l2oceybd/round-1-baseline/chain-round-1-jobs-8/store/9m1jhh8lgrz4sqkg4cbpsslw681z04p8-leaf-2.drv.drv'","type":111}
@nix {"action":"result","fields":[5,36,0,0],"id":709017496190978,"type":105}
@nix {"action":"result","fields":[0,0,0,0],"id":709017496190979,"type":105}
@nix {"action":"result","fields":[101,0],"id":709017496190977,"type":106}
@nix {"action":"result","fields":[100,0],"id":709017496190977,"type":106}
@nix {"action":"start","fields":["/tmp/casita-chain-rerun-l2oceybd/round-1-baseline/chain-round-1-jobs-8/store/9m1jhh8lgrz4sqkg4cbpsslw681z04p8-leaf-2.drv.drv","",1,1],"id":709017496190986,"level":3,"parent":0,"text":"building '/tmp/casita-chain-rerun-l2oceybd/round-1-baseline/chain-round-1-jobs-8/store/9m1jhh8lgrz4sqkg4cbpsslw681z04p8-leaf-2.drv.drv'","type":105}
@nix {"action":"result","fields":[5,36,1,0],"id":709017496190978,"type":105}
@nix {"action":"result","fields":[0,0,0,0],"id":709017496190979,"type":105}
@nix {"action":"result","fields":[101,0],"id":709017496190977,"type":106}
@nix {"action":"result","fields":[100,0],"id":709017496190977,"type":106}
@nix {"action":"result","fields":[6,37,0,0],"id":709017496190978,"type":105}
@nix {"action":"result","fields":[0,0,0,0],"id":709017496190979,"type":105}
@nix {"action":"result","fields":[101,0],"id":709017496190977,"type":106}
@nix {"action":"result","fields":[100,0],"id":709017496190977,"type":106}
@nix {"action":"stop","id":709017496190986}
@nix {"action":"result","fields":[7,37,0,0],"id":709017496190978,"type":105}
@nix {"action":"result","fields":[0,0,0,0],"id":709017496190979,"type":105}
@nix {"action":"result","fields":[101,0],"id":709017496190977,"type":106}
@nix {"action":"result","fields":[100,0],"id":709017496190977,"type":106}
@nix {"action":"stop","id":709017496190985}
@nix {"action":"result","fields":[7,37,0,0],"id":709017496190978,"type":105}
@nix {"action":"result","fields":[0,0,0,0],"id":709017496190979,"type":105}
@nix {"action":"result","fields":[101,0],"id":709017496190977,"type":106}
@nix {"action":"result","fields":[100,0],"id":709017496190977,"type":106}
@nix {"action":"start","fields":["/tmp/casita-chain-rerun-l2oceybd/round-1-baseline/chain-round-1-jobs-8/store/spnnc5r8d9wvcmb8l56dwz9cwyvyz3y9-leaf-2.drv","",1,1],"id":709017496190987,"level":3,"parent":0,"text":"building '/tmp/casita-chain-rerun-l2oceybd/round-1-baseline/chain-round-1-jobs-8/store/spnnc5r8d9wvcmb8l56dwz9cwyvyz3y9-leaf-2.drv'","type":105}
@nix {"action":"result","fields":[7,37,1,0],"id":709017496190978,"type":105}
@nix {"action":"result","fields":[0,0,0,0],"id":709017496190979,"type":105}
@nix {"action":"result","fields":[101,0],"id":709017496190977,"type":106}
@nix {"action":"result","fields":[100,0],"id":709017496190977,"type":106}
@nix {"action":"result","fields":[8,38,0,0],"id":709017496190978,"type":105}
@nix {"action":"result","fields":[0,0,0,0],"id":709017496190979,"type":105}
@nix {"action":"result","fields":[101,0],"id":709017496190977,"type":106}
@nix {"action":"result","fields":[100,0],"id":709017496190977,"type":106}
@nix {"action":"stop","id":709017496190987}
@nix {"action":"start","fields":["/tmp/casita-chain-rerun-l2oceybd/round-1-baseline/chain-round-1-jobs-8/store/2hs3ivvsjcq0n8x6rmfd7zild4871s5k-leaf-3.drv.drv","/tmp/casita-chain-rerun-l2oceybd/round-1-baseline/chain-round-1-jobs-8/store/2kwgva0vfyrn4xl5bidm7qhmn9vxhbkp-leaf-3.drv.drv"],"id":709017496190988,"level":3,"parent":0,"text":"resolved derivation: '/tmp/casita-chain-rerun-l2oceybd/round-1-baseline/chain-round-1-jobs-8/store/2hs3ivvsjcq0n8x6rmfd7zild4871s5k-leaf-3.drv.drv' -> '/tmp/casita-chain-rerun-l2oceybd/round-1-baseline/chain-round-1-jobs-8/store/2kwgva0vfyrn4xl5bidm7qhmn9vxhbkp-leaf-3.drv.drv'","type":111}
@nix {"action":"result","fields":[8,38,0,0],"id":709017496190978,"type":105}
@nix {"action":"result","fields":[0,0,0,0],"id":709017496190979,"type":105}
@nix {"action":"result","fields":[101,0],"id":709017496190977,"type":106}
@nix {"action":"result","fields":[100,0],"id":709017496190977,"type":106}
@nix {"action":"start","fields":["/tmp/casita-chain-rerun-l2oceybd/round-1-baseline/chain-round-1-jobs-8/store/2kwgva0vfyrn4xl5bidm7qhmn9vxhbkp-leaf-3.drv.drv","",1,1],"id":709017496190989,"level":3,"parent":0,"text":"building '/tmp/casita-chain-rerun-l2oceybd/round-1-baseline/chain-round-1-jobs-8/store/2kwgva0vfyrn4xl5bidm7qhmn9vxhbkp-leaf-3.drv.drv'","type":105}
@nix {"action":"result","fields":[8,38,1,0],"id":709017496190978,"type":105}
@nix {"action":"result","fields":[0,0,0,0],"id":709017496190979,"type":105}
@nix {"action":"result","fields":[101,0],"id":709017496190977,"type":106}
@nix {"action":"result","fields":[100,0],"id":709017496190977,"type":106}
@nix {"action":"result","fields":[9,39,0,0],"id":709017496190978,"type":105}
@nix {"action":"result","fields":[0,0,0,0],"id":709017496190979,"type":105}
@nix {"action":"result","fields":[101,0],"id":709017496190977,"type":106}
@nix {"action":"result","fields":[100,0],"id":709017496190977,"type":106}
@nix {"action":"stop","id":709017496190989}
@nix {"action":"result","fields":[10,39,0,0],"id":709017496190978,"type":105}
@nix {"action":"result","fields":[0,0,0,0],"id":709017496190979,"type":105}
@nix {"action":"result","fields":[101,0],"id":709017496190977,"type":106}
@nix {"action":"result","fields":[100,0],"id":709017496190977,"type":106}
@nix {"action":"stop","id":709017496190988}
@nix {"action":"result","fields":[10,39,0,0],"id":709017496190978,"type":105}
@nix {"action":"result","fields":[0,0,0,0],"id":709017496190979,"type":105}
@nix {"action":"result","fields":[101,0],"id":709017496190977,"type":106}
@nix {"action":"result","fields":[100,0],"id":709017496190977,"type":106}
@nix {"action":"start","fields":["/tmp/casita-chain-rerun-l2oceybd/round-1-baseline/chain-round-1-jobs-8/store/jbrxz9x6x5p5gwm48l23crlddcslny7i-leaf-3.drv","",1,1],"id":709017496190990,"level":3,"parent":0,"text":"building '/tmp/casita-chain-rerun-l2oceybd/round-1-baseline/chain-round-1-jobs-8/store/jbrxz9x6x5p5gwm48l23crlddcslny7i-leaf-3.drv'","type":105}
@nix {"action":"result","fields":[10,39,1,0],"id":709017496190978,"type":105}
@nix {"action":"result","fields":[0,0,0,0],"id":709017496190979,"type":105}
@nix {"action":"result","fields":[101,0],"id":709017496190977,"type":106}
@nix {"action":"result","fields":[100,0],"id":709017496190977,"type":106}
@nix {"action":"result","fields":[11,40,0,0],"id":709017496190978,"type":105}
@nix {"action":"result","fields":[0,0,0,0],"id":709017496190979,"type":105}
@nix {"action":"result","fields":[101,0],"id":709017496190977,"type":106}
@nix {"action":"result","fields":[100,0],"id":709017496190977,"type":106}
@nix {"action":"stop","id":709017496190990}
@nix {"action":"start","fields":["/tmp/casita-chain-rerun-l2oceybd/round-1-baseline/chain-round-1-jobs-8/store/jyirv275gbrxw8ll6ir7iafi64h6dx6a-leaf-4.drv.drv","/tmp/casita-chain-rerun-l2oceybd/round-1-baseline/chain-round-1-jobs-8/store/hiqikp3il9gbappdcyaq5l7i12yia527-leaf-4.drv.drv"],"id":709017496190991,"level":3,"parent":0,"text":"resolved derivation: '/tmp/casita-chain-rerun-l2oceybd/round-1-baseline/chain-round-1-jobs-8/store/jyirv275gbrxw8ll6ir7iafi64h6dx6a-leaf-4.drv.drv' -> '/tmp/casita-chain-rerun-l2oceybd/round-1-baseline/chain-round-1-jobs-8/store/hiqikp3il9gbappdcyaq5l7i12yia527-leaf-4.drv.drv'","type":111}
@nix {"action":"result","fields":[11,40,0,0],"id":709017496190978,"type":105}
@nix {"action":"result","fields":[0,0,0,0],"id":709017496190979,"type":105}
@nix {"action":"result","fields":[101,0],"id":709017496190977,"type":106}
@nix {"action":"result","fields":[100,0],"id":709017496190977,"type":106}
@nix {"action":"start","fields":["/tmp/casita-chain-rerun-l2oceybd/round-1-baseline/chain-round-1-jobs-8/store/hiqikp3il9gbappdcyaq5l7i12yia527-leaf-4.drv.drv","",1,1],"id":709017496190992,"level":3,"parent":0,"text":"building '/tmp/casita-chain-rerun-l2oceybd/round-1-baseline/chain-round-1-jobs-8/store/hiqikp3il9gbappdcyaq5l7i12yia527-leaf-4.drv.drv'","type":105}
@nix {"action":"result","fields":[11,40,1,0],"id":709017496190978,"type":105}
@nix {"action":"result","fields":[0,0,0,0],"id":709017496190979,"type":105}
@nix {"action":"result","fields":[101,0],"id":709017496190977,"type":106}
@nix {"action":"result","fields":[100,0],"id":709017496190977,"type":106}
@nix {"action":"result","fields":[12,41,0,0],"id":709017496190978,"type":105}
@nix {"action":"result","fields":[0,0,0,0],"id":709017496190979,"type":105}
@nix {"action":"result","fields":[101,0],"id":709017496190977,"type":106}
@nix {"action":"result","fields":[100,0],"id":709017496190977,"type":106}
@nix {"action":"stop","id":709017496190992}
@nix {"action":"result","fields":[13,41,0,0],"id":709017496190978,"type":105}
@nix {"action":"result","fields":[0,0,0,0],"id":709017496190979,"type":105}
@nix {"action":"result","fields":[101,0],"id":709017496190977,"type":106}
@nix {"action":"result","fields":[100,0],"id":709017496190977,"type":106}
@nix {"action":"stop","id":709017496190991}
@nix {"action":"result","fields":[13,41,0,0],"id":709017496190978,"type":105}
@nix {"action":"result","fields":[0,0,0,0],"id":709017496190979,"type":105}
@nix {"action":"result","fields":[101,0],"id":709017496190977,"type":106}
@nix {"action":"result","fields":[100,0],"id":709017496190977,"type":106}
@nix {"action":"start","fields":["/tmp/casita-chain-rerun-l2oceybd/round-1-baseline/chain-round-1-jobs-8/store/dnxk5glrxw9pb5hfva1y42rawdb8hsrg-leaf-4.drv","",1,1],"id":709017496190993,"level":3,"parent":0,"text":"building '/tmp/casita-chain-rerun-l2oceybd/round-1-baseline/chain-round-1-jobs-8/store/dnxk5glrxw9pb5hfva1y42rawdb8hsrg-leaf-4.drv'","type":105}
@nix {"action":"result","fields":[13,41,1,0],"id":709017496190978,"type":105}
@nix {"action":"result","fields":[0,0,0,0],"id":709017496190979,"type":105}
@nix {"action":"result","fields":[101,0],"id":709017496190977,"type":106}
@nix {"action":"result","fields":[100,0],"id":709017496190977,"type":106}
@nix {"action":"result","fields":[14,42,0,0],"id":709017496190978,"type":105}
@nix {"action":"result","fields":[0,0,0,0],"id":709017496190979,"type":105}
@nix {"action":"result","fields":[101,0],"id":709017496190977,"type":106}
@nix {"action":"result","fields":[100,0],"id":709017496190977,"type":106}
@nix {"action":"stop","id":709017496190993}
@nix {"action":"start","fields":["/tmp/casita-chain-rerun-l2oceybd/round-1-baseline/chain-round-1-jobs-8/store/zf7daackrw1cz7g7b9hq5jhz67lbyyay-leaf-5.drv.drv","/tmp/casita-chain-rerun-l2oceybd/round-1-baseline/chain-round-1-jobs-8/store/l1inl9jzgb0lg3c1p8mmc4zqg5kcbabh-leaf-5.drv.drv"],"id":709017496190994,"level":3,"parent":0,"text":"resolved derivation: '/tmp/casita-chain-rerun-l2oceybd/round-1-baseline/chain-round-1-jobs-8/store/zf7daackrw1cz7g7b9hq5jhz67lbyyay-leaf-5.drv.drv' -> '/tmp/casita-chain-rerun-l2oceybd/round-1-baseline/chain-round-1-jobs-8/store/l1inl9jzgb0lg3c1p8mmc4zqg5kcbabh-leaf-5.drv.drv'","type":111}
@nix {"action":"result","fields":[14,42,0,0],"id":709017496190978,"type":105}
@nix {"action":"result","fields":[0,0,0,0],"id":709017496190979,"type":105}
@nix {"action":"result","fields":[101,0],"id":709017496190977,"type":106}
@nix {"action":"result","fields":[100,0],"id":709017496190977,"type":106}
@nix {"action":"start","fields":["/tmp/casita-chain-rerun-l2oceybd/round-1-baseline/chain-round-1-jobs-8/store/l1inl9jzgb0lg3c1p8mmc4zqg5kcbabh-leaf-5.drv.drv","",1,1],"id":709017496190995,"level":3,"parent":0,"text":"building '/tmp/casita-chain-rerun-l2oceybd/round-1-baseline/chain-round-1-jobs-8/store/l1inl9jzgb0lg3c1p8mmc4zqg5kcbabh-leaf-5.drv.drv'","type":105}
@nix {"action":"result","fields":[14,42,1,0],"id":709017496190978,"type":105}
@nix {"action":"result","fields":[0,0,0,0],"id":709017496190979,"type":105}
@nix {"action":"result","fields":[101,0],"id":709017496190977,"type":106}
@nix {"action":"result","fields":[100,0],"id":709017496190977,"type":106}
@nix {"action":"result","fields":[15,43,0,0],"id":709017496190978,"type":105}
@nix {"action":"result","fields":[0,0,0,0],"id":709017496190979,"type":105}
@nix {"action":"result","fields":[101,0],"id":709017496190977,"type":106}
@nix {"action":"result","fields":[100,0],"id":709017496190977,"type":106}
@nix {"action":"stop","id":709017496190995}
@nix {"action":"result","fields":[16,43,0,0],"id":709017496190978,"type":105}
@nix {"action":"result","fields":[0,0,0,0],"id":709017496190979,"type":105}
@nix {"action":"result","fields":[101,0],"id":709017496190977,"type":106}
@nix {"action":"result","fields":[100,0],"id":709017496190977,"type":106}
@nix {"action":"stop","id":709017496190994}
@nix {"action":"result","fields":[16,43,0,0],"id":709017496190978,"type":105}
@nix {"action":"result","fields":[0,0,0,0],"id":709017496190979,"type":105}
@nix {"action":"result","fields":[101,0],"id":709017496190977,"type":106}
@nix {"action":"result","fields":[100,0],"id":709017496190977,"type":106}
@nix {"action":"start","fields":["/tmp/casita-chain-rerun-l2oceybd/round-1-baseline/chain-round-1-jobs-8/store/y96vj467k46rvxj7awdbclhghkmb35jf-leaf-5.drv","",1,1],"id":709017496190996,"level":3,"parent":0,"text":"building '/tmp/casita-chain-rerun-l2oceybd/round-1-baseline/chain-round-1-jobs-8/store/y96vj467k46rvxj7awdbclhghkmb35jf-leaf-5.drv'","type":105}
@nix {"action":"result","fields":[16,43,1,0],"id":709017496190978,"type":105}
@nix {"action":"result","fields":[0,0,0,0],"id":709017496190979,"type":105}
@nix {"action":"result","fields":[101,0],"id":709017496190977,"type":106}
@nix {"action":"result","fields":[100,0],"id":709017496190977,"type":106}
@nix {"action":"result","fields":[17,44,0,0],"id":709017496190978,"type":105}
@nix {"action":"result","fields":[0,0,0,0],"id":709017496190979,"type":105}
@nix {"action":"result","fields":[101,0],"id":709017496190977,"type":106}
@nix {"action":"result","fields":[100,0],"id":709017496190977,"type":106}
@nix {"action":"stop","id":709017496190996}
@nix {"action":"start","fields":["/tmp/casita-chain-rerun-l2oceybd/round-1-baseline/chain-round-1-jobs-8/store/2xrc52qmz4jlvdp87yv134vqj0w1w734-leaf-6.drv.drv","/tmp/casita-chain-rerun-l2oceybd/round-1-baseline/chain-round-1-jobs-8/store/cf12yic7azzxx268xn58l3qf09qzv2cy-leaf-6.drv.drv"],"id":709017496190997,"level":3,"parent":0,"text":"resolved derivation: '/tmp/casita-chain-rerun-l2oceybd/round-1-baseline/chain-round-1-jobs-8/store/2xrc52qmz4jlvdp87yv134vqj0w1w734-leaf-6.drv.drv' -> '/tmp/casita-chain-rerun-l2oceybd/round-1-baseline/chain-round-1-jobs-8/store/cf12yic7azzxx268xn58l3qf09qzv2cy-leaf-6.drv.drv'","type":111}
@nix {"action":"result","fields":[17,44,0,0],"id":709017496190978,"type":105}
@nix {"action":"result","fields":[0,0,0,0],"id":709017496190979,"type":105}
@nix {"action":"result","fields":[101,0],"id":709017496190977,"type":106}
@nix {"action":"result","fields":[100,0],"id":709017496190977,"type":106}
@nix {"action":"start","fields":["/tmp/casita-chain-rerun-l2oceybd/round-1-baseline/chain-round-1-jobs-8/store/cf12yic7azzxx268xn58l3qf09qzv2cy-leaf-6.drv.drv","",1,1],"id":709017496190998,"level":3,"parent":0,"text":"building '/tmp/casita-chain-rerun-l2oceybd/round-1-baseline/chain-round-1-jobs-8/store/cf12yic7azzxx268xn58l3qf09qzv2cy-leaf-6.drv.drv'","type":105}
@nix {"action":"result","fields":[17,44,1,0],"id":709017496190978,"type":105}
@nix {"action":"result","fields":[0,0,0,0],"id":709017496190979,"type":105}
@nix {"action":"result","fields":[101,0],"id":709017496190977,"type":106}
@nix {"action":"result","fields":[100,0],"id":709017496190977,"type":106}
@nix {"action":"result","fields":[18,45,0,0],"id":709017496190978,"type":105}
@nix {"action":"result","fields":[0,0,0,0],"id":709017496190979,"type":105}
@nix {"action":"result","fields":[101,0],"id":709017496190977,"type":106}
@nix {"action":"result","fields":[100,0],"id":709017496190977,"type":106}
@nix {"action":"stop","id":709017496190998}
@nix {"action":"result","fields":[19,45,0,0],"id":709017496190978,"type":105}
@nix {"action":"result","fields":[0,0,0,0],"id":709017496190979,"type":105}
@nix {"action":"result","fields":[101,0],"id":709017496190977,"type":106}
@nix {"action":"result","fields":[100,0],"id":709017496190977,"type":106}
@nix {"action":"stop","id":709017496190997}
@nix {"action":"result","fields":[19,45,0,0],"id":709017496190978,"type":105}
@nix {"action":"result","fields":[0,0,0,0],"id":709017496190979,"type":105}
@nix {"action":"result","fields":[101,0],"id":709017496190977,"type":106}
@nix {"action":"result","fields":[100,0],"id":709017496190977,"type":106}
@nix {"action":"start","fields":["/tmp/casita-chain-rerun-l2oceybd/round-1-baseline/chain-round-1-jobs-8/store/gg5pgyr7bmi4zqwlj11bq0rk5k449zwh-leaf-6.drv","",1,1],"id":709017496190999,"level":3,"parent":0,"text":"building '/tmp/casita-chain-rerun-l2oceybd/round-1-baseline/chain-round-1-jobs-8/store/gg5pgyr7bmi4zqwlj11bq0rk5k449zwh-leaf-6.drv'","type":105}
@nix {"action":"result","fields":[19,45,1,0],"id":709017496190978,"type":105}
@nix {"action":"result","fields":[0,0,0,0],"id":709017496190979,"type":105}
@nix {"action":"result","fields":[101,0],"id":709017496190977,"type":106}
@nix {"action":"result","fields":[100,0],"id":709017496190977,"type":106}
@nix {"action":"result","fields":[20,46,0,0],"id":709017496190978,"type":105}
@nix {"action":"result","fields":[0,0,0,0],"id":709017496190979,"type":105}
@nix {"action":"result","fields":[101,0],"id":709017496190977,"type":106}
@nix {"action":"result","fields":[100,0],"id":709017496190977,"type":106}
@nix {"action":"stop","id":709017496190999}
@nix {"action":"start","fields":["/tmp/casita-chain-rerun-l2oceybd/round-1-baseline/chain-round-1-jobs-8/store/6mac6d41fpnc1z3j55l2al4mm8hkqbb1-leaf-7.drv.drv","/tmp/casita-chain-rerun-l2oceybd/round-1-baseline/chain-round-1-jobs-8/store/dm900hkllzf52iz5byqzlfdzjw6znb9p-leaf-7.drv.drv"],"id":709017496191000,"level":3,"parent":0,"text":"resolved derivation: '/tmp/casita-chain-rerun-l2oceybd/round-1-baseline/chain-round-1-jobs-8/store/6mac6d41fpnc1z3j55l2al4mm8hkqbb1-leaf-7.drv.drv' -> '/tmp/casita-chain-rerun-l2oceybd/round-1-baseline/chain-round-1-jobs-8/store/dm900hkllzf52iz5byqzlfdzjw6znb9p-leaf-7.drv.drv'","type":111}
@nix {"action":"result","fields":[20,46,0,0],"id":709017496190978,"type":105}
@nix {"action":"result","fields":[0,0,0,0],"id":709017496190979,"type":105}
@nix {"action":"result","fields":[101,0],"id":709017496190977,"type":106}
@nix {"action":"result","fields":[100,0],"id":709017496190977,"type":106}
@nix {"action":"start","fields":["/tmp/casita-chain-rerun-l2oceybd/round-1-baseline/chain-round-1-jobs-8/store/dm900hkllzf52iz5byqzlfdzjw6znb9p-leaf-7.drv.drv","",1,1],"id":709017496191001,"level":3,"parent":0,"text":"building '/tmp/casita-chain-rerun-l2oceybd/round-1-baseline/chain-round-1-jobs-8/store/dm900hkllzf52iz5byqzlfdzjw6znb9p-leaf-7.drv.drv'","type":105}
@nix {"action":"result","fields":[20,46,1,0],"id":709017496190978,"type":105}
@nix {"action":"result","fields":[0,0,0,0],"id":709017496190979,"type":105}
@nix {"action":"result","fields":[101,0],"id":709017496190977,"type":106}
@nix {"action":"result","fields":[100,0],"id":709017496190977,"type":106}
@nix {"action":"result","fields":[21,47,0,0],"id":709017496190978,"type":105}
@nix {"action":"result","fields":[0,0,0,0],"id":709017496190979,"type":105}
@nix {"action":"result","fields":[101,0],"id":709017496190977,"type":106}
@nix {"action":"result","fields":[100,0],"id":709017496190977,"type":106}
@nix {"action":"stop","id":709017496191001}
@nix {"action":"result","fields":[22,47,0,0],"id":709017496190978,"type":105}
@nix {"action":"result","fields":[0,0,0,0],"id":709017496190979,"type":105}
@nix {"action":"result","fields":[101,0],"id":709017496190977,"type":106}
@nix {"action":"result","fields":[100,0],"id":709017496190977,"type":106}
@nix {"action":"stop","id":709017496191000}
@nix {"action":"result","fields":[22,47,0,0],"id":709017496190978,"type":105}
@nix {"action":"result","fields":[0,0,0,0],"id":709017496190979,"type":105}
@nix {"action":"result","fields":[101,0],"id":709017496190977,"type":106}
@nix {"action":"result","fields":[100,0],"id":709017496190977,"type":106}
@nix {"action":"start","fields":["/tmp/casita-chain-rerun-l2oceybd/round-1-baseline/chain-round-1-jobs-8/store/7fscxphlm9hfyhx2pzp06ajzgyiblscf-leaf-7.drv","",1,1],"id":709017496191002,"level":3,"parent":0,"text":"building '/tmp/casita-chain-rerun-l2oceybd/round-1-baseline/chain-round-1-jobs-8/store/7fscxphlm9hfyhx2pzp06ajzgyiblscf-leaf-7.drv'","type":105}
@nix {"action":"result","fields":[22,47,1,0],"id":709017496190978,"type":105}
@nix {"action":"result","fields":[0,0,0,0],"id":709017496190979,"type":105}
@nix {"action":"result","fields":[101,0],"id":709017496190977,"type":106}
@nix {"action":"result","fields":[100,0],"id":709017496190977,"type":106}
@nix {"action":"result","fields":[23,48,0,0],"id":709017496190978,"type":105}
@nix {"action":"result","fields":[0,0,0,0],"id":709017496190979,"type":105}
@nix {"action":"result","fields":[101,0],"id":709017496190977,"type":106}
@nix {"action":"result","fields":[100,0],"id":709017496190977,"type":106}
@nix {"action":"stop","id":709017496191002}
@nix {"action":"start","fields":["/tmp/casita-chain-rerun-l2oceybd/round-1-baseline/chain-round-1-jobs-8/store/cdqfnnfqc285s1xzzbyw6w2kiy1pdd9k-leaf-8.drv.drv","/tmp/casita-chain-rerun-l2oceybd/round-1-baseline/chain-round-1-jobs-8/store/2fp4g960q1ya0r2h2c840c629fyfjkd9-leaf-8.drv.drv"],"id":709017496191003,"level":3,"parent":0,"text":"resolved derivation: '/tmp/casita-chain-rerun-l2oceybd/round-1-baseline/chain-round-1-jobs-8/store/cdqfnnfqc285s1xzzbyw6w2kiy1pdd9k-leaf-8.drv.drv' -> '/tmp/casita-chain-rerun-l2oceybd/round-1-baseline/chain-round-1-jobs-8/store/2fp4g960q1ya0r2h2c840c629fyfjkd9-leaf-8.drv.drv'","type":111}
@nix {"action":"result","fields":[23,48,0,0],"id":709017496190978,"type":105}
@nix {"action":"result","fields":[0,0,0,0],"id":709017496190979,"type":105}
@nix {"action":"result","fields":[101,0],"id":709017496190977,"type":106}
@nix {"action":"result","fields":[100,0],"id":709017496190977,"type":106}
@nix {"action":"start","fields":["/tmp/casita-chain-rerun-l2oceybd/round-1-baseline/chain-round-1-jobs-8/store/2fp4g960q1ya0r2h2c840c629fyfjkd9-leaf-8.drv.drv","",1,1],"id":709017496191004,"level":3,"parent":0,"text":"building '/tmp/casita-chain-rerun-l2oceybd/round-1-baseline/chain-round-1-jobs-8/store/2fp4g960q1ya0r2h2c840c629fyfjkd9-leaf-8.drv.drv'","type":105}
@nix {"action":"result","fields":[23,48,1,0],"id":709017496190978,"type":105}
@nix {"action":"result","fields":[0,0,0,0],"id":709017496190979,"type":105}
@nix {"action":"result","fields":[101,0],"id":709017496190977,"type":106}
@nix {"action":"result","fields":[100,0],"id":709017496190977,"type":106}
@nix {"action":"result","fields":[24,49,0,0],"id":709017496190978,"type":105}
@nix {"action":"result","fields":[0,0,0,0],"id":709017496190979,"type":105}
@nix {"action":"result","fields":[101,0],"id":709017496190977,"type":106}
@nix {"action":"result","fields":[100,0],"id":709017496190977,"type":106}
@nix {"action":"stop","id":709017496191004}
@nix {"action":"result","fields":[25,49,0,0],"id":709017496190978,"type":105}
@nix {"action":"result","fields":[0,0,0,0],"id":709017496190979,"type":105}
@nix {"action":"result","fields":[101,0],"id":709017496190977,"type":106}
@nix {"action":"result","fields":[100,0],"id":709017496190977,"type":106}
@nix {"action":"stop","id":709017496191003}
@nix {"action":"result","fields":[25,49,0,0],"id":709017496190978,"type":105}
@nix {"action":"result","fields":[0,0,0,0],"id":709017496190979,"type":105}
@nix {"action":"result","fields":[101,0],"id":709017496190977,"type":106}
@nix {"action":"result","fields":[100,0],"id":709017496190977,"type":106}
@nix {"action":"start","fields":["/tmp/casita-chain-rerun-l2oceybd/round-1-baseline/chain-round-1-jobs-8/store/57hb2argh841l94vaqwny3dnaflbkird-leaf-8.drv","",1,1],"id":709017496191005,"level":3,"parent":0,"text":"building '/tmp/casita-chain-rerun-l2oceybd/round-1-baseline/chain-round-1-jobs-8/store/57hb2argh841l94vaqwny3dnaflbkird-leaf-8.drv'","type":105}
@nix {"action":"result","fields":[25,49,1,0],"id":709017496190978,"type":105}
@nix {"action":"result","fields":[0,0,0,0],"id":709017496190979,"type":105}
@nix {"action":"result","fields":[101,0],"id":709017496190977,"type":106}
@nix {"action":"result","fields":[100,0],"id":709017496190977,"type":106}
@nix {"action":"result","fields":[26,50,0,0],"id":709017496190978,"type":105}
@nix {"action":"result","fields":[0,0,0,0],"id":709017496190979,"type":105}
@nix {"action":"result","fields":[101,0],"id":709017496190977,"type":106}
@nix {"action":"result","fields":[100,0],"id":709017496190977,"type":106}
@nix {"action":"stop","id":709017496191005}
@nix {"action":"start","fields":["/tmp/casita-chain-rerun-l2oceybd/round-1-baseline/chain-round-1-jobs-8/store/kczwx297frsmrfc2x9w14q5xjc2dswi8-leaf-9.drv.drv","/tmp/casita-chain-rerun-l2oceybd/round-1-baseline/chain-round-1-jobs-8/store/42lkhandqwr8lw30zwmzvcnjd6560ls8-leaf-9.drv.drv"],"id":709017496191006,"level":3,"parent":0,"text":"resolved derivation: '/tmp/casita-chain-rerun-l2oceybd/round-1-baseline/chain-round-1-jobs-8/store/kczwx297frsmrfc2x9w14q5xjc2dswi8-leaf-9.drv.drv' -> '/tmp/casita-chain-rerun-l2oceybd/round-1-baseline/chain-round-1-jobs-8/store/42lkhandqwr8lw30zwmzvcnjd6560ls8-leaf-9.drv.drv'","type":111}
@nix {"action":"result","fields":[26,50,0,0],"id":709017496190978,"type":105}
@nix {"action":"result","fields":[0,0,0,0],"id":709017496190979,"type":105}
@nix {"action":"result","fields":[101,0],"id":709017496190977,"type":106}
@nix {"action":"result","fields":[100,0],"id":709017496190977,"type":106}
@nix {"action":"start","fields":["/tmp/casita-chain-rerun-l2oceybd/round-1-baseline/chain-round-1-jobs-8/store/42lkhandqwr8lw30zwmzvcnjd6560ls8-leaf-9.drv.drv","",1,1],"id":709017496191007,"level":3,"parent":0,"text":"building '/tmp/casita-chain-rerun-l2oceybd/round-1-baseline/chain-round-1-jobs-8/store/42lkhandqwr8lw30zwmzvcnjd6560ls8-leaf-9.drv.drv'","type":105}
@nix {"action":"result","fields":[26,50,1,0],"id":709017496190978,"type":105}
@nix {"action":"result","fields":[0,0,0,0],"id":709017496190979,"type":105}
@nix {"action":"result","fields":[101,0],"id":709017496190977,"type":106}
@nix {"action":"result","fields":[100,0],"id":709017496190977,"type":106}
@nix {"action":"result","fields":[27,51,0,0],"id":709017496190978,"type":105}
@nix {"action":"result","fields":[0,0,0,0],"id":709017496190979,"type":105}
@nix {"action":"result","fields":[101,0],"id":709017496190977,"type":106}
@nix {"action":"result","fields":[100,0],"id":709017496190977,"type":106}
@nix {"action":"stop","id":709017496191007}
@nix {"action":"result","fields":[28,51,0,0],"id":709017496190978,"type":105}
@nix {"action":"result","fields":[0,0,0,0],"id":709017496190979,"type":105}
@nix {"action":"result","fields":[101,0],"id":709017496190977,"type":106}
@nix {"action":"result","fields":[100,0],"id":709017496190977,"type":106}
@nix {"action":"stop","id":709017496191006}
@nix {"action":"result","fields":[28,51,0,0],"id":709017496190978,"type":105}
@nix {"action":"result","fields":[0,0,0,0],"id":709017496190979,"type":105}
@nix {"action":"result","fields":[101,0],"id":709017496190977,"type":106}
@nix {"action":"result","fields":[100,0],"id":709017496190977,"type":106}
@nix {"action":"start","fields":["/tmp/casita-chain-rerun-l2oceybd/round-1-baseline/chain-round-1-jobs-8/store/3shljlnvl2qrm5mzhrqzs5n15yjk4nks-leaf-9.drv","",1,1],"id":709017496191008,"level":3,"parent":0,"text":"building '/tmp/casita-chain-rerun-l2oceybd/round-1-baseline/chain-round-1-jobs-8/store/3shljlnvl2qrm5mzhrqzs5n15yjk4nks-leaf-9.drv'","type":105}
@nix {"action":"result","fields":[28,51,1,0],"id":709017496190978,"type":105}
@nix {"action":"result","fields":[0,0,0,0],"id":709017496190979,"type":105}
@nix {"action":"result","fields":[101,0],"id":709017496190977,"type":106}
@nix {"action":"result","fields":[100,0],"id":709017496190977,"type":106}
@nix {"action":"result","fields":[29,52,0,0],"id":709017496190978,"type":105}
@nix {"action":"result","fields":[0,0,0,0],"id":709017496190979,"type":105}
@nix {"action":"result","fields":[101,0],"id":709017496190977,"type":106}
@nix {"action":"result","fields":[100,0],"id":709017496190977,"type":106}
@nix {"action":"stop","id":709017496191008}
@nix {"action":"start","fields":["/tmp/casita-chain-rerun-l2oceybd/round-1-baseline/chain-round-1-jobs-8/store/q3qg6prccfp7r9smd53v2n536nq3rxki-leaf-10.drv.drv","/tmp/casita-chain-rerun-l2oceybd/round-1-baseline/chain-round-1-jobs-8/store/sr18n1vkyycb8992z16if2qs6h1ybdcc-leaf-10.drv.drv"],"id":709017496191009,"level":3,"parent":0,"text":"resolved derivation: '/tmp/casita-chain-rerun-l2oceybd/round-1-baseline/chain-round-1-jobs-8/store/q3qg6prccfp7r9smd53v2n536nq3rxki-leaf-10.drv.drv' -> '/tmp/casita-chain-rerun-l2oceybd/round-1-baseline/chain-round-1-jobs-8/store/sr18n1vkyycb8992z16if2qs6h1ybdcc-leaf-10.drv.drv'","type":111}
@nix {"action":"result","fields":[29,52,0,0],"id":709017496190978,"type":105}
@nix {"action":"result","fields":[0,0,0,0],"id":709017496190979,"type":105}
@nix {"action":"result","fields":[101,0],"id":709017496190977,"type":106}
@nix {"action":"result","fields":[100,0],"id":709017496190977,"type":106}
@nix {"action":"start","fields":["/tmp/casita-chain-rerun-l2oceybd/round-1-baseline/chain-round-1-jobs-8/store/sr18n1vkyycb8992z16if2qs6h1ybdcc-leaf-10.drv.drv","",1,1],"id":709017496191010,"level":3,"parent":0,"text":"building '/tmp/casita-chain-rerun-l2oceybd/round-1-baseline/chain-round-1-jobs-8/store/sr18n1vkyycb8992z16if2qs6h1ybdcc-leaf-10.drv.drv'","type":105}
@nix {"action":"result","fields":[29,52,1,0],"id":709017496190978,"type":105}
@nix {"action":"result","fields":[0,0,0,0],"id":709017496190979,"type":105}
@nix {"action":"result","fields":[101,0],"id":709017496190977,"type":106}
@nix {"action":"result","fields":[100,0],"id":709017496190977,"type":106}
@nix {"action":"result","fields":[30,53,0,0],"id":709017496190978,"type":105}
@nix {"action":"result","fields":[0,0,0,0],"id":709017496190979,"type":105}
@nix {"action":"result","fields":[101,0],"id":709017496190977,"type":106}
@nix {"action":"result","fields":[100,0],"id":709017496190977,"type":106}
@nix {"action":"stop","id":709017496191010}
@nix {"action":"result","fields":[31,53,0,0],"id":709017496190978,"type":105}
@nix {"action":"result","fields":[0,0,0,0],"id":709017496190979,"type":105}
@nix {"action":"result","fields":[101,0],"id":709017496190977,"type":106}
@nix {"action":"result","fields":[100,0],"id":709017496190977,"type":106}
@nix {"action":"stop","id":709017496191009}
@nix {"action":"result","fields":[31,53,0,0],"id":709017496190978,"type":105}
@nix {"action":"result","fields":[0,0,0,0],"id":709017496190979,"type":105}
@nix {"action":"result","fields":[101,0],"id":709017496190977,"type":106}
@nix {"action":"result","fields":[100,0],"id":709017496190977,"type":106}
@nix {"action":"start","fields":["/tmp/casita-chain-rerun-l2oceybd/round-1-baseline/chain-round-1-jobs-8/store/6p7z3j6z3ynfrkx60znhg1lr8zi2qlf7-leaf-10.drv","",1,1],"id":709017496191011,"level":3,"parent":0,"text":"building '/tmp/casita-chain-rerun-l2oceybd/round-1-baseline/chain-round-1-jobs-8/store/6p7z3j6z3ynfrkx60znhg1lr8zi2qlf7-leaf-10.drv'","type":105}
@nix {"action":"result","fields":[31,53,1,0],"id":709017496190978,"type":105}
@nix {"action":"result","fields":[0,0,0,0],"id":709017496190979,"type":105}
@nix {"action":"result","fields":[101,0],"id":709017496190977,"type":106}
@nix {"action":"result","fields":[100,0],"id":709017496190977,"type":106}
@nix {"action":"result","fields":[32,54,0,0],"id":709017496190978,"type":105}
@nix {"action":"result","fields":[0,0,0,0],"id":709017496190979,"type":105}
@nix {"action":"result","fields":[101,0],"id":709017496190977,"type":106}
@nix {"action":"result","fields":[100,0],"id":709017496190977,"type":106}
@nix {"action":"stop","id":709017496191011}
@nix {"action":"start","fields":["/tmp/casita-chain-rerun-l2oceybd/round-1-baseline/chain-round-1-jobs-8/store/bwhz1gg0m7ywqk7p8zababvmb4zqk2vh-leaf-11.drv.drv","/tmp/casita-chain-rerun-l2oceybd/round-1-baseline/chain-round-1-jobs-8/store/h7vd18y4nhd802qnliflprvhljfglz6v-leaf-11.drv.drv"],"id":709017496191012,"level":3,"parent":0,"text":"resolved derivation: '/tmp/casita-chain-rerun-l2oceybd/round-1-baseline/chain-round-1-jobs-8/store/bwhz1gg0m7ywqk7p8zababvmb4zqk2vh-leaf-11.drv.drv' -> '/tmp/casita-chain-rerun-l2oceybd/round-1-baseline/chain-round-1-jobs-8/store/h7vd18y4nhd802qnliflprvhljfglz6v-leaf-11.drv.drv'","type":111}
@nix {"action":"result","fields":[32,54,0,0],"id":709017496190978,"type":105}
@nix {"action":"result","fields":[0,0,0,0],"id":709017496190979,"type":105}
@nix {"action":"result","fields":[101,0],"id":709017496190977,"type":106}
@nix {"action":"result","fields":[100,0],"id":709017496190977,"type":106}
@nix {"action":"start","fields":["/tmp/casita-chain-rerun-l2oceybd/round-1-baseline/chain-round-1-jobs-8/store/h7vd18y4nhd802qnliflprvhljfglz6v-leaf-11.drv.drv","",1,1],"id":709017496191013,"level":3,"parent":0,"text":"building '/tmp/casita-chain-rerun-l2oceybd/round-1-baseline/chain-round-1-jobs-8/store/h7vd18y4nhd802qnliflprvhljfglz6v-leaf-11.drv.drv'","type":105}
@nix {"action":"result","fields":[32,54,1,0],"id":709017496190978,"type":105}
@nix {"action":"result","fields":[0,0,0,0],"id":709017496190979,"type":105}
@nix {"action":"result","fields":[101,0],"id":709017496190977,"type":106}
@nix {"action":"result","fields":[100,0],"id":709017496190977,"type":106}
@nix {"action":"result","fields":[33,55,0,0],"id":709017496190978,"type":105}
@nix {"action":"result","fields":[0,0,0,0],"id":709017496190979,"type":105}
@nix {"action":"result","fields":[101,0],"id":709017496190977,"type":106}
@nix {"action":"result","fields":[100,0],"id":709017496190977,"type":106}
@nix {"action":"stop","id":709017496191013}
@nix {"action":"result","fields":[34,55,0,0],"id":709017496190978,"type":105}
@nix {"action":"result","fields":[0,0,0,0],"id":709017496190979,"type":105}
@nix {"action":"result","fields":[101,0],"id":709017496190977,"type":106}
@nix {"action":"result","fields":[100,0],"id":709017496190977,"type":106}
@nix {"action":"stop","id":709017496191012}
@nix {"action":"result","fields":[34,55,0,0],"id":709017496190978,"type":105}
@nix {"action":"result","fields":[0,0,0,0],"id":709017496190979,"type":105}
@nix {"action":"result","fields":[101,0],"id":709017496190977,"type":106}
@nix {"action":"result","fields":[100,0],"id":709017496190977,"type":106}
@nix {"action":"start","fields":["/tmp/casita-chain-rerun-l2oceybd/round-1-baseline/chain-round-1-jobs-8/store/idz1x5kc0sg618hfgw8lcf1hf7h6sqv3-leaf-11.drv","",1,1],"id":709017496191014,"level":3,"parent":0,"text":"building '/tmp/casita-chain-rerun-l2oceybd/round-1-baseline/chain-round-1-jobs-8/store/idz1x5kc0sg618hfgw8lcf1hf7h6sqv3-leaf-11.drv'","type":105}
@nix {"action":"result","fields":[34,55,1,0],"id":709017496190978,"type":105}
@nix {"action":"result","fields":[0,0,0,0],"id":709017496190979,"type":105}
@nix {"action":"result","fields":[101,0],"id":709017496190977,"type":106}
@nix {"action":"result","fields":[100,0],"id":709017496190977,"type":106}
@nix {"action":"result","fields":[35,56,0,0],"id":709017496190978,"type":105}
@nix {"action":"result","fields":[0,0,0,0],"id":709017496190979,"type":105}
@nix {"action":"result","fields":[101,0],"id":709017496190977,"type":106}
@nix {"action":"result","fields":[100,0],"id":709017496190977,"type":106}
@nix {"action":"stop","id":709017496191014}
@nix {"action":"start","fields":["/tmp/casita-chain-rerun-l2oceybd/round-1-baseline/chain-round-1-jobs-8/store/mvp8302q26gb6jhj21x02bfyfxsdm92q-leaf-12.drv.drv","/tmp/casita-chain-rerun-l2oceybd/round-1-baseline/chain-round-1-jobs-8/store/0s693ma1hldny0ciiv1a9vxbzxil2rcb-leaf-12.drv.drv"],"id":709017496191015,"level":3,"parent":0,"text":"resolved derivation: '/tmp/casita-chain-rerun-l2oceybd/round-1-baseline/chain-round-1-jobs-8/store/mvp8302q26gb6jhj21x02bfyfxsdm92q-leaf-12.drv.drv' -> '/tmp/casita-chain-rerun-l2oceybd/round-1-baseline/chain-round-1-jobs-8/store/0s693ma1hldny0ciiv1a9vxbzxil2rcb-leaf-12.drv.drv'","type":111}
@nix {"action":"result","fields":[35,56,0,0],"id":709017496190978,"type":105}
@nix {"action":"result","fields":[0,0,0,0],"id":709017496190979,"type":105}
@nix {"action":"result","fields":[101,0],"id":709017496190977,"type":106}
@nix {"action":"result","fields":[100,0],"id":709017496190977,"type":106}
@nix {"action":"start","fields":["/tmp/casita-chain-rerun-l2oceybd/round-1-baseline/chain-round-1-jobs-8/store/0s693ma1hldny0ciiv1a9vxbzxil2rcb-leaf-12.drv.drv","",1,1],"id":709017496191016,"level":3,"parent":0,"text":"building '/tmp/casita-chain-rerun-l2oceybd/round-1-baseline/chain-round-1-jobs-8/store/0s693ma1hldny0ciiv1a9vxbzxil2rcb-leaf-12.drv.drv'","type":105}
@nix {"action":"result","fields":[35,56,1,0],"id":709017496190978,"type":105}
@nix {"action":"result","fields":[0,0,0,0],"id":709017496190979,"type":105}
@nix {"action":"result","fields":[101,0],"id":709017496190977,"type":106}
@nix {"action":"result","fields":[100,0],"id":709017496190977,"type":106}
@nix {"action":"result","fields":[36,57,0,0],"id":709017496190978,"type":105}
@nix {"action":"result","fields":[0,0,0,0],"id":709017496190979,"type":105}
@nix {"action":"result","fields":[101,0],"id":709017496190977,"type":106}
@nix {"action":"result","fields":[100,0],"id":709017496190977,"type":106}
@nix {"action":"stop","id":709017496191016}
@nix {"action":"result","fields":[37,57,0,0],"id":709017496190978,"type":105}
@nix {"action":"result","fields":[0,0,0,0],"id":709017496190979,"type":105}
@nix {"action":"result","fields":[101,0],"id":709017496190977,"type":106}
@nix {"action":"result","fields":[100,0],"id":709017496190977,"type":106}
@nix {"action":"stop","id":709017496191015}
@nix {"action":"result","fields":[37,57,0,0],"id":709017496190978,"type":105}
@nix {"action":"result","fields":[0,0,0,0],"id":709017496190979,"type":105}
@nix {"action":"result","fields":[101,0],"id":709017496190977,"type":106}
@nix {"action":"result","fields":[100,0],"id":709017496190977,"type":106}
@nix {"action":"start","fields":["/tmp/casita-chain-rerun-l2oceybd/round-1-baseline/chain-round-1-jobs-8/store/29i8j4hkp574lbyj8y9d5fpkn6x68cgl-leaf-12.drv","",1,1],"id":709017496191017,"level":3,"parent":0,"text":"building '/tmp/casita-chain-rerun-l2oceybd/round-1-baseline/chain-round-1-jobs-8/store/29i8j4hkp574lbyj8y9d5fpkn6x68cgl-leaf-12.drv'","type":105}
@nix {"action":"result","fields":[37,57,1,0],"id":709017496190978,"type":105}
@nix {"action":"result","fields":[0,0,0,0],"id":709017496190979,"type":105}
@nix {"action":"result","fields":[101,0],"id":709017496190977,"type":106}
@nix {"action":"result","fields":[100,0],"id":709017496190977,"type":106}
@nix {"action":"result","fields":[38,58,0,0],"id":709017496190978,"type":105}
@nix {"action":"result","fields":[0,0,0,0],"id":709017496190979,"type":105}
@nix {"action":"result","fields":[101,0],"id":709017496190977,"type":106}
@nix {"action":"result","fields":[100,0],"id":709017496190977,"type":106}
@nix {"action":"stop","id":709017496191017}
@nix {"action":"start","fields":["/tmp/casita-chain-rerun-l2oceybd/round-1-baseline/chain-round-1-jobs-8/store/8i9g3zk373s12f1lr8b5201pdv845glc-leaf-13.drv.drv","/tmp/casita-chain-rerun-l2oceybd/round-1-baseline/chain-round-1-jobs-8/store/vi5mfqj70vhywlr8rg7rvdi9whaxpr3x-leaf-13.drv.drv"],"id":709017496191018,"level":3,"parent":0,"text":"resolved derivation: '/tmp/casita-chain-rerun-l2oceybd/round-1-baseline/chain-round-1-jobs-8/store/8i9g3zk373s12f1lr8b5201pdv845glc-leaf-13.drv.drv' -> '/tmp/casita-chain-rerun-l2oceybd/round-1-baseline/chain-round-1-jobs-8/store/vi5mfqj70vhywlr8rg7rvdi9whaxpr3x-leaf-13.drv.drv'","type":111}
@nix {"action":"result","fields":[38,58,0,0],"id":709017496190978,"type":105}
@nix {"action":"result","fields":[0,0,0,0],"id":709017496190979,"type":105}
@nix {"action":"result","fields":[101,0],"id":709017496190977,"type":106}
@nix {"action":"result","fields":[100,0],"id":709017496190977,"type":106}
@nix {"action":"start","fields":["/tmp/casita-chain-rerun-l2oceybd/round-1-baseline/chain-round-1-jobs-8/store/vi5mfqj70vhywlr8rg7rvdi9whaxpr3x-leaf-13.drv.drv","",1,1],"id":709017496191019,"level":3,"parent":0,"text":"building '/tmp/casita-chain-rerun-l2oceybd/round-1-baseline/chain-round-1-jobs-8/store/vi5mfqj70vhywlr8rg7rvdi9whaxpr3x-leaf-13.drv.drv'","type":105}
@nix {"action":"result","fields":[38,58,1,0],"id":709017496190978,"type":105}
@nix {"action":"result","fields":[0,0,0,0],"id":709017496190979,"type":105}
@nix {"action":"result","fields":[101,0],"id":709017496190977,"type":106}
@nix {"action":"result","fields":[100,0],"id":709017496190977,"type":106}
@nix {"action":"result","fields":[39,59,0,0],"id":709017496190978,"type":105}
@nix {"action":"result","fields":[0,0,0,0],"id":709017496190979,"type":105}
@nix {"action":"result","fields":[101,0],"id":709017496190977,"type":106}
@nix {"action":"result","fields":[100,0],"id":709017496190977,"type":106}
@nix {"action":"stop","id":709017496191019}
@nix {"action":"result","fields":[40,59,0,0],"id":709017496190978,"type":105}
@nix {"action":"result","fields":[0,0,0,0],"id":709017496190979,"type":105}
@nix {"action":"result","fields":[101,0],"id":709017496190977,"type":106}
@nix {"action":"result","fields":[100,0],"id":709017496190977,"type":106}
@nix {"action":"stop","id":709017496191018}
@nix {"action":"result","fields":[40,59,0,0],"id":709017496190978,"type":105}
@nix {"action":"result","fields":[0,0,0,0],"id":709017496190979,"type":105}
@nix {"action":"result","fields":[101,0],"id":709017496190977,"type":106}
@nix {"action":"result","fields":[100,0],"id":709017496190977,"type":106}
@nix {"action":"start","fields":["/tmp/casita-chain-rerun-l2oceybd/round-1-baseline/chain-round-1-jobs-8/store/4qv51ywyd0a0saks971yhjbn3fh5k496-leaf-13.drv","",1,1],"id":709017496191020,"level":3,"parent":0,"text":"building '/tmp/casita-chain-rerun-l2oceybd/round-1-baseline/chain-round-1-jobs-8/store/4qv51ywyd0a0saks971yhjbn3fh5k496-leaf-13.drv'","type":105}
@nix {"action":"result","fields":[40,59,1,0],"id":709017496190978,"type":105}
@nix {"action":"result","fields":[0,0,0,0],"id":709017496190979,"type":105}
@nix {"action":"result","fields":[101,0],"id":709017496190977,"type":106}
@nix {"action":"result","fields":[100,0],"id":709017496190977,"type":106}
@nix {"action":"result","fields":[41,60,0,0],"id":709017496190978,"type":105}
@nix {"action":"result","fields":[0,0,0,0],"id":709017496190979,"type":105}
@nix {"action":"result","fields":[101,0],"id":709017496190977,"type":106}
@nix {"action":"result","fields":[100,0],"id":709017496190977,"type":106}
@nix {"action":"stop","id":709017496191020}
@nix {"action":"start","fields":["/tmp/casita-chain-rerun-l2oceybd/round-1-baseline/chain-round-1-jobs-8/store/3fk28wlb8g9nnb057pdjzhsbnagzhhaa-leaf-14.drv.drv","/tmp/casita-chain-rerun-l2oceybd/round-1-baseline/chain-round-1-jobs-8/store/ls48pdr5139214222i9xlhn85nci8mhs-leaf-14.drv.drv"],"id":709017496191021,"level":3,"parent":0,"text":"resolved derivation: '/tmp/casita-chain-rerun-l2oceybd/round-1-baseline/chain-round-1-jobs-8/store/3fk28wlb8g9nnb057pdjzhsbnagzhhaa-leaf-14.drv.drv' -> '/tmp/casita-chain-rerun-l2oceybd/round-1-baseline/chain-round-1-jobs-8/store/ls48pdr5139214222i9xlhn85nci8mhs-leaf-14.drv.drv'","type":111}
@nix {"action":"result","fields":[41,60,0,0],"id":709017496190978,"type":105}
@nix {"action":"result","fields":[0,0,0,0],"id":709017496190979,"type":105}
@nix {"action":"result","fields":[101,0],"id":709017496190977,"type":106}
@nix {"action":"result","fields":[100,0],"id":709017496190977,"type":106}
@nix {"action":"start","fields":["/tmp/casita-chain-rerun-l2oceybd/round-1-baseline/chain-round-1-jobs-8/store/ls48pdr5139214222i9xlhn85nci8mhs-leaf-14.drv.drv","",1,1],"id":709017496191022,"level":3,"parent":0,"text":"building '/tmp/casita-chain-rerun-l2oceybd/round-1-baseline/chain-round-1-jobs-8/store/ls48pdr5139214222i9xlhn85nci8mhs-leaf-14.drv.drv'","type":105}
@nix {"action":"result","fields":[41,60,1,0],"id":709017496190978,"type":105}
@nix {"action":"result","fields":[0,0,0,0],"id":709017496190979,"type":105}
@nix {"action":"result","fields":[101,0],"id":709017496190977,"type":106}
@nix {"action":"result","fields":[100,0],"id":709017496190977,"type":106}
@nix {"action":"result","fields":[42,61,0,0],"id":709017496190978,"type":105}
@nix {"action":"result","fields":[0,0,0,0],"id":709017496190979,"type":105}
@nix {"action":"result","fields":[101,0],"id":709017496190977,"type":106}
@nix {"action":"result","fields":[100,0],"id":709017496190977,"type":106}
@nix {"action":"stop","id":709017496191022}
@nix {"action":"result","fields":[43,61,0,0],"id":709017496190978,"type":105}
@nix {"action":"result","fields":[0,0,0,0],"id":709017496190979,"type":105}
@nix {"action":"result","fields":[101,0],"id":709017496190977,"type":106}
@nix {"action":"result","fields":[100,0],"id":709017496190977,"type":106}
@nix {"action":"stop","id":709017496191021}
@nix {"action":"result","fields":[43,61,0,0],"id":709017496190978,"type":105}
@nix {"action":"result","fields":[0,0,0,0],"id":709017496190979,"type":105}
@nix {"action":"result","fields":[101,0],"id":709017496190977,"type":106}
@nix {"action":"result","fields":[100,0],"id":709017496190977,"type":106}
@nix {"action":"start","fields":["/tmp/casita-chain-rerun-l2oceybd/round-1-baseline/chain-round-1-jobs-8/store/2bqq4cpk68fk4hal90qdz42i2sw6g4c9-leaf-14.drv","",1,1],"id":709017496191023,"level":3,"parent":0,"text":"building '/tmp/casita-chain-rerun-l2oceybd/round-1-baseline/chain-round-1-jobs-8/store/2bqq4cpk68fk4hal90qdz42i2sw6g4c9-leaf-14.drv'","type":105}
@nix {"action":"result","fields":[43,61,1,0],"id":709017496190978,"type":105}
@nix {"action":"result","fields":[0,0,0,0],"id":709017496190979,"type":105}
@nix {"action":"result","fields":[101,0],"id":709017496190977,"type":106}
@nix {"action":"result","fields":[100,0],"id":709017496190977,"type":106}
@nix {"action":"result","fields":[44,62,0,0],"id":709017496190978,"type":105}
@nix {"action":"result","fields":[0,0,0,0],"id":709017496190979,"type":105}
@nix {"action":"result","fields":[101,0],"id":709017496190977,"type":106}
@nix {"action":"result","fields":[100,0],"id":709017496190977,"type":106}
@nix {"action":"stop","id":709017496191023}
@nix {"action":"start","fields":["/tmp/casita-chain-rerun-l2oceybd/round-1-baseline/chain-round-1-jobs-8/store/vlx2f2hbjx0v905bad5wb0mgicz6w4p3-leaf-15.drv.drv","/tmp/casita-chain-rerun-l2oceybd/round-1-baseline/chain-round-1-jobs-8/store/w8kfnrmdpdvyhwjdiigj03lg9kkzyrri-leaf-15.drv.drv"],"id":709017496191024,"level":3,"parent":0,"text":"resolved derivation: '/tmp/casita-chain-rerun-l2oceybd/round-1-baseline/chain-round-1-jobs-8/store/vlx2f2hbjx0v905bad5wb0mgicz6w4p3-leaf-15.drv.drv' -> '/tmp/casita-chain-rerun-l2oceybd/round-1-baseline/chain-round-1-jobs-8/store/w8kfnrmdpdvyhwjdiigj03lg9kkzyrri-leaf-15.drv.drv'","type":111}
@nix {"action":"result","fields":[44,62,0,0],"id":709017496190978,"type":105}
@nix {"action":"result","fields":[0,0,0,0],"id":709017496190979,"type":105}
@nix {"action":"result","fields":[101,0],"id":709017496190977,"type":106}
@nix {"action":"result","fields":[100,0],"id":709017496190977,"type":106}
@nix {"action":"start","fields":["/tmp/casita-chain-rerun-l2oceybd/round-1-baseline/chain-round-1-jobs-8/store/w8kfnrmdpdvyhwjdiigj03lg9kkzyrri-leaf-15.drv.drv","",1,1],"id":709017496191025,"level":3,"parent":0,"text":"building '/tmp/casita-chain-rerun-l2oceybd/round-1-baseline/chain-round-1-jobs-8/store/w8kfnrmdpdvyhwjdiigj03lg9kkzyrri-leaf-15.drv.drv'","type":105}
@nix {"action":"result","fields":[44,62,1,0],"id":709017496190978,"type":105}
@nix {"action":"result","fields":[0,0,0,0],"id":709017496190979,"type":105}
@nix {"action":"result","fields":[101,0],"id":709017496190977,"type":106}
@nix {"action":"result","fields":[100,0],"id":709017496190977,"type":106}
@nix {"action":"result","fields":[45,63,0,0],"id":709017496190978,"type":105}
@nix {"action":"result","fields":[0,0,0,0],"id":709017496190979,"type":105}
@nix {"action":"result","fields":[101,0],"id":709017496190977,"type":106}
@nix {"action":"result","fields":[100,0],"id":709017496190977,"type":106}
@nix {"action":"stop","id":709017496191025}
@nix {"action":"result","fields":[46,63,0,0],"id":709017496190978,"type":105}
@nix {"action":"result","fields":[0,0,0,0],"id":709017496190979,"type":105}
@nix {"action":"result","fields":[101,0],"id":709017496190977,"type":106}
@nix {"action":"result","fields":[100,0],"id":709017496190977,"type":106}
@nix {"action":"stop","id":709017496191024}
@nix {"action":"result","fields":[46,63,0,0],"id":709017496190978,"type":105}
@nix {"action":"result","fields":[0,0,0,0],"id":709017496190979,"type":105}
@nix {"action":"result","fields":[101,0],"id":709017496190977,"type":106}
@nix {"action":"result","fields":[100,0],"id":709017496190977,"type":106}
@nix {"action":"start","fields":["/tmp/casita-chain-rerun-l2oceybd/round-1-baseline/chain-round-1-jobs-8/store/j8yina102cimjcvrpqpvd9x05m53g56h-leaf-15.drv","",1,1],"id":709017496191026,"level":3,"parent":0,"text":"building '/tmp/casita-chain-rerun-l2oceybd/round-1-baseline/chain-round-1-jobs-8/store/j8yina102cimjcvrpqpvd9x05m53g56h-leaf-15.drv'","type":105}
@nix {"action":"result","fields":[46,63,1,0],"id":709017496190978,"type":105}
@nix {"action":"result","fields":[0,0,0,0],"id":709017496190979,"type":105}
@nix {"action":"result","fields":[101,0],"id":709017496190977,"type":106}
@nix {"action":"result","fields":[100,0],"id":709017496190977,"type":106}
@nix {"action":"result","fields":[47,64,0,0],"id":709017496190978,"type":105}
@nix {"action":"result","fields":[0,0,0,0],"id":709017496190979,"type":105}
@nix {"action":"result","fields":[101,0],"id":709017496190977,"type":106}
@nix {"action":"result","fields":[100,0],"id":709017496190977,"type":106}
@nix {"action":"stop","id":709017496191026}
@nix {"action":"start","fields":["/tmp/casita-chain-rerun-l2oceybd/round-1-baseline/chain-round-1-jobs-8/store/fbblnrqiz823cl4mbm58ijk01jy6bbap-leaf-16.drv.drv","/tmp/casita-chain-rerun-l2oceybd/round-1-baseline/chain-round-1-jobs-8/store/jjks7g5m1milfh10yvzcii37wj30yzda-leaf-16.drv.drv"],"id":709017496191027,"level":3,"parent":0,"text":"resolved derivation: '/tmp/casita-chain-rerun-l2oceybd/round-1-baseline/chain-round-1-jobs-8/store/fbblnrqiz823cl4mbm58ijk01jy6bbap-leaf-16.drv.drv' -> '/tmp/casita-chain-rerun-l2oceybd/round-1-baseline/chain-round-1-jobs-8/store/jjks7g5m1milfh10yvzcii37wj30yzda-leaf-16.drv.drv'","type":111}
@nix {"action":"result","fields":[47,64,0,0],"id":709017496190978,"type":105}
@nix {"action":"result","fields":[0,0,0,0],"id":709017496190979,"type":105}
@nix {"action":"result","fields":[101,0],"id":709017496190977,"type":106}
@nix {"action":"result","fields":[100,0],"id":709017496190977,"type":106}
@nix {"action":"start","fields":["/tmp/casita-chain-rerun-l2oceybd/round-1-baseline/chain-round-1-jobs-8/store/jjks7g5m1milfh10yvzcii37wj30yzda-leaf-16.drv.drv","",1,1],"id":709017496191028,"level":3,"parent":0,"text":"building '/tmp/casita-chain-rerun-l2oceybd/round-1-baseline/chain-round-1-jobs-8/store/jjks7g5m1milfh10yvzcii37wj30yzda-leaf-16.drv.drv'","type":105}
@nix {"action":"result","fields":[47,64,1,0],"id":709017496190978,"type":105}
@nix {"action":"result","fields":[0,0,0,0],"id":709017496190979,"type":105}
@nix {"action":"result","fields":[101,0],"id":709017496190977,"type":106}
@nix {"action":"result","fields":[100,0],"id":709017496190977,"type":106}
@nix {"action":"result","fields":[48,65,0,0],"id":709017496190978,"type":105}
@nix {"action":"result","fields":[0,0,0,0],"id":709017496190979,"type":105}
@nix {"action":"result","fields":[101,0],"id":709017496190977,"type":106}
@nix {"action":"result","fields":[100,0],"id":709017496190977,"type":106}
@nix {"action":"stop","id":709017496191028}
@nix {"action":"result","fields":[49,65,0,0],"id":709017496190978,"type":105}
@nix {"action":"result","fields":[0,0,0,0],"id":709017496190979,"type":105}
@nix {"action":"result","fields":[101,0],"id":709017496190977,"type":106}
@nix {"action":"result","fields":[100,0],"id":709017496190977,"type":106}
@nix {"action":"stop","id":709017496191027}
@nix {"action":"result","fields":[49,65,0,0],"id":709017496190978,"type":105}
@nix {"action":"result","fields":[0,0,0,0],"id":709017496190979,"type":105}
@nix {"action":"result","fields":[101,0],"id":709017496190977,"type":106}
@nix {"action":"result","fields":[100,0],"id":709017496190977,"type":106}
@nix {"action":"start","fields":["/tmp/casita-chain-rerun-l2oceybd/round-1-baseline/chain-round-1-jobs-8/store/yfvgiyxyfnnijd5pjg645hyy60p4d3y5-leaf-16.drv","",1,1],"id":709017496191029,"level":3,"parent":0,"text":"building '/tmp/casita-chain-rerun-l2oceybd/round-1-baseline/chain-round-1-jobs-8/store/yfvgiyxyfnnijd5pjg645hyy60p4d3y5-leaf-16.drv'","type":105}
@nix {"action":"result","fields":[49,65,1,0],"id":709017496190978,"type":105}
@nix {"action":"result","fields":[0,0,0,0],"id":709017496190979,"type":105}
@nix {"action":"result","fields":[101,0],"id":709017496190977,"type":106}
@nix {"action":"result","fields":[100,0],"id":709017496190977,"type":106}
@nix {"action":"result","fields":[50,66,0,0],"id":709017496190978,"type":105}
@nix {"action":"result","fields":[0,0,0,0],"id":709017496190979,"type":105}
@nix {"action":"result","fields":[101,0],"id":709017496190977,"type":106}
@nix {"action":"result","fields":[100,0],"id":709017496190977,"type":106}
@nix {"action":"stop","id":709017496191029}
@nix {"action":"start","fields":["/tmp/casita-chain-rerun-l2oceybd/round-1-baseline/chain-round-1-jobs-8/store/30wk93vf39v3h596w0l1qmwaz98ma9dp-leaf-17.drv.drv","/tmp/casita-chain-rerun-l2oceybd/round-1-baseline/chain-round-1-jobs-8/store/zmplz4vybk93pl31lj9an0ccn13iz7lr-leaf-17.drv.drv"],"id":709017496191030,"level":3,"parent":0,"text":"resolved derivation: '/tmp/casita-chain-rerun-l2oceybd/round-1-baseline/chain-round-1-jobs-8/store/30wk93vf39v3h596w0l1qmwaz98ma9dp-leaf-17.drv.drv' -> '/tmp/casita-chain-rerun-l2oceybd/round-1-baseline/chain-round-1-jobs-8/store/zmplz4vybk93pl31lj9an0ccn13iz7lr-leaf-17.drv.drv'","type":111}
@nix {"action":"result","fields":[50,66,0,0],"id":709017496190978,"type":105}
@nix {"action":"result","fields":[0,0,0,0],"id":709017496190979,"type":105}
@nix {"action":"result","fields":[101,0],"id":709017496190977,"type":106}
@nix {"action":"result","fields":[100,0],"id":709017496190977,"type":106}
@nix {"action":"start","fields":["/tmp/casita-chain-rerun-l2oceybd/round-1-baseline/chain-round-1-jobs-8/store/zmplz4vybk93pl31lj9an0ccn13iz7lr-leaf-17.drv.drv","",1,1],"id":709017496191031,"level":3,"parent":0,"text":"building '/tmp/casita-chain-rerun-l2oceybd/round-1-baseline/chain-round-1-jobs-8/store/zmplz4vybk93pl31lj9an0ccn13iz7lr-leaf-17.drv.drv'","type":105}
@nix {"action":"result","fields":[50,66,1,0],"id":709017496190978,"type":105}
@nix {"action":"result","fields":[0,0,0,0],"id":709017496190979,"type":105}
@nix {"action":"result","fields":[101,0],"id":709017496190977,"type":106}
@nix {"action":"result","fields":[100,0],"id":709017496190977,"type":106}
@nix {"action":"result","fields":[51,67,0,0],"id":709017496190978,"type":105}
@nix {"action":"result","fields":[0,0,0,0],"id":709017496190979,"type":105}
@nix {"action":"result","fields":[101,0],"id":709017496190977,"type":106}
@nix {"action":"result","fields":[100,0],"id":709017496190977,"type":106}
@nix {"action":"stop","id":709017496191031}
@nix {"action":"result","fields":[52,67,0,0],"id":709017496190978,"type":105}
@nix {"action":"result","fields":[0,0,0,0],"id":709017496190979,"type":105}
@nix {"action":"result","fields":[101,0],"id":709017496190977,"type":106}
@nix {"action":"result","fields":[100,0],"id":709017496190977,"type":106}
@nix {"action":"stop","id":709017496191030}
@nix {"action":"result","fields":[52,67,0,0],"id":709017496190978,"type":105}
@nix {"action":"result","fields":[0,0,0,0],"id":709017496190979,"type":105}
@nix {"action":"result","fields":[101,0],"id":709017496190977,"type":106}
@nix {"action":"result","fields":[100,0],"id":709017496190977,"type":106}
@nix {"action":"start","fields":["/tmp/casita-chain-rerun-l2oceybd/round-1-baseline/chain-round-1-jobs-8/store/i28f8r16ncg3wm8k5i48bvi9azpzy7l6-leaf-17.drv","",1,1],"id":709017496191032,"level":3,"parent":0,"text":"building '/tmp/casita-chain-rerun-l2oceybd/round-1-baseline/chain-round-1-jobs-8/store/i28f8r16ncg3wm8k5i48bvi9azpzy7l6-leaf-17.drv'","type":105}
@nix {"action":"result","fields":[52,67,1,0],"id":709017496190978,"type":105}
@nix {"action":"result","fields":[0,0,0,0],"id":709017496190979,"type":105}
@nix {"action":"result","fields":[101,0],"id":709017496190977,"type":106}
@nix {"action":"result","fields":[100,0],"id":709017496190977,"type":106}
@nix {"action":"result","fields":[53,68,0,0],"id":709017496190978,"type":105}
@nix {"action":"result","fields":[0,0,0,0],"id":709017496190979,"type":105}
@nix {"action":"result","fields":[101,0],"id":709017496190977,"type":106}
@nix {"action":"result","fields":[100,0],"id":709017496190977,"type":106}
@nix {"action":"stop","id":709017496191032}
@nix {"action":"start","fields":["/tmp/casita-chain-rerun-l2oceybd/round-1-baseline/chain-round-1-jobs-8/store/1i3v1njs6kipsls5jydmc34q54jdvdi6-leaf-18.drv.drv","/tmp/casita-chain-rerun-l2oceybd/round-1-baseline/chain-round-1-jobs-8/store/zw12jz72z8a8nq0zaj6rfagizrd033gj-leaf-18.drv.drv"],"id":709017496191033,"level":3,"parent":0,"text":"resolved derivation: '/tmp/casita-chain-rerun-l2oceybd/round-1-baseline/chain-round-1-jobs-8/store/1i3v1njs6kipsls5jydmc34q54jdvdi6-leaf-18.drv.drv' -> '/tmp/casita-chain-rerun-l2oceybd/round-1-baseline/chain-round-1-jobs-8/store/zw12jz72z8a8nq0zaj6rfagizrd033gj-leaf-18.drv.drv'","type":111}
@nix {"action":"result","fields":[53,68,0,0],"id":709017496190978,"type":105}
@nix {"action":"result","fields":[0,0,0,0],"id":709017496190979,"type":105}
@nix {"action":"result","fields":[101,0],"id":709017496190977,"type":106}
@nix {"action":"result","fields":[100,0],"id":709017496190977,"type":106}
@nix {"action":"start","fields":["/tmp/casita-chain-rerun-l2oceybd/round-1-baseline/chain-round-1-jobs-8/store/zw12jz72z8a8nq0zaj6rfagizrd033gj-leaf-18.drv.drv","",1,1],"id":709017496191034,"level":3,"parent":0,"text":"building '/tmp/casita-chain-rerun-l2oceybd/round-1-baseline/chain-round-1-jobs-8/store/zw12jz72z8a8nq0zaj6rfagizrd033gj-leaf-18.drv.drv'","type":105}
@nix {"action":"result","fields":[53,68,1,0],"id":709017496190978,"type":105}
@nix {"action":"result","fields":[0,0,0,0],"id":709017496190979,"type":105}
@nix {"action":"result","fields":[101,0],"id":709017496190977,"type":106}
@nix {"action":"result","fields":[100,0],"id":709017496190977,"type":106}
@nix {"action":"result","fields":[54,69,0,0],"id":709017496190978,"type":105}
@nix {"action":"result","fields":[0,0,0,0],"id":709017496190979,"type":105}
@nix {"action":"result","fields":[101,0],"id":709017496190977,"type":106}
@nix {"action":"result","fields":[100,0],"id":709017496190977,"type":106}
@nix {"action":"stop","id":709017496191034}
@nix {"action":"result","fields":[55,69,0,0],"id":709017496190978,"type":105}
@nix {"action":"result","fields":[0,0,0,0],"id":709017496190979,"type":105}
@nix {"action":"result","fields":[101,0],"id":709017496190977,"type":106}
@nix {"action":"result","fields":[100,0],"id":709017496190977,"type":106}
@nix {"action":"stop","id":709017496191033}
@nix {"action":"result","fields":[55,69,0,0],"id":709017496190978,"type":105}
@nix {"action":"result","fields":[0,0,0,0],"id":709017496190979,"type":105}
@nix {"action":"result","fields":[101,0],"id":709017496190977,"type":106}
@nix {"action":"result","fields":[100,0],"id":709017496190977,"type":106}
@nix {"action":"start","fields":["/tmp/casita-chain-rerun-l2oceybd/round-1-baseline/chain-round-1-jobs-8/store/ajngiz8lvv019w69p8xis3s54kr7y6dz-leaf-18.drv","",1,1],"id":709017496191035,"level":3,"parent":0,"text":"building '/tmp/casita-chain-rerun-l2oceybd/round-1-baseline/chain-round-1-jobs-8/store/ajngiz8lvv019w69p8xis3s54kr7y6dz-leaf-18.drv'","type":105}
@nix {"action":"result","fields":[55,69,1,0],"id":709017496190978,"type":105}
@nix {"action":"result","fields":[0,0,0,0],"id":709017496190979,"type":105}
@nix {"action":"result","fields":[101,0],"id":709017496190977,"type":106}
@nix {"action":"result","fields":[100,0],"id":709017496190977,"type":106}
@nix {"action":"result","fields":[56,70,0,0],"id":709017496190978,"type":105}
@nix {"action":"result","fields":[0,0,0,0],"id":709017496190979,"type":105}
@nix {"action":"result","fields":[101,0],"id":709017496190977,"type":106}
@nix {"action":"result","fields":[100,0],"id":709017496190977,"type":106}
@nix {"action":"stop","id":709017496191035}
@nix {"action":"start","fields":["/tmp/casita-chain-rerun-l2oceybd/round-1-baseline/chain-round-1-jobs-8/store/5rbbbq5ha46b0wcarsvqfr1bzj57g8xf-leaf-19.drv.drv","/tmp/casita-chain-rerun-l2oceybd/round-1-baseline/chain-round-1-jobs-8/store/c7n76x55cvrib00wpz0zqhdamk1ny8zi-leaf-19.drv.drv"],"id":709017496191036,"level":3,"parent":0,"text":"resolved derivation: '/tmp/casita-chain-rerun-l2oceybd/round-1-baseline/chain-round-1-jobs-8/store/5rbbbq5ha46b0wcarsvqfr1bzj57g8xf-leaf-19.drv.drv' -> '/tmp/casita-chain-rerun-l2oceybd/round-1-baseline/chain-round-1-jobs-8/store/c7n76x55cvrib00wpz0zqhdamk1ny8zi-leaf-19.drv.drv'","type":111}
@nix {"action":"result","fields":[56,70,0,0],"id":709017496190978,"type":105}
@nix {"action":"result","fields":[0,0,0,0],"id":709017496190979,"type":105}
@nix {"action":"result","fields":[101,0],"id":709017496190977,"type":106}
@nix {"action":"result","fields":[100,0],"id":709017496190977,"type":106}
@nix {"action":"start","fields":["/tmp/casita-chain-rerun-l2oceybd/round-1-baseline/chain-round-1-jobs-8/store/c7n76x55cvrib00wpz0zqhdamk1ny8zi-leaf-19.drv.drv","",1,1],"id":709017496191037,"level":3,"parent":0,"text":"building '/tmp/casita-chain-rerun-l2oceybd/round-1-baseline/chain-round-1-jobs-8/store/c7n76x55cvrib00wpz0zqhdamk1ny8zi-leaf-19.drv.drv'","type":105}
@nix {"action":"result","fields":[56,70,1,0],"id":709017496190978,"type":105}
@nix {"action":"result","fields":[0,0,0,0],"id":709017496190979,"type":105}
@nix {"action":"result","fields":[101,0],"id":709017496190977,"type":106}
@nix {"action":"result","fields":[100,0],"id":709017496190977,"type":106}
@nix {"action":"result","fields":[57,71,0,0],"id":709017496190978,"type":105}
@nix {"action":"result","fields":[0,0,0,0],"id":709017496190979,"type":105}
@nix {"action":"result","fields":[101,0],"id":709017496190977,"type":106}
@nix {"action":"result","fields":[100,0],"id":709017496190977,"type":106}
@nix {"action":"stop","id":709017496191037}
@nix {"action":"result","fields":[58,71,0,0],"id":709017496190978,"type":105}
@nix {"action":"result","fields":[0,0,0,0],"id":709017496190979,"type":105}
@nix {"action":"result","fields":[101,0],"id":709017496190977,"type":106}
@nix {"action":"result","fields":[100,0],"id":709017496190977,"type":106}
@nix {"action":"stop","id":709017496191036}
@nix {"action":"result","fields":[58,71,0,0],"id":709017496190978,"type":105}
@nix {"action":"result","fields":[0,0,0,0],"id":709017496190979,"type":105}
@nix {"action":"result","fields":[101,0],"id":709017496190977,"type":106}
@nix {"action":"result","fields":[100,0],"id":709017496190977,"type":106}
@nix {"action":"start","fields":["/tmp/casita-chain-rerun-l2oceybd/round-1-baseline/chain-round-1-jobs-8/store/25x2vzgk8sjfsm987iz7aai1rlmv9115-leaf-19.drv","",1,1],"id":709017496191038,"level":3,"parent":0,"text":"building '/tmp/casita-chain-rerun-l2oceybd/round-1-baseline/chain-round-1-jobs-8/store/25x2vzgk8sjfsm987iz7aai1rlmv9115-leaf-19.drv'","type":105}
@nix {"action":"result","fields":[58,71,1,0],"id":709017496190978,"type":105}
@nix {"action":"result","fields":[0,0,0,0],"id":709017496190979,"type":105}
@nix {"action":"result","fields":[101,0],"id":709017496190977,"type":106}
@nix {"action":"result","fields":[100,0],"id":709017496190977,"type":106}
@nix {"action":"result","fields":[59,72,0,0],"id":709017496190978,"type":105}
@nix {"action":"result","fields":[0,0,0,0],"id":709017496190979,"type":105}
@nix {"action":"result","fields":[101,0],"id":709017496190977,"type":106}
@nix {"action":"result","fields":[100,0],"id":709017496190977,"type":106}
@nix {"action":"stop","id":709017496191038}
@nix {"action":"start","fields":["/tmp/casita-chain-rerun-l2oceybd/round-1-baseline/chain-round-1-jobs-8/store/rk6a2ipx97rcbm6idcl9mkn309c24vbx-leaf-20.drv.drv","/tmp/casita-chain-rerun-l2oceybd/round-1-baseline/chain-round-1-jobs-8/store/ilc24xm605xz9d7ahpjjxdah659g17l7-leaf-20.drv.drv"],"id":709017496191039,"level":3,"parent":0,"text":"resolved derivation: '/tmp/casita-chain-rerun-l2oceybd/round-1-baseline/chain-round-1-jobs-8/store/rk6a2ipx97rcbm6idcl9mkn309c24vbx-leaf-20.drv.drv' -> '/tmp/casita-chain-rerun-l2oceybd/round-1-baseline/chain-round-1-jobs-8/store/ilc24xm605xz9d7ahpjjxdah659g17l7-leaf-20.drv.drv'","type":111}
@nix {"action":"result","fields":[59,72,0,0],"id":709017496190978,"type":105}
@nix {"action":"result","fields":[0,0,0,0],"id":709017496190979,"type":105}
@nix {"action":"result","fields":[101,0],"id":709017496190977,"type":106}
@nix {"action":"result","fields":[100,0],"id":709017496190977,"type":106}
@nix {"action":"start","fields":["/tmp/casita-chain-rerun-l2oceybd/round-1-baseline/chain-round-1-jobs-8/store/ilc24xm605xz9d7ahpjjxdah659g17l7-leaf-20.drv.drv","",1,1],"id":709017496191040,"level":3,"parent":0,"text":"building '/tmp/casita-chain-rerun-l2oceybd/round-1-baseline/chain-round-1-jobs-8/store/ilc24xm605xz9d7ahpjjxdah659g17l7-leaf-20.drv.drv'","type":105}
@nix {"action":"result","fields":[59,72,1,0],"id":709017496190978,"type":105}
@nix {"action":"result","fields":[0,0,0,0],"id":709017496190979,"type":105}
@nix {"action":"result","fields":[101,0],"id":709017496190977,"type":106}
@nix {"action":"result","fields":[100,0],"id":709017496190977,"type":106}
@nix {"action":"result","fields":[60,73,0,0],"id":709017496190978,"type":105}
@nix {"action":"result","fields":[0,0,0,0],"id":709017496190979,"type":105}
@nix {"action":"result","fields":[101,0],"id":709017496190977,"type":106}
@nix {"action":"result","fields":[100,0],"id":709017496190977,"type":106}
@nix {"action":"stop","id":709017496191040}
@nix {"action":"result","fields":[61,73,0,0],"id":709017496190978,"type":105}
@nix {"action":"result","fields":[0,0,0,0],"id":709017496190979,"type":105}
@nix {"action":"result","fields":[101,0],"id":709017496190977,"type":106}
@nix {"action":"result","fields":[100,0],"id":709017496190977,"type":106}
@nix {"action":"stop","id":709017496191039}
@nix {"action":"result","fields":[61,73,0,0],"id":709017496190978,"type":105}
@nix {"action":"result","fields":[0,0,0,0],"id":709017496190979,"type":105}
@nix {"action":"result","fields":[101,0],"id":709017496190977,"type":106}
@nix {"action":"result","fields":[100,0],"id":709017496190977,"type":106}
@nix {"action":"start","fields":["/tmp/casita-chain-rerun-l2oceybd/round-1-baseline/chain-round-1-jobs-8/store/7kcxp0q8swlv4s2hdvh14w07vb0dzijd-leaf-20.drv","",1,1],"id":709017496191041,"level":3,"parent":0,"text":"building '/tmp/casita-chain-rerun-l2oceybd/round-1-baseline/chain-round-1-jobs-8/store/7kcxp0q8swlv4s2hdvh14w07vb0dzijd-leaf-20.drv'","type":105}
@nix {"action":"result","fields":[61,73,1,0],"id":709017496190978,"type":105}
@nix {"action":"result","fields":[0,0,0,0],"id":709017496190979,"type":105}
@nix {"action":"result","fields":[101,0],"id":709017496190977,"type":106}
@nix {"action":"result","fields":[100,0],"id":709017496190977,"type":106}
@nix {"action":"result","fields":[62,74,0,0],"id":709017496190978,"type":105}
@nix {"action":"result","fields":[0,0,0,0],"id":709017496190979,"type":105}
@nix {"action":"result","fields":[101,0],"id":709017496190977,"type":106}
@nix {"action":"result","fields":[100,0],"id":709017496190977,"type":106}
@nix {"action":"stop","id":709017496191041}
@nix {"action":"start","fields":["/tmp/casita-chain-rerun-l2oceybd/round-1-baseline/chain-round-1-jobs-8/store/ijy4a3yqllmljhrbm0z148fv0g7kh9pn-leaf-21.drv.drv","/tmp/casita-chain-rerun-l2oceybd/round-1-baseline/chain-round-1-jobs-8/store/dyl3bkziy3ishacvdl4rc3brh2zds8kc-leaf-21.drv.drv"],"id":709017496191042,"level":3,"parent":0,"text":"resolved derivation: '/tmp/casita-chain-rerun-l2oceybd/round-1-baseline/chain-round-1-jobs-8/store/ijy4a3yqllmljhrbm0z148fv0g7kh9pn-leaf-21.drv.drv' -> '/tmp/casita-chain-rerun-l2oceybd/round-1-baseline/chain-round-1-jobs-8/store/dyl3bkziy3ishacvdl4rc3brh2zds8kc-leaf-21.drv.drv'","type":111}
@nix {"action":"result","fields":[62,74,0,0],"id":709017496190978,"type":105}
@nix {"action":"result","fields":[0,0,0,0],"id":709017496190979,"type":105}
@nix {"action":"result","fields":[101,0],"id":709017496190977,"type":106}
@nix {"action":"result","fields":[100,0],"id":709017496190977,"type":106}
@nix {"action":"start","fields":["/tmp/casita-chain-rerun-l2oceybd/round-1-baseline/chain-round-1-jobs-8/store/dyl3bkziy3ishacvdl4rc3brh2zds8kc-leaf-21.drv.drv","",1,1],"id":709017496191043,"level":3,"parent":0,"text":"building '/tmp/casita-chain-rerun-l2oceybd/round-1-baseline/chain-round-1-jobs-8/store/dyl3bkziy3ishacvdl4rc3brh2zds8kc-leaf-21.drv.drv'","type":105}
@nix {"action":"result","fields":[62,74,1,0],"id":709017496190978,"type":105}
@nix {"action":"result","fields":[0,0,0,0],"id":709017496190979,"type":105}
@nix {"action":"result","fields":[101,0],"id":709017496190977,"type":106}
@nix {"action":"result","fields":[100,0],"id":709017496190977,"type":106}
@nix {"action":"result","fields":[63,75,0,0],"id":709017496190978,"type":105}
@nix {"action":"result","fields":[0,0,0,0],"id":709017496190979,"type":105}
@nix {"action":"result","fields":[101,0],"id":709017496190977,"type":106}
@nix {"action":"result","fields":[100,0],"id":709017496190977,"type":106}
@nix {"action":"stop","id":709017496191043}
@nix {"action":"result","fields":[64,75,0,0],"id":709017496190978,"type":105}
@nix {"action":"result","fields":[0,0,0,0],"id":709017496190979,"type":105}
@nix {"action":"result","fields":[101,0],"id":709017496190977,"type":106}
@nix {"action":"result","fields":[100,0],"id":709017496190977,"type":106}
@nix {"action":"stop","id":709017496191042}
@nix {"action":"result","fields":[64,75,0,0],"id":709017496190978,"type":105}
@nix {"action":"result","fields":[0,0,0,0],"id":709017496190979,"type":105}
@nix {"action":"result","fields":[101,0],"id":709017496190977,"type":106}
@nix {"action":"result","fields":[100,0],"id":709017496190977,"type":106}
@nix {"action":"start","fields":["/tmp/casita-chain-rerun-l2oceybd/round-1-baseline/chain-round-1-jobs-8/store/8q3dq883szbqajjm4bcn0nsw1py8vwxv-leaf-21.drv","",1,1],"id":709017496191044,"level":3,"parent":0,"text":"building '/tmp/casita-chain-rerun-l2oceybd/round-1-baseline/chain-round-1-jobs-8/store/8q3dq883szbqajjm4bcn0nsw1py8vwxv-leaf-21.drv'","type":105}
@nix {"action":"result","fields":[64,75,1,0],"id":709017496190978,"type":105}
@nix {"action":"result","fields":[0,0,0,0],"id":709017496190979,"type":105}
@nix {"action":"result","fields":[101,0],"id":709017496190977,"type":106}
@nix {"action":"result","fields":[100,0],"id":709017496190977,"type":106}
@nix {"action":"result","fields":[65,76,0,0],"id":709017496190978,"type":105}
@nix {"action":"result","fields":[0,0,0,0],"id":709017496190979,"type":105}
@nix {"action":"result","fields":[101,0],"id":709017496190977,"type":106}
@nix {"action":"result","fields":[100,0],"id":709017496190977,"type":106}
@nix {"action":"stop","id":709017496191044}
@nix {"action":"start","fields":["/tmp/casita-chain-rerun-l2oceybd/round-1-baseline/chain-round-1-jobs-8/store/l32yv3b8ivk96cfmmxqpnyfp6dqrn1zs-leaf-22.drv.drv","/tmp/casita-chain-rerun-l2oceybd/round-1-baseline/chain-round-1-jobs-8/store/v0fr11xvc2ssx224w15j8mrr7bffx97n-leaf-22.drv.drv"],"id":709017496191045,"level":3,"parent":0,"text":"resolved derivation: '/tmp/casita-chain-rerun-l2oceybd/round-1-baseline/chain-round-1-jobs-8/store/l32yv3b8ivk96cfmmxqpnyfp6dqrn1zs-leaf-22.drv.drv' -> '/tmp/casita-chain-rerun-l2oceybd/round-1-baseline/chain-round-1-jobs-8/store/v0fr11xvc2ssx224w15j8mrr7bffx97n-leaf-22.drv.drv'","type":111}
@nix {"action":"result","fields":[65,76,0,0],"id":709017496190978,"type":105}
@nix {"action":"result","fields":[0,0,0,0],"id":709017496190979,"type":105}
@nix {"action":"result","fields":[101,0],"id":709017496190977,"type":106}
@nix {"action":"result","fields":[100,0],"id":709017496190977,"type":106}
@nix {"action":"start","fields":["/tmp/casita-chain-rerun-l2oceybd/round-1-baseline/chain-round-1-jobs-8/store/v0fr11xvc2ssx224w15j8mrr7bffx97n-leaf-22.drv.drv","",1,1],"id":709017496191046,"level":3,"parent":0,"text":"building '/tmp/casita-chain-rerun-l2oceybd/round-1-baseline/chain-round-1-jobs-8/store/v0fr11xvc2ssx224w15j8mrr7bffx97n-leaf-22.drv.drv'","type":105}
@nix {"action":"result","fields":[65,76,1,0],"id":709017496190978,"type":105}
@nix {"action":"result","fields":[0,0,0,0],"id":709017496190979,"type":105}
@nix {"action":"result","fields":[101,0],"id":709017496190977,"type":106}
@nix {"action":"result","fields":[100,0],"id":709017496190977,"type":106}
@nix {"action":"result","fields":[66,77,0,0],"id":709017496190978,"type":105}
@nix {"action":"result","fields":[0,0,0,0],"id":709017496190979,"type":105}
@nix {"action":"result","fields":[101,0],"id":709017496190977,"type":106}
@nix {"action":"result","fields":[100,0],"id":709017496190977,"type":106}
@nix {"action":"stop","id":709017496191046}
@nix {"action":"result","fields":[67,77,0,0],"id":709017496190978,"type":105}
@nix {"action":"result","fields":[0,0,0,0],"id":709017496190979,"type":105}
@nix {"action":"result","fields":[101,0],"id":709017496190977,"type":106}
@nix {"action":"result","fields":[100,0],"id":709017496190977,"type":106}
@nix {"action":"stop","id":709017496191045}
@nix {"action":"result","fields":[67,77,0,0],"id":709017496190978,"type":105}
@nix {"action":"result","fields":[0,0,0,0],"id":709017496190979,"type":105}
@nix {"action":"result","fields":[101,0],"id":709017496190977,"type":106}
@nix {"action":"result","fields":[100,0],"id":709017496190977,"type":106}
@nix {"action":"start","fields":["/tmp/casita-chain-rerun-l2oceybd/round-1-baseline/chain-round-1-jobs-8/store/56912q8vkxr0dvs31nhaxnkcjvshg1fq-leaf-22.drv","",1,1],"id":709017496191047,"level":3,"parent":0,"text":"building '/tmp/casita-chain-rerun-l2oceybd/round-1-baseline/chain-round-1-jobs-8/store/56912q8vkxr0dvs31nhaxnkcjvshg1fq-leaf-22.drv'","type":105}
@nix {"action":"result","fields":[67,77,1,0],"id":709017496190978,"type":105}
@nix {"action":"result","fields":[0,0,0,0],"id":709017496190979,"type":105}
@nix {"action":"result","fields":[101,0],"id":709017496190977,"type":106}
@nix {"action":"result","fields":[100,0],"id":709017496190977,"type":106}
@nix {"action":"result","fields":[68,78,0,0],"id":709017496190978,"type":105}
@nix {"action":"result","fields":[0,0,0,0],"id":709017496190979,"type":105}
@nix {"action":"result","fields":[101,0],"id":709017496190977,"type":106}
@nix {"action":"result","fields":[100,0],"id":709017496190977,"type":106}
@nix {"action":"stop","id":709017496191047}
@nix {"action":"start","fields":["/tmp/casita-chain-rerun-l2oceybd/round-1-baseline/chain-round-1-jobs-8/store/1w7i8ws1qis03cawrvlh76f8bf7y6qyw-leaf-23.drv.drv","/tmp/casita-chain-rerun-l2oceybd/round-1-baseline/chain-round-1-jobs-8/store/hmkiy9201dk76dr5spizdjqjx6blz7qy-leaf-23.drv.drv"],"id":709017496191048,"level":3,"parent":0,"text":"resolved derivation: '/tmp/casita-chain-rerun-l2oceybd/round-1-baseline/chain-round-1-jobs-8/store/1w7i8ws1qis03cawrvlh76f8bf7y6qyw-leaf-23.drv.drv' -> '/tmp/casita-chain-rerun-l2oceybd/round-1-baseline/chain-round-1-jobs-8/store/hmkiy9201dk76dr5spizdjqjx6blz7qy-leaf-23.drv.drv'","type":111}
@nix {"action":"result","fields":[68,78,0,0],"id":709017496190978,"type":105}
@nix {"action":"result","fields":[0,0,0,0],"id":709017496190979,"type":105}
@nix {"action":"result","fields":[101,0],"id":709017496190977,"type":106}
@nix {"action":"result","fields":[100,0],"id":709017496190977,"type":106}
@nix {"action":"start","fields":["/tmp/casita-chain-rerun-l2oceybd/round-1-baseline/chain-round-1-jobs-8/store/hmkiy9201dk76dr5spizdjqjx6blz7qy-leaf-23.drv.drv","",1,1],"id":709017496191049,"level":3,"parent":0,"text":"building '/tmp/casita-chain-rerun-l2oceybd/round-1-baseline/chain-round-1-jobs-8/store/hmkiy9201dk76dr5spizdjqjx6blz7qy-leaf-23.drv.drv'","type":105}
@nix {"action":"result","fields":[68,78,1,0],"id":709017496190978,"type":105}
@nix {"action":"result","fields":[0,0,0,0],"id":709017496190979,"type":105}
@nix {"action":"result","fields":[101,0],"id":709017496190977,"type":106}
@nix {"action":"result","fields":[100,0],"id":709017496190977,"type":106}
@nix {"action":"result","fields":[69,79,0,0],"id":709017496190978,"type":105}
@nix {"action":"result","fields":[0,0,0,0],"id":709017496190979,"type":105}
@nix {"action":"result","fields":[101,0],"id":709017496190977,"type":106}
@nix {"action":"result","fields":[100,0],"id":709017496190977,"type":106}
@nix {"action":"stop","id":709017496191049}
@nix {"action":"result","fields":[70,79,0,0],"id":709017496190978,"type":105}
@nix {"action":"result","fields":[0,0,0,0],"id":709017496190979,"type":105}
@nix {"action":"result","fields":[101,0],"id":709017496190977,"type":106}
@nix {"action":"result","fields":[100,0],"id":709017496190977,"type":106}
@nix {"action":"stop","id":709017496191048}
@nix {"action":"result","fields":[70,79,0,0],"id":709017496190978,"type":105}
@nix {"action":"result","fields":[0,0,0,0],"id":709017496190979,"type":105}
@nix {"action":"result","fields":[101,0],"id":709017496190977,"type":106}
@nix {"action":"result","fields":[100,0],"id":709017496190977,"type":106}
@nix {"action":"start","fields":["/tmp/casita-chain-rerun-l2oceybd/round-1-baseline/chain-round-1-jobs-8/store/5hhf7qf4zzqgfvm6317gc90n2a7lsrwa-leaf-23.drv","",1,1],"id":709017496191050,"level":3,"parent":0,"text":"building '/tmp/casita-chain-rerun-l2oceybd/round-1-baseline/chain-round-1-jobs-8/store/5hhf7qf4zzqgfvm6317gc90n2a7lsrwa-leaf-23.drv'","type":105}
@nix {"action":"result","fields":[70,79,1,0],"id":709017496190978,"type":105}
@nix {"action":"result","fields":[0,0,0,0],"id":709017496190979,"type":105}
@nix {"action":"result","fields":[101,0],"id":709017496190977,"type":106}
@nix {"action":"result","fields":[100,0],"id":709017496190977,"type":106}
@nix {"action":"result","fields":[71,80,0,0],"id":709017496190978,"type":105}
@nix {"action":"result","fields":[0,0,0,0],"id":709017496190979,"type":105}
@nix {"action":"result","fields":[101,0],"id":709017496190977,"type":106}
@nix {"action":"result","fields":[100,0],"id":709017496190977,"type":106}
@nix {"action":"stop","id":709017496191050}
@nix {"action":"start","fields":["/tmp/casita-chain-rerun-l2oceybd/round-1-baseline/chain-round-1-jobs-8/store/4zz4jxrxq5fpwl0jfjc4ykzfmgr67hdh-leaf-24.drv.drv","/tmp/casita-chain-rerun-l2oceybd/round-1-baseline/chain-round-1-jobs-8/store/v6hbc9j92z401nyibfnf9g8kvwh85gf8-leaf-24.drv.drv"],"id":709017496191051,"level":3,"parent":0,"text":"resolved derivation: '/tmp/casita-chain-rerun-l2oceybd/round-1-baseline/chain-round-1-jobs-8/store/4zz4jxrxq5fpwl0jfjc4ykzfmgr67hdh-leaf-24.drv.drv' -> '/tmp/casita-chain-rerun-l2oceybd/round-1-baseline/chain-round-1-jobs-8/store/v6hbc9j92z401nyibfnf9g8kvwh85gf8-leaf-24.drv.drv'","type":111}
@nix {"action":"result","fields":[71,80,0,0],"id":709017496190978,"type":105}
@nix {"action":"result","fields":[0,0,0,0],"id":709017496190979,"type":105}
@nix {"action":"result","fields":[101,0],"id":709017496190977,"type":106}
@nix {"action":"result","fields":[100,0],"id":709017496190977,"type":106}
@nix {"action":"start","fields":["/tmp/casita-chain-rerun-l2oceybd/round-1-baseline/chain-round-1-jobs-8/store/v6hbc9j92z401nyibfnf9g8kvwh85gf8-leaf-24.drv.drv","",1,1],"id":709017496191052,"level":3,"parent":0,"text":"building '/tmp/casita-chain-rerun-l2oceybd/round-1-baseline/chain-round-1-jobs-8/store/v6hbc9j92z401nyibfnf9g8kvwh85gf8-leaf-24.drv.drv'","type":105}
@nix {"action":"result","fields":[71,80,1,0],"id":709017496190978,"type":105}
@nix {"action":"result","fields":[0,0,0,0],"id":709017496190979,"type":105}
@nix {"action":"result","fields":[101,0],"id":709017496190977,"type":106}
@nix {"action":"result","fields":[100,0],"id":709017496190977,"type":106}
@nix {"action":"result","fields":[72,81,0,0],"id":709017496190978,"type":105}
@nix {"action":"result","fields":[0,0,0,0],"id":709017496190979,"type":105}
@nix {"action":"result","fields":[101,0],"id":709017496190977,"type":106}
@nix {"action":"result","fields":[100,0],"id":709017496190977,"type":106}
@nix {"action":"stop","id":709017496191052}
@nix {"action":"result","fields":[73,81,0,0],"id":709017496190978,"type":105}
@nix {"action":"result","fields":[0,0,0,0],"id":709017496190979,"type":105}
@nix {"action":"result","fields":[101,0],"id":709017496190977,"type":106}
@nix {"action":"result","fields":[100,0],"id":709017496190977,"type":106}
@nix {"action":"stop","id":709017496191051}
@nix {"action":"result","fields":[73,81,0,0],"id":709017496190978,"type":105}
@nix {"action":"result","fields":[0,0,0,0],"id":709017496190979,"type":105}
@nix {"action":"result","fields":[101,0],"id":709017496190977,"type":106}
@nix {"action":"result","fields":[100,0],"id":709017496190977,"type":106}
@nix {"action":"start","fields":["/tmp/casita-chain-rerun-l2oceybd/round-1-baseline/chain-round-1-jobs-8/store/4wn00sy0fw6whcf80pxab0jampgpw4mw-leaf-24.drv","",1,1],"id":709017496191053,"level":3,"parent":0,"text":"building '/tmp/casita-chain-rerun-l2oceybd/round-1-baseline/chain-round-1-jobs-8/store/4wn00sy0fw6whcf80pxab0jampgpw4mw-leaf-24.drv'","type":105}
@nix {"action":"result","fields":[73,81,1,0],"id":709017496190978,"type":105}
@nix {"action":"result","fields":[0,0,0,0],"id":709017496190979,"type":105}
@nix {"action":"result","fields":[101,0],"id":709017496190977,"type":106}
@nix {"action":"result","fields":[100,0],"id":709017496190977,"type":106}
@nix {"action":"result","fields":[74,82,0,0],"id":709017496190978,"type":105}
@nix {"action":"result","fields":[0,0,0,0],"id":709017496190979,"type":105}
@nix {"action":"result","fields":[101,0],"id":709017496190977,"type":106}
@nix {"action":"result","fields":[100,0],"id":709017496190977,"type":106}
@nix {"action":"stop","id":709017496191053}
@nix {"action":"start","fields":["/tmp/casita-chain-rerun-l2oceybd/round-1-baseline/chain-round-1-jobs-8/store/hlkpvvzxis2jh2y1hshqbkn6mcgbw51s-leaf-25.drv.drv","/tmp/casita-chain-rerun-l2oceybd/round-1-baseline/chain-round-1-jobs-8/store/sg83plvry4r2vcwsz1qcqm4mbjhwmysk-leaf-25.drv.drv"],"id":709017496191054,"level":3,"parent":0,"text":"resolved derivation: '/tmp/casita-chain-rerun-l2oceybd/round-1-baseline/chain-round-1-jobs-8/store/hlkpvvzxis2jh2y1hshqbkn6mcgbw51s-leaf-25.drv.drv' -> '/tmp/casita-chain-rerun-l2oceybd/round-1-baseline/chain-round-1-jobs-8/store/sg83plvry4r2vcwsz1qcqm4mbjhwmysk-leaf-25.drv.drv'","type":111}
@nix {"action":"result","fields":[74,82,0,0],"id":709017496190978,"type":105}
@nix {"action":"result","fields":[0,0,0,0],"id":709017496190979,"type":105}
@nix {"action":"result","fields":[101,0],"id":709017496190977,"type":106}
@nix {"action":"result","fields":[100,0],"id":709017496190977,"type":106}
@nix {"action":"start","fields":["/tmp/casita-chain-rerun-l2oceybd/round-1-baseline/chain-round-1-jobs-8/store/sg83plvry4r2vcwsz1qcqm4mbjhwmysk-leaf-25.drv.drv","",1,1],"id":709017496191055,"level":3,"parent":0,"text":"building '/tmp/casita-chain-rerun-l2oceybd/round-1-baseline/chain-round-1-jobs-8/store/sg83plvry4r2vcwsz1qcqm4mbjhwmysk-leaf-25.drv.drv'","type":105}
@nix {"action":"result","fields":[74,82,1,0],"id":709017496190978,"type":105}
@nix {"action":"result","fields":[0,0,0,0],"id":709017496190979,"type":105}
@nix {"action":"result","fields":[101,0],"id":709017496190977,"type":106}
@nix {"action":"result","fields":[100,0],"id":709017496190977,"type":106}
@nix {"action":"result","fields":[75,83,0,0],"id":709017496190978,"type":105}
@nix {"action":"result","fields":[0,0,0,0],"id":709017496190979,"type":105}
@nix {"action":"result","fields":[101,0],"id":709017496190977,"type":106}
@nix {"action":"result","fields":[100,0],"id":709017496190977,"type":106}
@nix {"action":"stop","id":709017496191055}
@nix {"action":"result","fields":[76,83,0,0],"id":709017496190978,"type":105}
@nix {"action":"result","fields":[0,0,0,0],"id":709017496190979,"type":105}
@nix {"action":"result","fields":[101,0],"id":709017496190977,"type":106}
@nix {"action":"result","fields":[100,0],"id":709017496190977,"type":106}
@nix {"action":"stop","id":709017496191054}
@nix {"action":"result","fields":[76,83,0,0],"id":709017496190978,"type":105}
@nix {"action":"result","fields":[0,0,0,0],"id":709017496190979,"type":105}
@nix {"action":"result","fields":[101,0],"id":709017496190977,"type":106}
@nix {"action":"result","fields":[100,0],"id":709017496190977,"type":106}
@nix {"action":"start","fields":["/tmp/casita-chain-rerun-l2oceybd/round-1-baseline/chain-round-1-jobs-8/store/h66qy49hl54dza8avmq9r041z4lgj1d4-leaf-25.drv","",1,1],"id":709017496191056,"level":3,"parent":0,"text":"building '/tmp/casita-chain-rerun-l2oceybd/round-1-baseline/chain-round-1-jobs-8/store/h66qy49hl54dza8avmq9r041z4lgj1d4-leaf-25.drv'","type":105}
@nix {"action":"result","fields":[76,83,1,0],"id":709017496190978,"type":105}
@nix {"action":"result","fields":[0,0,0,0],"id":709017496190979,"type":105}
@nix {"action":"result","fields":[101,0],"id":709017496190977,"type":106}
@nix {"action":"result","fields":[100,0],"id":709017496190977,"type":106}
@nix {"action":"result","fields":[77,84,0,0],"id":709017496190978,"type":105}
@nix {"action":"result","fields":[0,0,0,0],"id":709017496190979,"type":105}
@nix {"action":"result","fields":[101,0],"id":709017496190977,"type":106}
@nix {"action":"result","fields":[100,0],"id":709017496190977,"type":106}
@nix {"action":"stop","id":709017496191056}
@nix {"action":"start","fields":["/tmp/casita-chain-rerun-l2oceybd/round-1-baseline/chain-round-1-jobs-8/store/fkmbrargpfdskgza7ips7qfv9s86xnll-leaf-26.drv.drv","/tmp/casita-chain-rerun-l2oceybd/round-1-baseline/chain-round-1-jobs-8/store/hmrb6bx2cizv56rdwl3g82y1dfkyzr9p-leaf-26.drv.drv"],"id":709017496191057,"level":3,"parent":0,"text":"resolved derivation: '/tmp/casita-chain-rerun-l2oceybd/round-1-baseline/chain-round-1-jobs-8/store/fkmbrargpfdskgza7ips7qfv9s86xnll-leaf-26.drv.drv' -> '/tmp/casita-chain-rerun-l2oceybd/round-1-baseline/chain-round-1-jobs-8/store/hmrb6bx2cizv56rdwl3g82y1dfkyzr9p-leaf-26.drv.drv'","type":111}
@nix {"action":"result","fields":[77,84,0,0],"id":709017496190978,"type":105}
@nix {"action":"result","fields":[0,0,0,0],"id":709017496190979,"type":105}
@nix {"action":"result","fields":[101,0],"id":709017496190977,"type":106}
@nix {"action":"result","fields":[100,0],"id":709017496190977,"type":106}
@nix {"action":"start","fields":["/tmp/casita-chain-rerun-l2oceybd/round-1-baseline/chain-round-1-jobs-8/store/hmrb6bx2cizv56rdwl3g82y1dfkyzr9p-leaf-26.drv.drv","",1,1],"id":709017496191058,"level":3,"parent":0,"text":"building '/tmp/casita-chain-rerun-l2oceybd/round-1-baseline/chain-round-1-jobs-8/store/hmrb6bx2cizv56rdwl3g82y1dfkyzr9p-leaf-26.drv.drv'","type":105}
@nix {"action":"result","fields":[77,84,1,0],"id":709017496190978,"type":105}
@nix {"action":"result","fields":[0,0,0,0],"id":709017496190979,"type":105}
@nix {"action":"result","fields":[101,0],"id":709017496190977,"type":106}
@nix {"action":"result","fields":[100,0],"id":709017496190977,"type":106}
@nix {"action":"result","fields":[78,85,0,0],"id":709017496190978,"type":105}
@nix {"action":"result","fields":[0,0,0,0],"id":709017496190979,"type":105}
@nix {"action":"result","fields":[101,0],"id":709017496190977,"type":106}
@nix {"action":"result","fields":[100,0],"id":709017496190977,"type":106}
@nix {"action":"stop","id":709017496191058}
@nix {"action":"result","fields":[79,85,0,0],"id":709017496190978,"type":105}
@nix {"action":"result","fields":[0,0,0,0],"id":709017496190979,"type":105}
@nix {"action":"result","fields":[101,0],"id":709017496190977,"type":106}
@nix {"action":"result","fields":[100,0],"id":709017496190977,"type":106}
@nix {"action":"stop","id":709017496191057}
@nix {"action":"result","fields":[79,85,0,0],"id":709017496190978,"type":105}
@nix {"action":"result","fields":[0,0,0,0],"id":709017496190979,"type":105}
@nix {"action":"result","fields":[101,0],"id":709017496190977,"type":106}
@nix {"action":"result","fields":[100,0],"id":709017496190977,"type":106}
@nix {"action":"start","fields":["/tmp/casita-chain-rerun-l2oceybd/round-1-baseline/chain-round-1-jobs-8/store/5imdpv003p0gbd722q4s1zk92nw89jjh-leaf-26.drv","",1,1],"id":709017496191059,"level":3,"parent":0,"text":"building '/tmp/casita-chain-rerun-l2oceybd/round-1-baseline/chain-round-1-jobs-8/store/5imdpv003p0gbd722q4s1zk92nw89jjh-leaf-26.drv'","type":105}
@nix {"action":"result","fields":[79,85,1,0],"id":709017496190978,"type":105}
@nix {"action":"result","fields":[0,0,0,0],"id":709017496190979,"type":105}
@nix {"action":"result","fields":[101,0],"id":709017496190977,"type":106}
@nix {"action":"result","fields":[100,0],"id":709017496190977,"type":106}
@nix {"action":"result","fields":[80,86,0,0],"id":709017496190978,"type":105}
@nix {"action":"result","fields":[0,0,0,0],"id":709017496190979,"type":105}
@nix {"action":"result","fields":[101,0],"id":709017496190977,"type":106}
@nix {"action":"result","fields":[100,0],"id":709017496190977,"type":106}
@nix {"action":"stop","id":709017496191059}
@nix {"action":"start","fields":["/tmp/casita-chain-rerun-l2oceybd/round-1-baseline/chain-round-1-jobs-8/store/98jx767xgdczf5pis3d3q6pnllyl5h2y-leaf-27.drv.drv","/tmp/casita-chain-rerun-l2oceybd/round-1-baseline/chain-round-1-jobs-8/store/6g3jf5zzqmh7bg6n3agq0s8nx7yak16s-leaf-27.drv.drv"],"id":709017496191060,"level":3,"parent":0,"text":"resolved derivation: '/tmp/casita-chain-rerun-l2oceybd/round-1-baseline/chain-round-1-jobs-8/store/98jx767xgdczf5pis3d3q6pnllyl5h2y-leaf-27.drv.drv' -> '/tmp/casita-chain-rerun-l2oceybd/round-1-baseline/chain-round-1-jobs-8/store/6g3jf5zzqmh7bg6n3agq0s8nx7yak16s-leaf-27.drv.drv'","type":111}
@nix {"action":"result","fields":[80,86,0,0],"id":709017496190978,"type":105}
@nix {"action":"result","fields":[0,0,0,0],"id":709017496190979,"type":105}
@nix {"action":"result","fields":[101,0],"id":709017496190977,"type":106}
@nix {"action":"result","fields":[100,0],"id":709017496190977,"type":106}
@nix {"action":"start","fields":["/tmp/casita-chain-rerun-l2oceybd/round-1-baseline/chain-round-1-jobs-8/store/6g3jf5zzqmh7bg6n3agq0s8nx7yak16s-leaf-27.drv.drv","",1,1],"id":709017496191061,"level":3,"parent":0,"text":"building '/tmp/casita-chain-rerun-l2oceybd/round-1-baseline/chain-round-1-jobs-8/store/6g3jf5zzqmh7bg6n3agq0s8nx7yak16s-leaf-27.drv.drv'","type":105}
@nix {"action":"result","fields":[80,86,1,0],"id":709017496190978,"type":105}
@nix {"action":"result","fields":[0,0,0,0],"id":709017496190979,"type":105}
@nix {"action":"result","fields":[101,0],"id":709017496190977,"type":106}
@nix {"action":"result","fields":[100,0],"id":709017496190977,"type":106}
@nix {"action":"result","fields":[81,87,0,0],"id":709017496190978,"type":105}
@nix {"action":"result","fields":[0,0,0,0],"id":709017496190979,"type":105}
@nix {"action":"result","fields":[101,0],"id":709017496190977,"type":106}
@nix {"action":"result","fields":[100,0],"id":709017496190977,"type":106}
@nix {"action":"stop","id":709017496191061}
@nix {"action":"result","fields":[82,87,0,0],"id":709017496190978,"type":105}
@nix {"action":"result","fields":[0,0,0,0],"id":709017496190979,"type":105}
@nix {"action":"result","fields":[101,0],"id":709017496190977,"type":106}
@nix {"action":"result","fields":[100,0],"id":709017496190977,"type":106}
@nix {"action":"stop","id":709017496191060}
@nix {"action":"result","fields":[82,87,0,0],"id":709017496190978,"type":105}
@nix {"action":"result","fields":[0,0,0,0],"id":709017496190979,"type":105}
@nix {"action":"result","fields":[101,0],"id":709017496190977,"type":106}
@nix {"action":"result","fields":[100,0],"id":709017496190977,"type":106}
@nix {"action":"start","fields":["/tmp/casita-chain-rerun-l2oceybd/round-1-baseline/chain-round-1-jobs-8/store/d8vni5vc81bfkya31vw77diwhdaccbm3-leaf-27.drv","",1,1],"id":709017496191062,"level":3,"parent":0,"text":"building '/tmp/casita-chain-rerun-l2oceybd/round-1-baseline/chain-round-1-jobs-8/store/d8vni5vc81bfkya31vw77diwhdaccbm3-leaf-27.drv'","type":105}
@nix {"action":"result","fields":[82,87,1,0],"id":709017496190978,"type":105}
@nix {"action":"result","fields":[0,0,0,0],"id":709017496190979,"type":105}
@nix {"action":"result","fields":[101,0],"id":709017496190977,"type":106}
@nix {"action":"result","fields":[100,0],"id":709017496190977,"type":106}
@nix {"action":"result","fields":[83,88,0,0],"id":709017496190978,"type":105}
@nix {"action":"result","fields":[0,0,0,0],"id":709017496190979,"type":105}
@nix {"action":"result","fields":[101,0],"id":709017496190977,"type":106}
@nix {"action":"result","fields":[100,0],"id":709017496190977,"type":106}
@nix {"action":"stop","id":709017496191062}
@nix {"action":"start","fields":["/tmp/casita-chain-rerun-l2oceybd/round-1-baseline/chain-round-1-jobs-8/store/i6aw290di0laf52hzszfwy9v01pnf2j0-leaf-28.drv.drv","/tmp/casita-chain-rerun-l2oceybd/round-1-baseline/chain-round-1-jobs-8/store/6x2f03clwd5wqdpn325g95w5rfaqbg0w-leaf-28.drv.drv"],"id":709017496191063,"level":3,"parent":0,"text":"resolved derivation: '/tmp/casita-chain-rerun-l2oceybd/round-1-baseline/chain-round-1-jobs-8/store/i6aw290di0laf52hzszfwy9v01pnf2j0-leaf-28.drv.drv' -> '/tmp/casita-chain-rerun-l2oceybd/round-1-baseline/chain-round-1-jobs-8/store/6x2f03clwd5wqdpn325g95w5rfaqbg0w-leaf-28.drv.drv'","type":111}
@nix {"action":"result","fields":[83,88,0,0],"id":709017496190978,"type":105}
@nix {"action":"result","fields":[0,0,0,0],"id":709017496190979,"type":105}
@nix {"action":"result","fields":[101,0],"id":709017496190977,"type":106}
@nix {"action":"result","fields":[100,0],"id":709017496190977,"type":106}
@nix {"action":"start","fields":["/tmp/casita-chain-rerun-l2oceybd/round-1-baseline/chain-round-1-jobs-8/store/6x2f03clwd5wqdpn325g95w5rfaqbg0w-leaf-28.drv.drv","",1,1],"id":709017496191064,"level":3,"parent":0,"text":"building '/tmp/casita-chain-rerun-l2oceybd/round-1-baseline/chain-round-1-jobs-8/store/6x2f03clwd5wqdpn325g95w5rfaqbg0w-leaf-28.drv.drv'","type":105}
@nix {"action":"result","fields":[83,88,1,0],"id":709017496190978,"type":105}
@nix {"action":"result","fields":[0,0,0,0],"id":709017496190979,"type":105}
@nix {"action":"result","fields":[101,0],"id":709017496190977,"type":106}
@nix {"action":"result","fields":[100,0],"id":709017496190977,"type":106}
@nix {"action":"result","fields":[84,89,0,0],"id":709017496190978,"type":105}
@nix {"action":"result","fields":[0,0,0,0],"id":709017496190979,"type":105}
@nix {"action":"result","fields":[101,0],"id":709017496190977,"type":106}
@nix {"action":"result","fields":[100,0],"id":709017496190977,"type":106}
@nix {"action":"stop","id":709017496191064}
@nix {"action":"result","fields":[85,89,0,0],"id":709017496190978,"type":105}
@nix {"action":"result","fields":[0,0,0,0],"id":709017496190979,"type":105}
@nix {"action":"result","fields":[101,0],"id":709017496190977,"type":106}
@nix {"action":"result","fields":[100,0],"id":709017496190977,"type":106}
@nix {"action":"stop","id":709017496191063}
@nix {"action":"result","fields":[85,89,0,0],"id":709017496190978,"type":105}
@nix {"action":"result","fields":[0,0,0,0],"id":709017496190979,"type":105}
@nix {"action":"result","fields":[101,0],"id":709017496190977,"type":106}
@nix {"action":"result","fields":[100,0],"id":709017496190977,"type":106}
@nix {"action":"start","fields":["/tmp/casita-chain-rerun-l2oceybd/round-1-baseline/chain-round-1-jobs-8/store/8srsqyjn6s5v00lvrfkv0sryz9baba8d-leaf-28.drv","",1,1],"id":709017496191065,"level":3,"parent":0,"text":"building '/tmp/casita-chain-rerun-l2oceybd/round-1-baseline/chain-round-1-jobs-8/store/8srsqyjn6s5v00lvrfkv0sryz9baba8d-leaf-28.drv'","type":105}
@nix {"action":"result","fields":[85,89,1,0],"id":709017496190978,"type":105}
@nix {"action":"result","fields":[0,0,0,0],"id":709017496190979,"type":105}
@nix {"action":"result","fields":[101,0],"id":709017496190977,"type":106}
@nix {"action":"result","fields":[100,0],"id":709017496190977,"type":106}
@nix {"action":"result","fields":[86,90,0,0],"id":709017496190978,"type":105}
@nix {"action":"result","fields":[0,0,0,0],"id":709017496190979,"type":105}
@nix {"action":"result","fields":[101,0],"id":709017496190977,"type":106}
@nix {"action":"result","fields":[100,0],"id":709017496190977,"type":106}
@nix {"action":"stop","id":709017496191065}
@nix {"action":"start","fields":["/tmp/casita-chain-rerun-l2oceybd/round-1-baseline/chain-round-1-jobs-8/store/q7lwgqrksz76pz2q1h5lc9nwdrhwgs0h-leaf-29.drv.drv","/tmp/casita-chain-rerun-l2oceybd/round-1-baseline/chain-round-1-jobs-8/store/0bbf8q58nmxh4q0ssqnc99y3k924sv2j-leaf-29.drv.drv"],"id":709017496191066,"level":3,"parent":0,"text":"resolved derivation: '/tmp/casita-chain-rerun-l2oceybd/round-1-baseline/chain-round-1-jobs-8/store/q7lwgqrksz76pz2q1h5lc9nwdrhwgs0h-leaf-29.drv.drv' -> '/tmp/casita-chain-rerun-l2oceybd/round-1-baseline/chain-round-1-jobs-8/store/0bbf8q58nmxh4q0ssqnc99y3k924sv2j-leaf-29.drv.drv'","type":111}
@nix {"action":"result","fields":[86,90,0,0],"id":709017496190978,"type":105}
@nix {"action":"result","fields":[0,0,0,0],"id":709017496190979,"type":105}
@nix {"action":"result","fields":[101,0],"id":709017496190977,"type":106}
@nix {"action":"result","fields":[100,0],"id":709017496190977,"type":106}
@nix {"action":"start","fields":["/tmp/casita-chain-rerun-l2oceybd/round-1-baseline/chain-round-1-jobs-8/store/0bbf8q58nmxh4q0ssqnc99y3k924sv2j-leaf-29.drv.drv","",1,1],"id":709017496191067,"level":3,"parent":0,"text":"building '/tmp/casita-chain-rerun-l2oceybd/round-1-baseline/chain-round-1-jobs-8/store/0bbf8q58nmxh4q0ssqnc99y3k924sv2j-leaf-29.drv.drv'","type":105}
@nix {"action":"result","fields":[86,90,1,0],"id":709017496190978,"type":105}
@nix {"action":"result","fields":[0,0,0,0],"id":709017496190979,"type":105}
@nix {"action":"result","fields":[101,0],"id":709017496190977,"type":106}
@nix {"action":"result","fields":[100,0],"id":709017496190977,"type":106}
@nix {"action":"result","fields":[87,91,0,0],"id":709017496190978,"type":105}
@nix {"action":"result","fields":[0,0,0,0],"id":709017496190979,"type":105}
@nix {"action":"result","fields":[101,0],"id":709017496190977,"type":106}
@nix {"action":"result","fields":[100,0],"id":709017496190977,"type":106}
@nix {"action":"stop","id":709017496191067}
@nix {"action":"result","fields":[88,91,0,0],"id":709017496190978,"type":105}
@nix {"action":"result","fields":[0,0,0,0],"id":709017496190979,"type":105}
@nix {"action":"result","fields":[101,0],"id":709017496190977,"type":106}
@nix {"action":"result","fields":[100,0],"id":709017496190977,"type":106}
@nix {"action":"stop","id":709017496191066}
@nix {"action":"result","fields":[88,91,0,0],"id":709017496190978,"type":105}
@nix {"action":"result","fields":[0,0,0,0],"id":709017496190979,"type":105}
@nix {"action":"result","fields":[101,0],"id":709017496190977,"type":106}
@nix {"action":"result","fields":[100,0],"id":709017496190977,"type":106}
@nix {"action":"start","fields":["/tmp/casita-chain-rerun-l2oceybd/round-1-baseline/chain-round-1-jobs-8/store/8cgnskpngm8wzfsqz06zbls99s93qq3k-leaf-29.drv","",1,1],"id":709017496191068,"level":3,"parent":0,"text":"building '/tmp/casita-chain-rerun-l2oceybd/round-1-baseline/chain-round-1-jobs-8/store/8cgnskpngm8wzfsqz06zbls99s93qq3k-leaf-29.drv'","type":105}
@nix {"action":"result","fields":[88,91,1,0],"id":709017496190978,"type":105}
@nix {"action":"result","fields":[0,0,0,0],"id":709017496190979,"type":105}
@nix {"action":"result","fields":[101,0],"id":709017496190977,"type":106}
@nix {"action":"result","fields":[100,0],"id":709017496190977,"type":106}
@nix {"action":"result","fields":[89,92,0,0],"id":709017496190978,"type":105}
@nix {"action":"result","fields":[0,0,0,0],"id":709017496190979,"type":105}
@nix {"action":"result","fields":[101,0],"id":709017496190977,"type":106}
@nix {"action":"result","fields":[100,0],"id":709017496190977,"type":106}
@nix {"action":"stop","id":709017496191068}
@nix {"action":"start","fields":["/tmp/casita-chain-rerun-l2oceybd/round-1-baseline/chain-round-1-jobs-8/store/0p12md6jin56wzi4z8k08a2n04gn2lhv-leaf-30.drv.drv","/tmp/casita-chain-rerun-l2oceybd/round-1-baseline/chain-round-1-jobs-8/store/9yr5rd1idysarly3sjsacx1354payn33-leaf-30.drv.drv"],"id":709017496191069,"level":3,"parent":0,"text":"resolved derivation: '/tmp/casita-chain-rerun-l2oceybd/round-1-baseline/chain-round-1-jobs-8/store/0p12md6jin56wzi4z8k08a2n04gn2lhv-leaf-30.drv.drv' -> '/tmp/casita-chain-rerun-l2oceybd/round-1-baseline/chain-round-1-jobs-8/store/9yr5rd1idysarly3sjsacx1354payn33-leaf-30.drv.drv'","type":111}
@nix {"action":"result","fields":[89,92,0,0],"id":709017496190978,"type":105}
@nix {"action":"result","fields":[0,0,0,0],"id":709017496190979,"type":105}
@nix {"action":"result","fields":[101,0],"id":709017496190977,"type":106}
@nix {"action":"result","fields":[100,0],"id":709017496190977,"type":106}
@nix {"action":"start","fields":["/tmp/casita-chain-rerun-l2oceybd/round-1-baseline/chain-round-1-jobs-8/store/9yr5rd1idysarly3sjsacx1354payn33-leaf-30.drv.drv","",1,1],"id":709017496191070,"level":3,"parent":0,"text":"building '/tmp/casita-chain-rerun-l2oceybd/round-1-baseline/chain-round-1-jobs-8/store/9yr5rd1idysarly3sjsacx1354payn33-leaf-30.drv.drv'","type":105}
@nix {"action":"result","fields":[89,92,1,0],"id":709017496190978,"type":105}
@nix {"action":"result","fields":[0,0,0,0],"id":709017496190979,"type":105}
@nix {"action":"result","fields":[101,0],"id":709017496190977,"type":106}
@nix {"action":"result","fields":[100,0],"id":709017496190977,"type":106}
@nix {"action":"result","fields":[90,93,0,0],"id":709017496190978,"type":105}
@nix {"action":"result","fields":[0,0,0,0],"id":709017496190979,"type":105}
@nix {"action":"result","fields":[101,0],"id":709017496190977,"type":106}
@nix {"action":"result","fields":[100,0],"id":709017496190977,"type":106}
@nix {"action":"stop","id":709017496191070}
@nix {"action":"result","fields":[91,93,0,0],"id":709017496190978,"type":105}
@nix {"action":"result","fields":[0,0,0,0],"id":709017496190979,"type":105}
@nix {"action":"result","fields":[101,0],"id":709017496190977,"type":106}
@nix {"action":"result","fields":[100,0],"id":709017496190977,"type":106}
@nix {"action":"stop","id":709017496191069}
@nix {"action":"result","fields":[91,93,0,0],"id":709017496190978,"type":105}
@nix {"action":"result","fields":[0,0,0,0],"id":709017496190979,"type":105}
@nix {"action":"result","fields":[101,0],"id":709017496190977,"type":106}
@nix {"action":"result","fields":[100,0],"id":709017496190977,"type":106}
@nix {"action":"start","fields":["/tmp/casita-chain-rerun-l2oceybd/round-1-baseline/chain-round-1-jobs-8/store/j2z8nd5wv4iqz12299cmjv5wdyj8qdma-leaf-30.drv","",1,1],"id":709017496191071,"level":3,"parent":0,"text":"building '/tmp/casita-chain-rerun-l2oceybd/round-1-baseline/chain-round-1-jobs-8/store/j2z8nd5wv4iqz12299cmjv5wdyj8qdma-leaf-30.drv'","type":105}
@nix {"action":"result","fields":[91,93,1,0],"id":709017496190978,"type":105}
@nix {"action":"result","fields":[0,0,0,0],"id":709017496190979,"type":105}
@nix {"action":"result","fields":[101,0],"id":709017496190977,"type":106}
@nix {"action":"result","fields":[100,0],"id":709017496190977,"type":106}
@nix {"action":"result","fields":[92,94,0,0],"id":709017496190978,"type":105}
@nix {"action":"result","fields":[0,0,0,0],"id":709017496190979,"type":105}
@nix {"action":"result","fields":[101,0],"id":709017496190977,"type":106}
@nix {"action":"result","fields":[100,0],"id":709017496190977,"type":106}
@nix {"action":"stop","id":709017496191071}
@nix {"action":"start","fields":["/tmp/casita-chain-rerun-l2oceybd/round-1-baseline/chain-round-1-jobs-8/store/2hyw85n7zqin0xggrfblk2728g8jsih3-leaf-31.drv.drv","/tmp/casita-chain-rerun-l2oceybd/round-1-baseline/chain-round-1-jobs-8/store/hhx8pzh74xx1wz298m326sxgvzir75k7-leaf-31.drv.drv"],"id":709017496191072,"level":3,"parent":0,"text":"resolved derivation: '/tmp/casita-chain-rerun-l2oceybd/round-1-baseline/chain-round-1-jobs-8/store/2hyw85n7zqin0xggrfblk2728g8jsih3-leaf-31.drv.drv' -> '/tmp/casita-chain-rerun-l2oceybd/round-1-baseline/chain-round-1-jobs-8/store/hhx8pzh74xx1wz298m326sxgvzir75k7-leaf-31.drv.drv'","type":111}
@nix {"action":"result","fields":[92,94,0,0],"id":709017496190978,"type":105}
@nix {"action":"result","fields":[0,0,0,0],"id":709017496190979,"type":105}
@nix {"action":"result","fields":[101,0],"id":709017496190977,"type":106}
@nix {"action":"result","fields":[100,0],"id":709017496190977,"type":106}
@nix {"action":"start","fields":["/tmp/casita-chain-rerun-l2oceybd/round-1-baseline/chain-round-1-jobs-8/store/hhx8pzh74xx1wz298m326sxgvzir75k7-leaf-31.drv.drv","",1,1],"id":709017496191073,"level":3,"parent":0,"text":"building '/tmp/casita-chain-rerun-l2oceybd/round-1-baseline/chain-round-1-jobs-8/store/hhx8pzh74xx1wz298m326sxgvzir75k7-leaf-31.drv.drv'","type":105}
@nix {"action":"result","fields":[92,94,1,0],"id":709017496190978,"type":105}
@nix {"action":"result","fields":[0,0,0,0],"id":709017496190979,"type":105}
@nix {"action":"result","fields":[101,0],"id":709017496190977,"type":106}
@nix {"action":"result","fields":[100,0],"id":709017496190977,"type":106}
@nix {"action":"result","fields":[93,95,0,0],"id":709017496190978,"type":105}
@nix {"action":"result","fields":[0,0,0,0],"id":709017496190979,"type":105}
@nix {"action":"result","fields":[101,0],"id":709017496190977,"type":106}
@nix {"action":"result","fields":[100,0],"id":709017496190977,"type":106}
@nix {"action":"stop","id":709017496191073}
@nix {"action":"result","fields":[94,95,0,0],"id":709017496190978,"type":105}
@nix {"action":"result","fields":[0,0,0,0],"id":709017496190979,"type":105}
@nix {"action":"result","fields":[101,0],"id":709017496190977,"type":106}
@nix {"action":"result","fields":[100,0],"id":709017496190977,"type":106}
@nix {"action":"stop","id":709017496191072}
@nix {"action":"result","fields":[94,95,0,0],"id":709017496190978,"type":105}
@nix {"action":"result","fields":[0,0,0,0],"id":709017496190979,"type":105}
@nix {"action":"result","fields":[101,0],"id":709017496190977,"type":106}
@nix {"action":"result","fields":[100,0],"id":709017496190977,"type":106}
@nix {"action":"start","fields":["/tmp/casita-chain-rerun-l2oceybd/round-1-baseline/chain-round-1-jobs-8/store/fn401i6v36x48xcwg1138mxkfw5qkp0k-leaf-31.drv","",1,1],"id":709017496191074,"level":3,"parent":0,"text":"building '/tmp/casita-chain-rerun-l2oceybd/round-1-baseline/chain-round-1-jobs-8/store/fn401i6v36x48xcwg1138mxkfw5qkp0k-leaf-31.drv'","type":105}
@nix {"action":"result","fields":[94,95,1,0],"id":709017496190978,"type":105}
@nix {"action":"result","fields":[0,0,0,0],"id":709017496190979,"type":105}
@nix {"action":"result","fields":[101,0],"id":709017496190977,"type":106}
@nix {"action":"result","fields":[100,0],"id":709017496190977,"type":106}
@nix {"action":"result","fields":[95,96,0,0],"id":709017496190978,"type":105}
@nix {"action":"result","fields":[0,0,0,0],"id":709017496190979,"type":105}
@nix {"action":"result","fields":[101,0],"id":709017496190977,"type":106}
@nix {"action":"result","fields":[100,0],"id":709017496190977,"type":106}
@nix {"action":"stop","id":709017496191074}
@nix {"action":"stop","id":709017496190979}
@nix {"action":"stop","id":709017496190978}
@nix {"action":"stop","id":709017496190977}
