@nix {"action":"start","id":243176753332224,"level":6,"parent":0,"text":"querying info about missing paths","type":0}
@nix {"action":"msg","level":1,"msg":"\u001b[35;1mwarning:\u001b[0m Ignoring dynamic derivation /Users/hetzner/obrador-shared-pins-20260909/round-3-baseline/wide-round-1-jobs-8/store/3hkh4rd94kx7knyp8lb778grb9x2lpnq-leaf-28.drv.drv^out while querying missing paths; not yet implemented"}
@nix {"action":"msg","level":1,"msg":"\u001b[35;1mwarning:\u001b[0m Ignoring dynamic derivation /Users/hetzner/obrador-shared-pins-20260909/round-3-baseline/wide-round-1-jobs-8/store/45xi9gb4d61brqki44280mv5z4bm0ry2-leaf-9.drv.drv^out while querying missing paths; not yet implemented"}
@nix {"action":"msg","level":1,"msg":"\u001b[35;1mwarning:\u001b[0m Ignoring dynamic derivation /Users/hetzner/obrador-shared-pins-20260909/round-3-baseline/wide-round-1-jobs-8/store/5r0lwakyxr7mmkn57ic56ssk8n3q9nyg-leaf-7.drv.drv^out while querying missing paths; not yet implemented"}
@nix {"action":"msg","level":1,"msg":"\u001b[35;1mwarning:\u001b[0m Ignoring dynamic derivation /Users/hetzner/obrador-shared-pins-20260909/round-3-baseline/wide-round-1-jobs-8/store/6d47zjddx60v8ax52r64s6cmhc9xyz9j-leaf-20.drv.drv^out while querying missing paths; not yet implemented"}
@nix {"action":"msg","level":1,"msg":"\u001b[35;1mwarning:\u001b[0m Ignoring dynamic derivation /Users/hetzner/obrador-shared-pins-20260909/round-3-baseline/wide-round-1-jobs-8/store/7r2bxpvi64cfxps4vvpyxcz86x3kg51n-leaf-17.drv.drv^out while querying missing paths; not yet implemented"}
@nix {"action":"msg","level":1,"msg":"\u001b[35;1mwarning:\u001b[0m Ignoring dynamic derivation /Users/hetzner/obrador-shared-pins-20260909/round-3-baseline/wide-round-1-jobs-8/store/8rf8g5hpabxmcwa1y9sa3ignn4n6fy05-leaf-0.drv.drv^out while querying missing paths; not yet implemented"}
@nix {"action":"msg","level":1,"msg":"\u001b[35;1mwarning:\u001b[0m Ignoring dynamic derivation /Users/hetzner/obrador-shared-pins-20260909/round-3-baseline/wide-round-1-jobs-8/store/a1k7wcl9m2lc0nhwpbmc4pk799fa7h66-leaf-11.drv.drv^out while querying missing paths; not yet implemented"}
@nix {"action":"msg","level":1,"msg":"\u001b[35;1mwarning:\u001b[0m Ignoring dynamic derivation /Users/hetzner/obrador-shared-pins-20260909/round-3-baseline/wide-round-1-jobs-8/store/amlixb6rrzsxn1xawymgxclv81v7dfxv-leaf-31.drv.drv^out while querying missing paths; not yet implemented"}
@nix {"action":"msg","level":1,"msg":"\u001b[35;1mwarning:\u001b[0m Ignoring dynamic derivation /Users/hetzner/obrador-shared-pins-20260909/round-3-baseline/wide-round-1-jobs-8/store/apfwhjpyssc5zipk7h1fkj5568rdp3n1-leaf-14.drv.drv^out while querying missing paths; not yet implemented"}
@nix {"action":"msg","level":1,"msg":"\u001b[35;1mwarning:\u001b[0m Ignoring dynamic derivation /Users/hetzner/obrador-shared-pins-20260909/round-3-baseline/wide-round-1-jobs-8/store/bdf5wxw4mi1fylgrkjyqk2lyjqxppky0-leaf-19.drv.drv^out while querying missing paths; not yet implemented"}
@nix {"action":"msg","level":1,"msg":"\u001b[35;1mwarning:\u001b[0m Ignoring dynamic derivation /Users/hetzner/obrador-shared-pins-20260909/round-3-baseline/wide-round-1-jobs-8/store/cg7mmnp8s07cnq6g93lldp3r8plyfqan-leaf-18.drv.drv^out while querying missing paths; not yet implemented"}
@nix {"action":"msg","level":1,"msg":"\u001b[35;1mwarning:\u001b[0m Ignoring dynamic derivation /Users/hetzner/obrador-shared-pins-20260909/round-3-baseline/wide-round-1-jobs-8/store/f3lgv2pxm1l3kir2hakiqlb7p4ih4qih-leaf-27.drv.drv^out while querying missing paths; not yet implemented"}
@nix {"action":"msg","level":1,"msg":"\u001b[35;1mwarning:\u001b[0m Ignoring dynamic derivation /Users/hetzner/obrador-shared-pins-20260909/round-3-baseline/wide-round-1-jobs-8/store/fjyjy6i6hzina5b2i3w7z8yavl08wskc-leaf-26.drv.drv^out while querying missing paths; not yet implemented"}
@nix {"action":"msg","level":1,"msg":"\u001b[35;1mwarning:\u001b[0m Ignoring dynamic derivation /Users/hetzner/obrador-shared-pins-20260909/round-3-baseline/wide-round-1-jobs-8/store/fniw6rvsfcg4jzms3101bl7ylgg280ry-leaf-22.drv.drv^out while querying missing paths; not yet implemented"}
@nix {"action":"msg","level":1,"msg":"\u001b[35;1mwarning:\u001b[0m Ignoring dynamic derivation /Users/hetzner/obrador-shared-pins-20260909/round-3-baseline/wide-round-1-jobs-8/store/g82bw4ngg7k4q1cm2v70p5r3zyk1fmdl-leaf-4.drv.drv^out while querying missing paths; not yet implemented"}
@nix {"action":"msg","level":1,"msg":"\u001b[35;1mwarning:\u001b[0m Ignoring dynamic derivation /Users/hetzner/obrador-shared-pins-20260909/round-3-baseline/wide-round-1-jobs-8/store/hcblijhgcri4d4d01kmc8sy4vkrwjfd3-leaf-2.drv.drv^out while querying missing paths; not yet implemented"}
@nix {"action":"msg","level":1,"msg":"\u001b[35;1mwarning:\u001b[0m Ignoring dynamic derivation /Users/hetzner/obrador-shared-pins-20260909/round-3-baseline/wide-round-1-jobs-8/store/izc3mq0b2n3zq7w95f951q4iaax5xwff-leaf-16.drv.drv^out while querying missing paths; not yet implemented"}
@nix {"action":"msg","level":1,"msg":"\u001b[35;1mwarning:\u001b[0m Ignoring dynamic derivation /Users/hetzner/obrador-shared-pins-20260909/round-3-baseline/wide-round-1-jobs-8/store/k81hj07gkw8jzz145rjrb7l3ia9fmkn2-leaf-25.drv.drv^out while querying missing paths; not yet implemented"}
@nix {"action":"msg","level":1,"msg":"\u001b[35;1mwarning:\u001b[0m Ignoring dynamic derivation /Users/hetzner/obrador-shared-pins-20260909/round-3-baseline/wide-round-1-jobs-8/store/kqcibflna0wrsbny57c5zw69n48pb4sv-leaf-29.drv.drv^out while querying missing paths; not yet implemented"}
@nix {"action":"msg","level":1,"msg":"\u001b[35;1mwarning:\u001b[0m Ignoring dynamic derivation /Users/hetzner/obrador-shared-pins-20260909/round-3-baseline/wide-round-1-jobs-8/store/lszanrk2yka1dv389q1i4vpm9k8s8xc1-leaf-12.drv.drv^out while querying missing paths; not yet implemented"}
@nix {"action":"msg","level":1,"msg":"\u001b[35;1mwarning:\u001b[0m Ignoring dynamic derivation /Users/hetzner/obrador-shared-pins-20260909/round-3-baseline/wide-round-1-jobs-8/store/mjnbfn3jwjcamry8ghqxgllgm8h7dpjq-leaf-30.drv.drv^out while querying missing paths; not yet implemented"}
@nix {"action":"msg","level":1,"msg":"\u001b[35;1mwarning:\u001b[0m Ignoring dynamic derivation /Users/hetzner/obrador-shared-pins-20260909/round-3-baseline/wide-round-1-jobs-8/store/nr8w4nqpfrwmnvcq8czlvzk1h41hdy2b-leaf-13.drv.drv^out while querying missing paths; not yet implemented"}
@nix {"action":"msg","level":1,"msg":"\u001b[35;1mwarning:\u001b[0m Ignoring dynamic derivation /Users/hetzner/obrador-shared-pins-20260909/round-3-baseline/wide-round-1-jobs-8/store/pwn74ylqy4lbqwpgjhy2rdn8djddmx7g-leaf-15.drv.drv^out while querying missing paths; not yet implemented"}
@nix {"action":"msg","level":1,"msg":"\u001b[35;1mwarning:\u001b[0m Ignoring dynamic derivation /Users/hetzner/obrador-shared-pins-20260909/round-3-baseline/wide-round-1-jobs-8/store/q5i7q18fvwzrnsmdqpr5q8md2xm23qj0-leaf-21.drv.drv^out while querying missing paths; not yet implemented"}
@nix {"action":"msg","level":1,"msg":"\u001b[35;1mwarning:\u001b[0m Ignoring dynamic derivation /Users/hetzner/obrador-shared-pins-20260909/round-3-baseline/wide-round-1-jobs-8/store/rdsglilf8fbjzbqlral1kz8l5xykdahh-leaf-5.drv.drv^out while querying missing paths; not yet implemented"}
@nix {"action":"msg","level":1,"msg":"\u001b[35;1mwarning:\u001b[0m Ignoring dynamic derivation /Users/hetzner/obrador-shared-pins-20260909/round-3-baseline/wide-round-1-jobs-8/store/rmf0q30ig40wif1z2v93k7qg33nbh8mn-leaf-6.drv.drv^out while querying missing paths; not yet implemented"}
@nix {"action":"msg","level":1,"msg":"\u001b[35;1mwarning:\u001b[0m Ignoring dynamic derivation /Users/hetzner/obrador-shared-pins-20260909/round-3-baseline/wide-round-1-jobs-8/store/sai83lfgiazinv4bqbnid5jgcf81lkcl-leaf-24.drv.drv^out while querying missing paths; not yet implemented"}
@nix {"action":"msg","level":1,"msg":"\u001b[35;1mwarning:\u001b[0m Ignoring dynamic derivation /Users/hetzner/obrador-shared-pins-20260909/round-3-baseline/wide-round-1-jobs-8/store/x62zmfmjdrc5yjpwjczprcsxb620psc8-leaf-8.drv.drv^out while querying missing paths; not yet implemented"}
@nix {"action":"msg","level":1,"msg":"\u001b[35;1mwarning:\u001b[0m Ignoring dynamic derivation /Users/hetzner/obrador-shared-pins-20260909/round-3-baseline/wide-round-1-jobs-8/store/xp6gdbwlcckjdy8fa0qnqqc87qhgaxnj-leaf-1.drv.drv^out while querying missing paths; not yet implemented"}
@nix {"action":"msg","level":1,"msg":"\u001b[35;1mwarning:\u001b[0m Ignoring dynamic derivation /Users/hetzner/obrador-shared-pins-20260909/round-3-baseline/wide-round-1-jobs-8/store/xww4cd2q8bprhxqvvar81mnv68qwrw9q-leaf-10.drv.drv^out while querying missing paths; not yet implemented"}
@nix {"action":"msg","level":1,"msg":"\u001b[35;1mwarning:\u001b[0m Ignoring dynamic derivation /Users/hetzner/obrador-shared-pins-20260909/round-3-baseline/wide-round-1-jobs-8/store/yjrmzn8vg7khbl8lr85m1g494n6kz1mw-leaf-3.drv.drv^out while querying missing paths; not yet implemented"}
@nix {"action":"msg","level":1,"msg":"\u001b[35;1mwarning:\u001b[0m Ignoring dynamic derivation /Users/hetzner/obrador-shared-pins-20260909/round-3-baseline/wide-round-1-jobs-8/store/zl2d390bysqwcif9xiv8d6lm0j5n5j68-leaf-23.drv.drv^out while querying missing paths; not yet implemented"}
@nix {"action":"stop","id":243176753332224}
@nix {"action":"start","id":243176753332225,"level":0,"parent":0,"text":"","type":102}
@nix {"action":"start","id":243176753332226,"level":0,"parent":0,"text":"","type":104}
@nix {"action":"start","id":243176753332227,"level":0,"parent":0,"text":"","type":103}
@nix {"action":"result","fields":[0,0,0,0],"id":243176753332226,"type":105}
@nix {"action":"result","fields":[0,0,0,0],"id":243176753332227,"type":105}
@nix {"action":"result","fields":[101,0],"id":243176753332225,"type":106}
@nix {"action":"result","fields":[100,0],"id":243176753332225,"type":106}
@nix {"action":"result","fields":[0,0,0,0],"id":243176753332226,"type":105}
@nix {"action":"result","fields":[0,0,0,0],"id":243176753332227,"type":105}
@nix {"action":"result","fields":[101,0],"id":243176753332225,"type":106}
@nix {"action":"result","fields":[100,0],"id":243176753332225,"type":106}
@nix {"action":"result","fields":[0,0,0,0],"id":243176753332226,"type":105}
@nix {"action":"result","fields":[0,0,0,0],"id":243176753332227,"type":105}
@nix {"action":"result","fields":[101,0],"id":243176753332225,"type":106}
@nix {"action":"result","fields":[100,0],"id":243176753332225,"type":106}
@nix {"action":"result","fields":[0,0,0,0],"id":243176753332226,"type":105}
@nix {"action":"result","fields":[0,0,0,0],"id":243176753332227,"type":105}
@nix {"action":"result","fields":[101,0],"id":243176753332225,"type":106}
@nix {"action":"result","fields":[100,0],"id":243176753332225,"type":106}
@nix {"action":"result","fields":[0,0,0,0],"id":243176753332226,"type":105}
@nix {"action":"result","fields":[0,0,0,0],"id":243176753332227,"type":105}
@nix {"action":"result","fields":[101,0],"id":243176753332225,"type":106}
@nix {"action":"result","fields":[100,0],"id":243176753332225,"type":106}
@nix {"action":"result","fields":[0,0,0,0],"id":243176753332226,"type":105}
@nix {"action":"result","fields":[0,0,0,0],"id":243176753332227,"type":105}
@nix {"action":"result","fields":[101,0],"id":243176753332225,"type":106}
@nix {"action":"result","fields":[100,0],"id":243176753332225,"type":106}
@nix {"action":"result","fields":[0,0,0,0],"id":243176753332226,"type":105}
@nix {"action":"result","fields":[0,0,0,0],"id":243176753332227,"type":105}
@nix {"action":"result","fields":[101,0],"id":243176753332225,"type":106}
@nix {"action":"result","fields":[100,0],"id":243176753332225,"type":106}
@nix {"action":"result","fields":[0,0,0,0],"id":243176753332226,"type":105}
@nix {"action":"result","fields":[0,0,0,0],"id":243176753332227,"type":105}
@nix {"action":"result","fields":[101,0],"id":243176753332225,"type":106}
@nix {"action":"result","fields":[100,0],"id":243176753332225,"type":106}
@nix {"action":"result","fields":[0,0,0,0],"id":243176753332226,"type":105}
@nix {"action":"result","fields":[0,0,0,0],"id":243176753332227,"type":105}
@nix {"action":"result","fields":[101,0],"id":243176753332225,"type":106}
@nix {"action":"result","fields":[100,0],"id":243176753332225,"type":106}
@nix {"action":"result","fields":[0,0,0,0],"id":243176753332226,"type":105}
@nix {"action":"result","fields":[0,0,0,0],"id":243176753332227,"type":105}
@nix {"action":"result","fields":[101,0],"id":243176753332225,"type":106}
@nix {"action":"result","fields":[100,0],"id":243176753332225,"type":106}
@nix {"action":"result","fields":[0,0,0,0],"id":243176753332226,"type":105}
@nix {"action":"result","fields":[0,0,0,0],"id":243176753332227,"type":105}
@nix {"action":"result","fields":[101,0],"id":243176753332225,"type":106}
@nix {"action":"result","fields":[100,0],"id":243176753332225,"type":106}
@nix {"action":"result","fields":[0,0,0,0],"id":243176753332226,"type":105}
@nix {"action":"result","fields":[0,0,0,0],"id":243176753332227,"type":105}
@nix {"action":"result","fields":[101,0],"id":243176753332225,"type":106}
@nix {"action":"result","fields":[100,0],"id":243176753332225,"type":106}
@nix {"action":"result","fields":[0,0,0,0],"id":243176753332226,"type":105}
@nix {"action":"result","fields":[0,0,0,0],"id":243176753332227,"type":105}
@nix {"action":"result","fields":[101,0],"id":243176753332225,"type":106}
@nix {"action":"result","fields":[100,0],"id":243176753332225,"type":106}
@nix {"action":"result","fields":[0,0,0,0],"id":243176753332226,"type":105}
@nix {"action":"result","fields":[0,0,0,0],"id":243176753332227,"type":105}
@nix {"action":"result","fields":[101,0],"id":243176753332225,"type":106}
@nix {"action":"result","fields":[100,0],"id":243176753332225,"type":106}
@nix {"action":"result","fields":[0,0,0,0],"id":243176753332226,"type":105}
@nix {"action":"result","fields":[0,0,0,0],"id":243176753332227,"type":105}
@nix {"action":"result","fields":[101,0],"id":243176753332225,"type":106}
@nix {"action":"result","fields":[100,0],"id":243176753332225,"type":106}
@nix {"action":"result","fields":[0,0,0,0],"id":243176753332226,"type":105}
@nix {"action":"result","fields":[0,0,0,0],"id":243176753332227,"type":105}
@nix {"action":"result","fields":[101,0],"id":243176753332225,"type":106}
@nix {"action":"result","fields":[100,0],"id":243176753332225,"type":106}
@nix {"action":"result","fields":[0,0,0,0],"id":243176753332226,"type":105}
@nix {"action":"result","fields":[0,0,0,0],"id":243176753332227,"type":105}
@nix {"action":"result","fields":[101,0],"id":243176753332225,"type":106}
@nix {"action":"result","fields":[100,0],"id":243176753332225,"type":106}
@nix {"action":"result","fields":[0,0,0,0],"id":243176753332226,"type":105}
@nix {"action":"result","fields":[0,0,0,0],"id":243176753332227,"type":105}
@nix {"action":"result","fields":[101,0],"id":243176753332225,"type":106}
@nix {"action":"result","fields":[100,0],"id":243176753332225,"type":106}
@nix {"action":"result","fields":[0,0,0,0],"id":243176753332226,"type":105}
@nix {"action":"result","fields":[0,0,0,0],"id":243176753332227,"type":105}
@nix {"action":"result","fields":[101,0],"id":243176753332225,"type":106}
@nix {"action":"result","fields":[100,0],"id":243176753332225,"type":106}
@nix {"action":"result","fields":[0,0,0,0],"id":243176753332226,"type":105}
@nix {"action":"result","fields":[0,0,0,0],"id":243176753332227,"type":105}
@nix {"action":"result","fields":[101,0],"id":243176753332225,"type":106}
@nix {"action":"result","fields":[100,0],"id":243176753332225,"type":106}
@nix {"action":"result","fields":[0,0,0,0],"id":243176753332226,"type":105}
@nix {"action":"result","fields":[0,0,0,0],"id":243176753332227,"type":105}
@nix {"action":"result","fields":[101,0],"id":243176753332225,"type":106}
@nix {"action":"result","fields":[100,0],"id":243176753332225,"type":106}
@nix {"action":"result","fields":[0,0,0,0],"id":243176753332226,"type":105}
@nix {"action":"result","fields":[0,0,0,0],"id":243176753332227,"type":105}
@nix {"action":"result","fields":[101,0],"id":243176753332225,"type":106}
@nix {"action":"result","fields":[100,0],"id":243176753332225,"type":106}
@nix {"action":"result","fields":[0,0,0,0],"id":243176753332226,"type":105}
@nix {"action":"result","fields":[0,0,0,0],"id":243176753332227,"type":105}
@nix {"action":"result","fields":[101,0],"id":243176753332225,"type":106}
@nix {"action":"result","fields":[100,0],"id":243176753332225,"type":106}
@nix {"action":"result","fields":[0,0,0,0],"id":243176753332226,"type":105}
@nix {"action":"result","fields":[0,0,0,0],"id":243176753332227,"type":105}
@nix {"action":"result","fields":[101,0],"id":243176753332225,"type":106}
@nix {"action":"result","fields":[100,0],"id":243176753332225,"type":106}
@nix {"action":"result","fields":[0,0,0,0],"id":243176753332226,"type":105}
@nix {"action":"result","fields":[0,0,0,0],"id":243176753332227,"type":105}
@nix {"action":"result","fields":[101,0],"id":243176753332225,"type":106}
@nix {"action":"result","fields":[100,0],"id":243176753332225,"type":106}
@nix {"action":"result","fields":[0,0,0,0],"id":243176753332226,"type":105}
@nix {"action":"result","fields":[0,0,0,0],"id":243176753332227,"type":105}
@nix {"action":"result","fields":[101,0],"id":243176753332225,"type":106}
@nix {"action":"result","fields":[100,0],"id":243176753332225,"type":106}
@nix {"action":"result","fields":[0,0,0,0],"id":243176753332226,"type":105}
@nix {"action":"result","fields":[0,0,0,0],"id":243176753332227,"type":105}
@nix {"action":"result","fields":[101,0],"id":243176753332225,"type":106}
@nix {"action":"result","fields":[100,0],"id":243176753332225,"type":106}
@nix {"action":"result","fields":[0,0,0,0],"id":243176753332226,"type":105}
@nix {"action":"result","fields":[0,0,0,0],"id":243176753332227,"type":105}
@nix {"action":"result","fields":[101,0],"id":243176753332225,"type":106}
@nix {"action":"result","fields":[100,0],"id":243176753332225,"type":106}
@nix {"action":"result","fields":[0,0,0,0],"id":243176753332226,"type":105}
@nix {"action":"result","fields":[0,0,0,0],"id":243176753332227,"type":105}
@nix {"action":"result","fields":[101,0],"id":243176753332225,"type":106}
@nix {"action":"result","fields":[100,0],"id":243176753332225,"type":106}
@nix {"action":"result","fields":[0,0,0,0],"id":243176753332226,"type":105}
@nix {"action":"result","fields":[0,0,0,0],"id":243176753332227,"type":105}
@nix {"action":"result","fields":[101,0],"id":243176753332225,"type":106}
@nix {"action":"result","fields":[100,0],"id":243176753332225,"type":106}
@nix {"action":"result","fields":[0,0,0,0],"id":243176753332226,"type":105}
@nix {"action":"result","fields":[0,0,0,0],"id":243176753332227,"type":105}
@nix {"action":"result","fields":[101,0],"id":243176753332225,"type":106}
@nix {"action":"result","fields":[100,0],"id":243176753332225,"type":106}
@nix {"action":"result","fields":[0,0,0,0],"id":243176753332226,"type":105}
@nix {"action":"result","fields":[0,0,0,0],"id":243176753332227,"type":105}
@nix {"action":"result","fields":[101,0],"id":243176753332225,"type":106}
@nix {"action":"result","fields":[100,0],"id":243176753332225,"type":106}
@nix {"action":"result","fields":[0,0,0,0],"id":243176753332226,"type":105}
@nix {"action":"result","fields":[0,0,0,0],"id":243176753332227,"type":105}
@nix {"action":"result","fields":[101,0],"id":243176753332225,"type":106}
@nix {"action":"result","fields":[100,0],"id":243176753332225,"type":106}
@nix {"action":"result","fields":[0,0,0,0],"id":243176753332226,"type":105}
@nix {"action":"result","fields":[0,0,0,0],"id":243176753332227,"type":105}
@nix {"action":"result","fields":[101,0],"id":243176753332225,"type":106}
@nix {"action":"result","fields":[100,0],"id":243176753332225,"type":106}
@nix {"action":"result","fields":[0,0,0,0],"id":243176753332226,"type":105}
@nix {"action":"result","fields":[0,0,0,0],"id":243176753332227,"type":105}
@nix {"action":"result","fields":[101,0],"id":243176753332225,"type":106}
@nix {"action":"result","fields":[100,0],"id":243176753332225,"type":106}
@nix {"action":"result","fields":[0,0,0,0],"id":243176753332226,"type":105}
@nix {"action":"result","fields":[0,0,0,0],"id":243176753332227,"type":105}
@nix {"action":"result","fields":[101,0],"id":243176753332225,"type":106}
@nix {"action":"result","fields":[100,0],"id":243176753332225,"type":106}
@nix {"action":"result","fields":[0,0,0,0],"id":243176753332226,"type":105}
@nix {"action":"result","fields":[0,0,0,0],"id":243176753332227,"type":105}
@nix {"action":"result","fields":[101,0],"id":243176753332225,"type":106}
@nix {"action":"result","fields":[100,0],"id":243176753332225,"type":106}
@nix {"action":"result","fields":[0,0,0,0],"id":243176753332226,"type":105}
@nix {"action":"result","fields":[0,0,0,0],"id":243176753332227,"type":105}
@nix {"action":"result","fields":[101,0],"id":243176753332225,"type":106}
@nix {"action":"result","fields":[100,0],"id":243176753332225,"type":106}
@nix {"action":"result","fields":[0,0,0,0],"id":243176753332226,"type":105}
@nix {"action":"result","fields":[0,0,0,0],"id":243176753332227,"type":105}
@nix {"action":"result","fields":[101,0],"id":243176753332225,"type":106}
@nix {"action":"result","fields":[100,0],"id":243176753332225,"type":106}
@nix {"action":"result","fields":[0,0,0,0],"id":243176753332226,"type":105}
@nix {"action":"result","fields":[0,0,0,0],"id":243176753332227,"type":105}
@nix {"action":"result","fields":[101,0],"id":243176753332225,"type":106}
@nix {"action":"result","fields":[100,0],"id":243176753332225,"type":106}
@nix {"action":"result","fields":[0,0,0,0],"id":243176753332226,"type":105}
@nix {"action":"result","fields":[0,0,0,0],"id":243176753332227,"type":105}
@nix {"action":"result","fields":[101,0],"id":243176753332225,"type":106}
@nix {"action":"result","fields":[100,0],"id":243176753332225,"type":106}
@nix {"action":"result","fields":[0,0,0,0],"id":243176753332226,"type":105}
@nix {"action":"result","fields":[0,0,0,0],"id":243176753332227,"type":105}
@nix {"action":"result","fields":[101,0],"id":243176753332225,"type":106}
@nix {"action":"result","fields":[100,0],"id":243176753332225,"type":106}
@nix {"action":"result","fields":[0,0,0,0],"id":243176753332226,"type":105}
@nix {"action":"result","fields":[0,0,0,0],"id":243176753332227,"type":105}
@nix {"action":"result","fields":[101,0],"id":243176753332225,"type":106}
@nix {"action":"result","fields":[100,0],"id":243176753332225,"type":106}
@nix {"action":"result","fields":[0,0,0,0],"id":243176753332226,"type":105}
@nix {"action":"result","fields":[0,0,0,0],"id":243176753332227,"type":105}
@nix {"action":"result","fields":[101,0],"id":243176753332225,"type":106}
@nix {"action":"result","fields":[100,0],"id":243176753332225,"type":106}
@nix {"action":"result","fields":[0,0,0,0],"id":243176753332226,"type":105}
@nix {"action":"result","fields":[0,0,0,0],"id":243176753332227,"type":105}
@nix {"action":"result","fields":[101,0],"id":243176753332225,"type":106}
@nix {"action":"result","fields":[100,0],"id":243176753332225,"type":106}
@nix {"action":"result","fields":[0,0,0,0],"id":243176753332226,"type":105}
@nix {"action":"result","fields":[0,0,0,0],"id":243176753332227,"type":105}
@nix {"action":"result","fields":[101,0],"id":243176753332225,"type":106}
@nix {"action":"result","fields":[100,0],"id":243176753332225,"type":106}
@nix {"action":"result","fields":[0,0,0,0],"id":243176753332226,"type":105}
@nix {"action":"result","fields":[0,0,0,0],"id":243176753332227,"type":105}
@nix {"action":"result","fields":[101,0],"id":243176753332225,"type":106}
@nix {"action":"result","fields":[100,0],"id":243176753332225,"type":106}
@nix {"action":"result","fields":[0,0,0,0],"id":243176753332226,"type":105}
@nix {"action":"result","fields":[0,0,0,0],"id":243176753332227,"type":105}
@nix {"action":"result","fields":[101,0],"id":243176753332225,"type":106}
@nix {"action":"result","fields":[100,0],"id":243176753332225,"type":106}
@nix {"action":"result","fields":[0,0,0,0],"id":243176753332226,"type":105}
@nix {"action":"result","fields":[0,0,0,0],"id":243176753332227,"type":105}
@nix {"action":"result","fields":[101,0],"id":243176753332225,"type":106}
@nix {"action":"result","fields":[100,0],"id":243176753332225,"type":106}
@nix {"action":"result","fields":[0,0,0,0],"id":243176753332226,"type":105}
@nix {"action":"result","fields":[0,0,0,0],"id":243176753332227,"type":105}
@nix {"action":"result","fields":[101,0],"id":243176753332225,"type":106}
@nix {"action":"result","fields":[100,0],"id":243176753332225,"type":106}
@nix {"action":"result","fields":[0,0,0,0],"id":243176753332226,"type":105}
@nix {"action":"result","fields":[0,0,0,0],"id":243176753332227,"type":105}
@nix {"action":"result","fields":[101,0],"id":243176753332225,"type":106}
@nix {"action":"result","fields":[100,0],"id":243176753332225,"type":106}
@nix {"action":"result","fields":[0,0,0,0],"id":243176753332226,"type":105}
@nix {"action":"result","fields":[0,0,0,0],"id":243176753332227,"type":105}
@nix {"action":"result","fields":[101,0],"id":243176753332225,"type":106}
@nix {"action":"result","fields":[100,0],"id":243176753332225,"type":106}
@nix {"action":"result","fields":[0,0,0,0],"id":243176753332226,"type":105}
@nix {"action":"result","fields":[0,0,0,0],"id":243176753332227,"type":105}
@nix {"action":"result","fields":[101,0],"id":243176753332225,"type":106}
@nix {"action":"result","fields":[100,0],"id":243176753332225,"type":106}
@nix {"action":"result","fields":[0,0,0,0],"id":243176753332226,"type":105}
@nix {"action":"result","fields":[0,0,0,0],"id":243176753332227,"type":105}
@nix {"action":"result","fields":[101,0],"id":243176753332225,"type":106}
@nix {"action":"result","fields":[100,0],"id":243176753332225,"type":106}
@nix {"action":"result","fields":[0,0,0,0],"id":243176753332226,"type":105}
@nix {"action":"result","fields":[0,0,0,0],"id":243176753332227,"type":105}
@nix {"action":"result","fields":[101,0],"id":243176753332225,"type":106}
@nix {"action":"result","fields":[100,0],"id":243176753332225,"type":106}
@nix {"action":"result","fields":[0,0,0,0],"id":243176753332226,"type":105}
@nix {"action":"result","fields":[0,0,0,0],"id":243176753332227,"type":105}
@nix {"action":"result","fields":[101,0],"id":243176753332225,"type":106}
@nix {"action":"result","fields":[100,0],"id":243176753332225,"type":106}
@nix {"action":"result","fields":[0,0,0,0],"id":243176753332226,"type":105}
@nix {"action":"result","fields":[0,0,0,0],"id":243176753332227,"type":105}
@nix {"action":"result","fields":[101,0],"id":243176753332225,"type":106}
@nix {"action":"result","fields":[100,0],"id":243176753332225,"type":106}
@nix {"action":"result","fields":[0,0,0,0],"id":243176753332226,"type":105}
@nix {"action":"result","fields":[0,0,0,0],"id":243176753332227,"type":105}
@nix {"action":"result","fields":[101,0],"id":243176753332225,"type":106}
@nix {"action":"result","fields":[100,0],"id":243176753332225,"type":106}
@nix {"action":"result","fields":[0,0,0,0],"id":243176753332226,"type":105}
@nix {"action":"result","fields":[0,0,0,0],"id":243176753332227,"type":105}
@nix {"action":"result","fields":[101,0],"id":243176753332225,"type":106}
@nix {"action":"result","fields":[100,0],"id":243176753332225,"type":106}
@nix {"action":"result","fields":[0,0,0,0],"id":243176753332226,"type":105}
@nix {"action":"result","fields":[0,0,0,0],"id":243176753332227,"type":105}
@nix {"action":"result","fields":[101,0],"id":243176753332225,"type":106}
@nix {"action":"result","fields":[100,0],"id":243176753332225,"type":106}
@nix {"action":"result","fields":[0,0,0,0],"id":243176753332226,"type":105}
@nix {"action":"result","fields":[0,0,0,0],"id":243176753332227,"type":105}
@nix {"action":"result","fields":[101,0],"id":243176753332225,"type":106}
@nix {"action":"result","fields":[100,0],"id":243176753332225,"type":106}
@nix {"action":"result","fields":[0,0,0,0],"id":243176753332226,"type":105}
@nix {"action":"result","fields":[0,0,0,0],"id":243176753332227,"type":105}
@nix {"action":"result","fields":[101,0],"id":243176753332225,"type":106}
@nix {"action":"result","fields":[100,0],"id":243176753332225,"type":106}
@nix {"action":"result","fields":[0,0,0,0],"id":243176753332226,"type":105}
@nix {"action":"result","fields":[0,0,0,0],"id":243176753332227,"type":105}
@nix {"action":"result","fields":[101,0],"id":243176753332225,"type":106}
@nix {"action":"result","fields":[100,0],"id":243176753332225,"type":106}
@nix {"action":"result","fields":[0,0,0,0],"id":243176753332226,"type":105}
@nix {"action":"result","fields":[0,0,0,0],"id":243176753332227,"type":105}
@nix {"action":"result","fields":[101,0],"id":243176753332225,"type":106}
@nix {"action":"result","fields":[100,0],"id":243176753332225,"type":106}
@nix {"action":"result","fields":[0,1,0,0],"id":243176753332226,"type":105}
@nix {"action":"result","fields":[0,0,0,0],"id":243176753332227,"type":105}
@nix {"action":"result","fields":[101,0],"id":243176753332225,"type":106}
@nix {"action":"result","fields":[100,0],"id":243176753332225,"type":106}
@nix {"action":"result","fields":[0,2,0,0],"id":243176753332226,"type":105}
@nix {"action":"result","fields":[0,0,0,0],"id":243176753332227,"type":105}
@nix {"action":"result","fields":[101,0],"id":243176753332225,"type":106}
@nix {"action":"result","fields":[100,0],"id":243176753332225,"type":106}
@nix {"action":"result","fields":[0,3,0,0],"id":243176753332226,"type":105}
@nix {"action":"result","fields":[0,0,0,0],"id":243176753332227,"type":105}
@nix {"action":"result","fields":[101,0],"id":243176753332225,"type":106}
@nix {"action":"result","fields":[100,0],"id":243176753332225,"type":106}
@nix {"action":"result","fields":[0,4,0,0],"id":243176753332226,"type":105}
@nix {"action":"result","fields":[0,0,0,0],"id":243176753332227,"type":105}
@nix {"action":"result","fields":[101,0],"id":243176753332225,"type":106}
@nix {"action":"result","fields":[100,0],"id":243176753332225,"type":106}
@nix {"action":"result","fields":[0,5,0,0],"id":243176753332226,"type":105}
@nix {"action":"result","fields":[0,0,0,0],"id":243176753332227,"type":105}
@nix {"action":"result","fields":[101,0],"id":243176753332225,"type":106}
@nix {"action":"result","fields":[100,0],"id":243176753332225,"type":106}
@nix {"action":"result","fields":[0,6,0,0],"id":243176753332226,"type":105}
@nix {"action":"result","fields":[0,0,0,0],"id":243176753332227,"type":105}
@nix {"action":"result","fields":[101,0],"id":243176753332225,"type":106}
@nix {"action":"result","fields":[100,0],"id":243176753332225,"type":106}
@nix {"action":"result","fields":[0,7,0,0],"id":243176753332226,"type":105}
@nix {"action":"result","fields":[0,0,0,0],"id":243176753332227,"type":105}
@nix {"action":"result","fields":[101,0],"id":243176753332225,"type":106}
@nix {"action":"result","fields":[100,0],"id":243176753332225,"type":106}
@nix {"action":"result","fields":[0,8,0,0],"id":243176753332226,"type":105}
@nix {"action":"result","fields":[0,0,0,0],"id":243176753332227,"type":105}
@nix {"action":"result","fields":[101,0],"id":243176753332225,"type":106}
@nix {"action":"result","fields":[100,0],"id":243176753332225,"type":106}
@nix {"action":"result","fields":[0,9,0,0],"id":243176753332226,"type":105}
@nix {"action":"result","fields":[0,0,0,0],"id":243176753332227,"type":105}
@nix {"action":"result","fields":[101,0],"id":243176753332225,"type":106}
@nix {"action":"result","fields":[100,0],"id":243176753332225,"type":106}
@nix {"action":"result","fields":[0,10,0,0],"id":243176753332226,"type":105}
@nix {"action":"result","fields":[0,0,0,0],"id":243176753332227,"type":105}
@nix {"action":"result","fields":[101,0],"id":243176753332225,"type":106}
@nix {"action":"result","fields":[100,0],"id":243176753332225,"type":106}
@nix {"action":"result","fields":[0,11,0,0],"id":243176753332226,"type":105}
@nix {"action":"result","fields":[0,0,0,0],"id":243176753332227,"type":105}
@nix {"action":"result","fields":[101,0],"id":243176753332225,"type":106}
@nix {"action":"result","fields":[100,0],"id":243176753332225,"type":106}
@nix {"action":"result","fields":[0,12,0,0],"id":243176753332226,"type":105}
@nix {"action":"result","fields":[0,0,0,0],"id":243176753332227,"type":105}
@nix {"action":"result","fields":[101,0],"id":243176753332225,"type":106}
@nix {"action":"result","fields":[100,0],"id":243176753332225,"type":106}
@nix {"action":"result","fields":[0,13,0,0],"id":243176753332226,"type":105}
@nix {"action":"result","fields":[0,0,0,0],"id":243176753332227,"type":105}
@nix {"action":"result","fields":[101,0],"id":243176753332225,"type":106}
@nix {"action":"result","fields":[100,0],"id":243176753332225,"type":106}
@nix {"action":"result","fields":[0,14,0,0],"id":243176753332226,"type":105}
@nix {"action":"result","fields":[0,0,0,0],"id":243176753332227,"type":105}
@nix {"action":"result","fields":[101,0],"id":243176753332225,"type":106}
@nix {"action":"result","fields":[100,0],"id":243176753332225,"type":106}
@nix {"action":"result","fields":[0,15,0,0],"id":243176753332226,"type":105}
@nix {"action":"result","fields":[0,0,0,0],"id":243176753332227,"type":105}
@nix {"action":"result","fields":[101,0],"id":243176753332225,"type":106}
@nix {"action":"result","fields":[100,0],"id":243176753332225,"type":106}
@nix {"action":"result","fields":[0,16,0,0],"id":243176753332226,"type":105}
@nix {"action":"result","fields":[0,0,0,0],"id":243176753332227,"type":105}
@nix {"action":"result","fields":[101,0],"id":243176753332225,"type":106}
@nix {"action":"result","fields":[100,0],"id":243176753332225,"type":106}
@nix {"action":"result","fields":[0,17,0,0],"id":243176753332226,"type":105}
@nix {"action":"result","fields":[0,0,0,0],"id":243176753332227,"type":105}
@nix {"action":"result","fields":[101,0],"id":243176753332225,"type":106}
@nix {"action":"result","fields":[100,0],"id":243176753332225,"type":106}
@nix {"action":"result","fields":[0,18,0,0],"id":243176753332226,"type":105}
@nix {"action":"result","fields":[0,0,0,0],"id":243176753332227,"type":105}
@nix {"action":"result","fields":[101,0],"id":243176753332225,"type":106}
@nix {"action":"result","fields":[100,0],"id":243176753332225,"type":106}
@nix {"action":"result","fields":[0,19,0,0],"id":243176753332226,"type":105}
@nix {"action":"result","fields":[0,0,0,0],"id":243176753332227,"type":105}
@nix {"action":"result","fields":[101,0],"id":243176753332225,"type":106}
@nix {"action":"result","fields":[100,0],"id":243176753332225,"type":106}
@nix {"action":"result","fields":[0,20,0,0],"id":243176753332226,"type":105}
@nix {"action":"result","fields":[0,0,0,0],"id":243176753332227,"type":105}
@nix {"action":"result","fields":[101,0],"id":243176753332225,"type":106}
@nix {"action":"result","fields":[100,0],"id":243176753332225,"type":106}
@nix {"action":"result","fields":[0,21,0,0],"id":243176753332226,"type":105}
@nix {"action":"result","fields":[0,0,0,0],"id":243176753332227,"type":105}
@nix {"action":"result","fields":[101,0],"id":243176753332225,"type":106}
@nix {"action":"result","fields":[100,0],"id":243176753332225,"type":106}
@nix {"action":"result","fields":[0,22,0,0],"id":243176753332226,"type":105}
@nix {"action":"result","fields":[0,0,0,0],"id":243176753332227,"type":105}
@nix {"action":"result","fields":[101,0],"id":243176753332225,"type":106}
@nix {"action":"result","fields":[100,0],"id":243176753332225,"type":106}
@nix {"action":"result","fields":[0,23,0,0],"id":243176753332226,"type":105}
@nix {"action":"result","fields":[0,0,0,0],"id":243176753332227,"type":105}
@nix {"action":"result","fields":[101,0],"id":243176753332225,"type":106}
@nix {"action":"result","fields":[100,0],"id":243176753332225,"type":106}
@nix {"action":"result","fields":[0,24,0,0],"id":243176753332226,"type":105}
@nix {"action":"result","fields":[0,0,0,0],"id":243176753332227,"type":105}
@nix {"action":"result","fields":[101,0],"id":243176753332225,"type":106}
@nix {"action":"result","fields":[100,0],"id":243176753332225,"type":106}
@nix {"action":"result","fields":[0,25,0,0],"id":243176753332226,"type":105}
@nix {"action":"result","fields":[0,0,0,0],"id":243176753332227,"type":105}
@nix {"action":"result","fields":[101,0],"id":243176753332225,"type":106}
@nix {"action":"result","fields":[100,0],"id":243176753332225,"type":106}
@nix {"action":"result","fields":[0,26,0,0],"id":243176753332226,"type":105}
@nix {"action":"result","fields":[0,0,0,0],"id":243176753332227,"type":105}
@nix {"action":"result","fields":[101,0],"id":243176753332225,"type":106}
@nix {"action":"result","fields":[100,0],"id":243176753332225,"type":106}
@nix {"action":"result","fields":[0,27,0,0],"id":243176753332226,"type":105}
@nix {"action":"result","fields":[0,0,0,0],"id":243176753332227,"type":105}
@nix {"action":"result","fields":[101,0],"id":243176753332225,"type":106}
@nix {"action":"result","fields":[100,0],"id":243176753332225,"type":106}
@nix {"action":"result","fields":[0,28,0,0],"id":243176753332226,"type":105}
@nix {"action":"result","fields":[0,0,0,0],"id":243176753332227,"type":105}
@nix {"action":"result","fields":[101,0],"id":243176753332225,"type":106}
@nix {"action":"result","fields":[100,0],"id":243176753332225,"type":106}
@nix {"action":"result","fields":[0,29,0,0],"id":243176753332226,"type":105}
@nix {"action":"result","fields":[0,0,0,0],"id":243176753332227,"type":105}
@nix {"action":"result","fields":[101,0],"id":243176753332225,"type":106}
@nix {"action":"result","fields":[100,0],"id":243176753332225,"type":106}
@nix {"action":"result","fields":[0,30,0,0],"id":243176753332226,"type":105}
@nix {"action":"result","fields":[0,0,0,0],"id":243176753332227,"type":105}
@nix {"action":"result","fields":[101,0],"id":243176753332225,"type":106}
@nix {"action":"result","fields":[100,0],"id":243176753332225,"type":106}
@nix {"action":"result","fields":[0,31,0,0],"id":243176753332226,"type":105}
@nix {"action":"result","fields":[0,0,0,0],"id":243176753332227,"type":105}
@nix {"action":"result","fields":[101,0],"id":243176753332225,"type":106}
@nix {"action":"result","fields":[100,0],"id":243176753332225,"type":106}
@nix {"action":"result","fields":[0,32,0,0],"id":243176753332226,"type":105}
@nix {"action":"result","fields":[0,0,0,0],"id":243176753332227,"type":105}
@nix {"action":"result","fields":[101,0],"id":243176753332225,"type":106}
@nix {"action":"result","fields":[100,0],"id":243176753332225,"type":106}
@nix {"action":"start","fields":["/Users/hetzner/obrador-shared-pins-20260909/round-3-baseline/wide-round-1-jobs-8/store/8rf8g5hpabxmcwa1y9sa3ignn4n6fy05-leaf-0.drv.drv","",1,1],"id":243176753332228,"level":3,"parent":0,"text":"building '/Users/hetzner/obrador-shared-pins-20260909/round-3-baseline/wide-round-1-jobs-8/store/8rf8g5hpabxmcwa1y9sa3ignn4n6fy05-leaf-0.drv.drv'","type":105}
@nix {"action":"result","fields":[0,32,1,0],"id":243176753332226,"type":105}
@nix {"action":"result","fields":[0,0,0,0],"id":243176753332227,"type":105}
@nix {"action":"result","fields":[101,0],"id":243176753332225,"type":106}
@nix {"action":"result","fields":[100,0],"id":243176753332225,"type":106}
@nix {"action":"start","fields":["/Users/hetzner/obrador-shared-pins-20260909/round-3-baseline/wide-round-1-jobs-8/store/xp6gdbwlcckjdy8fa0qnqqc87qhgaxnj-leaf-1.drv.drv","",1,1],"id":243176753332229,"level":3,"parent":0,"text":"building '/Users/hetzner/obrador-shared-pins-20260909/round-3-baseline/wide-round-1-jobs-8/store/xp6gdbwlcckjdy8fa0qnqqc87qhgaxnj-leaf-1.drv.drv'","type":105}
@nix {"action":"result","fields":[0,32,2,0],"id":243176753332226,"type":105}
@nix {"action":"result","fields":[0,0,0,0],"id":243176753332227,"type":105}
@nix {"action":"result","fields":[101,0],"id":243176753332225,"type":106}
@nix {"action":"result","fields":[100,0],"id":243176753332225,"type":106}
@nix {"action":"start","fields":["/Users/hetzner/obrador-shared-pins-20260909/round-3-baseline/wide-round-1-jobs-8/store/xww4cd2q8bprhxqvvar81mnv68qwrw9q-leaf-10.drv.drv","",1,1],"id":243176753332230,"level":3,"parent":0,"text":"building '/Users/hetzner/obrador-shared-pins-20260909/round-3-baseline/wide-round-1-jobs-8/store/xww4cd2q8bprhxqvvar81mnv68qwrw9q-leaf-10.drv.drv'","type":105}
@nix {"action":"result","fields":[0,32,3,0],"id":243176753332226,"type":105}
@nix {"action":"result","fields":[0,0,0,0],"id":243176753332227,"type":105}
@nix {"action":"result","fields":[101,0],"id":243176753332225,"type":106}
@nix {"action":"result","fields":[100,0],"id":243176753332225,"type":106}
@nix {"action":"start","fields":["/Users/hetzner/obrador-shared-pins-20260909/round-3-baseline/wide-round-1-jobs-8/store/a1k7wcl9m2lc0nhwpbmc4pk799fa7h66-leaf-11.drv.drv","",1,1],"id":243176753332231,"level":3,"parent":0,"text":"building '/Users/hetzner/obrador-shared-pins-20260909/round-3-baseline/wide-round-1-jobs-8/store/a1k7wcl9m2lc0nhwpbmc4pk799fa7h66-leaf-11.drv.drv'","type":105}
@nix {"action":"result","fields":[0,32,4,0],"id":243176753332226,"type":105}
@nix {"action":"result","fields":[0,0,0,0],"id":243176753332227,"type":105}
@nix {"action":"result","fields":[101,0],"id":243176753332225,"type":106}
@nix {"action":"result","fields":[100,0],"id":243176753332225,"type":106}
@nix {"action":"start","fields":["/Users/hetzner/obrador-shared-pins-20260909/round-3-baseline/wide-round-1-jobs-8/store/lszanrk2yka1dv389q1i4vpm9k8s8xc1-leaf-12.drv.drv","",1,1],"id":243176753332232,"level":3,"parent":0,"text":"building '/Users/hetzner/obrador-shared-pins-20260909/round-3-baseline/wide-round-1-jobs-8/store/lszanrk2yka1dv389q1i4vpm9k8s8xc1-leaf-12.drv.drv'","type":105}
@nix {"action":"result","fields":[0,32,5,0],"id":243176753332226,"type":105}
@nix {"action":"result","fields":[0,0,0,0],"id":243176753332227,"type":105}
@nix {"action":"result","fields":[101,0],"id":243176753332225,"type":106}
@nix {"action":"result","fields":[100,0],"id":243176753332225,"type":106}
@nix {"action":"start","fields":["/Users/hetzner/obrador-shared-pins-20260909/round-3-baseline/wide-round-1-jobs-8/store/nr8w4nqpfrwmnvcq8czlvzk1h41hdy2b-leaf-13.drv.drv","",1,1],"id":243176753332233,"level":3,"parent":0,"text":"building '/Users/hetzner/obrador-shared-pins-20260909/round-3-baseline/wide-round-1-jobs-8/store/nr8w4nqpfrwmnvcq8czlvzk1h41hdy2b-leaf-13.drv.drv'","type":105}
@nix {"action":"result","fields":[0,32,6,0],"id":243176753332226,"type":105}
@nix {"action":"result","fields":[0,0,0,0],"id":243176753332227,"type":105}
@nix {"action":"result","fields":[101,0],"id":243176753332225,"type":106}
@nix {"action":"result","fields":[100,0],"id":243176753332225,"type":106}
@nix {"action":"start","fields":["/Users/hetzner/obrador-shared-pins-20260909/round-3-baseline/wide-round-1-jobs-8/store/apfwhjpyssc5zipk7h1fkj5568rdp3n1-leaf-14.drv.drv","",1,1],"id":243176753332234,"level":3,"parent":0,"text":"building '/Users/hetzner/obrador-shared-pins-20260909/round-3-baseline/wide-round-1-jobs-8/store/apfwhjpyssc5zipk7h1fkj5568rdp3n1-leaf-14.drv.drv'","type":105}
@nix {"action":"result","fields":[0,32,7,0],"id":243176753332226,"type":105}
@nix {"action":"result","fields":[0,0,0,0],"id":243176753332227,"type":105}
@nix {"action":"result","fields":[101,0],"id":243176753332225,"type":106}
@nix {"action":"result","fields":[100,0],"id":243176753332225,"type":106}
@nix {"action":"start","fields":["/Users/hetzner/obrador-shared-pins-20260909/round-3-baseline/wide-round-1-jobs-8/store/pwn74ylqy4lbqwpgjhy2rdn8djddmx7g-leaf-15.drv.drv","",1,1],"id":243176753332235,"level":3,"parent":0,"text":"building '/Users/hetzner/obrador-shared-pins-20260909/round-3-baseline/wide-round-1-jobs-8/store/pwn74ylqy4lbqwpgjhy2rdn8djddmx7g-leaf-15.drv.drv'","type":105}
@nix {"action":"result","fields":[0,32,8,0],"id":243176753332226,"type":105}
@nix {"action":"result","fields":[0,0,0,0],"id":243176753332227,"type":105}
@nix {"action":"result","fields":[101,0],"id":243176753332225,"type":106}
@nix {"action":"result","fields":[100,0],"id":243176753332225,"type":106}
@nix {"action":"result","fields":[1,33,7,0],"id":243176753332226,"type":105}
@nix {"action":"result","fields":[0,0,0,0],"id":243176753332227,"type":105}
@nix {"action":"result","fields":[101,0],"id":243176753332225,"type":106}
@nix {"action":"result","fields":[100,0],"id":243176753332225,"type":106}
@nix {"action":"stop","id":243176753332228}
@nix {"action":"result","fields":[2,34,6,0],"id":243176753332226,"type":105}
@nix {"action":"result","fields":[0,0,0,0],"id":243176753332227,"type":105}
@nix {"action":"result","fields":[101,0],"id":243176753332225,"type":106}
@nix {"action":"result","fields":[100,0],"id":243176753332225,"type":106}
@nix {"action":"stop","id":243176753332229}
@nix {"action":"result","fields":[3,35,5,0],"id":243176753332226,"type":105}
@nix {"action":"result","fields":[0,0,0,0],"id":243176753332227,"type":105}
@nix {"action":"result","fields":[101,0],"id":243176753332225,"type":106}
@nix {"action":"result","fields":[100,0],"id":243176753332225,"type":106}
@nix {"action":"stop","id":243176753332230}
@nix {"action":"result","fields":[4,36,4,0],"id":243176753332226,"type":105}
@nix {"action":"result","fields":[0,0,0,0],"id":243176753332227,"type":105}
@nix {"action":"result","fields":[101,0],"id":243176753332225,"type":106}
@nix {"action":"result","fields":[100,0],"id":243176753332225,"type":106}
@nix {"action":"stop","id":243176753332231}
@nix {"action":"result","fields":[5,37,3,0],"id":243176753332226,"type":105}
@nix {"action":"result","fields":[0,0,0,0],"id":243176753332227,"type":105}
@nix {"action":"result","fields":[101,0],"id":243176753332225,"type":106}
@nix {"action":"result","fields":[100,0],"id":243176753332225,"type":106}
@nix {"action":"stop","id":243176753332232}
@nix {"action":"result","fields":[6,38,2,0],"id":243176753332226,"type":105}
@nix {"action":"result","fields":[0,0,0,0],"id":243176753332227,"type":105}
@nix {"action":"result","fields":[101,0],"id":243176753332225,"type":106}
@nix {"action":"result","fields":[100,0],"id":243176753332225,"type":106}
@nix {"action":"stop","id":243176753332233}
@nix {"action":"result","fields":[7,39,1,0],"id":243176753332226,"type":105}
@nix {"action":"result","fields":[0,0,0,0],"id":243176753332227,"type":105}
@nix {"action":"result","fields":[101,0],"id":243176753332225,"type":106}
@nix {"action":"result","fields":[100,0],"id":243176753332225,"type":106}
@nix {"action":"stop","id":243176753332234}
@nix {"action":"start","fields":["/Users/hetzner/obrador-shared-pins-20260909/round-3-baseline/wide-round-1-jobs-8/store/7r2bxpvi64cfxps4vvpyxcz86x3kg51n-leaf-17.drv.drv","",1,1],"id":243176753332236,"level":3,"parent":0,"text":"building '/Users/hetzner/obrador-shared-pins-20260909/round-3-baseline/wide-round-1-jobs-8/store/7r2bxpvi64cfxps4vvpyxcz86x3kg51n-leaf-17.drv.drv'","type":105}
@nix {"action":"result","fields":[7,32,2,0],"id":243176753332226,"type":105}
@nix {"action":"result","fields":[0,0,0,0],"id":243176753332227,"type":105}
@nix {"action":"result","fields":[101,0],"id":243176753332225,"type":106}
@nix {"action":"result","fields":[100,0],"id":243176753332225,"type":106}
@nix {"action":"start","fields":["/Users/hetzner/obrador-shared-pins-20260909/round-3-baseline/wide-round-1-jobs-8/store/cg7mmnp8s07cnq6g93lldp3r8plyfqan-leaf-18.drv.drv","",1,1],"id":243176753332237,"level":3,"parent":0,"text":"building '/Users/hetzner/obrador-shared-pins-20260909/round-3-baseline/wide-round-1-jobs-8/store/cg7mmnp8s07cnq6g93lldp3r8plyfqan-leaf-18.drv.drv'","type":105}
@nix {"action":"result","fields":[7,32,3,0],"id":243176753332226,"type":105}
@nix {"action":"result","fields":[0,0,0,0],"id":243176753332227,"type":105}
@nix {"action":"result","fields":[101,0],"id":243176753332225,"type":106}
@nix {"action":"result","fields":[100,0],"id":243176753332225,"type":106}
@nix {"action":"start","fields":["/Users/hetzner/obrador-shared-pins-20260909/round-3-baseline/wide-round-1-jobs-8/store/bdf5wxw4mi1fylgrkjyqk2lyjqxppky0-leaf-19.drv.drv","",1,1],"id":243176753332238,"level":3,"parent":0,"text":"building '/Users/hetzner/obrador-shared-pins-20260909/round-3-baseline/wide-round-1-jobs-8/store/bdf5wxw4mi1fylgrkjyqk2lyjqxppky0-leaf-19.drv.drv'","type":105}
@nix {"action":"result","fields":[7,32,4,0],"id":243176753332226,"type":105}
@nix {"action":"result","fields":[0,0,0,0],"id":243176753332227,"type":105}
@nix {"action":"result","fields":[101,0],"id":243176753332225,"type":106}
@nix {"action":"result","fields":[100,0],"id":243176753332225,"type":106}
@nix {"action":"start","fields":["/Users/hetzner/obrador-shared-pins-20260909/round-3-baseline/wide-round-1-jobs-8/store/hcblijhgcri4d4d01kmc8sy4vkrwjfd3-leaf-2.drv.drv","",1,1],"id":243176753332239,"level":3,"parent":0,"text":"building '/Users/hetzner/obrador-shared-pins-20260909/round-3-baseline/wide-round-1-jobs-8/store/hcblijhgcri4d4d01kmc8sy4vkrwjfd3-leaf-2.drv.drv'","type":105}
@nix {"action":"result","fields":[7,32,5,0],"id":243176753332226,"type":105}
@nix {"action":"result","fields":[0,0,0,0],"id":243176753332227,"type":105}
@nix {"action":"result","fields":[101,0],"id":243176753332225,"type":106}
@nix {"action":"result","fields":[100,0],"id":243176753332225,"type":106}
@nix {"action":"start","fields":["/Users/hetzner/obrador-shared-pins-20260909/round-3-baseline/wide-round-1-jobs-8/store/6d47zjddx60v8ax52r64s6cmhc9xyz9j-leaf-20.drv.drv","",1,1],"id":243176753332240,"level":3,"parent":0,"text":"building '/Users/hetzner/obrador-shared-pins-20260909/round-3-baseline/wide-round-1-jobs-8/store/6d47zjddx60v8ax52r64s6cmhc9xyz9j-leaf-20.drv.drv'","type":105}
@nix {"action":"result","fields":[7,32,6,0],"id":243176753332226,"type":105}
@nix {"action":"result","fields":[0,0,0,0],"id":243176753332227,"type":105}
@nix {"action":"result","fields":[101,0],"id":243176753332225,"type":106}
@nix {"action":"result","fields":[100,0],"id":243176753332225,"type":106}
@nix {"action":"start","fields":["/Users/hetzner/obrador-shared-pins-20260909/round-3-baseline/wide-round-1-jobs-8/store/q5i7q18fvwzrnsmdqpr5q8md2xm23qj0-leaf-21.drv.drv","",1,1],"id":243176753332241,"level":3,"parent":0,"text":"building '/Users/hetzner/obrador-shared-pins-20260909/round-3-baseline/wide-round-1-jobs-8/store/q5i7q18fvwzrnsmdqpr5q8md2xm23qj0-leaf-21.drv.drv'","type":105}
@nix {"action":"result","fields":[7,32,7,0],"id":243176753332226,"type":105}
@nix {"action":"result","fields":[0,0,0,0],"id":243176753332227,"type":105}
@nix {"action":"result","fields":[101,0],"id":243176753332225,"type":106}
@nix {"action":"result","fields":[100,0],"id":243176753332225,"type":106}
@nix {"action":"start","fields":["/Users/hetzner/obrador-shared-pins-20260909/round-3-baseline/wide-round-1-jobs-8/store/45xi9gb4d61brqki44280mv5z4bm0ry2-leaf-9.drv.drv","",1,1],"id":243176753332242,"level":3,"parent":0,"text":"building '/Users/hetzner/obrador-shared-pins-20260909/round-3-baseline/wide-round-1-jobs-8/store/45xi9gb4d61brqki44280mv5z4bm0ry2-leaf-9.drv.drv'","type":105}
@nix {"action":"result","fields":[7,32,8,0],"id":243176753332226,"type":105}
@nix {"action":"result","fields":[0,0,0,0],"id":243176753332227,"type":105}
@nix {"action":"result","fields":[101,0],"id":243176753332225,"type":106}
@nix {"action":"result","fields":[100,0],"id":243176753332225,"type":106}
@nix {"action":"result","fields":[7,33,8,0],"id":243176753332226,"type":105}
@nix {"action":"result","fields":[0,0,0,0],"id":243176753332227,"type":105}
@nix {"action":"result","fields":[101,0],"id":243176753332225,"type":106}
@nix {"action":"result","fields":[100,0],"id":243176753332225,"type":106}
@nix {"action":"result","fields":[7,34,8,0],"id":243176753332226,"type":105}
@nix {"action":"result","fields":[0,0,0,0],"id":243176753332227,"type":105}
@nix {"action":"result","fields":[101,0],"id":243176753332225,"type":106}
@nix {"action":"result","fields":[100,0],"id":243176753332225,"type":106}
@nix {"action":"result","fields":[7,35,8,0],"id":243176753332226,"type":105}
@nix {"action":"result","fields":[0,0,0,0],"id":243176753332227,"type":105}
@nix {"action":"result","fields":[101,0],"id":243176753332225,"type":106}
@nix {"action":"result","fields":[100,0],"id":243176753332225,"type":106}
@nix {"action":"result","fields":[7,36,8,0],"id":243176753332226,"type":105}
@nix {"action":"result","fields":[0,0,0,0],"id":243176753332227,"type":105}
@nix {"action":"result","fields":[101,0],"id":243176753332225,"type":106}
@nix {"action":"result","fields":[100,0],"id":243176753332225,"type":106}
@nix {"action":"result","fields":[7,37,8,0],"id":243176753332226,"type":105}
@nix {"action":"result","fields":[0,0,0,0],"id":243176753332227,"type":105}
@nix {"action":"result","fields":[101,0],"id":243176753332225,"type":106}
@nix {"action":"result","fields":[100,0],"id":243176753332225,"type":106}
@nix {"action":"result","fields":[7,38,8,0],"id":243176753332226,"type":105}
@nix {"action":"result","fields":[0,0,0,0],"id":243176753332227,"type":105}
@nix {"action":"result","fields":[101,0],"id":243176753332225,"type":106}
@nix {"action":"result","fields":[100,0],"id":243176753332225,"type":106}
@nix {"action":"result","fields":[7,39,8,0],"id":243176753332226,"type":105}
@nix {"action":"result","fields":[0,0,0,0],"id":243176753332227,"type":105}
@nix {"action":"result","fields":[101,0],"id":243176753332225,"type":106}
@nix {"action":"result","fields":[100,0],"id":243176753332225,"type":106}
@nix {"action":"result","fields":[8,40,7,0],"id":243176753332226,"type":105}
@nix {"action":"result","fields":[0,0,0,0],"id":243176753332227,"type":105}
@nix {"action":"result","fields":[101,0],"id":243176753332225,"type":106}
@nix {"action":"result","fields":[100,0],"id":243176753332225,"type":106}
@nix {"action":"stop","id":243176753332235}
@nix {"action":"result","fields":[9,41,6,0],"id":243176753332226,"type":105}
@nix {"action":"result","fields":[0,0,0,0],"id":243176753332227,"type":105}
@nix {"action":"result","fields":[101,0],"id":243176753332225,"type":106}
@nix {"action":"result","fields":[100,0],"id":243176753332225,"type":106}
@nix {"action":"stop","id":243176753332236}
@nix {"action":"result","fields":[10,42,5,0],"id":243176753332226,"type":105}
@nix {"action":"result","fields":[0,0,0,0],"id":243176753332227,"type":105}
@nix {"action":"result","fields":[101,0],"id":243176753332225,"type":106}
@nix {"action":"result","fields":[100,0],"id":243176753332225,"type":106}
@nix {"action":"stop","id":243176753332237}
@nix {"action":"result","fields":[11,43,4,0],"id":243176753332226,"type":105}
@nix {"action":"result","fields":[0,0,0,0],"id":243176753332227,"type":105}
@nix {"action":"result","fields":[101,0],"id":243176753332225,"type":106}
@nix {"action":"result","fields":[100,0],"id":243176753332225,"type":106}
@nix {"action":"stop","id":243176753332238}
@nix {"action":"result","fields":[12,44,3,0],"id":243176753332226,"type":105}
@nix {"action":"result","fields":[0,0,0,0],"id":243176753332227,"type":105}
@nix {"action":"result","fields":[101,0],"id":243176753332225,"type":106}
@nix {"action":"result","fields":[100,0],"id":243176753332225,"type":106}
@nix {"action":"stop","id":243176753332239}
@nix {"action":"result","fields":[13,45,2,0],"id":243176753332226,"type":105}
@nix {"action":"result","fields":[0,0,0,0],"id":243176753332227,"type":105}
@nix {"action":"result","fields":[101,0],"id":243176753332225,"type":106}
@nix {"action":"result","fields":[100,0],"id":243176753332225,"type":106}
@nix {"action":"stop","id":243176753332240}
@nix {"action":"result","fields":[14,46,1,0],"id":243176753332226,"type":105}
@nix {"action":"result","fields":[0,0,0,0],"id":243176753332227,"type":105}
@nix {"action":"result","fields":[101,0],"id":243176753332225,"type":106}
@nix {"action":"result","fields":[100,0],"id":243176753332225,"type":106}
@nix {"action":"stop","id":243176753332241}
@nix {"action":"start","fields":["/Users/hetzner/obrador-shared-pins-20260909/round-3-baseline/wide-round-1-jobs-8/store/4swr06wzkw3lkzipwfn1ab6i8dyzcc3h-leaf-0.drv","",1,1],"id":243176753332243,"level":3,"parent":0,"text":"building '/Users/hetzner/obrador-shared-pins-20260909/round-3-baseline/wide-round-1-jobs-8/store/4swr06wzkw3lkzipwfn1ab6i8dyzcc3h-leaf-0.drv'","type":105}
@nix {"action":"result","fields":[14,39,2,0],"id":243176753332226,"type":105}
@nix {"action":"result","fields":[0,0,0,0],"id":243176753332227,"type":105}
@nix {"action":"result","fields":[101,0],"id":243176753332225,"type":106}
@nix {"action":"result","fields":[100,0],"id":243176753332225,"type":106}
@nix {"action":"start","fields":["/Users/hetzner/obrador-shared-pins-20260909/round-3-baseline/wide-round-1-jobs-8/store/npzj2kmj09c4pccy28ni7w8fy6mhnaax-leaf-1.drv","",1,1],"id":243176753332244,"level":3,"parent":0,"text":"building '/Users/hetzner/obrador-shared-pins-20260909/round-3-baseline/wide-round-1-jobs-8/store/npzj2kmj09c4pccy28ni7w8fy6mhnaax-leaf-1.drv'","type":105}
@nix {"action":"result","fields":[14,39,3,0],"id":243176753332226,"type":105}
@nix {"action":"result","fields":[0,0,0,0],"id":243176753332227,"type":105}
@nix {"action":"result","fields":[101,0],"id":243176753332225,"type":106}
@nix {"action":"result","fields":[100,0],"id":243176753332225,"type":106}
@nix {"action":"start","fields":["/Users/hetzner/obrador-shared-pins-20260909/round-3-baseline/wide-round-1-jobs-8/store/pk9yi2vks1j2jch67pwl2q9rm0gy1xp8-leaf-10.drv","",1,1],"id":243176753332245,"level":3,"parent":0,"text":"building '/Users/hetzner/obrador-shared-pins-20260909/round-3-baseline/wide-round-1-jobs-8/store/pk9yi2vks1j2jch67pwl2q9rm0gy1xp8-leaf-10.drv'","type":105}
@nix {"action":"result","fields":[14,39,4,0],"id":243176753332226,"type":105}
@nix {"action":"result","fields":[0,0,0,0],"id":243176753332227,"type":105}
@nix {"action":"result","fields":[101,0],"id":243176753332225,"type":106}
@nix {"action":"result","fields":[100,0],"id":243176753332225,"type":106}
@nix {"action":"start","fields":["/Users/hetzner/obrador-shared-pins-20260909/round-3-baseline/wide-round-1-jobs-8/store/iq76f0an53dc9rd2gn860pcp7yljl7fz-leaf-11.drv","",1,1],"id":243176753332246,"level":3,"parent":0,"text":"building '/Users/hetzner/obrador-shared-pins-20260909/round-3-baseline/wide-round-1-jobs-8/store/iq76f0an53dc9rd2gn860pcp7yljl7fz-leaf-11.drv'","type":105}
@nix {"action":"result","fields":[14,39,5,0],"id":243176753332226,"type":105}
@nix {"action":"result","fields":[0,0,0,0],"id":243176753332227,"type":105}
@nix {"action":"result","fields":[101,0],"id":243176753332225,"type":106}
@nix {"action":"result","fields":[100,0],"id":243176753332225,"type":106}
@nix {"action":"start","fields":["/Users/hetzner/obrador-shared-pins-20260909/round-3-baseline/wide-round-1-jobs-8/store/ka4y402bma181m72xwxfj4rfr1x4dnnc-leaf-12.drv","",1,1],"id":243176753332247,"level":3,"parent":0,"text":"building '/Users/hetzner/obrador-shared-pins-20260909/round-3-baseline/wide-round-1-jobs-8/store/ka4y402bma181m72xwxfj4rfr1x4dnnc-leaf-12.drv'","type":105}
@nix {"action":"result","fields":[14,39,6,0],"id":243176753332226,"type":105}
@nix {"action":"result","fields":[0,0,0,0],"id":243176753332227,"type":105}
@nix {"action":"result","fields":[101,0],"id":243176753332225,"type":106}
@nix {"action":"result","fields":[100,0],"id":243176753332225,"type":106}
@nix {"action":"start","fields":["/Users/hetzner/obrador-shared-pins-20260909/round-3-baseline/wide-round-1-jobs-8/store/ibyh1wgqwk54j4angi6fb7zhn53a9srh-leaf-13.drv","",1,1],"id":243176753332248,"level":3,"parent":0,"text":"building '/Users/hetzner/obrador-shared-pins-20260909/round-3-baseline/wide-round-1-jobs-8/store/ibyh1wgqwk54j4angi6fb7zhn53a9srh-leaf-13.drv'","type":105}
@nix {"action":"result","fields":[14,39,7,0],"id":243176753332226,"type":105}
@nix {"action":"result","fields":[0,0,0,0],"id":243176753332227,"type":105}
@nix {"action":"result","fields":[101,0],"id":243176753332225,"type":106}
@nix {"action":"result","fields":[100,0],"id":243176753332225,"type":106}
@nix {"action":"start","fields":["/Users/hetzner/obrador-shared-pins-20260909/round-3-baseline/wide-round-1-jobs-8/store/b8ffj389pyp53823q0d9q3vidpmqinwk-leaf-14.drv","",1,1],"id":243176753332249,"level":3,"parent":0,"text":"building '/Users/hetzner/obrador-shared-pins-20260909/round-3-baseline/wide-round-1-jobs-8/store/b8ffj389pyp53823q0d9q3vidpmqinwk-leaf-14.drv'","type":105}
@nix {"action":"result","fields":[14,39,8,0],"id":243176753332226,"type":105}
@nix {"action":"result","fields":[0,0,0,0],"id":243176753332227,"type":105}
@nix {"action":"result","fields":[101,0],"id":243176753332225,"type":106}
@nix {"action":"result","fields":[100,0],"id":243176753332225,"type":106}
@nix {"action":"result","fields":[14,40,8,0],"id":243176753332226,"type":105}
@nix {"action":"result","fields":[0,0,0,0],"id":243176753332227,"type":105}
@nix {"action":"result","fields":[101,0],"id":243176753332225,"type":106}
@nix {"action":"result","fields":[100,0],"id":243176753332225,"type":106}
@nix {"action":"result","fields":[14,41,8,0],"id":243176753332226,"type":105}
@nix {"action":"result","fields":[0,0,0,0],"id":243176753332227,"type":105}
@nix {"action":"result","fields":[101,0],"id":243176753332225,"type":106}
@nix {"action":"result","fields":[100,0],"id":243176753332225,"type":106}
@nix {"action":"result","fields":[14,42,8,0],"id":243176753332226,"type":105}
@nix {"action":"result","fields":[0,0,0,0],"id":243176753332227,"type":105}
@nix {"action":"result","fields":[101,0],"id":243176753332225,"type":106}
@nix {"action":"result","fields":[100,0],"id":243176753332225,"type":106}
@nix {"action":"result","fields":[14,43,8,0],"id":243176753332226,"type":105}
@nix {"action":"result","fields":[0,0,0,0],"id":243176753332227,"type":105}
@nix {"action":"result","fields":[101,0],"id":243176753332225,"type":106}
@nix {"action":"result","fields":[100,0],"id":243176753332225,"type":106}
@nix {"action":"result","fields":[14,44,8,0],"id":243176753332226,"type":105}
@nix {"action":"result","fields":[0,0,0,0],"id":243176753332227,"type":105}
@nix {"action":"result","fields":[101,0],"id":243176753332225,"type":106}
@nix {"action":"result","fields":[100,0],"id":243176753332225,"type":106}
@nix {"action":"result","fields":[14,45,8,0],"id":243176753332226,"type":105}
@nix {"action":"result","fields":[0,0,0,0],"id":243176753332227,"type":105}
@nix {"action":"result","fields":[101,0],"id":243176753332225,"type":106}
@nix {"action":"result","fields":[100,0],"id":243176753332225,"type":106}
@nix {"action":"result","fields":[14,46,8,0],"id":243176753332226,"type":105}
@nix {"action":"result","fields":[0,0,0,0],"id":243176753332227,"type":105}
@nix {"action":"result","fields":[101,0],"id":243176753332225,"type":106}
@nix {"action":"result","fields":[100,0],"id":243176753332225,"type":106}
@nix {"action":"result","fields":[15,47,7,0],"id":243176753332226,"type":105}
@nix {"action":"result","fields":[0,0,0,0],"id":243176753332227,"type":105}
@nix {"action":"result","fields":[101,0],"id":243176753332225,"type":106}
@nix {"action":"result","fields":[100,0],"id":243176753332225,"type":106}
@nix {"action":"stop","id":243176753332243}
@nix {"action":"result","fields":[16,48,6,0],"id":243176753332226,"type":105}
@nix {"action":"result","fields":[0,0,0,0],"id":243176753332227,"type":105}
@nix {"action":"result","fields":[101,0],"id":243176753332225,"type":106}
@nix {"action":"result","fields":[100,0],"id":243176753332225,"type":106}
@nix {"action":"stop","id":243176753332244}
@nix {"action":"result","fields":[17,49,5,0],"id":243176753332226,"type":105}
@nix {"action":"result","fields":[0,0,0,0],"id":243176753332227,"type":105}
@nix {"action":"result","fields":[101,0],"id":243176753332225,"type":106}
@nix {"action":"result","fields":[100,0],"id":243176753332225,"type":106}
@nix {"action":"stop","id":243176753332245}
@nix {"action":"result","fields":[18,50,4,0],"id":243176753332226,"type":105}
@nix {"action":"result","fields":[0,0,0,0],"id":243176753332227,"type":105}
@nix {"action":"result","fields":[101,0],"id":243176753332225,"type":106}
@nix {"action":"result","fields":[100,0],"id":243176753332225,"type":106}
@nix {"action":"stop","id":243176753332246}
@nix {"action":"result","fields":[19,51,3,0],"id":243176753332226,"type":105}
@nix {"action":"result","fields":[0,0,0,0],"id":243176753332227,"type":105}
@nix {"action":"result","fields":[101,0],"id":243176753332225,"type":106}
@nix {"action":"result","fields":[100,0],"id":243176753332225,"type":106}
@nix {"action":"stop","id":243176753332247}
@nix {"action":"result","fields":[20,52,2,0],"id":243176753332226,"type":105}
@nix {"action":"result","fields":[0,0,0,0],"id":243176753332227,"type":105}
@nix {"action":"result","fields":[101,0],"id":243176753332225,"type":106}
@nix {"action":"result","fields":[100,0],"id":243176753332225,"type":106}
@nix {"action":"stop","id":243176753332248}
@nix {"action":"result","fields":[21,53,1,0],"id":243176753332226,"type":105}
@nix {"action":"result","fields":[0,0,0,0],"id":243176753332227,"type":105}
@nix {"action":"result","fields":[101,0],"id":243176753332225,"type":106}
@nix {"action":"result","fields":[100,0],"id":243176753332225,"type":106}
@nix {"action":"stop","id":243176753332242}
@nix {"action":"start","fields":["/Users/hetzner/obrador-shared-pins-20260909/round-3-baseline/wide-round-1-jobs-8/store/wv32klbv8z5zjqapj25i5jqp5l1c5yhr-leaf-15.drv","",1,1],"id":243176753332250,"level":3,"parent":0,"text":"building '/Users/hetzner/obrador-shared-pins-20260909/round-3-baseline/wide-round-1-jobs-8/store/wv32klbv8z5zjqapj25i5jqp5l1c5yhr-leaf-15.drv'","type":105}
@nix {"action":"result","fields":[21,46,2,0],"id":243176753332226,"type":105}
@nix {"action":"result","fields":[0,0,0,0],"id":243176753332227,"type":105}
@nix {"action":"result","fields":[101,0],"id":243176753332225,"type":106}
@nix {"action":"result","fields":[100,0],"id":243176753332225,"type":106}
@nix {"action":"start","fields":["/Users/hetzner/obrador-shared-pins-20260909/round-3-baseline/wide-round-1-jobs-8/store/zf0kbqq9mb5nn4sjrnshbiciafj6jaqf-leaf-17.drv","",1,1],"id":243176753332251,"level":3,"parent":0,"text":"building '/Users/hetzner/obrador-shared-pins-20260909/round-3-baseline/wide-round-1-jobs-8/store/zf0kbqq9mb5nn4sjrnshbiciafj6jaqf-leaf-17.drv'","type":105}
@nix {"action":"result","fields":[21,46,3,0],"id":243176753332226,"type":105}
@nix {"action":"result","fields":[0,0,0,0],"id":243176753332227,"type":105}
@nix {"action":"result","fields":[101,0],"id":243176753332225,"type":106}
@nix {"action":"result","fields":[100,0],"id":243176753332225,"type":106}
@nix {"action":"start","fields":["/Users/hetzner/obrador-shared-pins-20260909/round-3-baseline/wide-round-1-jobs-8/store/xy6mddk2na42nv93q880bkgxq5cijjir-leaf-18.drv","",1,1],"id":243176753332252,"level":3,"parent":0,"text":"building '/Users/hetzner/obrador-shared-pins-20260909/round-3-baseline/wide-round-1-jobs-8/store/xy6mddk2na42nv93q880bkgxq5cijjir-leaf-18.drv'","type":105}
@nix {"action":"result","fields":[21,46,4,0],"id":243176753332226,"type":105}
@nix {"action":"result","fields":[0,0,0,0],"id":243176753332227,"type":105}
@nix {"action":"result","fields":[101,0],"id":243176753332225,"type":106}
@nix {"action":"result","fields":[100,0],"id":243176753332225,"type":106}
@nix {"action":"start","fields":["/Users/hetzner/obrador-shared-pins-20260909/round-3-baseline/wide-round-1-jobs-8/store/j6lj4gx9pg4351m84pm2fjggv5alfm5a-leaf-19.drv","",1,1],"id":243176753332253,"level":3,"parent":0,"text":"building '/Users/hetzner/obrador-shared-pins-20260909/round-3-baseline/wide-round-1-jobs-8/store/j6lj4gx9pg4351m84pm2fjggv5alfm5a-leaf-19.drv'","type":105}
@nix {"action":"result","fields":[21,46,5,0],"id":243176753332226,"type":105}
@nix {"action":"result","fields":[0,0,0,0],"id":243176753332227,"type":105}
@nix {"action":"result","fields":[101,0],"id":243176753332225,"type":106}
@nix {"action":"result","fields":[100,0],"id":243176753332225,"type":106}
@nix {"action":"start","fields":["/Users/hetzner/obrador-shared-pins-20260909/round-3-baseline/wide-round-1-jobs-8/store/4jr0yxhwwrp85m3b1545iq6v54ghc8r1-leaf-2.drv","",1,1],"id":243176753332254,"level":3,"parent":0,"text":"building '/Users/hetzner/obrador-shared-pins-20260909/round-3-baseline/wide-round-1-jobs-8/store/4jr0yxhwwrp85m3b1545iq6v54ghc8r1-leaf-2.drv'","type":105}
@nix {"action":"result","fields":[21,46,6,0],"id":243176753332226,"type":105}
@nix {"action":"result","fields":[0,0,0,0],"id":243176753332227,"type":105}
@nix {"action":"result","fields":[101,0],"id":243176753332225,"type":106}
@nix {"action":"result","fields":[100,0],"id":243176753332225,"type":106}
@nix {"action":"start","fields":["/Users/hetzner/obrador-shared-pins-20260909/round-3-baseline/wide-round-1-jobs-8/store/x5g0cpgjgp0fpf36xqvvvvwfkfwaj3qc-leaf-20.drv","",1,1],"id":243176753332255,"level":3,"parent":0,"text":"building '/Users/hetzner/obrador-shared-pins-20260909/round-3-baseline/wide-round-1-jobs-8/store/x5g0cpgjgp0fpf36xqvvvvwfkfwaj3qc-leaf-20.drv'","type":105}
@nix {"action":"result","fields":[21,46,7,0],"id":243176753332226,"type":105}
@nix {"action":"result","fields":[0,0,0,0],"id":243176753332227,"type":105}
@nix {"action":"result","fields":[101,0],"id":243176753332225,"type":106}
@nix {"action":"result","fields":[100,0],"id":243176753332225,"type":106}
@nix {"action":"start","fields":["/Users/hetzner/obrador-shared-pins-20260909/round-3-baseline/wide-round-1-jobs-8/store/zjrs42126vwc3wgc58iy307kdka72l6g-leaf-21.drv","",1,1],"id":243176753332256,"level":3,"parent":0,"text":"building '/Users/hetzner/obrador-shared-pins-20260909/round-3-baseline/wide-round-1-jobs-8/store/zjrs42126vwc3wgc58iy307kdka72l6g-leaf-21.drv'","type":105}
@nix {"action":"result","fields":[21,46,8,0],"id":243176753332226,"type":105}
@nix {"action":"result","fields":[0,0,0,0],"id":243176753332227,"type":105}
@nix {"action":"result","fields":[101,0],"id":243176753332225,"type":106}
@nix {"action":"result","fields":[100,0],"id":243176753332225,"type":106}
@nix {"action":"result","fields":[21,47,8,0],"id":243176753332226,"type":105}
@nix {"action":"result","fields":[0,0,0,0],"id":243176753332227,"type":105}
@nix {"action":"result","fields":[101,0],"id":243176753332225,"type":106}
@nix {"action":"result","fields":[100,0],"id":243176753332225,"type":106}
@nix {"action":"result","fields":[22,48,7,0],"id":243176753332226,"type":105}
@nix {"action":"result","fields":[0,0,0,0],"id":243176753332227,"type":105}
@nix {"action":"result","fields":[101,0],"id":243176753332225,"type":106}
@nix {"action":"result","fields":[100,0],"id":243176753332225,"type":106}
@nix {"action":"stop","id":243176753332249}
@nix {"action":"result","fields":[23,49,6,0],"id":243176753332226,"type":105}
@nix {"action":"result","fields":[0,0,0,0],"id":243176753332227,"type":105}
@nix {"action":"result","fields":[101,0],"id":243176753332225,"type":106}
@nix {"action":"result","fields":[100,0],"id":243176753332225,"type":106}
@nix {"action":"stop","id":243176753332250}
@nix {"action":"result","fields":[24,50,5,0],"id":243176753332226,"type":105}
@nix {"action":"result","fields":[0,0,0,0],"id":243176753332227,"type":105}
@nix {"action":"result","fields":[101,0],"id":243176753332225,"type":106}
@nix {"action":"result","fields":[100,0],"id":243176753332225,"type":106}
@nix {"action":"stop","id":243176753332251}
@nix {"action":"result","fields":[25,51,4,0],"id":243176753332226,"type":105}
@nix {"action":"result","fields":[0,0,0,0],"id":243176753332227,"type":105}
@nix {"action":"result","fields":[101,0],"id":243176753332225,"type":106}
@nix {"action":"result","fields":[100,0],"id":243176753332225,"type":106}
@nix {"action":"stop","id":243176753332252}
@nix {"action":"result","fields":[26,52,3,0],"id":243176753332226,"type":105}
@nix {"action":"result","fields":[0,0,0,0],"id":243176753332227,"type":105}
@nix {"action":"result","fields":[101,0],"id":243176753332225,"type":106}
@nix {"action":"result","fields":[100,0],"id":243176753332225,"type":106}
@nix {"action":"stop","id":243176753332253}
@nix {"action":"result","fields":[27,53,2,0],"id":243176753332226,"type":105}
@nix {"action":"result","fields":[0,0,0,0],"id":243176753332227,"type":105}
@nix {"action":"result","fields":[101,0],"id":243176753332225,"type":106}
@nix {"action":"result","fields":[100,0],"id":243176753332225,"type":106}
@nix {"action":"stop","id":243176753332254}
@nix {"action":"result","fields":[28,54,1,0],"id":243176753332226,"type":105}
@nix {"action":"result","fields":[0,0,0,0],"id":243176753332227,"type":105}
@nix {"action":"result","fields":[101,0],"id":243176753332225,"type":106}
@nix {"action":"result","fields":[100,0],"id":243176753332225,"type":106}
@nix {"action":"stop","id":243176753332255}
@nix {"action":"start","fields":["/Users/hetzner/obrador-shared-pins-20260909/round-3-baseline/wide-round-1-jobs-8/store/izc3mq0b2n3zq7w95f951q4iaax5xwff-leaf-16.drv.drv","",1,1],"id":243176753332257,"level":3,"parent":0,"text":"building '/Users/hetzner/obrador-shared-pins-20260909/round-3-baseline/wide-round-1-jobs-8/store/izc3mq0b2n3zq7w95f951q4iaax5xwff-leaf-16.drv.drv'","type":105}
@nix {"action":"result","fields":[28,47,2,0],"id":243176753332226,"type":105}
@nix {"action":"result","fields":[0,0,0,0],"id":243176753332227,"type":105}
@nix {"action":"result","fields":[101,0],"id":243176753332225,"type":106}
@nix {"action":"result","fields":[100,0],"id":243176753332225,"type":106}
@nix {"action":"start","fields":["/Users/hetzner/obrador-shared-pins-20260909/round-3-baseline/wide-round-1-jobs-8/store/fniw6rvsfcg4jzms3101bl7ylgg280ry-leaf-22.drv.drv","",1,1],"id":243176753332258,"level":3,"parent":0,"text":"building '/Users/hetzner/obrador-shared-pins-20260909/round-3-baseline/wide-round-1-jobs-8/store/fniw6rvsfcg4jzms3101bl7ylgg280ry-leaf-22.drv.drv'","type":105}
@nix {"action":"result","fields":[28,47,3,0],"id":243176753332226,"type":105}
@nix {"action":"result","fields":[0,0,0,0],"id":243176753332227,"type":105}
@nix {"action":"result","fields":[101,0],"id":243176753332225,"type":106}
@nix {"action":"result","fields":[100,0],"id":243176753332225,"type":106}
@nix {"action":"start","fields":["/Users/hetzner/obrador-shared-pins-20260909/round-3-baseline/wide-round-1-jobs-8/store/zl2d390bysqwcif9xiv8d6lm0j5n5j68-leaf-23.drv.drv","",1,1],"id":243176753332259,"level":3,"parent":0,"text":"building '/Users/hetzner/obrador-shared-pins-20260909/round-3-baseline/wide-round-1-jobs-8/store/zl2d390bysqwcif9xiv8d6lm0j5n5j68-leaf-23.drv.drv'","type":105}
@nix {"action":"result","fields":[28,47,4,0],"id":243176753332226,"type":105}
@nix {"action":"result","fields":[0,0,0,0],"id":243176753332227,"type":105}
@nix {"action":"result","fields":[101,0],"id":243176753332225,"type":106}
@nix {"action":"result","fields":[100,0],"id":243176753332225,"type":106}
@nix {"action":"start","fields":["/Users/hetzner/obrador-shared-pins-20260909/round-3-baseline/wide-round-1-jobs-8/store/sai83lfgiazinv4bqbnid5jgcf81lkcl-leaf-24.drv.drv","",1,1],"id":243176753332260,"level":3,"parent":0,"text":"building '/Users/hetzner/obrador-shared-pins-20260909/round-3-baseline/wide-round-1-jobs-8/store/sai83lfgiazinv4bqbnid5jgcf81lkcl-leaf-24.drv.drv'","type":105}
@nix {"action":"result","fields":[28,47,5,0],"id":243176753332226,"type":105}
@nix {"action":"result","fields":[0,0,0,0],"id":243176753332227,"type":105}
@nix {"action":"result","fields":[101,0],"id":243176753332225,"type":106}
@nix {"action":"result","fields":[100,0],"id":243176753332225,"type":106}
@nix {"action":"start","fields":["/Users/hetzner/obrador-shared-pins-20260909/round-3-baseline/wide-round-1-jobs-8/store/k81hj07gkw8jzz145rjrb7l3ia9fmkn2-leaf-25.drv.drv","",1,1],"id":243176753332261,"level":3,"parent":0,"text":"building '/Users/hetzner/obrador-shared-pins-20260909/round-3-baseline/wide-round-1-jobs-8/store/k81hj07gkw8jzz145rjrb7l3ia9fmkn2-leaf-25.drv.drv'","type":105}
@nix {"action":"result","fields":[28,47,6,0],"id":243176753332226,"type":105}
@nix {"action":"result","fields":[0,0,0,0],"id":243176753332227,"type":105}
@nix {"action":"result","fields":[101,0],"id":243176753332225,"type":106}
@nix {"action":"result","fields":[100,0],"id":243176753332225,"type":106}
@nix {"action":"start","fields":["/Users/hetzner/obrador-shared-pins-20260909/round-3-baseline/wide-round-1-jobs-8/store/fjyjy6i6hzina5b2i3w7z8yavl08wskc-leaf-26.drv.drv","",1,1],"id":243176753332262,"level":3,"parent":0,"text":"building '/Users/hetzner/obrador-shared-pins-20260909/round-3-baseline/wide-round-1-jobs-8/store/fjyjy6i6hzina5b2i3w7z8yavl08wskc-leaf-26.drv.drv'","type":105}
@nix {"action":"result","fields":[28,47,7,0],"id":243176753332226,"type":105}
@nix {"action":"result","fields":[0,0,0,0],"id":243176753332227,"type":105}
@nix {"action":"result","fields":[101,0],"id":243176753332225,"type":106}
@nix {"action":"result","fields":[100,0],"id":243176753332225,"type":106}
@nix {"action":"start","fields":["/Users/hetzner/obrador-shared-pins-20260909/round-3-baseline/wide-round-1-jobs-8/store/pfh2cq1qjm1r0k2y74hhr8b2rdlqgy0s-leaf-9.drv","",1,1],"id":243176753332263,"level":3,"parent":0,"text":"building '/Users/hetzner/obrador-shared-pins-20260909/round-3-baseline/wide-round-1-jobs-8/store/pfh2cq1qjm1r0k2y74hhr8b2rdlqgy0s-leaf-9.drv'","type":105}
@nix {"action":"result","fields":[28,47,8,0],"id":243176753332226,"type":105}
@nix {"action":"result","fields":[0,0,0,0],"id":243176753332227,"type":105}
@nix {"action":"result","fields":[101,0],"id":243176753332225,"type":106}
@nix {"action":"result","fields":[100,0],"id":243176753332225,"type":106}
@nix {"action":"result","fields":[29,48,7,0],"id":243176753332226,"type":105}
@nix {"action":"result","fields":[0,0,0,0],"id":243176753332227,"type":105}
@nix {"action":"result","fields":[101,0],"id":243176753332225,"type":106}
@nix {"action":"result","fields":[100,0],"id":243176753332225,"type":106}
@nix {"action":"stop","id":243176753332257}
@nix {"action":"result","fields":[30,49,6,0],"id":243176753332226,"type":105}
@nix {"action":"result","fields":[0,0,0,0],"id":243176753332227,"type":105}
@nix {"action":"result","fields":[101,0],"id":243176753332225,"type":106}
@nix {"action":"result","fields":[100,0],"id":243176753332225,"type":106}
@nix {"action":"stop","id":243176753332256}
@nix {"action":"result","fields":[31,50,5,0],"id":243176753332226,"type":105}
@nix {"action":"result","fields":[0,0,0,0],"id":243176753332227,"type":105}
@nix {"action":"result","fields":[101,0],"id":243176753332225,"type":106}
@nix {"action":"result","fields":[100,0],"id":243176753332225,"type":106}
@nix {"action":"stop","id":243176753332258}
@nix {"action":"result","fields":[32,51,4,0],"id":243176753332226,"type":105}
@nix {"action":"result","fields":[0,0,0,0],"id":243176753332227,"type":105}
@nix {"action":"result","fields":[101,0],"id":243176753332225,"type":106}
@nix {"action":"result","fields":[100,0],"id":243176753332225,"type":106}
@nix {"action":"stop","id":243176753332259}
@nix {"action":"result","fields":[33,52,3,0],"id":243176753332226,"type":105}
@nix {"action":"result","fields":[0,0,0,0],"id":243176753332227,"type":105}
@nix {"action":"result","fields":[101,0],"id":243176753332225,"type":106}
@nix {"action":"result","fields":[100,0],"id":243176753332225,"type":106}
@nix {"action":"stop","id":243176753332260}
@nix {"action":"result","fields":[34,53,2,0],"id":243176753332226,"type":105}
@nix {"action":"result","fields":[0,0,0,0],"id":243176753332227,"type":105}
@nix {"action":"result","fields":[101,0],"id":243176753332225,"type":106}
@nix {"action":"result","fields":[100,0],"id":243176753332225,"type":106}
@nix {"action":"stop","id":243176753332261}
@nix {"action":"result","fields":[35,54,1,0],"id":243176753332226,"type":105}
@nix {"action":"result","fields":[0,0,0,0],"id":243176753332227,"type":105}
@nix {"action":"result","fields":[101,0],"id":243176753332225,"type":106}
@nix {"action":"result","fields":[100,0],"id":243176753332225,"type":106}
@nix {"action":"stop","id":243176753332262}
@nix {"action":"start","fields":["/Users/hetzner/obrador-shared-pins-20260909/round-3-baseline/wide-round-1-jobs-8/store/f3lgv2pxm1l3kir2hakiqlb7p4ih4qih-leaf-27.drv.drv","",1,1],"id":243176753332264,"level":3,"parent":0,"text":"building '/Users/hetzner/obrador-shared-pins-20260909/round-3-baseline/wide-round-1-jobs-8/store/f3lgv2pxm1l3kir2hakiqlb7p4ih4qih-leaf-27.drv.drv'","type":105}
@nix {"action":"result","fields":[35,47,2,0],"id":243176753332226,"type":105}
@nix {"action":"result","fields":[0,0,0,0],"id":243176753332227,"type":105}
@nix {"action":"result","fields":[101,0],"id":243176753332225,"type":106}
@nix {"action":"result","fields":[100,0],"id":243176753332225,"type":106}
@nix {"action":"start","fields":["/Users/hetzner/obrador-shared-pins-20260909/round-3-baseline/wide-round-1-jobs-8/store/3hkh4rd94kx7knyp8lb778grb9x2lpnq-leaf-28.drv.drv","",1,1],"id":243176753332265,"level":3,"parent":0,"text":"building '/Users/hetzner/obrador-shared-pins-20260909/round-3-baseline/wide-round-1-jobs-8/store/3hkh4rd94kx7knyp8lb778grb9x2lpnq-leaf-28.drv.drv'","type":105}
@nix {"action":"result","fields":[35,47,3,0],"id":243176753332226,"type":105}
@nix {"action":"result","fields":[0,0,0,0],"id":243176753332227,"type":105}
@nix {"action":"result","fields":[101,0],"id":243176753332225,"type":106}
@nix {"action":"result","fields":[100,0],"id":243176753332225,"type":106}
@nix {"action":"start","fields":["/Users/hetzner/obrador-shared-pins-20260909/round-3-baseline/wide-round-1-jobs-8/store/kqcibflna0wrsbny57c5zw69n48pb4sv-leaf-29.drv.drv","",1,1],"id":243176753332266,"level":3,"parent":0,"text":"building '/Users/hetzner/obrador-shared-pins-20260909/round-3-baseline/wide-round-1-jobs-8/store/kqcibflna0wrsbny57c5zw69n48pb4sv-leaf-29.drv.drv'","type":105}
@nix {"action":"result","fields":[35,47,4,0],"id":243176753332226,"type":105}
@nix {"action":"result","fields":[0,0,0,0],"id":243176753332227,"type":105}
@nix {"action":"result","fields":[101,0],"id":243176753332225,"type":106}
@nix {"action":"result","fields":[100,0],"id":243176753332225,"type":106}
@nix {"action":"start","fields":["/Users/hetzner/obrador-shared-pins-20260909/round-3-baseline/wide-round-1-jobs-8/store/yjrmzn8vg7khbl8lr85m1g494n6kz1mw-leaf-3.drv.drv","",1,1],"id":243176753332267,"level":3,"parent":0,"text":"building '/Users/hetzner/obrador-shared-pins-20260909/round-3-baseline/wide-round-1-jobs-8/store/yjrmzn8vg7khbl8lr85m1g494n6kz1mw-leaf-3.drv.drv'","type":105}
@nix {"action":"result","fields":[35,47,5,0],"id":243176753332226,"type":105}
@nix {"action":"result","fields":[0,0,0,0],"id":243176753332227,"type":105}
@nix {"action":"result","fields":[101,0],"id":243176753332225,"type":106}
@nix {"action":"result","fields":[100,0],"id":243176753332225,"type":106}
@nix {"action":"start","fields":["/Users/hetzner/obrador-shared-pins-20260909/round-3-baseline/wide-round-1-jobs-8/store/mjnbfn3jwjcamry8ghqxgllgm8h7dpjq-leaf-30.drv.drv","",1,1],"id":243176753332268,"level":3,"parent":0,"text":"building '/Users/hetzner/obrador-shared-pins-20260909/round-3-baseline/wide-round-1-jobs-8/store/mjnbfn3jwjcamry8ghqxgllgm8h7dpjq-leaf-30.drv.drv'","type":105}
@nix {"action":"result","fields":[35,47,6,0],"id":243176753332226,"type":105}
@nix {"action":"result","fields":[0,0,0,0],"id":243176753332227,"type":105}
@nix {"action":"result","fields":[101,0],"id":243176753332225,"type":106}
@nix {"action":"result","fields":[100,0],"id":243176753332225,"type":106}
@nix {"action":"start","fields":["/Users/hetzner/obrador-shared-pins-20260909/round-3-baseline/wide-round-1-jobs-8/store/amlixb6rrzsxn1xawymgxclv81v7dfxv-leaf-31.drv.drv","",1,1],"id":243176753332269,"level":3,"parent":0,"text":"building '/Users/hetzner/obrador-shared-pins-20260909/round-3-baseline/wide-round-1-jobs-8/store/amlixb6rrzsxn1xawymgxclv81v7dfxv-leaf-31.drv.drv'","type":105}
@nix {"action":"result","fields":[35,47,7,0],"id":243176753332226,"type":105}
@nix {"action":"result","fields":[0,0,0,0],"id":243176753332227,"type":105}
@nix {"action":"result","fields":[101,0],"id":243176753332225,"type":106}
@nix {"action":"result","fields":[100,0],"id":243176753332225,"type":106}
@nix {"action":"start","fields":["/Users/hetzner/obrador-shared-pins-20260909/round-3-baseline/wide-round-1-jobs-8/store/g82bw4ngg7k4q1cm2v70p5r3zyk1fmdl-leaf-4.drv.drv","",1,1],"id":243176753332270,"level":3,"parent":0,"text":"building '/Users/hetzner/obrador-shared-pins-20260909/round-3-baseline/wide-round-1-jobs-8/store/g82bw4ngg7k4q1cm2v70p5r3zyk1fmdl-leaf-4.drv.drv'","type":105}
@nix {"action":"result","fields":[35,47,8,0],"id":243176753332226,"type":105}
@nix {"action":"result","fields":[0,0,0,0],"id":243176753332227,"type":105}
@nix {"action":"result","fields":[101,0],"id":243176753332225,"type":106}
@nix {"action":"result","fields":[100,0],"id":243176753332225,"type":106}
@nix {"action":"result","fields":[35,48,8,0],"id":243176753332226,"type":105}
@nix {"action":"result","fields":[0,0,0,0],"id":243176753332227,"type":105}
@nix {"action":"result","fields":[101,0],"id":243176753332225,"type":106}
@nix {"action":"result","fields":[100,0],"id":243176753332225,"type":106}
@nix {"action":"result","fields":[35,49,8,0],"id":243176753332226,"type":105}
@nix {"action":"result","fields":[0,0,0,0],"id":243176753332227,"type":105}
@nix {"action":"result","fields":[101,0],"id":243176753332225,"type":106}
@nix {"action":"result","fields":[100,0],"id":243176753332225,"type":106}
@nix {"action":"result","fields":[35,50,8,0],"id":243176753332226,"type":105}
@nix {"action":"result","fields":[0,0,0,0],"id":243176753332227,"type":105}
@nix {"action":"result","fields":[101,0],"id":243176753332225,"type":106}
@nix {"action":"result","fields":[100,0],"id":243176753332225,"type":106}
@nix {"action":"result","fields":[35,51,8,0],"id":243176753332226,"type":105}
@nix {"action":"result","fields":[0,0,0,0],"id":243176753332227,"type":105}
@nix {"action":"result","fields":[101,0],"id":243176753332225,"type":106}
@nix {"action":"result","fields":[100,0],"id":243176753332225,"type":106}
@nix {"action":"result","fields":[35,52,8,0],"id":243176753332226,"type":105}
@nix {"action":"result","fields":[0,0,0,0],"id":243176753332227,"type":105}
@nix {"action":"result","fields":[101,0],"id":243176753332225,"type":106}
@nix {"action":"result","fields":[100,0],"id":243176753332225,"type":106}
@nix {"action":"result","fields":[35,53,8,0],"id":243176753332226,"type":105}
@nix {"action":"result","fields":[0,0,0,0],"id":243176753332227,"type":105}
@nix {"action":"result","fields":[101,0],"id":243176753332225,"type":106}
@nix {"action":"result","fields":[100,0],"id":243176753332225,"type":106}
@nix {"action":"result","fields":[36,54,7,0],"id":243176753332226,"type":105}
@nix {"action":"result","fields":[0,0,0,0],"id":243176753332227,"type":105}
@nix {"action":"result","fields":[101,0],"id":243176753332225,"type":106}
@nix {"action":"result","fields":[100,0],"id":243176753332225,"type":106}
@nix {"action":"stop","id":243176753332264}
@nix {"action":"result","fields":[37,55,6,0],"id":243176753332226,"type":105}
@nix {"action":"result","fields":[0,0,0,0],"id":243176753332227,"type":105}
@nix {"action":"result","fields":[101,0],"id":243176753332225,"type":106}
@nix {"action":"result","fields":[100,0],"id":243176753332225,"type":106}
@nix {"action":"stop","id":243176753332265}
@nix {"action":"result","fields":[38,56,5,0],"id":243176753332226,"type":105}
@nix {"action":"result","fields":[0,0,0,0],"id":243176753332227,"type":105}
@nix {"action":"result","fields":[101,0],"id":243176753332225,"type":106}
@nix {"action":"result","fields":[100,0],"id":243176753332225,"type":106}
@nix {"action":"stop","id":243176753332266}
@nix {"action":"result","fields":[39,57,4,0],"id":243176753332226,"type":105}
@nix {"action":"result","fields":[0,0,0,0],"id":243176753332227,"type":105}
@nix {"action":"result","fields":[101,0],"id":243176753332225,"type":106}
@nix {"action":"result","fields":[100,0],"id":243176753332225,"type":106}
@nix {"action":"stop","id":243176753332267}
@nix {"action":"result","fields":[40,58,3,0],"id":243176753332226,"type":105}
@nix {"action":"result","fields":[0,0,0,0],"id":243176753332227,"type":105}
@nix {"action":"result","fields":[101,0],"id":243176753332225,"type":106}
@nix {"action":"result","fields":[100,0],"id":243176753332225,"type":106}
@nix {"action":"stop","id":243176753332268}
@nix {"action":"result","fields":[41,59,2,0],"id":243176753332226,"type":105}
@nix {"action":"result","fields":[0,0,0,0],"id":243176753332227,"type":105}
@nix {"action":"result","fields":[101,0],"id":243176753332225,"type":106}
@nix {"action":"result","fields":[100,0],"id":243176753332225,"type":106}
@nix {"action":"stop","id":243176753332269}
@nix {"action":"result","fields":[42,60,1,0],"id":243176753332226,"type":105}
@nix {"action":"result","fields":[0,0,0,0],"id":243176753332227,"type":105}
@nix {"action":"result","fields":[101,0],"id":243176753332225,"type":106}
@nix {"action":"result","fields":[100,0],"id":243176753332225,"type":106}
@nix {"action":"stop","id":243176753332263}
@nix {"action":"start","fields":["/Users/hetzner/obrador-shared-pins-20260909/round-3-baseline/wide-round-1-jobs-8/store/yd065j017fkkjs5gvj84b0cqa2m09zyb-leaf-16.drv","",1,1],"id":243176753332271,"level":3,"parent":0,"text":"building '/Users/hetzner/obrador-shared-pins-20260909/round-3-baseline/wide-round-1-jobs-8/store/yd065j017fkkjs5gvj84b0cqa2m09zyb-leaf-16.drv'","type":105}
@nix {"action":"result","fields":[42,53,2,0],"id":243176753332226,"type":105}
@nix {"action":"result","fields":[0,0,0,0],"id":243176753332227,"type":105}
@nix {"action":"result","fields":[101,0],"id":243176753332225,"type":106}
@nix {"action":"result","fields":[100,0],"id":243176753332225,"type":106}
@nix {"action":"start","fields":["/Users/hetzner/obrador-shared-pins-20260909/round-3-baseline/wide-round-1-jobs-8/store/hvdy3vp2gw23bvfzb80kp6539g1sp4c6-leaf-22.drv","",1,1],"id":243176753332272,"level":3,"parent":0,"text":"building '/Users/hetzner/obrador-shared-pins-20260909/round-3-baseline/wide-round-1-jobs-8/store/hvdy3vp2gw23bvfzb80kp6539g1sp4c6-leaf-22.drv'","type":105}
@nix {"action":"result","fields":[42,53,3,0],"id":243176753332226,"type":105}
@nix {"action":"result","fields":[0,0,0,0],"id":243176753332227,"type":105}
@nix {"action":"result","fields":[101,0],"id":243176753332225,"type":106}
@nix {"action":"result","fields":[100,0],"id":243176753332225,"type":106}
@nix {"action":"start","fields":["/Users/hetzner/obrador-shared-pins-20260909/round-3-baseline/wide-round-1-jobs-8/store/8cbww6vqij46d36w84cv5zbcy0d5kf1q-leaf-23.drv","",1,1],"id":243176753332273,"level":3,"parent":0,"text":"building '/Users/hetzner/obrador-shared-pins-20260909/round-3-baseline/wide-round-1-jobs-8/store/8cbww6vqij46d36w84cv5zbcy0d5kf1q-leaf-23.drv'","type":105}
@nix {"action":"result","fields":[42,53,4,0],"id":243176753332226,"type":105}
@nix {"action":"result","fields":[0,0,0,0],"id":243176753332227,"type":105}
@nix {"action":"result","fields":[101,0],"id":243176753332225,"type":106}
@nix {"action":"result","fields":[100,0],"id":243176753332225,"type":106}
@nix {"action":"start","fields":["/Users/hetzner/obrador-shared-pins-20260909/round-3-baseline/wide-round-1-jobs-8/store/127j786117yja19j10dvmjw8nqdad64f-leaf-24.drv","",1,1],"id":243176753332274,"level":3,"parent":0,"text":"building '/Users/hetzner/obrador-shared-pins-20260909/round-3-baseline/wide-round-1-jobs-8/store/127j786117yja19j10dvmjw8nqdad64f-leaf-24.drv'","type":105}
@nix {"action":"result","fields":[42,53,5,0],"id":243176753332226,"type":105}
@nix {"action":"result","fields":[0,0,0,0],"id":243176753332227,"type":105}
@nix {"action":"result","fields":[101,0],"id":243176753332225,"type":106}
@nix {"action":"result","fields":[100,0],"id":243176753332225,"type":106}
@nix {"action":"start","fields":["/Users/hetzner/obrador-shared-pins-20260909/round-3-baseline/wide-round-1-jobs-8/store/s45vzy8v50lbxkzvrs946zmghvq2a3zl-leaf-25.drv","",1,1],"id":243176753332275,"level":3,"parent":0,"text":"building '/Users/hetzner/obrador-shared-pins-20260909/round-3-baseline/wide-round-1-jobs-8/store/s45vzy8v50lbxkzvrs946zmghvq2a3zl-leaf-25.drv'","type":105}
@nix {"action":"result","fields":[42,53,6,0],"id":243176753332226,"type":105}
@nix {"action":"result","fields":[0,0,0,0],"id":243176753332227,"type":105}
@nix {"action":"result","fields":[101,0],"id":243176753332225,"type":106}
@nix {"action":"result","fields":[100,0],"id":243176753332225,"type":106}
@nix {"action":"start","fields":["/Users/hetzner/obrador-shared-pins-20260909/round-3-baseline/wide-round-1-jobs-8/store/pzj4m5cickxa2g693rb661whysl1lx7c-leaf-26.drv","",1,1],"id":243176753332276,"level":3,"parent":0,"text":"building '/Users/hetzner/obrador-shared-pins-20260909/round-3-baseline/wide-round-1-jobs-8/store/pzj4m5cickxa2g693rb661whysl1lx7c-leaf-26.drv'","type":105}
@nix {"action":"result","fields":[42,53,7,0],"id":243176753332226,"type":105}
@nix {"action":"result","fields":[0,0,0,0],"id":243176753332227,"type":105}
@nix {"action":"result","fields":[101,0],"id":243176753332225,"type":106}
@nix {"action":"result","fields":[100,0],"id":243176753332225,"type":106}
@nix {"action":"start","fields":["/Users/hetzner/obrador-shared-pins-20260909/round-3-baseline/wide-round-1-jobs-8/store/rdsglilf8fbjzbqlral1kz8l5xykdahh-leaf-5.drv.drv","",1,1],"id":243176753332277,"level":3,"parent":0,"text":"building '/Users/hetzner/obrador-shared-pins-20260909/round-3-baseline/wide-round-1-jobs-8/store/rdsglilf8fbjzbqlral1kz8l5xykdahh-leaf-5.drv.drv'","type":105}
@nix {"action":"result","fields":[42,53,8,0],"id":243176753332226,"type":105}
@nix {"action":"result","fields":[0,0,0,0],"id":243176753332227,"type":105}
@nix {"action":"result","fields":[101,0],"id":243176753332225,"type":106}
@nix {"action":"result","fields":[100,0],"id":243176753332225,"type":106}
@nix {"action":"result","fields":[42,54,8,0],"id":243176753332226,"type":105}
@nix {"action":"result","fields":[0,0,0,0],"id":243176753332227,"type":105}
@nix {"action":"result","fields":[101,0],"id":243176753332225,"type":106}
@nix {"action":"result","fields":[100,0],"id":243176753332225,"type":106}
@nix {"action":"result","fields":[42,55,8,0],"id":243176753332226,"type":105}
@nix {"action":"result","fields":[0,0,0,0],"id":243176753332227,"type":105}
@nix {"action":"result","fields":[101,0],"id":243176753332225,"type":106}
@nix {"action":"result","fields":[100,0],"id":243176753332225,"type":106}
@nix {"action":"result","fields":[42,56,8,0],"id":243176753332226,"type":105}
@nix {"action":"result","fields":[0,0,0,0],"id":243176753332227,"type":105}
@nix {"action":"result","fields":[101,0],"id":243176753332225,"type":106}
@nix {"action":"result","fields":[100,0],"id":243176753332225,"type":106}
@nix {"action":"result","fields":[42,57,8,0],"id":243176753332226,"type":105}
@nix {"action":"result","fields":[0,0,0,0],"id":243176753332227,"type":105}
@nix {"action":"result","fields":[101,0],"id":243176753332225,"type":106}
@nix {"action":"result","fields":[100,0],"id":243176753332225,"type":106}
@nix {"action":"result","fields":[42,58,8,0],"id":243176753332226,"type":105}
@nix {"action":"result","fields":[0,0,0,0],"id":243176753332227,"type":105}
@nix {"action":"result","fields":[101,0],"id":243176753332225,"type":106}
@nix {"action":"result","fields":[100,0],"id":243176753332225,"type":106}
@nix {"action":"result","fields":[42,59,8,0],"id":243176753332226,"type":105}
@nix {"action":"result","fields":[0,0,0,0],"id":243176753332227,"type":105}
@nix {"action":"result","fields":[101,0],"id":243176753332225,"type":106}
@nix {"action":"result","fields":[100,0],"id":243176753332225,"type":106}
@nix {"action":"result","fields":[43,60,7,0],"id":243176753332226,"type":105}
@nix {"action":"result","fields":[0,0,0,0],"id":243176753332227,"type":105}
@nix {"action":"result","fields":[101,0],"id":243176753332225,"type":106}
@nix {"action":"result","fields":[100,0],"id":243176753332225,"type":106}
@nix {"action":"stop","id":243176753332271}
@nix {"action":"result","fields":[44,61,6,0],"id":243176753332226,"type":105}
@nix {"action":"result","fields":[0,0,0,0],"id":243176753332227,"type":105}
@nix {"action":"result","fields":[101,0],"id":243176753332225,"type":106}
@nix {"action":"result","fields":[100,0],"id":243176753332225,"type":106}
@nix {"action":"stop","id":243176753332272}
@nix {"action":"result","fields":[45,62,5,0],"id":243176753332226,"type":105}
@nix {"action":"result","fields":[0,0,0,0],"id":243176753332227,"type":105}
@nix {"action":"result","fields":[101,0],"id":243176753332225,"type":106}
@nix {"action":"result","fields":[100,0],"id":243176753332225,"type":106}
@nix {"action":"stop","id":243176753332273}
@nix {"action":"result","fields":[46,63,4,0],"id":243176753332226,"type":105}
@nix {"action":"result","fields":[0,0,0,0],"id":243176753332227,"type":105}
@nix {"action":"result","fields":[101,0],"id":243176753332225,"type":106}
@nix {"action":"result","fields":[100,0],"id":243176753332225,"type":106}
@nix {"action":"stop","id":243176753332274}
@nix {"action":"result","fields":[47,64,3,0],"id":243176753332226,"type":105}
@nix {"action":"result","fields":[0,0,0,0],"id":243176753332227,"type":105}
@nix {"action":"result","fields":[101,0],"id":243176753332225,"type":106}
@nix {"action":"result","fields":[100,0],"id":243176753332225,"type":106}
@nix {"action":"stop","id":243176753332275}
@nix {"action":"result","fields":[48,65,2,0],"id":243176753332226,"type":105}
@nix {"action":"result","fields":[0,0,0,0],"id":243176753332227,"type":105}
@nix {"action":"result","fields":[101,0],"id":243176753332225,"type":106}
@nix {"action":"result","fields":[100,0],"id":243176753332225,"type":106}
@nix {"action":"stop","id":243176753332276}
@nix {"action":"result","fields":[49,66,1,0],"id":243176753332226,"type":105}
@nix {"action":"result","fields":[0,0,0,0],"id":243176753332227,"type":105}
@nix {"action":"result","fields":[101,0],"id":243176753332225,"type":106}
@nix {"action":"result","fields":[100,0],"id":243176753332225,"type":106}
@nix {"action":"stop","id":243176753332270}
@nix {"action":"start","fields":["/Users/hetzner/obrador-shared-pins-20260909/round-3-baseline/wide-round-1-jobs-8/store/zg502q0fj3fri75kd25sah7gjrnz6w3z-leaf-27.drv","",1,1],"id":243176753332278,"level":3,"parent":0,"text":"building '/Users/hetzner/obrador-shared-pins-20260909/round-3-baseline/wide-round-1-jobs-8/store/zg502q0fj3fri75kd25sah7gjrnz6w3z-leaf-27.drv'","type":105}
@nix {"action":"result","fields":[49,59,2,0],"id":243176753332226,"type":105}
@nix {"action":"result","fields":[0,0,0,0],"id":243176753332227,"type":105}
@nix {"action":"result","fields":[101,0],"id":243176753332225,"type":106}
@nix {"action":"result","fields":[100,0],"id":243176753332225,"type":106}
@nix {"action":"start","fields":["/Users/hetzner/obrador-shared-pins-20260909/round-3-baseline/wide-round-1-jobs-8/store/ydvn33r1mgw7czr3szvghl7lk17a211q-leaf-28.drv","",1,1],"id":243176753332279,"level":3,"parent":0,"text":"building '/Users/hetzner/obrador-shared-pins-20260909/round-3-baseline/wide-round-1-jobs-8/store/ydvn33r1mgw7czr3szvghl7lk17a211q-leaf-28.drv'","type":105}
@nix {"action":"result","fields":[49,59,3,0],"id":243176753332226,"type":105}
@nix {"action":"result","fields":[0,0,0,0],"id":243176753332227,"type":105}
@nix {"action":"result","fields":[101,0],"id":243176753332225,"type":106}
@nix {"action":"result","fields":[100,0],"id":243176753332225,"type":106}
@nix {"action":"start","fields":["/Users/hetzner/obrador-shared-pins-20260909/round-3-baseline/wide-round-1-jobs-8/store/ylg49nmhng4p1wfz5xh311mlfvirnm32-leaf-29.drv","",1,1],"id":243176753332280,"level":3,"parent":0,"text":"building '/Users/hetzner/obrador-shared-pins-20260909/round-3-baseline/wide-round-1-jobs-8/store/ylg49nmhng4p1wfz5xh311mlfvirnm32-leaf-29.drv'","type":105}
@nix {"action":"result","fields":[49,59,4,0],"id":243176753332226,"type":105}
@nix {"action":"result","fields":[0,0,0,0],"id":243176753332227,"type":105}
@nix {"action":"result","fields":[101,0],"id":243176753332225,"type":106}
@nix {"action":"result","fields":[100,0],"id":243176753332225,"type":106}
@nix {"action":"start","fields":["/Users/hetzner/obrador-shared-pins-20260909/round-3-baseline/wide-round-1-jobs-8/store/9yc6kc31nrfw6q9lmham1drcxqhm2c7g-leaf-3.drv","",1,1],"id":243176753332281,"level":3,"parent":0,"text":"building '/Users/hetzner/obrador-shared-pins-20260909/round-3-baseline/wide-round-1-jobs-8/store/9yc6kc31nrfw6q9lmham1drcxqhm2c7g-leaf-3.drv'","type":105}
@nix {"action":"result","fields":[49,59,5,0],"id":243176753332226,"type":105}
@nix {"action":"result","fields":[0,0,0,0],"id":243176753332227,"type":105}
@nix {"action":"result","fields":[101,0],"id":243176753332225,"type":106}
@nix {"action":"result","fields":[100,0],"id":243176753332225,"type":106}
@nix {"action":"start","fields":["/Users/hetzner/obrador-shared-pins-20260909/round-3-baseline/wide-round-1-jobs-8/store/dnqib626diprywxnbhj4lwiz996qg22k-leaf-30.drv","",1,1],"id":243176753332282,"level":3,"parent":0,"text":"building '/Users/hetzner/obrador-shared-pins-20260909/round-3-baseline/wide-round-1-jobs-8/store/dnqib626diprywxnbhj4lwiz996qg22k-leaf-30.drv'","type":105}
@nix {"action":"result","fields":[49,59,6,0],"id":243176753332226,"type":105}
@nix {"action":"result","fields":[0,0,0,0],"id":243176753332227,"type":105}
@nix {"action":"result","fields":[101,0],"id":243176753332225,"type":106}
@nix {"action":"result","fields":[100,0],"id":243176753332225,"type":106}
@nix {"action":"start","fields":["/Users/hetzner/obrador-shared-pins-20260909/round-3-baseline/wide-round-1-jobs-8/store/w0jkhw3dmj6b4fc2lrar3k99gcp1dwgb-leaf-31.drv","",1,1],"id":243176753332283,"level":3,"parent":0,"text":"building '/Users/hetzner/obrador-shared-pins-20260909/round-3-baseline/wide-round-1-jobs-8/store/w0jkhw3dmj6b4fc2lrar3k99gcp1dwgb-leaf-31.drv'","type":105}
@nix {"action":"result","fields":[49,59,7,0],"id":243176753332226,"type":105}
@nix {"action":"result","fields":[0,0,0,0],"id":243176753332227,"type":105}
@nix {"action":"result","fields":[101,0],"id":243176753332225,"type":106}
@nix {"action":"result","fields":[100,0],"id":243176753332225,"type":106}
@nix {"action":"start","fields":["/Users/hetzner/obrador-shared-pins-20260909/round-3-baseline/wide-round-1-jobs-8/store/rmf0q30ig40wif1z2v93k7qg33nbh8mn-leaf-6.drv.drv","",1,1],"id":243176753332284,"level":3,"parent":0,"text":"building '/Users/hetzner/obrador-shared-pins-20260909/round-3-baseline/wide-round-1-jobs-8/store/rmf0q30ig40wif1z2v93k7qg33nbh8mn-leaf-6.drv.drv'","type":105}
@nix {"action":"result","fields":[49,59,8,0],"id":243176753332226,"type":105}
@nix {"action":"result","fields":[0,0,0,0],"id":243176753332227,"type":105}
@nix {"action":"result","fields":[101,0],"id":243176753332225,"type":106}
@nix {"action":"result","fields":[100,0],"id":243176753332225,"type":106}
@nix {"action":"result","fields":[49,60,8,0],"id":243176753332226,"type":105}
@nix {"action":"result","fields":[0,0,0,0],"id":243176753332227,"type":105}
@nix {"action":"result","fields":[101,0],"id":243176753332225,"type":106}
@nix {"action":"result","fields":[100,0],"id":243176753332225,"type":106}
@nix {"action":"result","fields":[50,61,7,0],"id":243176753332226,"type":105}
@nix {"action":"result","fields":[0,0,0,0],"id":243176753332227,"type":105}
@nix {"action":"result","fields":[101,0],"id":243176753332225,"type":106}
@nix {"action":"result","fields":[100,0],"id":243176753332225,"type":106}
@nix {"action":"stop","id":243176753332278}
@nix {"action":"result","fields":[51,62,6,0],"id":243176753332226,"type":105}
@nix {"action":"result","fields":[0,0,0,0],"id":243176753332227,"type":105}
@nix {"action":"result","fields":[101,0],"id":243176753332225,"type":106}
@nix {"action":"result","fields":[100,0],"id":243176753332225,"type":106}
@nix {"action":"stop","id":243176753332279}
@nix {"action":"result","fields":[52,63,5,0],"id":243176753332226,"type":105}
@nix {"action":"result","fields":[0,0,0,0],"id":243176753332227,"type":105}
@nix {"action":"result","fields":[101,0],"id":243176753332225,"type":106}
@nix {"action":"result","fields":[100,0],"id":243176753332225,"type":106}
@nix {"action":"stop","id":243176753332280}
@nix {"action":"result","fields":[53,64,4,0],"id":243176753332226,"type":105}
@nix {"action":"result","fields":[0,0,0,0],"id":243176753332227,"type":105}
@nix {"action":"result","fields":[101,0],"id":243176753332225,"type":106}
@nix {"action":"result","fields":[100,0],"id":243176753332225,"type":106}
@nix {"action":"stop","id":243176753332281}
@nix {"action":"result","fields":[54,65,3,0],"id":243176753332226,"type":105}
@nix {"action":"result","fields":[0,0,0,0],"id":243176753332227,"type":105}
@nix {"action":"result","fields":[101,0],"id":243176753332225,"type":106}
@nix {"action":"result","fields":[100,0],"id":243176753332225,"type":106}
@nix {"action":"stop","id":243176753332282}
@nix {"action":"result","fields":[55,66,2,0],"id":243176753332226,"type":105}
@nix {"action":"result","fields":[0,0,0,0],"id":243176753332227,"type":105}
@nix {"action":"result","fields":[101,0],"id":243176753332225,"type":106}
@nix {"action":"result","fields":[100,0],"id":243176753332225,"type":106}
@nix {"action":"stop","id":243176753332283}
@nix {"action":"result","fields":[56,67,1,0],"id":243176753332226,"type":105}
@nix {"action":"result","fields":[0,0,0,0],"id":243176753332227,"type":105}
@nix {"action":"result","fields":[101,0],"id":243176753332225,"type":106}
@nix {"action":"result","fields":[100,0],"id":243176753332225,"type":106}
@nix {"action":"stop","id":243176753332277}
@nix {"action":"start","fields":["/Users/hetzner/obrador-shared-pins-20260909/round-3-baseline/wide-round-1-jobs-8/store/j9q7ijj5mj9jib5lrlicnbk9zyyw5kn7-leaf-4.drv","",1,1],"id":243176753332285,"level":3,"parent":0,"text":"building '/Users/hetzner/obrador-shared-pins-20260909/round-3-baseline/wide-round-1-jobs-8/store/j9q7ijj5mj9jib5lrlicnbk9zyyw5kn7-leaf-4.drv'","type":105}
@nix {"action":"result","fields":[56,60,2,0],"id":243176753332226,"type":105}
@nix {"action":"result","fields":[0,0,0,0],"id":243176753332227,"type":105}
@nix {"action":"result","fields":[101,0],"id":243176753332225,"type":106}
@nix {"action":"result","fields":[100,0],"id":243176753332225,"type":106}
@nix {"action":"start","fields":["/Users/hetzner/obrador-shared-pins-20260909/round-3-baseline/wide-round-1-jobs-8/store/5r0lwakyxr7mmkn57ic56ssk8n3q9nyg-leaf-7.drv.drv","",1,1],"id":243176753332286,"level":3,"parent":0,"text":"building '/Users/hetzner/obrador-shared-pins-20260909/round-3-baseline/wide-round-1-jobs-8/store/5r0lwakyxr7mmkn57ic56ssk8n3q9nyg-leaf-7.drv.drv'","type":105}
@nix {"action":"result","fields":[56,60,3,0],"id":243176753332226,"type":105}
@nix {"action":"result","fields":[0,0,0,0],"id":243176753332227,"type":105}
@nix {"action":"result","fields":[101,0],"id":243176753332225,"type":106}
@nix {"action":"result","fields":[100,0],"id":243176753332225,"type":106}
@nix {"action":"start","fields":["/Users/hetzner/obrador-shared-pins-20260909/round-3-baseline/wide-round-1-jobs-8/store/x62zmfmjdrc5yjpwjczprcsxb620psc8-leaf-8.drv.drv","",1,1],"id":243176753332287,"level":3,"parent":0,"text":"building '/Users/hetzner/obrador-shared-pins-20260909/round-3-baseline/wide-round-1-jobs-8/store/x62zmfmjdrc5yjpwjczprcsxb620psc8-leaf-8.drv.drv'","type":105}
@nix {"action":"result","fields":[56,60,4,0],"id":243176753332226,"type":105}
@nix {"action":"result","fields":[0,0,0,0],"id":243176753332227,"type":105}
@nix {"action":"result","fields":[101,0],"id":243176753332225,"type":106}
@nix {"action":"result","fields":[100,0],"id":243176753332225,"type":106}
@nix {"action":"result","fields":[56,61,4,0],"id":243176753332226,"type":105}
@nix {"action":"result","fields":[0,0,0,0],"id":243176753332227,"type":105}
@nix {"action":"result","fields":[101,0],"id":243176753332225,"type":106}
@nix {"action":"result","fields":[100,0],"id":243176753332225,"type":106}
@nix {"action":"start","fields":["/Users/hetzner/obrador-shared-pins-20260909/round-3-baseline/wide-round-1-jobs-8/store/476y6dggzsysyjw32v0qzqjdzzpc5gsx-leaf-5.drv","",1,1],"id":243176753332288,"level":3,"parent":0,"text":"building '/Users/hetzner/obrador-shared-pins-20260909/round-3-baseline/wide-round-1-jobs-8/store/476y6dggzsysyjw32v0qzqjdzzpc5gsx-leaf-5.drv'","type":105}
@nix {"action":"result","fields":[56,61,5,0],"id":243176753332226,"type":105}
@nix {"action":"result","fields":[0,0,0,0],"id":243176753332227,"type":105}
@nix {"action":"result","fields":[101,0],"id":243176753332225,"type":106}
@nix {"action":"result","fields":[100,0],"id":243176753332225,"type":106}
@nix {"action":"result","fields":[57,62,4,0],"id":243176753332226,"type":105}
@nix {"action":"result","fields":[0,0,0,0],"id":243176753332227,"type":105}
@nix {"action":"result","fields":[101,0],"id":243176753332225,"type":106}
@nix {"action":"result","fields":[100,0],"id":243176753332225,"type":106}
@nix {"action":"stop","id":243176753332285}
@nix {"action":"result","fields":[58,63,3,0],"id":243176753332226,"type":105}
@nix {"action":"result","fields":[0,0,0,0],"id":243176753332227,"type":105}
@nix {"action":"result","fields":[101,0],"id":243176753332225,"type":106}
@nix {"action":"result","fields":[100,0],"id":243176753332225,"type":106}
@nix {"action":"stop","id":243176753332284}
@nix {"action":"result","fields":[59,64,2,0],"id":243176753332226,"type":105}
@nix {"action":"result","fields":[0,0,0,0],"id":243176753332227,"type":105}
@nix {"action":"result","fields":[101,0],"id":243176753332225,"type":106}
@nix {"action":"result","fields":[100,0],"id":243176753332225,"type":106}
@nix {"action":"stop","id":243176753332286}
@nix {"action":"result","fields":[60,65,1,0],"id":243176753332226,"type":105}
@nix {"action":"result","fields":[0,0,0,0],"id":243176753332227,"type":105}
@nix {"action":"result","fields":[101,0],"id":243176753332225,"type":106}
@nix {"action":"result","fields":[100,0],"id":243176753332225,"type":106}
@nix {"action":"stop","id":243176753332287}
@nix {"action":"result","fields":[60,62,1,0],"id":243176753332226,"type":105}
@nix {"action":"result","fields":[0,0,0,0],"id":243176753332227,"type":105}
@nix {"action":"result","fields":[101,0],"id":243176753332225,"type":106}
@nix {"action":"result","fields":[100,0],"id":243176753332225,"type":106}
@nix {"action":"result","fields":[60,63,1,0],"id":243176753332226,"type":105}
@nix {"action":"result","fields":[0,0,0,0],"id":243176753332227,"type":105}
@nix {"action":"result","fields":[101,0],"id":243176753332225,"type":106}
@nix {"action":"result","fields":[100,0],"id":243176753332225,"type":106}
@nix {"action":"result","fields":[60,64,1,0],"id":243176753332226,"type":105}
@nix {"action":"result","fields":[0,0,0,0],"id":243176753332227,"type":105}
@nix {"action":"result","fields":[101,0],"id":243176753332225,"type":106}
@nix {"action":"result","fields":[100,0],"id":243176753332225,"type":106}
@nix {"action":"start","fields":["/Users/hetzner/obrador-shared-pins-20260909/round-3-baseline/wide-round-1-jobs-8/store/p7k441x2xkbaixviiyjy4mzzly0dn1jz-leaf-6.drv","",1,1],"id":243176753332289,"level":3,"parent":0,"text":"building '/Users/hetzner/obrador-shared-pins-20260909/round-3-baseline/wide-round-1-jobs-8/store/p7k441x2xkbaixviiyjy4mzzly0dn1jz-leaf-6.drv'","type":105}
@nix {"action":"result","fields":[60,64,2,0],"id":243176753332226,"type":105}
@nix {"action":"result","fields":[0,0,0,0],"id":243176753332227,"type":105}
@nix {"action":"result","fields":[101,0],"id":243176753332225,"type":106}
@nix {"action":"result","fields":[100,0],"id":243176753332225,"type":106}
@nix {"action":"start","fields":["/Users/hetzner/obrador-shared-pins-20260909/round-3-baseline/wide-round-1-jobs-8/store/wdc2mc0gjnrwfy5bsf93y1w6yfqrv7fp-leaf-7.drv","",1,1],"id":243176753332290,"level":3,"parent":0,"text":"building '/Users/hetzner/obrador-shared-pins-20260909/round-3-baseline/wide-round-1-jobs-8/store/wdc2mc0gjnrwfy5bsf93y1w6yfqrv7fp-leaf-7.drv'","type":105}
@nix {"action":"result","fields":[60,64,3,0],"id":243176753332226,"type":105}
@nix {"action":"result","fields":[0,0,0,0],"id":243176753332227,"type":105}
@nix {"action":"result","fields":[101,0],"id":243176753332225,"type":106}
@nix {"action":"result","fields":[100,0],"id":243176753332225,"type":106}
@nix {"action":"start","fields":["/Users/hetzner/obrador-shared-pins-20260909/round-3-baseline/wide-round-1-jobs-8/store/vid0n82cyhivas4fd57w53nc01bnrcxg-leaf-8.drv","",1,1],"id":243176753332291,"level":3,"parent":0,"text":"building '/Users/hetzner/obrador-shared-pins-20260909/round-3-baseline/wide-round-1-jobs-8/store/vid0n82cyhivas4fd57w53nc01bnrcxg-leaf-8.drv'","type":105}
@nix {"action":"result","fields":[60,64,4,0],"id":243176753332226,"type":105}
@nix {"action":"result","fields":[0,0,0,0],"id":243176753332227,"type":105}
@nix {"action":"result","fields":[101,0],"id":243176753332225,"type":106}
@nix {"action":"result","fields":[100,0],"id":243176753332225,"type":106}
@nix {"action":"result","fields":[61,65,3,0],"id":243176753332226,"type":105}
@nix {"action":"result","fields":[0,0,0,0],"id":243176753332227,"type":105}
@nix {"action":"result","fields":[101,0],"id":243176753332225,"type":106}
@nix {"action":"result","fields":[100,0],"id":243176753332225,"type":106}
@nix {"action":"stop","id":243176753332288}
@nix {"action":"result","fields":[62,66,2,0],"id":243176753332226,"type":105}
@nix {"action":"result","fields":[0,0,0,0],"id":243176753332227,"type":105}
@nix {"action":"result","fields":[101,0],"id":243176753332225,"type":106}
@nix {"action":"result","fields":[100,0],"id":243176753332225,"type":106}
@nix {"action":"stop","id":243176753332289}
@nix {"action":"result","fields":[63,67,1,0],"id":243176753332226,"type":105}
@nix {"action":"result","fields":[0,0,0,0],"id":243176753332227,"type":105}
@nix {"action":"result","fields":[101,0],"id":243176753332225,"type":106}
@nix {"action":"result","fields":[100,0],"id":243176753332225,"type":106}
@nix {"action":"stop","id":243176753332290}
@nix {"action":"result","fields":[64,65,0,0],"id":243176753332226,"type":105}
@nix {"action":"result","fields":[0,0,0,0],"id":243176753332227,"type":105}
@nix {"action":"result","fields":[101,0],"id":243176753332225,"type":106}
@nix {"action":"result","fields":[100,0],"id":243176753332225,"type":106}
@nix {"action":"stop","id":243176753332291}
@nix {"action":"stop","id":243176753332227}
@nix {"action":"stop","id":243176753332226}
@nix {"action":"stop","id":243176753332225}
