@nix {"action":"start","id":232718507966464,"level":6,"parent":0,"text":"querying info about missing paths","type":0}
@nix {"action":"msg","level":1,"msg":"\u001b[35;1mwarning:\u001b[0m Ignoring dynamic derivation /Users/hetzner/obrador-shared-pins-20260909/round-1-baseline/chain-round-1-jobs-8/store/ls8zs35da5f4g7mv7vaz5cgm6j8bipp6-leaf-31.drv.drv^out while querying missing paths; not yet implemented"}
@nix {"action":"stop","id":232718507966464}
@nix {"action":"start","id":232718507966465,"level":0,"parent":0,"text":"","type":102}
@nix {"action":"start","id":232718507966466,"level":0,"parent":0,"text":"","type":104}
@nix {"action":"start","id":232718507966467,"level":0,"parent":0,"text":"","type":103}
@nix {"action":"result","fields":[0,0,0,0],"id":232718507966466,"type":105}
@nix {"action":"result","fields":[0,0,0,0],"id":232718507966467,"type":105}
@nix {"action":"result","fields":[101,0],"id":232718507966465,"type":106}
@nix {"action":"result","fields":[100,0],"id":232718507966465,"type":106}
@nix {"action":"result","fields":[0,0,0,0],"id":232718507966466,"type":105}
@nix {"action":"result","fields":[0,0,0,0],"id":232718507966467,"type":105}
@nix {"action":"result","fields":[101,0],"id":232718507966465,"type":106}
@nix {"action":"result","fields":[100,0],"id":232718507966465,"type":106}
@nix {"action":"result","fields":[0,1,0,0],"id":232718507966466,"type":105}
@nix {"action":"result","fields":[0,0,0,0],"id":232718507966467,"type":105}
@nix {"action":"result","fields":[101,0],"id":232718507966465,"type":106}
@nix {"action":"result","fields":[100,0],"id":232718507966465,"type":106}
@nix {"action":"result","fields":[0,1,0,0],"id":232718507966466,"type":105}
@nix {"action":"result","fields":[0,0,0,0],"id":232718507966467,"type":105}
@nix {"action":"result","fields":[101,0],"id":232718507966465,"type":106}
@nix {"action":"result","fields":[100,0],"id":232718507966465,"type":106}
@nix {"action":"result","fields":[0,1,0,0],"id":232718507966466,"type":105}
@nix {"action":"result","fields":[0,0,0,0],"id":232718507966467,"type":105}
@nix {"action":"result","fields":[101,0],"id":232718507966465,"type":106}
@nix {"action":"result","fields":[100,0],"id":232718507966465,"type":106}
@nix {"action":"result","fields":[0,2,0,0],"id":232718507966466,"type":105}
@nix {"action":"result","fields":[0,0,0,0],"id":232718507966467,"type":105}
@nix {"action":"result","fields":[101,0],"id":232718507966465,"type":106}
@nix {"action":"result","fields":[100,0],"id":232718507966465,"type":106}
@nix {"action":"result","fields":[0,2,0,0],"id":232718507966466,"type":105}
@nix {"action":"result","fields":[0,0,0,0],"id":232718507966467,"type":105}
@nix {"action":"result","fields":[101,0],"id":232718507966465,"type":106}
@nix {"action":"result","fields":[100,0],"id":232718507966465,"type":106}
@nix {"action":"result","fields":[0,2,0,0],"id":232718507966466,"type":105}
@nix {"action":"result","fields":[0,0,0,0],"id":232718507966467,"type":105}
@nix {"action":"result","fields":[101,0],"id":232718507966465,"type":106}
@nix {"action":"result","fields":[100,0],"id":232718507966465,"type":106}
@nix {"action":"result","fields":[0,3,0,0],"id":232718507966466,"type":105}
@nix {"action":"result","fields":[0,0,0,0],"id":232718507966467,"type":105}
@nix {"action":"result","fields":[101,0],"id":232718507966465,"type":106}
@nix {"action":"result","fields":[100,0],"id":232718507966465,"type":106}
@nix {"action":"result","fields":[0,3,0,0],"id":232718507966466,"type":105}
@nix {"action":"result","fields":[0,0,0,0],"id":232718507966467,"type":105}
@nix {"action":"result","fields":[101,0],"id":232718507966465,"type":106}
@nix {"action":"result","fields":[100,0],"id":232718507966465,"type":106}
@nix {"action":"result","fields":[0,3,0,0],"id":232718507966466,"type":105}
@nix {"action":"result","fields":[0,0,0,0],"id":232718507966467,"type":105}
@nix {"action":"result","fields":[101,0],"id":232718507966465,"type":106}
@nix {"action":"result","fields":[100,0],"id":232718507966465,"type":106}
@nix {"action":"result","fields":[0,4,0,0],"id":232718507966466,"type":105}
@nix {"action":"result","fields":[0,0,0,0],"id":232718507966467,"type":105}
@nix {"action":"result","fields":[101,0],"id":232718507966465,"type":106}
@nix {"action":"result","fields":[100,0],"id":232718507966465,"type":106}
@nix {"action":"result","fields":[0,4,0,0],"id":232718507966466,"type":105}
@nix {"action":"result","fields":[0,0,0,0],"id":232718507966467,"type":105}
@nix {"action":"result","fields":[101,0],"id":232718507966465,"type":106}
@nix {"action":"result","fields":[100,0],"id":232718507966465,"type":106}
@nix {"action":"result","fields":[0,4,0,0],"id":232718507966466,"type":105}
@nix {"action":"result","fields":[0,0,0,0],"id":232718507966467,"type":105}
@nix {"action":"result","fields":[101,0],"id":232718507966465,"type":106}
@nix {"action":"result","fields":[100,0],"id":232718507966465,"type":106}
@nix {"action":"result","fields":[0,5,0,0],"id":232718507966466,"type":105}
@nix {"action":"result","fields":[0,0,0,0],"id":232718507966467,"type":105}
@nix {"action":"result","fields":[101,0],"id":232718507966465,"type":106}
@nix {"action":"result","fields":[100,0],"id":232718507966465,"type":106}
@nix {"action":"result","fields":[0,5,0,0],"id":232718507966466,"type":105}
@nix {"action":"result","fields":[0,0,0,0],"id":232718507966467,"type":105}
@nix {"action":"result","fields":[101,0],"id":232718507966465,"type":106}
@nix {"action":"result","fields":[100,0],"id":232718507966465,"type":106}
@nix {"action":"result","fields":[0,5,0,0],"id":232718507966466,"type":105}
@nix {"action":"result","fields":[0,0,0,0],"id":232718507966467,"type":105}
@nix {"action":"result","fields":[101,0],"id":232718507966465,"type":106}
@nix {"action":"result","fields":[100,0],"id":232718507966465,"type":106}
@nix {"action":"result","fields":[0,6,0,0],"id":232718507966466,"type":105}
@nix {"action":"result","fields":[0,0,0,0],"id":232718507966467,"type":105}
@nix {"action":"result","fields":[101,0],"id":232718507966465,"type":106}
@nix {"action":"result","fields":[100,0],"id":232718507966465,"type":106}
@nix {"action":"result","fields":[0,6,0,0],"id":232718507966466,"type":105}
@nix {"action":"result","fields":[0,0,0,0],"id":232718507966467,"type":105}
@nix {"action":"result","fields":[101,0],"id":232718507966465,"type":106}
@nix {"action":"result","fields":[100,0],"id":232718507966465,"type":106}
@nix {"action":"result","fields":[0,6,0,0],"id":232718507966466,"type":105}
@nix {"action":"result","fields":[0,0,0,0],"id":232718507966467,"type":105}
@nix {"action":"result","fields":[101,0],"id":232718507966465,"type":106}
@nix {"action":"result","fields":[100,0],"id":232718507966465,"type":106}
@nix {"action":"result","fields":[0,7,0,0],"id":232718507966466,"type":105}
@nix {"action":"result","fields":[0,0,0,0],"id":232718507966467,"type":105}
@nix {"action":"result","fields":[101,0],"id":232718507966465,"type":106}
@nix {"action":"result","fields":[100,0],"id":232718507966465,"type":106}
@nix {"action":"result","fields":[0,7,0,0],"id":232718507966466,"type":105}
@nix {"action":"result","fields":[0,0,0,0],"id":232718507966467,"type":105}
@nix {"action":"result","fields":[101,0],"id":232718507966465,"type":106}
@nix {"action":"result","fields":[100,0],"id":232718507966465,"type":106}
@nix {"action":"result","fields":[0,7,0,0],"id":232718507966466,"type":105}
@nix {"action":"result","fields":[0,0,0,0],"id":232718507966467,"type":105}
@nix {"action":"result","fields":[101,0],"id":232718507966465,"type":106}
@nix {"action":"result","fields":[100,0],"id":232718507966465,"type":106}
@nix {"action":"result","fields":[0,8,0,0],"id":232718507966466,"type":105}
@nix {"action":"result","fields":[0,0,0,0],"id":232718507966467,"type":105}
@nix {"action":"result","fields":[101,0],"id":232718507966465,"type":106}
@nix {"action":"result","fields":[100,0],"id":232718507966465,"type":106}
@nix {"action":"result","fields":[0,8,0,0],"id":232718507966466,"type":105}
@nix {"action":"result","fields":[0,0,0,0],"id":232718507966467,"type":105}
@nix {"action":"result","fields":[101,0],"id":232718507966465,"type":106}
@nix {"action":"result","fields":[100,0],"id":232718507966465,"type":106}
@nix {"action":"result","fields":[0,8,0,0],"id":232718507966466,"type":105}
@nix {"action":"result","fields":[0,0,0,0],"id":232718507966467,"type":105}
@nix {"action":"result","fields":[101,0],"id":232718507966465,"type":106}
@nix {"action":"result","fields":[100,0],"id":232718507966465,"type":106}
@nix {"action":"result","fields":[0,9,0,0],"id":232718507966466,"type":105}
@nix {"action":"result","fields":[0,0,0,0],"id":232718507966467,"type":105}
@nix {"action":"result","fields":[101,0],"id":232718507966465,"type":106}
@nix {"action":"result","fields":[100,0],"id":232718507966465,"type":106}
@nix {"action":"result","fields":[0,9,0,0],"id":232718507966466,"type":105}
@nix {"action":"result","fields":[0,0,0,0],"id":232718507966467,"type":105}
@nix {"action":"result","fields":[101,0],"id":232718507966465,"type":106}
@nix {"action":"result","fields":[100,0],"id":232718507966465,"type":106}
@nix {"action":"result","fields":[0,9,0,0],"id":232718507966466,"type":105}
@nix {"action":"result","fields":[0,0,0,0],"id":232718507966467,"type":105}
@nix {"action":"result","fields":[101,0],"id":232718507966465,"type":106}
@nix {"action":"result","fields":[100,0],"id":232718507966465,"type":106}
@nix {"action":"result","fields":[0,10,0,0],"id":232718507966466,"type":105}
@nix {"action":"result","fields":[0,0,0,0],"id":232718507966467,"type":105}
@nix {"action":"result","fields":[101,0],"id":232718507966465,"type":106}
@nix {"action":"result","fields":[100,0],"id":232718507966465,"type":106}
@nix {"action":"result","fields":[0,10,0,0],"id":232718507966466,"type":105}
@nix {"action":"result","fields":[0,0,0,0],"id":232718507966467,"type":105}
@nix {"action":"result","fields":[101,0],"id":232718507966465,"type":106}
@nix {"action":"result","fields":[100,0],"id":232718507966465,"type":106}
@nix {"action":"result","fields":[0,10,0,0],"id":232718507966466,"type":105}
@nix {"action":"result","fields":[0,0,0,0],"id":232718507966467,"type":105}
@nix {"action":"result","fields":[101,0],"id":232718507966465,"type":106}
@nix {"action":"result","fields":[100,0],"id":232718507966465,"type":106}
@nix {"action":"result","fields":[0,11,0,0],"id":232718507966466,"type":105}
@nix {"action":"result","fields":[0,0,0,0],"id":232718507966467,"type":105}
@nix {"action":"result","fields":[101,0],"id":232718507966465,"type":106}
@nix {"action":"result","fields":[100,0],"id":232718507966465,"type":106}
@nix {"action":"result","fields":[0,11,0,0],"id":232718507966466,"type":105}
@nix {"action":"result","fields":[0,0,0,0],"id":232718507966467,"type":105}
@nix {"action":"result","fields":[101,0],"id":232718507966465,"type":106}
@nix {"action":"result","fields":[100,0],"id":232718507966465,"type":106}
@nix {"action":"result","fields":[0,11,0,0],"id":232718507966466,"type":105}
@nix {"action":"result","fields":[0,0,0,0],"id":232718507966467,"type":105}
@nix {"action":"result","fields":[101,0],"id":232718507966465,"type":106}
@nix {"action":"result","fields":[100,0],"id":232718507966465,"type":106}
@nix {"action":"result","fields":[0,12,0,0],"id":232718507966466,"type":105}
@nix {"action":"result","fields":[0,0,0,0],"id":232718507966467,"type":105}
@nix {"action":"result","fields":[101,0],"id":232718507966465,"type":106}
@nix {"action":"result","fields":[100,0],"id":232718507966465,"type":106}
@nix {"action":"result","fields":[0,12,0,0],"id":232718507966466,"type":105}
@nix {"action":"result","fields":[0,0,0,0],"id":232718507966467,"type":105}
@nix {"action":"result","fields":[101,0],"id":232718507966465,"type":106}
@nix {"action":"result","fields":[100,0],"id":232718507966465,"type":106}
@nix {"action":"result","fields":[0,12,0,0],"id":232718507966466,"type":105}
@nix {"action":"result","fields":[0,0,0,0],"id":232718507966467,"type":105}
@nix {"action":"result","fields":[101,0],"id":232718507966465,"type":106}
@nix {"action":"result","fields":[100,0],"id":232718507966465,"type":106}
@nix {"action":"result","fields":[0,13,0,0],"id":232718507966466,"type":105}
@nix {"action":"result","fields":[0,0,0,0],"id":232718507966467,"type":105}
@nix {"action":"result","fields":[101,0],"id":232718507966465,"type":106}
@nix {"action":"result","fields":[100,0],"id":232718507966465,"type":106}
@nix {"action":"result","fields":[0,13,0,0],"id":232718507966466,"type":105}
@nix {"action":"result","fields":[0,0,0,0],"id":232718507966467,"type":105}
@nix {"action":"result","fields":[101,0],"id":232718507966465,"type":106}
@nix {"action":"result","fields":[100,0],"id":232718507966465,"type":106}
@nix {"action":"result","fields":[0,13,0,0],"id":232718507966466,"type":105}
@nix {"action":"result","fields":[0,0,0,0],"id":232718507966467,"type":105}
@nix {"action":"result","fields":[101,0],"id":232718507966465,"type":106}
@nix {"action":"result","fields":[100,0],"id":232718507966465,"type":106}
@nix {"action":"result","fields":[0,14,0,0],"id":232718507966466,"type":105}
@nix {"action":"result","fields":[0,0,0,0],"id":232718507966467,"type":105}
@nix {"action":"result","fields":[101,0],"id":232718507966465,"type":106}
@nix {"action":"result","fields":[100,0],"id":232718507966465,"type":106}
@nix {"action":"result","fields":[0,14,0,0],"id":232718507966466,"type":105}
@nix {"action":"result","fields":[0,0,0,0],"id":232718507966467,"type":105}
@nix {"action":"result","fields":[101,0],"id":232718507966465,"type":106}
@nix {"action":"result","fields":[100,0],"id":232718507966465,"type":106}
@nix {"action":"result","fields":[0,14,0,0],"id":232718507966466,"type":105}
@nix {"action":"result","fields":[0,0,0,0],"id":232718507966467,"type":105}
@nix {"action":"result","fields":[101,0],"id":232718507966465,"type":106}
@nix {"action":"result","fields":[100,0],"id":232718507966465,"type":106}
@nix {"action":"result","fields":[0,15,0,0],"id":232718507966466,"type":105}
@nix {"action":"result","fields":[0,0,0,0],"id":232718507966467,"type":105}
@nix {"action":"result","fields":[101,0],"id":232718507966465,"type":106}
@nix {"action":"result","fields":[100,0],"id":232718507966465,"type":106}
@nix {"action":"result","fields":[0,15,0,0],"id":232718507966466,"type":105}
@nix {"action":"result","fields":[0,0,0,0],"id":232718507966467,"type":105}
@nix {"action":"result","fields":[101,0],"id":232718507966465,"type":106}
@nix {"action":"result","fields":[100,0],"id":232718507966465,"type":106}
@nix {"action":"result","fields":[0,15,0,0],"id":232718507966466,"type":105}
@nix {"action":"result","fields":[0,0,0,0],"id":232718507966467,"type":105}
@nix {"action":"result","fields":[101,0],"id":232718507966465,"type":106}
@nix {"action":"result","fields":[100,0],"id":232718507966465,"type":106}
@nix {"action":"result","fields":[0,16,0,0],"id":232718507966466,"type":105}
@nix {"action":"result","fields":[0,0,0,0],"id":232718507966467,"type":105}
@nix {"action":"result","fields":[101,0],"id":232718507966465,"type":106}
@nix {"action":"result","fields":[100,0],"id":232718507966465,"type":106}
@nix {"action":"result","fields":[0,16,0,0],"id":232718507966466,"type":105}
@nix {"action":"result","fields":[0,0,0,0],"id":232718507966467,"type":105}
@nix {"action":"result","fields":[101,0],"id":232718507966465,"type":106}
@nix {"action":"result","fields":[100,0],"id":232718507966465,"type":106}
@nix {"action":"result","fields":[0,16,0,0],"id":232718507966466,"type":105}
@nix {"action":"result","fields":[0,0,0,0],"id":232718507966467,"type":105}
@nix {"action":"result","fields":[101,0],"id":232718507966465,"type":106}
@nix {"action":"result","fields":[100,0],"id":232718507966465,"type":106}
@nix {"action":"result","fields":[0,17,0,0],"id":232718507966466,"type":105}
@nix {"action":"result","fields":[0,0,0,0],"id":232718507966467,"type":105}
@nix {"action":"result","fields":[101,0],"id":232718507966465,"type":106}
@nix {"action":"result","fields":[100,0],"id":232718507966465,"type":106}
@nix {"action":"result","fields":[0,17,0,0],"id":232718507966466,"type":105}
@nix {"action":"result","fields":[0,0,0,0],"id":232718507966467,"type":105}
@nix {"action":"result","fields":[101,0],"id":232718507966465,"type":106}
@nix {"action":"result","fields":[100,0],"id":232718507966465,"type":106}
@nix {"action":"result","fields":[0,17,0,0],"id":232718507966466,"type":105}
@nix {"action":"result","fields":[0,0,0,0],"id":232718507966467,"type":105}
@nix {"action":"result","fields":[101,0],"id":232718507966465,"type":106}
@nix {"action":"result","fields":[100,0],"id":232718507966465,"type":106}
@nix {"action":"result","fields":[0,18,0,0],"id":232718507966466,"type":105}
@nix {"action":"result","fields":[0,0,0,0],"id":232718507966467,"type":105}
@nix {"action":"result","fields":[101,0],"id":232718507966465,"type":106}
@nix {"action":"result","fields":[100,0],"id":232718507966465,"type":106}
@nix {"action":"result","fields":[0,18,0,0],"id":232718507966466,"type":105}
@nix {"action":"result","fields":[0,0,0,0],"id":232718507966467,"type":105}
@nix {"action":"result","fields":[101,0],"id":232718507966465,"type":106}
@nix {"action":"result","fields":[100,0],"id":232718507966465,"type":106}
@nix {"action":"result","fields":[0,18,0,0],"id":232718507966466,"type":105}
@nix {"action":"result","fields":[0,0,0,0],"id":232718507966467,"type":105}
@nix {"action":"result","fields":[101,0],"id":232718507966465,"type":106}
@nix {"action":"result","fields":[100,0],"id":232718507966465,"type":106}
@nix {"action":"result","fields":[0,19,0,0],"id":232718507966466,"type":105}
@nix {"action":"result","fields":[0,0,0,0],"id":232718507966467,"type":105}
@nix {"action":"result","fields":[101,0],"id":232718507966465,"type":106}
@nix {"action":"result","fields":[100,0],"id":232718507966465,"type":106}
@nix {"action":"result","fields":[0,19,0,0],"id":232718507966466,"type":105}
@nix {"action":"result","fields":[0,0,0,0],"id":232718507966467,"type":105}
@nix {"action":"result","fields":[101,0],"id":232718507966465,"type":106}
@nix {"action":"result","fields":[100,0],"id":232718507966465,"type":106}
@nix {"action":"result","fields":[0,19,0,0],"id":232718507966466,"type":105}
@nix {"action":"result","fields":[0,0,0,0],"id":232718507966467,"type":105}
@nix {"action":"result","fields":[101,0],"id":232718507966465,"type":106}
@nix {"action":"result","fields":[100,0],"id":232718507966465,"type":106}
@nix {"action":"result","fields":[0,20,0,0],"id":232718507966466,"type":105}
@nix {"action":"result","fields":[0,0,0,0],"id":232718507966467,"type":105}
@nix {"action":"result","fields":[101,0],"id":232718507966465,"type":106}
@nix {"action":"result","fields":[100,0],"id":232718507966465,"type":106}
@nix {"action":"result","fields":[0,20,0,0],"id":232718507966466,"type":105}
@nix {"action":"result","fields":[0,0,0,0],"id":232718507966467,"type":105}
@nix {"action":"result","fields":[101,0],"id":232718507966465,"type":106}
@nix {"action":"result","fields":[100,0],"id":232718507966465,"type":106}
@nix {"action":"result","fields":[0,20,0,0],"id":232718507966466,"type":105}
@nix {"action":"result","fields":[0,0,0,0],"id":232718507966467,"type":105}
@nix {"action":"result","fields":[101,0],"id":232718507966465,"type":106}
@nix {"action":"result","fields":[100,0],"id":232718507966465,"type":106}
@nix {"action":"result","fields":[0,21,0,0],"id":232718507966466,"type":105}
@nix {"action":"result","fields":[0,0,0,0],"id":232718507966467,"type":105}
@nix {"action":"result","fields":[101,0],"id":232718507966465,"type":106}
@nix {"action":"result","fields":[100,0],"id":232718507966465,"type":106}
@nix {"action":"result","fields":[0,21,0,0],"id":232718507966466,"type":105}
@nix {"action":"result","fields":[0,0,0,0],"id":232718507966467,"type":105}
@nix {"action":"result","fields":[101,0],"id":232718507966465,"type":106}
@nix {"action":"result","fields":[100,0],"id":232718507966465,"type":106}
@nix {"action":"result","fields":[0,21,0,0],"id":232718507966466,"type":105}
@nix {"action":"result","fields":[0,0,0,0],"id":232718507966467,"type":105}
@nix {"action":"result","fields":[101,0],"id":232718507966465,"type":106}
@nix {"action":"result","fields":[100,0],"id":232718507966465,"type":106}
@nix {"action":"result","fields":[0,22,0,0],"id":232718507966466,"type":105}
@nix {"action":"result","fields":[0,0,0,0],"id":232718507966467,"type":105}
@nix {"action":"result","fields":[101,0],"id":232718507966465,"type":106}
@nix {"action":"result","fields":[100,0],"id":232718507966465,"type":106}
@nix {"action":"result","fields":[0,22,0,0],"id":232718507966466,"type":105}
@nix {"action":"result","fields":[0,0,0,0],"id":232718507966467,"type":105}
@nix {"action":"result","fields":[101,0],"id":232718507966465,"type":106}
@nix {"action":"result","fields":[100,0],"id":232718507966465,"type":106}
@nix {"action":"result","fields":[0,22,0,0],"id":232718507966466,"type":105}
@nix {"action":"result","fields":[0,0,0,0],"id":232718507966467,"type":105}
@nix {"action":"result","fields":[101,0],"id":232718507966465,"type":106}
@nix {"action":"result","fields":[100,0],"id":232718507966465,"type":106}
@nix {"action":"result","fields":[0,23,0,0],"id":232718507966466,"type":105}
@nix {"action":"result","fields":[0,0,0,0],"id":232718507966467,"type":105}
@nix {"action":"result","fields":[101,0],"id":232718507966465,"type":106}
@nix {"action":"result","fields":[100,0],"id":232718507966465,"type":106}
@nix {"action":"result","fields":[0,23,0,0],"id":232718507966466,"type":105}
@nix {"action":"result","fields":[0,0,0,0],"id":232718507966467,"type":105}
@nix {"action":"result","fields":[101,0],"id":232718507966465,"type":106}
@nix {"action":"result","fields":[100,0],"id":232718507966465,"type":106}
@nix {"action":"result","fields":[0,23,0,0],"id":232718507966466,"type":105}
@nix {"action":"result","fields":[0,0,0,0],"id":232718507966467,"type":105}
@nix {"action":"result","fields":[101,0],"id":232718507966465,"type":106}
@nix {"action":"result","fields":[100,0],"id":232718507966465,"type":106}
@nix {"action":"result","fields":[0,24,0,0],"id":232718507966466,"type":105}
@nix {"action":"result","fields":[0,0,0,0],"id":232718507966467,"type":105}
@nix {"action":"result","fields":[101,0],"id":232718507966465,"type":106}
@nix {"action":"result","fields":[100,0],"id":232718507966465,"type":106}
@nix {"action":"result","fields":[0,24,0,0],"id":232718507966466,"type":105}
@nix {"action":"result","fields":[0,0,0,0],"id":232718507966467,"type":105}
@nix {"action":"result","fields":[101,0],"id":232718507966465,"type":106}
@nix {"action":"result","fields":[100,0],"id":232718507966465,"type":106}
@nix {"action":"result","fields":[0,24,0,0],"id":232718507966466,"type":105}
@nix {"action":"result","fields":[0,0,0,0],"id":232718507966467,"type":105}
@nix {"action":"result","fields":[101,0],"id":232718507966465,"type":106}
@nix {"action":"result","fields":[100,0],"id":232718507966465,"type":106}
@nix {"action":"result","fields":[0,25,0,0],"id":232718507966466,"type":105}
@nix {"action":"result","fields":[0,0,0,0],"id":232718507966467,"type":105}
@nix {"action":"result","fields":[101,0],"id":232718507966465,"type":106}
@nix {"action":"result","fields":[100,0],"id":232718507966465,"type":106}
@nix {"action":"result","fields":[0,25,0,0],"id":232718507966466,"type":105}
@nix {"action":"result","fields":[0,0,0,0],"id":232718507966467,"type":105}
@nix {"action":"result","fields":[101,0],"id":232718507966465,"type":106}
@nix {"action":"result","fields":[100,0],"id":232718507966465,"type":106}
@nix {"action":"result","fields":[0,25,0,0],"id":232718507966466,"type":105}
@nix {"action":"result","fields":[0,0,0,0],"id":232718507966467,"type":105}
@nix {"action":"result","fields":[101,0],"id":232718507966465,"type":106}
@nix {"action":"result","fields":[100,0],"id":232718507966465,"type":106}
@nix {"action":"result","fields":[0,26,0,0],"id":232718507966466,"type":105}
@nix {"action":"result","fields":[0,0,0,0],"id":232718507966467,"type":105}
@nix {"action":"result","fields":[101,0],"id":232718507966465,"type":106}
@nix {"action":"result","fields":[100,0],"id":232718507966465,"type":106}
@nix {"action":"result","fields":[0,26,0,0],"id":232718507966466,"type":105}
@nix {"action":"result","fields":[0,0,0,0],"id":232718507966467,"type":105}
@nix {"action":"result","fields":[101,0],"id":232718507966465,"type":106}
@nix {"action":"result","fields":[100,0],"id":232718507966465,"type":106}
@nix {"action":"result","fields":[0,26,0,0],"id":232718507966466,"type":105}
@nix {"action":"result","fields":[0,0,0,0],"id":232718507966467,"type":105}
@nix {"action":"result","fields":[101,0],"id":232718507966465,"type":106}
@nix {"action":"result","fields":[100,0],"id":232718507966465,"type":106}
@nix {"action":"result","fields":[0,27,0,0],"id":232718507966466,"type":105}
@nix {"action":"result","fields":[0,0,0,0],"id":232718507966467,"type":105}
@nix {"action":"result","fields":[101,0],"id":232718507966465,"type":106}
@nix {"action":"result","fields":[100,0],"id":232718507966465,"type":106}
@nix {"action":"result","fields":[0,27,0,0],"id":232718507966466,"type":105}
@nix {"action":"result","fields":[0,0,0,0],"id":232718507966467,"type":105}
@nix {"action":"result","fields":[101,0],"id":232718507966465,"type":106}
@nix {"action":"result","fields":[100,0],"id":232718507966465,"type":106}
@nix {"action":"result","fields":[0,27,0,0],"id":232718507966466,"type":105}
@nix {"action":"result","fields":[0,0,0,0],"id":232718507966467,"type":105}
@nix {"action":"result","fields":[101,0],"id":232718507966465,"type":106}
@nix {"action":"result","fields":[100,0],"id":232718507966465,"type":106}
@nix {"action":"result","fields":[0,28,0,0],"id":232718507966466,"type":105}
@nix {"action":"result","fields":[0,0,0,0],"id":232718507966467,"type":105}
@nix {"action":"result","fields":[101,0],"id":232718507966465,"type":106}
@nix {"action":"result","fields":[100,0],"id":232718507966465,"type":106}
@nix {"action":"result","fields":[0,28,0,0],"id":232718507966466,"type":105}
@nix {"action":"result","fields":[0,0,0,0],"id":232718507966467,"type":105}
@nix {"action":"result","fields":[101,0],"id":232718507966465,"type":106}
@nix {"action":"result","fields":[100,0],"id":232718507966465,"type":106}
@nix {"action":"result","fields":[0,28,0,0],"id":232718507966466,"type":105}
@nix {"action":"result","fields":[0,0,0,0],"id":232718507966467,"type":105}
@nix {"action":"result","fields":[101,0],"id":232718507966465,"type":106}
@nix {"action":"result","fields":[100,0],"id":232718507966465,"type":106}
@nix {"action":"result","fields":[0,29,0,0],"id":232718507966466,"type":105}
@nix {"action":"result","fields":[0,0,0,0],"id":232718507966467,"type":105}
@nix {"action":"result","fields":[101,0],"id":232718507966465,"type":106}
@nix {"action":"result","fields":[100,0],"id":232718507966465,"type":106}
@nix {"action":"result","fields":[0,29,0,0],"id":232718507966466,"type":105}
@nix {"action":"result","fields":[0,0,0,0],"id":232718507966467,"type":105}
@nix {"action":"result","fields":[101,0],"id":232718507966465,"type":106}
@nix {"action":"result","fields":[100,0],"id":232718507966465,"type":106}
@nix {"action":"result","fields":[0,29,0,0],"id":232718507966466,"type":105}
@nix {"action":"result","fields":[0,0,0,0],"id":232718507966467,"type":105}
@nix {"action":"result","fields":[101,0],"id":232718507966465,"type":106}
@nix {"action":"result","fields":[100,0],"id":232718507966465,"type":106}
@nix {"action":"result","fields":[0,30,0,0],"id":232718507966466,"type":105}
@nix {"action":"result","fields":[0,0,0,0],"id":232718507966467,"type":105}
@nix {"action":"result","fields":[101,0],"id":232718507966465,"type":106}
@nix {"action":"result","fields":[100,0],"id":232718507966465,"type":106}
@nix {"action":"result","fields":[0,30,0,0],"id":232718507966466,"type":105}
@nix {"action":"result","fields":[0,0,0,0],"id":232718507966467,"type":105}
@nix {"action":"result","fields":[101,0],"id":232718507966465,"type":106}
@nix {"action":"result","fields":[100,0],"id":232718507966465,"type":106}
@nix {"action":"result","fields":[0,30,0,0],"id":232718507966466,"type":105}
@nix {"action":"result","fields":[0,0,0,0],"id":232718507966467,"type":105}
@nix {"action":"result","fields":[101,0],"id":232718507966465,"type":106}
@nix {"action":"result","fields":[100,0],"id":232718507966465,"type":106}
@nix {"action":"result","fields":[0,31,0,0],"id":232718507966466,"type":105}
@nix {"action":"result","fields":[0,0,0,0],"id":232718507966467,"type":105}
@nix {"action":"result","fields":[101,0],"id":232718507966465,"type":106}
@nix {"action":"result","fields":[100,0],"id":232718507966465,"type":106}
@nix {"action":"result","fields":[0,31,0,0],"id":232718507966466,"type":105}
@nix {"action":"result","fields":[0,0,0,0],"id":232718507966467,"type":105}
@nix {"action":"result","fields":[101,0],"id":232718507966465,"type":106}
@nix {"action":"result","fields":[100,0],"id":232718507966465,"type":106}
@nix {"action":"result","fields":[0,31,0,0],"id":232718507966466,"type":105}
@nix {"action":"result","fields":[0,0,0,0],"id":232718507966467,"type":105}
@nix {"action":"result","fields":[101,0],"id":232718507966465,"type":106}
@nix {"action":"result","fields":[100,0],"id":232718507966465,"type":106}
@nix {"action":"result","fields":[0,32,0,0],"id":232718507966466,"type":105}
@nix {"action":"result","fields":[0,0,0,0],"id":232718507966467,"type":105}
@nix {"action":"result","fields":[101,0],"id":232718507966465,"type":106}
@nix {"action":"result","fields":[100,0],"id":232718507966465,"type":106}
@nix {"action":"start","fields":["/Users/hetzner/obrador-shared-pins-20260909/round-1-baseline/chain-round-1-jobs-8/store/1m19vl8prpkn9575k1m347wzllnv8ayn-leaf-0.drv.drv","",1,1],"id":232718507966468,"level":3,"parent":0,"text":"building '/Users/hetzner/obrador-shared-pins-20260909/round-1-baseline/chain-round-1-jobs-8/store/1m19vl8prpkn9575k1m347wzllnv8ayn-leaf-0.drv.drv'","type":105}
@nix {"action":"result","fields":[0,32,1,0],"id":232718507966466,"type":105}
@nix {"action":"result","fields":[0,0,0,0],"id":232718507966467,"type":105}
@nix {"action":"result","fields":[101,0],"id":232718507966465,"type":106}
@nix {"action":"result","fields":[100,0],"id":232718507966465,"type":106}
@nix {"action":"result","fields":[1,33,0,0],"id":232718507966466,"type":105}
@nix {"action":"result","fields":[0,0,0,0],"id":232718507966467,"type":105}
@nix {"action":"result","fields":[101,0],"id":232718507966465,"type":106}
@nix {"action":"result","fields":[100,0],"id":232718507966465,"type":106}
@nix {"action":"stop","id":232718507966468}
@nix {"action":"result","fields":[1,33,0,0],"id":232718507966466,"type":105}
@nix {"action":"result","fields":[0,0,0,0],"id":232718507966467,"type":105}
@nix {"action":"result","fields":[101,0],"id":232718507966465,"type":106}
@nix {"action":"result","fields":[100,0],"id":232718507966465,"type":106}
@nix {"action":"start","fields":["/Users/hetzner/obrador-shared-pins-20260909/round-1-baseline/chain-round-1-jobs-8/store/16zq9l1194m1n4sjbx5yhv5s7v0lbsi6-leaf-0.drv","",1,1],"id":232718507966469,"level":3,"parent":0,"text":"building '/Users/hetzner/obrador-shared-pins-20260909/round-1-baseline/chain-round-1-jobs-8/store/16zq9l1194m1n4sjbx5yhv5s7v0lbsi6-leaf-0.drv'","type":105}
@nix {"action":"result","fields":[1,33,1,0],"id":232718507966466,"type":105}
@nix {"action":"result","fields":[0,0,0,0],"id":232718507966467,"type":105}
@nix {"action":"result","fields":[101,0],"id":232718507966465,"type":106}
@nix {"action":"result","fields":[100,0],"id":232718507966465,"type":106}
@nix {"action":"result","fields":[2,34,0,0],"id":232718507966466,"type":105}
@nix {"action":"result","fields":[0,0,0,0],"id":232718507966467,"type":105}
@nix {"action":"result","fields":[101,0],"id":232718507966465,"type":106}
@nix {"action":"result","fields":[100,0],"id":232718507966465,"type":106}
@nix {"action":"stop","id":232718507966469}
@nix {"action":"start","fields":["/Users/hetzner/obrador-shared-pins-20260909/round-1-baseline/chain-round-1-jobs-8/store/p2yl2pz52h8vzp69mwywk2gmq651fwp8-leaf-1.drv.drv","/Users/hetzner/obrador-shared-pins-20260909/round-1-baseline/chain-round-1-jobs-8/store/s9v9ff6ccshh760ygxwpxx59jwpx4998-leaf-1.drv.drv"],"id":232718507966470,"level":3,"parent":0,"text":"resolved derivation: '/Users/hetzner/obrador-shared-pins-20260909/round-1-baseline/chain-round-1-jobs-8/store/p2yl2pz52h8vzp69mwywk2gmq651fwp8-leaf-1.drv.drv' -> '/Users/hetzner/obrador-shared-pins-20260909/round-1-baseline/chain-round-1-jobs-8/store/s9v9ff6ccshh760ygxwpxx59jwpx4998-leaf-1.drv.drv'","type":111}
@nix {"action":"result","fields":[2,34,0,0],"id":232718507966466,"type":105}
@nix {"action":"result","fields":[0,0,0,0],"id":232718507966467,"type":105}
@nix {"action":"result","fields":[101,0],"id":232718507966465,"type":106}
@nix {"action":"result","fields":[100,0],"id":232718507966465,"type":106}
@nix {"action":"start","fields":["/Users/hetzner/obrador-shared-pins-20260909/round-1-baseline/chain-round-1-jobs-8/store/s9v9ff6ccshh760ygxwpxx59jwpx4998-leaf-1.drv.drv","",1,1],"id":232718507966471,"level":3,"parent":0,"text":"building '/Users/hetzner/obrador-shared-pins-20260909/round-1-baseline/chain-round-1-jobs-8/store/s9v9ff6ccshh760ygxwpxx59jwpx4998-leaf-1.drv.drv'","type":105}
@nix {"action":"result","fields":[2,34,1,0],"id":232718507966466,"type":105}
@nix {"action":"result","fields":[0,0,0,0],"id":232718507966467,"type":105}
@nix {"action":"result","fields":[101,0],"id":232718507966465,"type":106}
@nix {"action":"result","fields":[100,0],"id":232718507966465,"type":106}
@nix {"action":"result","fields":[3,35,0,0],"id":232718507966466,"type":105}
@nix {"action":"result","fields":[0,0,0,0],"id":232718507966467,"type":105}
@nix {"action":"result","fields":[101,0],"id":232718507966465,"type":106}
@nix {"action":"result","fields":[100,0],"id":232718507966465,"type":106}
@nix {"action":"stop","id":232718507966471}
@nix {"action":"result","fields":[4,35,0,0],"id":232718507966466,"type":105}
@nix {"action":"result","fields":[0,0,0,0],"id":232718507966467,"type":105}
@nix {"action":"result","fields":[101,0],"id":232718507966465,"type":106}
@nix {"action":"result","fields":[100,0],"id":232718507966465,"type":106}
@nix {"action":"stop","id":232718507966470}
@nix {"action":"result","fields":[4,35,0,0],"id":232718507966466,"type":105}
@nix {"action":"result","fields":[0,0,0,0],"id":232718507966467,"type":105}
@nix {"action":"result","fields":[101,0],"id":232718507966465,"type":106}
@nix {"action":"result","fields":[100,0],"id":232718507966465,"type":106}
@nix {"action":"start","fields":["/Users/hetzner/obrador-shared-pins-20260909/round-1-baseline/chain-round-1-jobs-8/store/xyfcqvmc4wrgmnv8rc4zqxijm9a2s5mi-leaf-1.drv","",1,1],"id":232718507966472,"level":3,"parent":0,"text":"building '/Users/hetzner/obrador-shared-pins-20260909/round-1-baseline/chain-round-1-jobs-8/store/xyfcqvmc4wrgmnv8rc4zqxijm9a2s5mi-leaf-1.drv'","type":105}
@nix {"action":"result","fields":[4,35,1,0],"id":232718507966466,"type":105}
@nix {"action":"result","fields":[0,0,0,0],"id":232718507966467,"type":105}
@nix {"action":"result","fields":[101,0],"id":232718507966465,"type":106}
@nix {"action":"result","fields":[100,0],"id":232718507966465,"type":106}
@nix {"action":"result","fields":[5,36,0,0],"id":232718507966466,"type":105}
@nix {"action":"result","fields":[0,0,0,0],"id":232718507966467,"type":105}
@nix {"action":"result","fields":[101,0],"id":232718507966465,"type":106}
@nix {"action":"result","fields":[100,0],"id":232718507966465,"type":106}
@nix {"action":"stop","id":232718507966472}
@nix {"action":"start","fields":["/Users/hetzner/obrador-shared-pins-20260909/round-1-baseline/chain-round-1-jobs-8/store/y0djlcasds4fva7cbzwdr2nrqs3ax6gw-leaf-2.drv.drv","/Users/hetzner/obrador-shared-pins-20260909/round-1-baseline/chain-round-1-jobs-8/store/nx6i5qlg66l8rrcgphl3q19dnmqqjanz-leaf-2.drv.drv"],"id":232718507966473,"level":3,"parent":0,"text":"resolved derivation: '/Users/hetzner/obrador-shared-pins-20260909/round-1-baseline/chain-round-1-jobs-8/store/y0djlcasds4fva7cbzwdr2nrqs3ax6gw-leaf-2.drv.drv' -> '/Users/hetzner/obrador-shared-pins-20260909/round-1-baseline/chain-round-1-jobs-8/store/nx6i5qlg66l8rrcgphl3q19dnmqqjanz-leaf-2.drv.drv'","type":111}
@nix {"action":"result","fields":[5,36,0,0],"id":232718507966466,"type":105}
@nix {"action":"result","fields":[0,0,0,0],"id":232718507966467,"type":105}
@nix {"action":"result","fields":[101,0],"id":232718507966465,"type":106}
@nix {"action":"result","fields":[100,0],"id":232718507966465,"type":106}
@nix {"action":"start","fields":["/Users/hetzner/obrador-shared-pins-20260909/round-1-baseline/chain-round-1-jobs-8/store/nx6i5qlg66l8rrcgphl3q19dnmqqjanz-leaf-2.drv.drv","",1,1],"id":232718507966474,"level":3,"parent":0,"text":"building '/Users/hetzner/obrador-shared-pins-20260909/round-1-baseline/chain-round-1-jobs-8/store/nx6i5qlg66l8rrcgphl3q19dnmqqjanz-leaf-2.drv.drv'","type":105}
@nix {"action":"result","fields":[5,36,1,0],"id":232718507966466,"type":105}
@nix {"action":"result","fields":[0,0,0,0],"id":232718507966467,"type":105}
@nix {"action":"result","fields":[101,0],"id":232718507966465,"type":106}
@nix {"action":"result","fields":[100,0],"id":232718507966465,"type":106}
@nix {"action":"result","fields":[6,37,0,0],"id":232718507966466,"type":105}
@nix {"action":"result","fields":[0,0,0,0],"id":232718507966467,"type":105}
@nix {"action":"result","fields":[101,0],"id":232718507966465,"type":106}
@nix {"action":"result","fields":[100,0],"id":232718507966465,"type":106}
@nix {"action":"stop","id":232718507966474}
@nix {"action":"result","fields":[7,37,0,0],"id":232718507966466,"type":105}
@nix {"action":"result","fields":[0,0,0,0],"id":232718507966467,"type":105}
@nix {"action":"result","fields":[101,0],"id":232718507966465,"type":106}
@nix {"action":"result","fields":[100,0],"id":232718507966465,"type":106}
@nix {"action":"stop","id":232718507966473}
@nix {"action":"result","fields":[7,37,0,0],"id":232718507966466,"type":105}
@nix {"action":"result","fields":[0,0,0,0],"id":232718507966467,"type":105}
@nix {"action":"result","fields":[101,0],"id":232718507966465,"type":106}
@nix {"action":"result","fields":[100,0],"id":232718507966465,"type":106}
@nix {"action":"start","fields":["/Users/hetzner/obrador-shared-pins-20260909/round-1-baseline/chain-round-1-jobs-8/store/1my80k4gk4cppkby998i8hp0m986yv65-leaf-2.drv","",1,1],"id":232718507966475,"level":3,"parent":0,"text":"building '/Users/hetzner/obrador-shared-pins-20260909/round-1-baseline/chain-round-1-jobs-8/store/1my80k4gk4cppkby998i8hp0m986yv65-leaf-2.drv'","type":105}
@nix {"action":"result","fields":[7,37,1,0],"id":232718507966466,"type":105}
@nix {"action":"result","fields":[0,0,0,0],"id":232718507966467,"type":105}
@nix {"action":"result","fields":[101,0],"id":232718507966465,"type":106}
@nix {"action":"result","fields":[100,0],"id":232718507966465,"type":106}
@nix {"action":"result","fields":[8,38,0,0],"id":232718507966466,"type":105}
@nix {"action":"result","fields":[0,0,0,0],"id":232718507966467,"type":105}
@nix {"action":"result","fields":[101,0],"id":232718507966465,"type":106}
@nix {"action":"result","fields":[100,0],"id":232718507966465,"type":106}
@nix {"action":"stop","id":232718507966475}
@nix {"action":"start","fields":["/Users/hetzner/obrador-shared-pins-20260909/round-1-baseline/chain-round-1-jobs-8/store/8hv32yvginf6blfggbpcw88fpvbw9l8m-leaf-3.drv.drv","/Users/hetzner/obrador-shared-pins-20260909/round-1-baseline/chain-round-1-jobs-8/store/8bhrbml819m3m7km8r9v50k5sdjfbq6v-leaf-3.drv.drv"],"id":232718507966476,"level":3,"parent":0,"text":"resolved derivation: '/Users/hetzner/obrador-shared-pins-20260909/round-1-baseline/chain-round-1-jobs-8/store/8hv32yvginf6blfggbpcw88fpvbw9l8m-leaf-3.drv.drv' -> '/Users/hetzner/obrador-shared-pins-20260909/round-1-baseline/chain-round-1-jobs-8/store/8bhrbml819m3m7km8r9v50k5sdjfbq6v-leaf-3.drv.drv'","type":111}
@nix {"action":"result","fields":[8,38,0,0],"id":232718507966466,"type":105}
@nix {"action":"result","fields":[0,0,0,0],"id":232718507966467,"type":105}
@nix {"action":"result","fields":[101,0],"id":232718507966465,"type":106}
@nix {"action":"result","fields":[100,0],"id":232718507966465,"type":106}
@nix {"action":"start","fields":["/Users/hetzner/obrador-shared-pins-20260909/round-1-baseline/chain-round-1-jobs-8/store/8bhrbml819m3m7km8r9v50k5sdjfbq6v-leaf-3.drv.drv","",1,1],"id":232718507966477,"level":3,"parent":0,"text":"building '/Users/hetzner/obrador-shared-pins-20260909/round-1-baseline/chain-round-1-jobs-8/store/8bhrbml819m3m7km8r9v50k5sdjfbq6v-leaf-3.drv.drv'","type":105}
@nix {"action":"result","fields":[8,38,1,0],"id":232718507966466,"type":105}
@nix {"action":"result","fields":[0,0,0,0],"id":232718507966467,"type":105}
@nix {"action":"result","fields":[101,0],"id":232718507966465,"type":106}
@nix {"action":"result","fields":[100,0],"id":232718507966465,"type":106}
@nix {"action":"result","fields":[9,39,0,0],"id":232718507966466,"type":105}
@nix {"action":"result","fields":[0,0,0,0],"id":232718507966467,"type":105}
@nix {"action":"result","fields":[101,0],"id":232718507966465,"type":106}
@nix {"action":"result","fields":[100,0],"id":232718507966465,"type":106}
@nix {"action":"stop","id":232718507966477}
@nix {"action":"result","fields":[10,39,0,0],"id":232718507966466,"type":105}
@nix {"action":"result","fields":[0,0,0,0],"id":232718507966467,"type":105}
@nix {"action":"result","fields":[101,0],"id":232718507966465,"type":106}
@nix {"action":"result","fields":[100,0],"id":232718507966465,"type":106}
@nix {"action":"stop","id":232718507966476}
@nix {"action":"result","fields":[10,39,0,0],"id":232718507966466,"type":105}
@nix {"action":"result","fields":[0,0,0,0],"id":232718507966467,"type":105}
@nix {"action":"result","fields":[101,0],"id":232718507966465,"type":106}
@nix {"action":"result","fields":[100,0],"id":232718507966465,"type":106}
@nix {"action":"start","fields":["/Users/hetzner/obrador-shared-pins-20260909/round-1-baseline/chain-round-1-jobs-8/store/7n5jf7iq10hn1zk8qb8iwcg00ibji89r-leaf-3.drv","",1,1],"id":232718507966478,"level":3,"parent":0,"text":"building '/Users/hetzner/obrador-shared-pins-20260909/round-1-baseline/chain-round-1-jobs-8/store/7n5jf7iq10hn1zk8qb8iwcg00ibji89r-leaf-3.drv'","type":105}
@nix {"action":"result","fields":[10,39,1,0],"id":232718507966466,"type":105}
@nix {"action":"result","fields":[0,0,0,0],"id":232718507966467,"type":105}
@nix {"action":"result","fields":[101,0],"id":232718507966465,"type":106}
@nix {"action":"result","fields":[100,0],"id":232718507966465,"type":106}
@nix {"action":"result","fields":[11,40,0,0],"id":232718507966466,"type":105}
@nix {"action":"result","fields":[0,0,0,0],"id":232718507966467,"type":105}
@nix {"action":"result","fields":[101,0],"id":232718507966465,"type":106}
@nix {"action":"result","fields":[100,0],"id":232718507966465,"type":106}
@nix {"action":"stop","id":232718507966478}
@nix {"action":"start","fields":["/Users/hetzner/obrador-shared-pins-20260909/round-1-baseline/chain-round-1-jobs-8/store/z5v7k78q99b4akd4g81cb58fzyghwhf7-leaf-4.drv.drv","/Users/hetzner/obrador-shared-pins-20260909/round-1-baseline/chain-round-1-jobs-8/store/k5vha7vszsy20wjd3nx6p582z5723cwj-leaf-4.drv.drv"],"id":232718507966479,"level":3,"parent":0,"text":"resolved derivation: '/Users/hetzner/obrador-shared-pins-20260909/round-1-baseline/chain-round-1-jobs-8/store/z5v7k78q99b4akd4g81cb58fzyghwhf7-leaf-4.drv.drv' -> '/Users/hetzner/obrador-shared-pins-20260909/round-1-baseline/chain-round-1-jobs-8/store/k5vha7vszsy20wjd3nx6p582z5723cwj-leaf-4.drv.drv'","type":111}
@nix {"action":"result","fields":[11,40,0,0],"id":232718507966466,"type":105}
@nix {"action":"result","fields":[0,0,0,0],"id":232718507966467,"type":105}
@nix {"action":"result","fields":[101,0],"id":232718507966465,"type":106}
@nix {"action":"result","fields":[100,0],"id":232718507966465,"type":106}
@nix {"action":"start","fields":["/Users/hetzner/obrador-shared-pins-20260909/round-1-baseline/chain-round-1-jobs-8/store/k5vha7vszsy20wjd3nx6p582z5723cwj-leaf-4.drv.drv","",1,1],"id":232718507966480,"level":3,"parent":0,"text":"building '/Users/hetzner/obrador-shared-pins-20260909/round-1-baseline/chain-round-1-jobs-8/store/k5vha7vszsy20wjd3nx6p582z5723cwj-leaf-4.drv.drv'","type":105}
@nix {"action":"result","fields":[11,40,1,0],"id":232718507966466,"type":105}
@nix {"action":"result","fields":[0,0,0,0],"id":232718507966467,"type":105}
@nix {"action":"result","fields":[101,0],"id":232718507966465,"type":106}
@nix {"action":"result","fields":[100,0],"id":232718507966465,"type":106}
@nix {"action":"result","fields":[12,41,0,0],"id":232718507966466,"type":105}
@nix {"action":"result","fields":[0,0,0,0],"id":232718507966467,"type":105}
@nix {"action":"result","fields":[101,0],"id":232718507966465,"type":106}
@nix {"action":"result","fields":[100,0],"id":232718507966465,"type":106}
@nix {"action":"stop","id":232718507966480}
@nix {"action":"result","fields":[13,41,0,0],"id":232718507966466,"type":105}
@nix {"action":"result","fields":[0,0,0,0],"id":232718507966467,"type":105}
@nix {"action":"result","fields":[101,0],"id":232718507966465,"type":106}
@nix {"action":"result","fields":[100,0],"id":232718507966465,"type":106}
@nix {"action":"stop","id":232718507966479}
@nix {"action":"result","fields":[13,41,0,0],"id":232718507966466,"type":105}
@nix {"action":"result","fields":[0,0,0,0],"id":232718507966467,"type":105}
@nix {"action":"result","fields":[101,0],"id":232718507966465,"type":106}
@nix {"action":"result","fields":[100,0],"id":232718507966465,"type":106}
@nix {"action":"start","fields":["/Users/hetzner/obrador-shared-pins-20260909/round-1-baseline/chain-round-1-jobs-8/store/s03snvfd50f8jhz21aqfv67p87ycn03l-leaf-4.drv","",1,1],"id":232718507966481,"level":3,"parent":0,"text":"building '/Users/hetzner/obrador-shared-pins-20260909/round-1-baseline/chain-round-1-jobs-8/store/s03snvfd50f8jhz21aqfv67p87ycn03l-leaf-4.drv'","type":105}
@nix {"action":"result","fields":[13,41,1,0],"id":232718507966466,"type":105}
@nix {"action":"result","fields":[0,0,0,0],"id":232718507966467,"type":105}
@nix {"action":"result","fields":[101,0],"id":232718507966465,"type":106}
@nix {"action":"result","fields":[100,0],"id":232718507966465,"type":106}
@nix {"action":"result","fields":[14,42,0,0],"id":232718507966466,"type":105}
@nix {"action":"result","fields":[0,0,0,0],"id":232718507966467,"type":105}
@nix {"action":"result","fields":[101,0],"id":232718507966465,"type":106}
@nix {"action":"result","fields":[100,0],"id":232718507966465,"type":106}
@nix {"action":"stop","id":232718507966481}
@nix {"action":"start","fields":["/Users/hetzner/obrador-shared-pins-20260909/round-1-baseline/chain-round-1-jobs-8/store/4z9p7ara2649ss1j5a662y6w64w4fwsb-leaf-5.drv.drv","/Users/hetzner/obrador-shared-pins-20260909/round-1-baseline/chain-round-1-jobs-8/store/9h8kc6hsrgcfx1vxrc77b1a9dq7w087p-leaf-5.drv.drv"],"id":232718507966482,"level":3,"parent":0,"text":"resolved derivation: '/Users/hetzner/obrador-shared-pins-20260909/round-1-baseline/chain-round-1-jobs-8/store/4z9p7ara2649ss1j5a662y6w64w4fwsb-leaf-5.drv.drv' -> '/Users/hetzner/obrador-shared-pins-20260909/round-1-baseline/chain-round-1-jobs-8/store/9h8kc6hsrgcfx1vxrc77b1a9dq7w087p-leaf-5.drv.drv'","type":111}
@nix {"action":"result","fields":[14,42,0,0],"id":232718507966466,"type":105}
@nix {"action":"result","fields":[0,0,0,0],"id":232718507966467,"type":105}
@nix {"action":"result","fields":[101,0],"id":232718507966465,"type":106}
@nix {"action":"result","fields":[100,0],"id":232718507966465,"type":106}
@nix {"action":"start","fields":["/Users/hetzner/obrador-shared-pins-20260909/round-1-baseline/chain-round-1-jobs-8/store/9h8kc6hsrgcfx1vxrc77b1a9dq7w087p-leaf-5.drv.drv","",1,1],"id":232718507966483,"level":3,"parent":0,"text":"building '/Users/hetzner/obrador-shared-pins-20260909/round-1-baseline/chain-round-1-jobs-8/store/9h8kc6hsrgcfx1vxrc77b1a9dq7w087p-leaf-5.drv.drv'","type":105}
@nix {"action":"result","fields":[14,42,1,0],"id":232718507966466,"type":105}
@nix {"action":"result","fields":[0,0,0,0],"id":232718507966467,"type":105}
@nix {"action":"result","fields":[101,0],"id":232718507966465,"type":106}
@nix {"action":"result","fields":[100,0],"id":232718507966465,"type":106}
@nix {"action":"result","fields":[15,43,0,0],"id":232718507966466,"type":105}
@nix {"action":"result","fields":[0,0,0,0],"id":232718507966467,"type":105}
@nix {"action":"result","fields":[101,0],"id":232718507966465,"type":106}
@nix {"action":"result","fields":[100,0],"id":232718507966465,"type":106}
@nix {"action":"stop","id":232718507966483}
@nix {"action":"result","fields":[16,43,0,0],"id":232718507966466,"type":105}
@nix {"action":"result","fields":[0,0,0,0],"id":232718507966467,"type":105}
@nix {"action":"result","fields":[101,0],"id":232718507966465,"type":106}
@nix {"action":"result","fields":[100,0],"id":232718507966465,"type":106}
@nix {"action":"stop","id":232718507966482}
@nix {"action":"result","fields":[16,43,0,0],"id":232718507966466,"type":105}
@nix {"action":"result","fields":[0,0,0,0],"id":232718507966467,"type":105}
@nix {"action":"result","fields":[101,0],"id":232718507966465,"type":106}
@nix {"action":"result","fields":[100,0],"id":232718507966465,"type":106}
@nix {"action":"start","fields":["/Users/hetzner/obrador-shared-pins-20260909/round-1-baseline/chain-round-1-jobs-8/store/911r57zrx6rr5qmll09kv9i0gdzpxs2v-leaf-5.drv","",1,1],"id":232718507966484,"level":3,"parent":0,"text":"building '/Users/hetzner/obrador-shared-pins-20260909/round-1-baseline/chain-round-1-jobs-8/store/911r57zrx6rr5qmll09kv9i0gdzpxs2v-leaf-5.drv'","type":105}
@nix {"action":"result","fields":[16,43,1,0],"id":232718507966466,"type":105}
@nix {"action":"result","fields":[0,0,0,0],"id":232718507966467,"type":105}
@nix {"action":"result","fields":[101,0],"id":232718507966465,"type":106}
@nix {"action":"result","fields":[100,0],"id":232718507966465,"type":106}
@nix {"action":"result","fields":[17,44,0,0],"id":232718507966466,"type":105}
@nix {"action":"result","fields":[0,0,0,0],"id":232718507966467,"type":105}
@nix {"action":"result","fields":[101,0],"id":232718507966465,"type":106}
@nix {"action":"result","fields":[100,0],"id":232718507966465,"type":106}
@nix {"action":"stop","id":232718507966484}
@nix {"action":"start","fields":["/Users/hetzner/obrador-shared-pins-20260909/round-1-baseline/chain-round-1-jobs-8/store/95w2lhd5f31m54i673hfvm0c3av8vr13-leaf-6.drv.drv","/Users/hetzner/obrador-shared-pins-20260909/round-1-baseline/chain-round-1-jobs-8/store/xfscyy7qb122y3q0wfk242vca49ng4pk-leaf-6.drv.drv"],"id":232718507966485,"level":3,"parent":0,"text":"resolved derivation: '/Users/hetzner/obrador-shared-pins-20260909/round-1-baseline/chain-round-1-jobs-8/store/95w2lhd5f31m54i673hfvm0c3av8vr13-leaf-6.drv.drv' -> '/Users/hetzner/obrador-shared-pins-20260909/round-1-baseline/chain-round-1-jobs-8/store/xfscyy7qb122y3q0wfk242vca49ng4pk-leaf-6.drv.drv'","type":111}
@nix {"action":"result","fields":[17,44,0,0],"id":232718507966466,"type":105}
@nix {"action":"result","fields":[0,0,0,0],"id":232718507966467,"type":105}
@nix {"action":"result","fields":[101,0],"id":232718507966465,"type":106}
@nix {"action":"result","fields":[100,0],"id":232718507966465,"type":106}
@nix {"action":"start","fields":["/Users/hetzner/obrador-shared-pins-20260909/round-1-baseline/chain-round-1-jobs-8/store/xfscyy7qb122y3q0wfk242vca49ng4pk-leaf-6.drv.drv","",1,1],"id":232718507966486,"level":3,"parent":0,"text":"building '/Users/hetzner/obrador-shared-pins-20260909/round-1-baseline/chain-round-1-jobs-8/store/xfscyy7qb122y3q0wfk242vca49ng4pk-leaf-6.drv.drv'","type":105}
@nix {"action":"result","fields":[17,44,1,0],"id":232718507966466,"type":105}
@nix {"action":"result","fields":[0,0,0,0],"id":232718507966467,"type":105}
@nix {"action":"result","fields":[101,0],"id":232718507966465,"type":106}
@nix {"action":"result","fields":[100,0],"id":232718507966465,"type":106}
@nix {"action":"result","fields":[18,45,0,0],"id":232718507966466,"type":105}
@nix {"action":"result","fields":[0,0,0,0],"id":232718507966467,"type":105}
@nix {"action":"result","fields":[101,0],"id":232718507966465,"type":106}
@nix {"action":"result","fields":[100,0],"id":232718507966465,"type":106}
@nix {"action":"stop","id":232718507966486}
@nix {"action":"result","fields":[19,45,0,0],"id":232718507966466,"type":105}
@nix {"action":"result","fields":[0,0,0,0],"id":232718507966467,"type":105}
@nix {"action":"result","fields":[101,0],"id":232718507966465,"type":106}
@nix {"action":"result","fields":[100,0],"id":232718507966465,"type":106}
@nix {"action":"stop","id":232718507966485}
@nix {"action":"result","fields":[19,45,0,0],"id":232718507966466,"type":105}
@nix {"action":"result","fields":[0,0,0,0],"id":232718507966467,"type":105}
@nix {"action":"result","fields":[101,0],"id":232718507966465,"type":106}
@nix {"action":"result","fields":[100,0],"id":232718507966465,"type":106}
@nix {"action":"start","fields":["/Users/hetzner/obrador-shared-pins-20260909/round-1-baseline/chain-round-1-jobs-8/store/bnaf42x6c44g4ygxzn2k5w06i38d29qk-leaf-6.drv","",1,1],"id":232718507966487,"level":3,"parent":0,"text":"building '/Users/hetzner/obrador-shared-pins-20260909/round-1-baseline/chain-round-1-jobs-8/store/bnaf42x6c44g4ygxzn2k5w06i38d29qk-leaf-6.drv'","type":105}
@nix {"action":"result","fields":[19,45,1,0],"id":232718507966466,"type":105}
@nix {"action":"result","fields":[0,0,0,0],"id":232718507966467,"type":105}
@nix {"action":"result","fields":[101,0],"id":232718507966465,"type":106}
@nix {"action":"result","fields":[100,0],"id":232718507966465,"type":106}
@nix {"action":"result","fields":[20,46,0,0],"id":232718507966466,"type":105}
@nix {"action":"result","fields":[0,0,0,0],"id":232718507966467,"type":105}
@nix {"action":"result","fields":[101,0],"id":232718507966465,"type":106}
@nix {"action":"result","fields":[100,0],"id":232718507966465,"type":106}
@nix {"action":"stop","id":232718507966487}
@nix {"action":"start","fields":["/Users/hetzner/obrador-shared-pins-20260909/round-1-baseline/chain-round-1-jobs-8/store/kvxvm2rdh0w874rcv0286smhy813p7za-leaf-7.drv.drv","/Users/hetzner/obrador-shared-pins-20260909/round-1-baseline/chain-round-1-jobs-8/store/l454czlfdhii26hi3qx9crvyfznp978a-leaf-7.drv.drv"],"id":232718507966488,"level":3,"parent":0,"text":"resolved derivation: '/Users/hetzner/obrador-shared-pins-20260909/round-1-baseline/chain-round-1-jobs-8/store/kvxvm2rdh0w874rcv0286smhy813p7za-leaf-7.drv.drv' -> '/Users/hetzner/obrador-shared-pins-20260909/round-1-baseline/chain-round-1-jobs-8/store/l454czlfdhii26hi3qx9crvyfznp978a-leaf-7.drv.drv'","type":111}
@nix {"action":"result","fields":[20,46,0,0],"id":232718507966466,"type":105}
@nix {"action":"result","fields":[0,0,0,0],"id":232718507966467,"type":105}
@nix {"action":"result","fields":[101,0],"id":232718507966465,"type":106}
@nix {"action":"result","fields":[100,0],"id":232718507966465,"type":106}
@nix {"action":"start","fields":["/Users/hetzner/obrador-shared-pins-20260909/round-1-baseline/chain-round-1-jobs-8/store/l454czlfdhii26hi3qx9crvyfznp978a-leaf-7.drv.drv","",1,1],"id":232718507966489,"level":3,"parent":0,"text":"building '/Users/hetzner/obrador-shared-pins-20260909/round-1-baseline/chain-round-1-jobs-8/store/l454czlfdhii26hi3qx9crvyfznp978a-leaf-7.drv.drv'","type":105}
@nix {"action":"result","fields":[20,46,1,0],"id":232718507966466,"type":105}
@nix {"action":"result","fields":[0,0,0,0],"id":232718507966467,"type":105}
@nix {"action":"result","fields":[101,0],"id":232718507966465,"type":106}
@nix {"action":"result","fields":[100,0],"id":232718507966465,"type":106}
@nix {"action":"result","fields":[21,47,0,0],"id":232718507966466,"type":105}
@nix {"action":"result","fields":[0,0,0,0],"id":232718507966467,"type":105}
@nix {"action":"result","fields":[101,0],"id":232718507966465,"type":106}
@nix {"action":"result","fields":[100,0],"id":232718507966465,"type":106}
@nix {"action":"stop","id":232718507966489}
@nix {"action":"result","fields":[22,47,0,0],"id":232718507966466,"type":105}
@nix {"action":"result","fields":[0,0,0,0],"id":232718507966467,"type":105}
@nix {"action":"result","fields":[101,0],"id":232718507966465,"type":106}
@nix {"action":"result","fields":[100,0],"id":232718507966465,"type":106}
@nix {"action":"stop","id":232718507966488}
@nix {"action":"result","fields":[22,47,0,0],"id":232718507966466,"type":105}
@nix {"action":"result","fields":[0,0,0,0],"id":232718507966467,"type":105}
@nix {"action":"result","fields":[101,0],"id":232718507966465,"type":106}
@nix {"action":"result","fields":[100,0],"id":232718507966465,"type":106}
@nix {"action":"start","fields":["/Users/hetzner/obrador-shared-pins-20260909/round-1-baseline/chain-round-1-jobs-8/store/9f6jw9vida88fy7q8h10v2vab28cmbyn-leaf-7.drv","",1,1],"id":232718507966490,"level":3,"parent":0,"text":"building '/Users/hetzner/obrador-shared-pins-20260909/round-1-baseline/chain-round-1-jobs-8/store/9f6jw9vida88fy7q8h10v2vab28cmbyn-leaf-7.drv'","type":105}
@nix {"action":"result","fields":[22,47,1,0],"id":232718507966466,"type":105}
@nix {"action":"result","fields":[0,0,0,0],"id":232718507966467,"type":105}
@nix {"action":"result","fields":[101,0],"id":232718507966465,"type":106}
@nix {"action":"result","fields":[100,0],"id":232718507966465,"type":106}
@nix {"action":"result","fields":[23,48,0,0],"id":232718507966466,"type":105}
@nix {"action":"result","fields":[0,0,0,0],"id":232718507966467,"type":105}
@nix {"action":"result","fields":[101,0],"id":232718507966465,"type":106}
@nix {"action":"result","fields":[100,0],"id":232718507966465,"type":106}
@nix {"action":"stop","id":232718507966490}
@nix {"action":"start","fields":["/Users/hetzner/obrador-shared-pins-20260909/round-1-baseline/chain-round-1-jobs-8/store/55qwmvg5qm6v9mnyb1g1n1a35ffschm7-leaf-8.drv.drv","/Users/hetzner/obrador-shared-pins-20260909/round-1-baseline/chain-round-1-jobs-8/store/fbx65ivwpvg2hximrvpqx8i7nmlmqcs2-leaf-8.drv.drv"],"id":232718507966491,"level":3,"parent":0,"text":"resolved derivation: '/Users/hetzner/obrador-shared-pins-20260909/round-1-baseline/chain-round-1-jobs-8/store/55qwmvg5qm6v9mnyb1g1n1a35ffschm7-leaf-8.drv.drv' -> '/Users/hetzner/obrador-shared-pins-20260909/round-1-baseline/chain-round-1-jobs-8/store/fbx65ivwpvg2hximrvpqx8i7nmlmqcs2-leaf-8.drv.drv'","type":111}
@nix {"action":"result","fields":[23,48,0,0],"id":232718507966466,"type":105}
@nix {"action":"result","fields":[0,0,0,0],"id":232718507966467,"type":105}
@nix {"action":"result","fields":[101,0],"id":232718507966465,"type":106}
@nix {"action":"result","fields":[100,0],"id":232718507966465,"type":106}
@nix {"action":"start","fields":["/Users/hetzner/obrador-shared-pins-20260909/round-1-baseline/chain-round-1-jobs-8/store/fbx65ivwpvg2hximrvpqx8i7nmlmqcs2-leaf-8.drv.drv","",1,1],"id":232718507966492,"level":3,"parent":0,"text":"building '/Users/hetzner/obrador-shared-pins-20260909/round-1-baseline/chain-round-1-jobs-8/store/fbx65ivwpvg2hximrvpqx8i7nmlmqcs2-leaf-8.drv.drv'","type":105}
@nix {"action":"result","fields":[23,48,1,0],"id":232718507966466,"type":105}
@nix {"action":"result","fields":[0,0,0,0],"id":232718507966467,"type":105}
@nix {"action":"result","fields":[101,0],"id":232718507966465,"type":106}
@nix {"action":"result","fields":[100,0],"id":232718507966465,"type":106}
@nix {"action":"result","fields":[24,49,0,0],"id":232718507966466,"type":105}
@nix {"action":"result","fields":[0,0,0,0],"id":232718507966467,"type":105}
@nix {"action":"result","fields":[101,0],"id":232718507966465,"type":106}
@nix {"action":"result","fields":[100,0],"id":232718507966465,"type":106}
@nix {"action":"stop","id":232718507966492}
@nix {"action":"result","fields":[25,49,0,0],"id":232718507966466,"type":105}
@nix {"action":"result","fields":[0,0,0,0],"id":232718507966467,"type":105}
@nix {"action":"result","fields":[101,0],"id":232718507966465,"type":106}
@nix {"action":"result","fields":[100,0],"id":232718507966465,"type":106}
@nix {"action":"stop","id":232718507966491}
@nix {"action":"result","fields":[25,49,0,0],"id":232718507966466,"type":105}
@nix {"action":"result","fields":[0,0,0,0],"id":232718507966467,"type":105}
@nix {"action":"result","fields":[101,0],"id":232718507966465,"type":106}
@nix {"action":"result","fields":[100,0],"id":232718507966465,"type":106}
@nix {"action":"start","fields":["/Users/hetzner/obrador-shared-pins-20260909/round-1-baseline/chain-round-1-jobs-8/store/qycw69mjm1ysrf9yq4szz6g42lbmsdbr-leaf-8.drv","",1,1],"id":232718507966493,"level":3,"parent":0,"text":"building '/Users/hetzner/obrador-shared-pins-20260909/round-1-baseline/chain-round-1-jobs-8/store/qycw69mjm1ysrf9yq4szz6g42lbmsdbr-leaf-8.drv'","type":105}
@nix {"action":"result","fields":[25,49,1,0],"id":232718507966466,"type":105}
@nix {"action":"result","fields":[0,0,0,0],"id":232718507966467,"type":105}
@nix {"action":"result","fields":[101,0],"id":232718507966465,"type":106}
@nix {"action":"result","fields":[100,0],"id":232718507966465,"type":106}
@nix {"action":"result","fields":[26,50,0,0],"id":232718507966466,"type":105}
@nix {"action":"result","fields":[0,0,0,0],"id":232718507966467,"type":105}
@nix {"action":"result","fields":[101,0],"id":232718507966465,"type":106}
@nix {"action":"result","fields":[100,0],"id":232718507966465,"type":106}
@nix {"action":"stop","id":232718507966493}
@nix {"action":"start","fields":["/Users/hetzner/obrador-shared-pins-20260909/round-1-baseline/chain-round-1-jobs-8/store/g8z7ml7iwq6a2z6m5qm3cbsyqhc2m0hq-leaf-9.drv.drv","/Users/hetzner/obrador-shared-pins-20260909/round-1-baseline/chain-round-1-jobs-8/store/7vl2m0vdrl2pdwrl7n6wg2sgjq2w1bfn-leaf-9.drv.drv"],"id":232718507966494,"level":3,"parent":0,"text":"resolved derivation: '/Users/hetzner/obrador-shared-pins-20260909/round-1-baseline/chain-round-1-jobs-8/store/g8z7ml7iwq6a2z6m5qm3cbsyqhc2m0hq-leaf-9.drv.drv' -> '/Users/hetzner/obrador-shared-pins-20260909/round-1-baseline/chain-round-1-jobs-8/store/7vl2m0vdrl2pdwrl7n6wg2sgjq2w1bfn-leaf-9.drv.drv'","type":111}
@nix {"action":"result","fields":[26,50,0,0],"id":232718507966466,"type":105}
@nix {"action":"result","fields":[0,0,0,0],"id":232718507966467,"type":105}
@nix {"action":"result","fields":[101,0],"id":232718507966465,"type":106}
@nix {"action":"result","fields":[100,0],"id":232718507966465,"type":106}
@nix {"action":"start","fields":["/Users/hetzner/obrador-shared-pins-20260909/round-1-baseline/chain-round-1-jobs-8/store/7vl2m0vdrl2pdwrl7n6wg2sgjq2w1bfn-leaf-9.drv.drv","",1,1],"id":232718507966495,"level":3,"parent":0,"text":"building '/Users/hetzner/obrador-shared-pins-20260909/round-1-baseline/chain-round-1-jobs-8/store/7vl2m0vdrl2pdwrl7n6wg2sgjq2w1bfn-leaf-9.drv.drv'","type":105}
@nix {"action":"result","fields":[26,50,1,0],"id":232718507966466,"type":105}
@nix {"action":"result","fields":[0,0,0,0],"id":232718507966467,"type":105}
@nix {"action":"result","fields":[101,0],"id":232718507966465,"type":106}
@nix {"action":"result","fields":[100,0],"id":232718507966465,"type":106}
@nix {"action":"result","fields":[27,51,0,0],"id":232718507966466,"type":105}
@nix {"action":"result","fields":[0,0,0,0],"id":232718507966467,"type":105}
@nix {"action":"result","fields":[101,0],"id":232718507966465,"type":106}
@nix {"action":"result","fields":[100,0],"id":232718507966465,"type":106}
@nix {"action":"stop","id":232718507966495}
@nix {"action":"result","fields":[28,51,0,0],"id":232718507966466,"type":105}
@nix {"action":"result","fields":[0,0,0,0],"id":232718507966467,"type":105}
@nix {"action":"result","fields":[101,0],"id":232718507966465,"type":106}
@nix {"action":"result","fields":[100,0],"id":232718507966465,"type":106}
@nix {"action":"stop","id":232718507966494}
@nix {"action":"result","fields":[28,51,0,0],"id":232718507966466,"type":105}
@nix {"action":"result","fields":[0,0,0,0],"id":232718507966467,"type":105}
@nix {"action":"result","fields":[101,0],"id":232718507966465,"type":106}
@nix {"action":"result","fields":[100,0],"id":232718507966465,"type":106}
@nix {"action":"start","fields":["/Users/hetzner/obrador-shared-pins-20260909/round-1-baseline/chain-round-1-jobs-8/store/crdm3nwqx2i5i4minls1v1hicsydqm64-leaf-9.drv","",1,1],"id":232718507966496,"level":3,"parent":0,"text":"building '/Users/hetzner/obrador-shared-pins-20260909/round-1-baseline/chain-round-1-jobs-8/store/crdm3nwqx2i5i4minls1v1hicsydqm64-leaf-9.drv'","type":105}
@nix {"action":"result","fields":[28,51,1,0],"id":232718507966466,"type":105}
@nix {"action":"result","fields":[0,0,0,0],"id":232718507966467,"type":105}
@nix {"action":"result","fields":[101,0],"id":232718507966465,"type":106}
@nix {"action":"result","fields":[100,0],"id":232718507966465,"type":106}
@nix {"action":"result","fields":[29,52,0,0],"id":232718507966466,"type":105}
@nix {"action":"result","fields":[0,0,0,0],"id":232718507966467,"type":105}
@nix {"action":"result","fields":[101,0],"id":232718507966465,"type":106}
@nix {"action":"result","fields":[100,0],"id":232718507966465,"type":106}
@nix {"action":"stop","id":232718507966496}
@nix {"action":"start","fields":["/Users/hetzner/obrador-shared-pins-20260909/round-1-baseline/chain-round-1-jobs-8/store/50fd229fadghx83j38v935lc0b2zafws-leaf-10.drv.drv","/Users/hetzner/obrador-shared-pins-20260909/round-1-baseline/chain-round-1-jobs-8/store/nhnv3v0sn1ggwiywhka802sdwp9g1zsn-leaf-10.drv.drv"],"id":232718507966497,"level":3,"parent":0,"text":"resolved derivation: '/Users/hetzner/obrador-shared-pins-20260909/round-1-baseline/chain-round-1-jobs-8/store/50fd229fadghx83j38v935lc0b2zafws-leaf-10.drv.drv' -> '/Users/hetzner/obrador-shared-pins-20260909/round-1-baseline/chain-round-1-jobs-8/store/nhnv3v0sn1ggwiywhka802sdwp9g1zsn-leaf-10.drv.drv'","type":111}
@nix {"action":"result","fields":[29,52,0,0],"id":232718507966466,"type":105}
@nix {"action":"result","fields":[0,0,0,0],"id":232718507966467,"type":105}
@nix {"action":"result","fields":[101,0],"id":232718507966465,"type":106}
@nix {"action":"result","fields":[100,0],"id":232718507966465,"type":106}
@nix {"action":"start","fields":["/Users/hetzner/obrador-shared-pins-20260909/round-1-baseline/chain-round-1-jobs-8/store/nhnv3v0sn1ggwiywhka802sdwp9g1zsn-leaf-10.drv.drv","",1,1],"id":232718507966498,"level":3,"parent":0,"text":"building '/Users/hetzner/obrador-shared-pins-20260909/round-1-baseline/chain-round-1-jobs-8/store/nhnv3v0sn1ggwiywhka802sdwp9g1zsn-leaf-10.drv.drv'","type":105}
@nix {"action":"result","fields":[29,52,1,0],"id":232718507966466,"type":105}
@nix {"action":"result","fields":[0,0,0,0],"id":232718507966467,"type":105}
@nix {"action":"result","fields":[101,0],"id":232718507966465,"type":106}
@nix {"action":"result","fields":[100,0],"id":232718507966465,"type":106}
@nix {"action":"result","fields":[30,53,0,0],"id":232718507966466,"type":105}
@nix {"action":"result","fields":[0,0,0,0],"id":232718507966467,"type":105}
@nix {"action":"result","fields":[101,0],"id":232718507966465,"type":106}
@nix {"action":"result","fields":[100,0],"id":232718507966465,"type":106}
@nix {"action":"stop","id":232718507966498}
@nix {"action":"result","fields":[31,53,0,0],"id":232718507966466,"type":105}
@nix {"action":"result","fields":[0,0,0,0],"id":232718507966467,"type":105}
@nix {"action":"result","fields":[101,0],"id":232718507966465,"type":106}
@nix {"action":"result","fields":[100,0],"id":232718507966465,"type":106}
@nix {"action":"stop","id":232718507966497}
@nix {"action":"result","fields":[31,53,0,0],"id":232718507966466,"type":105}
@nix {"action":"result","fields":[0,0,0,0],"id":232718507966467,"type":105}
@nix {"action":"result","fields":[101,0],"id":232718507966465,"type":106}
@nix {"action":"result","fields":[100,0],"id":232718507966465,"type":106}
@nix {"action":"start","fields":["/Users/hetzner/obrador-shared-pins-20260909/round-1-baseline/chain-round-1-jobs-8/store/x47gw63mkrwh9kgf177xci9whs75hxww-leaf-10.drv","",1,1],"id":232718507966499,"level":3,"parent":0,"text":"building '/Users/hetzner/obrador-shared-pins-20260909/round-1-baseline/chain-round-1-jobs-8/store/x47gw63mkrwh9kgf177xci9whs75hxww-leaf-10.drv'","type":105}
@nix {"action":"result","fields":[31,53,1,0],"id":232718507966466,"type":105}
@nix {"action":"result","fields":[0,0,0,0],"id":232718507966467,"type":105}
@nix {"action":"result","fields":[101,0],"id":232718507966465,"type":106}
@nix {"action":"result","fields":[100,0],"id":232718507966465,"type":106}
@nix {"action":"result","fields":[32,54,0,0],"id":232718507966466,"type":105}
@nix {"action":"result","fields":[0,0,0,0],"id":232718507966467,"type":105}
@nix {"action":"result","fields":[101,0],"id":232718507966465,"type":106}
@nix {"action":"result","fields":[100,0],"id":232718507966465,"type":106}
@nix {"action":"stop","id":232718507966499}
@nix {"action":"start","fields":["/Users/hetzner/obrador-shared-pins-20260909/round-1-baseline/chain-round-1-jobs-8/store/2wa64wfs1l8b812i9qcr70sd0lnxhj1y-leaf-11.drv.drv","/Users/hetzner/obrador-shared-pins-20260909/round-1-baseline/chain-round-1-jobs-8/store/2ki2gwb3pf619vxhh2ji2rd7xdr8l6rq-leaf-11.drv.drv"],"id":232718507966500,"level":3,"parent":0,"text":"resolved derivation: '/Users/hetzner/obrador-shared-pins-20260909/round-1-baseline/chain-round-1-jobs-8/store/2wa64wfs1l8b812i9qcr70sd0lnxhj1y-leaf-11.drv.drv' -> '/Users/hetzner/obrador-shared-pins-20260909/round-1-baseline/chain-round-1-jobs-8/store/2ki2gwb3pf619vxhh2ji2rd7xdr8l6rq-leaf-11.drv.drv'","type":111}
@nix {"action":"result","fields":[32,54,0,0],"id":232718507966466,"type":105}
@nix {"action":"result","fields":[0,0,0,0],"id":232718507966467,"type":105}
@nix {"action":"result","fields":[101,0],"id":232718507966465,"type":106}
@nix {"action":"result","fields":[100,0],"id":232718507966465,"type":106}
@nix {"action":"start","fields":["/Users/hetzner/obrador-shared-pins-20260909/round-1-baseline/chain-round-1-jobs-8/store/2ki2gwb3pf619vxhh2ji2rd7xdr8l6rq-leaf-11.drv.drv","",1,1],"id":232718507966501,"level":3,"parent":0,"text":"building '/Users/hetzner/obrador-shared-pins-20260909/round-1-baseline/chain-round-1-jobs-8/store/2ki2gwb3pf619vxhh2ji2rd7xdr8l6rq-leaf-11.drv.drv'","type":105}
@nix {"action":"result","fields":[32,54,1,0],"id":232718507966466,"type":105}
@nix {"action":"result","fields":[0,0,0,0],"id":232718507966467,"type":105}
@nix {"action":"result","fields":[101,0],"id":232718507966465,"type":106}
@nix {"action":"result","fields":[100,0],"id":232718507966465,"type":106}
@nix {"action":"result","fields":[33,55,0,0],"id":232718507966466,"type":105}
@nix {"action":"result","fields":[0,0,0,0],"id":232718507966467,"type":105}
@nix {"action":"result","fields":[101,0],"id":232718507966465,"type":106}
@nix {"action":"result","fields":[100,0],"id":232718507966465,"type":106}
@nix {"action":"stop","id":232718507966501}
@nix {"action":"result","fields":[34,55,0,0],"id":232718507966466,"type":105}
@nix {"action":"result","fields":[0,0,0,0],"id":232718507966467,"type":105}
@nix {"action":"result","fields":[101,0],"id":232718507966465,"type":106}
@nix {"action":"result","fields":[100,0],"id":232718507966465,"type":106}
@nix {"action":"stop","id":232718507966500}
@nix {"action":"result","fields":[34,55,0,0],"id":232718507966466,"type":105}
@nix {"action":"result","fields":[0,0,0,0],"id":232718507966467,"type":105}
@nix {"action":"result","fields":[101,0],"id":232718507966465,"type":106}
@nix {"action":"result","fields":[100,0],"id":232718507966465,"type":106}
@nix {"action":"start","fields":["/Users/hetzner/obrador-shared-pins-20260909/round-1-baseline/chain-round-1-jobs-8/store/0aln00dk54m3rh4p6cwsr186v8w1g9li-leaf-11.drv","",1,1],"id":232718507966502,"level":3,"parent":0,"text":"building '/Users/hetzner/obrador-shared-pins-20260909/round-1-baseline/chain-round-1-jobs-8/store/0aln00dk54m3rh4p6cwsr186v8w1g9li-leaf-11.drv'","type":105}
@nix {"action":"result","fields":[34,55,1,0],"id":232718507966466,"type":105}
@nix {"action":"result","fields":[0,0,0,0],"id":232718507966467,"type":105}
@nix {"action":"result","fields":[101,0],"id":232718507966465,"type":106}
@nix {"action":"result","fields":[100,0],"id":232718507966465,"type":106}
@nix {"action":"result","fields":[35,56,0,0],"id":232718507966466,"type":105}
@nix {"action":"result","fields":[0,0,0,0],"id":232718507966467,"type":105}
@nix {"action":"result","fields":[101,0],"id":232718507966465,"type":106}
@nix {"action":"result","fields":[100,0],"id":232718507966465,"type":106}
@nix {"action":"stop","id":232718507966502}
@nix {"action":"start","fields":["/Users/hetzner/obrador-shared-pins-20260909/round-1-baseline/chain-round-1-jobs-8/store/lvi047wh453z5qhplxhf6qlxzmx3xccb-leaf-12.drv.drv","/Users/hetzner/obrador-shared-pins-20260909/round-1-baseline/chain-round-1-jobs-8/store/w655jdcnf2b4bmafcs20yndx5in2d4zf-leaf-12.drv.drv"],"id":232718507966503,"level":3,"parent":0,"text":"resolved derivation: '/Users/hetzner/obrador-shared-pins-20260909/round-1-baseline/chain-round-1-jobs-8/store/lvi047wh453z5qhplxhf6qlxzmx3xccb-leaf-12.drv.drv' -> '/Users/hetzner/obrador-shared-pins-20260909/round-1-baseline/chain-round-1-jobs-8/store/w655jdcnf2b4bmafcs20yndx5in2d4zf-leaf-12.drv.drv'","type":111}
@nix {"action":"result","fields":[35,56,0,0],"id":232718507966466,"type":105}
@nix {"action":"result","fields":[0,0,0,0],"id":232718507966467,"type":105}
@nix {"action":"result","fields":[101,0],"id":232718507966465,"type":106}
@nix {"action":"result","fields":[100,0],"id":232718507966465,"type":106}
@nix {"action":"start","fields":["/Users/hetzner/obrador-shared-pins-20260909/round-1-baseline/chain-round-1-jobs-8/store/w655jdcnf2b4bmafcs20yndx5in2d4zf-leaf-12.drv.drv","",1,1],"id":232718507966504,"level":3,"parent":0,"text":"building '/Users/hetzner/obrador-shared-pins-20260909/round-1-baseline/chain-round-1-jobs-8/store/w655jdcnf2b4bmafcs20yndx5in2d4zf-leaf-12.drv.drv'","type":105}
@nix {"action":"result","fields":[35,56,1,0],"id":232718507966466,"type":105}
@nix {"action":"result","fields":[0,0,0,0],"id":232718507966467,"type":105}
@nix {"action":"result","fields":[101,0],"id":232718507966465,"type":106}
@nix {"action":"result","fields":[100,0],"id":232718507966465,"type":106}
@nix {"action":"result","fields":[36,57,0,0],"id":232718507966466,"type":105}
@nix {"action":"result","fields":[0,0,0,0],"id":232718507966467,"type":105}
@nix {"action":"result","fields":[101,0],"id":232718507966465,"type":106}
@nix {"action":"result","fields":[100,0],"id":232718507966465,"type":106}
@nix {"action":"stop","id":232718507966504}
@nix {"action":"result","fields":[37,57,0,0],"id":232718507966466,"type":105}
@nix {"action":"result","fields":[0,0,0,0],"id":232718507966467,"type":105}
@nix {"action":"result","fields":[101,0],"id":232718507966465,"type":106}
@nix {"action":"result","fields":[100,0],"id":232718507966465,"type":106}
@nix {"action":"stop","id":232718507966503}
@nix {"action":"result","fields":[37,57,0,0],"id":232718507966466,"type":105}
@nix {"action":"result","fields":[0,0,0,0],"id":232718507966467,"type":105}
@nix {"action":"result","fields":[101,0],"id":232718507966465,"type":106}
@nix {"action":"result","fields":[100,0],"id":232718507966465,"type":106}
@nix {"action":"start","fields":["/Users/hetzner/obrador-shared-pins-20260909/round-1-baseline/chain-round-1-jobs-8/store/5yk9iyha2sicf21d7w88jxk5gjfr5d21-leaf-12.drv","",1,1],"id":232718507966505,"level":3,"parent":0,"text":"building '/Users/hetzner/obrador-shared-pins-20260909/round-1-baseline/chain-round-1-jobs-8/store/5yk9iyha2sicf21d7w88jxk5gjfr5d21-leaf-12.drv'","type":105}
@nix {"action":"result","fields":[37,57,1,0],"id":232718507966466,"type":105}
@nix {"action":"result","fields":[0,0,0,0],"id":232718507966467,"type":105}
@nix {"action":"result","fields":[101,0],"id":232718507966465,"type":106}
@nix {"action":"result","fields":[100,0],"id":232718507966465,"type":106}
@nix {"action":"result","fields":[38,58,0,0],"id":232718507966466,"type":105}
@nix {"action":"result","fields":[0,0,0,0],"id":232718507966467,"type":105}
@nix {"action":"result","fields":[101,0],"id":232718507966465,"type":106}
@nix {"action":"result","fields":[100,0],"id":232718507966465,"type":106}
@nix {"action":"stop","id":232718507966505}
@nix {"action":"start","fields":["/Users/hetzner/obrador-shared-pins-20260909/round-1-baseline/chain-round-1-jobs-8/store/554l956gqz7hblcdak86jn92yygajdkq-leaf-13.drv.drv","/Users/hetzner/obrador-shared-pins-20260909/round-1-baseline/chain-round-1-jobs-8/store/0fr1k588fryjcw8bi9m3ikxqn74fqxbb-leaf-13.drv.drv"],"id":232718507966506,"level":3,"parent":0,"text":"resolved derivation: '/Users/hetzner/obrador-shared-pins-20260909/round-1-baseline/chain-round-1-jobs-8/store/554l956gqz7hblcdak86jn92yygajdkq-leaf-13.drv.drv' -> '/Users/hetzner/obrador-shared-pins-20260909/round-1-baseline/chain-round-1-jobs-8/store/0fr1k588fryjcw8bi9m3ikxqn74fqxbb-leaf-13.drv.drv'","type":111}
@nix {"action":"result","fields":[38,58,0,0],"id":232718507966466,"type":105}
@nix {"action":"result","fields":[0,0,0,0],"id":232718507966467,"type":105}
@nix {"action":"result","fields":[101,0],"id":232718507966465,"type":106}
@nix {"action":"result","fields":[100,0],"id":232718507966465,"type":106}
@nix {"action":"start","fields":["/Users/hetzner/obrador-shared-pins-20260909/round-1-baseline/chain-round-1-jobs-8/store/0fr1k588fryjcw8bi9m3ikxqn74fqxbb-leaf-13.drv.drv","",1,1],"id":232718507966507,"level":3,"parent":0,"text":"building '/Users/hetzner/obrador-shared-pins-20260909/round-1-baseline/chain-round-1-jobs-8/store/0fr1k588fryjcw8bi9m3ikxqn74fqxbb-leaf-13.drv.drv'","type":105}
@nix {"action":"result","fields":[38,58,1,0],"id":232718507966466,"type":105}
@nix {"action":"result","fields":[0,0,0,0],"id":232718507966467,"type":105}
@nix {"action":"result","fields":[101,0],"id":232718507966465,"type":106}
@nix {"action":"result","fields":[100,0],"id":232718507966465,"type":106}
@nix {"action":"result","fields":[39,59,0,0],"id":232718507966466,"type":105}
@nix {"action":"result","fields":[0,0,0,0],"id":232718507966467,"type":105}
@nix {"action":"result","fields":[101,0],"id":232718507966465,"type":106}
@nix {"action":"result","fields":[100,0],"id":232718507966465,"type":106}
@nix {"action":"stop","id":232718507966507}
@nix {"action":"result","fields":[40,59,0,0],"id":232718507966466,"type":105}
@nix {"action":"result","fields":[0,0,0,0],"id":232718507966467,"type":105}
@nix {"action":"result","fields":[101,0],"id":232718507966465,"type":106}
@nix {"action":"result","fields":[100,0],"id":232718507966465,"type":106}
@nix {"action":"stop","id":232718507966506}
@nix {"action":"result","fields":[40,59,0,0],"id":232718507966466,"type":105}
@nix {"action":"result","fields":[0,0,0,0],"id":232718507966467,"type":105}
@nix {"action":"result","fields":[101,0],"id":232718507966465,"type":106}
@nix {"action":"result","fields":[100,0],"id":232718507966465,"type":106}
@nix {"action":"start","fields":["/Users/hetzner/obrador-shared-pins-20260909/round-1-baseline/chain-round-1-jobs-8/store/dri2ck9kfnaqwkvi0lgf8xpl364nnlbs-leaf-13.drv","",1,1],"id":232718507966508,"level":3,"parent":0,"text":"building '/Users/hetzner/obrador-shared-pins-20260909/round-1-baseline/chain-round-1-jobs-8/store/dri2ck9kfnaqwkvi0lgf8xpl364nnlbs-leaf-13.drv'","type":105}
@nix {"action":"result","fields":[40,59,1,0],"id":232718507966466,"type":105}
@nix {"action":"result","fields":[0,0,0,0],"id":232718507966467,"type":105}
@nix {"action":"result","fields":[101,0],"id":232718507966465,"type":106}
@nix {"action":"result","fields":[100,0],"id":232718507966465,"type":106}
@nix {"action":"result","fields":[41,60,0,0],"id":232718507966466,"type":105}
@nix {"action":"result","fields":[0,0,0,0],"id":232718507966467,"type":105}
@nix {"action":"result","fields":[101,0],"id":232718507966465,"type":106}
@nix {"action":"result","fields":[100,0],"id":232718507966465,"type":106}
@nix {"action":"stop","id":232718507966508}
@nix {"action":"start","fields":["/Users/hetzner/obrador-shared-pins-20260909/round-1-baseline/chain-round-1-jobs-8/store/1fkw9cgsgqzar3gyhggb27fc862vyi82-leaf-14.drv.drv","/Users/hetzner/obrador-shared-pins-20260909/round-1-baseline/chain-round-1-jobs-8/store/nfkz079xh6sx0ajnp5a29s92wgcarrgf-leaf-14.drv.drv"],"id":232718507966509,"level":3,"parent":0,"text":"resolved derivation: '/Users/hetzner/obrador-shared-pins-20260909/round-1-baseline/chain-round-1-jobs-8/store/1fkw9cgsgqzar3gyhggb27fc862vyi82-leaf-14.drv.drv' -> '/Users/hetzner/obrador-shared-pins-20260909/round-1-baseline/chain-round-1-jobs-8/store/nfkz079xh6sx0ajnp5a29s92wgcarrgf-leaf-14.drv.drv'","type":111}
@nix {"action":"result","fields":[41,60,0,0],"id":232718507966466,"type":105}
@nix {"action":"result","fields":[0,0,0,0],"id":232718507966467,"type":105}
@nix {"action":"result","fields":[101,0],"id":232718507966465,"type":106}
@nix {"action":"result","fields":[100,0],"id":232718507966465,"type":106}
@nix {"action":"start","fields":["/Users/hetzner/obrador-shared-pins-20260909/round-1-baseline/chain-round-1-jobs-8/store/nfkz079xh6sx0ajnp5a29s92wgcarrgf-leaf-14.drv.drv","",1,1],"id":232718507966510,"level":3,"parent":0,"text":"building '/Users/hetzner/obrador-shared-pins-20260909/round-1-baseline/chain-round-1-jobs-8/store/nfkz079xh6sx0ajnp5a29s92wgcarrgf-leaf-14.drv.drv'","type":105}
@nix {"action":"result","fields":[41,60,1,0],"id":232718507966466,"type":105}
@nix {"action":"result","fields":[0,0,0,0],"id":232718507966467,"type":105}
@nix {"action":"result","fields":[101,0],"id":232718507966465,"type":106}
@nix {"action":"result","fields":[100,0],"id":232718507966465,"type":106}
@nix {"action":"result","fields":[42,61,0,0],"id":232718507966466,"type":105}
@nix {"action":"result","fields":[0,0,0,0],"id":232718507966467,"type":105}
@nix {"action":"result","fields":[101,0],"id":232718507966465,"type":106}
@nix {"action":"result","fields":[100,0],"id":232718507966465,"type":106}
@nix {"action":"stop","id":232718507966510}
@nix {"action":"result","fields":[43,61,0,0],"id":232718507966466,"type":105}
@nix {"action":"result","fields":[0,0,0,0],"id":232718507966467,"type":105}
@nix {"action":"result","fields":[101,0],"id":232718507966465,"type":106}
@nix {"action":"result","fields":[100,0],"id":232718507966465,"type":106}
@nix {"action":"stop","id":232718507966509}
@nix {"action":"result","fields":[43,61,0,0],"id":232718507966466,"type":105}
@nix {"action":"result","fields":[0,0,0,0],"id":232718507966467,"type":105}
@nix {"action":"result","fields":[101,0],"id":232718507966465,"type":106}
@nix {"action":"result","fields":[100,0],"id":232718507966465,"type":106}
@nix {"action":"start","fields":["/Users/hetzner/obrador-shared-pins-20260909/round-1-baseline/chain-round-1-jobs-8/store/jrgwjw9l7qg2anmjrrvgp5vw1flvldq6-leaf-14.drv","",1,1],"id":232718507966511,"level":3,"parent":0,"text":"building '/Users/hetzner/obrador-shared-pins-20260909/round-1-baseline/chain-round-1-jobs-8/store/jrgwjw9l7qg2anmjrrvgp5vw1flvldq6-leaf-14.drv'","type":105}
@nix {"action":"result","fields":[43,61,1,0],"id":232718507966466,"type":105}
@nix {"action":"result","fields":[0,0,0,0],"id":232718507966467,"type":105}
@nix {"action":"result","fields":[101,0],"id":232718507966465,"type":106}
@nix {"action":"result","fields":[100,0],"id":232718507966465,"type":106}
@nix {"action":"result","fields":[44,62,0,0],"id":232718507966466,"type":105}
@nix {"action":"result","fields":[0,0,0,0],"id":232718507966467,"type":105}
@nix {"action":"result","fields":[101,0],"id":232718507966465,"type":106}
@nix {"action":"result","fields":[100,0],"id":232718507966465,"type":106}
@nix {"action":"stop","id":232718507966511}
@nix {"action":"start","fields":["/Users/hetzner/obrador-shared-pins-20260909/round-1-baseline/chain-round-1-jobs-8/store/1i2kkvrw7mw6pxm10wwa9bfk822acqpc-leaf-15.drv.drv","/Users/hetzner/obrador-shared-pins-20260909/round-1-baseline/chain-round-1-jobs-8/store/h40zzqpa68bj8jnmbzw6xgkaskvfpwam-leaf-15.drv.drv"],"id":232718507966512,"level":3,"parent":0,"text":"resolved derivation: '/Users/hetzner/obrador-shared-pins-20260909/round-1-baseline/chain-round-1-jobs-8/store/1i2kkvrw7mw6pxm10wwa9bfk822acqpc-leaf-15.drv.drv' -> '/Users/hetzner/obrador-shared-pins-20260909/round-1-baseline/chain-round-1-jobs-8/store/h40zzqpa68bj8jnmbzw6xgkaskvfpwam-leaf-15.drv.drv'","type":111}
@nix {"action":"result","fields":[44,62,0,0],"id":232718507966466,"type":105}
@nix {"action":"result","fields":[0,0,0,0],"id":232718507966467,"type":105}
@nix {"action":"result","fields":[101,0],"id":232718507966465,"type":106}
@nix {"action":"result","fields":[100,0],"id":232718507966465,"type":106}
@nix {"action":"start","fields":["/Users/hetzner/obrador-shared-pins-20260909/round-1-baseline/chain-round-1-jobs-8/store/h40zzqpa68bj8jnmbzw6xgkaskvfpwam-leaf-15.drv.drv","",1,1],"id":232718507966513,"level":3,"parent":0,"text":"building '/Users/hetzner/obrador-shared-pins-20260909/round-1-baseline/chain-round-1-jobs-8/store/h40zzqpa68bj8jnmbzw6xgkaskvfpwam-leaf-15.drv.drv'","type":105}
@nix {"action":"result","fields":[44,62,1,0],"id":232718507966466,"type":105}
@nix {"action":"result","fields":[0,0,0,0],"id":232718507966467,"type":105}
@nix {"action":"result","fields":[101,0],"id":232718507966465,"type":106}
@nix {"action":"result","fields":[100,0],"id":232718507966465,"type":106}
@nix {"action":"result","fields":[45,63,0,0],"id":232718507966466,"type":105}
@nix {"action":"result","fields":[0,0,0,0],"id":232718507966467,"type":105}
@nix {"action":"result","fields":[101,0],"id":232718507966465,"type":106}
@nix {"action":"result","fields":[100,0],"id":232718507966465,"type":106}
@nix {"action":"stop","id":232718507966513}
@nix {"action":"result","fields":[46,63,0,0],"id":232718507966466,"type":105}
@nix {"action":"result","fields":[0,0,0,0],"id":232718507966467,"type":105}
@nix {"action":"result","fields":[101,0],"id":232718507966465,"type":106}
@nix {"action":"result","fields":[100,0],"id":232718507966465,"type":106}
@nix {"action":"stop","id":232718507966512}
@nix {"action":"result","fields":[46,63,0,0],"id":232718507966466,"type":105}
@nix {"action":"result","fields":[0,0,0,0],"id":232718507966467,"type":105}
@nix {"action":"result","fields":[101,0],"id":232718507966465,"type":106}
@nix {"action":"result","fields":[100,0],"id":232718507966465,"type":106}
@nix {"action":"start","fields":["/Users/hetzner/obrador-shared-pins-20260909/round-1-baseline/chain-round-1-jobs-8/store/hs8l6ky88m0j1z25fp8wc8z0mscjpdd7-leaf-15.drv","",1,1],"id":232718507966514,"level":3,"parent":0,"text":"building '/Users/hetzner/obrador-shared-pins-20260909/round-1-baseline/chain-round-1-jobs-8/store/hs8l6ky88m0j1z25fp8wc8z0mscjpdd7-leaf-15.drv'","type":105}
@nix {"action":"result","fields":[46,63,1,0],"id":232718507966466,"type":105}
@nix {"action":"result","fields":[0,0,0,0],"id":232718507966467,"type":105}
@nix {"action":"result","fields":[101,0],"id":232718507966465,"type":106}
@nix {"action":"result","fields":[100,0],"id":232718507966465,"type":106}
@nix {"action":"result","fields":[47,64,0,0],"id":232718507966466,"type":105}
@nix {"action":"result","fields":[0,0,0,0],"id":232718507966467,"type":105}
@nix {"action":"result","fields":[101,0],"id":232718507966465,"type":106}
@nix {"action":"result","fields":[100,0],"id":232718507966465,"type":106}
@nix {"action":"stop","id":232718507966514}
@nix {"action":"start","fields":["/Users/hetzner/obrador-shared-pins-20260909/round-1-baseline/chain-round-1-jobs-8/store/rrq3v3x49jv5pwl97zpinvqm0ihzsgh4-leaf-16.drv.drv","/Users/hetzner/obrador-shared-pins-20260909/round-1-baseline/chain-round-1-jobs-8/store/gxdx0xklgqcbx44d81j7vnyj3idw42rr-leaf-16.drv.drv"],"id":232718507966515,"level":3,"parent":0,"text":"resolved derivation: '/Users/hetzner/obrador-shared-pins-20260909/round-1-baseline/chain-round-1-jobs-8/store/rrq3v3x49jv5pwl97zpinvqm0ihzsgh4-leaf-16.drv.drv' -> '/Users/hetzner/obrador-shared-pins-20260909/round-1-baseline/chain-round-1-jobs-8/store/gxdx0xklgqcbx44d81j7vnyj3idw42rr-leaf-16.drv.drv'","type":111}
@nix {"action":"result","fields":[47,64,0,0],"id":232718507966466,"type":105}
@nix {"action":"result","fields":[0,0,0,0],"id":232718507966467,"type":105}
@nix {"action":"result","fields":[101,0],"id":232718507966465,"type":106}
@nix {"action":"result","fields":[100,0],"id":232718507966465,"type":106}
@nix {"action":"start","fields":["/Users/hetzner/obrador-shared-pins-20260909/round-1-baseline/chain-round-1-jobs-8/store/gxdx0xklgqcbx44d81j7vnyj3idw42rr-leaf-16.drv.drv","",1,1],"id":232718507966516,"level":3,"parent":0,"text":"building '/Users/hetzner/obrador-shared-pins-20260909/round-1-baseline/chain-round-1-jobs-8/store/gxdx0xklgqcbx44d81j7vnyj3idw42rr-leaf-16.drv.drv'","type":105}
@nix {"action":"result","fields":[47,64,1,0],"id":232718507966466,"type":105}
@nix {"action":"result","fields":[0,0,0,0],"id":232718507966467,"type":105}
@nix {"action":"result","fields":[101,0],"id":232718507966465,"type":106}
@nix {"action":"result","fields":[100,0],"id":232718507966465,"type":106}
@nix {"action":"result","fields":[48,65,0,0],"id":232718507966466,"type":105}
@nix {"action":"result","fields":[0,0,0,0],"id":232718507966467,"type":105}
@nix {"action":"result","fields":[101,0],"id":232718507966465,"type":106}
@nix {"action":"result","fields":[100,0],"id":232718507966465,"type":106}
@nix {"action":"stop","id":232718507966516}
@nix {"action":"result","fields":[49,65,0,0],"id":232718507966466,"type":105}
@nix {"action":"result","fields":[0,0,0,0],"id":232718507966467,"type":105}
@nix {"action":"result","fields":[101,0],"id":232718507966465,"type":106}
@nix {"action":"result","fields":[100,0],"id":232718507966465,"type":106}
@nix {"action":"stop","id":232718507966515}
@nix {"action":"result","fields":[49,65,0,0],"id":232718507966466,"type":105}
@nix {"action":"result","fields":[0,0,0,0],"id":232718507966467,"type":105}
@nix {"action":"result","fields":[101,0],"id":232718507966465,"type":106}
@nix {"action":"result","fields":[100,0],"id":232718507966465,"type":106}
@nix {"action":"start","fields":["/Users/hetzner/obrador-shared-pins-20260909/round-1-baseline/chain-round-1-jobs-8/store/q72agyknf63y8817djkqfsqsgxax3j8d-leaf-16.drv","",1,1],"id":232718507966517,"level":3,"parent":0,"text":"building '/Users/hetzner/obrador-shared-pins-20260909/round-1-baseline/chain-round-1-jobs-8/store/q72agyknf63y8817djkqfsqsgxax3j8d-leaf-16.drv'","type":105}
@nix {"action":"result","fields":[49,65,1,0],"id":232718507966466,"type":105}
@nix {"action":"result","fields":[0,0,0,0],"id":232718507966467,"type":105}
@nix {"action":"result","fields":[101,0],"id":232718507966465,"type":106}
@nix {"action":"result","fields":[100,0],"id":232718507966465,"type":106}
@nix {"action":"result","fields":[50,66,0,0],"id":232718507966466,"type":105}
@nix {"action":"result","fields":[0,0,0,0],"id":232718507966467,"type":105}
@nix {"action":"result","fields":[101,0],"id":232718507966465,"type":106}
@nix {"action":"result","fields":[100,0],"id":232718507966465,"type":106}
@nix {"action":"stop","id":232718507966517}
@nix {"action":"start","fields":["/Users/hetzner/obrador-shared-pins-20260909/round-1-baseline/chain-round-1-jobs-8/store/l8f0pchkzfqsbg588hcgskcvnp4rv80m-leaf-17.drv.drv","/Users/hetzner/obrador-shared-pins-20260909/round-1-baseline/chain-round-1-jobs-8/store/kid9a75cnr804fl9xwf9vr7c74ggk3zf-leaf-17.drv.drv"],"id":232718507966518,"level":3,"parent":0,"text":"resolved derivation: '/Users/hetzner/obrador-shared-pins-20260909/round-1-baseline/chain-round-1-jobs-8/store/l8f0pchkzfqsbg588hcgskcvnp4rv80m-leaf-17.drv.drv' -> '/Users/hetzner/obrador-shared-pins-20260909/round-1-baseline/chain-round-1-jobs-8/store/kid9a75cnr804fl9xwf9vr7c74ggk3zf-leaf-17.drv.drv'","type":111}
@nix {"action":"result","fields":[50,66,0,0],"id":232718507966466,"type":105}
@nix {"action":"result","fields":[0,0,0,0],"id":232718507966467,"type":105}
@nix {"action":"result","fields":[101,0],"id":232718507966465,"type":106}
@nix {"action":"result","fields":[100,0],"id":232718507966465,"type":106}
@nix {"action":"start","fields":["/Users/hetzner/obrador-shared-pins-20260909/round-1-baseline/chain-round-1-jobs-8/store/kid9a75cnr804fl9xwf9vr7c74ggk3zf-leaf-17.drv.drv","",1,1],"id":232718507966519,"level":3,"parent":0,"text":"building '/Users/hetzner/obrador-shared-pins-20260909/round-1-baseline/chain-round-1-jobs-8/store/kid9a75cnr804fl9xwf9vr7c74ggk3zf-leaf-17.drv.drv'","type":105}
@nix {"action":"result","fields":[50,66,1,0],"id":232718507966466,"type":105}
@nix {"action":"result","fields":[0,0,0,0],"id":232718507966467,"type":105}
@nix {"action":"result","fields":[101,0],"id":232718507966465,"type":106}
@nix {"action":"result","fields":[100,0],"id":232718507966465,"type":106}
@nix {"action":"result","fields":[51,67,0,0],"id":232718507966466,"type":105}
@nix {"action":"result","fields":[0,0,0,0],"id":232718507966467,"type":105}
@nix {"action":"result","fields":[101,0],"id":232718507966465,"type":106}
@nix {"action":"result","fields":[100,0],"id":232718507966465,"type":106}
@nix {"action":"stop","id":232718507966519}
@nix {"action":"result","fields":[52,67,0,0],"id":232718507966466,"type":105}
@nix {"action":"result","fields":[0,0,0,0],"id":232718507966467,"type":105}
@nix {"action":"result","fields":[101,0],"id":232718507966465,"type":106}
@nix {"action":"result","fields":[100,0],"id":232718507966465,"type":106}
@nix {"action":"stop","id":232718507966518}
@nix {"action":"result","fields":[52,67,0,0],"id":232718507966466,"type":105}
@nix {"action":"result","fields":[0,0,0,0],"id":232718507966467,"type":105}
@nix {"action":"result","fields":[101,0],"id":232718507966465,"type":106}
@nix {"action":"result","fields":[100,0],"id":232718507966465,"type":106}
@nix {"action":"start","fields":["/Users/hetzner/obrador-shared-pins-20260909/round-1-baseline/chain-round-1-jobs-8/store/yjdpcsmv7gqphviav451h712jrc5j741-leaf-17.drv","",1,1],"id":232718507966520,"level":3,"parent":0,"text":"building '/Users/hetzner/obrador-shared-pins-20260909/round-1-baseline/chain-round-1-jobs-8/store/yjdpcsmv7gqphviav451h712jrc5j741-leaf-17.drv'","type":105}
@nix {"action":"result","fields":[52,67,1,0],"id":232718507966466,"type":105}
@nix {"action":"result","fields":[0,0,0,0],"id":232718507966467,"type":105}
@nix {"action":"result","fields":[101,0],"id":232718507966465,"type":106}
@nix {"action":"result","fields":[100,0],"id":232718507966465,"type":106}
@nix {"action":"result","fields":[53,68,0,0],"id":232718507966466,"type":105}
@nix {"action":"result","fields":[0,0,0,0],"id":232718507966467,"type":105}
@nix {"action":"result","fields":[101,0],"id":232718507966465,"type":106}
@nix {"action":"result","fields":[100,0],"id":232718507966465,"type":106}
@nix {"action":"stop","id":232718507966520}
@nix {"action":"start","fields":["/Users/hetzner/obrador-shared-pins-20260909/round-1-baseline/chain-round-1-jobs-8/store/d6yil5fa5d3s0ijkyx6gg75d91p5d666-leaf-18.drv.drv","/Users/hetzner/obrador-shared-pins-20260909/round-1-baseline/chain-round-1-jobs-8/store/bs1mdmhgmjjnknh5dnx0q9a3y5jrykip-leaf-18.drv.drv"],"id":232718507966521,"level":3,"parent":0,"text":"resolved derivation: '/Users/hetzner/obrador-shared-pins-20260909/round-1-baseline/chain-round-1-jobs-8/store/d6yil5fa5d3s0ijkyx6gg75d91p5d666-leaf-18.drv.drv' -> '/Users/hetzner/obrador-shared-pins-20260909/round-1-baseline/chain-round-1-jobs-8/store/bs1mdmhgmjjnknh5dnx0q9a3y5jrykip-leaf-18.drv.drv'","type":111}
@nix {"action":"result","fields":[53,68,0,0],"id":232718507966466,"type":105}
@nix {"action":"result","fields":[0,0,0,0],"id":232718507966467,"type":105}
@nix {"action":"result","fields":[101,0],"id":232718507966465,"type":106}
@nix {"action":"result","fields":[100,0],"id":232718507966465,"type":106}
@nix {"action":"start","fields":["/Users/hetzner/obrador-shared-pins-20260909/round-1-baseline/chain-round-1-jobs-8/store/bs1mdmhgmjjnknh5dnx0q9a3y5jrykip-leaf-18.drv.drv","",1,1],"id":232718507966522,"level":3,"parent":0,"text":"building '/Users/hetzner/obrador-shared-pins-20260909/round-1-baseline/chain-round-1-jobs-8/store/bs1mdmhgmjjnknh5dnx0q9a3y5jrykip-leaf-18.drv.drv'","type":105}
@nix {"action":"result","fields":[53,68,1,0],"id":232718507966466,"type":105}
@nix {"action":"result","fields":[0,0,0,0],"id":232718507966467,"type":105}
@nix {"action":"result","fields":[101,0],"id":232718507966465,"type":106}
@nix {"action":"result","fields":[100,0],"id":232718507966465,"type":106}
@nix {"action":"result","fields":[54,69,0,0],"id":232718507966466,"type":105}
@nix {"action":"result","fields":[0,0,0,0],"id":232718507966467,"type":105}
@nix {"action":"result","fields":[101,0],"id":232718507966465,"type":106}
@nix {"action":"result","fields":[100,0],"id":232718507966465,"type":106}
@nix {"action":"stop","id":232718507966522}
@nix {"action":"result","fields":[55,69,0,0],"id":232718507966466,"type":105}
@nix {"action":"result","fields":[0,0,0,0],"id":232718507966467,"type":105}
@nix {"action":"result","fields":[101,0],"id":232718507966465,"type":106}
@nix {"action":"result","fields":[100,0],"id":232718507966465,"type":106}
@nix {"action":"stop","id":232718507966521}
@nix {"action":"result","fields":[55,69,0,0],"id":232718507966466,"type":105}
@nix {"action":"result","fields":[0,0,0,0],"id":232718507966467,"type":105}
@nix {"action":"result","fields":[101,0],"id":232718507966465,"type":106}
@nix {"action":"result","fields":[100,0],"id":232718507966465,"type":106}
@nix {"action":"start","fields":["/Users/hetzner/obrador-shared-pins-20260909/round-1-baseline/chain-round-1-jobs-8/store/mqn7g057aprjk74cmxm92swgkzhp9biw-leaf-18.drv","",1,1],"id":232718507966523,"level":3,"parent":0,"text":"building '/Users/hetzner/obrador-shared-pins-20260909/round-1-baseline/chain-round-1-jobs-8/store/mqn7g057aprjk74cmxm92swgkzhp9biw-leaf-18.drv'","type":105}
@nix {"action":"result","fields":[55,69,1,0],"id":232718507966466,"type":105}
@nix {"action":"result","fields":[0,0,0,0],"id":232718507966467,"type":105}
@nix {"action":"result","fields":[101,0],"id":232718507966465,"type":106}
@nix {"action":"result","fields":[100,0],"id":232718507966465,"type":106}
@nix {"action":"result","fields":[56,70,0,0],"id":232718507966466,"type":105}
@nix {"action":"result","fields":[0,0,0,0],"id":232718507966467,"type":105}
@nix {"action":"result","fields":[101,0],"id":232718507966465,"type":106}
@nix {"action":"result","fields":[100,0],"id":232718507966465,"type":106}
@nix {"action":"stop","id":232718507966523}
@nix {"action":"start","fields":["/Users/hetzner/obrador-shared-pins-20260909/round-1-baseline/chain-round-1-jobs-8/store/mkacal8bw67ww59afs8phriw9aksshx1-leaf-19.drv.drv","/Users/hetzner/obrador-shared-pins-20260909/round-1-baseline/chain-round-1-jobs-8/store/67krf4hzn5njwr317ya3kf7m7snz2fhh-leaf-19.drv.drv"],"id":232718507966524,"level":3,"parent":0,"text":"resolved derivation: '/Users/hetzner/obrador-shared-pins-20260909/round-1-baseline/chain-round-1-jobs-8/store/mkacal8bw67ww59afs8phriw9aksshx1-leaf-19.drv.drv' -> '/Users/hetzner/obrador-shared-pins-20260909/round-1-baseline/chain-round-1-jobs-8/store/67krf4hzn5njwr317ya3kf7m7snz2fhh-leaf-19.drv.drv'","type":111}
@nix {"action":"result","fields":[56,70,0,0],"id":232718507966466,"type":105}
@nix {"action":"result","fields":[0,0,0,0],"id":232718507966467,"type":105}
@nix {"action":"result","fields":[101,0],"id":232718507966465,"type":106}
@nix {"action":"result","fields":[100,0],"id":232718507966465,"type":106}
@nix {"action":"start","fields":["/Users/hetzner/obrador-shared-pins-20260909/round-1-baseline/chain-round-1-jobs-8/store/67krf4hzn5njwr317ya3kf7m7snz2fhh-leaf-19.drv.drv","",1,1],"id":232718507966525,"level":3,"parent":0,"text":"building '/Users/hetzner/obrador-shared-pins-20260909/round-1-baseline/chain-round-1-jobs-8/store/67krf4hzn5njwr317ya3kf7m7snz2fhh-leaf-19.drv.drv'","type":105}
@nix {"action":"result","fields":[56,70,1,0],"id":232718507966466,"type":105}
@nix {"action":"result","fields":[0,0,0,0],"id":232718507966467,"type":105}
@nix {"action":"result","fields":[101,0],"id":232718507966465,"type":106}
@nix {"action":"result","fields":[100,0],"id":232718507966465,"type":106}
@nix {"action":"result","fields":[57,71,0,0],"id":232718507966466,"type":105}
@nix {"action":"result","fields":[0,0,0,0],"id":232718507966467,"type":105}
@nix {"action":"result","fields":[101,0],"id":232718507966465,"type":106}
@nix {"action":"result","fields":[100,0],"id":232718507966465,"type":106}
@nix {"action":"stop","id":232718507966525}
@nix {"action":"result","fields":[58,71,0,0],"id":232718507966466,"type":105}
@nix {"action":"result","fields":[0,0,0,0],"id":232718507966467,"type":105}
@nix {"action":"result","fields":[101,0],"id":232718507966465,"type":106}
@nix {"action":"result","fields":[100,0],"id":232718507966465,"type":106}
@nix {"action":"stop","id":232718507966524}
@nix {"action":"result","fields":[58,71,0,0],"id":232718507966466,"type":105}
@nix {"action":"result","fields":[0,0,0,0],"id":232718507966467,"type":105}
@nix {"action":"result","fields":[101,0],"id":232718507966465,"type":106}
@nix {"action":"result","fields":[100,0],"id":232718507966465,"type":106}
@nix {"action":"start","fields":["/Users/hetzner/obrador-shared-pins-20260909/round-1-baseline/chain-round-1-jobs-8/store/67nlm7dw16lwk8vizy2kv62rxf1fg71y-leaf-19.drv","",1,1],"id":232718507966526,"level":3,"parent":0,"text":"building '/Users/hetzner/obrador-shared-pins-20260909/round-1-baseline/chain-round-1-jobs-8/store/67nlm7dw16lwk8vizy2kv62rxf1fg71y-leaf-19.drv'","type":105}
@nix {"action":"result","fields":[58,71,1,0],"id":232718507966466,"type":105}
@nix {"action":"result","fields":[0,0,0,0],"id":232718507966467,"type":105}
@nix {"action":"result","fields":[101,0],"id":232718507966465,"type":106}
@nix {"action":"result","fields":[100,0],"id":232718507966465,"type":106}
@nix {"action":"result","fields":[59,72,0,0],"id":232718507966466,"type":105}
@nix {"action":"result","fields":[0,0,0,0],"id":232718507966467,"type":105}
@nix {"action":"result","fields":[101,0],"id":232718507966465,"type":106}
@nix {"action":"result","fields":[100,0],"id":232718507966465,"type":106}
@nix {"action":"stop","id":232718507966526}
@nix {"action":"start","fields":["/Users/hetzner/obrador-shared-pins-20260909/round-1-baseline/chain-round-1-jobs-8/store/kmym2a6lyd3yagcgv2rm8qlqdpaf6d81-leaf-20.drv.drv","/Users/hetzner/obrador-shared-pins-20260909/round-1-baseline/chain-round-1-jobs-8/store/i7fv2raii1xi6rdps8r9plp6xnkcj90k-leaf-20.drv.drv"],"id":232718507966527,"level":3,"parent":0,"text":"resolved derivation: '/Users/hetzner/obrador-shared-pins-20260909/round-1-baseline/chain-round-1-jobs-8/store/kmym2a6lyd3yagcgv2rm8qlqdpaf6d81-leaf-20.drv.drv' -> '/Users/hetzner/obrador-shared-pins-20260909/round-1-baseline/chain-round-1-jobs-8/store/i7fv2raii1xi6rdps8r9plp6xnkcj90k-leaf-20.drv.drv'","type":111}
@nix {"action":"result","fields":[59,72,0,0],"id":232718507966466,"type":105}
@nix {"action":"result","fields":[0,0,0,0],"id":232718507966467,"type":105}
@nix {"action":"result","fields":[101,0],"id":232718507966465,"type":106}
@nix {"action":"result","fields":[100,0],"id":232718507966465,"type":106}
@nix {"action":"start","fields":["/Users/hetzner/obrador-shared-pins-20260909/round-1-baseline/chain-round-1-jobs-8/store/i7fv2raii1xi6rdps8r9plp6xnkcj90k-leaf-20.drv.drv","",1,1],"id":232718507966528,"level":3,"parent":0,"text":"building '/Users/hetzner/obrador-shared-pins-20260909/round-1-baseline/chain-round-1-jobs-8/store/i7fv2raii1xi6rdps8r9plp6xnkcj90k-leaf-20.drv.drv'","type":105}
@nix {"action":"result","fields":[59,72,1,0],"id":232718507966466,"type":105}
@nix {"action":"result","fields":[0,0,0,0],"id":232718507966467,"type":105}
@nix {"action":"result","fields":[101,0],"id":232718507966465,"type":106}
@nix {"action":"result","fields":[100,0],"id":232718507966465,"type":106}
@nix {"action":"result","fields":[60,73,0,0],"id":232718507966466,"type":105}
@nix {"action":"result","fields":[0,0,0,0],"id":232718507966467,"type":105}
@nix {"action":"result","fields":[101,0],"id":232718507966465,"type":106}
@nix {"action":"result","fields":[100,0],"id":232718507966465,"type":106}
@nix {"action":"stop","id":232718507966528}
@nix {"action":"result","fields":[61,73,0,0],"id":232718507966466,"type":105}
@nix {"action":"result","fields":[0,0,0,0],"id":232718507966467,"type":105}
@nix {"action":"result","fields":[101,0],"id":232718507966465,"type":106}
@nix {"action":"result","fields":[100,0],"id":232718507966465,"type":106}
@nix {"action":"stop","id":232718507966527}
@nix {"action":"result","fields":[61,73,0,0],"id":232718507966466,"type":105}
@nix {"action":"result","fields":[0,0,0,0],"id":232718507966467,"type":105}
@nix {"action":"result","fields":[101,0],"id":232718507966465,"type":106}
@nix {"action":"result","fields":[100,0],"id":232718507966465,"type":106}
@nix {"action":"start","fields":["/Users/hetzner/obrador-shared-pins-20260909/round-1-baseline/chain-round-1-jobs-8/store/kf9mvplrvfd3jg6pm5nxbfl0wckjycjr-leaf-20.drv","",1,1],"id":232718507966529,"level":3,"parent":0,"text":"building '/Users/hetzner/obrador-shared-pins-20260909/round-1-baseline/chain-round-1-jobs-8/store/kf9mvplrvfd3jg6pm5nxbfl0wckjycjr-leaf-20.drv'","type":105}
@nix {"action":"result","fields":[61,73,1,0],"id":232718507966466,"type":105}
@nix {"action":"result","fields":[0,0,0,0],"id":232718507966467,"type":105}
@nix {"action":"result","fields":[101,0],"id":232718507966465,"type":106}
@nix {"action":"result","fields":[100,0],"id":232718507966465,"type":106}
@nix {"action":"result","fields":[62,74,0,0],"id":232718507966466,"type":105}
@nix {"action":"result","fields":[0,0,0,0],"id":232718507966467,"type":105}
@nix {"action":"result","fields":[101,0],"id":232718507966465,"type":106}
@nix {"action":"result","fields":[100,0],"id":232718507966465,"type":106}
@nix {"action":"stop","id":232718507966529}
@nix {"action":"start","fields":["/Users/hetzner/obrador-shared-pins-20260909/round-1-baseline/chain-round-1-jobs-8/store/6l74f6513dsqjiyxvk4mzh12ahak52if-leaf-21.drv.drv","/Users/hetzner/obrador-shared-pins-20260909/round-1-baseline/chain-round-1-jobs-8/store/5hnfdq56bvnnbwcksz1dkrxqb0yz95d3-leaf-21.drv.drv"],"id":232718507966530,"level":3,"parent":0,"text":"resolved derivation: '/Users/hetzner/obrador-shared-pins-20260909/round-1-baseline/chain-round-1-jobs-8/store/6l74f6513dsqjiyxvk4mzh12ahak52if-leaf-21.drv.drv' -> '/Users/hetzner/obrador-shared-pins-20260909/round-1-baseline/chain-round-1-jobs-8/store/5hnfdq56bvnnbwcksz1dkrxqb0yz95d3-leaf-21.drv.drv'","type":111}
@nix {"action":"result","fields":[62,74,0,0],"id":232718507966466,"type":105}
@nix {"action":"result","fields":[0,0,0,0],"id":232718507966467,"type":105}
@nix {"action":"result","fields":[101,0],"id":232718507966465,"type":106}
@nix {"action":"result","fields":[100,0],"id":232718507966465,"type":106}
@nix {"action":"start","fields":["/Users/hetzner/obrador-shared-pins-20260909/round-1-baseline/chain-round-1-jobs-8/store/5hnfdq56bvnnbwcksz1dkrxqb0yz95d3-leaf-21.drv.drv","",1,1],"id":232718507966531,"level":3,"parent":0,"text":"building '/Users/hetzner/obrador-shared-pins-20260909/round-1-baseline/chain-round-1-jobs-8/store/5hnfdq56bvnnbwcksz1dkrxqb0yz95d3-leaf-21.drv.drv'","type":105}
@nix {"action":"result","fields":[62,74,1,0],"id":232718507966466,"type":105}
@nix {"action":"result","fields":[0,0,0,0],"id":232718507966467,"type":105}
@nix {"action":"result","fields":[101,0],"id":232718507966465,"type":106}
@nix {"action":"result","fields":[100,0],"id":232718507966465,"type":106}
@nix {"action":"result","fields":[63,75,0,0],"id":232718507966466,"type":105}
@nix {"action":"result","fields":[0,0,0,0],"id":232718507966467,"type":105}
@nix {"action":"result","fields":[101,0],"id":232718507966465,"type":106}
@nix {"action":"result","fields":[100,0],"id":232718507966465,"type":106}
@nix {"action":"stop","id":232718507966531}
@nix {"action":"result","fields":[64,75,0,0],"id":232718507966466,"type":105}
@nix {"action":"result","fields":[0,0,0,0],"id":232718507966467,"type":105}
@nix {"action":"result","fields":[101,0],"id":232718507966465,"type":106}
@nix {"action":"result","fields":[100,0],"id":232718507966465,"type":106}
@nix {"action":"stop","id":232718507966530}
@nix {"action":"result","fields":[64,75,0,0],"id":232718507966466,"type":105}
@nix {"action":"result","fields":[0,0,0,0],"id":232718507966467,"type":105}
@nix {"action":"result","fields":[101,0],"id":232718507966465,"type":106}
@nix {"action":"result","fields":[100,0],"id":232718507966465,"type":106}
@nix {"action":"start","fields":["/Users/hetzner/obrador-shared-pins-20260909/round-1-baseline/chain-round-1-jobs-8/store/j586w696avcscnfp0790lhp4q5p19qva-leaf-21.drv","",1,1],"id":232718507966532,"level":3,"parent":0,"text":"building '/Users/hetzner/obrador-shared-pins-20260909/round-1-baseline/chain-round-1-jobs-8/store/j586w696avcscnfp0790lhp4q5p19qva-leaf-21.drv'","type":105}
@nix {"action":"result","fields":[64,75,1,0],"id":232718507966466,"type":105}
@nix {"action":"result","fields":[0,0,0,0],"id":232718507966467,"type":105}
@nix {"action":"result","fields":[101,0],"id":232718507966465,"type":106}
@nix {"action":"result","fields":[100,0],"id":232718507966465,"type":106}
@nix {"action":"result","fields":[65,76,0,0],"id":232718507966466,"type":105}
@nix {"action":"result","fields":[0,0,0,0],"id":232718507966467,"type":105}
@nix {"action":"result","fields":[101,0],"id":232718507966465,"type":106}
@nix {"action":"result","fields":[100,0],"id":232718507966465,"type":106}
@nix {"action":"stop","id":232718507966532}
@nix {"action":"start","fields":["/Users/hetzner/obrador-shared-pins-20260909/round-1-baseline/chain-round-1-jobs-8/store/qfj2k3ay01wx4sf5wqsx1lq12bc0ijyd-leaf-22.drv.drv","/Users/hetzner/obrador-shared-pins-20260909/round-1-baseline/chain-round-1-jobs-8/store/rzys3f1kmjyw20kf5mxhf18nl2j9ifca-leaf-22.drv.drv"],"id":232718507966533,"level":3,"parent":0,"text":"resolved derivation: '/Users/hetzner/obrador-shared-pins-20260909/round-1-baseline/chain-round-1-jobs-8/store/qfj2k3ay01wx4sf5wqsx1lq12bc0ijyd-leaf-22.drv.drv' -> '/Users/hetzner/obrador-shared-pins-20260909/round-1-baseline/chain-round-1-jobs-8/store/rzys3f1kmjyw20kf5mxhf18nl2j9ifca-leaf-22.drv.drv'","type":111}
@nix {"action":"result","fields":[65,76,0,0],"id":232718507966466,"type":105}
@nix {"action":"result","fields":[0,0,0,0],"id":232718507966467,"type":105}
@nix {"action":"result","fields":[101,0],"id":232718507966465,"type":106}
@nix {"action":"result","fields":[100,0],"id":232718507966465,"type":106}
@nix {"action":"start","fields":["/Users/hetzner/obrador-shared-pins-20260909/round-1-baseline/chain-round-1-jobs-8/store/rzys3f1kmjyw20kf5mxhf18nl2j9ifca-leaf-22.drv.drv","",1,1],"id":232718507966534,"level":3,"parent":0,"text":"building '/Users/hetzner/obrador-shared-pins-20260909/round-1-baseline/chain-round-1-jobs-8/store/rzys3f1kmjyw20kf5mxhf18nl2j9ifca-leaf-22.drv.drv'","type":105}
@nix {"action":"result","fields":[65,76,1,0],"id":232718507966466,"type":105}
@nix {"action":"result","fields":[0,0,0,0],"id":232718507966467,"type":105}
@nix {"action":"result","fields":[101,0],"id":232718507966465,"type":106}
@nix {"action":"result","fields":[100,0],"id":232718507966465,"type":106}
@nix {"action":"result","fields":[66,77,0,0],"id":232718507966466,"type":105}
@nix {"action":"result","fields":[0,0,0,0],"id":232718507966467,"type":105}
@nix {"action":"result","fields":[101,0],"id":232718507966465,"type":106}
@nix {"action":"result","fields":[100,0],"id":232718507966465,"type":106}
@nix {"action":"stop","id":232718507966534}
@nix {"action":"result","fields":[67,77,0,0],"id":232718507966466,"type":105}
@nix {"action":"result","fields":[0,0,0,0],"id":232718507966467,"type":105}
@nix {"action":"result","fields":[101,0],"id":232718507966465,"type":106}
@nix {"action":"result","fields":[100,0],"id":232718507966465,"type":106}
@nix {"action":"stop","id":232718507966533}
@nix {"action":"result","fields":[67,77,0,0],"id":232718507966466,"type":105}
@nix {"action":"result","fields":[0,0,0,0],"id":232718507966467,"type":105}
@nix {"action":"result","fields":[101,0],"id":232718507966465,"type":106}
@nix {"action":"result","fields":[100,0],"id":232718507966465,"type":106}
@nix {"action":"start","fields":["/Users/hetzner/obrador-shared-pins-20260909/round-1-baseline/chain-round-1-jobs-8/store/x42067rxjp1bi36bfrsmdswannv3a70n-leaf-22.drv","",1,1],"id":232718507966535,"level":3,"parent":0,"text":"building '/Users/hetzner/obrador-shared-pins-20260909/round-1-baseline/chain-round-1-jobs-8/store/x42067rxjp1bi36bfrsmdswannv3a70n-leaf-22.drv'","type":105}
@nix {"action":"result","fields":[67,77,1,0],"id":232718507966466,"type":105}
@nix {"action":"result","fields":[0,0,0,0],"id":232718507966467,"type":105}
@nix {"action":"result","fields":[101,0],"id":232718507966465,"type":106}
@nix {"action":"result","fields":[100,0],"id":232718507966465,"type":106}
@nix {"action":"result","fields":[68,78,0,0],"id":232718507966466,"type":105}
@nix {"action":"result","fields":[0,0,0,0],"id":232718507966467,"type":105}
@nix {"action":"result","fields":[101,0],"id":232718507966465,"type":106}
@nix {"action":"result","fields":[100,0],"id":232718507966465,"type":106}
@nix {"action":"stop","id":232718507966535}
@nix {"action":"start","fields":["/Users/hetzner/obrador-shared-pins-20260909/round-1-baseline/chain-round-1-jobs-8/store/mw17155ss4cpvj77siyxaay7bllcbscc-leaf-23.drv.drv","/Users/hetzner/obrador-shared-pins-20260909/round-1-baseline/chain-round-1-jobs-8/store/8hgr2fhck0ln06lm2kbk5kbs6bm2rcfp-leaf-23.drv.drv"],"id":232718507966536,"level":3,"parent":0,"text":"resolved derivation: '/Users/hetzner/obrador-shared-pins-20260909/round-1-baseline/chain-round-1-jobs-8/store/mw17155ss4cpvj77siyxaay7bllcbscc-leaf-23.drv.drv' -> '/Users/hetzner/obrador-shared-pins-20260909/round-1-baseline/chain-round-1-jobs-8/store/8hgr2fhck0ln06lm2kbk5kbs6bm2rcfp-leaf-23.drv.drv'","type":111}
@nix {"action":"result","fields":[68,78,0,0],"id":232718507966466,"type":105}
@nix {"action":"result","fields":[0,0,0,0],"id":232718507966467,"type":105}
@nix {"action":"result","fields":[101,0],"id":232718507966465,"type":106}
@nix {"action":"result","fields":[100,0],"id":232718507966465,"type":106}
@nix {"action":"start","fields":["/Users/hetzner/obrador-shared-pins-20260909/round-1-baseline/chain-round-1-jobs-8/store/8hgr2fhck0ln06lm2kbk5kbs6bm2rcfp-leaf-23.drv.drv","",1,1],"id":232718507966537,"level":3,"parent":0,"text":"building '/Users/hetzner/obrador-shared-pins-20260909/round-1-baseline/chain-round-1-jobs-8/store/8hgr2fhck0ln06lm2kbk5kbs6bm2rcfp-leaf-23.drv.drv'","type":105}
@nix {"action":"result","fields":[68,78,1,0],"id":232718507966466,"type":105}
@nix {"action":"result","fields":[0,0,0,0],"id":232718507966467,"type":105}
@nix {"action":"result","fields":[101,0],"id":232718507966465,"type":106}
@nix {"action":"result","fields":[100,0],"id":232718507966465,"type":106}
@nix {"action":"result","fields":[69,79,0,0],"id":232718507966466,"type":105}
@nix {"action":"result","fields":[0,0,0,0],"id":232718507966467,"type":105}
@nix {"action":"result","fields":[101,0],"id":232718507966465,"type":106}
@nix {"action":"result","fields":[100,0],"id":232718507966465,"type":106}
@nix {"action":"stop","id":232718507966537}
@nix {"action":"result","fields":[70,79,0,0],"id":232718507966466,"type":105}
@nix {"action":"result","fields":[0,0,0,0],"id":232718507966467,"type":105}
@nix {"action":"result","fields":[101,0],"id":232718507966465,"type":106}
@nix {"action":"result","fields":[100,0],"id":232718507966465,"type":106}
@nix {"action":"stop","id":232718507966536}
@nix {"action":"result","fields":[70,79,0,0],"id":232718507966466,"type":105}
@nix {"action":"result","fields":[0,0,0,0],"id":232718507966467,"type":105}
@nix {"action":"result","fields":[101,0],"id":232718507966465,"type":106}
@nix {"action":"result","fields":[100,0],"id":232718507966465,"type":106}
@nix {"action":"start","fields":["/Users/hetzner/obrador-shared-pins-20260909/round-1-baseline/chain-round-1-jobs-8/store/rcjy5h1g14in5nk2ml2vqi0aa8fcw0j8-leaf-23.drv","",1,1],"id":232718507966538,"level":3,"parent":0,"text":"building '/Users/hetzner/obrador-shared-pins-20260909/round-1-baseline/chain-round-1-jobs-8/store/rcjy5h1g14in5nk2ml2vqi0aa8fcw0j8-leaf-23.drv'","type":105}
@nix {"action":"result","fields":[70,79,1,0],"id":232718507966466,"type":105}
@nix {"action":"result","fields":[0,0,0,0],"id":232718507966467,"type":105}
@nix {"action":"result","fields":[101,0],"id":232718507966465,"type":106}
@nix {"action":"result","fields":[100,0],"id":232718507966465,"type":106}
@nix {"action":"result","fields":[71,80,0,0],"id":232718507966466,"type":105}
@nix {"action":"result","fields":[0,0,0,0],"id":232718507966467,"type":105}
@nix {"action":"result","fields":[101,0],"id":232718507966465,"type":106}
@nix {"action":"result","fields":[100,0],"id":232718507966465,"type":106}
@nix {"action":"stop","id":232718507966538}
@nix {"action":"start","fields":["/Users/hetzner/obrador-shared-pins-20260909/round-1-baseline/chain-round-1-jobs-8/store/nn274z552v6qzlk4389lqiw6xr6i9xab-leaf-24.drv.drv","/Users/hetzner/obrador-shared-pins-20260909/round-1-baseline/chain-round-1-jobs-8/store/b041qaddb6c0hmgp7ycvbgn80rn38mrf-leaf-24.drv.drv"],"id":232718507966539,"level":3,"parent":0,"text":"resolved derivation: '/Users/hetzner/obrador-shared-pins-20260909/round-1-baseline/chain-round-1-jobs-8/store/nn274z552v6qzlk4389lqiw6xr6i9xab-leaf-24.drv.drv' -> '/Users/hetzner/obrador-shared-pins-20260909/round-1-baseline/chain-round-1-jobs-8/store/b041qaddb6c0hmgp7ycvbgn80rn38mrf-leaf-24.drv.drv'","type":111}
@nix {"action":"result","fields":[71,80,0,0],"id":232718507966466,"type":105}
@nix {"action":"result","fields":[0,0,0,0],"id":232718507966467,"type":105}
@nix {"action":"result","fields":[101,0],"id":232718507966465,"type":106}
@nix {"action":"result","fields":[100,0],"id":232718507966465,"type":106}
@nix {"action":"start","fields":["/Users/hetzner/obrador-shared-pins-20260909/round-1-baseline/chain-round-1-jobs-8/store/b041qaddb6c0hmgp7ycvbgn80rn38mrf-leaf-24.drv.drv","",1,1],"id":232718507966540,"level":3,"parent":0,"text":"building '/Users/hetzner/obrador-shared-pins-20260909/round-1-baseline/chain-round-1-jobs-8/store/b041qaddb6c0hmgp7ycvbgn80rn38mrf-leaf-24.drv.drv'","type":105}
@nix {"action":"result","fields":[71,80,1,0],"id":232718507966466,"type":105}
@nix {"action":"result","fields":[0,0,0,0],"id":232718507966467,"type":105}
@nix {"action":"result","fields":[101,0],"id":232718507966465,"type":106}
@nix {"action":"result","fields":[100,0],"id":232718507966465,"type":106}
@nix {"action":"result","fields":[72,81,0,0],"id":232718507966466,"type":105}
@nix {"action":"result","fields":[0,0,0,0],"id":232718507966467,"type":105}
@nix {"action":"result","fields":[101,0],"id":232718507966465,"type":106}
@nix {"action":"result","fields":[100,0],"id":232718507966465,"type":106}
@nix {"action":"stop","id":232718507966540}
@nix {"action":"result","fields":[73,81,0,0],"id":232718507966466,"type":105}
@nix {"action":"result","fields":[0,0,0,0],"id":232718507966467,"type":105}
@nix {"action":"result","fields":[101,0],"id":232718507966465,"type":106}
@nix {"action":"result","fields":[100,0],"id":232718507966465,"type":106}
@nix {"action":"stop","id":232718507966539}
@nix {"action":"result","fields":[73,81,0,0],"id":232718507966466,"type":105}
@nix {"action":"result","fields":[0,0,0,0],"id":232718507966467,"type":105}
@nix {"action":"result","fields":[101,0],"id":232718507966465,"type":106}
@nix {"action":"result","fields":[100,0],"id":232718507966465,"type":106}
@nix {"action":"start","fields":["/Users/hetzner/obrador-shared-pins-20260909/round-1-baseline/chain-round-1-jobs-8/store/mfva8bpyspivl8ckqayi3cq0xxw4q2a7-leaf-24.drv","",1,1],"id":232718507966541,"level":3,"parent":0,"text":"building '/Users/hetzner/obrador-shared-pins-20260909/round-1-baseline/chain-round-1-jobs-8/store/mfva8bpyspivl8ckqayi3cq0xxw4q2a7-leaf-24.drv'","type":105}
@nix {"action":"result","fields":[73,81,1,0],"id":232718507966466,"type":105}
@nix {"action":"result","fields":[0,0,0,0],"id":232718507966467,"type":105}
@nix {"action":"result","fields":[101,0],"id":232718507966465,"type":106}
@nix {"action":"result","fields":[100,0],"id":232718507966465,"type":106}
@nix {"action":"result","fields":[74,82,0,0],"id":232718507966466,"type":105}
@nix {"action":"result","fields":[0,0,0,0],"id":232718507966467,"type":105}
@nix {"action":"result","fields":[101,0],"id":232718507966465,"type":106}
@nix {"action":"result","fields":[100,0],"id":232718507966465,"type":106}
@nix {"action":"stop","id":232718507966541}
@nix {"action":"start","fields":["/Users/hetzner/obrador-shared-pins-20260909/round-1-baseline/chain-round-1-jobs-8/store/6jh52s4lvk3jyz3mk8vjvkinwwmgyfzs-leaf-25.drv.drv","/Users/hetzner/obrador-shared-pins-20260909/round-1-baseline/chain-round-1-jobs-8/store/ykws6plikb41avsi04s8md7mzw7sgcl9-leaf-25.drv.drv"],"id":232718507966542,"level":3,"parent":0,"text":"resolved derivation: '/Users/hetzner/obrador-shared-pins-20260909/round-1-baseline/chain-round-1-jobs-8/store/6jh52s4lvk3jyz3mk8vjvkinwwmgyfzs-leaf-25.drv.drv' -> '/Users/hetzner/obrador-shared-pins-20260909/round-1-baseline/chain-round-1-jobs-8/store/ykws6plikb41avsi04s8md7mzw7sgcl9-leaf-25.drv.drv'","type":111}
@nix {"action":"result","fields":[74,82,0,0],"id":232718507966466,"type":105}
@nix {"action":"result","fields":[0,0,0,0],"id":232718507966467,"type":105}
@nix {"action":"result","fields":[101,0],"id":232718507966465,"type":106}
@nix {"action":"result","fields":[100,0],"id":232718507966465,"type":106}
@nix {"action":"start","fields":["/Users/hetzner/obrador-shared-pins-20260909/round-1-baseline/chain-round-1-jobs-8/store/ykws6plikb41avsi04s8md7mzw7sgcl9-leaf-25.drv.drv","",1,1],"id":232718507966543,"level":3,"parent":0,"text":"building '/Users/hetzner/obrador-shared-pins-20260909/round-1-baseline/chain-round-1-jobs-8/store/ykws6plikb41avsi04s8md7mzw7sgcl9-leaf-25.drv.drv'","type":105}
@nix {"action":"result","fields":[74,82,1,0],"id":232718507966466,"type":105}
@nix {"action":"result","fields":[0,0,0,0],"id":232718507966467,"type":105}
@nix {"action":"result","fields":[101,0],"id":232718507966465,"type":106}
@nix {"action":"result","fields":[100,0],"id":232718507966465,"type":106}
@nix {"action":"result","fields":[75,83,0,0],"id":232718507966466,"type":105}
@nix {"action":"result","fields":[0,0,0,0],"id":232718507966467,"type":105}
@nix {"action":"result","fields":[101,0],"id":232718507966465,"type":106}
@nix {"action":"result","fields":[100,0],"id":232718507966465,"type":106}
@nix {"action":"stop","id":232718507966543}
@nix {"action":"result","fields":[76,83,0,0],"id":232718507966466,"type":105}
@nix {"action":"result","fields":[0,0,0,0],"id":232718507966467,"type":105}
@nix {"action":"result","fields":[101,0],"id":232718507966465,"type":106}
@nix {"action":"result","fields":[100,0],"id":232718507966465,"type":106}
@nix {"action":"stop","id":232718507966542}
@nix {"action":"result","fields":[76,83,0,0],"id":232718507966466,"type":105}
@nix {"action":"result","fields":[0,0,0,0],"id":232718507966467,"type":105}
@nix {"action":"result","fields":[101,0],"id":232718507966465,"type":106}
@nix {"action":"result","fields":[100,0],"id":232718507966465,"type":106}
@nix {"action":"start","fields":["/Users/hetzner/obrador-shared-pins-20260909/round-1-baseline/chain-round-1-jobs-8/store/50l9gdr6bragjj1qavvvjrc4ilqkd052-leaf-25.drv","",1,1],"id":232718507966544,"level":3,"parent":0,"text":"building '/Users/hetzner/obrador-shared-pins-20260909/round-1-baseline/chain-round-1-jobs-8/store/50l9gdr6bragjj1qavvvjrc4ilqkd052-leaf-25.drv'","type":105}
@nix {"action":"result","fields":[76,83,1,0],"id":232718507966466,"type":105}
@nix {"action":"result","fields":[0,0,0,0],"id":232718507966467,"type":105}
@nix {"action":"result","fields":[101,0],"id":232718507966465,"type":106}
@nix {"action":"result","fields":[100,0],"id":232718507966465,"type":106}
@nix {"action":"result","fields":[77,84,0,0],"id":232718507966466,"type":105}
@nix {"action":"result","fields":[0,0,0,0],"id":232718507966467,"type":105}
@nix {"action":"result","fields":[101,0],"id":232718507966465,"type":106}
@nix {"action":"result","fields":[100,0],"id":232718507966465,"type":106}
@nix {"action":"stop","id":232718507966544}
@nix {"action":"start","fields":["/Users/hetzner/obrador-shared-pins-20260909/round-1-baseline/chain-round-1-jobs-8/store/2jfgf97a5an8c72ygqmxvbqabn2ymx5n-leaf-26.drv.drv","/Users/hetzner/obrador-shared-pins-20260909/round-1-baseline/chain-round-1-jobs-8/store/7l4pbq3lsq9dc1nn72gldlb84yvvxhcy-leaf-26.drv.drv"],"id":232718507966545,"level":3,"parent":0,"text":"resolved derivation: '/Users/hetzner/obrador-shared-pins-20260909/round-1-baseline/chain-round-1-jobs-8/store/2jfgf97a5an8c72ygqmxvbqabn2ymx5n-leaf-26.drv.drv' -> '/Users/hetzner/obrador-shared-pins-20260909/round-1-baseline/chain-round-1-jobs-8/store/7l4pbq3lsq9dc1nn72gldlb84yvvxhcy-leaf-26.drv.drv'","type":111}
@nix {"action":"result","fields":[77,84,0,0],"id":232718507966466,"type":105}
@nix {"action":"result","fields":[0,0,0,0],"id":232718507966467,"type":105}
@nix {"action":"result","fields":[101,0],"id":232718507966465,"type":106}
@nix {"action":"result","fields":[100,0],"id":232718507966465,"type":106}
@nix {"action":"start","fields":["/Users/hetzner/obrador-shared-pins-20260909/round-1-baseline/chain-round-1-jobs-8/store/7l4pbq3lsq9dc1nn72gldlb84yvvxhcy-leaf-26.drv.drv","",1,1],"id":232718507966546,"level":3,"parent":0,"text":"building '/Users/hetzner/obrador-shared-pins-20260909/round-1-baseline/chain-round-1-jobs-8/store/7l4pbq3lsq9dc1nn72gldlb84yvvxhcy-leaf-26.drv.drv'","type":105}
@nix {"action":"result","fields":[77,84,1,0],"id":232718507966466,"type":105}
@nix {"action":"result","fields":[0,0,0,0],"id":232718507966467,"type":105}
@nix {"action":"result","fields":[101,0],"id":232718507966465,"type":106}
@nix {"action":"result","fields":[100,0],"id":232718507966465,"type":106}
@nix {"action":"result","fields":[78,85,0,0],"id":232718507966466,"type":105}
@nix {"action":"result","fields":[0,0,0,0],"id":232718507966467,"type":105}
@nix {"action":"result","fields":[101,0],"id":232718507966465,"type":106}
@nix {"action":"result","fields":[100,0],"id":232718507966465,"type":106}
@nix {"action":"stop","id":232718507966546}
@nix {"action":"result","fields":[79,85,0,0],"id":232718507966466,"type":105}
@nix {"action":"result","fields":[0,0,0,0],"id":232718507966467,"type":105}
@nix {"action":"result","fields":[101,0],"id":232718507966465,"type":106}
@nix {"action":"result","fields":[100,0],"id":232718507966465,"type":106}
@nix {"action":"stop","id":232718507966545}
@nix {"action":"result","fields":[79,85,0,0],"id":232718507966466,"type":105}
@nix {"action":"result","fields":[0,0,0,0],"id":232718507966467,"type":105}
@nix {"action":"result","fields":[101,0],"id":232718507966465,"type":106}
@nix {"action":"result","fields":[100,0],"id":232718507966465,"type":106}
@nix {"action":"start","fields":["/Users/hetzner/obrador-shared-pins-20260909/round-1-baseline/chain-round-1-jobs-8/store/a43c4cavgjbpfdp1i34m9qkgfj52677l-leaf-26.drv","",1,1],"id":232718507966547,"level":3,"parent":0,"text":"building '/Users/hetzner/obrador-shared-pins-20260909/round-1-baseline/chain-round-1-jobs-8/store/a43c4cavgjbpfdp1i34m9qkgfj52677l-leaf-26.drv'","type":105}
@nix {"action":"result","fields":[79,85,1,0],"id":232718507966466,"type":105}
@nix {"action":"result","fields":[0,0,0,0],"id":232718507966467,"type":105}
@nix {"action":"result","fields":[101,0],"id":232718507966465,"type":106}
@nix {"action":"result","fields":[100,0],"id":232718507966465,"type":106}
@nix {"action":"result","fields":[80,86,0,0],"id":232718507966466,"type":105}
@nix {"action":"result","fields":[0,0,0,0],"id":232718507966467,"type":105}
@nix {"action":"result","fields":[101,0],"id":232718507966465,"type":106}
@nix {"action":"result","fields":[100,0],"id":232718507966465,"type":106}
@nix {"action":"stop","id":232718507966547}
@nix {"action":"start","fields":["/Users/hetzner/obrador-shared-pins-20260909/round-1-baseline/chain-round-1-jobs-8/store/1zsp9lsq67rhgnb5awlx4vaalwzr6sfa-leaf-27.drv.drv","/Users/hetzner/obrador-shared-pins-20260909/round-1-baseline/chain-round-1-jobs-8/store/hbc5rlrgm8hkpri0b17pad2wkpiq1fhb-leaf-27.drv.drv"],"id":232718507966548,"level":3,"parent":0,"text":"resolved derivation: '/Users/hetzner/obrador-shared-pins-20260909/round-1-baseline/chain-round-1-jobs-8/store/1zsp9lsq67rhgnb5awlx4vaalwzr6sfa-leaf-27.drv.drv' -> '/Users/hetzner/obrador-shared-pins-20260909/round-1-baseline/chain-round-1-jobs-8/store/hbc5rlrgm8hkpri0b17pad2wkpiq1fhb-leaf-27.drv.drv'","type":111}
@nix {"action":"result","fields":[80,86,0,0],"id":232718507966466,"type":105}
@nix {"action":"result","fields":[0,0,0,0],"id":232718507966467,"type":105}
@nix {"action":"result","fields":[101,0],"id":232718507966465,"type":106}
@nix {"action":"result","fields":[100,0],"id":232718507966465,"type":106}
@nix {"action":"start","fields":["/Users/hetzner/obrador-shared-pins-20260909/round-1-baseline/chain-round-1-jobs-8/store/hbc5rlrgm8hkpri0b17pad2wkpiq1fhb-leaf-27.drv.drv","",1,1],"id":232718507966549,"level":3,"parent":0,"text":"building '/Users/hetzner/obrador-shared-pins-20260909/round-1-baseline/chain-round-1-jobs-8/store/hbc5rlrgm8hkpri0b17pad2wkpiq1fhb-leaf-27.drv.drv'","type":105}
@nix {"action":"result","fields":[80,86,1,0],"id":232718507966466,"type":105}
@nix {"action":"result","fields":[0,0,0,0],"id":232718507966467,"type":105}
@nix {"action":"result","fields":[101,0],"id":232718507966465,"type":106}
@nix {"action":"result","fields":[100,0],"id":232718507966465,"type":106}
@nix {"action":"result","fields":[81,87,0,0],"id":232718507966466,"type":105}
@nix {"action":"result","fields":[0,0,0,0],"id":232718507966467,"type":105}
@nix {"action":"result","fields":[101,0],"id":232718507966465,"type":106}
@nix {"action":"result","fields":[100,0],"id":232718507966465,"type":106}
@nix {"action":"stop","id":232718507966549}
@nix {"action":"result","fields":[82,87,0,0],"id":232718507966466,"type":105}
@nix {"action":"result","fields":[0,0,0,0],"id":232718507966467,"type":105}
@nix {"action":"result","fields":[101,0],"id":232718507966465,"type":106}
@nix {"action":"result","fields":[100,0],"id":232718507966465,"type":106}
@nix {"action":"stop","id":232718507966548}
@nix {"action":"result","fields":[82,87,0,0],"id":232718507966466,"type":105}
@nix {"action":"result","fields":[0,0,0,0],"id":232718507966467,"type":105}
@nix {"action":"result","fields":[101,0],"id":232718507966465,"type":106}
@nix {"action":"result","fields":[100,0],"id":232718507966465,"type":106}
@nix {"action":"start","fields":["/Users/hetzner/obrador-shared-pins-20260909/round-1-baseline/chain-round-1-jobs-8/store/priqkqxf3jzy4bfvga0jnx7bi0bzz7by-leaf-27.drv","",1,1],"id":232718507966550,"level":3,"parent":0,"text":"building '/Users/hetzner/obrador-shared-pins-20260909/round-1-baseline/chain-round-1-jobs-8/store/priqkqxf3jzy4bfvga0jnx7bi0bzz7by-leaf-27.drv'","type":105}
@nix {"action":"result","fields":[82,87,1,0],"id":232718507966466,"type":105}
@nix {"action":"result","fields":[0,0,0,0],"id":232718507966467,"type":105}
@nix {"action":"result","fields":[101,0],"id":232718507966465,"type":106}
@nix {"action":"result","fields":[100,0],"id":232718507966465,"type":106}
@nix {"action":"result","fields":[83,88,0,0],"id":232718507966466,"type":105}
@nix {"action":"result","fields":[0,0,0,0],"id":232718507966467,"type":105}
@nix {"action":"result","fields":[101,0],"id":232718507966465,"type":106}
@nix {"action":"result","fields":[100,0],"id":232718507966465,"type":106}
@nix {"action":"stop","id":232718507966550}
@nix {"action":"start","fields":["/Users/hetzner/obrador-shared-pins-20260909/round-1-baseline/chain-round-1-jobs-8/store/120as0d1vvhawv8hzwjrs1a7wh3kvkg6-leaf-28.drv.drv","/Users/hetzner/obrador-shared-pins-20260909/round-1-baseline/chain-round-1-jobs-8/store/w76dd399agcf281dcas83nknvxr61wrc-leaf-28.drv.drv"],"id":232718507966551,"level":3,"parent":0,"text":"resolved derivation: '/Users/hetzner/obrador-shared-pins-20260909/round-1-baseline/chain-round-1-jobs-8/store/120as0d1vvhawv8hzwjrs1a7wh3kvkg6-leaf-28.drv.drv' -> '/Users/hetzner/obrador-shared-pins-20260909/round-1-baseline/chain-round-1-jobs-8/store/w76dd399agcf281dcas83nknvxr61wrc-leaf-28.drv.drv'","type":111}
@nix {"action":"result","fields":[83,88,0,0],"id":232718507966466,"type":105}
@nix {"action":"result","fields":[0,0,0,0],"id":232718507966467,"type":105}
@nix {"action":"result","fields":[101,0],"id":232718507966465,"type":106}
@nix {"action":"result","fields":[100,0],"id":232718507966465,"type":106}
@nix {"action":"start","fields":["/Users/hetzner/obrador-shared-pins-20260909/round-1-baseline/chain-round-1-jobs-8/store/w76dd399agcf281dcas83nknvxr61wrc-leaf-28.drv.drv","",1,1],"id":232718507966552,"level":3,"parent":0,"text":"building '/Users/hetzner/obrador-shared-pins-20260909/round-1-baseline/chain-round-1-jobs-8/store/w76dd399agcf281dcas83nknvxr61wrc-leaf-28.drv.drv'","type":105}
@nix {"action":"result","fields":[83,88,1,0],"id":232718507966466,"type":105}
@nix {"action":"result","fields":[0,0,0,0],"id":232718507966467,"type":105}
@nix {"action":"result","fields":[101,0],"id":232718507966465,"type":106}
@nix {"action":"result","fields":[100,0],"id":232718507966465,"type":106}
@nix {"action":"result","fields":[84,89,0,0],"id":232718507966466,"type":105}
@nix {"action":"result","fields":[0,0,0,0],"id":232718507966467,"type":105}
@nix {"action":"result","fields":[101,0],"id":232718507966465,"type":106}
@nix {"action":"result","fields":[100,0],"id":232718507966465,"type":106}
@nix {"action":"stop","id":232718507966552}
@nix {"action":"result","fields":[85,89,0,0],"id":232718507966466,"type":105}
@nix {"action":"result","fields":[0,0,0,0],"id":232718507966467,"type":105}
@nix {"action":"result","fields":[101,0],"id":232718507966465,"type":106}
@nix {"action":"result","fields":[100,0],"id":232718507966465,"type":106}
@nix {"action":"stop","id":232718507966551}
@nix {"action":"result","fields":[85,89,0,0],"id":232718507966466,"type":105}
@nix {"action":"result","fields":[0,0,0,0],"id":232718507966467,"type":105}
@nix {"action":"result","fields":[101,0],"id":232718507966465,"type":106}
@nix {"action":"result","fields":[100,0],"id":232718507966465,"type":106}
@nix {"action":"start","fields":["/Users/hetzner/obrador-shared-pins-20260909/round-1-baseline/chain-round-1-jobs-8/store/k7qxr5ibzn6pkh9i6l8s71ax1lgxdwls-leaf-28.drv","",1,1],"id":232718507966553,"level":3,"parent":0,"text":"building '/Users/hetzner/obrador-shared-pins-20260909/round-1-baseline/chain-round-1-jobs-8/store/k7qxr5ibzn6pkh9i6l8s71ax1lgxdwls-leaf-28.drv'","type":105}
@nix {"action":"result","fields":[85,89,1,0],"id":232718507966466,"type":105}
@nix {"action":"result","fields":[0,0,0,0],"id":232718507966467,"type":105}
@nix {"action":"result","fields":[101,0],"id":232718507966465,"type":106}
@nix {"action":"result","fields":[100,0],"id":232718507966465,"type":106}
@nix {"action":"result","fields":[86,90,0,0],"id":232718507966466,"type":105}
@nix {"action":"result","fields":[0,0,0,0],"id":232718507966467,"type":105}
@nix {"action":"result","fields":[101,0],"id":232718507966465,"type":106}
@nix {"action":"result","fields":[100,0],"id":232718507966465,"type":106}
@nix {"action":"stop","id":232718507966553}
@nix {"action":"start","fields":["/Users/hetzner/obrador-shared-pins-20260909/round-1-baseline/chain-round-1-jobs-8/store/dqrqhzqxsikch49cbsihhnzyaww1l5mz-leaf-29.drv.drv","/Users/hetzner/obrador-shared-pins-20260909/round-1-baseline/chain-round-1-jobs-8/store/ydrdav2maxw7by3a5livchbzc9259v4l-leaf-29.drv.drv"],"id":232718507966554,"level":3,"parent":0,"text":"resolved derivation: '/Users/hetzner/obrador-shared-pins-20260909/round-1-baseline/chain-round-1-jobs-8/store/dqrqhzqxsikch49cbsihhnzyaww1l5mz-leaf-29.drv.drv' -> '/Users/hetzner/obrador-shared-pins-20260909/round-1-baseline/chain-round-1-jobs-8/store/ydrdav2maxw7by3a5livchbzc9259v4l-leaf-29.drv.drv'","type":111}
@nix {"action":"result","fields":[86,90,0,0],"id":232718507966466,"type":105}
@nix {"action":"result","fields":[0,0,0,0],"id":232718507966467,"type":105}
@nix {"action":"result","fields":[101,0],"id":232718507966465,"type":106}
@nix {"action":"result","fields":[100,0],"id":232718507966465,"type":106}
@nix {"action":"start","fields":["/Users/hetzner/obrador-shared-pins-20260909/round-1-baseline/chain-round-1-jobs-8/store/ydrdav2maxw7by3a5livchbzc9259v4l-leaf-29.drv.drv","",1,1],"id":232718507966555,"level":3,"parent":0,"text":"building '/Users/hetzner/obrador-shared-pins-20260909/round-1-baseline/chain-round-1-jobs-8/store/ydrdav2maxw7by3a5livchbzc9259v4l-leaf-29.drv.drv'","type":105}
@nix {"action":"result","fields":[86,90,1,0],"id":232718507966466,"type":105}
@nix {"action":"result","fields":[0,0,0,0],"id":232718507966467,"type":105}
@nix {"action":"result","fields":[101,0],"id":232718507966465,"type":106}
@nix {"action":"result","fields":[100,0],"id":232718507966465,"type":106}
@nix {"action":"result","fields":[87,91,0,0],"id":232718507966466,"type":105}
@nix {"action":"result","fields":[0,0,0,0],"id":232718507966467,"type":105}
@nix {"action":"result","fields":[101,0],"id":232718507966465,"type":106}
@nix {"action":"result","fields":[100,0],"id":232718507966465,"type":106}
@nix {"action":"stop","id":232718507966555}
@nix {"action":"result","fields":[88,91,0,0],"id":232718507966466,"type":105}
@nix {"action":"result","fields":[0,0,0,0],"id":232718507966467,"type":105}
@nix {"action":"result","fields":[101,0],"id":232718507966465,"type":106}
@nix {"action":"result","fields":[100,0],"id":232718507966465,"type":106}
@nix {"action":"stop","id":232718507966554}
@nix {"action":"result","fields":[88,91,0,0],"id":232718507966466,"type":105}
@nix {"action":"result","fields":[0,0,0,0],"id":232718507966467,"type":105}
@nix {"action":"result","fields":[101,0],"id":232718507966465,"type":106}
@nix {"action":"result","fields":[100,0],"id":232718507966465,"type":106}
@nix {"action":"start","fields":["/Users/hetzner/obrador-shared-pins-20260909/round-1-baseline/chain-round-1-jobs-8/store/a6wc52y77wix03r33wdccml0w4li9r9x-leaf-29.drv","",1,1],"id":232718507966556,"level":3,"parent":0,"text":"building '/Users/hetzner/obrador-shared-pins-20260909/round-1-baseline/chain-round-1-jobs-8/store/a6wc52y77wix03r33wdccml0w4li9r9x-leaf-29.drv'","type":105}
@nix {"action":"result","fields":[88,91,1,0],"id":232718507966466,"type":105}
@nix {"action":"result","fields":[0,0,0,0],"id":232718507966467,"type":105}
@nix {"action":"result","fields":[101,0],"id":232718507966465,"type":106}
@nix {"action":"result","fields":[100,0],"id":232718507966465,"type":106}
@nix {"action":"result","fields":[89,92,0,0],"id":232718507966466,"type":105}
@nix {"action":"result","fields":[0,0,0,0],"id":232718507966467,"type":105}
@nix {"action":"result","fields":[101,0],"id":232718507966465,"type":106}
@nix {"action":"result","fields":[100,0],"id":232718507966465,"type":106}
@nix {"action":"stop","id":232718507966556}
@nix {"action":"start","fields":["/Users/hetzner/obrador-shared-pins-20260909/round-1-baseline/chain-round-1-jobs-8/store/n1m53fqy962fc10q6vw9i29ifzvq9gy2-leaf-30.drv.drv","/Users/hetzner/obrador-shared-pins-20260909/round-1-baseline/chain-round-1-jobs-8/store/fp0vmx9j40bkbbxjn2vsv2blq4wn2gcn-leaf-30.drv.drv"],"id":232718507966557,"level":3,"parent":0,"text":"resolved derivation: '/Users/hetzner/obrador-shared-pins-20260909/round-1-baseline/chain-round-1-jobs-8/store/n1m53fqy962fc10q6vw9i29ifzvq9gy2-leaf-30.drv.drv' -> '/Users/hetzner/obrador-shared-pins-20260909/round-1-baseline/chain-round-1-jobs-8/store/fp0vmx9j40bkbbxjn2vsv2blq4wn2gcn-leaf-30.drv.drv'","type":111}
@nix {"action":"result","fields":[89,92,0,0],"id":232718507966466,"type":105}
@nix {"action":"result","fields":[0,0,0,0],"id":232718507966467,"type":105}
@nix {"action":"result","fields":[101,0],"id":232718507966465,"type":106}
@nix {"action":"result","fields":[100,0],"id":232718507966465,"type":106}
@nix {"action":"start","fields":["/Users/hetzner/obrador-shared-pins-20260909/round-1-baseline/chain-round-1-jobs-8/store/fp0vmx9j40bkbbxjn2vsv2blq4wn2gcn-leaf-30.drv.drv","",1,1],"id":232718507966558,"level":3,"parent":0,"text":"building '/Users/hetzner/obrador-shared-pins-20260909/round-1-baseline/chain-round-1-jobs-8/store/fp0vmx9j40bkbbxjn2vsv2blq4wn2gcn-leaf-30.drv.drv'","type":105}
@nix {"action":"result","fields":[89,92,1,0],"id":232718507966466,"type":105}
@nix {"action":"result","fields":[0,0,0,0],"id":232718507966467,"type":105}
@nix {"action":"result","fields":[101,0],"id":232718507966465,"type":106}
@nix {"action":"result","fields":[100,0],"id":232718507966465,"type":106}
@nix {"action":"result","fields":[90,93,0,0],"id":232718507966466,"type":105}
@nix {"action":"result","fields":[0,0,0,0],"id":232718507966467,"type":105}
@nix {"action":"result","fields":[101,0],"id":232718507966465,"type":106}
@nix {"action":"result","fields":[100,0],"id":232718507966465,"type":106}
@nix {"action":"stop","id":232718507966558}
@nix {"action":"result","fields":[91,93,0,0],"id":232718507966466,"type":105}
@nix {"action":"result","fields":[0,0,0,0],"id":232718507966467,"type":105}
@nix {"action":"result","fields":[101,0],"id":232718507966465,"type":106}
@nix {"action":"result","fields":[100,0],"id":232718507966465,"type":106}
@nix {"action":"stop","id":232718507966557}
@nix {"action":"result","fields":[91,93,0,0],"id":232718507966466,"type":105}
@nix {"action":"result","fields":[0,0,0,0],"id":232718507966467,"type":105}
@nix {"action":"result","fields":[101,0],"id":232718507966465,"type":106}
@nix {"action":"result","fields":[100,0],"id":232718507966465,"type":106}
@nix {"action":"start","fields":["/Users/hetzner/obrador-shared-pins-20260909/round-1-baseline/chain-round-1-jobs-8/store/7cr1x3ak3yq010ml81v1jwn1yry17s8c-leaf-30.drv","",1,1],"id":232718507966559,"level":3,"parent":0,"text":"building '/Users/hetzner/obrador-shared-pins-20260909/round-1-baseline/chain-round-1-jobs-8/store/7cr1x3ak3yq010ml81v1jwn1yry17s8c-leaf-30.drv'","type":105}
@nix {"action":"result","fields":[91,93,1,0],"id":232718507966466,"type":105}
@nix {"action":"result","fields":[0,0,0,0],"id":232718507966467,"type":105}
@nix {"action":"result","fields":[101,0],"id":232718507966465,"type":106}
@nix {"action":"result","fields":[100,0],"id":232718507966465,"type":106}
@nix {"action":"result","fields":[92,94,0,0],"id":232718507966466,"type":105}
@nix {"action":"result","fields":[0,0,0,0],"id":232718507966467,"type":105}
@nix {"action":"result","fields":[101,0],"id":232718507966465,"type":106}
@nix {"action":"result","fields":[100,0],"id":232718507966465,"type":106}
@nix {"action":"stop","id":232718507966559}
@nix {"action":"start","fields":["/Users/hetzner/obrador-shared-pins-20260909/round-1-baseline/chain-round-1-jobs-8/store/ls8zs35da5f4g7mv7vaz5cgm6j8bipp6-leaf-31.drv.drv","/Users/hetzner/obrador-shared-pins-20260909/round-1-baseline/chain-round-1-jobs-8/store/6dvf7zlrs5r1xpk1xdbmm2iyiisfx0qs-leaf-31.drv.drv"],"id":232718507966560,"level":3,"parent":0,"text":"resolved derivation: '/Users/hetzner/obrador-shared-pins-20260909/round-1-baseline/chain-round-1-jobs-8/store/ls8zs35da5f4g7mv7vaz5cgm6j8bipp6-leaf-31.drv.drv' -> '/Users/hetzner/obrador-shared-pins-20260909/round-1-baseline/chain-round-1-jobs-8/store/6dvf7zlrs5r1xpk1xdbmm2iyiisfx0qs-leaf-31.drv.drv'","type":111}
@nix {"action":"result","fields":[92,94,0,0],"id":232718507966466,"type":105}
@nix {"action":"result","fields":[0,0,0,0],"id":232718507966467,"type":105}
@nix {"action":"result","fields":[101,0],"id":232718507966465,"type":106}
@nix {"action":"result","fields":[100,0],"id":232718507966465,"type":106}
@nix {"action":"start","fields":["/Users/hetzner/obrador-shared-pins-20260909/round-1-baseline/chain-round-1-jobs-8/store/6dvf7zlrs5r1xpk1xdbmm2iyiisfx0qs-leaf-31.drv.drv","",1,1],"id":232718507966561,"level":3,"parent":0,"text":"building '/Users/hetzner/obrador-shared-pins-20260909/round-1-baseline/chain-round-1-jobs-8/store/6dvf7zlrs5r1xpk1xdbmm2iyiisfx0qs-leaf-31.drv.drv'","type":105}
@nix {"action":"result","fields":[92,94,1,0],"id":232718507966466,"type":105}
@nix {"action":"result","fields":[0,0,0,0],"id":232718507966467,"type":105}
@nix {"action":"result","fields":[101,0],"id":232718507966465,"type":106}
@nix {"action":"result","fields":[100,0],"id":232718507966465,"type":106}
@nix {"action":"result","fields":[93,95,0,0],"id":232718507966466,"type":105}
@nix {"action":"result","fields":[0,0,0,0],"id":232718507966467,"type":105}
@nix {"action":"result","fields":[101,0],"id":232718507966465,"type":106}
@nix {"action":"result","fields":[100,0],"id":232718507966465,"type":106}
@nix {"action":"stop","id":232718507966561}
@nix {"action":"result","fields":[94,95,0,0],"id":232718507966466,"type":105}
@nix {"action":"result","fields":[0,0,0,0],"id":232718507966467,"type":105}
@nix {"action":"result","fields":[101,0],"id":232718507966465,"type":106}
@nix {"action":"result","fields":[100,0],"id":232718507966465,"type":106}
@nix {"action":"stop","id":232718507966560}
@nix {"action":"result","fields":[94,95,0,0],"id":232718507966466,"type":105}
@nix {"action":"result","fields":[0,0,0,0],"id":232718507966467,"type":105}
@nix {"action":"result","fields":[101,0],"id":232718507966465,"type":106}
@nix {"action":"result","fields":[100,0],"id":232718507966465,"type":106}
@nix {"action":"start","fields":["/Users/hetzner/obrador-shared-pins-20260909/round-1-baseline/chain-round-1-jobs-8/store/mdqd16id5741lvxzcms1al67k13d1p8p-leaf-31.drv","",1,1],"id":232718507966562,"level":3,"parent":0,"text":"building '/Users/hetzner/obrador-shared-pins-20260909/round-1-baseline/chain-round-1-jobs-8/store/mdqd16id5741lvxzcms1al67k13d1p8p-leaf-31.drv'","type":105}
@nix {"action":"result","fields":[94,95,1,0],"id":232718507966466,"type":105}
@nix {"action":"result","fields":[0,0,0,0],"id":232718507966467,"type":105}
@nix {"action":"result","fields":[101,0],"id":232718507966465,"type":106}
@nix {"action":"result","fields":[100,0],"id":232718507966465,"type":106}
@nix {"action":"result","fields":[95,96,0,0],"id":232718507966466,"type":105}
@nix {"action":"result","fields":[0,0,0,0],"id":232718507966467,"type":105}
@nix {"action":"result","fields":[101,0],"id":232718507966465,"type":106}
@nix {"action":"result","fields":[100,0],"id":232718507966465,"type":106}
@nix {"action":"stop","id":232718507966562}
@nix {"action":"stop","id":232718507966467}
@nix {"action":"stop","id":232718507966466}
@nix {"action":"stop","id":232718507966465}
