@nix {"action":"start","id":5429847979458560,"level":6,"parent":0,"text":"querying info about missing paths","type":0}
@nix {"action":"msg","level":1,"msg":"\u001b[35;1mwarning:\u001b[0m Ignoring dynamic derivation /tmp/obrador-shared-pins-linux/round-1-after/chain-round-1-jobs-8/store/00d1hqa5l6r399jxpry2fx387b8xsrcc-leaf-31.drv.drv^out while querying missing paths; not yet implemented"}
@nix {"action":"stop","id":5429847979458560}
@nix {"action":"start","id":5429847979458561,"level":0,"parent":0,"text":"","type":102}
@nix {"action":"start","id":5429847979458562,"level":0,"parent":0,"text":"","type":104}
@nix {"action":"start","id":5429847979458563,"level":0,"parent":0,"text":"","type":103}
@nix {"action":"result","fields":[0,0,0,0],"id":5429847979458562,"type":105}
@nix {"action":"result","fields":[0,0,0,0],"id":5429847979458563,"type":105}
@nix {"action":"result","fields":[101,0],"id":5429847979458561,"type":106}
@nix {"action":"result","fields":[100,0],"id":5429847979458561,"type":106}
@nix {"action":"result","fields":[0,0,0,0],"id":5429847979458562,"type":105}
@nix {"action":"result","fields":[0,0,0,0],"id":5429847979458563,"type":105}
@nix {"action":"result","fields":[101,0],"id":5429847979458561,"type":106}
@nix {"action":"result","fields":[100,0],"id":5429847979458561,"type":106}
@nix {"action":"result","fields":[0,1,0,0],"id":5429847979458562,"type":105}
@nix {"action":"result","fields":[0,0,0,0],"id":5429847979458563,"type":105}
@nix {"action":"result","fields":[101,0],"id":5429847979458561,"type":106}
@nix {"action":"result","fields":[100,0],"id":5429847979458561,"type":106}
@nix {"action":"result","fields":[0,1,0,0],"id":5429847979458562,"type":105}
@nix {"action":"result","fields":[0,0,0,0],"id":5429847979458563,"type":105}
@nix {"action":"result","fields":[101,0],"id":5429847979458561,"type":106}
@nix {"action":"result","fields":[100,0],"id":5429847979458561,"type":106}
@nix {"action":"result","fields":[0,1,0,0],"id":5429847979458562,"type":105}
@nix {"action":"result","fields":[0,0,0,0],"id":5429847979458563,"type":105}
@nix {"action":"result","fields":[101,0],"id":5429847979458561,"type":106}
@nix {"action":"result","fields":[100,0],"id":5429847979458561,"type":106}
@nix {"action":"result","fields":[0,2,0,0],"id":5429847979458562,"type":105}
@nix {"action":"result","fields":[0,0,0,0],"id":5429847979458563,"type":105}
@nix {"action":"result","fields":[101,0],"id":5429847979458561,"type":106}
@nix {"action":"result","fields":[100,0],"id":5429847979458561,"type":106}
@nix {"action":"result","fields":[0,2,0,0],"id":5429847979458562,"type":105}
@nix {"action":"result","fields":[0,0,0,0],"id":5429847979458563,"type":105}
@nix {"action":"result","fields":[101,0],"id":5429847979458561,"type":106}
@nix {"action":"result","fields":[100,0],"id":5429847979458561,"type":106}
@nix {"action":"result","fields":[0,2,0,0],"id":5429847979458562,"type":105}
@nix {"action":"result","fields":[0,0,0,0],"id":5429847979458563,"type":105}
@nix {"action":"result","fields":[101,0],"id":5429847979458561,"type":106}
@nix {"action":"result","fields":[100,0],"id":5429847979458561,"type":106}
@nix {"action":"result","fields":[0,3,0,0],"id":5429847979458562,"type":105}
@nix {"action":"result","fields":[0,0,0,0],"id":5429847979458563,"type":105}
@nix {"action":"result","fields":[101,0],"id":5429847979458561,"type":106}
@nix {"action":"result","fields":[100,0],"id":5429847979458561,"type":106}
@nix {"action":"result","fields":[0,3,0,0],"id":5429847979458562,"type":105}
@nix {"action":"result","fields":[0,0,0,0],"id":5429847979458563,"type":105}
@nix {"action":"result","fields":[101,0],"id":5429847979458561,"type":106}
@nix {"action":"result","fields":[100,0],"id":5429847979458561,"type":106}
@nix {"action":"result","fields":[0,3,0,0],"id":5429847979458562,"type":105}
@nix {"action":"result","fields":[0,0,0,0],"id":5429847979458563,"type":105}
@nix {"action":"result","fields":[101,0],"id":5429847979458561,"type":106}
@nix {"action":"result","fields":[100,0],"id":5429847979458561,"type":106}
@nix {"action":"result","fields":[0,4,0,0],"id":5429847979458562,"type":105}
@nix {"action":"result","fields":[0,0,0,0],"id":5429847979458563,"type":105}
@nix {"action":"result","fields":[101,0],"id":5429847979458561,"type":106}
@nix {"action":"result","fields":[100,0],"id":5429847979458561,"type":106}
@nix {"action":"result","fields":[0,4,0,0],"id":5429847979458562,"type":105}
@nix {"action":"result","fields":[0,0,0,0],"id":5429847979458563,"type":105}
@nix {"action":"result","fields":[101,0],"id":5429847979458561,"type":106}
@nix {"action":"result","fields":[100,0],"id":5429847979458561,"type":106}
@nix {"action":"result","fields":[0,4,0,0],"id":5429847979458562,"type":105}
@nix {"action":"result","fields":[0,0,0,0],"id":5429847979458563,"type":105}
@nix {"action":"result","fields":[101,0],"id":5429847979458561,"type":106}
@nix {"action":"result","fields":[100,0],"id":5429847979458561,"type":106}
@nix {"action":"result","fields":[0,5,0,0],"id":5429847979458562,"type":105}
@nix {"action":"result","fields":[0,0,0,0],"id":5429847979458563,"type":105}
@nix {"action":"result","fields":[101,0],"id":5429847979458561,"type":106}
@nix {"action":"result","fields":[100,0],"id":5429847979458561,"type":106}
@nix {"action":"result","fields":[0,5,0,0],"id":5429847979458562,"type":105}
@nix {"action":"result","fields":[0,0,0,0],"id":5429847979458563,"type":105}
@nix {"action":"result","fields":[101,0],"id":5429847979458561,"type":106}
@nix {"action":"result","fields":[100,0],"id":5429847979458561,"type":106}
@nix {"action":"result","fields":[0,5,0,0],"id":5429847979458562,"type":105}
@nix {"action":"result","fields":[0,0,0,0],"id":5429847979458563,"type":105}
@nix {"action":"result","fields":[101,0],"id":5429847979458561,"type":106}
@nix {"action":"result","fields":[100,0],"id":5429847979458561,"type":106}
@nix {"action":"result","fields":[0,6,0,0],"id":5429847979458562,"type":105}
@nix {"action":"result","fields":[0,0,0,0],"id":5429847979458563,"type":105}
@nix {"action":"result","fields":[101,0],"id":5429847979458561,"type":106}
@nix {"action":"result","fields":[100,0],"id":5429847979458561,"type":106}
@nix {"action":"result","fields":[0,6,0,0],"id":5429847979458562,"type":105}
@nix {"action":"result","fields":[0,0,0,0],"id":5429847979458563,"type":105}
@nix {"action":"result","fields":[101,0],"id":5429847979458561,"type":106}
@nix {"action":"result","fields":[100,0],"id":5429847979458561,"type":106}
@nix {"action":"result","fields":[0,6,0,0],"id":5429847979458562,"type":105}
@nix {"action":"result","fields":[0,0,0,0],"id":5429847979458563,"type":105}
@nix {"action":"result","fields":[101,0],"id":5429847979458561,"type":106}
@nix {"action":"result","fields":[100,0],"id":5429847979458561,"type":106}
@nix {"action":"result","fields":[0,7,0,0],"id":5429847979458562,"type":105}
@nix {"action":"result","fields":[0,0,0,0],"id":5429847979458563,"type":105}
@nix {"action":"result","fields":[101,0],"id":5429847979458561,"type":106}
@nix {"action":"result","fields":[100,0],"id":5429847979458561,"type":106}
@nix {"action":"result","fields":[0,7,0,0],"id":5429847979458562,"type":105}
@nix {"action":"result","fields":[0,0,0,0],"id":5429847979458563,"type":105}
@nix {"action":"result","fields":[101,0],"id":5429847979458561,"type":106}
@nix {"action":"result","fields":[100,0],"id":5429847979458561,"type":106}
@nix {"action":"result","fields":[0,7,0,0],"id":5429847979458562,"type":105}
@nix {"action":"result","fields":[0,0,0,0],"id":5429847979458563,"type":105}
@nix {"action":"result","fields":[101,0],"id":5429847979458561,"type":106}
@nix {"action":"result","fields":[100,0],"id":5429847979458561,"type":106}
@nix {"action":"result","fields":[0,8,0,0],"id":5429847979458562,"type":105}
@nix {"action":"result","fields":[0,0,0,0],"id":5429847979458563,"type":105}
@nix {"action":"result","fields":[101,0],"id":5429847979458561,"type":106}
@nix {"action":"result","fields":[100,0],"id":5429847979458561,"type":106}
@nix {"action":"result","fields":[0,8,0,0],"id":5429847979458562,"type":105}
@nix {"action":"result","fields":[0,0,0,0],"id":5429847979458563,"type":105}
@nix {"action":"result","fields":[101,0],"id":5429847979458561,"type":106}
@nix {"action":"result","fields":[100,0],"id":5429847979458561,"type":106}
@nix {"action":"result","fields":[0,8,0,0],"id":5429847979458562,"type":105}
@nix {"action":"result","fields":[0,0,0,0],"id":5429847979458563,"type":105}
@nix {"action":"result","fields":[101,0],"id":5429847979458561,"type":106}
@nix {"action":"result","fields":[100,0],"id":5429847979458561,"type":106}
@nix {"action":"result","fields":[0,9,0,0],"id":5429847979458562,"type":105}
@nix {"action":"result","fields":[0,0,0,0],"id":5429847979458563,"type":105}
@nix {"action":"result","fields":[101,0],"id":5429847979458561,"type":106}
@nix {"action":"result","fields":[100,0],"id":5429847979458561,"type":106}
@nix {"action":"result","fields":[0,9,0,0],"id":5429847979458562,"type":105}
@nix {"action":"result","fields":[0,0,0,0],"id":5429847979458563,"type":105}
@nix {"action":"result","fields":[101,0],"id":5429847979458561,"type":106}
@nix {"action":"result","fields":[100,0],"id":5429847979458561,"type":106}
@nix {"action":"result","fields":[0,9,0,0],"id":5429847979458562,"type":105}
@nix {"action":"result","fields":[0,0,0,0],"id":5429847979458563,"type":105}
@nix {"action":"result","fields":[101,0],"id":5429847979458561,"type":106}
@nix {"action":"result","fields":[100,0],"id":5429847979458561,"type":106}
@nix {"action":"result","fields":[0,10,0,0],"id":5429847979458562,"type":105}
@nix {"action":"result","fields":[0,0,0,0],"id":5429847979458563,"type":105}
@nix {"action":"result","fields":[101,0],"id":5429847979458561,"type":106}
@nix {"action":"result","fields":[100,0],"id":5429847979458561,"type":106}
@nix {"action":"result","fields":[0,10,0,0],"id":5429847979458562,"type":105}
@nix {"action":"result","fields":[0,0,0,0],"id":5429847979458563,"type":105}
@nix {"action":"result","fields":[101,0],"id":5429847979458561,"type":106}
@nix {"action":"result","fields":[100,0],"id":5429847979458561,"type":106}
@nix {"action":"result","fields":[0,10,0,0],"id":5429847979458562,"type":105}
@nix {"action":"result","fields":[0,0,0,0],"id":5429847979458563,"type":105}
@nix {"action":"result","fields":[101,0],"id":5429847979458561,"type":106}
@nix {"action":"result","fields":[100,0],"id":5429847979458561,"type":106}
@nix {"action":"result","fields":[0,11,0,0],"id":5429847979458562,"type":105}
@nix {"action":"result","fields":[0,0,0,0],"id":5429847979458563,"type":105}
@nix {"action":"result","fields":[101,0],"id":5429847979458561,"type":106}
@nix {"action":"result","fields":[100,0],"id":5429847979458561,"type":106}
@nix {"action":"result","fields":[0,11,0,0],"id":5429847979458562,"type":105}
@nix {"action":"result","fields":[0,0,0,0],"id":5429847979458563,"type":105}
@nix {"action":"result","fields":[101,0],"id":5429847979458561,"type":106}
@nix {"action":"result","fields":[100,0],"id":5429847979458561,"type":106}
@nix {"action":"result","fields":[0,11,0,0],"id":5429847979458562,"type":105}
@nix {"action":"result","fields":[0,0,0,0],"id":5429847979458563,"type":105}
@nix {"action":"result","fields":[101,0],"id":5429847979458561,"type":106}
@nix {"action":"result","fields":[100,0],"id":5429847979458561,"type":106}
@nix {"action":"result","fields":[0,12,0,0],"id":5429847979458562,"type":105}
@nix {"action":"result","fields":[0,0,0,0],"id":5429847979458563,"type":105}
@nix {"action":"result","fields":[101,0],"id":5429847979458561,"type":106}
@nix {"action":"result","fields":[100,0],"id":5429847979458561,"type":106}
@nix {"action":"result","fields":[0,12,0,0],"id":5429847979458562,"type":105}
@nix {"action":"result","fields":[0,0,0,0],"id":5429847979458563,"type":105}
@nix {"action":"result","fields":[101,0],"id":5429847979458561,"type":106}
@nix {"action":"result","fields":[100,0],"id":5429847979458561,"type":106}
@nix {"action":"result","fields":[0,12,0,0],"id":5429847979458562,"type":105}
@nix {"action":"result","fields":[0,0,0,0],"id":5429847979458563,"type":105}
@nix {"action":"result","fields":[101,0],"id":5429847979458561,"type":106}
@nix {"action":"result","fields":[100,0],"id":5429847979458561,"type":106}
@nix {"action":"result","fields":[0,13,0,0],"id":5429847979458562,"type":105}
@nix {"action":"result","fields":[0,0,0,0],"id":5429847979458563,"type":105}
@nix {"action":"result","fields":[101,0],"id":5429847979458561,"type":106}
@nix {"action":"result","fields":[100,0],"id":5429847979458561,"type":106}
@nix {"action":"result","fields":[0,13,0,0],"id":5429847979458562,"type":105}
@nix {"action":"result","fields":[0,0,0,0],"id":5429847979458563,"type":105}
@nix {"action":"result","fields":[101,0],"id":5429847979458561,"type":106}
@nix {"action":"result","fields":[100,0],"id":5429847979458561,"type":106}
@nix {"action":"result","fields":[0,13,0,0],"id":5429847979458562,"type":105}
@nix {"action":"result","fields":[0,0,0,0],"id":5429847979458563,"type":105}
@nix {"action":"result","fields":[101,0],"id":5429847979458561,"type":106}
@nix {"action":"result","fields":[100,0],"id":5429847979458561,"type":106}
@nix {"action":"result","fields":[0,14,0,0],"id":5429847979458562,"type":105}
@nix {"action":"result","fields":[0,0,0,0],"id":5429847979458563,"type":105}
@nix {"action":"result","fields":[101,0],"id":5429847979458561,"type":106}
@nix {"action":"result","fields":[100,0],"id":5429847979458561,"type":106}
@nix {"action":"result","fields":[0,14,0,0],"id":5429847979458562,"type":105}
@nix {"action":"result","fields":[0,0,0,0],"id":5429847979458563,"type":105}
@nix {"action":"result","fields":[101,0],"id":5429847979458561,"type":106}
@nix {"action":"result","fields":[100,0],"id":5429847979458561,"type":106}
@nix {"action":"result","fields":[0,14,0,0],"id":5429847979458562,"type":105}
@nix {"action":"result","fields":[0,0,0,0],"id":5429847979458563,"type":105}
@nix {"action":"result","fields":[101,0],"id":5429847979458561,"type":106}
@nix {"action":"result","fields":[100,0],"id":5429847979458561,"type":106}
@nix {"action":"result","fields":[0,15,0,0],"id":5429847979458562,"type":105}
@nix {"action":"result","fields":[0,0,0,0],"id":5429847979458563,"type":105}
@nix {"action":"result","fields":[101,0],"id":5429847979458561,"type":106}
@nix {"action":"result","fields":[100,0],"id":5429847979458561,"type":106}
@nix {"action":"result","fields":[0,15,0,0],"id":5429847979458562,"type":105}
@nix {"action":"result","fields":[0,0,0,0],"id":5429847979458563,"type":105}
@nix {"action":"result","fields":[101,0],"id":5429847979458561,"type":106}
@nix {"action":"result","fields":[100,0],"id":5429847979458561,"type":106}
@nix {"action":"result","fields":[0,15,0,0],"id":5429847979458562,"type":105}
@nix {"action":"result","fields":[0,0,0,0],"id":5429847979458563,"type":105}
@nix {"action":"result","fields":[101,0],"id":5429847979458561,"type":106}
@nix {"action":"result","fields":[100,0],"id":5429847979458561,"type":106}
@nix {"action":"result","fields":[0,16,0,0],"id":5429847979458562,"type":105}
@nix {"action":"result","fields":[0,0,0,0],"id":5429847979458563,"type":105}
@nix {"action":"result","fields":[101,0],"id":5429847979458561,"type":106}
@nix {"action":"result","fields":[100,0],"id":5429847979458561,"type":106}
@nix {"action":"result","fields":[0,16,0,0],"id":5429847979458562,"type":105}
@nix {"action":"result","fields":[0,0,0,0],"id":5429847979458563,"type":105}
@nix {"action":"result","fields":[101,0],"id":5429847979458561,"type":106}
@nix {"action":"result","fields":[100,0],"id":5429847979458561,"type":106}
@nix {"action":"result","fields":[0,16,0,0],"id":5429847979458562,"type":105}
@nix {"action":"result","fields":[0,0,0,0],"id":5429847979458563,"type":105}
@nix {"action":"result","fields":[101,0],"id":5429847979458561,"type":106}
@nix {"action":"result","fields":[100,0],"id":5429847979458561,"type":106}
@nix {"action":"result","fields":[0,17,0,0],"id":5429847979458562,"type":105}
@nix {"action":"result","fields":[0,0,0,0],"id":5429847979458563,"type":105}
@nix {"action":"result","fields":[101,0],"id":5429847979458561,"type":106}
@nix {"action":"result","fields":[100,0],"id":5429847979458561,"type":106}
@nix {"action":"result","fields":[0,17,0,0],"id":5429847979458562,"type":105}
@nix {"action":"result","fields":[0,0,0,0],"id":5429847979458563,"type":105}
@nix {"action":"result","fields":[101,0],"id":5429847979458561,"type":106}
@nix {"action":"result","fields":[100,0],"id":5429847979458561,"type":106}
@nix {"action":"result","fields":[0,17,0,0],"id":5429847979458562,"type":105}
@nix {"action":"result","fields":[0,0,0,0],"id":5429847979458563,"type":105}
@nix {"action":"result","fields":[101,0],"id":5429847979458561,"type":106}
@nix {"action":"result","fields":[100,0],"id":5429847979458561,"type":106}
@nix {"action":"result","fields":[0,18,0,0],"id":5429847979458562,"type":105}
@nix {"action":"result","fields":[0,0,0,0],"id":5429847979458563,"type":105}
@nix {"action":"result","fields":[101,0],"id":5429847979458561,"type":106}
@nix {"action":"result","fields":[100,0],"id":5429847979458561,"type":106}
@nix {"action":"result","fields":[0,18,0,0],"id":5429847979458562,"type":105}
@nix {"action":"result","fields":[0,0,0,0],"id":5429847979458563,"type":105}
@nix {"action":"result","fields":[101,0],"id":5429847979458561,"type":106}
@nix {"action":"result","fields":[100,0],"id":5429847979458561,"type":106}
@nix {"action":"result","fields":[0,18,0,0],"id":5429847979458562,"type":105}
@nix {"action":"result","fields":[0,0,0,0],"id":5429847979458563,"type":105}
@nix {"action":"result","fields":[101,0],"id":5429847979458561,"type":106}
@nix {"action":"result","fields":[100,0],"id":5429847979458561,"type":106}
@nix {"action":"result","fields":[0,19,0,0],"id":5429847979458562,"type":105}
@nix {"action":"result","fields":[0,0,0,0],"id":5429847979458563,"type":105}
@nix {"action":"result","fields":[101,0],"id":5429847979458561,"type":106}
@nix {"action":"result","fields":[100,0],"id":5429847979458561,"type":106}
@nix {"action":"result","fields":[0,19,0,0],"id":5429847979458562,"type":105}
@nix {"action":"result","fields":[0,0,0,0],"id":5429847979458563,"type":105}
@nix {"action":"result","fields":[101,0],"id":5429847979458561,"type":106}
@nix {"action":"result","fields":[100,0],"id":5429847979458561,"type":106}
@nix {"action":"result","fields":[0,19,0,0],"id":5429847979458562,"type":105}
@nix {"action":"result","fields":[0,0,0,0],"id":5429847979458563,"type":105}
@nix {"action":"result","fields":[101,0],"id":5429847979458561,"type":106}
@nix {"action":"result","fields":[100,0],"id":5429847979458561,"type":106}
@nix {"action":"result","fields":[0,20,0,0],"id":5429847979458562,"type":105}
@nix {"action":"result","fields":[0,0,0,0],"id":5429847979458563,"type":105}
@nix {"action":"result","fields":[101,0],"id":5429847979458561,"type":106}
@nix {"action":"result","fields":[100,0],"id":5429847979458561,"type":106}
@nix {"action":"result","fields":[0,20,0,0],"id":5429847979458562,"type":105}
@nix {"action":"result","fields":[0,0,0,0],"id":5429847979458563,"type":105}
@nix {"action":"result","fields":[101,0],"id":5429847979458561,"type":106}
@nix {"action":"result","fields":[100,0],"id":5429847979458561,"type":106}
@nix {"action":"result","fields":[0,20,0,0],"id":5429847979458562,"type":105}
@nix {"action":"result","fields":[0,0,0,0],"id":5429847979458563,"type":105}
@nix {"action":"result","fields":[101,0],"id":5429847979458561,"type":106}
@nix {"action":"result","fields":[100,0],"id":5429847979458561,"type":106}
@nix {"action":"result","fields":[0,21,0,0],"id":5429847979458562,"type":105}
@nix {"action":"result","fields":[0,0,0,0],"id":5429847979458563,"type":105}
@nix {"action":"result","fields":[101,0],"id":5429847979458561,"type":106}
@nix {"action":"result","fields":[100,0],"id":5429847979458561,"type":106}
@nix {"action":"result","fields":[0,21,0,0],"id":5429847979458562,"type":105}
@nix {"action":"result","fields":[0,0,0,0],"id":5429847979458563,"type":105}
@nix {"action":"result","fields":[101,0],"id":5429847979458561,"type":106}
@nix {"action":"result","fields":[100,0],"id":5429847979458561,"type":106}
@nix {"action":"result","fields":[0,21,0,0],"id":5429847979458562,"type":105}
@nix {"action":"result","fields":[0,0,0,0],"id":5429847979458563,"type":105}
@nix {"action":"result","fields":[101,0],"id":5429847979458561,"type":106}
@nix {"action":"result","fields":[100,0],"id":5429847979458561,"type":106}
@nix {"action":"result","fields":[0,22,0,0],"id":5429847979458562,"type":105}
@nix {"action":"result","fields":[0,0,0,0],"id":5429847979458563,"type":105}
@nix {"action":"result","fields":[101,0],"id":5429847979458561,"type":106}
@nix {"action":"result","fields":[100,0],"id":5429847979458561,"type":106}
@nix {"action":"result","fields":[0,22,0,0],"id":5429847979458562,"type":105}
@nix {"action":"result","fields":[0,0,0,0],"id":5429847979458563,"type":105}
@nix {"action":"result","fields":[101,0],"id":5429847979458561,"type":106}
@nix {"action":"result","fields":[100,0],"id":5429847979458561,"type":106}
@nix {"action":"result","fields":[0,22,0,0],"id":5429847979458562,"type":105}
@nix {"action":"result","fields":[0,0,0,0],"id":5429847979458563,"type":105}
@nix {"action":"result","fields":[101,0],"id":5429847979458561,"type":106}
@nix {"action":"result","fields":[100,0],"id":5429847979458561,"type":106}
@nix {"action":"result","fields":[0,23,0,0],"id":5429847979458562,"type":105}
@nix {"action":"result","fields":[0,0,0,0],"id":5429847979458563,"type":105}
@nix {"action":"result","fields":[101,0],"id":5429847979458561,"type":106}
@nix {"action":"result","fields":[100,0],"id":5429847979458561,"type":106}
@nix {"action":"result","fields":[0,23,0,0],"id":5429847979458562,"type":105}
@nix {"action":"result","fields":[0,0,0,0],"id":5429847979458563,"type":105}
@nix {"action":"result","fields":[101,0],"id":5429847979458561,"type":106}
@nix {"action":"result","fields":[100,0],"id":5429847979458561,"type":106}
@nix {"action":"result","fields":[0,23,0,0],"id":5429847979458562,"type":105}
@nix {"action":"result","fields":[0,0,0,0],"id":5429847979458563,"type":105}
@nix {"action":"result","fields":[101,0],"id":5429847979458561,"type":106}
@nix {"action":"result","fields":[100,0],"id":5429847979458561,"type":106}
@nix {"action":"result","fields":[0,24,0,0],"id":5429847979458562,"type":105}
@nix {"action":"result","fields":[0,0,0,0],"id":5429847979458563,"type":105}
@nix {"action":"result","fields":[101,0],"id":5429847979458561,"type":106}
@nix {"action":"result","fields":[100,0],"id":5429847979458561,"type":106}
@nix {"action":"result","fields":[0,24,0,0],"id":5429847979458562,"type":105}
@nix {"action":"result","fields":[0,0,0,0],"id":5429847979458563,"type":105}
@nix {"action":"result","fields":[101,0],"id":5429847979458561,"type":106}
@nix {"action":"result","fields":[100,0],"id":5429847979458561,"type":106}
@nix {"action":"result","fields":[0,24,0,0],"id":5429847979458562,"type":105}
@nix {"action":"result","fields":[0,0,0,0],"id":5429847979458563,"type":105}
@nix {"action":"result","fields":[101,0],"id":5429847979458561,"type":106}
@nix {"action":"result","fields":[100,0],"id":5429847979458561,"type":106}
@nix {"action":"result","fields":[0,25,0,0],"id":5429847979458562,"type":105}
@nix {"action":"result","fields":[0,0,0,0],"id":5429847979458563,"type":105}
@nix {"action":"result","fields":[101,0],"id":5429847979458561,"type":106}
@nix {"action":"result","fields":[100,0],"id":5429847979458561,"type":106}
@nix {"action":"result","fields":[0,25,0,0],"id":5429847979458562,"type":105}
@nix {"action":"result","fields":[0,0,0,0],"id":5429847979458563,"type":105}
@nix {"action":"result","fields":[101,0],"id":5429847979458561,"type":106}
@nix {"action":"result","fields":[100,0],"id":5429847979458561,"type":106}
@nix {"action":"result","fields":[0,25,0,0],"id":5429847979458562,"type":105}
@nix {"action":"result","fields":[0,0,0,0],"id":5429847979458563,"type":105}
@nix {"action":"result","fields":[101,0],"id":5429847979458561,"type":106}
@nix {"action":"result","fields":[100,0],"id":5429847979458561,"type":106}
@nix {"action":"result","fields":[0,26,0,0],"id":5429847979458562,"type":105}
@nix {"action":"result","fields":[0,0,0,0],"id":5429847979458563,"type":105}
@nix {"action":"result","fields":[101,0],"id":5429847979458561,"type":106}
@nix {"action":"result","fields":[100,0],"id":5429847979458561,"type":106}
@nix {"action":"result","fields":[0,26,0,0],"id":5429847979458562,"type":105}
@nix {"action":"result","fields":[0,0,0,0],"id":5429847979458563,"type":105}
@nix {"action":"result","fields":[101,0],"id":5429847979458561,"type":106}
@nix {"action":"result","fields":[100,0],"id":5429847979458561,"type":106}
@nix {"action":"result","fields":[0,26,0,0],"id":5429847979458562,"type":105}
@nix {"action":"result","fields":[0,0,0,0],"id":5429847979458563,"type":105}
@nix {"action":"result","fields":[101,0],"id":5429847979458561,"type":106}
@nix {"action":"result","fields":[100,0],"id":5429847979458561,"type":106}
@nix {"action":"result","fields":[0,27,0,0],"id":5429847979458562,"type":105}
@nix {"action":"result","fields":[0,0,0,0],"id":5429847979458563,"type":105}
@nix {"action":"result","fields":[101,0],"id":5429847979458561,"type":106}
@nix {"action":"result","fields":[100,0],"id":5429847979458561,"type":106}
@nix {"action":"result","fields":[0,27,0,0],"id":5429847979458562,"type":105}
@nix {"action":"result","fields":[0,0,0,0],"id":5429847979458563,"type":105}
@nix {"action":"result","fields":[101,0],"id":5429847979458561,"type":106}
@nix {"action":"result","fields":[100,0],"id":5429847979458561,"type":106}
@nix {"action":"result","fields":[0,27,0,0],"id":5429847979458562,"type":105}
@nix {"action":"result","fields":[0,0,0,0],"id":5429847979458563,"type":105}
@nix {"action":"result","fields":[101,0],"id":5429847979458561,"type":106}
@nix {"action":"result","fields":[100,0],"id":5429847979458561,"type":106}
@nix {"action":"result","fields":[0,28,0,0],"id":5429847979458562,"type":105}
@nix {"action":"result","fields":[0,0,0,0],"id":5429847979458563,"type":105}
@nix {"action":"result","fields":[101,0],"id":5429847979458561,"type":106}
@nix {"action":"result","fields":[100,0],"id":5429847979458561,"type":106}
@nix {"action":"result","fields":[0,28,0,0],"id":5429847979458562,"type":105}
@nix {"action":"result","fields":[0,0,0,0],"id":5429847979458563,"type":105}
@nix {"action":"result","fields":[101,0],"id":5429847979458561,"type":106}
@nix {"action":"result","fields":[100,0],"id":5429847979458561,"type":106}
@nix {"action":"result","fields":[0,28,0,0],"id":5429847979458562,"type":105}
@nix {"action":"result","fields":[0,0,0,0],"id":5429847979458563,"type":105}
@nix {"action":"result","fields":[101,0],"id":5429847979458561,"type":106}
@nix {"action":"result","fields":[100,0],"id":5429847979458561,"type":106}
@nix {"action":"result","fields":[0,29,0,0],"id":5429847979458562,"type":105}
@nix {"action":"result","fields":[0,0,0,0],"id":5429847979458563,"type":105}
@nix {"action":"result","fields":[101,0],"id":5429847979458561,"type":106}
@nix {"action":"result","fields":[100,0],"id":5429847979458561,"type":106}
@nix {"action":"result","fields":[0,29,0,0],"id":5429847979458562,"type":105}
@nix {"action":"result","fields":[0,0,0,0],"id":5429847979458563,"type":105}
@nix {"action":"result","fields":[101,0],"id":5429847979458561,"type":106}
@nix {"action":"result","fields":[100,0],"id":5429847979458561,"type":106}
@nix {"action":"result","fields":[0,29,0,0],"id":5429847979458562,"type":105}
@nix {"action":"result","fields":[0,0,0,0],"id":5429847979458563,"type":105}
@nix {"action":"result","fields":[101,0],"id":5429847979458561,"type":106}
@nix {"action":"result","fields":[100,0],"id":5429847979458561,"type":106}
@nix {"action":"result","fields":[0,30,0,0],"id":5429847979458562,"type":105}
@nix {"action":"result","fields":[0,0,0,0],"id":5429847979458563,"type":105}
@nix {"action":"result","fields":[101,0],"id":5429847979458561,"type":106}
@nix {"action":"result","fields":[100,0],"id":5429847979458561,"type":106}
@nix {"action":"result","fields":[0,30,0,0],"id":5429847979458562,"type":105}
@nix {"action":"result","fields":[0,0,0,0],"id":5429847979458563,"type":105}
@nix {"action":"result","fields":[101,0],"id":5429847979458561,"type":106}
@nix {"action":"result","fields":[100,0],"id":5429847979458561,"type":106}
@nix {"action":"result","fields":[0,30,0,0],"id":5429847979458562,"type":105}
@nix {"action":"result","fields":[0,0,0,0],"id":5429847979458563,"type":105}
@nix {"action":"result","fields":[101,0],"id":5429847979458561,"type":106}
@nix {"action":"result","fields":[100,0],"id":5429847979458561,"type":106}
@nix {"action":"result","fields":[0,31,0,0],"id":5429847979458562,"type":105}
@nix {"action":"result","fields":[0,0,0,0],"id":5429847979458563,"type":105}
@nix {"action":"result","fields":[101,0],"id":5429847979458561,"type":106}
@nix {"action":"result","fields":[100,0],"id":5429847979458561,"type":106}
@nix {"action":"result","fields":[0,31,0,0],"id":5429847979458562,"type":105}
@nix {"action":"result","fields":[0,0,0,0],"id":5429847979458563,"type":105}
@nix {"action":"result","fields":[101,0],"id":5429847979458561,"type":106}
@nix {"action":"result","fields":[100,0],"id":5429847979458561,"type":106}
@nix {"action":"result","fields":[0,31,0,0],"id":5429847979458562,"type":105}
@nix {"action":"result","fields":[0,0,0,0],"id":5429847979458563,"type":105}
@nix {"action":"result","fields":[101,0],"id":5429847979458561,"type":106}
@nix {"action":"result","fields":[100,0],"id":5429847979458561,"type":106}
@nix {"action":"result","fields":[0,32,0,0],"id":5429847979458562,"type":105}
@nix {"action":"result","fields":[0,0,0,0],"id":5429847979458563,"type":105}
@nix {"action":"result","fields":[101,0],"id":5429847979458561,"type":106}
@nix {"action":"result","fields":[100,0],"id":5429847979458561,"type":106}
@nix {"action":"start","fields":["/tmp/obrador-shared-pins-linux/round-1-after/chain-round-1-jobs-8/store/1jy0whdgjk4v5lmv7y7jmmqcdfyg6k22-leaf-0.drv.drv","",1,1],"id":5429847979458564,"level":3,"parent":0,"text":"building '/tmp/obrador-shared-pins-linux/round-1-after/chain-round-1-jobs-8/store/1jy0whdgjk4v5lmv7y7jmmqcdfyg6k22-leaf-0.drv.drv'","type":105}
@nix {"action":"result","fields":[0,32,1,0],"id":5429847979458562,"type":105}
@nix {"action":"result","fields":[0,0,0,0],"id":5429847979458563,"type":105}
@nix {"action":"result","fields":[101,0],"id":5429847979458561,"type":106}
@nix {"action":"result","fields":[100,0],"id":5429847979458561,"type":106}
@nix {"action":"result","fields":[1,33,0,0],"id":5429847979458562,"type":105}
@nix {"action":"result","fields":[0,0,0,0],"id":5429847979458563,"type":105}
@nix {"action":"result","fields":[101,0],"id":5429847979458561,"type":106}
@nix {"action":"result","fields":[100,0],"id":5429847979458561,"type":106}
@nix {"action":"stop","id":5429847979458564}
@nix {"action":"result","fields":[1,33,0,0],"id":5429847979458562,"type":105}
@nix {"action":"result","fields":[0,0,0,0],"id":5429847979458563,"type":105}
@nix {"action":"result","fields":[101,0],"id":5429847979458561,"type":106}
@nix {"action":"result","fields":[100,0],"id":5429847979458561,"type":106}
@nix {"action":"start","fields":["/tmp/obrador-shared-pins-linux/round-1-after/chain-round-1-jobs-8/store/gpa92ybdpd45mc3s1ib0wbv92yb39dy9-leaf-0.drv","",1,1],"id":5429847979458565,"level":3,"parent":0,"text":"building '/tmp/obrador-shared-pins-linux/round-1-after/chain-round-1-jobs-8/store/gpa92ybdpd45mc3s1ib0wbv92yb39dy9-leaf-0.drv'","type":105}
@nix {"action":"result","fields":[1,33,1,0],"id":5429847979458562,"type":105}
@nix {"action":"result","fields":[0,0,0,0],"id":5429847979458563,"type":105}
@nix {"action":"result","fields":[101,0],"id":5429847979458561,"type":106}
@nix {"action":"result","fields":[100,0],"id":5429847979458561,"type":106}
@nix {"action":"result","fields":[2,34,0,0],"id":5429847979458562,"type":105}
@nix {"action":"result","fields":[0,0,0,0],"id":5429847979458563,"type":105}
@nix {"action":"result","fields":[101,0],"id":5429847979458561,"type":106}
@nix {"action":"result","fields":[100,0],"id":5429847979458561,"type":106}
@nix {"action":"stop","id":5429847979458565}
@nix {"action":"start","fields":["/tmp/obrador-shared-pins-linux/round-1-after/chain-round-1-jobs-8/store/wn109liywsib5jnk7d91d6hl66kg4gx2-leaf-1.drv.drv","/tmp/obrador-shared-pins-linux/round-1-after/chain-round-1-jobs-8/store/ay81kys92473vyaj7lmsxad3v2qg34n8-leaf-1.drv.drv"],"id":5429847979458566,"level":3,"parent":0,"text":"resolved derivation: '/tmp/obrador-shared-pins-linux/round-1-after/chain-round-1-jobs-8/store/wn109liywsib5jnk7d91d6hl66kg4gx2-leaf-1.drv.drv' -> '/tmp/obrador-shared-pins-linux/round-1-after/chain-round-1-jobs-8/store/ay81kys92473vyaj7lmsxad3v2qg34n8-leaf-1.drv.drv'","type":111}
@nix {"action":"result","fields":[2,34,0,0],"id":5429847979458562,"type":105}
@nix {"action":"result","fields":[0,0,0,0],"id":5429847979458563,"type":105}
@nix {"action":"result","fields":[101,0],"id":5429847979458561,"type":106}
@nix {"action":"result","fields":[100,0],"id":5429847979458561,"type":106}
@nix {"action":"start","fields":["/tmp/obrador-shared-pins-linux/round-1-after/chain-round-1-jobs-8/store/ay81kys92473vyaj7lmsxad3v2qg34n8-leaf-1.drv.drv","",1,1],"id":5429847979458567,"level":3,"parent":0,"text":"building '/tmp/obrador-shared-pins-linux/round-1-after/chain-round-1-jobs-8/store/ay81kys92473vyaj7lmsxad3v2qg34n8-leaf-1.drv.drv'","type":105}
@nix {"action":"result","fields":[2,34,1,0],"id":5429847979458562,"type":105}
@nix {"action":"result","fields":[0,0,0,0],"id":5429847979458563,"type":105}
@nix {"action":"result","fields":[101,0],"id":5429847979458561,"type":106}
@nix {"action":"result","fields":[100,0],"id":5429847979458561,"type":106}
@nix {"action":"result","fields":[3,35,0,0],"id":5429847979458562,"type":105}
@nix {"action":"result","fields":[0,0,0,0],"id":5429847979458563,"type":105}
@nix {"action":"result","fields":[101,0],"id":5429847979458561,"type":106}
@nix {"action":"result","fields":[100,0],"id":5429847979458561,"type":106}
@nix {"action":"stop","id":5429847979458567}
@nix {"action":"result","fields":[4,35,0,0],"id":5429847979458562,"type":105}
@nix {"action":"result","fields":[0,0,0,0],"id":5429847979458563,"type":105}
@nix {"action":"result","fields":[101,0],"id":5429847979458561,"type":106}
@nix {"action":"result","fields":[100,0],"id":5429847979458561,"type":106}
@nix {"action":"stop","id":5429847979458566}
@nix {"action":"result","fields":[4,35,0,0],"id":5429847979458562,"type":105}
@nix {"action":"result","fields":[0,0,0,0],"id":5429847979458563,"type":105}
@nix {"action":"result","fields":[101,0],"id":5429847979458561,"type":106}
@nix {"action":"result","fields":[100,0],"id":5429847979458561,"type":106}
@nix {"action":"start","fields":["/tmp/obrador-shared-pins-linux/round-1-after/chain-round-1-jobs-8/store/syzcdspq5yfzx3p3k2zaai67kb385fzl-leaf-1.drv","",1,1],"id":5429847979458568,"level":3,"parent":0,"text":"building '/tmp/obrador-shared-pins-linux/round-1-after/chain-round-1-jobs-8/store/syzcdspq5yfzx3p3k2zaai67kb385fzl-leaf-1.drv'","type":105}
@nix {"action":"result","fields":[4,35,1,0],"id":5429847979458562,"type":105}
@nix {"action":"result","fields":[0,0,0,0],"id":5429847979458563,"type":105}
@nix {"action":"result","fields":[101,0],"id":5429847979458561,"type":106}
@nix {"action":"result","fields":[100,0],"id":5429847979458561,"type":106}
@nix {"action":"result","fields":[5,36,0,0],"id":5429847979458562,"type":105}
@nix {"action":"result","fields":[0,0,0,0],"id":5429847979458563,"type":105}
@nix {"action":"result","fields":[101,0],"id":5429847979458561,"type":106}
@nix {"action":"result","fields":[100,0],"id":5429847979458561,"type":106}
@nix {"action":"stop","id":5429847979458568}
@nix {"action":"start","fields":["/tmp/obrador-shared-pins-linux/round-1-after/chain-round-1-jobs-8/store/v9drkv853wqy3pmplqkkg8hqfm37b2ma-leaf-2.drv.drv","/tmp/obrador-shared-pins-linux/round-1-after/chain-round-1-jobs-8/store/iw1qq16p0xfa607p7xim4k4q28mjw7xd-leaf-2.drv.drv"],"id":5429847979458569,"level":3,"parent":0,"text":"resolved derivation: '/tmp/obrador-shared-pins-linux/round-1-after/chain-round-1-jobs-8/store/v9drkv853wqy3pmplqkkg8hqfm37b2ma-leaf-2.drv.drv' -> '/tmp/obrador-shared-pins-linux/round-1-after/chain-round-1-jobs-8/store/iw1qq16p0xfa607p7xim4k4q28mjw7xd-leaf-2.drv.drv'","type":111}
@nix {"action":"result","fields":[5,36,0,0],"id":5429847979458562,"type":105}
@nix {"action":"result","fields":[0,0,0,0],"id":5429847979458563,"type":105}
@nix {"action":"result","fields":[101,0],"id":5429847979458561,"type":106}
@nix {"action":"result","fields":[100,0],"id":5429847979458561,"type":106}
@nix {"action":"start","fields":["/tmp/obrador-shared-pins-linux/round-1-after/chain-round-1-jobs-8/store/iw1qq16p0xfa607p7xim4k4q28mjw7xd-leaf-2.drv.drv","",1,1],"id":5429847979458570,"level":3,"parent":0,"text":"building '/tmp/obrador-shared-pins-linux/round-1-after/chain-round-1-jobs-8/store/iw1qq16p0xfa607p7xim4k4q28mjw7xd-leaf-2.drv.drv'","type":105}
@nix {"action":"result","fields":[5,36,1,0],"id":5429847979458562,"type":105}
@nix {"action":"result","fields":[0,0,0,0],"id":5429847979458563,"type":105}
@nix {"action":"result","fields":[101,0],"id":5429847979458561,"type":106}
@nix {"action":"result","fields":[100,0],"id":5429847979458561,"type":106}
@nix {"action":"result","fields":[6,37,0,0],"id":5429847979458562,"type":105}
@nix {"action":"result","fields":[0,0,0,0],"id":5429847979458563,"type":105}
@nix {"action":"result","fields":[101,0],"id":5429847979458561,"type":106}
@nix {"action":"result","fields":[100,0],"id":5429847979458561,"type":106}
@nix {"action":"stop","id":5429847979458570}
@nix {"action":"result","fields":[7,37,0,0],"id":5429847979458562,"type":105}
@nix {"action":"result","fields":[0,0,0,0],"id":5429847979458563,"type":105}
@nix {"action":"result","fields":[101,0],"id":5429847979458561,"type":106}
@nix {"action":"result","fields":[100,0],"id":5429847979458561,"type":106}
@nix {"action":"stop","id":5429847979458569}
@nix {"action":"result","fields":[7,37,0,0],"id":5429847979458562,"type":105}
@nix {"action":"result","fields":[0,0,0,0],"id":5429847979458563,"type":105}
@nix {"action":"result","fields":[101,0],"id":5429847979458561,"type":106}
@nix {"action":"result","fields":[100,0],"id":5429847979458561,"type":106}
@nix {"action":"start","fields":["/tmp/obrador-shared-pins-linux/round-1-after/chain-round-1-jobs-8/store/szhn75k785xd5dapdfn0w32by5ffc082-leaf-2.drv","",1,1],"id":5429847979458571,"level":3,"parent":0,"text":"building '/tmp/obrador-shared-pins-linux/round-1-after/chain-round-1-jobs-8/store/szhn75k785xd5dapdfn0w32by5ffc082-leaf-2.drv'","type":105}
@nix {"action":"result","fields":[7,37,1,0],"id":5429847979458562,"type":105}
@nix {"action":"result","fields":[0,0,0,0],"id":5429847979458563,"type":105}
@nix {"action":"result","fields":[101,0],"id":5429847979458561,"type":106}
@nix {"action":"result","fields":[100,0],"id":5429847979458561,"type":106}
@nix {"action":"result","fields":[8,38,0,0],"id":5429847979458562,"type":105}
@nix {"action":"result","fields":[0,0,0,0],"id":5429847979458563,"type":105}
@nix {"action":"result","fields":[101,0],"id":5429847979458561,"type":106}
@nix {"action":"result","fields":[100,0],"id":5429847979458561,"type":106}
@nix {"action":"stop","id":5429847979458571}
@nix {"action":"start","fields":["/tmp/obrador-shared-pins-linux/round-1-after/chain-round-1-jobs-8/store/2bi9lsklwjvk5v0iqdma9y04wcjm5rq2-leaf-3.drv.drv","/tmp/obrador-shared-pins-linux/round-1-after/chain-round-1-jobs-8/store/2xwmqhm70r3kbrld06sxvwf1llga4f9j-leaf-3.drv.drv"],"id":5429847979458572,"level":3,"parent":0,"text":"resolved derivation: '/tmp/obrador-shared-pins-linux/round-1-after/chain-round-1-jobs-8/store/2bi9lsklwjvk5v0iqdma9y04wcjm5rq2-leaf-3.drv.drv' -> '/tmp/obrador-shared-pins-linux/round-1-after/chain-round-1-jobs-8/store/2xwmqhm70r3kbrld06sxvwf1llga4f9j-leaf-3.drv.drv'","type":111}
@nix {"action":"result","fields":[8,38,0,0],"id":5429847979458562,"type":105}
@nix {"action":"result","fields":[0,0,0,0],"id":5429847979458563,"type":105}
@nix {"action":"result","fields":[101,0],"id":5429847979458561,"type":106}
@nix {"action":"result","fields":[100,0],"id":5429847979458561,"type":106}
@nix {"action":"start","fields":["/tmp/obrador-shared-pins-linux/round-1-after/chain-round-1-jobs-8/store/2xwmqhm70r3kbrld06sxvwf1llga4f9j-leaf-3.drv.drv","",1,1],"id":5429847979458573,"level":3,"parent":0,"text":"building '/tmp/obrador-shared-pins-linux/round-1-after/chain-round-1-jobs-8/store/2xwmqhm70r3kbrld06sxvwf1llga4f9j-leaf-3.drv.drv'","type":105}
@nix {"action":"result","fields":[8,38,1,0],"id":5429847979458562,"type":105}
@nix {"action":"result","fields":[0,0,0,0],"id":5429847979458563,"type":105}
@nix {"action":"result","fields":[101,0],"id":5429847979458561,"type":106}
@nix {"action":"result","fields":[100,0],"id":5429847979458561,"type":106}
@nix {"action":"result","fields":[9,39,0,0],"id":5429847979458562,"type":105}
@nix {"action":"result","fields":[0,0,0,0],"id":5429847979458563,"type":105}
@nix {"action":"result","fields":[101,0],"id":5429847979458561,"type":106}
@nix {"action":"result","fields":[100,0],"id":5429847979458561,"type":106}
@nix {"action":"stop","id":5429847979458573}
@nix {"action":"result","fields":[10,39,0,0],"id":5429847979458562,"type":105}
@nix {"action":"result","fields":[0,0,0,0],"id":5429847979458563,"type":105}
@nix {"action":"result","fields":[101,0],"id":5429847979458561,"type":106}
@nix {"action":"result","fields":[100,0],"id":5429847979458561,"type":106}
@nix {"action":"stop","id":5429847979458572}
@nix {"action":"result","fields":[10,39,0,0],"id":5429847979458562,"type":105}
@nix {"action":"result","fields":[0,0,0,0],"id":5429847979458563,"type":105}
@nix {"action":"result","fields":[101,0],"id":5429847979458561,"type":106}
@nix {"action":"result","fields":[100,0],"id":5429847979458561,"type":106}
@nix {"action":"start","fields":["/tmp/obrador-shared-pins-linux/round-1-after/chain-round-1-jobs-8/store/4r75g82irs743kyr70y785im72s0bzk4-leaf-3.drv","",1,1],"id":5429847979458574,"level":3,"parent":0,"text":"building '/tmp/obrador-shared-pins-linux/round-1-after/chain-round-1-jobs-8/store/4r75g82irs743kyr70y785im72s0bzk4-leaf-3.drv'","type":105}
@nix {"action":"result","fields":[10,39,1,0],"id":5429847979458562,"type":105}
@nix {"action":"result","fields":[0,0,0,0],"id":5429847979458563,"type":105}
@nix {"action":"result","fields":[101,0],"id":5429847979458561,"type":106}
@nix {"action":"result","fields":[100,0],"id":5429847979458561,"type":106}
@nix {"action":"result","fields":[11,40,0,0],"id":5429847979458562,"type":105}
@nix {"action":"result","fields":[0,0,0,0],"id":5429847979458563,"type":105}
@nix {"action":"result","fields":[101,0],"id":5429847979458561,"type":106}
@nix {"action":"result","fields":[100,0],"id":5429847979458561,"type":106}
@nix {"action":"stop","id":5429847979458574}
@nix {"action":"start","fields":["/tmp/obrador-shared-pins-linux/round-1-after/chain-round-1-jobs-8/store/a5ybkm746xjp4a5lycbppg5yjkdgx4gl-leaf-4.drv.drv","/tmp/obrador-shared-pins-linux/round-1-after/chain-round-1-jobs-8/store/9isp8r5rw15zilmflrq3j9ismi8nwhrk-leaf-4.drv.drv"],"id":5429847979458575,"level":3,"parent":0,"text":"resolved derivation: '/tmp/obrador-shared-pins-linux/round-1-after/chain-round-1-jobs-8/store/a5ybkm746xjp4a5lycbppg5yjkdgx4gl-leaf-4.drv.drv' -> '/tmp/obrador-shared-pins-linux/round-1-after/chain-round-1-jobs-8/store/9isp8r5rw15zilmflrq3j9ismi8nwhrk-leaf-4.drv.drv'","type":111}
@nix {"action":"result","fields":[11,40,0,0],"id":5429847979458562,"type":105}
@nix {"action":"result","fields":[0,0,0,0],"id":5429847979458563,"type":105}
@nix {"action":"result","fields":[101,0],"id":5429847979458561,"type":106}
@nix {"action":"result","fields":[100,0],"id":5429847979458561,"type":106}
@nix {"action":"start","fields":["/tmp/obrador-shared-pins-linux/round-1-after/chain-round-1-jobs-8/store/9isp8r5rw15zilmflrq3j9ismi8nwhrk-leaf-4.drv.drv","",1,1],"id":5429847979458576,"level":3,"parent":0,"text":"building '/tmp/obrador-shared-pins-linux/round-1-after/chain-round-1-jobs-8/store/9isp8r5rw15zilmflrq3j9ismi8nwhrk-leaf-4.drv.drv'","type":105}
@nix {"action":"result","fields":[11,40,1,0],"id":5429847979458562,"type":105}
@nix {"action":"result","fields":[0,0,0,0],"id":5429847979458563,"type":105}
@nix {"action":"result","fields":[101,0],"id":5429847979458561,"type":106}
@nix {"action":"result","fields":[100,0],"id":5429847979458561,"type":106}
@nix {"action":"result","fields":[12,41,0,0],"id":5429847979458562,"type":105}
@nix {"action":"result","fields":[0,0,0,0],"id":5429847979458563,"type":105}
@nix {"action":"result","fields":[101,0],"id":5429847979458561,"type":106}
@nix {"action":"result","fields":[100,0],"id":5429847979458561,"type":106}
@nix {"action":"stop","id":5429847979458576}
@nix {"action":"result","fields":[13,41,0,0],"id":5429847979458562,"type":105}
@nix {"action":"result","fields":[0,0,0,0],"id":5429847979458563,"type":105}
@nix {"action":"result","fields":[101,0],"id":5429847979458561,"type":106}
@nix {"action":"result","fields":[100,0],"id":5429847979458561,"type":106}
@nix {"action":"stop","id":5429847979458575}
@nix {"action":"result","fields":[13,41,0,0],"id":5429847979458562,"type":105}
@nix {"action":"result","fields":[0,0,0,0],"id":5429847979458563,"type":105}
@nix {"action":"result","fields":[101,0],"id":5429847979458561,"type":106}
@nix {"action":"result","fields":[100,0],"id":5429847979458561,"type":106}
@nix {"action":"start","fields":["/tmp/obrador-shared-pins-linux/round-1-after/chain-round-1-jobs-8/store/6yz0q1jjh7c761kybybipibhvj41afn3-leaf-4.drv","",1,1],"id":5429847979458577,"level":3,"parent":0,"text":"building '/tmp/obrador-shared-pins-linux/round-1-after/chain-round-1-jobs-8/store/6yz0q1jjh7c761kybybipibhvj41afn3-leaf-4.drv'","type":105}
@nix {"action":"result","fields":[13,41,1,0],"id":5429847979458562,"type":105}
@nix {"action":"result","fields":[0,0,0,0],"id":5429847979458563,"type":105}
@nix {"action":"result","fields":[101,0],"id":5429847979458561,"type":106}
@nix {"action":"result","fields":[100,0],"id":5429847979458561,"type":106}
@nix {"action":"result","fields":[14,42,0,0],"id":5429847979458562,"type":105}
@nix {"action":"result","fields":[0,0,0,0],"id":5429847979458563,"type":105}
@nix {"action":"result","fields":[101,0],"id":5429847979458561,"type":106}
@nix {"action":"result","fields":[100,0],"id":5429847979458561,"type":106}
@nix {"action":"stop","id":5429847979458577}
@nix {"action":"start","fields":["/tmp/obrador-shared-pins-linux/round-1-after/chain-round-1-jobs-8/store/nr87xj3rn3fk3fqn57p85knfqk2vqy0v-leaf-5.drv.drv","/tmp/obrador-shared-pins-linux/round-1-after/chain-round-1-jobs-8/store/2a0fdzjkcakasn93l9nnsiv3parpr1r9-leaf-5.drv.drv"],"id":5429847979458578,"level":3,"parent":0,"text":"resolved derivation: '/tmp/obrador-shared-pins-linux/round-1-after/chain-round-1-jobs-8/store/nr87xj3rn3fk3fqn57p85knfqk2vqy0v-leaf-5.drv.drv' -> '/tmp/obrador-shared-pins-linux/round-1-after/chain-round-1-jobs-8/store/2a0fdzjkcakasn93l9nnsiv3parpr1r9-leaf-5.drv.drv'","type":111}
@nix {"action":"result","fields":[14,42,0,0],"id":5429847979458562,"type":105}
@nix {"action":"result","fields":[0,0,0,0],"id":5429847979458563,"type":105}
@nix {"action":"result","fields":[101,0],"id":5429847979458561,"type":106}
@nix {"action":"result","fields":[100,0],"id":5429847979458561,"type":106}
@nix {"action":"start","fields":["/tmp/obrador-shared-pins-linux/round-1-after/chain-round-1-jobs-8/store/2a0fdzjkcakasn93l9nnsiv3parpr1r9-leaf-5.drv.drv","",1,1],"id":5429847979458579,"level":3,"parent":0,"text":"building '/tmp/obrador-shared-pins-linux/round-1-after/chain-round-1-jobs-8/store/2a0fdzjkcakasn93l9nnsiv3parpr1r9-leaf-5.drv.drv'","type":105}
@nix {"action":"result","fields":[14,42,1,0],"id":5429847979458562,"type":105}
@nix {"action":"result","fields":[0,0,0,0],"id":5429847979458563,"type":105}
@nix {"action":"result","fields":[101,0],"id":5429847979458561,"type":106}
@nix {"action":"result","fields":[100,0],"id":5429847979458561,"type":106}
@nix {"action":"result","fields":[15,43,0,0],"id":5429847979458562,"type":105}
@nix {"action":"result","fields":[0,0,0,0],"id":5429847979458563,"type":105}
@nix {"action":"result","fields":[101,0],"id":5429847979458561,"type":106}
@nix {"action":"result","fields":[100,0],"id":5429847979458561,"type":106}
@nix {"action":"stop","id":5429847979458579}
@nix {"action":"result","fields":[16,43,0,0],"id":5429847979458562,"type":105}
@nix {"action":"result","fields":[0,0,0,0],"id":5429847979458563,"type":105}
@nix {"action":"result","fields":[101,0],"id":5429847979458561,"type":106}
@nix {"action":"result","fields":[100,0],"id":5429847979458561,"type":106}
@nix {"action":"stop","id":5429847979458578}
@nix {"action":"result","fields":[16,43,0,0],"id":5429847979458562,"type":105}
@nix {"action":"result","fields":[0,0,0,0],"id":5429847979458563,"type":105}
@nix {"action":"result","fields":[101,0],"id":5429847979458561,"type":106}
@nix {"action":"result","fields":[100,0],"id":5429847979458561,"type":106}
@nix {"action":"start","fields":["/tmp/obrador-shared-pins-linux/round-1-after/chain-round-1-jobs-8/store/m5a08y0njm3cnbn0zrk6b1kc4y268bms-leaf-5.drv","",1,1],"id":5429847979458580,"level":3,"parent":0,"text":"building '/tmp/obrador-shared-pins-linux/round-1-after/chain-round-1-jobs-8/store/m5a08y0njm3cnbn0zrk6b1kc4y268bms-leaf-5.drv'","type":105}
@nix {"action":"result","fields":[16,43,1,0],"id":5429847979458562,"type":105}
@nix {"action":"result","fields":[0,0,0,0],"id":5429847979458563,"type":105}
@nix {"action":"result","fields":[101,0],"id":5429847979458561,"type":106}
@nix {"action":"result","fields":[100,0],"id":5429847979458561,"type":106}
@nix {"action":"result","fields":[17,44,0,0],"id":5429847979458562,"type":105}
@nix {"action":"result","fields":[0,0,0,0],"id":5429847979458563,"type":105}
@nix {"action":"result","fields":[101,0],"id":5429847979458561,"type":106}
@nix {"action":"result","fields":[100,0],"id":5429847979458561,"type":106}
@nix {"action":"stop","id":5429847979458580}
@nix {"action":"start","fields":["/tmp/obrador-shared-pins-linux/round-1-after/chain-round-1-jobs-8/store/3iaxz0djwqga16dz2b1zi4q6x28raicj-leaf-6.drv.drv","/tmp/obrador-shared-pins-linux/round-1-after/chain-round-1-jobs-8/store/584fh9hrw6mi8ig4g74j7bhgxahzzy40-leaf-6.drv.drv"],"id":5429847979458581,"level":3,"parent":0,"text":"resolved derivation: '/tmp/obrador-shared-pins-linux/round-1-after/chain-round-1-jobs-8/store/3iaxz0djwqga16dz2b1zi4q6x28raicj-leaf-6.drv.drv' -> '/tmp/obrador-shared-pins-linux/round-1-after/chain-round-1-jobs-8/store/584fh9hrw6mi8ig4g74j7bhgxahzzy40-leaf-6.drv.drv'","type":111}
@nix {"action":"result","fields":[17,44,0,0],"id":5429847979458562,"type":105}
@nix {"action":"result","fields":[0,0,0,0],"id":5429847979458563,"type":105}
@nix {"action":"result","fields":[101,0],"id":5429847979458561,"type":106}
@nix {"action":"result","fields":[100,0],"id":5429847979458561,"type":106}
@nix {"action":"start","fields":["/tmp/obrador-shared-pins-linux/round-1-after/chain-round-1-jobs-8/store/584fh9hrw6mi8ig4g74j7bhgxahzzy40-leaf-6.drv.drv","",1,1],"id":5429847979458582,"level":3,"parent":0,"text":"building '/tmp/obrador-shared-pins-linux/round-1-after/chain-round-1-jobs-8/store/584fh9hrw6mi8ig4g74j7bhgxahzzy40-leaf-6.drv.drv'","type":105}
@nix {"action":"result","fields":[17,44,1,0],"id":5429847979458562,"type":105}
@nix {"action":"result","fields":[0,0,0,0],"id":5429847979458563,"type":105}
@nix {"action":"result","fields":[101,0],"id":5429847979458561,"type":106}
@nix {"action":"result","fields":[100,0],"id":5429847979458561,"type":106}
@nix {"action":"result","fields":[18,45,0,0],"id":5429847979458562,"type":105}
@nix {"action":"result","fields":[0,0,0,0],"id":5429847979458563,"type":105}
@nix {"action":"result","fields":[101,0],"id":5429847979458561,"type":106}
@nix {"action":"result","fields":[100,0],"id":5429847979458561,"type":106}
@nix {"action":"stop","id":5429847979458582}
@nix {"action":"result","fields":[19,45,0,0],"id":5429847979458562,"type":105}
@nix {"action":"result","fields":[0,0,0,0],"id":5429847979458563,"type":105}
@nix {"action":"result","fields":[101,0],"id":5429847979458561,"type":106}
@nix {"action":"result","fields":[100,0],"id":5429847979458561,"type":106}
@nix {"action":"stop","id":5429847979458581}
@nix {"action":"result","fields":[19,45,0,0],"id":5429847979458562,"type":105}
@nix {"action":"result","fields":[0,0,0,0],"id":5429847979458563,"type":105}
@nix {"action":"result","fields":[101,0],"id":5429847979458561,"type":106}
@nix {"action":"result","fields":[100,0],"id":5429847979458561,"type":106}
@nix {"action":"start","fields":["/tmp/obrador-shared-pins-linux/round-1-after/chain-round-1-jobs-8/store/rrirsdwsvwn903rvbkyknxz4ynhn5w80-leaf-6.drv","",1,1],"id":5429847979458583,"level":3,"parent":0,"text":"building '/tmp/obrador-shared-pins-linux/round-1-after/chain-round-1-jobs-8/store/rrirsdwsvwn903rvbkyknxz4ynhn5w80-leaf-6.drv'","type":105}
@nix {"action":"result","fields":[19,45,1,0],"id":5429847979458562,"type":105}
@nix {"action":"result","fields":[0,0,0,0],"id":5429847979458563,"type":105}
@nix {"action":"result","fields":[101,0],"id":5429847979458561,"type":106}
@nix {"action":"result","fields":[100,0],"id":5429847979458561,"type":106}
@nix {"action":"result","fields":[20,46,0,0],"id":5429847979458562,"type":105}
@nix {"action":"result","fields":[0,0,0,0],"id":5429847979458563,"type":105}
@nix {"action":"result","fields":[101,0],"id":5429847979458561,"type":106}
@nix {"action":"result","fields":[100,0],"id":5429847979458561,"type":106}
@nix {"action":"stop","id":5429847979458583}
@nix {"action":"start","fields":["/tmp/obrador-shared-pins-linux/round-1-after/chain-round-1-jobs-8/store/5ibdbx09zilcpp1s07mhjv3bgvh2fpcr-leaf-7.drv.drv","/tmp/obrador-shared-pins-linux/round-1-after/chain-round-1-jobs-8/store/l2xh7bplv3h1jg2djp2l1k8xs5238w01-leaf-7.drv.drv"],"id":5429847979458584,"level":3,"parent":0,"text":"resolved derivation: '/tmp/obrador-shared-pins-linux/round-1-after/chain-round-1-jobs-8/store/5ibdbx09zilcpp1s07mhjv3bgvh2fpcr-leaf-7.drv.drv' -> '/tmp/obrador-shared-pins-linux/round-1-after/chain-round-1-jobs-8/store/l2xh7bplv3h1jg2djp2l1k8xs5238w01-leaf-7.drv.drv'","type":111}
@nix {"action":"result","fields":[20,46,0,0],"id":5429847979458562,"type":105}
@nix {"action":"result","fields":[0,0,0,0],"id":5429847979458563,"type":105}
@nix {"action":"result","fields":[101,0],"id":5429847979458561,"type":106}
@nix {"action":"result","fields":[100,0],"id":5429847979458561,"type":106}
@nix {"action":"start","fields":["/tmp/obrador-shared-pins-linux/round-1-after/chain-round-1-jobs-8/store/l2xh7bplv3h1jg2djp2l1k8xs5238w01-leaf-7.drv.drv","",1,1],"id":5429847979458585,"level":3,"parent":0,"text":"building '/tmp/obrador-shared-pins-linux/round-1-after/chain-round-1-jobs-8/store/l2xh7bplv3h1jg2djp2l1k8xs5238w01-leaf-7.drv.drv'","type":105}
@nix {"action":"result","fields":[20,46,1,0],"id":5429847979458562,"type":105}
@nix {"action":"result","fields":[0,0,0,0],"id":5429847979458563,"type":105}
@nix {"action":"result","fields":[101,0],"id":5429847979458561,"type":106}
@nix {"action":"result","fields":[100,0],"id":5429847979458561,"type":106}
@nix {"action":"result","fields":[21,47,0,0],"id":5429847979458562,"type":105}
@nix {"action":"result","fields":[0,0,0,0],"id":5429847979458563,"type":105}
@nix {"action":"result","fields":[101,0],"id":5429847979458561,"type":106}
@nix {"action":"result","fields":[100,0],"id":5429847979458561,"type":106}
@nix {"action":"stop","id":5429847979458585}
@nix {"action":"result","fields":[22,47,0,0],"id":5429847979458562,"type":105}
@nix {"action":"result","fields":[0,0,0,0],"id":5429847979458563,"type":105}
@nix {"action":"result","fields":[101,0],"id":5429847979458561,"type":106}
@nix {"action":"result","fields":[100,0],"id":5429847979458561,"type":106}
@nix {"action":"stop","id":5429847979458584}
@nix {"action":"result","fields":[22,47,0,0],"id":5429847979458562,"type":105}
@nix {"action":"result","fields":[0,0,0,0],"id":5429847979458563,"type":105}
@nix {"action":"result","fields":[101,0],"id":5429847979458561,"type":106}
@nix {"action":"result","fields":[100,0],"id":5429847979458561,"type":106}
@nix {"action":"start","fields":["/tmp/obrador-shared-pins-linux/round-1-after/chain-round-1-jobs-8/store/dq1f9k2yif2x7gl276003n47kf5g459v-leaf-7.drv","",1,1],"id":5429847979458586,"level":3,"parent":0,"text":"building '/tmp/obrador-shared-pins-linux/round-1-after/chain-round-1-jobs-8/store/dq1f9k2yif2x7gl276003n47kf5g459v-leaf-7.drv'","type":105}
@nix {"action":"result","fields":[22,47,1,0],"id":5429847979458562,"type":105}
@nix {"action":"result","fields":[0,0,0,0],"id":5429847979458563,"type":105}
@nix {"action":"result","fields":[101,0],"id":5429847979458561,"type":106}
@nix {"action":"result","fields":[100,0],"id":5429847979458561,"type":106}
@nix {"action":"result","fields":[23,48,0,0],"id":5429847979458562,"type":105}
@nix {"action":"result","fields":[0,0,0,0],"id":5429847979458563,"type":105}
@nix {"action":"result","fields":[101,0],"id":5429847979458561,"type":106}
@nix {"action":"result","fields":[100,0],"id":5429847979458561,"type":106}
@nix {"action":"stop","id":5429847979458586}
@nix {"action":"start","fields":["/tmp/obrador-shared-pins-linux/round-1-after/chain-round-1-jobs-8/store/iv5pqjikp2wcyk76cayln0gb43v9wzpl-leaf-8.drv.drv","/tmp/obrador-shared-pins-linux/round-1-after/chain-round-1-jobs-8/store/dpl5bn1wmlm62ha3fb4my0cz35a37pl8-leaf-8.drv.drv"],"id":5429847979458587,"level":3,"parent":0,"text":"resolved derivation: '/tmp/obrador-shared-pins-linux/round-1-after/chain-round-1-jobs-8/store/iv5pqjikp2wcyk76cayln0gb43v9wzpl-leaf-8.drv.drv' -> '/tmp/obrador-shared-pins-linux/round-1-after/chain-round-1-jobs-8/store/dpl5bn1wmlm62ha3fb4my0cz35a37pl8-leaf-8.drv.drv'","type":111}
@nix {"action":"result","fields":[23,48,0,0],"id":5429847979458562,"type":105}
@nix {"action":"result","fields":[0,0,0,0],"id":5429847979458563,"type":105}
@nix {"action":"result","fields":[101,0],"id":5429847979458561,"type":106}
@nix {"action":"result","fields":[100,0],"id":5429847979458561,"type":106}
@nix {"action":"start","fields":["/tmp/obrador-shared-pins-linux/round-1-after/chain-round-1-jobs-8/store/dpl5bn1wmlm62ha3fb4my0cz35a37pl8-leaf-8.drv.drv","",1,1],"id":5429847979458588,"level":3,"parent":0,"text":"building '/tmp/obrador-shared-pins-linux/round-1-after/chain-round-1-jobs-8/store/dpl5bn1wmlm62ha3fb4my0cz35a37pl8-leaf-8.drv.drv'","type":105}
@nix {"action":"result","fields":[23,48,1,0],"id":5429847979458562,"type":105}
@nix {"action":"result","fields":[0,0,0,0],"id":5429847979458563,"type":105}
@nix {"action":"result","fields":[101,0],"id":5429847979458561,"type":106}
@nix {"action":"result","fields":[100,0],"id":5429847979458561,"type":106}
@nix {"action":"result","fields":[24,49,0,0],"id":5429847979458562,"type":105}
@nix {"action":"result","fields":[0,0,0,0],"id":5429847979458563,"type":105}
@nix {"action":"result","fields":[101,0],"id":5429847979458561,"type":106}
@nix {"action":"result","fields":[100,0],"id":5429847979458561,"type":106}
@nix {"action":"stop","id":5429847979458588}
@nix {"action":"result","fields":[25,49,0,0],"id":5429847979458562,"type":105}
@nix {"action":"result","fields":[0,0,0,0],"id":5429847979458563,"type":105}
@nix {"action":"result","fields":[101,0],"id":5429847979458561,"type":106}
@nix {"action":"result","fields":[100,0],"id":5429847979458561,"type":106}
@nix {"action":"stop","id":5429847979458587}
@nix {"action":"result","fields":[25,49,0,0],"id":5429847979458562,"type":105}
@nix {"action":"result","fields":[0,0,0,0],"id":5429847979458563,"type":105}
@nix {"action":"result","fields":[101,0],"id":5429847979458561,"type":106}
@nix {"action":"result","fields":[100,0],"id":5429847979458561,"type":106}
@nix {"action":"start","fields":["/tmp/obrador-shared-pins-linux/round-1-after/chain-round-1-jobs-8/store/7jx612zx3r3s49d5bmpy3c9l48yysw6f-leaf-8.drv","",1,1],"id":5429847979458589,"level":3,"parent":0,"text":"building '/tmp/obrador-shared-pins-linux/round-1-after/chain-round-1-jobs-8/store/7jx612zx3r3s49d5bmpy3c9l48yysw6f-leaf-8.drv'","type":105}
@nix {"action":"result","fields":[25,49,1,0],"id":5429847979458562,"type":105}
@nix {"action":"result","fields":[0,0,0,0],"id":5429847979458563,"type":105}
@nix {"action":"result","fields":[101,0],"id":5429847979458561,"type":106}
@nix {"action":"result","fields":[100,0],"id":5429847979458561,"type":106}
@nix {"action":"result","fields":[26,50,0,0],"id":5429847979458562,"type":105}
@nix {"action":"result","fields":[0,0,0,0],"id":5429847979458563,"type":105}
@nix {"action":"result","fields":[101,0],"id":5429847979458561,"type":106}
@nix {"action":"result","fields":[100,0],"id":5429847979458561,"type":106}
@nix {"action":"stop","id":5429847979458589}
@nix {"action":"start","fields":["/tmp/obrador-shared-pins-linux/round-1-after/chain-round-1-jobs-8/store/as39inxn9amzms77rc01xghhiidc4sfv-leaf-9.drv.drv","/tmp/obrador-shared-pins-linux/round-1-after/chain-round-1-jobs-8/store/q0dccypn6nd77kfqaaq879s7a0s74116-leaf-9.drv.drv"],"id":5429847979458590,"level":3,"parent":0,"text":"resolved derivation: '/tmp/obrador-shared-pins-linux/round-1-after/chain-round-1-jobs-8/store/as39inxn9amzms77rc01xghhiidc4sfv-leaf-9.drv.drv' -> '/tmp/obrador-shared-pins-linux/round-1-after/chain-round-1-jobs-8/store/q0dccypn6nd77kfqaaq879s7a0s74116-leaf-9.drv.drv'","type":111}
@nix {"action":"result","fields":[26,50,0,0],"id":5429847979458562,"type":105}
@nix {"action":"result","fields":[0,0,0,0],"id":5429847979458563,"type":105}
@nix {"action":"result","fields":[101,0],"id":5429847979458561,"type":106}
@nix {"action":"result","fields":[100,0],"id":5429847979458561,"type":106}
@nix {"action":"start","fields":["/tmp/obrador-shared-pins-linux/round-1-after/chain-round-1-jobs-8/store/q0dccypn6nd77kfqaaq879s7a0s74116-leaf-9.drv.drv","",1,1],"id":5429847979458591,"level":3,"parent":0,"text":"building '/tmp/obrador-shared-pins-linux/round-1-after/chain-round-1-jobs-8/store/q0dccypn6nd77kfqaaq879s7a0s74116-leaf-9.drv.drv'","type":105}
@nix {"action":"result","fields":[26,50,1,0],"id":5429847979458562,"type":105}
@nix {"action":"result","fields":[0,0,0,0],"id":5429847979458563,"type":105}
@nix {"action":"result","fields":[101,0],"id":5429847979458561,"type":106}
@nix {"action":"result","fields":[100,0],"id":5429847979458561,"type":106}
@nix {"action":"result","fields":[27,51,0,0],"id":5429847979458562,"type":105}
@nix {"action":"result","fields":[0,0,0,0],"id":5429847979458563,"type":105}
@nix {"action":"result","fields":[101,0],"id":5429847979458561,"type":106}
@nix {"action":"result","fields":[100,0],"id":5429847979458561,"type":106}
@nix {"action":"stop","id":5429847979458591}
@nix {"action":"result","fields":[28,51,0,0],"id":5429847979458562,"type":105}
@nix {"action":"result","fields":[0,0,0,0],"id":5429847979458563,"type":105}
@nix {"action":"result","fields":[101,0],"id":5429847979458561,"type":106}
@nix {"action":"result","fields":[100,0],"id":5429847979458561,"type":106}
@nix {"action":"stop","id":5429847979458590}
@nix {"action":"result","fields":[28,51,0,0],"id":5429847979458562,"type":105}
@nix {"action":"result","fields":[0,0,0,0],"id":5429847979458563,"type":105}
@nix {"action":"result","fields":[101,0],"id":5429847979458561,"type":106}
@nix {"action":"result","fields":[100,0],"id":5429847979458561,"type":106}
@nix {"action":"start","fields":["/tmp/obrador-shared-pins-linux/round-1-after/chain-round-1-jobs-8/store/6i3pbvx941rabx02qabymixfzhl2yjm9-leaf-9.drv","",1,1],"id":5429847979458592,"level":3,"parent":0,"text":"building '/tmp/obrador-shared-pins-linux/round-1-after/chain-round-1-jobs-8/store/6i3pbvx941rabx02qabymixfzhl2yjm9-leaf-9.drv'","type":105}
@nix {"action":"result","fields":[28,51,1,0],"id":5429847979458562,"type":105}
@nix {"action":"result","fields":[0,0,0,0],"id":5429847979458563,"type":105}
@nix {"action":"result","fields":[101,0],"id":5429847979458561,"type":106}
@nix {"action":"result","fields":[100,0],"id":5429847979458561,"type":106}
@nix {"action":"result","fields":[29,52,0,0],"id":5429847979458562,"type":105}
@nix {"action":"result","fields":[0,0,0,0],"id":5429847979458563,"type":105}
@nix {"action":"result","fields":[101,0],"id":5429847979458561,"type":106}
@nix {"action":"result","fields":[100,0],"id":5429847979458561,"type":106}
@nix {"action":"stop","id":5429847979458592}
@nix {"action":"start","fields":["/tmp/obrador-shared-pins-linux/round-1-after/chain-round-1-jobs-8/store/fqi08i7sckm8r631j2ya1sgs8fbkkmzh-leaf-10.drv.drv","/tmp/obrador-shared-pins-linux/round-1-after/chain-round-1-jobs-8/store/75fcwpmka5a50x7l0mszjkcjqbq3drmh-leaf-10.drv.drv"],"id":5429847979458593,"level":3,"parent":0,"text":"resolved derivation: '/tmp/obrador-shared-pins-linux/round-1-after/chain-round-1-jobs-8/store/fqi08i7sckm8r631j2ya1sgs8fbkkmzh-leaf-10.drv.drv' -> '/tmp/obrador-shared-pins-linux/round-1-after/chain-round-1-jobs-8/store/75fcwpmka5a50x7l0mszjkcjqbq3drmh-leaf-10.drv.drv'","type":111}
@nix {"action":"result","fields":[29,52,0,0],"id":5429847979458562,"type":105}
@nix {"action":"result","fields":[0,0,0,0],"id":5429847979458563,"type":105}
@nix {"action":"result","fields":[101,0],"id":5429847979458561,"type":106}
@nix {"action":"result","fields":[100,0],"id":5429847979458561,"type":106}
@nix {"action":"start","fields":["/tmp/obrador-shared-pins-linux/round-1-after/chain-round-1-jobs-8/store/75fcwpmka5a50x7l0mszjkcjqbq3drmh-leaf-10.drv.drv","",1,1],"id":5429847979458594,"level":3,"parent":0,"text":"building '/tmp/obrador-shared-pins-linux/round-1-after/chain-round-1-jobs-8/store/75fcwpmka5a50x7l0mszjkcjqbq3drmh-leaf-10.drv.drv'","type":105}
@nix {"action":"result","fields":[29,52,1,0],"id":5429847979458562,"type":105}
@nix {"action":"result","fields":[0,0,0,0],"id":5429847979458563,"type":105}
@nix {"action":"result","fields":[101,0],"id":5429847979458561,"type":106}
@nix {"action":"result","fields":[100,0],"id":5429847979458561,"type":106}
@nix {"action":"result","fields":[30,53,0,0],"id":5429847979458562,"type":105}
@nix {"action":"result","fields":[0,0,0,0],"id":5429847979458563,"type":105}
@nix {"action":"result","fields":[101,0],"id":5429847979458561,"type":106}
@nix {"action":"result","fields":[100,0],"id":5429847979458561,"type":106}
@nix {"action":"stop","id":5429847979458594}
@nix {"action":"result","fields":[31,53,0,0],"id":5429847979458562,"type":105}
@nix {"action":"result","fields":[0,0,0,0],"id":5429847979458563,"type":105}
@nix {"action":"result","fields":[101,0],"id":5429847979458561,"type":106}
@nix {"action":"result","fields":[100,0],"id":5429847979458561,"type":106}
@nix {"action":"stop","id":5429847979458593}
@nix {"action":"result","fields":[31,53,0,0],"id":5429847979458562,"type":105}
@nix {"action":"result","fields":[0,0,0,0],"id":5429847979458563,"type":105}
@nix {"action":"result","fields":[101,0],"id":5429847979458561,"type":106}
@nix {"action":"result","fields":[100,0],"id":5429847979458561,"type":106}
@nix {"action":"start","fields":["/tmp/obrador-shared-pins-linux/round-1-after/chain-round-1-jobs-8/store/1qgg0zb3pg80x44mbkmx840klnygcry4-leaf-10.drv","",1,1],"id":5429847979458595,"level":3,"parent":0,"text":"building '/tmp/obrador-shared-pins-linux/round-1-after/chain-round-1-jobs-8/store/1qgg0zb3pg80x44mbkmx840klnygcry4-leaf-10.drv'","type":105}
@nix {"action":"result","fields":[31,53,1,0],"id":5429847979458562,"type":105}
@nix {"action":"result","fields":[0,0,0,0],"id":5429847979458563,"type":105}
@nix {"action":"result","fields":[101,0],"id":5429847979458561,"type":106}
@nix {"action":"result","fields":[100,0],"id":5429847979458561,"type":106}
@nix {"action":"result","fields":[32,54,0,0],"id":5429847979458562,"type":105}
@nix {"action":"result","fields":[0,0,0,0],"id":5429847979458563,"type":105}
@nix {"action":"result","fields":[101,0],"id":5429847979458561,"type":106}
@nix {"action":"result","fields":[100,0],"id":5429847979458561,"type":106}
@nix {"action":"stop","id":5429847979458595}
@nix {"action":"start","fields":["/tmp/obrador-shared-pins-linux/round-1-after/chain-round-1-jobs-8/store/pvw2c702lcxbcnx8w1h88wmcjyhrqcan-leaf-11.drv.drv","/tmp/obrador-shared-pins-linux/round-1-after/chain-round-1-jobs-8/store/mm3k5zpzblbpsy14z6j15avm681rgnnr-leaf-11.drv.drv"],"id":5429847979458596,"level":3,"parent":0,"text":"resolved derivation: '/tmp/obrador-shared-pins-linux/round-1-after/chain-round-1-jobs-8/store/pvw2c702lcxbcnx8w1h88wmcjyhrqcan-leaf-11.drv.drv' -> '/tmp/obrador-shared-pins-linux/round-1-after/chain-round-1-jobs-8/store/mm3k5zpzblbpsy14z6j15avm681rgnnr-leaf-11.drv.drv'","type":111}
@nix {"action":"result","fields":[32,54,0,0],"id":5429847979458562,"type":105}
@nix {"action":"result","fields":[0,0,0,0],"id":5429847979458563,"type":105}
@nix {"action":"result","fields":[101,0],"id":5429847979458561,"type":106}
@nix {"action":"result","fields":[100,0],"id":5429847979458561,"type":106}
@nix {"action":"start","fields":["/tmp/obrador-shared-pins-linux/round-1-after/chain-round-1-jobs-8/store/mm3k5zpzblbpsy14z6j15avm681rgnnr-leaf-11.drv.drv","",1,1],"id":5429847979458597,"level":3,"parent":0,"text":"building '/tmp/obrador-shared-pins-linux/round-1-after/chain-round-1-jobs-8/store/mm3k5zpzblbpsy14z6j15avm681rgnnr-leaf-11.drv.drv'","type":105}
@nix {"action":"result","fields":[32,54,1,0],"id":5429847979458562,"type":105}
@nix {"action":"result","fields":[0,0,0,0],"id":5429847979458563,"type":105}
@nix {"action":"result","fields":[101,0],"id":5429847979458561,"type":106}
@nix {"action":"result","fields":[100,0],"id":5429847979458561,"type":106}
@nix {"action":"result","fields":[33,55,0,0],"id":5429847979458562,"type":105}
@nix {"action":"result","fields":[0,0,0,0],"id":5429847979458563,"type":105}
@nix {"action":"result","fields":[101,0],"id":5429847979458561,"type":106}
@nix {"action":"result","fields":[100,0],"id":5429847979458561,"type":106}
@nix {"action":"stop","id":5429847979458597}
@nix {"action":"result","fields":[34,55,0,0],"id":5429847979458562,"type":105}
@nix {"action":"result","fields":[0,0,0,0],"id":5429847979458563,"type":105}
@nix {"action":"result","fields":[101,0],"id":5429847979458561,"type":106}
@nix {"action":"result","fields":[100,0],"id":5429847979458561,"type":106}
@nix {"action":"stop","id":5429847979458596}
@nix {"action":"result","fields":[34,55,0,0],"id":5429847979458562,"type":105}
@nix {"action":"result","fields":[0,0,0,0],"id":5429847979458563,"type":105}
@nix {"action":"result","fields":[101,0],"id":5429847979458561,"type":106}
@nix {"action":"result","fields":[100,0],"id":5429847979458561,"type":106}
@nix {"action":"start","fields":["/tmp/obrador-shared-pins-linux/round-1-after/chain-round-1-jobs-8/store/hlqibwq80bh544kj61832qw4khzsl9ch-leaf-11.drv","",1,1],"id":5429847979458598,"level":3,"parent":0,"text":"building '/tmp/obrador-shared-pins-linux/round-1-after/chain-round-1-jobs-8/store/hlqibwq80bh544kj61832qw4khzsl9ch-leaf-11.drv'","type":105}
@nix {"action":"result","fields":[34,55,1,0],"id":5429847979458562,"type":105}
@nix {"action":"result","fields":[0,0,0,0],"id":5429847979458563,"type":105}
@nix {"action":"result","fields":[101,0],"id":5429847979458561,"type":106}
@nix {"action":"result","fields":[100,0],"id":5429847979458561,"type":106}
@nix {"action":"result","fields":[35,56,0,0],"id":5429847979458562,"type":105}
@nix {"action":"result","fields":[0,0,0,0],"id":5429847979458563,"type":105}
@nix {"action":"result","fields":[101,0],"id":5429847979458561,"type":106}
@nix {"action":"result","fields":[100,0],"id":5429847979458561,"type":106}
@nix {"action":"stop","id":5429847979458598}
@nix {"action":"start","fields":["/tmp/obrador-shared-pins-linux/round-1-after/chain-round-1-jobs-8/store/1i1a61pcs0ap6xmvq1mljan8hx0i9f0k-leaf-12.drv.drv","/tmp/obrador-shared-pins-linux/round-1-after/chain-round-1-jobs-8/store/6w43mp5ig97cksprdgh3h81sgxy046hi-leaf-12.drv.drv"],"id":5429847979458599,"level":3,"parent":0,"text":"resolved derivation: '/tmp/obrador-shared-pins-linux/round-1-after/chain-round-1-jobs-8/store/1i1a61pcs0ap6xmvq1mljan8hx0i9f0k-leaf-12.drv.drv' -> '/tmp/obrador-shared-pins-linux/round-1-after/chain-round-1-jobs-8/store/6w43mp5ig97cksprdgh3h81sgxy046hi-leaf-12.drv.drv'","type":111}
@nix {"action":"result","fields":[35,56,0,0],"id":5429847979458562,"type":105}
@nix {"action":"result","fields":[0,0,0,0],"id":5429847979458563,"type":105}
@nix {"action":"result","fields":[101,0],"id":5429847979458561,"type":106}
@nix {"action":"result","fields":[100,0],"id":5429847979458561,"type":106}
@nix {"action":"start","fields":["/tmp/obrador-shared-pins-linux/round-1-after/chain-round-1-jobs-8/store/6w43mp5ig97cksprdgh3h81sgxy046hi-leaf-12.drv.drv","",1,1],"id":5429847979458600,"level":3,"parent":0,"text":"building '/tmp/obrador-shared-pins-linux/round-1-after/chain-round-1-jobs-8/store/6w43mp5ig97cksprdgh3h81sgxy046hi-leaf-12.drv.drv'","type":105}
@nix {"action":"result","fields":[35,56,1,0],"id":5429847979458562,"type":105}
@nix {"action":"result","fields":[0,0,0,0],"id":5429847979458563,"type":105}
@nix {"action":"result","fields":[101,0],"id":5429847979458561,"type":106}
@nix {"action":"result","fields":[100,0],"id":5429847979458561,"type":106}
@nix {"action":"result","fields":[36,57,0,0],"id":5429847979458562,"type":105}
@nix {"action":"result","fields":[0,0,0,0],"id":5429847979458563,"type":105}
@nix {"action":"result","fields":[101,0],"id":5429847979458561,"type":106}
@nix {"action":"result","fields":[100,0],"id":5429847979458561,"type":106}
@nix {"action":"stop","id":5429847979458600}
@nix {"action":"result","fields":[37,57,0,0],"id":5429847979458562,"type":105}
@nix {"action":"result","fields":[0,0,0,0],"id":5429847979458563,"type":105}
@nix {"action":"result","fields":[101,0],"id":5429847979458561,"type":106}
@nix {"action":"result","fields":[100,0],"id":5429847979458561,"type":106}
@nix {"action":"stop","id":5429847979458599}
@nix {"action":"result","fields":[37,57,0,0],"id":5429847979458562,"type":105}
@nix {"action":"result","fields":[0,0,0,0],"id":5429847979458563,"type":105}
@nix {"action":"result","fields":[101,0],"id":5429847979458561,"type":106}
@nix {"action":"result","fields":[100,0],"id":5429847979458561,"type":106}
@nix {"action":"start","fields":["/tmp/obrador-shared-pins-linux/round-1-after/chain-round-1-jobs-8/store/c4qn3s4brxazrqmxxrbzawsxh79fv69x-leaf-12.drv","",1,1],"id":5429847979458601,"level":3,"parent":0,"text":"building '/tmp/obrador-shared-pins-linux/round-1-after/chain-round-1-jobs-8/store/c4qn3s4brxazrqmxxrbzawsxh79fv69x-leaf-12.drv'","type":105}
@nix {"action":"result","fields":[37,57,1,0],"id":5429847979458562,"type":105}
@nix {"action":"result","fields":[0,0,0,0],"id":5429847979458563,"type":105}
@nix {"action":"result","fields":[101,0],"id":5429847979458561,"type":106}
@nix {"action":"result","fields":[100,0],"id":5429847979458561,"type":106}
@nix {"action":"result","fields":[38,58,0,0],"id":5429847979458562,"type":105}
@nix {"action":"result","fields":[0,0,0,0],"id":5429847979458563,"type":105}
@nix {"action":"result","fields":[101,0],"id":5429847979458561,"type":106}
@nix {"action":"result","fields":[100,0],"id":5429847979458561,"type":106}
@nix {"action":"stop","id":5429847979458601}
@nix {"action":"start","fields":["/tmp/obrador-shared-pins-linux/round-1-after/chain-round-1-jobs-8/store/wiwcxmxq3pazv0b7kc26d8896ifhf3jx-leaf-13.drv.drv","/tmp/obrador-shared-pins-linux/round-1-after/chain-round-1-jobs-8/store/wmxbk076n09nfb5wn20vpixk58fmvi1v-leaf-13.drv.drv"],"id":5429847979458602,"level":3,"parent":0,"text":"resolved derivation: '/tmp/obrador-shared-pins-linux/round-1-after/chain-round-1-jobs-8/store/wiwcxmxq3pazv0b7kc26d8896ifhf3jx-leaf-13.drv.drv' -> '/tmp/obrador-shared-pins-linux/round-1-after/chain-round-1-jobs-8/store/wmxbk076n09nfb5wn20vpixk58fmvi1v-leaf-13.drv.drv'","type":111}
@nix {"action":"result","fields":[38,58,0,0],"id":5429847979458562,"type":105}
@nix {"action":"result","fields":[0,0,0,0],"id":5429847979458563,"type":105}
@nix {"action":"result","fields":[101,0],"id":5429847979458561,"type":106}
@nix {"action":"result","fields":[100,0],"id":5429847979458561,"type":106}
@nix {"action":"start","fields":["/tmp/obrador-shared-pins-linux/round-1-after/chain-round-1-jobs-8/store/wmxbk076n09nfb5wn20vpixk58fmvi1v-leaf-13.drv.drv","",1,1],"id":5429847979458603,"level":3,"parent":0,"text":"building '/tmp/obrador-shared-pins-linux/round-1-after/chain-round-1-jobs-8/store/wmxbk076n09nfb5wn20vpixk58fmvi1v-leaf-13.drv.drv'","type":105}
@nix {"action":"result","fields":[38,58,1,0],"id":5429847979458562,"type":105}
@nix {"action":"result","fields":[0,0,0,0],"id":5429847979458563,"type":105}
@nix {"action":"result","fields":[101,0],"id":5429847979458561,"type":106}
@nix {"action":"result","fields":[100,0],"id":5429847979458561,"type":106}
@nix {"action":"result","fields":[39,59,0,0],"id":5429847979458562,"type":105}
@nix {"action":"result","fields":[0,0,0,0],"id":5429847979458563,"type":105}
@nix {"action":"result","fields":[101,0],"id":5429847979458561,"type":106}
@nix {"action":"result","fields":[100,0],"id":5429847979458561,"type":106}
@nix {"action":"stop","id":5429847979458603}
@nix {"action":"result","fields":[40,59,0,0],"id":5429847979458562,"type":105}
@nix {"action":"result","fields":[0,0,0,0],"id":5429847979458563,"type":105}
@nix {"action":"result","fields":[101,0],"id":5429847979458561,"type":106}
@nix {"action":"result","fields":[100,0],"id":5429847979458561,"type":106}
@nix {"action":"stop","id":5429847979458602}
@nix {"action":"result","fields":[40,59,0,0],"id":5429847979458562,"type":105}
@nix {"action":"result","fields":[0,0,0,0],"id":5429847979458563,"type":105}
@nix {"action":"result","fields":[101,0],"id":5429847979458561,"type":106}
@nix {"action":"result","fields":[100,0],"id":5429847979458561,"type":106}
@nix {"action":"start","fields":["/tmp/obrador-shared-pins-linux/round-1-after/chain-round-1-jobs-8/store/apng582cja9fydi6l064slifl34s3aj1-leaf-13.drv","",1,1],"id":5429847979458604,"level":3,"parent":0,"text":"building '/tmp/obrador-shared-pins-linux/round-1-after/chain-round-1-jobs-8/store/apng582cja9fydi6l064slifl34s3aj1-leaf-13.drv'","type":105}
@nix {"action":"result","fields":[40,59,1,0],"id":5429847979458562,"type":105}
@nix {"action":"result","fields":[0,0,0,0],"id":5429847979458563,"type":105}
@nix {"action":"result","fields":[101,0],"id":5429847979458561,"type":106}
@nix {"action":"result","fields":[100,0],"id":5429847979458561,"type":106}
@nix {"action":"result","fields":[41,60,0,0],"id":5429847979458562,"type":105}
@nix {"action":"result","fields":[0,0,0,0],"id":5429847979458563,"type":105}
@nix {"action":"result","fields":[101,0],"id":5429847979458561,"type":106}
@nix {"action":"result","fields":[100,0],"id":5429847979458561,"type":106}
@nix {"action":"stop","id":5429847979458604}
@nix {"action":"start","fields":["/tmp/obrador-shared-pins-linux/round-1-after/chain-round-1-jobs-8/store/hslk4lhcgmwanbdna25khiq25kn5pcs4-leaf-14.drv.drv","/tmp/obrador-shared-pins-linux/round-1-after/chain-round-1-jobs-8/store/4s14421fj64nccf6izn8b2ajaf6lykr2-leaf-14.drv.drv"],"id":5429847979458605,"level":3,"parent":0,"text":"resolved derivation: '/tmp/obrador-shared-pins-linux/round-1-after/chain-round-1-jobs-8/store/hslk4lhcgmwanbdna25khiq25kn5pcs4-leaf-14.drv.drv' -> '/tmp/obrador-shared-pins-linux/round-1-after/chain-round-1-jobs-8/store/4s14421fj64nccf6izn8b2ajaf6lykr2-leaf-14.drv.drv'","type":111}
@nix {"action":"result","fields":[41,60,0,0],"id":5429847979458562,"type":105}
@nix {"action":"result","fields":[0,0,0,0],"id":5429847979458563,"type":105}
@nix {"action":"result","fields":[101,0],"id":5429847979458561,"type":106}
@nix {"action":"result","fields":[100,0],"id":5429847979458561,"type":106}
@nix {"action":"start","fields":["/tmp/obrador-shared-pins-linux/round-1-after/chain-round-1-jobs-8/store/4s14421fj64nccf6izn8b2ajaf6lykr2-leaf-14.drv.drv","",1,1],"id":5429847979458606,"level":3,"parent":0,"text":"building '/tmp/obrador-shared-pins-linux/round-1-after/chain-round-1-jobs-8/store/4s14421fj64nccf6izn8b2ajaf6lykr2-leaf-14.drv.drv'","type":105}
@nix {"action":"result","fields":[41,60,1,0],"id":5429847979458562,"type":105}
@nix {"action":"result","fields":[0,0,0,0],"id":5429847979458563,"type":105}
@nix {"action":"result","fields":[101,0],"id":5429847979458561,"type":106}
@nix {"action":"result","fields":[100,0],"id":5429847979458561,"type":106}
@nix {"action":"result","fields":[42,61,0,0],"id":5429847979458562,"type":105}
@nix {"action":"result","fields":[0,0,0,0],"id":5429847979458563,"type":105}
@nix {"action":"result","fields":[101,0],"id":5429847979458561,"type":106}
@nix {"action":"result","fields":[100,0],"id":5429847979458561,"type":106}
@nix {"action":"stop","id":5429847979458606}
@nix {"action":"result","fields":[43,61,0,0],"id":5429847979458562,"type":105}
@nix {"action":"result","fields":[0,0,0,0],"id":5429847979458563,"type":105}
@nix {"action":"result","fields":[101,0],"id":5429847979458561,"type":106}
@nix {"action":"result","fields":[100,0],"id":5429847979458561,"type":106}
@nix {"action":"stop","id":5429847979458605}
@nix {"action":"result","fields":[43,61,0,0],"id":5429847979458562,"type":105}
@nix {"action":"result","fields":[0,0,0,0],"id":5429847979458563,"type":105}
@nix {"action":"result","fields":[101,0],"id":5429847979458561,"type":106}
@nix {"action":"result","fields":[100,0],"id":5429847979458561,"type":106}
@nix {"action":"start","fields":["/tmp/obrador-shared-pins-linux/round-1-after/chain-round-1-jobs-8/store/b2lrsf3nvfscqyy8shx2xpbg295qn4gl-leaf-14.drv","",1,1],"id":5429847979458607,"level":3,"parent":0,"text":"building '/tmp/obrador-shared-pins-linux/round-1-after/chain-round-1-jobs-8/store/b2lrsf3nvfscqyy8shx2xpbg295qn4gl-leaf-14.drv'","type":105}
@nix {"action":"result","fields":[43,61,1,0],"id":5429847979458562,"type":105}
@nix {"action":"result","fields":[0,0,0,0],"id":5429847979458563,"type":105}
@nix {"action":"result","fields":[101,0],"id":5429847979458561,"type":106}
@nix {"action":"result","fields":[100,0],"id":5429847979458561,"type":106}
@nix {"action":"result","fields":[44,62,0,0],"id":5429847979458562,"type":105}
@nix {"action":"result","fields":[0,0,0,0],"id":5429847979458563,"type":105}
@nix {"action":"result","fields":[101,0],"id":5429847979458561,"type":106}
@nix {"action":"result","fields":[100,0],"id":5429847979458561,"type":106}
@nix {"action":"stop","id":5429847979458607}
@nix {"action":"start","fields":["/tmp/obrador-shared-pins-linux/round-1-after/chain-round-1-jobs-8/store/p7wl5nzsir3gv2dmwxs92yavbfcds3zp-leaf-15.drv.drv","/tmp/obrador-shared-pins-linux/round-1-after/chain-round-1-jobs-8/store/sd4m8mawbxdyabi0b3laqh4hhmjw8zh8-leaf-15.drv.drv"],"id":5429847979458608,"level":3,"parent":0,"text":"resolved derivation: '/tmp/obrador-shared-pins-linux/round-1-after/chain-round-1-jobs-8/store/p7wl5nzsir3gv2dmwxs92yavbfcds3zp-leaf-15.drv.drv' -> '/tmp/obrador-shared-pins-linux/round-1-after/chain-round-1-jobs-8/store/sd4m8mawbxdyabi0b3laqh4hhmjw8zh8-leaf-15.drv.drv'","type":111}
@nix {"action":"result","fields":[44,62,0,0],"id":5429847979458562,"type":105}
@nix {"action":"result","fields":[0,0,0,0],"id":5429847979458563,"type":105}
@nix {"action":"result","fields":[101,0],"id":5429847979458561,"type":106}
@nix {"action":"result","fields":[100,0],"id":5429847979458561,"type":106}
@nix {"action":"start","fields":["/tmp/obrador-shared-pins-linux/round-1-after/chain-round-1-jobs-8/store/sd4m8mawbxdyabi0b3laqh4hhmjw8zh8-leaf-15.drv.drv","",1,1],"id":5429847979458609,"level":3,"parent":0,"text":"building '/tmp/obrador-shared-pins-linux/round-1-after/chain-round-1-jobs-8/store/sd4m8mawbxdyabi0b3laqh4hhmjw8zh8-leaf-15.drv.drv'","type":105}
@nix {"action":"result","fields":[44,62,1,0],"id":5429847979458562,"type":105}
@nix {"action":"result","fields":[0,0,0,0],"id":5429847979458563,"type":105}
@nix {"action":"result","fields":[101,0],"id":5429847979458561,"type":106}
@nix {"action":"result","fields":[100,0],"id":5429847979458561,"type":106}
@nix {"action":"result","fields":[45,63,0,0],"id":5429847979458562,"type":105}
@nix {"action":"result","fields":[0,0,0,0],"id":5429847979458563,"type":105}
@nix {"action":"result","fields":[101,0],"id":5429847979458561,"type":106}
@nix {"action":"result","fields":[100,0],"id":5429847979458561,"type":106}
@nix {"action":"stop","id":5429847979458609}
@nix {"action":"result","fields":[46,63,0,0],"id":5429847979458562,"type":105}
@nix {"action":"result","fields":[0,0,0,0],"id":5429847979458563,"type":105}
@nix {"action":"result","fields":[101,0],"id":5429847979458561,"type":106}
@nix {"action":"result","fields":[100,0],"id":5429847979458561,"type":106}
@nix {"action":"stop","id":5429847979458608}
@nix {"action":"result","fields":[46,63,0,0],"id":5429847979458562,"type":105}
@nix {"action":"result","fields":[0,0,0,0],"id":5429847979458563,"type":105}
@nix {"action":"result","fields":[101,0],"id":5429847979458561,"type":106}
@nix {"action":"result","fields":[100,0],"id":5429847979458561,"type":106}
@nix {"action":"start","fields":["/tmp/obrador-shared-pins-linux/round-1-after/chain-round-1-jobs-8/store/kw13y5vx1qc5z14aypf0pzr3xixcgk8v-leaf-15.drv","",1,1],"id":5429847979458610,"level":3,"parent":0,"text":"building '/tmp/obrador-shared-pins-linux/round-1-after/chain-round-1-jobs-8/store/kw13y5vx1qc5z14aypf0pzr3xixcgk8v-leaf-15.drv'","type":105}
@nix {"action":"result","fields":[46,63,1,0],"id":5429847979458562,"type":105}
@nix {"action":"result","fields":[0,0,0,0],"id":5429847979458563,"type":105}
@nix {"action":"result","fields":[101,0],"id":5429847979458561,"type":106}
@nix {"action":"result","fields":[100,0],"id":5429847979458561,"type":106}
@nix {"action":"result","fields":[47,64,0,0],"id":5429847979458562,"type":105}
@nix {"action":"result","fields":[0,0,0,0],"id":5429847979458563,"type":105}
@nix {"action":"result","fields":[101,0],"id":5429847979458561,"type":106}
@nix {"action":"result","fields":[100,0],"id":5429847979458561,"type":106}
@nix {"action":"stop","id":5429847979458610}
@nix {"action":"start","fields":["/tmp/obrador-shared-pins-linux/round-1-after/chain-round-1-jobs-8/store/9vk4dbgq0lb6l6l0cllnmdik17ws7ad8-leaf-16.drv.drv","/tmp/obrador-shared-pins-linux/round-1-after/chain-round-1-jobs-8/store/n61q3j03fhrz4wvdakaxyyp8jrn33c5z-leaf-16.drv.drv"],"id":5429847979458611,"level":3,"parent":0,"text":"resolved derivation: '/tmp/obrador-shared-pins-linux/round-1-after/chain-round-1-jobs-8/store/9vk4dbgq0lb6l6l0cllnmdik17ws7ad8-leaf-16.drv.drv' -> '/tmp/obrador-shared-pins-linux/round-1-after/chain-round-1-jobs-8/store/n61q3j03fhrz4wvdakaxyyp8jrn33c5z-leaf-16.drv.drv'","type":111}
@nix {"action":"result","fields":[47,64,0,0],"id":5429847979458562,"type":105}
@nix {"action":"result","fields":[0,0,0,0],"id":5429847979458563,"type":105}
@nix {"action":"result","fields":[101,0],"id":5429847979458561,"type":106}
@nix {"action":"result","fields":[100,0],"id":5429847979458561,"type":106}
@nix {"action":"start","fields":["/tmp/obrador-shared-pins-linux/round-1-after/chain-round-1-jobs-8/store/n61q3j03fhrz4wvdakaxyyp8jrn33c5z-leaf-16.drv.drv","",1,1],"id":5429847979458612,"level":3,"parent":0,"text":"building '/tmp/obrador-shared-pins-linux/round-1-after/chain-round-1-jobs-8/store/n61q3j03fhrz4wvdakaxyyp8jrn33c5z-leaf-16.drv.drv'","type":105}
@nix {"action":"result","fields":[47,64,1,0],"id":5429847979458562,"type":105}
@nix {"action":"result","fields":[0,0,0,0],"id":5429847979458563,"type":105}
@nix {"action":"result","fields":[101,0],"id":5429847979458561,"type":106}
@nix {"action":"result","fields":[100,0],"id":5429847979458561,"type":106}
@nix {"action":"result","fields":[48,65,0,0],"id":5429847979458562,"type":105}
@nix {"action":"result","fields":[0,0,0,0],"id":5429847979458563,"type":105}
@nix {"action":"result","fields":[101,0],"id":5429847979458561,"type":106}
@nix {"action":"result","fields":[100,0],"id":5429847979458561,"type":106}
@nix {"action":"stop","id":5429847979458612}
@nix {"action":"result","fields":[49,65,0,0],"id":5429847979458562,"type":105}
@nix {"action":"result","fields":[0,0,0,0],"id":5429847979458563,"type":105}
@nix {"action":"result","fields":[101,0],"id":5429847979458561,"type":106}
@nix {"action":"result","fields":[100,0],"id":5429847979458561,"type":106}
@nix {"action":"stop","id":5429847979458611}
@nix {"action":"result","fields":[49,65,0,0],"id":5429847979458562,"type":105}
@nix {"action":"result","fields":[0,0,0,0],"id":5429847979458563,"type":105}
@nix {"action":"result","fields":[101,0],"id":5429847979458561,"type":106}
@nix {"action":"result","fields":[100,0],"id":5429847979458561,"type":106}
@nix {"action":"start","fields":["/tmp/obrador-shared-pins-linux/round-1-after/chain-round-1-jobs-8/store/684fg7r5ndl5q8vw2zw3a2cxkywa8bxa-leaf-16.drv","",1,1],"id":5429847979458613,"level":3,"parent":0,"text":"building '/tmp/obrador-shared-pins-linux/round-1-after/chain-round-1-jobs-8/store/684fg7r5ndl5q8vw2zw3a2cxkywa8bxa-leaf-16.drv'","type":105}
@nix {"action":"result","fields":[49,65,1,0],"id":5429847979458562,"type":105}
@nix {"action":"result","fields":[0,0,0,0],"id":5429847979458563,"type":105}
@nix {"action":"result","fields":[101,0],"id":5429847979458561,"type":106}
@nix {"action":"result","fields":[100,0],"id":5429847979458561,"type":106}
@nix {"action":"result","fields":[50,66,0,0],"id":5429847979458562,"type":105}
@nix {"action":"result","fields":[0,0,0,0],"id":5429847979458563,"type":105}
@nix {"action":"result","fields":[101,0],"id":5429847979458561,"type":106}
@nix {"action":"result","fields":[100,0],"id":5429847979458561,"type":106}
@nix {"action":"stop","id":5429847979458613}
@nix {"action":"start","fields":["/tmp/obrador-shared-pins-linux/round-1-after/chain-round-1-jobs-8/store/gw7sccpnghvjz7w9iyg2kdb061c5z6qm-leaf-17.drv.drv","/tmp/obrador-shared-pins-linux/round-1-after/chain-round-1-jobs-8/store/x6z7lm3lrd42qrwhxnr9dzx9dwns51l8-leaf-17.drv.drv"],"id":5429847979458614,"level":3,"parent":0,"text":"resolved derivation: '/tmp/obrador-shared-pins-linux/round-1-after/chain-round-1-jobs-8/store/gw7sccpnghvjz7w9iyg2kdb061c5z6qm-leaf-17.drv.drv' -> '/tmp/obrador-shared-pins-linux/round-1-after/chain-round-1-jobs-8/store/x6z7lm3lrd42qrwhxnr9dzx9dwns51l8-leaf-17.drv.drv'","type":111}
@nix {"action":"result","fields":[50,66,0,0],"id":5429847979458562,"type":105}
@nix {"action":"result","fields":[0,0,0,0],"id":5429847979458563,"type":105}
@nix {"action":"result","fields":[101,0],"id":5429847979458561,"type":106}
@nix {"action":"result","fields":[100,0],"id":5429847979458561,"type":106}
@nix {"action":"start","fields":["/tmp/obrador-shared-pins-linux/round-1-after/chain-round-1-jobs-8/store/x6z7lm3lrd42qrwhxnr9dzx9dwns51l8-leaf-17.drv.drv","",1,1],"id":5429847979458615,"level":3,"parent":0,"text":"building '/tmp/obrador-shared-pins-linux/round-1-after/chain-round-1-jobs-8/store/x6z7lm3lrd42qrwhxnr9dzx9dwns51l8-leaf-17.drv.drv'","type":105}
@nix {"action":"result","fields":[50,66,1,0],"id":5429847979458562,"type":105}
@nix {"action":"result","fields":[0,0,0,0],"id":5429847979458563,"type":105}
@nix {"action":"result","fields":[101,0],"id":5429847979458561,"type":106}
@nix {"action":"result","fields":[100,0],"id":5429847979458561,"type":106}
@nix {"action":"result","fields":[51,67,0,0],"id":5429847979458562,"type":105}
@nix {"action":"result","fields":[0,0,0,0],"id":5429847979458563,"type":105}
@nix {"action":"result","fields":[101,0],"id":5429847979458561,"type":106}
@nix {"action":"result","fields":[100,0],"id":5429847979458561,"type":106}
@nix {"action":"stop","id":5429847979458615}
@nix {"action":"result","fields":[52,67,0,0],"id":5429847979458562,"type":105}
@nix {"action":"result","fields":[0,0,0,0],"id":5429847979458563,"type":105}
@nix {"action":"result","fields":[101,0],"id":5429847979458561,"type":106}
@nix {"action":"result","fields":[100,0],"id":5429847979458561,"type":106}
@nix {"action":"stop","id":5429847979458614}
@nix {"action":"result","fields":[52,67,0,0],"id":5429847979458562,"type":105}
@nix {"action":"result","fields":[0,0,0,0],"id":5429847979458563,"type":105}
@nix {"action":"result","fields":[101,0],"id":5429847979458561,"type":106}
@nix {"action":"result","fields":[100,0],"id":5429847979458561,"type":106}
@nix {"action":"start","fields":["/tmp/obrador-shared-pins-linux/round-1-after/chain-round-1-jobs-8/store/kkza471zx165qan40m0x2xfl9vxr2nyx-leaf-17.drv","",1,1],"id":5429847979458616,"level":3,"parent":0,"text":"building '/tmp/obrador-shared-pins-linux/round-1-after/chain-round-1-jobs-8/store/kkza471zx165qan40m0x2xfl9vxr2nyx-leaf-17.drv'","type":105}
@nix {"action":"result","fields":[52,67,1,0],"id":5429847979458562,"type":105}
@nix {"action":"result","fields":[0,0,0,0],"id":5429847979458563,"type":105}
@nix {"action":"result","fields":[101,0],"id":5429847979458561,"type":106}
@nix {"action":"result","fields":[100,0],"id":5429847979458561,"type":106}
@nix {"action":"result","fields":[53,68,0,0],"id":5429847979458562,"type":105}
@nix {"action":"result","fields":[0,0,0,0],"id":5429847979458563,"type":105}
@nix {"action":"result","fields":[101,0],"id":5429847979458561,"type":106}
@nix {"action":"result","fields":[100,0],"id":5429847979458561,"type":106}
@nix {"action":"stop","id":5429847979458616}
@nix {"action":"start","fields":["/tmp/obrador-shared-pins-linux/round-1-after/chain-round-1-jobs-8/store/z2jws516zyviwix8zfkwq42jwpqi86w5-leaf-18.drv.drv","/tmp/obrador-shared-pins-linux/round-1-after/chain-round-1-jobs-8/store/0wilkd1qrvhaqkmbqyqnjh5zszxai8gy-leaf-18.drv.drv"],"id":5429847979458617,"level":3,"parent":0,"text":"resolved derivation: '/tmp/obrador-shared-pins-linux/round-1-after/chain-round-1-jobs-8/store/z2jws516zyviwix8zfkwq42jwpqi86w5-leaf-18.drv.drv' -> '/tmp/obrador-shared-pins-linux/round-1-after/chain-round-1-jobs-8/store/0wilkd1qrvhaqkmbqyqnjh5zszxai8gy-leaf-18.drv.drv'","type":111}
@nix {"action":"result","fields":[53,68,0,0],"id":5429847979458562,"type":105}
@nix {"action":"result","fields":[0,0,0,0],"id":5429847979458563,"type":105}
@nix {"action":"result","fields":[101,0],"id":5429847979458561,"type":106}
@nix {"action":"result","fields":[100,0],"id":5429847979458561,"type":106}
@nix {"action":"start","fields":["/tmp/obrador-shared-pins-linux/round-1-after/chain-round-1-jobs-8/store/0wilkd1qrvhaqkmbqyqnjh5zszxai8gy-leaf-18.drv.drv","",1,1],"id":5429847979458618,"level":3,"parent":0,"text":"building '/tmp/obrador-shared-pins-linux/round-1-after/chain-round-1-jobs-8/store/0wilkd1qrvhaqkmbqyqnjh5zszxai8gy-leaf-18.drv.drv'","type":105}
@nix {"action":"result","fields":[53,68,1,0],"id":5429847979458562,"type":105}
@nix {"action":"result","fields":[0,0,0,0],"id":5429847979458563,"type":105}
@nix {"action":"result","fields":[101,0],"id":5429847979458561,"type":106}
@nix {"action":"result","fields":[100,0],"id":5429847979458561,"type":106}
@nix {"action":"result","fields":[54,69,0,0],"id":5429847979458562,"type":105}
@nix {"action":"result","fields":[0,0,0,0],"id":5429847979458563,"type":105}
@nix {"action":"result","fields":[101,0],"id":5429847979458561,"type":106}
@nix {"action":"result","fields":[100,0],"id":5429847979458561,"type":106}
@nix {"action":"stop","id":5429847979458618}
@nix {"action":"result","fields":[55,69,0,0],"id":5429847979458562,"type":105}
@nix {"action":"result","fields":[0,0,0,0],"id":5429847979458563,"type":105}
@nix {"action":"result","fields":[101,0],"id":5429847979458561,"type":106}
@nix {"action":"result","fields":[100,0],"id":5429847979458561,"type":106}
@nix {"action":"stop","id":5429847979458617}
@nix {"action":"result","fields":[55,69,0,0],"id":5429847979458562,"type":105}
@nix {"action":"result","fields":[0,0,0,0],"id":5429847979458563,"type":105}
@nix {"action":"result","fields":[101,0],"id":5429847979458561,"type":106}
@nix {"action":"result","fields":[100,0],"id":5429847979458561,"type":106}
@nix {"action":"start","fields":["/tmp/obrador-shared-pins-linux/round-1-after/chain-round-1-jobs-8/store/x31mzfvhskr1qji3z71pa5sswd48ks5v-leaf-18.drv","",1,1],"id":5429847979458619,"level":3,"parent":0,"text":"building '/tmp/obrador-shared-pins-linux/round-1-after/chain-round-1-jobs-8/store/x31mzfvhskr1qji3z71pa5sswd48ks5v-leaf-18.drv'","type":105}
@nix {"action":"result","fields":[55,69,1,0],"id":5429847979458562,"type":105}
@nix {"action":"result","fields":[0,0,0,0],"id":5429847979458563,"type":105}
@nix {"action":"result","fields":[101,0],"id":5429847979458561,"type":106}
@nix {"action":"result","fields":[100,0],"id":5429847979458561,"type":106}
@nix {"action":"result","fields":[56,70,0,0],"id":5429847979458562,"type":105}
@nix {"action":"result","fields":[0,0,0,0],"id":5429847979458563,"type":105}
@nix {"action":"result","fields":[101,0],"id":5429847979458561,"type":106}
@nix {"action":"result","fields":[100,0],"id":5429847979458561,"type":106}
@nix {"action":"stop","id":5429847979458619}
@nix {"action":"start","fields":["/tmp/obrador-shared-pins-linux/round-1-after/chain-round-1-jobs-8/store/6vxb0ky3v0lxc9i2k3q7qbc6s17bbh6s-leaf-19.drv.drv","/tmp/obrador-shared-pins-linux/round-1-after/chain-round-1-jobs-8/store/gl3nh47bgghr77qp0fd0cpskyazyjv60-leaf-19.drv.drv"],"id":5429847979458620,"level":3,"parent":0,"text":"resolved derivation: '/tmp/obrador-shared-pins-linux/round-1-after/chain-round-1-jobs-8/store/6vxb0ky3v0lxc9i2k3q7qbc6s17bbh6s-leaf-19.drv.drv' -> '/tmp/obrador-shared-pins-linux/round-1-after/chain-round-1-jobs-8/store/gl3nh47bgghr77qp0fd0cpskyazyjv60-leaf-19.drv.drv'","type":111}
@nix {"action":"result","fields":[56,70,0,0],"id":5429847979458562,"type":105}
@nix {"action":"result","fields":[0,0,0,0],"id":5429847979458563,"type":105}
@nix {"action":"result","fields":[101,0],"id":5429847979458561,"type":106}
@nix {"action":"result","fields":[100,0],"id":5429847979458561,"type":106}
@nix {"action":"start","fields":["/tmp/obrador-shared-pins-linux/round-1-after/chain-round-1-jobs-8/store/gl3nh47bgghr77qp0fd0cpskyazyjv60-leaf-19.drv.drv","",1,1],"id":5429847979458621,"level":3,"parent":0,"text":"building '/tmp/obrador-shared-pins-linux/round-1-after/chain-round-1-jobs-8/store/gl3nh47bgghr77qp0fd0cpskyazyjv60-leaf-19.drv.drv'","type":105}
@nix {"action":"result","fields":[56,70,1,0],"id":5429847979458562,"type":105}
@nix {"action":"result","fields":[0,0,0,0],"id":5429847979458563,"type":105}
@nix {"action":"result","fields":[101,0],"id":5429847979458561,"type":106}
@nix {"action":"result","fields":[100,0],"id":5429847979458561,"type":106}
@nix {"action":"result","fields":[57,71,0,0],"id":5429847979458562,"type":105}
@nix {"action":"result","fields":[0,0,0,0],"id":5429847979458563,"type":105}
@nix {"action":"result","fields":[101,0],"id":5429847979458561,"type":106}
@nix {"action":"result","fields":[100,0],"id":5429847979458561,"type":106}
@nix {"action":"stop","id":5429847979458621}
@nix {"action":"result","fields":[58,71,0,0],"id":5429847979458562,"type":105}
@nix {"action":"result","fields":[0,0,0,0],"id":5429847979458563,"type":105}
@nix {"action":"result","fields":[101,0],"id":5429847979458561,"type":106}
@nix {"action":"result","fields":[100,0],"id":5429847979458561,"type":106}
@nix {"action":"stop","id":5429847979458620}
@nix {"action":"result","fields":[58,71,0,0],"id":5429847979458562,"type":105}
@nix {"action":"result","fields":[0,0,0,0],"id":5429847979458563,"type":105}
@nix {"action":"result","fields":[101,0],"id":5429847979458561,"type":106}
@nix {"action":"result","fields":[100,0],"id":5429847979458561,"type":106}
@nix {"action":"start","fields":["/tmp/obrador-shared-pins-linux/round-1-after/chain-round-1-jobs-8/store/cl1k3290pfvrwn5g0h97gvdrccbfbs2n-leaf-19.drv","",1,1],"id":5429847979458622,"level":3,"parent":0,"text":"building '/tmp/obrador-shared-pins-linux/round-1-after/chain-round-1-jobs-8/store/cl1k3290pfvrwn5g0h97gvdrccbfbs2n-leaf-19.drv'","type":105}
@nix {"action":"result","fields":[58,71,1,0],"id":5429847979458562,"type":105}
@nix {"action":"result","fields":[0,0,0,0],"id":5429847979458563,"type":105}
@nix {"action":"result","fields":[101,0],"id":5429847979458561,"type":106}
@nix {"action":"result","fields":[100,0],"id":5429847979458561,"type":106}
@nix {"action":"result","fields":[59,72,0,0],"id":5429847979458562,"type":105}
@nix {"action":"result","fields":[0,0,0,0],"id":5429847979458563,"type":105}
@nix {"action":"result","fields":[101,0],"id":5429847979458561,"type":106}
@nix {"action":"result","fields":[100,0],"id":5429847979458561,"type":106}
@nix {"action":"stop","id":5429847979458622}
@nix {"action":"start","fields":["/tmp/obrador-shared-pins-linux/round-1-after/chain-round-1-jobs-8/store/gm92piy0vr2g6djc5awv08hcyxdafki1-leaf-20.drv.drv","/tmp/obrador-shared-pins-linux/round-1-after/chain-round-1-jobs-8/store/cfpxqpspkjgp9da29n8b70m0r3r59ib5-leaf-20.drv.drv"],"id":5429847979458623,"level":3,"parent":0,"text":"resolved derivation: '/tmp/obrador-shared-pins-linux/round-1-after/chain-round-1-jobs-8/store/gm92piy0vr2g6djc5awv08hcyxdafki1-leaf-20.drv.drv' -> '/tmp/obrador-shared-pins-linux/round-1-after/chain-round-1-jobs-8/store/cfpxqpspkjgp9da29n8b70m0r3r59ib5-leaf-20.drv.drv'","type":111}
@nix {"action":"result","fields":[59,72,0,0],"id":5429847979458562,"type":105}
@nix {"action":"result","fields":[0,0,0,0],"id":5429847979458563,"type":105}
@nix {"action":"result","fields":[101,0],"id":5429847979458561,"type":106}
@nix {"action":"result","fields":[100,0],"id":5429847979458561,"type":106}
@nix {"action":"start","fields":["/tmp/obrador-shared-pins-linux/round-1-after/chain-round-1-jobs-8/store/cfpxqpspkjgp9da29n8b70m0r3r59ib5-leaf-20.drv.drv","",1,1],"id":5429847979458624,"level":3,"parent":0,"text":"building '/tmp/obrador-shared-pins-linux/round-1-after/chain-round-1-jobs-8/store/cfpxqpspkjgp9da29n8b70m0r3r59ib5-leaf-20.drv.drv'","type":105}
@nix {"action":"result","fields":[59,72,1,0],"id":5429847979458562,"type":105}
@nix {"action":"result","fields":[0,0,0,0],"id":5429847979458563,"type":105}
@nix {"action":"result","fields":[101,0],"id":5429847979458561,"type":106}
@nix {"action":"result","fields":[100,0],"id":5429847979458561,"type":106}
@nix {"action":"result","fields":[60,73,0,0],"id":5429847979458562,"type":105}
@nix {"action":"result","fields":[0,0,0,0],"id":5429847979458563,"type":105}
@nix {"action":"result","fields":[101,0],"id":5429847979458561,"type":106}
@nix {"action":"result","fields":[100,0],"id":5429847979458561,"type":106}
@nix {"action":"stop","id":5429847979458624}
@nix {"action":"result","fields":[61,73,0,0],"id":5429847979458562,"type":105}
@nix {"action":"result","fields":[0,0,0,0],"id":5429847979458563,"type":105}
@nix {"action":"result","fields":[101,0],"id":5429847979458561,"type":106}
@nix {"action":"result","fields":[100,0],"id":5429847979458561,"type":106}
@nix {"action":"stop","id":5429847979458623}
@nix {"action":"result","fields":[61,73,0,0],"id":5429847979458562,"type":105}
@nix {"action":"result","fields":[0,0,0,0],"id":5429847979458563,"type":105}
@nix {"action":"result","fields":[101,0],"id":5429847979458561,"type":106}
@nix {"action":"result","fields":[100,0],"id":5429847979458561,"type":106}
@nix {"action":"start","fields":["/tmp/obrador-shared-pins-linux/round-1-after/chain-round-1-jobs-8/store/l5n5mbd0bh1mf87qpaw3hzv0cy4bf5mm-leaf-20.drv","",1,1],"id":5429847979458625,"level":3,"parent":0,"text":"building '/tmp/obrador-shared-pins-linux/round-1-after/chain-round-1-jobs-8/store/l5n5mbd0bh1mf87qpaw3hzv0cy4bf5mm-leaf-20.drv'","type":105}
@nix {"action":"result","fields":[61,73,1,0],"id":5429847979458562,"type":105}
@nix {"action":"result","fields":[0,0,0,0],"id":5429847979458563,"type":105}
@nix {"action":"result","fields":[101,0],"id":5429847979458561,"type":106}
@nix {"action":"result","fields":[100,0],"id":5429847979458561,"type":106}
@nix {"action":"result","fields":[62,74,0,0],"id":5429847979458562,"type":105}
@nix {"action":"result","fields":[0,0,0,0],"id":5429847979458563,"type":105}
@nix {"action":"result","fields":[101,0],"id":5429847979458561,"type":106}
@nix {"action":"result","fields":[100,0],"id":5429847979458561,"type":106}
@nix {"action":"stop","id":5429847979458625}
@nix {"action":"start","fields":["/tmp/obrador-shared-pins-linux/round-1-after/chain-round-1-jobs-8/store/4p9mrgg3gmkx9c2phpp8ki3bxzywn0q8-leaf-21.drv.drv","/tmp/obrador-shared-pins-linux/round-1-after/chain-round-1-jobs-8/store/b30qci9yss0bwn0hsfk0j5738va9j0qa-leaf-21.drv.drv"],"id":5429847979458626,"level":3,"parent":0,"text":"resolved derivation: '/tmp/obrador-shared-pins-linux/round-1-after/chain-round-1-jobs-8/store/4p9mrgg3gmkx9c2phpp8ki3bxzywn0q8-leaf-21.drv.drv' -> '/tmp/obrador-shared-pins-linux/round-1-after/chain-round-1-jobs-8/store/b30qci9yss0bwn0hsfk0j5738va9j0qa-leaf-21.drv.drv'","type":111}
@nix {"action":"result","fields":[62,74,0,0],"id":5429847979458562,"type":105}
@nix {"action":"result","fields":[0,0,0,0],"id":5429847979458563,"type":105}
@nix {"action":"result","fields":[101,0],"id":5429847979458561,"type":106}
@nix {"action":"result","fields":[100,0],"id":5429847979458561,"type":106}
@nix {"action":"start","fields":["/tmp/obrador-shared-pins-linux/round-1-after/chain-round-1-jobs-8/store/b30qci9yss0bwn0hsfk0j5738va9j0qa-leaf-21.drv.drv","",1,1],"id":5429847979458627,"level":3,"parent":0,"text":"building '/tmp/obrador-shared-pins-linux/round-1-after/chain-round-1-jobs-8/store/b30qci9yss0bwn0hsfk0j5738va9j0qa-leaf-21.drv.drv'","type":105}
@nix {"action":"result","fields":[62,74,1,0],"id":5429847979458562,"type":105}
@nix {"action":"result","fields":[0,0,0,0],"id":5429847979458563,"type":105}
@nix {"action":"result","fields":[101,0],"id":5429847979458561,"type":106}
@nix {"action":"result","fields":[100,0],"id":5429847979458561,"type":106}
@nix {"action":"result","fields":[63,75,0,0],"id":5429847979458562,"type":105}
@nix {"action":"result","fields":[0,0,0,0],"id":5429847979458563,"type":105}
@nix {"action":"result","fields":[101,0],"id":5429847979458561,"type":106}
@nix {"action":"result","fields":[100,0],"id":5429847979458561,"type":106}
@nix {"action":"stop","id":5429847979458627}
@nix {"action":"result","fields":[64,75,0,0],"id":5429847979458562,"type":105}
@nix {"action":"result","fields":[0,0,0,0],"id":5429847979458563,"type":105}
@nix {"action":"result","fields":[101,0],"id":5429847979458561,"type":106}
@nix {"action":"result","fields":[100,0],"id":5429847979458561,"type":106}
@nix {"action":"stop","id":5429847979458626}
@nix {"action":"result","fields":[64,75,0,0],"id":5429847979458562,"type":105}
@nix {"action":"result","fields":[0,0,0,0],"id":5429847979458563,"type":105}
@nix {"action":"result","fields":[101,0],"id":5429847979458561,"type":106}
@nix {"action":"result","fields":[100,0],"id":5429847979458561,"type":106}
@nix {"action":"start","fields":["/tmp/obrador-shared-pins-linux/round-1-after/chain-round-1-jobs-8/store/dbi4cbhqzqb4waflmsg8dnc3y08vs0p0-leaf-21.drv","",1,1],"id":5429847979458628,"level":3,"parent":0,"text":"building '/tmp/obrador-shared-pins-linux/round-1-after/chain-round-1-jobs-8/store/dbi4cbhqzqb4waflmsg8dnc3y08vs0p0-leaf-21.drv'","type":105}
@nix {"action":"result","fields":[64,75,1,0],"id":5429847979458562,"type":105}
@nix {"action":"result","fields":[0,0,0,0],"id":5429847979458563,"type":105}
@nix {"action":"result","fields":[101,0],"id":5429847979458561,"type":106}
@nix {"action":"result","fields":[100,0],"id":5429847979458561,"type":106}
@nix {"action":"result","fields":[65,76,0,0],"id":5429847979458562,"type":105}
@nix {"action":"result","fields":[0,0,0,0],"id":5429847979458563,"type":105}
@nix {"action":"result","fields":[101,0],"id":5429847979458561,"type":106}
@nix {"action":"result","fields":[100,0],"id":5429847979458561,"type":106}
@nix {"action":"stop","id":5429847979458628}
@nix {"action":"start","fields":["/tmp/obrador-shared-pins-linux/round-1-after/chain-round-1-jobs-8/store/nczbfyf2z8nzx4z6jl6i2cpd7wqvvs9m-leaf-22.drv.drv","/tmp/obrador-shared-pins-linux/round-1-after/chain-round-1-jobs-8/store/bxzl662mlj6vkn4b4qva9zqa1r6ah4an-leaf-22.drv.drv"],"id":5429847979458629,"level":3,"parent":0,"text":"resolved derivation: '/tmp/obrador-shared-pins-linux/round-1-after/chain-round-1-jobs-8/store/nczbfyf2z8nzx4z6jl6i2cpd7wqvvs9m-leaf-22.drv.drv' -> '/tmp/obrador-shared-pins-linux/round-1-after/chain-round-1-jobs-8/store/bxzl662mlj6vkn4b4qva9zqa1r6ah4an-leaf-22.drv.drv'","type":111}
@nix {"action":"result","fields":[65,76,0,0],"id":5429847979458562,"type":105}
@nix {"action":"result","fields":[0,0,0,0],"id":5429847979458563,"type":105}
@nix {"action":"result","fields":[101,0],"id":5429847979458561,"type":106}
@nix {"action":"result","fields":[100,0],"id":5429847979458561,"type":106}
@nix {"action":"start","fields":["/tmp/obrador-shared-pins-linux/round-1-after/chain-round-1-jobs-8/store/bxzl662mlj6vkn4b4qva9zqa1r6ah4an-leaf-22.drv.drv","",1,1],"id":5429847979458630,"level":3,"parent":0,"text":"building '/tmp/obrador-shared-pins-linux/round-1-after/chain-round-1-jobs-8/store/bxzl662mlj6vkn4b4qva9zqa1r6ah4an-leaf-22.drv.drv'","type":105}
@nix {"action":"result","fields":[65,76,1,0],"id":5429847979458562,"type":105}
@nix {"action":"result","fields":[0,0,0,0],"id":5429847979458563,"type":105}
@nix {"action":"result","fields":[101,0],"id":5429847979458561,"type":106}
@nix {"action":"result","fields":[100,0],"id":5429847979458561,"type":106}
@nix {"action":"result","fields":[66,77,0,0],"id":5429847979458562,"type":105}
@nix {"action":"result","fields":[0,0,0,0],"id":5429847979458563,"type":105}
@nix {"action":"result","fields":[101,0],"id":5429847979458561,"type":106}
@nix {"action":"result","fields":[100,0],"id":5429847979458561,"type":106}
@nix {"action":"stop","id":5429847979458630}
@nix {"action":"result","fields":[67,77,0,0],"id":5429847979458562,"type":105}
@nix {"action":"result","fields":[0,0,0,0],"id":5429847979458563,"type":105}
@nix {"action":"result","fields":[101,0],"id":5429847979458561,"type":106}
@nix {"action":"result","fields":[100,0],"id":5429847979458561,"type":106}
@nix {"action":"stop","id":5429847979458629}
@nix {"action":"result","fields":[67,77,0,0],"id":5429847979458562,"type":105}
@nix {"action":"result","fields":[0,0,0,0],"id":5429847979458563,"type":105}
@nix {"action":"result","fields":[101,0],"id":5429847979458561,"type":106}
@nix {"action":"result","fields":[100,0],"id":5429847979458561,"type":106}
@nix {"action":"start","fields":["/tmp/obrador-shared-pins-linux/round-1-after/chain-round-1-jobs-8/store/5a2i78dm22s0y6gpln6hnyz6cbdfwnjg-leaf-22.drv","",1,1],"id":5429847979458631,"level":3,"parent":0,"text":"building '/tmp/obrador-shared-pins-linux/round-1-after/chain-round-1-jobs-8/store/5a2i78dm22s0y6gpln6hnyz6cbdfwnjg-leaf-22.drv'","type":105}
@nix {"action":"result","fields":[67,77,1,0],"id":5429847979458562,"type":105}
@nix {"action":"result","fields":[0,0,0,0],"id":5429847979458563,"type":105}
@nix {"action":"result","fields":[101,0],"id":5429847979458561,"type":106}
@nix {"action":"result","fields":[100,0],"id":5429847979458561,"type":106}
@nix {"action":"result","fields":[68,78,0,0],"id":5429847979458562,"type":105}
@nix {"action":"result","fields":[0,0,0,0],"id":5429847979458563,"type":105}
@nix {"action":"result","fields":[101,0],"id":5429847979458561,"type":106}
@nix {"action":"result","fields":[100,0],"id":5429847979458561,"type":106}
@nix {"action":"stop","id":5429847979458631}
@nix {"action":"start","fields":["/tmp/obrador-shared-pins-linux/round-1-after/chain-round-1-jobs-8/store/ywj0sz5flngdcpprpl3i9xfmkwpj49dc-leaf-23.drv.drv","/tmp/obrador-shared-pins-linux/round-1-after/chain-round-1-jobs-8/store/80dp77szxmwxjl4hp9p0azb83fm4py6x-leaf-23.drv.drv"],"id":5429847979458632,"level":3,"parent":0,"text":"resolved derivation: '/tmp/obrador-shared-pins-linux/round-1-after/chain-round-1-jobs-8/store/ywj0sz5flngdcpprpl3i9xfmkwpj49dc-leaf-23.drv.drv' -> '/tmp/obrador-shared-pins-linux/round-1-after/chain-round-1-jobs-8/store/80dp77szxmwxjl4hp9p0azb83fm4py6x-leaf-23.drv.drv'","type":111}
@nix {"action":"result","fields":[68,78,0,0],"id":5429847979458562,"type":105}
@nix {"action":"result","fields":[0,0,0,0],"id":5429847979458563,"type":105}
@nix {"action":"result","fields":[101,0],"id":5429847979458561,"type":106}
@nix {"action":"result","fields":[100,0],"id":5429847979458561,"type":106}
@nix {"action":"start","fields":["/tmp/obrador-shared-pins-linux/round-1-after/chain-round-1-jobs-8/store/80dp77szxmwxjl4hp9p0azb83fm4py6x-leaf-23.drv.drv","",1,1],"id":5429847979458633,"level":3,"parent":0,"text":"building '/tmp/obrador-shared-pins-linux/round-1-after/chain-round-1-jobs-8/store/80dp77szxmwxjl4hp9p0azb83fm4py6x-leaf-23.drv.drv'","type":105}
@nix {"action":"result","fields":[68,78,1,0],"id":5429847979458562,"type":105}
@nix {"action":"result","fields":[0,0,0,0],"id":5429847979458563,"type":105}
@nix {"action":"result","fields":[101,0],"id":5429847979458561,"type":106}
@nix {"action":"result","fields":[100,0],"id":5429847979458561,"type":106}
@nix {"action":"result","fields":[69,79,0,0],"id":5429847979458562,"type":105}
@nix {"action":"result","fields":[0,0,0,0],"id":5429847979458563,"type":105}
@nix {"action":"result","fields":[101,0],"id":5429847979458561,"type":106}
@nix {"action":"result","fields":[100,0],"id":5429847979458561,"type":106}
@nix {"action":"stop","id":5429847979458633}
@nix {"action":"result","fields":[70,79,0,0],"id":5429847979458562,"type":105}
@nix {"action":"result","fields":[0,0,0,0],"id":5429847979458563,"type":105}
@nix {"action":"result","fields":[101,0],"id":5429847979458561,"type":106}
@nix {"action":"result","fields":[100,0],"id":5429847979458561,"type":106}
@nix {"action":"stop","id":5429847979458632}
@nix {"action":"result","fields":[70,79,0,0],"id":5429847979458562,"type":105}
@nix {"action":"result","fields":[0,0,0,0],"id":5429847979458563,"type":105}
@nix {"action":"result","fields":[101,0],"id":5429847979458561,"type":106}
@nix {"action":"result","fields":[100,0],"id":5429847979458561,"type":106}
@nix {"action":"start","fields":["/tmp/obrador-shared-pins-linux/round-1-after/chain-round-1-jobs-8/store/31vakxvc74hpkgdf0cdm1yaa032kc4ax-leaf-23.drv","",1,1],"id":5429847979458634,"level":3,"parent":0,"text":"building '/tmp/obrador-shared-pins-linux/round-1-after/chain-round-1-jobs-8/store/31vakxvc74hpkgdf0cdm1yaa032kc4ax-leaf-23.drv'","type":105}
@nix {"action":"result","fields":[70,79,1,0],"id":5429847979458562,"type":105}
@nix {"action":"result","fields":[0,0,0,0],"id":5429847979458563,"type":105}
@nix {"action":"result","fields":[101,0],"id":5429847979458561,"type":106}
@nix {"action":"result","fields":[100,0],"id":5429847979458561,"type":106}
@nix {"action":"result","fields":[71,80,0,0],"id":5429847979458562,"type":105}
@nix {"action":"result","fields":[0,0,0,0],"id":5429847979458563,"type":105}
@nix {"action":"result","fields":[101,0],"id":5429847979458561,"type":106}
@nix {"action":"result","fields":[100,0],"id":5429847979458561,"type":106}
@nix {"action":"stop","id":5429847979458634}
@nix {"action":"start","fields":["/tmp/obrador-shared-pins-linux/round-1-after/chain-round-1-jobs-8/store/mgsvz8immjq2p0y7m5jlksdgfqbxd9q0-leaf-24.drv.drv","/tmp/obrador-shared-pins-linux/round-1-after/chain-round-1-jobs-8/store/183pkami7ic9mz48wzizy0167ajx0k5c-leaf-24.drv.drv"],"id":5429847979458635,"level":3,"parent":0,"text":"resolved derivation: '/tmp/obrador-shared-pins-linux/round-1-after/chain-round-1-jobs-8/store/mgsvz8immjq2p0y7m5jlksdgfqbxd9q0-leaf-24.drv.drv' -> '/tmp/obrador-shared-pins-linux/round-1-after/chain-round-1-jobs-8/store/183pkami7ic9mz48wzizy0167ajx0k5c-leaf-24.drv.drv'","type":111}
@nix {"action":"result","fields":[71,80,0,0],"id":5429847979458562,"type":105}
@nix {"action":"result","fields":[0,0,0,0],"id":5429847979458563,"type":105}
@nix {"action":"result","fields":[101,0],"id":5429847979458561,"type":106}
@nix {"action":"result","fields":[100,0],"id":5429847979458561,"type":106}
@nix {"action":"start","fields":["/tmp/obrador-shared-pins-linux/round-1-after/chain-round-1-jobs-8/store/183pkami7ic9mz48wzizy0167ajx0k5c-leaf-24.drv.drv","",1,1],"id":5429847979458636,"level":3,"parent":0,"text":"building '/tmp/obrador-shared-pins-linux/round-1-after/chain-round-1-jobs-8/store/183pkami7ic9mz48wzizy0167ajx0k5c-leaf-24.drv.drv'","type":105}
@nix {"action":"result","fields":[71,80,1,0],"id":5429847979458562,"type":105}
@nix {"action":"result","fields":[0,0,0,0],"id":5429847979458563,"type":105}
@nix {"action":"result","fields":[101,0],"id":5429847979458561,"type":106}
@nix {"action":"result","fields":[100,0],"id":5429847979458561,"type":106}
@nix {"action":"result","fields":[72,81,0,0],"id":5429847979458562,"type":105}
@nix {"action":"result","fields":[0,0,0,0],"id":5429847979458563,"type":105}
@nix {"action":"result","fields":[101,0],"id":5429847979458561,"type":106}
@nix {"action":"result","fields":[100,0],"id":5429847979458561,"type":106}
@nix {"action":"stop","id":5429847979458636}
@nix {"action":"result","fields":[73,81,0,0],"id":5429847979458562,"type":105}
@nix {"action":"result","fields":[0,0,0,0],"id":5429847979458563,"type":105}
@nix {"action":"result","fields":[101,0],"id":5429847979458561,"type":106}
@nix {"action":"result","fields":[100,0],"id":5429847979458561,"type":106}
@nix {"action":"stop","id":5429847979458635}
@nix {"action":"result","fields":[73,81,0,0],"id":5429847979458562,"type":105}
@nix {"action":"result","fields":[0,0,0,0],"id":5429847979458563,"type":105}
@nix {"action":"result","fields":[101,0],"id":5429847979458561,"type":106}
@nix {"action":"result","fields":[100,0],"id":5429847979458561,"type":106}
@nix {"action":"start","fields":["/tmp/obrador-shared-pins-linux/round-1-after/chain-round-1-jobs-8/store/99xgbaqafcd6kbvhbhzi3m2kk6ij0i6q-leaf-24.drv","",1,1],"id":5429847979458637,"level":3,"parent":0,"text":"building '/tmp/obrador-shared-pins-linux/round-1-after/chain-round-1-jobs-8/store/99xgbaqafcd6kbvhbhzi3m2kk6ij0i6q-leaf-24.drv'","type":105}
@nix {"action":"result","fields":[73,81,1,0],"id":5429847979458562,"type":105}
@nix {"action":"result","fields":[0,0,0,0],"id":5429847979458563,"type":105}
@nix {"action":"result","fields":[101,0],"id":5429847979458561,"type":106}
@nix {"action":"result","fields":[100,0],"id":5429847979458561,"type":106}
@nix {"action":"result","fields":[74,82,0,0],"id":5429847979458562,"type":105}
@nix {"action":"result","fields":[0,0,0,0],"id":5429847979458563,"type":105}
@nix {"action":"result","fields":[101,0],"id":5429847979458561,"type":106}
@nix {"action":"result","fields":[100,0],"id":5429847979458561,"type":106}
@nix {"action":"stop","id":5429847979458637}
@nix {"action":"start","fields":["/tmp/obrador-shared-pins-linux/round-1-after/chain-round-1-jobs-8/store/fibrrya0if8qmbff2v7njgcgnv7i7q6w-leaf-25.drv.drv","/tmp/obrador-shared-pins-linux/round-1-after/chain-round-1-jobs-8/store/75msjg9xv1a68z7gx1qvyn8l9vaxmgg1-leaf-25.drv.drv"],"id":5429847979458638,"level":3,"parent":0,"text":"resolved derivation: '/tmp/obrador-shared-pins-linux/round-1-after/chain-round-1-jobs-8/store/fibrrya0if8qmbff2v7njgcgnv7i7q6w-leaf-25.drv.drv' -> '/tmp/obrador-shared-pins-linux/round-1-after/chain-round-1-jobs-8/store/75msjg9xv1a68z7gx1qvyn8l9vaxmgg1-leaf-25.drv.drv'","type":111}
@nix {"action":"result","fields":[74,82,0,0],"id":5429847979458562,"type":105}
@nix {"action":"result","fields":[0,0,0,0],"id":5429847979458563,"type":105}
@nix {"action":"result","fields":[101,0],"id":5429847979458561,"type":106}
@nix {"action":"result","fields":[100,0],"id":5429847979458561,"type":106}
@nix {"action":"start","fields":["/tmp/obrador-shared-pins-linux/round-1-after/chain-round-1-jobs-8/store/75msjg9xv1a68z7gx1qvyn8l9vaxmgg1-leaf-25.drv.drv","",1,1],"id":5429847979458639,"level":3,"parent":0,"text":"building '/tmp/obrador-shared-pins-linux/round-1-after/chain-round-1-jobs-8/store/75msjg9xv1a68z7gx1qvyn8l9vaxmgg1-leaf-25.drv.drv'","type":105}
@nix {"action":"result","fields":[74,82,1,0],"id":5429847979458562,"type":105}
@nix {"action":"result","fields":[0,0,0,0],"id":5429847979458563,"type":105}
@nix {"action":"result","fields":[101,0],"id":5429847979458561,"type":106}
@nix {"action":"result","fields":[100,0],"id":5429847979458561,"type":106}
@nix {"action":"result","fields":[75,83,0,0],"id":5429847979458562,"type":105}
@nix {"action":"result","fields":[0,0,0,0],"id":5429847979458563,"type":105}
@nix {"action":"result","fields":[101,0],"id":5429847979458561,"type":106}
@nix {"action":"result","fields":[100,0],"id":5429847979458561,"type":106}
@nix {"action":"stop","id":5429847979458639}
@nix {"action":"result","fields":[76,83,0,0],"id":5429847979458562,"type":105}
@nix {"action":"result","fields":[0,0,0,0],"id":5429847979458563,"type":105}
@nix {"action":"result","fields":[101,0],"id":5429847979458561,"type":106}
@nix {"action":"result","fields":[100,0],"id":5429847979458561,"type":106}
@nix {"action":"stop","id":5429847979458638}
@nix {"action":"result","fields":[76,83,0,0],"id":5429847979458562,"type":105}
@nix {"action":"result","fields":[0,0,0,0],"id":5429847979458563,"type":105}
@nix {"action":"result","fields":[101,0],"id":5429847979458561,"type":106}
@nix {"action":"result","fields":[100,0],"id":5429847979458561,"type":106}
@nix {"action":"start","fields":["/tmp/obrador-shared-pins-linux/round-1-after/chain-round-1-jobs-8/store/160i8i19424450r28i64ynqr74bp4fwg-leaf-25.drv","",1,1],"id":5429847979458640,"level":3,"parent":0,"text":"building '/tmp/obrador-shared-pins-linux/round-1-after/chain-round-1-jobs-8/store/160i8i19424450r28i64ynqr74bp4fwg-leaf-25.drv'","type":105}
@nix {"action":"result","fields":[76,83,1,0],"id":5429847979458562,"type":105}
@nix {"action":"result","fields":[0,0,0,0],"id":5429847979458563,"type":105}
@nix {"action":"result","fields":[101,0],"id":5429847979458561,"type":106}
@nix {"action":"result","fields":[100,0],"id":5429847979458561,"type":106}
@nix {"action":"result","fields":[77,84,0,0],"id":5429847979458562,"type":105}
@nix {"action":"result","fields":[0,0,0,0],"id":5429847979458563,"type":105}
@nix {"action":"result","fields":[101,0],"id":5429847979458561,"type":106}
@nix {"action":"result","fields":[100,0],"id":5429847979458561,"type":106}
@nix {"action":"stop","id":5429847979458640}
@nix {"action":"start","fields":["/tmp/obrador-shared-pins-linux/round-1-after/chain-round-1-jobs-8/store/vk5z7afz51csg6gxj8ghd8ayzmvbnjii-leaf-26.drv.drv","/tmp/obrador-shared-pins-linux/round-1-after/chain-round-1-jobs-8/store/51kpfm96pf8hcbyhkw5kmf4smywghya0-leaf-26.drv.drv"],"id":5429847979458641,"level":3,"parent":0,"text":"resolved derivation: '/tmp/obrador-shared-pins-linux/round-1-after/chain-round-1-jobs-8/store/vk5z7afz51csg6gxj8ghd8ayzmvbnjii-leaf-26.drv.drv' -> '/tmp/obrador-shared-pins-linux/round-1-after/chain-round-1-jobs-8/store/51kpfm96pf8hcbyhkw5kmf4smywghya0-leaf-26.drv.drv'","type":111}
@nix {"action":"result","fields":[77,84,0,0],"id":5429847979458562,"type":105}
@nix {"action":"result","fields":[0,0,0,0],"id":5429847979458563,"type":105}
@nix {"action":"result","fields":[101,0],"id":5429847979458561,"type":106}
@nix {"action":"result","fields":[100,0],"id":5429847979458561,"type":106}
@nix {"action":"start","fields":["/tmp/obrador-shared-pins-linux/round-1-after/chain-round-1-jobs-8/store/51kpfm96pf8hcbyhkw5kmf4smywghya0-leaf-26.drv.drv","",1,1],"id":5429847979458642,"level":3,"parent":0,"text":"building '/tmp/obrador-shared-pins-linux/round-1-after/chain-round-1-jobs-8/store/51kpfm96pf8hcbyhkw5kmf4smywghya0-leaf-26.drv.drv'","type":105}
@nix {"action":"result","fields":[77,84,1,0],"id":5429847979458562,"type":105}
@nix {"action":"result","fields":[0,0,0,0],"id":5429847979458563,"type":105}
@nix {"action":"result","fields":[101,0],"id":5429847979458561,"type":106}
@nix {"action":"result","fields":[100,0],"id":5429847979458561,"type":106}
@nix {"action":"result","fields":[78,85,0,0],"id":5429847979458562,"type":105}
@nix {"action":"result","fields":[0,0,0,0],"id":5429847979458563,"type":105}
@nix {"action":"result","fields":[101,0],"id":5429847979458561,"type":106}
@nix {"action":"result","fields":[100,0],"id":5429847979458561,"type":106}
@nix {"action":"stop","id":5429847979458642}
@nix {"action":"result","fields":[79,85,0,0],"id":5429847979458562,"type":105}
@nix {"action":"result","fields":[0,0,0,0],"id":5429847979458563,"type":105}
@nix {"action":"result","fields":[101,0],"id":5429847979458561,"type":106}
@nix {"action":"result","fields":[100,0],"id":5429847979458561,"type":106}
@nix {"action":"stop","id":5429847979458641}
@nix {"action":"result","fields":[79,85,0,0],"id":5429847979458562,"type":105}
@nix {"action":"result","fields":[0,0,0,0],"id":5429847979458563,"type":105}
@nix {"action":"result","fields":[101,0],"id":5429847979458561,"type":106}
@nix {"action":"result","fields":[100,0],"id":5429847979458561,"type":106}
@nix {"action":"start","fields":["/tmp/obrador-shared-pins-linux/round-1-after/chain-round-1-jobs-8/store/dxyaqjbgkjj7n40908wxj74vv4q5d31f-leaf-26.drv","",1,1],"id":5429847979458643,"level":3,"parent":0,"text":"building '/tmp/obrador-shared-pins-linux/round-1-after/chain-round-1-jobs-8/store/dxyaqjbgkjj7n40908wxj74vv4q5d31f-leaf-26.drv'","type":105}
@nix {"action":"result","fields":[79,85,1,0],"id":5429847979458562,"type":105}
@nix {"action":"result","fields":[0,0,0,0],"id":5429847979458563,"type":105}
@nix {"action":"result","fields":[101,0],"id":5429847979458561,"type":106}
@nix {"action":"result","fields":[100,0],"id":5429847979458561,"type":106}
@nix {"action":"result","fields":[80,86,0,0],"id":5429847979458562,"type":105}
@nix {"action":"result","fields":[0,0,0,0],"id":5429847979458563,"type":105}
@nix {"action":"result","fields":[101,0],"id":5429847979458561,"type":106}
@nix {"action":"result","fields":[100,0],"id":5429847979458561,"type":106}
@nix {"action":"stop","id":5429847979458643}
@nix {"action":"start","fields":["/tmp/obrador-shared-pins-linux/round-1-after/chain-round-1-jobs-8/store/ki2l0c9g6af3b02zhlk7fm302n1z84iq-leaf-27.drv.drv","/tmp/obrador-shared-pins-linux/round-1-after/chain-round-1-jobs-8/store/xqy149h7k0l2s2q71w6fkwn1dlis07q5-leaf-27.drv.drv"],"id":5429847979458644,"level":3,"parent":0,"text":"resolved derivation: '/tmp/obrador-shared-pins-linux/round-1-after/chain-round-1-jobs-8/store/ki2l0c9g6af3b02zhlk7fm302n1z84iq-leaf-27.drv.drv' -> '/tmp/obrador-shared-pins-linux/round-1-after/chain-round-1-jobs-8/store/xqy149h7k0l2s2q71w6fkwn1dlis07q5-leaf-27.drv.drv'","type":111}
@nix {"action":"result","fields":[80,86,0,0],"id":5429847979458562,"type":105}
@nix {"action":"result","fields":[0,0,0,0],"id":5429847979458563,"type":105}
@nix {"action":"result","fields":[101,0],"id":5429847979458561,"type":106}
@nix {"action":"result","fields":[100,0],"id":5429847979458561,"type":106}
@nix {"action":"start","fields":["/tmp/obrador-shared-pins-linux/round-1-after/chain-round-1-jobs-8/store/xqy149h7k0l2s2q71w6fkwn1dlis07q5-leaf-27.drv.drv","",1,1],"id":5429847979458645,"level":3,"parent":0,"text":"building '/tmp/obrador-shared-pins-linux/round-1-after/chain-round-1-jobs-8/store/xqy149h7k0l2s2q71w6fkwn1dlis07q5-leaf-27.drv.drv'","type":105}
@nix {"action":"result","fields":[80,86,1,0],"id":5429847979458562,"type":105}
@nix {"action":"result","fields":[0,0,0,0],"id":5429847979458563,"type":105}
@nix {"action":"result","fields":[101,0],"id":5429847979458561,"type":106}
@nix {"action":"result","fields":[100,0],"id":5429847979458561,"type":106}
@nix {"action":"result","fields":[81,87,0,0],"id":5429847979458562,"type":105}
@nix {"action":"result","fields":[0,0,0,0],"id":5429847979458563,"type":105}
@nix {"action":"result","fields":[101,0],"id":5429847979458561,"type":106}
@nix {"action":"result","fields":[100,0],"id":5429847979458561,"type":106}
@nix {"action":"stop","id":5429847979458645}
@nix {"action":"result","fields":[82,87,0,0],"id":5429847979458562,"type":105}
@nix {"action":"result","fields":[0,0,0,0],"id":5429847979458563,"type":105}
@nix {"action":"result","fields":[101,0],"id":5429847979458561,"type":106}
@nix {"action":"result","fields":[100,0],"id":5429847979458561,"type":106}
@nix {"action":"stop","id":5429847979458644}
@nix {"action":"result","fields":[82,87,0,0],"id":5429847979458562,"type":105}
@nix {"action":"result","fields":[0,0,0,0],"id":5429847979458563,"type":105}
@nix {"action":"result","fields":[101,0],"id":5429847979458561,"type":106}
@nix {"action":"result","fields":[100,0],"id":5429847979458561,"type":106}
@nix {"action":"start","fields":["/tmp/obrador-shared-pins-linux/round-1-after/chain-round-1-jobs-8/store/hsrfqicjiqarwb7vmbkjnpdv7k5xarzz-leaf-27.drv","",1,1],"id":5429847979458646,"level":3,"parent":0,"text":"building '/tmp/obrador-shared-pins-linux/round-1-after/chain-round-1-jobs-8/store/hsrfqicjiqarwb7vmbkjnpdv7k5xarzz-leaf-27.drv'","type":105}
@nix {"action":"result","fields":[82,87,1,0],"id":5429847979458562,"type":105}
@nix {"action":"result","fields":[0,0,0,0],"id":5429847979458563,"type":105}
@nix {"action":"result","fields":[101,0],"id":5429847979458561,"type":106}
@nix {"action":"result","fields":[100,0],"id":5429847979458561,"type":106}
@nix {"action":"result","fields":[83,88,0,0],"id":5429847979458562,"type":105}
@nix {"action":"result","fields":[0,0,0,0],"id":5429847979458563,"type":105}
@nix {"action":"result","fields":[101,0],"id":5429847979458561,"type":106}
@nix {"action":"result","fields":[100,0],"id":5429847979458561,"type":106}
@nix {"action":"stop","id":5429847979458646}
@nix {"action":"start","fields":["/tmp/obrador-shared-pins-linux/round-1-after/chain-round-1-jobs-8/store/4z2l0vcwyjpbz3w2bjh9jyamy1kjqxlg-leaf-28.drv.drv","/tmp/obrador-shared-pins-linux/round-1-after/chain-round-1-jobs-8/store/w1pagh2nbm5myq6ky5wkk5n119dmgiyn-leaf-28.drv.drv"],"id":5429847979458647,"level":3,"parent":0,"text":"resolved derivation: '/tmp/obrador-shared-pins-linux/round-1-after/chain-round-1-jobs-8/store/4z2l0vcwyjpbz3w2bjh9jyamy1kjqxlg-leaf-28.drv.drv' -> '/tmp/obrador-shared-pins-linux/round-1-after/chain-round-1-jobs-8/store/w1pagh2nbm5myq6ky5wkk5n119dmgiyn-leaf-28.drv.drv'","type":111}
@nix {"action":"result","fields":[83,88,0,0],"id":5429847979458562,"type":105}
@nix {"action":"result","fields":[0,0,0,0],"id":5429847979458563,"type":105}
@nix {"action":"result","fields":[101,0],"id":5429847979458561,"type":106}
@nix {"action":"result","fields":[100,0],"id":5429847979458561,"type":106}
@nix {"action":"start","fields":["/tmp/obrador-shared-pins-linux/round-1-after/chain-round-1-jobs-8/store/w1pagh2nbm5myq6ky5wkk5n119dmgiyn-leaf-28.drv.drv","",1,1],"id":5429847979458648,"level":3,"parent":0,"text":"building '/tmp/obrador-shared-pins-linux/round-1-after/chain-round-1-jobs-8/store/w1pagh2nbm5myq6ky5wkk5n119dmgiyn-leaf-28.drv.drv'","type":105}
@nix {"action":"result","fields":[83,88,1,0],"id":5429847979458562,"type":105}
@nix {"action":"result","fields":[0,0,0,0],"id":5429847979458563,"type":105}
@nix {"action":"result","fields":[101,0],"id":5429847979458561,"type":106}
@nix {"action":"result","fields":[100,0],"id":5429847979458561,"type":106}
@nix {"action":"result","fields":[84,89,0,0],"id":5429847979458562,"type":105}
@nix {"action":"result","fields":[0,0,0,0],"id":5429847979458563,"type":105}
@nix {"action":"result","fields":[101,0],"id":5429847979458561,"type":106}
@nix {"action":"result","fields":[100,0],"id":5429847979458561,"type":106}
@nix {"action":"stop","id":5429847979458648}
@nix {"action":"result","fields":[85,89,0,0],"id":5429847979458562,"type":105}
@nix {"action":"result","fields":[0,0,0,0],"id":5429847979458563,"type":105}
@nix {"action":"result","fields":[101,0],"id":5429847979458561,"type":106}
@nix {"action":"result","fields":[100,0],"id":5429847979458561,"type":106}
@nix {"action":"stop","id":5429847979458647}
@nix {"action":"result","fields":[85,89,0,0],"id":5429847979458562,"type":105}
@nix {"action":"result","fields":[0,0,0,0],"id":5429847979458563,"type":105}
@nix {"action":"result","fields":[101,0],"id":5429847979458561,"type":106}
@nix {"action":"result","fields":[100,0],"id":5429847979458561,"type":106}
@nix {"action":"start","fields":["/tmp/obrador-shared-pins-linux/round-1-after/chain-round-1-jobs-8/store/pqmiz98kq9b4mpydaqjc6ywby7yrm5m4-leaf-28.drv","",1,1],"id":5429847979458649,"level":3,"parent":0,"text":"building '/tmp/obrador-shared-pins-linux/round-1-after/chain-round-1-jobs-8/store/pqmiz98kq9b4mpydaqjc6ywby7yrm5m4-leaf-28.drv'","type":105}
@nix {"action":"result","fields":[85,89,1,0],"id":5429847979458562,"type":105}
@nix {"action":"result","fields":[0,0,0,0],"id":5429847979458563,"type":105}
@nix {"action":"result","fields":[101,0],"id":5429847979458561,"type":106}
@nix {"action":"result","fields":[100,0],"id":5429847979458561,"type":106}
@nix {"action":"result","fields":[86,90,0,0],"id":5429847979458562,"type":105}
@nix {"action":"result","fields":[0,0,0,0],"id":5429847979458563,"type":105}
@nix {"action":"result","fields":[101,0],"id":5429847979458561,"type":106}
@nix {"action":"result","fields":[100,0],"id":5429847979458561,"type":106}
@nix {"action":"stop","id":5429847979458649}
@nix {"action":"start","fields":["/tmp/obrador-shared-pins-linux/round-1-after/chain-round-1-jobs-8/store/hv0gx15z0046c280qhlnxbqxn9m177aw-leaf-29.drv.drv","/tmp/obrador-shared-pins-linux/round-1-after/chain-round-1-jobs-8/store/bzbvv4dg9wbr9k0c7bi3zckbys0268z5-leaf-29.drv.drv"],"id":5429847979458650,"level":3,"parent":0,"text":"resolved derivation: '/tmp/obrador-shared-pins-linux/round-1-after/chain-round-1-jobs-8/store/hv0gx15z0046c280qhlnxbqxn9m177aw-leaf-29.drv.drv' -> '/tmp/obrador-shared-pins-linux/round-1-after/chain-round-1-jobs-8/store/bzbvv4dg9wbr9k0c7bi3zckbys0268z5-leaf-29.drv.drv'","type":111}
@nix {"action":"result","fields":[86,90,0,0],"id":5429847979458562,"type":105}
@nix {"action":"result","fields":[0,0,0,0],"id":5429847979458563,"type":105}
@nix {"action":"result","fields":[101,0],"id":5429847979458561,"type":106}
@nix {"action":"result","fields":[100,0],"id":5429847979458561,"type":106}
@nix {"action":"start","fields":["/tmp/obrador-shared-pins-linux/round-1-after/chain-round-1-jobs-8/store/bzbvv4dg9wbr9k0c7bi3zckbys0268z5-leaf-29.drv.drv","",1,1],"id":5429847979458651,"level":3,"parent":0,"text":"building '/tmp/obrador-shared-pins-linux/round-1-after/chain-round-1-jobs-8/store/bzbvv4dg9wbr9k0c7bi3zckbys0268z5-leaf-29.drv.drv'","type":105}
@nix {"action":"result","fields":[86,90,1,0],"id":5429847979458562,"type":105}
@nix {"action":"result","fields":[0,0,0,0],"id":5429847979458563,"type":105}
@nix {"action":"result","fields":[101,0],"id":5429847979458561,"type":106}
@nix {"action":"result","fields":[100,0],"id":5429847979458561,"type":106}
@nix {"action":"result","fields":[87,91,0,0],"id":5429847979458562,"type":105}
@nix {"action":"result","fields":[0,0,0,0],"id":5429847979458563,"type":105}
@nix {"action":"result","fields":[101,0],"id":5429847979458561,"type":106}
@nix {"action":"result","fields":[100,0],"id":5429847979458561,"type":106}
@nix {"action":"stop","id":5429847979458651}
@nix {"action":"result","fields":[88,91,0,0],"id":5429847979458562,"type":105}
@nix {"action":"result","fields":[0,0,0,0],"id":5429847979458563,"type":105}
@nix {"action":"result","fields":[101,0],"id":5429847979458561,"type":106}
@nix {"action":"result","fields":[100,0],"id":5429847979458561,"type":106}
@nix {"action":"stop","id":5429847979458650}
@nix {"action":"result","fields":[88,91,0,0],"id":5429847979458562,"type":105}
@nix {"action":"result","fields":[0,0,0,0],"id":5429847979458563,"type":105}
@nix {"action":"result","fields":[101,0],"id":5429847979458561,"type":106}
@nix {"action":"result","fields":[100,0],"id":5429847979458561,"type":106}
@nix {"action":"start","fields":["/tmp/obrador-shared-pins-linux/round-1-after/chain-round-1-jobs-8/store/hd41gx34dmzjyir98naybg4jfa10lpnp-leaf-29.drv","",1,1],"id":5429847979458652,"level":3,"parent":0,"text":"building '/tmp/obrador-shared-pins-linux/round-1-after/chain-round-1-jobs-8/store/hd41gx34dmzjyir98naybg4jfa10lpnp-leaf-29.drv'","type":105}
@nix {"action":"result","fields":[88,91,1,0],"id":5429847979458562,"type":105}
@nix {"action":"result","fields":[0,0,0,0],"id":5429847979458563,"type":105}
@nix {"action":"result","fields":[101,0],"id":5429847979458561,"type":106}
@nix {"action":"result","fields":[100,0],"id":5429847979458561,"type":106}
@nix {"action":"result","fields":[89,92,0,0],"id":5429847979458562,"type":105}
@nix {"action":"result","fields":[0,0,0,0],"id":5429847979458563,"type":105}
@nix {"action":"result","fields":[101,0],"id":5429847979458561,"type":106}
@nix {"action":"result","fields":[100,0],"id":5429847979458561,"type":106}
@nix {"action":"stop","id":5429847979458652}
@nix {"action":"start","fields":["/tmp/obrador-shared-pins-linux/round-1-after/chain-round-1-jobs-8/store/i61vwnncdxzj0y25nn8clgixbwp4whr1-leaf-30.drv.drv","/tmp/obrador-shared-pins-linux/round-1-after/chain-round-1-jobs-8/store/5qa3380fahml5gfj0l28vi60myk33zf0-leaf-30.drv.drv"],"id":5429847979458653,"level":3,"parent":0,"text":"resolved derivation: '/tmp/obrador-shared-pins-linux/round-1-after/chain-round-1-jobs-8/store/i61vwnncdxzj0y25nn8clgixbwp4whr1-leaf-30.drv.drv' -> '/tmp/obrador-shared-pins-linux/round-1-after/chain-round-1-jobs-8/store/5qa3380fahml5gfj0l28vi60myk33zf0-leaf-30.drv.drv'","type":111}
@nix {"action":"result","fields":[89,92,0,0],"id":5429847979458562,"type":105}
@nix {"action":"result","fields":[0,0,0,0],"id":5429847979458563,"type":105}
@nix {"action":"result","fields":[101,0],"id":5429847979458561,"type":106}
@nix {"action":"result","fields":[100,0],"id":5429847979458561,"type":106}
@nix {"action":"start","fields":["/tmp/obrador-shared-pins-linux/round-1-after/chain-round-1-jobs-8/store/5qa3380fahml5gfj0l28vi60myk33zf0-leaf-30.drv.drv","",1,1],"id":5429847979458654,"level":3,"parent":0,"text":"building '/tmp/obrador-shared-pins-linux/round-1-after/chain-round-1-jobs-8/store/5qa3380fahml5gfj0l28vi60myk33zf0-leaf-30.drv.drv'","type":105}
@nix {"action":"result","fields":[89,92,1,0],"id":5429847979458562,"type":105}
@nix {"action":"result","fields":[0,0,0,0],"id":5429847979458563,"type":105}
@nix {"action":"result","fields":[101,0],"id":5429847979458561,"type":106}
@nix {"action":"result","fields":[100,0],"id":5429847979458561,"type":106}
@nix {"action":"result","fields":[90,93,0,0],"id":5429847979458562,"type":105}
@nix {"action":"result","fields":[0,0,0,0],"id":5429847979458563,"type":105}
@nix {"action":"result","fields":[101,0],"id":5429847979458561,"type":106}
@nix {"action":"result","fields":[100,0],"id":5429847979458561,"type":106}
@nix {"action":"stop","id":5429847979458654}
@nix {"action":"result","fields":[91,93,0,0],"id":5429847979458562,"type":105}
@nix {"action":"result","fields":[0,0,0,0],"id":5429847979458563,"type":105}
@nix {"action":"result","fields":[101,0],"id":5429847979458561,"type":106}
@nix {"action":"result","fields":[100,0],"id":5429847979458561,"type":106}
@nix {"action":"stop","id":5429847979458653}
@nix {"action":"result","fields":[91,93,0,0],"id":5429847979458562,"type":105}
@nix {"action":"result","fields":[0,0,0,0],"id":5429847979458563,"type":105}
@nix {"action":"result","fields":[101,0],"id":5429847979458561,"type":106}
@nix {"action":"result","fields":[100,0],"id":5429847979458561,"type":106}
@nix {"action":"start","fields":["/tmp/obrador-shared-pins-linux/round-1-after/chain-round-1-jobs-8/store/g2hidsnchq00z2bgg3zvc72wgac2f20l-leaf-30.drv","",1,1],"id":5429847979458655,"level":3,"parent":0,"text":"building '/tmp/obrador-shared-pins-linux/round-1-after/chain-round-1-jobs-8/store/g2hidsnchq00z2bgg3zvc72wgac2f20l-leaf-30.drv'","type":105}
@nix {"action":"result","fields":[91,93,1,0],"id":5429847979458562,"type":105}
@nix {"action":"result","fields":[0,0,0,0],"id":5429847979458563,"type":105}
@nix {"action":"result","fields":[101,0],"id":5429847979458561,"type":106}
@nix {"action":"result","fields":[100,0],"id":5429847979458561,"type":106}
@nix {"action":"result","fields":[92,94,0,0],"id":5429847979458562,"type":105}
@nix {"action":"result","fields":[0,0,0,0],"id":5429847979458563,"type":105}
@nix {"action":"result","fields":[101,0],"id":5429847979458561,"type":106}
@nix {"action":"result","fields":[100,0],"id":5429847979458561,"type":106}
@nix {"action":"stop","id":5429847979458655}
@nix {"action":"start","fields":["/tmp/obrador-shared-pins-linux/round-1-after/chain-round-1-jobs-8/store/00d1hqa5l6r399jxpry2fx387b8xsrcc-leaf-31.drv.drv","/tmp/obrador-shared-pins-linux/round-1-after/chain-round-1-jobs-8/store/qrpa65s9jikcg5ccc0zdp1cks5xhzkyl-leaf-31.drv.drv"],"id":5429847979458656,"level":3,"parent":0,"text":"resolved derivation: '/tmp/obrador-shared-pins-linux/round-1-after/chain-round-1-jobs-8/store/00d1hqa5l6r399jxpry2fx387b8xsrcc-leaf-31.drv.drv' -> '/tmp/obrador-shared-pins-linux/round-1-after/chain-round-1-jobs-8/store/qrpa65s9jikcg5ccc0zdp1cks5xhzkyl-leaf-31.drv.drv'","type":111}
@nix {"action":"result","fields":[92,94,0,0],"id":5429847979458562,"type":105}
@nix {"action":"result","fields":[0,0,0,0],"id":5429847979458563,"type":105}
@nix {"action":"result","fields":[101,0],"id":5429847979458561,"type":106}
@nix {"action":"result","fields":[100,0],"id":5429847979458561,"type":106}
@nix {"action":"start","fields":["/tmp/obrador-shared-pins-linux/round-1-after/chain-round-1-jobs-8/store/qrpa65s9jikcg5ccc0zdp1cks5xhzkyl-leaf-31.drv.drv","",1,1],"id":5429847979458657,"level":3,"parent":0,"text":"building '/tmp/obrador-shared-pins-linux/round-1-after/chain-round-1-jobs-8/store/qrpa65s9jikcg5ccc0zdp1cks5xhzkyl-leaf-31.drv.drv'","type":105}
@nix {"action":"result","fields":[92,94,1,0],"id":5429847979458562,"type":105}
@nix {"action":"result","fields":[0,0,0,0],"id":5429847979458563,"type":105}
@nix {"action":"result","fields":[101,0],"id":5429847979458561,"type":106}
@nix {"action":"result","fields":[100,0],"id":5429847979458561,"type":106}
@nix {"action":"result","fields":[93,95,0,0],"id":5429847979458562,"type":105}
@nix {"action":"result","fields":[0,0,0,0],"id":5429847979458563,"type":105}
@nix {"action":"result","fields":[101,0],"id":5429847979458561,"type":106}
@nix {"action":"result","fields":[100,0],"id":5429847979458561,"type":106}
@nix {"action":"stop","id":5429847979458657}
@nix {"action":"result","fields":[94,95,0,0],"id":5429847979458562,"type":105}
@nix {"action":"result","fields":[0,0,0,0],"id":5429847979458563,"type":105}
@nix {"action":"result","fields":[101,0],"id":5429847979458561,"type":106}
@nix {"action":"result","fields":[100,0],"id":5429847979458561,"type":106}
@nix {"action":"stop","id":5429847979458656}
@nix {"action":"result","fields":[94,95,0,0],"id":5429847979458562,"type":105}
@nix {"action":"result","fields":[0,0,0,0],"id":5429847979458563,"type":105}
@nix {"action":"result","fields":[101,0],"id":5429847979458561,"type":106}
@nix {"action":"result","fields":[100,0],"id":5429847979458561,"type":106}
@nix {"action":"start","fields":["/tmp/obrador-shared-pins-linux/round-1-after/chain-round-1-jobs-8/store/q4cphzvrck6db2v2i2wp2f51hhympn71-leaf-31.drv","",1,1],"id":5429847979458658,"level":3,"parent":0,"text":"building '/tmp/obrador-shared-pins-linux/round-1-after/chain-round-1-jobs-8/store/q4cphzvrck6db2v2i2wp2f51hhympn71-leaf-31.drv'","type":105}
@nix {"action":"result","fields":[94,95,1,0],"id":5429847979458562,"type":105}
@nix {"action":"result","fields":[0,0,0,0],"id":5429847979458563,"type":105}
@nix {"action":"result","fields":[101,0],"id":5429847979458561,"type":106}
@nix {"action":"result","fields":[100,0],"id":5429847979458561,"type":106}
@nix {"action":"result","fields":[95,96,0,0],"id":5429847979458562,"type":105}
@nix {"action":"result","fields":[0,0,0,0],"id":5429847979458563,"type":105}
@nix {"action":"result","fields":[101,0],"id":5429847979458561,"type":106}
@nix {"action":"result","fields":[100,0],"id":5429847979458561,"type":106}
@nix {"action":"stop","id":5429847979458658}
@nix {"action":"stop","id":5429847979458563}
@nix {"action":"stop","id":5429847979458562}
@nix {"action":"stop","id":5429847979458561}
