@nix {"action":"start","id":5464697344098304,"level":6,"parent":0,"text":"querying info about missing paths","type":0}
@nix {"action":"msg","level":1,"msg":"\u001b[35;1mwarning:\u001b[0m Ignoring dynamic derivation /tmp/obrador-shared-pins-linux/round-3-baseline/chain-round-1-jobs-8/store/a6ilf355alymrffwdnhjj8ry3yk5bja9-leaf-31.drv.drv^out while querying missing paths; not yet implemented"}
@nix {"action":"stop","id":5464697344098304}
@nix {"action":"start","id":5464697344098305,"level":0,"parent":0,"text":"","type":102}
@nix {"action":"start","id":5464697344098306,"level":0,"parent":0,"text":"","type":104}
@nix {"action":"start","id":5464697344098307,"level":0,"parent":0,"text":"","type":103}
@nix {"action":"result","fields":[0,0,0,0],"id":5464697344098306,"type":105}
@nix {"action":"result","fields":[0,0,0,0],"id":5464697344098307,"type":105}
@nix {"action":"result","fields":[101,0],"id":5464697344098305,"type":106}
@nix {"action":"result","fields":[100,0],"id":5464697344098305,"type":106}
@nix {"action":"result","fields":[0,0,0,0],"id":5464697344098306,"type":105}
@nix {"action":"result","fields":[0,0,0,0],"id":5464697344098307,"type":105}
@nix {"action":"result","fields":[101,0],"id":5464697344098305,"type":106}
@nix {"action":"result","fields":[100,0],"id":5464697344098305,"type":106}
@nix {"action":"result","fields":[0,1,0,0],"id":5464697344098306,"type":105}
@nix {"action":"result","fields":[0,0,0,0],"id":5464697344098307,"type":105}
@nix {"action":"result","fields":[101,0],"id":5464697344098305,"type":106}
@nix {"action":"result","fields":[100,0],"id":5464697344098305,"type":106}
@nix {"action":"result","fields":[0,1,0,0],"id":5464697344098306,"type":105}
@nix {"action":"result","fields":[0,0,0,0],"id":5464697344098307,"type":105}
@nix {"action":"result","fields":[101,0],"id":5464697344098305,"type":106}
@nix {"action":"result","fields":[100,0],"id":5464697344098305,"type":106}
@nix {"action":"result","fields":[0,1,0,0],"id":5464697344098306,"type":105}
@nix {"action":"result","fields":[0,0,0,0],"id":5464697344098307,"type":105}
@nix {"action":"result","fields":[101,0],"id":5464697344098305,"type":106}
@nix {"action":"result","fields":[100,0],"id":5464697344098305,"type":106}
@nix {"action":"result","fields":[0,2,0,0],"id":5464697344098306,"type":105}
@nix {"action":"result","fields":[0,0,0,0],"id":5464697344098307,"type":105}
@nix {"action":"result","fields":[101,0],"id":5464697344098305,"type":106}
@nix {"action":"result","fields":[100,0],"id":5464697344098305,"type":106}
@nix {"action":"result","fields":[0,2,0,0],"id":5464697344098306,"type":105}
@nix {"action":"result","fields":[0,0,0,0],"id":5464697344098307,"type":105}
@nix {"action":"result","fields":[101,0],"id":5464697344098305,"type":106}
@nix {"action":"result","fields":[100,0],"id":5464697344098305,"type":106}
@nix {"action":"result","fields":[0,2,0,0],"id":5464697344098306,"type":105}
@nix {"action":"result","fields":[0,0,0,0],"id":5464697344098307,"type":105}
@nix {"action":"result","fields":[101,0],"id":5464697344098305,"type":106}
@nix {"action":"result","fields":[100,0],"id":5464697344098305,"type":106}
@nix {"action":"result","fields":[0,3,0,0],"id":5464697344098306,"type":105}
@nix {"action":"result","fields":[0,0,0,0],"id":5464697344098307,"type":105}
@nix {"action":"result","fields":[101,0],"id":5464697344098305,"type":106}
@nix {"action":"result","fields":[100,0],"id":5464697344098305,"type":106}
@nix {"action":"result","fields":[0,3,0,0],"id":5464697344098306,"type":105}
@nix {"action":"result","fields":[0,0,0,0],"id":5464697344098307,"type":105}
@nix {"action":"result","fields":[101,0],"id":5464697344098305,"type":106}
@nix {"action":"result","fields":[100,0],"id":5464697344098305,"type":106}
@nix {"action":"result","fields":[0,3,0,0],"id":5464697344098306,"type":105}
@nix {"action":"result","fields":[0,0,0,0],"id":5464697344098307,"type":105}
@nix {"action":"result","fields":[101,0],"id":5464697344098305,"type":106}
@nix {"action":"result","fields":[100,0],"id":5464697344098305,"type":106}
@nix {"action":"result","fields":[0,4,0,0],"id":5464697344098306,"type":105}
@nix {"action":"result","fields":[0,0,0,0],"id":5464697344098307,"type":105}
@nix {"action":"result","fields":[101,0],"id":5464697344098305,"type":106}
@nix {"action":"result","fields":[100,0],"id":5464697344098305,"type":106}
@nix {"action":"result","fields":[0,4,0,0],"id":5464697344098306,"type":105}
@nix {"action":"result","fields":[0,0,0,0],"id":5464697344098307,"type":105}
@nix {"action":"result","fields":[101,0],"id":5464697344098305,"type":106}
@nix {"action":"result","fields":[100,0],"id":5464697344098305,"type":106}
@nix {"action":"result","fields":[0,4,0,0],"id":5464697344098306,"type":105}
@nix {"action":"result","fields":[0,0,0,0],"id":5464697344098307,"type":105}
@nix {"action":"result","fields":[101,0],"id":5464697344098305,"type":106}
@nix {"action":"result","fields":[100,0],"id":5464697344098305,"type":106}
@nix {"action":"result","fields":[0,5,0,0],"id":5464697344098306,"type":105}
@nix {"action":"result","fields":[0,0,0,0],"id":5464697344098307,"type":105}
@nix {"action":"result","fields":[101,0],"id":5464697344098305,"type":106}
@nix {"action":"result","fields":[100,0],"id":5464697344098305,"type":106}
@nix {"action":"result","fields":[0,5,0,0],"id":5464697344098306,"type":105}
@nix {"action":"result","fields":[0,0,0,0],"id":5464697344098307,"type":105}
@nix {"action":"result","fields":[101,0],"id":5464697344098305,"type":106}
@nix {"action":"result","fields":[100,0],"id":5464697344098305,"type":106}
@nix {"action":"result","fields":[0,5,0,0],"id":5464697344098306,"type":105}
@nix {"action":"result","fields":[0,0,0,0],"id":5464697344098307,"type":105}
@nix {"action":"result","fields":[101,0],"id":5464697344098305,"type":106}
@nix {"action":"result","fields":[100,0],"id":5464697344098305,"type":106}
@nix {"action":"result","fields":[0,6,0,0],"id":5464697344098306,"type":105}
@nix {"action":"result","fields":[0,0,0,0],"id":5464697344098307,"type":105}
@nix {"action":"result","fields":[101,0],"id":5464697344098305,"type":106}
@nix {"action":"result","fields":[100,0],"id":5464697344098305,"type":106}
@nix {"action":"result","fields":[0,6,0,0],"id":5464697344098306,"type":105}
@nix {"action":"result","fields":[0,0,0,0],"id":5464697344098307,"type":105}
@nix {"action":"result","fields":[101,0],"id":5464697344098305,"type":106}
@nix {"action":"result","fields":[100,0],"id":5464697344098305,"type":106}
@nix {"action":"result","fields":[0,6,0,0],"id":5464697344098306,"type":105}
@nix {"action":"result","fields":[0,0,0,0],"id":5464697344098307,"type":105}
@nix {"action":"result","fields":[101,0],"id":5464697344098305,"type":106}
@nix {"action":"result","fields":[100,0],"id":5464697344098305,"type":106}
@nix {"action":"result","fields":[0,7,0,0],"id":5464697344098306,"type":105}
@nix {"action":"result","fields":[0,0,0,0],"id":5464697344098307,"type":105}
@nix {"action":"result","fields":[101,0],"id":5464697344098305,"type":106}
@nix {"action":"result","fields":[100,0],"id":5464697344098305,"type":106}
@nix {"action":"result","fields":[0,7,0,0],"id":5464697344098306,"type":105}
@nix {"action":"result","fields":[0,0,0,0],"id":5464697344098307,"type":105}
@nix {"action":"result","fields":[101,0],"id":5464697344098305,"type":106}
@nix {"action":"result","fields":[100,0],"id":5464697344098305,"type":106}
@nix {"action":"result","fields":[0,7,0,0],"id":5464697344098306,"type":105}
@nix {"action":"result","fields":[0,0,0,0],"id":5464697344098307,"type":105}
@nix {"action":"result","fields":[101,0],"id":5464697344098305,"type":106}
@nix {"action":"result","fields":[100,0],"id":5464697344098305,"type":106}
@nix {"action":"result","fields":[0,8,0,0],"id":5464697344098306,"type":105}
@nix {"action":"result","fields":[0,0,0,0],"id":5464697344098307,"type":105}
@nix {"action":"result","fields":[101,0],"id":5464697344098305,"type":106}
@nix {"action":"result","fields":[100,0],"id":5464697344098305,"type":106}
@nix {"action":"result","fields":[0,8,0,0],"id":5464697344098306,"type":105}
@nix {"action":"result","fields":[0,0,0,0],"id":5464697344098307,"type":105}
@nix {"action":"result","fields":[101,0],"id":5464697344098305,"type":106}
@nix {"action":"result","fields":[100,0],"id":5464697344098305,"type":106}
@nix {"action":"result","fields":[0,8,0,0],"id":5464697344098306,"type":105}
@nix {"action":"result","fields":[0,0,0,0],"id":5464697344098307,"type":105}
@nix {"action":"result","fields":[101,0],"id":5464697344098305,"type":106}
@nix {"action":"result","fields":[100,0],"id":5464697344098305,"type":106}
@nix {"action":"result","fields":[0,9,0,0],"id":5464697344098306,"type":105}
@nix {"action":"result","fields":[0,0,0,0],"id":5464697344098307,"type":105}
@nix {"action":"result","fields":[101,0],"id":5464697344098305,"type":106}
@nix {"action":"result","fields":[100,0],"id":5464697344098305,"type":106}
@nix {"action":"result","fields":[0,9,0,0],"id":5464697344098306,"type":105}
@nix {"action":"result","fields":[0,0,0,0],"id":5464697344098307,"type":105}
@nix {"action":"result","fields":[101,0],"id":5464697344098305,"type":106}
@nix {"action":"result","fields":[100,0],"id":5464697344098305,"type":106}
@nix {"action":"result","fields":[0,9,0,0],"id":5464697344098306,"type":105}
@nix {"action":"result","fields":[0,0,0,0],"id":5464697344098307,"type":105}
@nix {"action":"result","fields":[101,0],"id":5464697344098305,"type":106}
@nix {"action":"result","fields":[100,0],"id":5464697344098305,"type":106}
@nix {"action":"result","fields":[0,10,0,0],"id":5464697344098306,"type":105}
@nix {"action":"result","fields":[0,0,0,0],"id":5464697344098307,"type":105}
@nix {"action":"result","fields":[101,0],"id":5464697344098305,"type":106}
@nix {"action":"result","fields":[100,0],"id":5464697344098305,"type":106}
@nix {"action":"result","fields":[0,10,0,0],"id":5464697344098306,"type":105}
@nix {"action":"result","fields":[0,0,0,0],"id":5464697344098307,"type":105}
@nix {"action":"result","fields":[101,0],"id":5464697344098305,"type":106}
@nix {"action":"result","fields":[100,0],"id":5464697344098305,"type":106}
@nix {"action":"result","fields":[0,10,0,0],"id":5464697344098306,"type":105}
@nix {"action":"result","fields":[0,0,0,0],"id":5464697344098307,"type":105}
@nix {"action":"result","fields":[101,0],"id":5464697344098305,"type":106}
@nix {"action":"result","fields":[100,0],"id":5464697344098305,"type":106}
@nix {"action":"result","fields":[0,11,0,0],"id":5464697344098306,"type":105}
@nix {"action":"result","fields":[0,0,0,0],"id":5464697344098307,"type":105}
@nix {"action":"result","fields":[101,0],"id":5464697344098305,"type":106}
@nix {"action":"result","fields":[100,0],"id":5464697344098305,"type":106}
@nix {"action":"result","fields":[0,11,0,0],"id":5464697344098306,"type":105}
@nix {"action":"result","fields":[0,0,0,0],"id":5464697344098307,"type":105}
@nix {"action":"result","fields":[101,0],"id":5464697344098305,"type":106}
@nix {"action":"result","fields":[100,0],"id":5464697344098305,"type":106}
@nix {"action":"result","fields":[0,11,0,0],"id":5464697344098306,"type":105}
@nix {"action":"result","fields":[0,0,0,0],"id":5464697344098307,"type":105}
@nix {"action":"result","fields":[101,0],"id":5464697344098305,"type":106}
@nix {"action":"result","fields":[100,0],"id":5464697344098305,"type":106}
@nix {"action":"result","fields":[0,12,0,0],"id":5464697344098306,"type":105}
@nix {"action":"result","fields":[0,0,0,0],"id":5464697344098307,"type":105}
@nix {"action":"result","fields":[101,0],"id":5464697344098305,"type":106}
@nix {"action":"result","fields":[100,0],"id":5464697344098305,"type":106}
@nix {"action":"result","fields":[0,12,0,0],"id":5464697344098306,"type":105}
@nix {"action":"result","fields":[0,0,0,0],"id":5464697344098307,"type":105}
@nix {"action":"result","fields":[101,0],"id":5464697344098305,"type":106}
@nix {"action":"result","fields":[100,0],"id":5464697344098305,"type":106}
@nix {"action":"result","fields":[0,12,0,0],"id":5464697344098306,"type":105}
@nix {"action":"result","fields":[0,0,0,0],"id":5464697344098307,"type":105}
@nix {"action":"result","fields":[101,0],"id":5464697344098305,"type":106}
@nix {"action":"result","fields":[100,0],"id":5464697344098305,"type":106}
@nix {"action":"result","fields":[0,13,0,0],"id":5464697344098306,"type":105}
@nix {"action":"result","fields":[0,0,0,0],"id":5464697344098307,"type":105}
@nix {"action":"result","fields":[101,0],"id":5464697344098305,"type":106}
@nix {"action":"result","fields":[100,0],"id":5464697344098305,"type":106}
@nix {"action":"result","fields":[0,13,0,0],"id":5464697344098306,"type":105}
@nix {"action":"result","fields":[0,0,0,0],"id":5464697344098307,"type":105}
@nix {"action":"result","fields":[101,0],"id":5464697344098305,"type":106}
@nix {"action":"result","fields":[100,0],"id":5464697344098305,"type":106}
@nix {"action":"result","fields":[0,13,0,0],"id":5464697344098306,"type":105}
@nix {"action":"result","fields":[0,0,0,0],"id":5464697344098307,"type":105}
@nix {"action":"result","fields":[101,0],"id":5464697344098305,"type":106}
@nix {"action":"result","fields":[100,0],"id":5464697344098305,"type":106}
@nix {"action":"result","fields":[0,14,0,0],"id":5464697344098306,"type":105}
@nix {"action":"result","fields":[0,0,0,0],"id":5464697344098307,"type":105}
@nix {"action":"result","fields":[101,0],"id":5464697344098305,"type":106}
@nix {"action":"result","fields":[100,0],"id":5464697344098305,"type":106}
@nix {"action":"result","fields":[0,14,0,0],"id":5464697344098306,"type":105}
@nix {"action":"result","fields":[0,0,0,0],"id":5464697344098307,"type":105}
@nix {"action":"result","fields":[101,0],"id":5464697344098305,"type":106}
@nix {"action":"result","fields":[100,0],"id":5464697344098305,"type":106}
@nix {"action":"result","fields":[0,14,0,0],"id":5464697344098306,"type":105}
@nix {"action":"result","fields":[0,0,0,0],"id":5464697344098307,"type":105}
@nix {"action":"result","fields":[101,0],"id":5464697344098305,"type":106}
@nix {"action":"result","fields":[100,0],"id":5464697344098305,"type":106}
@nix {"action":"result","fields":[0,15,0,0],"id":5464697344098306,"type":105}
@nix {"action":"result","fields":[0,0,0,0],"id":5464697344098307,"type":105}
@nix {"action":"result","fields":[101,0],"id":5464697344098305,"type":106}
@nix {"action":"result","fields":[100,0],"id":5464697344098305,"type":106}
@nix {"action":"result","fields":[0,15,0,0],"id":5464697344098306,"type":105}
@nix {"action":"result","fields":[0,0,0,0],"id":5464697344098307,"type":105}
@nix {"action":"result","fields":[101,0],"id":5464697344098305,"type":106}
@nix {"action":"result","fields":[100,0],"id":5464697344098305,"type":106}
@nix {"action":"result","fields":[0,15,0,0],"id":5464697344098306,"type":105}
@nix {"action":"result","fields":[0,0,0,0],"id":5464697344098307,"type":105}
@nix {"action":"result","fields":[101,0],"id":5464697344098305,"type":106}
@nix {"action":"result","fields":[100,0],"id":5464697344098305,"type":106}
@nix {"action":"result","fields":[0,16,0,0],"id":5464697344098306,"type":105}
@nix {"action":"result","fields":[0,0,0,0],"id":5464697344098307,"type":105}
@nix {"action":"result","fields":[101,0],"id":5464697344098305,"type":106}
@nix {"action":"result","fields":[100,0],"id":5464697344098305,"type":106}
@nix {"action":"result","fields":[0,16,0,0],"id":5464697344098306,"type":105}
@nix {"action":"result","fields":[0,0,0,0],"id":5464697344098307,"type":105}
@nix {"action":"result","fields":[101,0],"id":5464697344098305,"type":106}
@nix {"action":"result","fields":[100,0],"id":5464697344098305,"type":106}
@nix {"action":"result","fields":[0,16,0,0],"id":5464697344098306,"type":105}
@nix {"action":"result","fields":[0,0,0,0],"id":5464697344098307,"type":105}
@nix {"action":"result","fields":[101,0],"id":5464697344098305,"type":106}
@nix {"action":"result","fields":[100,0],"id":5464697344098305,"type":106}
@nix {"action":"result","fields":[0,17,0,0],"id":5464697344098306,"type":105}
@nix {"action":"result","fields":[0,0,0,0],"id":5464697344098307,"type":105}
@nix {"action":"result","fields":[101,0],"id":5464697344098305,"type":106}
@nix {"action":"result","fields":[100,0],"id":5464697344098305,"type":106}
@nix {"action":"result","fields":[0,17,0,0],"id":5464697344098306,"type":105}
@nix {"action":"result","fields":[0,0,0,0],"id":5464697344098307,"type":105}
@nix {"action":"result","fields":[101,0],"id":5464697344098305,"type":106}
@nix {"action":"result","fields":[100,0],"id":5464697344098305,"type":106}
@nix {"action":"result","fields":[0,17,0,0],"id":5464697344098306,"type":105}
@nix {"action":"result","fields":[0,0,0,0],"id":5464697344098307,"type":105}
@nix {"action":"result","fields":[101,0],"id":5464697344098305,"type":106}
@nix {"action":"result","fields":[100,0],"id":5464697344098305,"type":106}
@nix {"action":"result","fields":[0,18,0,0],"id":5464697344098306,"type":105}
@nix {"action":"result","fields":[0,0,0,0],"id":5464697344098307,"type":105}
@nix {"action":"result","fields":[101,0],"id":5464697344098305,"type":106}
@nix {"action":"result","fields":[100,0],"id":5464697344098305,"type":106}
@nix {"action":"result","fields":[0,18,0,0],"id":5464697344098306,"type":105}
@nix {"action":"result","fields":[0,0,0,0],"id":5464697344098307,"type":105}
@nix {"action":"result","fields":[101,0],"id":5464697344098305,"type":106}
@nix {"action":"result","fields":[100,0],"id":5464697344098305,"type":106}
@nix {"action":"result","fields":[0,18,0,0],"id":5464697344098306,"type":105}
@nix {"action":"result","fields":[0,0,0,0],"id":5464697344098307,"type":105}
@nix {"action":"result","fields":[101,0],"id":5464697344098305,"type":106}
@nix {"action":"result","fields":[100,0],"id":5464697344098305,"type":106}
@nix {"action":"result","fields":[0,19,0,0],"id":5464697344098306,"type":105}
@nix {"action":"result","fields":[0,0,0,0],"id":5464697344098307,"type":105}
@nix {"action":"result","fields":[101,0],"id":5464697344098305,"type":106}
@nix {"action":"result","fields":[100,0],"id":5464697344098305,"type":106}
@nix {"action":"result","fields":[0,19,0,0],"id":5464697344098306,"type":105}
@nix {"action":"result","fields":[0,0,0,0],"id":5464697344098307,"type":105}
@nix {"action":"result","fields":[101,0],"id":5464697344098305,"type":106}
@nix {"action":"result","fields":[100,0],"id":5464697344098305,"type":106}
@nix {"action":"result","fields":[0,19,0,0],"id":5464697344098306,"type":105}
@nix {"action":"result","fields":[0,0,0,0],"id":5464697344098307,"type":105}
@nix {"action":"result","fields":[101,0],"id":5464697344098305,"type":106}
@nix {"action":"result","fields":[100,0],"id":5464697344098305,"type":106}
@nix {"action":"result","fields":[0,20,0,0],"id":5464697344098306,"type":105}
@nix {"action":"result","fields":[0,0,0,0],"id":5464697344098307,"type":105}
@nix {"action":"result","fields":[101,0],"id":5464697344098305,"type":106}
@nix {"action":"result","fields":[100,0],"id":5464697344098305,"type":106}
@nix {"action":"result","fields":[0,20,0,0],"id":5464697344098306,"type":105}
@nix {"action":"result","fields":[0,0,0,0],"id":5464697344098307,"type":105}
@nix {"action":"result","fields":[101,0],"id":5464697344098305,"type":106}
@nix {"action":"result","fields":[100,0],"id":5464697344098305,"type":106}
@nix {"action":"result","fields":[0,20,0,0],"id":5464697344098306,"type":105}
@nix {"action":"result","fields":[0,0,0,0],"id":5464697344098307,"type":105}
@nix {"action":"result","fields":[101,0],"id":5464697344098305,"type":106}
@nix {"action":"result","fields":[100,0],"id":5464697344098305,"type":106}
@nix {"action":"result","fields":[0,21,0,0],"id":5464697344098306,"type":105}
@nix {"action":"result","fields":[0,0,0,0],"id":5464697344098307,"type":105}
@nix {"action":"result","fields":[101,0],"id":5464697344098305,"type":106}
@nix {"action":"result","fields":[100,0],"id":5464697344098305,"type":106}
@nix {"action":"result","fields":[0,21,0,0],"id":5464697344098306,"type":105}
@nix {"action":"result","fields":[0,0,0,0],"id":5464697344098307,"type":105}
@nix {"action":"result","fields":[101,0],"id":5464697344098305,"type":106}
@nix {"action":"result","fields":[100,0],"id":5464697344098305,"type":106}
@nix {"action":"result","fields":[0,21,0,0],"id":5464697344098306,"type":105}
@nix {"action":"result","fields":[0,0,0,0],"id":5464697344098307,"type":105}
@nix {"action":"result","fields":[101,0],"id":5464697344098305,"type":106}
@nix {"action":"result","fields":[100,0],"id":5464697344098305,"type":106}
@nix {"action":"result","fields":[0,22,0,0],"id":5464697344098306,"type":105}
@nix {"action":"result","fields":[0,0,0,0],"id":5464697344098307,"type":105}
@nix {"action":"result","fields":[101,0],"id":5464697344098305,"type":106}
@nix {"action":"result","fields":[100,0],"id":5464697344098305,"type":106}
@nix {"action":"result","fields":[0,22,0,0],"id":5464697344098306,"type":105}
@nix {"action":"result","fields":[0,0,0,0],"id":5464697344098307,"type":105}
@nix {"action":"result","fields":[101,0],"id":5464697344098305,"type":106}
@nix {"action":"result","fields":[100,0],"id":5464697344098305,"type":106}
@nix {"action":"result","fields":[0,22,0,0],"id":5464697344098306,"type":105}
@nix {"action":"result","fields":[0,0,0,0],"id":5464697344098307,"type":105}
@nix {"action":"result","fields":[101,0],"id":5464697344098305,"type":106}
@nix {"action":"result","fields":[100,0],"id":5464697344098305,"type":106}
@nix {"action":"result","fields":[0,23,0,0],"id":5464697344098306,"type":105}
@nix {"action":"result","fields":[0,0,0,0],"id":5464697344098307,"type":105}
@nix {"action":"result","fields":[101,0],"id":5464697344098305,"type":106}
@nix {"action":"result","fields":[100,0],"id":5464697344098305,"type":106}
@nix {"action":"result","fields":[0,23,0,0],"id":5464697344098306,"type":105}
@nix {"action":"result","fields":[0,0,0,0],"id":5464697344098307,"type":105}
@nix {"action":"result","fields":[101,0],"id":5464697344098305,"type":106}
@nix {"action":"result","fields":[100,0],"id":5464697344098305,"type":106}
@nix {"action":"result","fields":[0,23,0,0],"id":5464697344098306,"type":105}
@nix {"action":"result","fields":[0,0,0,0],"id":5464697344098307,"type":105}
@nix {"action":"result","fields":[101,0],"id":5464697344098305,"type":106}
@nix {"action":"result","fields":[100,0],"id":5464697344098305,"type":106}
@nix {"action":"result","fields":[0,24,0,0],"id":5464697344098306,"type":105}
@nix {"action":"result","fields":[0,0,0,0],"id":5464697344098307,"type":105}
@nix {"action":"result","fields":[101,0],"id":5464697344098305,"type":106}
@nix {"action":"result","fields":[100,0],"id":5464697344098305,"type":106}
@nix {"action":"result","fields":[0,24,0,0],"id":5464697344098306,"type":105}
@nix {"action":"result","fields":[0,0,0,0],"id":5464697344098307,"type":105}
@nix {"action":"result","fields":[101,0],"id":5464697344098305,"type":106}
@nix {"action":"result","fields":[100,0],"id":5464697344098305,"type":106}
@nix {"action":"result","fields":[0,24,0,0],"id":5464697344098306,"type":105}
@nix {"action":"result","fields":[0,0,0,0],"id":5464697344098307,"type":105}
@nix {"action":"result","fields":[101,0],"id":5464697344098305,"type":106}
@nix {"action":"result","fields":[100,0],"id":5464697344098305,"type":106}
@nix {"action":"result","fields":[0,25,0,0],"id":5464697344098306,"type":105}
@nix {"action":"result","fields":[0,0,0,0],"id":5464697344098307,"type":105}
@nix {"action":"result","fields":[101,0],"id":5464697344098305,"type":106}
@nix {"action":"result","fields":[100,0],"id":5464697344098305,"type":106}
@nix {"action":"result","fields":[0,25,0,0],"id":5464697344098306,"type":105}
@nix {"action":"result","fields":[0,0,0,0],"id":5464697344098307,"type":105}
@nix {"action":"result","fields":[101,0],"id":5464697344098305,"type":106}
@nix {"action":"result","fields":[100,0],"id":5464697344098305,"type":106}
@nix {"action":"result","fields":[0,25,0,0],"id":5464697344098306,"type":105}
@nix {"action":"result","fields":[0,0,0,0],"id":5464697344098307,"type":105}
@nix {"action":"result","fields":[101,0],"id":5464697344098305,"type":106}
@nix {"action":"result","fields":[100,0],"id":5464697344098305,"type":106}
@nix {"action":"result","fields":[0,26,0,0],"id":5464697344098306,"type":105}
@nix {"action":"result","fields":[0,0,0,0],"id":5464697344098307,"type":105}
@nix {"action":"result","fields":[101,0],"id":5464697344098305,"type":106}
@nix {"action":"result","fields":[100,0],"id":5464697344098305,"type":106}
@nix {"action":"result","fields":[0,26,0,0],"id":5464697344098306,"type":105}
@nix {"action":"result","fields":[0,0,0,0],"id":5464697344098307,"type":105}
@nix {"action":"result","fields":[101,0],"id":5464697344098305,"type":106}
@nix {"action":"result","fields":[100,0],"id":5464697344098305,"type":106}
@nix {"action":"result","fields":[0,26,0,0],"id":5464697344098306,"type":105}
@nix {"action":"result","fields":[0,0,0,0],"id":5464697344098307,"type":105}
@nix {"action":"result","fields":[101,0],"id":5464697344098305,"type":106}
@nix {"action":"result","fields":[100,0],"id":5464697344098305,"type":106}
@nix {"action":"result","fields":[0,27,0,0],"id":5464697344098306,"type":105}
@nix {"action":"result","fields":[0,0,0,0],"id":5464697344098307,"type":105}
@nix {"action":"result","fields":[101,0],"id":5464697344098305,"type":106}
@nix {"action":"result","fields":[100,0],"id":5464697344098305,"type":106}
@nix {"action":"result","fields":[0,27,0,0],"id":5464697344098306,"type":105}
@nix {"action":"result","fields":[0,0,0,0],"id":5464697344098307,"type":105}
@nix {"action":"result","fields":[101,0],"id":5464697344098305,"type":106}
@nix {"action":"result","fields":[100,0],"id":5464697344098305,"type":106}
@nix {"action":"result","fields":[0,27,0,0],"id":5464697344098306,"type":105}
@nix {"action":"result","fields":[0,0,0,0],"id":5464697344098307,"type":105}
@nix {"action":"result","fields":[101,0],"id":5464697344098305,"type":106}
@nix {"action":"result","fields":[100,0],"id":5464697344098305,"type":106}
@nix {"action":"result","fields":[0,28,0,0],"id":5464697344098306,"type":105}
@nix {"action":"result","fields":[0,0,0,0],"id":5464697344098307,"type":105}
@nix {"action":"result","fields":[101,0],"id":5464697344098305,"type":106}
@nix {"action":"result","fields":[100,0],"id":5464697344098305,"type":106}
@nix {"action":"result","fields":[0,28,0,0],"id":5464697344098306,"type":105}
@nix {"action":"result","fields":[0,0,0,0],"id":5464697344098307,"type":105}
@nix {"action":"result","fields":[101,0],"id":5464697344098305,"type":106}
@nix {"action":"result","fields":[100,0],"id":5464697344098305,"type":106}
@nix {"action":"result","fields":[0,28,0,0],"id":5464697344098306,"type":105}
@nix {"action":"result","fields":[0,0,0,0],"id":5464697344098307,"type":105}
@nix {"action":"result","fields":[101,0],"id":5464697344098305,"type":106}
@nix {"action":"result","fields":[100,0],"id":5464697344098305,"type":106}
@nix {"action":"result","fields":[0,29,0,0],"id":5464697344098306,"type":105}
@nix {"action":"result","fields":[0,0,0,0],"id":5464697344098307,"type":105}
@nix {"action":"result","fields":[101,0],"id":5464697344098305,"type":106}
@nix {"action":"result","fields":[100,0],"id":5464697344098305,"type":106}
@nix {"action":"result","fields":[0,29,0,0],"id":5464697344098306,"type":105}
@nix {"action":"result","fields":[0,0,0,0],"id":5464697344098307,"type":105}
@nix {"action":"result","fields":[101,0],"id":5464697344098305,"type":106}
@nix {"action":"result","fields":[100,0],"id":5464697344098305,"type":106}
@nix {"action":"result","fields":[0,29,0,0],"id":5464697344098306,"type":105}
@nix {"action":"result","fields":[0,0,0,0],"id":5464697344098307,"type":105}
@nix {"action":"result","fields":[101,0],"id":5464697344098305,"type":106}
@nix {"action":"result","fields":[100,0],"id":5464697344098305,"type":106}
@nix {"action":"result","fields":[0,30,0,0],"id":5464697344098306,"type":105}
@nix {"action":"result","fields":[0,0,0,0],"id":5464697344098307,"type":105}
@nix {"action":"result","fields":[101,0],"id":5464697344098305,"type":106}
@nix {"action":"result","fields":[100,0],"id":5464697344098305,"type":106}
@nix {"action":"result","fields":[0,30,0,0],"id":5464697344098306,"type":105}
@nix {"action":"result","fields":[0,0,0,0],"id":5464697344098307,"type":105}
@nix {"action":"result","fields":[101,0],"id":5464697344098305,"type":106}
@nix {"action":"result","fields":[100,0],"id":5464697344098305,"type":106}
@nix {"action":"result","fields":[0,30,0,0],"id":5464697344098306,"type":105}
@nix {"action":"result","fields":[0,0,0,0],"id":5464697344098307,"type":105}
@nix {"action":"result","fields":[101,0],"id":5464697344098305,"type":106}
@nix {"action":"result","fields":[100,0],"id":5464697344098305,"type":106}
@nix {"action":"result","fields":[0,31,0,0],"id":5464697344098306,"type":105}
@nix {"action":"result","fields":[0,0,0,0],"id":5464697344098307,"type":105}
@nix {"action":"result","fields":[101,0],"id":5464697344098305,"type":106}
@nix {"action":"result","fields":[100,0],"id":5464697344098305,"type":106}
@nix {"action":"result","fields":[0,31,0,0],"id":5464697344098306,"type":105}
@nix {"action":"result","fields":[0,0,0,0],"id":5464697344098307,"type":105}
@nix {"action":"result","fields":[101,0],"id":5464697344098305,"type":106}
@nix {"action":"result","fields":[100,0],"id":5464697344098305,"type":106}
@nix {"action":"result","fields":[0,31,0,0],"id":5464697344098306,"type":105}
@nix {"action":"result","fields":[0,0,0,0],"id":5464697344098307,"type":105}
@nix {"action":"result","fields":[101,0],"id":5464697344098305,"type":106}
@nix {"action":"result","fields":[100,0],"id":5464697344098305,"type":106}
@nix {"action":"result","fields":[0,32,0,0],"id":5464697344098306,"type":105}
@nix {"action":"result","fields":[0,0,0,0],"id":5464697344098307,"type":105}
@nix {"action":"result","fields":[101,0],"id":5464697344098305,"type":106}
@nix {"action":"result","fields":[100,0],"id":5464697344098305,"type":106}
@nix {"action":"start","fields":["/tmp/obrador-shared-pins-linux/round-3-baseline/chain-round-1-jobs-8/store/shqlips1v6dyggpcyvpcd7shz0zhj9p4-leaf-0.drv.drv","",1,1],"id":5464697344098308,"level":3,"parent":0,"text":"building '/tmp/obrador-shared-pins-linux/round-3-baseline/chain-round-1-jobs-8/store/shqlips1v6dyggpcyvpcd7shz0zhj9p4-leaf-0.drv.drv'","type":105}
@nix {"action":"result","fields":[0,32,1,0],"id":5464697344098306,"type":105}
@nix {"action":"result","fields":[0,0,0,0],"id":5464697344098307,"type":105}
@nix {"action":"result","fields":[101,0],"id":5464697344098305,"type":106}
@nix {"action":"result","fields":[100,0],"id":5464697344098305,"type":106}
@nix {"action":"result","fields":[1,33,0,0],"id":5464697344098306,"type":105}
@nix {"action":"result","fields":[0,0,0,0],"id":5464697344098307,"type":105}
@nix {"action":"result","fields":[101,0],"id":5464697344098305,"type":106}
@nix {"action":"result","fields":[100,0],"id":5464697344098305,"type":106}
@nix {"action":"stop","id":5464697344098308}
@nix {"action":"result","fields":[1,33,0,0],"id":5464697344098306,"type":105}
@nix {"action":"result","fields":[0,0,0,0],"id":5464697344098307,"type":105}
@nix {"action":"result","fields":[101,0],"id":5464697344098305,"type":106}
@nix {"action":"result","fields":[100,0],"id":5464697344098305,"type":106}
@nix {"action":"start","fields":["/tmp/obrador-shared-pins-linux/round-3-baseline/chain-round-1-jobs-8/store/hgr4wsy3942m4l78r5z91jj79v6rd75q-leaf-0.drv","",1,1],"id":5464697344098309,"level":3,"parent":0,"text":"building '/tmp/obrador-shared-pins-linux/round-3-baseline/chain-round-1-jobs-8/store/hgr4wsy3942m4l78r5z91jj79v6rd75q-leaf-0.drv'","type":105}
@nix {"action":"result","fields":[1,33,1,0],"id":5464697344098306,"type":105}
@nix {"action":"result","fields":[0,0,0,0],"id":5464697344098307,"type":105}
@nix {"action":"result","fields":[101,0],"id":5464697344098305,"type":106}
@nix {"action":"result","fields":[100,0],"id":5464697344098305,"type":106}
@nix {"action":"result","fields":[2,34,0,0],"id":5464697344098306,"type":105}
@nix {"action":"result","fields":[0,0,0,0],"id":5464697344098307,"type":105}
@nix {"action":"result","fields":[101,0],"id":5464697344098305,"type":106}
@nix {"action":"result","fields":[100,0],"id":5464697344098305,"type":106}
@nix {"action":"stop","id":5464697344098309}
@nix {"action":"start","fields":["/tmp/obrador-shared-pins-linux/round-3-baseline/chain-round-1-jobs-8/store/74gladqdi7kkhpkixy2ldvk91gjbbgp3-leaf-1.drv.drv","/tmp/obrador-shared-pins-linux/round-3-baseline/chain-round-1-jobs-8/store/ycpdz6psf5pr5lmn1ihcg2yls44q0rqn-leaf-1.drv.drv"],"id":5464697344098310,"level":3,"parent":0,"text":"resolved derivation: '/tmp/obrador-shared-pins-linux/round-3-baseline/chain-round-1-jobs-8/store/74gladqdi7kkhpkixy2ldvk91gjbbgp3-leaf-1.drv.drv' -> '/tmp/obrador-shared-pins-linux/round-3-baseline/chain-round-1-jobs-8/store/ycpdz6psf5pr5lmn1ihcg2yls44q0rqn-leaf-1.drv.drv'","type":111}
@nix {"action":"result","fields":[2,34,0,0],"id":5464697344098306,"type":105}
@nix {"action":"result","fields":[0,0,0,0],"id":5464697344098307,"type":105}
@nix {"action":"result","fields":[101,0],"id":5464697344098305,"type":106}
@nix {"action":"result","fields":[100,0],"id":5464697344098305,"type":106}
@nix {"action":"start","fields":["/tmp/obrador-shared-pins-linux/round-3-baseline/chain-round-1-jobs-8/store/ycpdz6psf5pr5lmn1ihcg2yls44q0rqn-leaf-1.drv.drv","",1,1],"id":5464697344098311,"level":3,"parent":0,"text":"building '/tmp/obrador-shared-pins-linux/round-3-baseline/chain-round-1-jobs-8/store/ycpdz6psf5pr5lmn1ihcg2yls44q0rqn-leaf-1.drv.drv'","type":105}
@nix {"action":"result","fields":[2,34,1,0],"id":5464697344098306,"type":105}
@nix {"action":"result","fields":[0,0,0,0],"id":5464697344098307,"type":105}
@nix {"action":"result","fields":[101,0],"id":5464697344098305,"type":106}
@nix {"action":"result","fields":[100,0],"id":5464697344098305,"type":106}
@nix {"action":"result","fields":[3,35,0,0],"id":5464697344098306,"type":105}
@nix {"action":"result","fields":[0,0,0,0],"id":5464697344098307,"type":105}
@nix {"action":"result","fields":[101,0],"id":5464697344098305,"type":106}
@nix {"action":"result","fields":[100,0],"id":5464697344098305,"type":106}
@nix {"action":"stop","id":5464697344098311}
@nix {"action":"result","fields":[4,35,0,0],"id":5464697344098306,"type":105}
@nix {"action":"result","fields":[0,0,0,0],"id":5464697344098307,"type":105}
@nix {"action":"result","fields":[101,0],"id":5464697344098305,"type":106}
@nix {"action":"result","fields":[100,0],"id":5464697344098305,"type":106}
@nix {"action":"stop","id":5464697344098310}
@nix {"action":"result","fields":[4,35,0,0],"id":5464697344098306,"type":105}
@nix {"action":"result","fields":[0,0,0,0],"id":5464697344098307,"type":105}
@nix {"action":"result","fields":[101,0],"id":5464697344098305,"type":106}
@nix {"action":"result","fields":[100,0],"id":5464697344098305,"type":106}
@nix {"action":"start","fields":["/tmp/obrador-shared-pins-linux/round-3-baseline/chain-round-1-jobs-8/store/n316g2f7na5gidnmkwnr915nwj335kwr-leaf-1.drv","",1,1],"id":5464697344098312,"level":3,"parent":0,"text":"building '/tmp/obrador-shared-pins-linux/round-3-baseline/chain-round-1-jobs-8/store/n316g2f7na5gidnmkwnr915nwj335kwr-leaf-1.drv'","type":105}
@nix {"action":"result","fields":[4,35,1,0],"id":5464697344098306,"type":105}
@nix {"action":"result","fields":[0,0,0,0],"id":5464697344098307,"type":105}
@nix {"action":"result","fields":[101,0],"id":5464697344098305,"type":106}
@nix {"action":"result","fields":[100,0],"id":5464697344098305,"type":106}
@nix {"action":"result","fields":[5,36,0,0],"id":5464697344098306,"type":105}
@nix {"action":"result","fields":[0,0,0,0],"id":5464697344098307,"type":105}
@nix {"action":"result","fields":[101,0],"id":5464697344098305,"type":106}
@nix {"action":"result","fields":[100,0],"id":5464697344098305,"type":106}
@nix {"action":"stop","id":5464697344098312}
@nix {"action":"start","fields":["/tmp/obrador-shared-pins-linux/round-3-baseline/chain-round-1-jobs-8/store/jcm475s7qjl3mblhi51izm6ff1xp0whs-leaf-2.drv.drv","/tmp/obrador-shared-pins-linux/round-3-baseline/chain-round-1-jobs-8/store/nncfr0fgq6fb7ybwfpxgipd4kfv9m00r-leaf-2.drv.drv"],"id":5464697344098313,"level":3,"parent":0,"text":"resolved derivation: '/tmp/obrador-shared-pins-linux/round-3-baseline/chain-round-1-jobs-8/store/jcm475s7qjl3mblhi51izm6ff1xp0whs-leaf-2.drv.drv' -> '/tmp/obrador-shared-pins-linux/round-3-baseline/chain-round-1-jobs-8/store/nncfr0fgq6fb7ybwfpxgipd4kfv9m00r-leaf-2.drv.drv'","type":111}
@nix {"action":"result","fields":[5,36,0,0],"id":5464697344098306,"type":105}
@nix {"action":"result","fields":[0,0,0,0],"id":5464697344098307,"type":105}
@nix {"action":"result","fields":[101,0],"id":5464697344098305,"type":106}
@nix {"action":"result","fields":[100,0],"id":5464697344098305,"type":106}
@nix {"action":"start","fields":["/tmp/obrador-shared-pins-linux/round-3-baseline/chain-round-1-jobs-8/store/nncfr0fgq6fb7ybwfpxgipd4kfv9m00r-leaf-2.drv.drv","",1,1],"id":5464697344098314,"level":3,"parent":0,"text":"building '/tmp/obrador-shared-pins-linux/round-3-baseline/chain-round-1-jobs-8/store/nncfr0fgq6fb7ybwfpxgipd4kfv9m00r-leaf-2.drv.drv'","type":105}
@nix {"action":"result","fields":[5,36,1,0],"id":5464697344098306,"type":105}
@nix {"action":"result","fields":[0,0,0,0],"id":5464697344098307,"type":105}
@nix {"action":"result","fields":[101,0],"id":5464697344098305,"type":106}
@nix {"action":"result","fields":[100,0],"id":5464697344098305,"type":106}
@nix {"action":"result","fields":[6,37,0,0],"id":5464697344098306,"type":105}
@nix {"action":"result","fields":[0,0,0,0],"id":5464697344098307,"type":105}
@nix {"action":"result","fields":[101,0],"id":5464697344098305,"type":106}
@nix {"action":"result","fields":[100,0],"id":5464697344098305,"type":106}
@nix {"action":"stop","id":5464697344098314}
@nix {"action":"result","fields":[7,37,0,0],"id":5464697344098306,"type":105}
@nix {"action":"result","fields":[0,0,0,0],"id":5464697344098307,"type":105}
@nix {"action":"result","fields":[101,0],"id":5464697344098305,"type":106}
@nix {"action":"result","fields":[100,0],"id":5464697344098305,"type":106}
@nix {"action":"stop","id":5464697344098313}
@nix {"action":"result","fields":[7,37,0,0],"id":5464697344098306,"type":105}
@nix {"action":"result","fields":[0,0,0,0],"id":5464697344098307,"type":105}
@nix {"action":"result","fields":[101,0],"id":5464697344098305,"type":106}
@nix {"action":"result","fields":[100,0],"id":5464697344098305,"type":106}
@nix {"action":"start","fields":["/tmp/obrador-shared-pins-linux/round-3-baseline/chain-round-1-jobs-8/store/hs5idbgrlkfnzdfhi0x05ma4ihmrq0hc-leaf-2.drv","",1,1],"id":5464697344098315,"level":3,"parent":0,"text":"building '/tmp/obrador-shared-pins-linux/round-3-baseline/chain-round-1-jobs-8/store/hs5idbgrlkfnzdfhi0x05ma4ihmrq0hc-leaf-2.drv'","type":105}
@nix {"action":"result","fields":[7,37,1,0],"id":5464697344098306,"type":105}
@nix {"action":"result","fields":[0,0,0,0],"id":5464697344098307,"type":105}
@nix {"action":"result","fields":[101,0],"id":5464697344098305,"type":106}
@nix {"action":"result","fields":[100,0],"id":5464697344098305,"type":106}
@nix {"action":"result","fields":[8,38,0,0],"id":5464697344098306,"type":105}
@nix {"action":"result","fields":[0,0,0,0],"id":5464697344098307,"type":105}
@nix {"action":"result","fields":[101,0],"id":5464697344098305,"type":106}
@nix {"action":"result","fields":[100,0],"id":5464697344098305,"type":106}
@nix {"action":"stop","id":5464697344098315}
@nix {"action":"start","fields":["/tmp/obrador-shared-pins-linux/round-3-baseline/chain-round-1-jobs-8/store/7gjkybf04x62hwkc1f0bsnaqxfhs3pvf-leaf-3.drv.drv","/tmp/obrador-shared-pins-linux/round-3-baseline/chain-round-1-jobs-8/store/6nn8lw9afj6ycvnz4wklb1id2y4qzbc1-leaf-3.drv.drv"],"id":5464697344098316,"level":3,"parent":0,"text":"resolved derivation: '/tmp/obrador-shared-pins-linux/round-3-baseline/chain-round-1-jobs-8/store/7gjkybf04x62hwkc1f0bsnaqxfhs3pvf-leaf-3.drv.drv' -> '/tmp/obrador-shared-pins-linux/round-3-baseline/chain-round-1-jobs-8/store/6nn8lw9afj6ycvnz4wklb1id2y4qzbc1-leaf-3.drv.drv'","type":111}
@nix {"action":"result","fields":[8,38,0,0],"id":5464697344098306,"type":105}
@nix {"action":"result","fields":[0,0,0,0],"id":5464697344098307,"type":105}
@nix {"action":"result","fields":[101,0],"id":5464697344098305,"type":106}
@nix {"action":"result","fields":[100,0],"id":5464697344098305,"type":106}
@nix {"action":"start","fields":["/tmp/obrador-shared-pins-linux/round-3-baseline/chain-round-1-jobs-8/store/6nn8lw9afj6ycvnz4wklb1id2y4qzbc1-leaf-3.drv.drv","",1,1],"id":5464697344098317,"level":3,"parent":0,"text":"building '/tmp/obrador-shared-pins-linux/round-3-baseline/chain-round-1-jobs-8/store/6nn8lw9afj6ycvnz4wklb1id2y4qzbc1-leaf-3.drv.drv'","type":105}
@nix {"action":"result","fields":[8,38,1,0],"id":5464697344098306,"type":105}
@nix {"action":"result","fields":[0,0,0,0],"id":5464697344098307,"type":105}
@nix {"action":"result","fields":[101,0],"id":5464697344098305,"type":106}
@nix {"action":"result","fields":[100,0],"id":5464697344098305,"type":106}
@nix {"action":"result","fields":[9,39,0,0],"id":5464697344098306,"type":105}
@nix {"action":"result","fields":[0,0,0,0],"id":5464697344098307,"type":105}
@nix {"action":"result","fields":[101,0],"id":5464697344098305,"type":106}
@nix {"action":"result","fields":[100,0],"id":5464697344098305,"type":106}
@nix {"action":"stop","id":5464697344098317}
@nix {"action":"result","fields":[10,39,0,0],"id":5464697344098306,"type":105}
@nix {"action":"result","fields":[0,0,0,0],"id":5464697344098307,"type":105}
@nix {"action":"result","fields":[101,0],"id":5464697344098305,"type":106}
@nix {"action":"result","fields":[100,0],"id":5464697344098305,"type":106}
@nix {"action":"stop","id":5464697344098316}
@nix {"action":"result","fields":[10,39,0,0],"id":5464697344098306,"type":105}
@nix {"action":"result","fields":[0,0,0,0],"id":5464697344098307,"type":105}
@nix {"action":"result","fields":[101,0],"id":5464697344098305,"type":106}
@nix {"action":"result","fields":[100,0],"id":5464697344098305,"type":106}
@nix {"action":"start","fields":["/tmp/obrador-shared-pins-linux/round-3-baseline/chain-round-1-jobs-8/store/chvnp5gg639xc4g5gwxs3mhxyibgd9d2-leaf-3.drv","",1,1],"id":5464697344098318,"level":3,"parent":0,"text":"building '/tmp/obrador-shared-pins-linux/round-3-baseline/chain-round-1-jobs-8/store/chvnp5gg639xc4g5gwxs3mhxyibgd9d2-leaf-3.drv'","type":105}
@nix {"action":"result","fields":[10,39,1,0],"id":5464697344098306,"type":105}
@nix {"action":"result","fields":[0,0,0,0],"id":5464697344098307,"type":105}
@nix {"action":"result","fields":[101,0],"id":5464697344098305,"type":106}
@nix {"action":"result","fields":[100,0],"id":5464697344098305,"type":106}
@nix {"action":"result","fields":[11,40,0,0],"id":5464697344098306,"type":105}
@nix {"action":"result","fields":[0,0,0,0],"id":5464697344098307,"type":105}
@nix {"action":"result","fields":[101,0],"id":5464697344098305,"type":106}
@nix {"action":"result","fields":[100,0],"id":5464697344098305,"type":106}
@nix {"action":"stop","id":5464697344098318}
@nix {"action":"start","fields":["/tmp/obrador-shared-pins-linux/round-3-baseline/chain-round-1-jobs-8/store/4c77xnbhnz5zwyyakkclsbpq4jg1i19c-leaf-4.drv.drv","/tmp/obrador-shared-pins-linux/round-3-baseline/chain-round-1-jobs-8/store/jkah8nxy70bjqb62a08kpy0s93mlxwsl-leaf-4.drv.drv"],"id":5464697344098319,"level":3,"parent":0,"text":"resolved derivation: '/tmp/obrador-shared-pins-linux/round-3-baseline/chain-round-1-jobs-8/store/4c77xnbhnz5zwyyakkclsbpq4jg1i19c-leaf-4.drv.drv' -> '/tmp/obrador-shared-pins-linux/round-3-baseline/chain-round-1-jobs-8/store/jkah8nxy70bjqb62a08kpy0s93mlxwsl-leaf-4.drv.drv'","type":111}
@nix {"action":"result","fields":[11,40,0,0],"id":5464697344098306,"type":105}
@nix {"action":"result","fields":[0,0,0,0],"id":5464697344098307,"type":105}
@nix {"action":"result","fields":[101,0],"id":5464697344098305,"type":106}
@nix {"action":"result","fields":[100,0],"id":5464697344098305,"type":106}
@nix {"action":"start","fields":["/tmp/obrador-shared-pins-linux/round-3-baseline/chain-round-1-jobs-8/store/jkah8nxy70bjqb62a08kpy0s93mlxwsl-leaf-4.drv.drv","",1,1],"id":5464697344098320,"level":3,"parent":0,"text":"building '/tmp/obrador-shared-pins-linux/round-3-baseline/chain-round-1-jobs-8/store/jkah8nxy70bjqb62a08kpy0s93mlxwsl-leaf-4.drv.drv'","type":105}
@nix {"action":"result","fields":[11,40,1,0],"id":5464697344098306,"type":105}
@nix {"action":"result","fields":[0,0,0,0],"id":5464697344098307,"type":105}
@nix {"action":"result","fields":[101,0],"id":5464697344098305,"type":106}
@nix {"action":"result","fields":[100,0],"id":5464697344098305,"type":106}
@nix {"action":"result","fields":[12,41,0,0],"id":5464697344098306,"type":105}
@nix {"action":"result","fields":[0,0,0,0],"id":5464697344098307,"type":105}
@nix {"action":"result","fields":[101,0],"id":5464697344098305,"type":106}
@nix {"action":"result","fields":[100,0],"id":5464697344098305,"type":106}
@nix {"action":"stop","id":5464697344098320}
@nix {"action":"result","fields":[13,41,0,0],"id":5464697344098306,"type":105}
@nix {"action":"result","fields":[0,0,0,0],"id":5464697344098307,"type":105}
@nix {"action":"result","fields":[101,0],"id":5464697344098305,"type":106}
@nix {"action":"result","fields":[100,0],"id":5464697344098305,"type":106}
@nix {"action":"stop","id":5464697344098319}
@nix {"action":"result","fields":[13,41,0,0],"id":5464697344098306,"type":105}
@nix {"action":"result","fields":[0,0,0,0],"id":5464697344098307,"type":105}
@nix {"action":"result","fields":[101,0],"id":5464697344098305,"type":106}
@nix {"action":"result","fields":[100,0],"id":5464697344098305,"type":106}
@nix {"action":"start","fields":["/tmp/obrador-shared-pins-linux/round-3-baseline/chain-round-1-jobs-8/store/qvsa21cnxi41d7rgjj0c6gq8qc00hfk3-leaf-4.drv","",1,1],"id":5464697344098321,"level":3,"parent":0,"text":"building '/tmp/obrador-shared-pins-linux/round-3-baseline/chain-round-1-jobs-8/store/qvsa21cnxi41d7rgjj0c6gq8qc00hfk3-leaf-4.drv'","type":105}
@nix {"action":"result","fields":[13,41,1,0],"id":5464697344098306,"type":105}
@nix {"action":"result","fields":[0,0,0,0],"id":5464697344098307,"type":105}
@nix {"action":"result","fields":[101,0],"id":5464697344098305,"type":106}
@nix {"action":"result","fields":[100,0],"id":5464697344098305,"type":106}
@nix {"action":"result","fields":[14,42,0,0],"id":5464697344098306,"type":105}
@nix {"action":"result","fields":[0,0,0,0],"id":5464697344098307,"type":105}
@nix {"action":"result","fields":[101,0],"id":5464697344098305,"type":106}
@nix {"action":"result","fields":[100,0],"id":5464697344098305,"type":106}
@nix {"action":"stop","id":5464697344098321}
@nix {"action":"start","fields":["/tmp/obrador-shared-pins-linux/round-3-baseline/chain-round-1-jobs-8/store/v6jihdwg061fid0ar64njcldj87ddxwh-leaf-5.drv.drv","/tmp/obrador-shared-pins-linux/round-3-baseline/chain-round-1-jobs-8/store/9w7z3icijrq8xdiiany1jhd37cvazcwl-leaf-5.drv.drv"],"id":5464697344098322,"level":3,"parent":0,"text":"resolved derivation: '/tmp/obrador-shared-pins-linux/round-3-baseline/chain-round-1-jobs-8/store/v6jihdwg061fid0ar64njcldj87ddxwh-leaf-5.drv.drv' -> '/tmp/obrador-shared-pins-linux/round-3-baseline/chain-round-1-jobs-8/store/9w7z3icijrq8xdiiany1jhd37cvazcwl-leaf-5.drv.drv'","type":111}
@nix {"action":"result","fields":[14,42,0,0],"id":5464697344098306,"type":105}
@nix {"action":"result","fields":[0,0,0,0],"id":5464697344098307,"type":105}
@nix {"action":"result","fields":[101,0],"id":5464697344098305,"type":106}
@nix {"action":"result","fields":[100,0],"id":5464697344098305,"type":106}
@nix {"action":"start","fields":["/tmp/obrador-shared-pins-linux/round-3-baseline/chain-round-1-jobs-8/store/9w7z3icijrq8xdiiany1jhd37cvazcwl-leaf-5.drv.drv","",1,1],"id":5464697344098323,"level":3,"parent":0,"text":"building '/tmp/obrador-shared-pins-linux/round-3-baseline/chain-round-1-jobs-8/store/9w7z3icijrq8xdiiany1jhd37cvazcwl-leaf-5.drv.drv'","type":105}
@nix {"action":"result","fields":[14,42,1,0],"id":5464697344098306,"type":105}
@nix {"action":"result","fields":[0,0,0,0],"id":5464697344098307,"type":105}
@nix {"action":"result","fields":[101,0],"id":5464697344098305,"type":106}
@nix {"action":"result","fields":[100,0],"id":5464697344098305,"type":106}
@nix {"action":"result","fields":[15,43,0,0],"id":5464697344098306,"type":105}
@nix {"action":"result","fields":[0,0,0,0],"id":5464697344098307,"type":105}
@nix {"action":"result","fields":[101,0],"id":5464697344098305,"type":106}
@nix {"action":"result","fields":[100,0],"id":5464697344098305,"type":106}
@nix {"action":"stop","id":5464697344098323}
@nix {"action":"result","fields":[16,43,0,0],"id":5464697344098306,"type":105}
@nix {"action":"result","fields":[0,0,0,0],"id":5464697344098307,"type":105}
@nix {"action":"result","fields":[101,0],"id":5464697344098305,"type":106}
@nix {"action":"result","fields":[100,0],"id":5464697344098305,"type":106}
@nix {"action":"stop","id":5464697344098322}
@nix {"action":"result","fields":[16,43,0,0],"id":5464697344098306,"type":105}
@nix {"action":"result","fields":[0,0,0,0],"id":5464697344098307,"type":105}
@nix {"action":"result","fields":[101,0],"id":5464697344098305,"type":106}
@nix {"action":"result","fields":[100,0],"id":5464697344098305,"type":106}
@nix {"action":"start","fields":["/tmp/obrador-shared-pins-linux/round-3-baseline/chain-round-1-jobs-8/store/q65p11kx1610yx3zgy0yy6lyavlb2wcx-leaf-5.drv","",1,1],"id":5464697344098324,"level":3,"parent":0,"text":"building '/tmp/obrador-shared-pins-linux/round-3-baseline/chain-round-1-jobs-8/store/q65p11kx1610yx3zgy0yy6lyavlb2wcx-leaf-5.drv'","type":105}
@nix {"action":"result","fields":[16,43,1,0],"id":5464697344098306,"type":105}
@nix {"action":"result","fields":[0,0,0,0],"id":5464697344098307,"type":105}
@nix {"action":"result","fields":[101,0],"id":5464697344098305,"type":106}
@nix {"action":"result","fields":[100,0],"id":5464697344098305,"type":106}
@nix {"action":"result","fields":[17,44,0,0],"id":5464697344098306,"type":105}
@nix {"action":"result","fields":[0,0,0,0],"id":5464697344098307,"type":105}
@nix {"action":"result","fields":[101,0],"id":5464697344098305,"type":106}
@nix {"action":"result","fields":[100,0],"id":5464697344098305,"type":106}
@nix {"action":"stop","id":5464697344098324}
@nix {"action":"start","fields":["/tmp/obrador-shared-pins-linux/round-3-baseline/chain-round-1-jobs-8/store/w89gasi72qasflrh82srs11qmybhy637-leaf-6.drv.drv","/tmp/obrador-shared-pins-linux/round-3-baseline/chain-round-1-jobs-8/store/2ypxsiz2q4wwkxvlmzdhhli2yskz0vs5-leaf-6.drv.drv"],"id":5464697344098325,"level":3,"parent":0,"text":"resolved derivation: '/tmp/obrador-shared-pins-linux/round-3-baseline/chain-round-1-jobs-8/store/w89gasi72qasflrh82srs11qmybhy637-leaf-6.drv.drv' -> '/tmp/obrador-shared-pins-linux/round-3-baseline/chain-round-1-jobs-8/store/2ypxsiz2q4wwkxvlmzdhhli2yskz0vs5-leaf-6.drv.drv'","type":111}
@nix {"action":"result","fields":[17,44,0,0],"id":5464697344098306,"type":105}
@nix {"action":"result","fields":[0,0,0,0],"id":5464697344098307,"type":105}
@nix {"action":"result","fields":[101,0],"id":5464697344098305,"type":106}
@nix {"action":"result","fields":[100,0],"id":5464697344098305,"type":106}
@nix {"action":"start","fields":["/tmp/obrador-shared-pins-linux/round-3-baseline/chain-round-1-jobs-8/store/2ypxsiz2q4wwkxvlmzdhhli2yskz0vs5-leaf-6.drv.drv","",1,1],"id":5464697344098326,"level":3,"parent":0,"text":"building '/tmp/obrador-shared-pins-linux/round-3-baseline/chain-round-1-jobs-8/store/2ypxsiz2q4wwkxvlmzdhhli2yskz0vs5-leaf-6.drv.drv'","type":105}
@nix {"action":"result","fields":[17,44,1,0],"id":5464697344098306,"type":105}
@nix {"action":"result","fields":[0,0,0,0],"id":5464697344098307,"type":105}
@nix {"action":"result","fields":[101,0],"id":5464697344098305,"type":106}
@nix {"action":"result","fields":[100,0],"id":5464697344098305,"type":106}
@nix {"action":"result","fields":[18,45,0,0],"id":5464697344098306,"type":105}
@nix {"action":"result","fields":[0,0,0,0],"id":5464697344098307,"type":105}
@nix {"action":"result","fields":[101,0],"id":5464697344098305,"type":106}
@nix {"action":"result","fields":[100,0],"id":5464697344098305,"type":106}
@nix {"action":"stop","id":5464697344098326}
@nix {"action":"result","fields":[19,45,0,0],"id":5464697344098306,"type":105}
@nix {"action":"result","fields":[0,0,0,0],"id":5464697344098307,"type":105}
@nix {"action":"result","fields":[101,0],"id":5464697344098305,"type":106}
@nix {"action":"result","fields":[100,0],"id":5464697344098305,"type":106}
@nix {"action":"stop","id":5464697344098325}
@nix {"action":"result","fields":[19,45,0,0],"id":5464697344098306,"type":105}
@nix {"action":"result","fields":[0,0,0,0],"id":5464697344098307,"type":105}
@nix {"action":"result","fields":[101,0],"id":5464697344098305,"type":106}
@nix {"action":"result","fields":[100,0],"id":5464697344098305,"type":106}
@nix {"action":"start","fields":["/tmp/obrador-shared-pins-linux/round-3-baseline/chain-round-1-jobs-8/store/7g3chcrpp8plbbpz408v5prnqrxfvdp6-leaf-6.drv","",1,1],"id":5464697344098327,"level":3,"parent":0,"text":"building '/tmp/obrador-shared-pins-linux/round-3-baseline/chain-round-1-jobs-8/store/7g3chcrpp8plbbpz408v5prnqrxfvdp6-leaf-6.drv'","type":105}
@nix {"action":"result","fields":[19,45,1,0],"id":5464697344098306,"type":105}
@nix {"action":"result","fields":[0,0,0,0],"id":5464697344098307,"type":105}
@nix {"action":"result","fields":[101,0],"id":5464697344098305,"type":106}
@nix {"action":"result","fields":[100,0],"id":5464697344098305,"type":106}
@nix {"action":"result","fields":[20,46,0,0],"id":5464697344098306,"type":105}
@nix {"action":"result","fields":[0,0,0,0],"id":5464697344098307,"type":105}
@nix {"action":"result","fields":[101,0],"id":5464697344098305,"type":106}
@nix {"action":"result","fields":[100,0],"id":5464697344098305,"type":106}
@nix {"action":"stop","id":5464697344098327}
@nix {"action":"start","fields":["/tmp/obrador-shared-pins-linux/round-3-baseline/chain-round-1-jobs-8/store/n8c52waiz7dl1mr1jscg69s2zwcc9rdf-leaf-7.drv.drv","/tmp/obrador-shared-pins-linux/round-3-baseline/chain-round-1-jobs-8/store/71sldh52vysyq5a41l9jy4pnqm728agd-leaf-7.drv.drv"],"id":5464697344098328,"level":3,"parent":0,"text":"resolved derivation: '/tmp/obrador-shared-pins-linux/round-3-baseline/chain-round-1-jobs-8/store/n8c52waiz7dl1mr1jscg69s2zwcc9rdf-leaf-7.drv.drv' -> '/tmp/obrador-shared-pins-linux/round-3-baseline/chain-round-1-jobs-8/store/71sldh52vysyq5a41l9jy4pnqm728agd-leaf-7.drv.drv'","type":111}
@nix {"action":"result","fields":[20,46,0,0],"id":5464697344098306,"type":105}
@nix {"action":"result","fields":[0,0,0,0],"id":5464697344098307,"type":105}
@nix {"action":"result","fields":[101,0],"id":5464697344098305,"type":106}
@nix {"action":"result","fields":[100,0],"id":5464697344098305,"type":106}
@nix {"action":"start","fields":["/tmp/obrador-shared-pins-linux/round-3-baseline/chain-round-1-jobs-8/store/71sldh52vysyq5a41l9jy4pnqm728agd-leaf-7.drv.drv","",1,1],"id":5464697344098329,"level":3,"parent":0,"text":"building '/tmp/obrador-shared-pins-linux/round-3-baseline/chain-round-1-jobs-8/store/71sldh52vysyq5a41l9jy4pnqm728agd-leaf-7.drv.drv'","type":105}
@nix {"action":"result","fields":[20,46,1,0],"id":5464697344098306,"type":105}
@nix {"action":"result","fields":[0,0,0,0],"id":5464697344098307,"type":105}
@nix {"action":"result","fields":[101,0],"id":5464697344098305,"type":106}
@nix {"action":"result","fields":[100,0],"id":5464697344098305,"type":106}
@nix {"action":"result","fields":[21,47,0,0],"id":5464697344098306,"type":105}
@nix {"action":"result","fields":[0,0,0,0],"id":5464697344098307,"type":105}
@nix {"action":"result","fields":[101,0],"id":5464697344098305,"type":106}
@nix {"action":"result","fields":[100,0],"id":5464697344098305,"type":106}
@nix {"action":"stop","id":5464697344098329}
@nix {"action":"result","fields":[22,47,0,0],"id":5464697344098306,"type":105}
@nix {"action":"result","fields":[0,0,0,0],"id":5464697344098307,"type":105}
@nix {"action":"result","fields":[101,0],"id":5464697344098305,"type":106}
@nix {"action":"result","fields":[100,0],"id":5464697344098305,"type":106}
@nix {"action":"stop","id":5464697344098328}
@nix {"action":"result","fields":[22,47,0,0],"id":5464697344098306,"type":105}
@nix {"action":"result","fields":[0,0,0,0],"id":5464697344098307,"type":105}
@nix {"action":"result","fields":[101,0],"id":5464697344098305,"type":106}
@nix {"action":"result","fields":[100,0],"id":5464697344098305,"type":106}
@nix {"action":"start","fields":["/tmp/obrador-shared-pins-linux/round-3-baseline/chain-round-1-jobs-8/store/8jqj5h2hx0fyxriyp3bf84hwr0z903l0-leaf-7.drv","",1,1],"id":5464697344098330,"level":3,"parent":0,"text":"building '/tmp/obrador-shared-pins-linux/round-3-baseline/chain-round-1-jobs-8/store/8jqj5h2hx0fyxriyp3bf84hwr0z903l0-leaf-7.drv'","type":105}
@nix {"action":"result","fields":[22,47,1,0],"id":5464697344098306,"type":105}
@nix {"action":"result","fields":[0,0,0,0],"id":5464697344098307,"type":105}
@nix {"action":"result","fields":[101,0],"id":5464697344098305,"type":106}
@nix {"action":"result","fields":[100,0],"id":5464697344098305,"type":106}
@nix {"action":"result","fields":[23,48,0,0],"id":5464697344098306,"type":105}
@nix {"action":"result","fields":[0,0,0,0],"id":5464697344098307,"type":105}
@nix {"action":"result","fields":[101,0],"id":5464697344098305,"type":106}
@nix {"action":"result","fields":[100,0],"id":5464697344098305,"type":106}
@nix {"action":"stop","id":5464697344098330}
@nix {"action":"start","fields":["/tmp/obrador-shared-pins-linux/round-3-baseline/chain-round-1-jobs-8/store/g7c7vy7cz6ndamz5iymhc9airm6vfc78-leaf-8.drv.drv","/tmp/obrador-shared-pins-linux/round-3-baseline/chain-round-1-jobs-8/store/rh7xbc3h27sjx5d5rk3fnqyrp39kik9g-leaf-8.drv.drv"],"id":5464697344098331,"level":3,"parent":0,"text":"resolved derivation: '/tmp/obrador-shared-pins-linux/round-3-baseline/chain-round-1-jobs-8/store/g7c7vy7cz6ndamz5iymhc9airm6vfc78-leaf-8.drv.drv' -> '/tmp/obrador-shared-pins-linux/round-3-baseline/chain-round-1-jobs-8/store/rh7xbc3h27sjx5d5rk3fnqyrp39kik9g-leaf-8.drv.drv'","type":111}
@nix {"action":"result","fields":[23,48,0,0],"id":5464697344098306,"type":105}
@nix {"action":"result","fields":[0,0,0,0],"id":5464697344098307,"type":105}
@nix {"action":"result","fields":[101,0],"id":5464697344098305,"type":106}
@nix {"action":"result","fields":[100,0],"id":5464697344098305,"type":106}
@nix {"action":"start","fields":["/tmp/obrador-shared-pins-linux/round-3-baseline/chain-round-1-jobs-8/store/rh7xbc3h27sjx5d5rk3fnqyrp39kik9g-leaf-8.drv.drv","",1,1],"id":5464697344098332,"level":3,"parent":0,"text":"building '/tmp/obrador-shared-pins-linux/round-3-baseline/chain-round-1-jobs-8/store/rh7xbc3h27sjx5d5rk3fnqyrp39kik9g-leaf-8.drv.drv'","type":105}
@nix {"action":"result","fields":[23,48,1,0],"id":5464697344098306,"type":105}
@nix {"action":"result","fields":[0,0,0,0],"id":5464697344098307,"type":105}
@nix {"action":"result","fields":[101,0],"id":5464697344098305,"type":106}
@nix {"action":"result","fields":[100,0],"id":5464697344098305,"type":106}
@nix {"action":"result","fields":[24,49,0,0],"id":5464697344098306,"type":105}
@nix {"action":"result","fields":[0,0,0,0],"id":5464697344098307,"type":105}
@nix {"action":"result","fields":[101,0],"id":5464697344098305,"type":106}
@nix {"action":"result","fields":[100,0],"id":5464697344098305,"type":106}
@nix {"action":"stop","id":5464697344098332}
@nix {"action":"result","fields":[25,49,0,0],"id":5464697344098306,"type":105}
@nix {"action":"result","fields":[0,0,0,0],"id":5464697344098307,"type":105}
@nix {"action":"result","fields":[101,0],"id":5464697344098305,"type":106}
@nix {"action":"result","fields":[100,0],"id":5464697344098305,"type":106}
@nix {"action":"stop","id":5464697344098331}
@nix {"action":"result","fields":[25,49,0,0],"id":5464697344098306,"type":105}
@nix {"action":"result","fields":[0,0,0,0],"id":5464697344098307,"type":105}
@nix {"action":"result","fields":[101,0],"id":5464697344098305,"type":106}
@nix {"action":"result","fields":[100,0],"id":5464697344098305,"type":106}
@nix {"action":"start","fields":["/tmp/obrador-shared-pins-linux/round-3-baseline/chain-round-1-jobs-8/store/1hk0mm5sf5ljjjasqmh6lwar53dc8zyz-leaf-8.drv","",1,1],"id":5464697344098333,"level":3,"parent":0,"text":"building '/tmp/obrador-shared-pins-linux/round-3-baseline/chain-round-1-jobs-8/store/1hk0mm5sf5ljjjasqmh6lwar53dc8zyz-leaf-8.drv'","type":105}
@nix {"action":"result","fields":[25,49,1,0],"id":5464697344098306,"type":105}
@nix {"action":"result","fields":[0,0,0,0],"id":5464697344098307,"type":105}
@nix {"action":"result","fields":[101,0],"id":5464697344098305,"type":106}
@nix {"action":"result","fields":[100,0],"id":5464697344098305,"type":106}
@nix {"action":"result","fields":[26,50,0,0],"id":5464697344098306,"type":105}
@nix {"action":"result","fields":[0,0,0,0],"id":5464697344098307,"type":105}
@nix {"action":"result","fields":[101,0],"id":5464697344098305,"type":106}
@nix {"action":"result","fields":[100,0],"id":5464697344098305,"type":106}
@nix {"action":"stop","id":5464697344098333}
@nix {"action":"start","fields":["/tmp/obrador-shared-pins-linux/round-3-baseline/chain-round-1-jobs-8/store/b6fcsrsldn5fzb05s6nj15fq0znhvxp2-leaf-9.drv.drv","/tmp/obrador-shared-pins-linux/round-3-baseline/chain-round-1-jobs-8/store/g5ikjwcvas9zsgjwf1li89qnl7s3qpjq-leaf-9.drv.drv"],"id":5464697344098334,"level":3,"parent":0,"text":"resolved derivation: '/tmp/obrador-shared-pins-linux/round-3-baseline/chain-round-1-jobs-8/store/b6fcsrsldn5fzb05s6nj15fq0znhvxp2-leaf-9.drv.drv' -> '/tmp/obrador-shared-pins-linux/round-3-baseline/chain-round-1-jobs-8/store/g5ikjwcvas9zsgjwf1li89qnl7s3qpjq-leaf-9.drv.drv'","type":111}
@nix {"action":"result","fields":[26,50,0,0],"id":5464697344098306,"type":105}
@nix {"action":"result","fields":[0,0,0,0],"id":5464697344098307,"type":105}
@nix {"action":"result","fields":[101,0],"id":5464697344098305,"type":106}
@nix {"action":"result","fields":[100,0],"id":5464697344098305,"type":106}
@nix {"action":"start","fields":["/tmp/obrador-shared-pins-linux/round-3-baseline/chain-round-1-jobs-8/store/g5ikjwcvas9zsgjwf1li89qnl7s3qpjq-leaf-9.drv.drv","",1,1],"id":5464697344098335,"level":3,"parent":0,"text":"building '/tmp/obrador-shared-pins-linux/round-3-baseline/chain-round-1-jobs-8/store/g5ikjwcvas9zsgjwf1li89qnl7s3qpjq-leaf-9.drv.drv'","type":105}
@nix {"action":"result","fields":[26,50,1,0],"id":5464697344098306,"type":105}
@nix {"action":"result","fields":[0,0,0,0],"id":5464697344098307,"type":105}
@nix {"action":"result","fields":[101,0],"id":5464697344098305,"type":106}
@nix {"action":"result","fields":[100,0],"id":5464697344098305,"type":106}
@nix {"action":"result","fields":[27,51,0,0],"id":5464697344098306,"type":105}
@nix {"action":"result","fields":[0,0,0,0],"id":5464697344098307,"type":105}
@nix {"action":"result","fields":[101,0],"id":5464697344098305,"type":106}
@nix {"action":"result","fields":[100,0],"id":5464697344098305,"type":106}
@nix {"action":"stop","id":5464697344098335}
@nix {"action":"result","fields":[28,51,0,0],"id":5464697344098306,"type":105}
@nix {"action":"result","fields":[0,0,0,0],"id":5464697344098307,"type":105}
@nix {"action":"result","fields":[101,0],"id":5464697344098305,"type":106}
@nix {"action":"result","fields":[100,0],"id":5464697344098305,"type":106}
@nix {"action":"stop","id":5464697344098334}
@nix {"action":"result","fields":[28,51,0,0],"id":5464697344098306,"type":105}
@nix {"action":"result","fields":[0,0,0,0],"id":5464697344098307,"type":105}
@nix {"action":"result","fields":[101,0],"id":5464697344098305,"type":106}
@nix {"action":"result","fields":[100,0],"id":5464697344098305,"type":106}
@nix {"action":"start","fields":["/tmp/obrador-shared-pins-linux/round-3-baseline/chain-round-1-jobs-8/store/kh62sndk40xpy66qy7bpwpb25hrq0q6y-leaf-9.drv","",1,1],"id":5464697344098336,"level":3,"parent":0,"text":"building '/tmp/obrador-shared-pins-linux/round-3-baseline/chain-round-1-jobs-8/store/kh62sndk40xpy66qy7bpwpb25hrq0q6y-leaf-9.drv'","type":105}
@nix {"action":"result","fields":[28,51,1,0],"id":5464697344098306,"type":105}
@nix {"action":"result","fields":[0,0,0,0],"id":5464697344098307,"type":105}
@nix {"action":"result","fields":[101,0],"id":5464697344098305,"type":106}
@nix {"action":"result","fields":[100,0],"id":5464697344098305,"type":106}
@nix {"action":"result","fields":[29,52,0,0],"id":5464697344098306,"type":105}
@nix {"action":"result","fields":[0,0,0,0],"id":5464697344098307,"type":105}
@nix {"action":"result","fields":[101,0],"id":5464697344098305,"type":106}
@nix {"action":"result","fields":[100,0],"id":5464697344098305,"type":106}
@nix {"action":"stop","id":5464697344098336}
@nix {"action":"start","fields":["/tmp/obrador-shared-pins-linux/round-3-baseline/chain-round-1-jobs-8/store/6jgydg8zdk00c253ds46sqy41gpcyk1k-leaf-10.drv.drv","/tmp/obrador-shared-pins-linux/round-3-baseline/chain-round-1-jobs-8/store/gzg9gkdgy9nvciipy1nbl9r44gmbdgnn-leaf-10.drv.drv"],"id":5464697344098337,"level":3,"parent":0,"text":"resolved derivation: '/tmp/obrador-shared-pins-linux/round-3-baseline/chain-round-1-jobs-8/store/6jgydg8zdk00c253ds46sqy41gpcyk1k-leaf-10.drv.drv' -> '/tmp/obrador-shared-pins-linux/round-3-baseline/chain-round-1-jobs-8/store/gzg9gkdgy9nvciipy1nbl9r44gmbdgnn-leaf-10.drv.drv'","type":111}
@nix {"action":"result","fields":[29,52,0,0],"id":5464697344098306,"type":105}
@nix {"action":"result","fields":[0,0,0,0],"id":5464697344098307,"type":105}
@nix {"action":"result","fields":[101,0],"id":5464697344098305,"type":106}
@nix {"action":"result","fields":[100,0],"id":5464697344098305,"type":106}
@nix {"action":"start","fields":["/tmp/obrador-shared-pins-linux/round-3-baseline/chain-round-1-jobs-8/store/gzg9gkdgy9nvciipy1nbl9r44gmbdgnn-leaf-10.drv.drv","",1,1],"id":5464697344098338,"level":3,"parent":0,"text":"building '/tmp/obrador-shared-pins-linux/round-3-baseline/chain-round-1-jobs-8/store/gzg9gkdgy9nvciipy1nbl9r44gmbdgnn-leaf-10.drv.drv'","type":105}
@nix {"action":"result","fields":[29,52,1,0],"id":5464697344098306,"type":105}
@nix {"action":"result","fields":[0,0,0,0],"id":5464697344098307,"type":105}
@nix {"action":"result","fields":[101,0],"id":5464697344098305,"type":106}
@nix {"action":"result","fields":[100,0],"id":5464697344098305,"type":106}
@nix {"action":"result","fields":[30,53,0,0],"id":5464697344098306,"type":105}
@nix {"action":"result","fields":[0,0,0,0],"id":5464697344098307,"type":105}
@nix {"action":"result","fields":[101,0],"id":5464697344098305,"type":106}
@nix {"action":"result","fields":[100,0],"id":5464697344098305,"type":106}
@nix {"action":"stop","id":5464697344098338}
@nix {"action":"result","fields":[31,53,0,0],"id":5464697344098306,"type":105}
@nix {"action":"result","fields":[0,0,0,0],"id":5464697344098307,"type":105}
@nix {"action":"result","fields":[101,0],"id":5464697344098305,"type":106}
@nix {"action":"result","fields":[100,0],"id":5464697344098305,"type":106}
@nix {"action":"stop","id":5464697344098337}
@nix {"action":"result","fields":[31,53,0,0],"id":5464697344098306,"type":105}
@nix {"action":"result","fields":[0,0,0,0],"id":5464697344098307,"type":105}
@nix {"action":"result","fields":[101,0],"id":5464697344098305,"type":106}
@nix {"action":"result","fields":[100,0],"id":5464697344098305,"type":106}
@nix {"action":"start","fields":["/tmp/obrador-shared-pins-linux/round-3-baseline/chain-round-1-jobs-8/store/m0kp22vm3sy86ggf9dxqw1d0gg6758zr-leaf-10.drv","",1,1],"id":5464697344098339,"level":3,"parent":0,"text":"building '/tmp/obrador-shared-pins-linux/round-3-baseline/chain-round-1-jobs-8/store/m0kp22vm3sy86ggf9dxqw1d0gg6758zr-leaf-10.drv'","type":105}
@nix {"action":"result","fields":[31,53,1,0],"id":5464697344098306,"type":105}
@nix {"action":"result","fields":[0,0,0,0],"id":5464697344098307,"type":105}
@nix {"action":"result","fields":[101,0],"id":5464697344098305,"type":106}
@nix {"action":"result","fields":[100,0],"id":5464697344098305,"type":106}
@nix {"action":"result","fields":[32,54,0,0],"id":5464697344098306,"type":105}
@nix {"action":"result","fields":[0,0,0,0],"id":5464697344098307,"type":105}
@nix {"action":"result","fields":[101,0],"id":5464697344098305,"type":106}
@nix {"action":"result","fields":[100,0],"id":5464697344098305,"type":106}
@nix {"action":"stop","id":5464697344098339}
@nix {"action":"start","fields":["/tmp/obrador-shared-pins-linux/round-3-baseline/chain-round-1-jobs-8/store/msx0mimyw3iakv00m8lgnkp4sbgk4yl8-leaf-11.drv.drv","/tmp/obrador-shared-pins-linux/round-3-baseline/chain-round-1-jobs-8/store/n8g1qchx3c2wr0dachzf2jpixg8bsqln-leaf-11.drv.drv"],"id":5464697344098340,"level":3,"parent":0,"text":"resolved derivation: '/tmp/obrador-shared-pins-linux/round-3-baseline/chain-round-1-jobs-8/store/msx0mimyw3iakv00m8lgnkp4sbgk4yl8-leaf-11.drv.drv' -> '/tmp/obrador-shared-pins-linux/round-3-baseline/chain-round-1-jobs-8/store/n8g1qchx3c2wr0dachzf2jpixg8bsqln-leaf-11.drv.drv'","type":111}
@nix {"action":"result","fields":[32,54,0,0],"id":5464697344098306,"type":105}
@nix {"action":"result","fields":[0,0,0,0],"id":5464697344098307,"type":105}
@nix {"action":"result","fields":[101,0],"id":5464697344098305,"type":106}
@nix {"action":"result","fields":[100,0],"id":5464697344098305,"type":106}
@nix {"action":"start","fields":["/tmp/obrador-shared-pins-linux/round-3-baseline/chain-round-1-jobs-8/store/n8g1qchx3c2wr0dachzf2jpixg8bsqln-leaf-11.drv.drv","",1,1],"id":5464697344098341,"level":3,"parent":0,"text":"building '/tmp/obrador-shared-pins-linux/round-3-baseline/chain-round-1-jobs-8/store/n8g1qchx3c2wr0dachzf2jpixg8bsqln-leaf-11.drv.drv'","type":105}
@nix {"action":"result","fields":[32,54,1,0],"id":5464697344098306,"type":105}
@nix {"action":"result","fields":[0,0,0,0],"id":5464697344098307,"type":105}
@nix {"action":"result","fields":[101,0],"id":5464697344098305,"type":106}
@nix {"action":"result","fields":[100,0],"id":5464697344098305,"type":106}
@nix {"action":"result","fields":[33,55,0,0],"id":5464697344098306,"type":105}
@nix {"action":"result","fields":[0,0,0,0],"id":5464697344098307,"type":105}
@nix {"action":"result","fields":[101,0],"id":5464697344098305,"type":106}
@nix {"action":"result","fields":[100,0],"id":5464697344098305,"type":106}
@nix {"action":"stop","id":5464697344098341}
@nix {"action":"result","fields":[34,55,0,0],"id":5464697344098306,"type":105}
@nix {"action":"result","fields":[0,0,0,0],"id":5464697344098307,"type":105}
@nix {"action":"result","fields":[101,0],"id":5464697344098305,"type":106}
@nix {"action":"result","fields":[100,0],"id":5464697344098305,"type":106}
@nix {"action":"stop","id":5464697344098340}
@nix {"action":"result","fields":[34,55,0,0],"id":5464697344098306,"type":105}
@nix {"action":"result","fields":[0,0,0,0],"id":5464697344098307,"type":105}
@nix {"action":"result","fields":[101,0],"id":5464697344098305,"type":106}
@nix {"action":"result","fields":[100,0],"id":5464697344098305,"type":106}
@nix {"action":"start","fields":["/tmp/obrador-shared-pins-linux/round-3-baseline/chain-round-1-jobs-8/store/rl3jkv7w4a8aca60khhhc4z03dc8jjv0-leaf-11.drv","",1,1],"id":5464697344098342,"level":3,"parent":0,"text":"building '/tmp/obrador-shared-pins-linux/round-3-baseline/chain-round-1-jobs-8/store/rl3jkv7w4a8aca60khhhc4z03dc8jjv0-leaf-11.drv'","type":105}
@nix {"action":"result","fields":[34,55,1,0],"id":5464697344098306,"type":105}
@nix {"action":"result","fields":[0,0,0,0],"id":5464697344098307,"type":105}
@nix {"action":"result","fields":[101,0],"id":5464697344098305,"type":106}
@nix {"action":"result","fields":[100,0],"id":5464697344098305,"type":106}
@nix {"action":"result","fields":[35,56,0,0],"id":5464697344098306,"type":105}
@nix {"action":"result","fields":[0,0,0,0],"id":5464697344098307,"type":105}
@nix {"action":"result","fields":[101,0],"id":5464697344098305,"type":106}
@nix {"action":"result","fields":[100,0],"id":5464697344098305,"type":106}
@nix {"action":"stop","id":5464697344098342}
@nix {"action":"start","fields":["/tmp/obrador-shared-pins-linux/round-3-baseline/chain-round-1-jobs-8/store/2za4pds87m6yx74d3snkcx14r0kizw6h-leaf-12.drv.drv","/tmp/obrador-shared-pins-linux/round-3-baseline/chain-round-1-jobs-8/store/5mf66z47z7j7aq14sv17lz2fdrczids2-leaf-12.drv.drv"],"id":5464697344098343,"level":3,"parent":0,"text":"resolved derivation: '/tmp/obrador-shared-pins-linux/round-3-baseline/chain-round-1-jobs-8/store/2za4pds87m6yx74d3snkcx14r0kizw6h-leaf-12.drv.drv' -> '/tmp/obrador-shared-pins-linux/round-3-baseline/chain-round-1-jobs-8/store/5mf66z47z7j7aq14sv17lz2fdrczids2-leaf-12.drv.drv'","type":111}
@nix {"action":"result","fields":[35,56,0,0],"id":5464697344098306,"type":105}
@nix {"action":"result","fields":[0,0,0,0],"id":5464697344098307,"type":105}
@nix {"action":"result","fields":[101,0],"id":5464697344098305,"type":106}
@nix {"action":"result","fields":[100,0],"id":5464697344098305,"type":106}
@nix {"action":"start","fields":["/tmp/obrador-shared-pins-linux/round-3-baseline/chain-round-1-jobs-8/store/5mf66z47z7j7aq14sv17lz2fdrczids2-leaf-12.drv.drv","",1,1],"id":5464697344098344,"level":3,"parent":0,"text":"building '/tmp/obrador-shared-pins-linux/round-3-baseline/chain-round-1-jobs-8/store/5mf66z47z7j7aq14sv17lz2fdrczids2-leaf-12.drv.drv'","type":105}
@nix {"action":"result","fields":[35,56,1,0],"id":5464697344098306,"type":105}
@nix {"action":"result","fields":[0,0,0,0],"id":5464697344098307,"type":105}
@nix {"action":"result","fields":[101,0],"id":5464697344098305,"type":106}
@nix {"action":"result","fields":[100,0],"id":5464697344098305,"type":106}
@nix {"action":"result","fields":[36,57,0,0],"id":5464697344098306,"type":105}
@nix {"action":"result","fields":[0,0,0,0],"id":5464697344098307,"type":105}
@nix {"action":"result","fields":[101,0],"id":5464697344098305,"type":106}
@nix {"action":"result","fields":[100,0],"id":5464697344098305,"type":106}
@nix {"action":"stop","id":5464697344098344}
@nix {"action":"result","fields":[37,57,0,0],"id":5464697344098306,"type":105}
@nix {"action":"result","fields":[0,0,0,0],"id":5464697344098307,"type":105}
@nix {"action":"result","fields":[101,0],"id":5464697344098305,"type":106}
@nix {"action":"result","fields":[100,0],"id":5464697344098305,"type":106}
@nix {"action":"stop","id":5464697344098343}
@nix {"action":"result","fields":[37,57,0,0],"id":5464697344098306,"type":105}
@nix {"action":"result","fields":[0,0,0,0],"id":5464697344098307,"type":105}
@nix {"action":"result","fields":[101,0],"id":5464697344098305,"type":106}
@nix {"action":"result","fields":[100,0],"id":5464697344098305,"type":106}
@nix {"action":"start","fields":["/tmp/obrador-shared-pins-linux/round-3-baseline/chain-round-1-jobs-8/store/iayzvx672q6w1l64awk5arlid3h7h7sg-leaf-12.drv","",1,1],"id":5464697344098345,"level":3,"parent":0,"text":"building '/tmp/obrador-shared-pins-linux/round-3-baseline/chain-round-1-jobs-8/store/iayzvx672q6w1l64awk5arlid3h7h7sg-leaf-12.drv'","type":105}
@nix {"action":"result","fields":[37,57,1,0],"id":5464697344098306,"type":105}
@nix {"action":"result","fields":[0,0,0,0],"id":5464697344098307,"type":105}
@nix {"action":"result","fields":[101,0],"id":5464697344098305,"type":106}
@nix {"action":"result","fields":[100,0],"id":5464697344098305,"type":106}
@nix {"action":"result","fields":[38,58,0,0],"id":5464697344098306,"type":105}
@nix {"action":"result","fields":[0,0,0,0],"id":5464697344098307,"type":105}
@nix {"action":"result","fields":[101,0],"id":5464697344098305,"type":106}
@nix {"action":"result","fields":[100,0],"id":5464697344098305,"type":106}
@nix {"action":"stop","id":5464697344098345}
@nix {"action":"start","fields":["/tmp/obrador-shared-pins-linux/round-3-baseline/chain-round-1-jobs-8/store/af01sclf52xryqs1wwha40pcqvfy18np-leaf-13.drv.drv","/tmp/obrador-shared-pins-linux/round-3-baseline/chain-round-1-jobs-8/store/acqkfppzmmi9hm37jil6g84ixdhlw1k0-leaf-13.drv.drv"],"id":5464697344098346,"level":3,"parent":0,"text":"resolved derivation: '/tmp/obrador-shared-pins-linux/round-3-baseline/chain-round-1-jobs-8/store/af01sclf52xryqs1wwha40pcqvfy18np-leaf-13.drv.drv' -> '/tmp/obrador-shared-pins-linux/round-3-baseline/chain-round-1-jobs-8/store/acqkfppzmmi9hm37jil6g84ixdhlw1k0-leaf-13.drv.drv'","type":111}
@nix {"action":"result","fields":[38,58,0,0],"id":5464697344098306,"type":105}
@nix {"action":"result","fields":[0,0,0,0],"id":5464697344098307,"type":105}
@nix {"action":"result","fields":[101,0],"id":5464697344098305,"type":106}
@nix {"action":"result","fields":[100,0],"id":5464697344098305,"type":106}
@nix {"action":"start","fields":["/tmp/obrador-shared-pins-linux/round-3-baseline/chain-round-1-jobs-8/store/acqkfppzmmi9hm37jil6g84ixdhlw1k0-leaf-13.drv.drv","",1,1],"id":5464697344098347,"level":3,"parent":0,"text":"building '/tmp/obrador-shared-pins-linux/round-3-baseline/chain-round-1-jobs-8/store/acqkfppzmmi9hm37jil6g84ixdhlw1k0-leaf-13.drv.drv'","type":105}
@nix {"action":"result","fields":[38,58,1,0],"id":5464697344098306,"type":105}
@nix {"action":"result","fields":[0,0,0,0],"id":5464697344098307,"type":105}
@nix {"action":"result","fields":[101,0],"id":5464697344098305,"type":106}
@nix {"action":"result","fields":[100,0],"id":5464697344098305,"type":106}
@nix {"action":"result","fields":[39,59,0,0],"id":5464697344098306,"type":105}
@nix {"action":"result","fields":[0,0,0,0],"id":5464697344098307,"type":105}
@nix {"action":"result","fields":[101,0],"id":5464697344098305,"type":106}
@nix {"action":"result","fields":[100,0],"id":5464697344098305,"type":106}
@nix {"action":"stop","id":5464697344098347}
@nix {"action":"result","fields":[40,59,0,0],"id":5464697344098306,"type":105}
@nix {"action":"result","fields":[0,0,0,0],"id":5464697344098307,"type":105}
@nix {"action":"result","fields":[101,0],"id":5464697344098305,"type":106}
@nix {"action":"result","fields":[100,0],"id":5464697344098305,"type":106}
@nix {"action":"stop","id":5464697344098346}
@nix {"action":"result","fields":[40,59,0,0],"id":5464697344098306,"type":105}
@nix {"action":"result","fields":[0,0,0,0],"id":5464697344098307,"type":105}
@nix {"action":"result","fields":[101,0],"id":5464697344098305,"type":106}
@nix {"action":"result","fields":[100,0],"id":5464697344098305,"type":106}
@nix {"action":"start","fields":["/tmp/obrador-shared-pins-linux/round-3-baseline/chain-round-1-jobs-8/store/2dhrl9b5snw4h851dppk317rbjxc8kxg-leaf-13.drv","",1,1],"id":5464697344098348,"level":3,"parent":0,"text":"building '/tmp/obrador-shared-pins-linux/round-3-baseline/chain-round-1-jobs-8/store/2dhrl9b5snw4h851dppk317rbjxc8kxg-leaf-13.drv'","type":105}
@nix {"action":"result","fields":[40,59,1,0],"id":5464697344098306,"type":105}
@nix {"action":"result","fields":[0,0,0,0],"id":5464697344098307,"type":105}
@nix {"action":"result","fields":[101,0],"id":5464697344098305,"type":106}
@nix {"action":"result","fields":[100,0],"id":5464697344098305,"type":106}
@nix {"action":"result","fields":[41,60,0,0],"id":5464697344098306,"type":105}
@nix {"action":"result","fields":[0,0,0,0],"id":5464697344098307,"type":105}
@nix {"action":"result","fields":[101,0],"id":5464697344098305,"type":106}
@nix {"action":"result","fields":[100,0],"id":5464697344098305,"type":106}
@nix {"action":"stop","id":5464697344098348}
@nix {"action":"start","fields":["/tmp/obrador-shared-pins-linux/round-3-baseline/chain-round-1-jobs-8/store/ymnba573mim4c8xj1bdywvffcx1zxhib-leaf-14.drv.drv","/tmp/obrador-shared-pins-linux/round-3-baseline/chain-round-1-jobs-8/store/bxis8r5mz9vppbmg4wd7i2s58myv5645-leaf-14.drv.drv"],"id":5464697344098349,"level":3,"parent":0,"text":"resolved derivation: '/tmp/obrador-shared-pins-linux/round-3-baseline/chain-round-1-jobs-8/store/ymnba573mim4c8xj1bdywvffcx1zxhib-leaf-14.drv.drv' -> '/tmp/obrador-shared-pins-linux/round-3-baseline/chain-round-1-jobs-8/store/bxis8r5mz9vppbmg4wd7i2s58myv5645-leaf-14.drv.drv'","type":111}
@nix {"action":"result","fields":[41,60,0,0],"id":5464697344098306,"type":105}
@nix {"action":"result","fields":[0,0,0,0],"id":5464697344098307,"type":105}
@nix {"action":"result","fields":[101,0],"id":5464697344098305,"type":106}
@nix {"action":"result","fields":[100,0],"id":5464697344098305,"type":106}
@nix {"action":"start","fields":["/tmp/obrador-shared-pins-linux/round-3-baseline/chain-round-1-jobs-8/store/bxis8r5mz9vppbmg4wd7i2s58myv5645-leaf-14.drv.drv","",1,1],"id":5464697344098350,"level":3,"parent":0,"text":"building '/tmp/obrador-shared-pins-linux/round-3-baseline/chain-round-1-jobs-8/store/bxis8r5mz9vppbmg4wd7i2s58myv5645-leaf-14.drv.drv'","type":105}
@nix {"action":"result","fields":[41,60,1,0],"id":5464697344098306,"type":105}
@nix {"action":"result","fields":[0,0,0,0],"id":5464697344098307,"type":105}
@nix {"action":"result","fields":[101,0],"id":5464697344098305,"type":106}
@nix {"action":"result","fields":[100,0],"id":5464697344098305,"type":106}
@nix {"action":"result","fields":[42,61,0,0],"id":5464697344098306,"type":105}
@nix {"action":"result","fields":[0,0,0,0],"id":5464697344098307,"type":105}
@nix {"action":"result","fields":[101,0],"id":5464697344098305,"type":106}
@nix {"action":"result","fields":[100,0],"id":5464697344098305,"type":106}
@nix {"action":"stop","id":5464697344098350}
@nix {"action":"result","fields":[43,61,0,0],"id":5464697344098306,"type":105}
@nix {"action":"result","fields":[0,0,0,0],"id":5464697344098307,"type":105}
@nix {"action":"result","fields":[101,0],"id":5464697344098305,"type":106}
@nix {"action":"result","fields":[100,0],"id":5464697344098305,"type":106}
@nix {"action":"stop","id":5464697344098349}
@nix {"action":"result","fields":[43,61,0,0],"id":5464697344098306,"type":105}
@nix {"action":"result","fields":[0,0,0,0],"id":5464697344098307,"type":105}
@nix {"action":"result","fields":[101,0],"id":5464697344098305,"type":106}
@nix {"action":"result","fields":[100,0],"id":5464697344098305,"type":106}
@nix {"action":"start","fields":["/tmp/obrador-shared-pins-linux/round-3-baseline/chain-round-1-jobs-8/store/3316az74rq8gksp170ppjyfw5jqha8qj-leaf-14.drv","",1,1],"id":5464697344098351,"level":3,"parent":0,"text":"building '/tmp/obrador-shared-pins-linux/round-3-baseline/chain-round-1-jobs-8/store/3316az74rq8gksp170ppjyfw5jqha8qj-leaf-14.drv'","type":105}
@nix {"action":"result","fields":[43,61,1,0],"id":5464697344098306,"type":105}
@nix {"action":"result","fields":[0,0,0,0],"id":5464697344098307,"type":105}
@nix {"action":"result","fields":[101,0],"id":5464697344098305,"type":106}
@nix {"action":"result","fields":[100,0],"id":5464697344098305,"type":106}
@nix {"action":"result","fields":[44,62,0,0],"id":5464697344098306,"type":105}
@nix {"action":"result","fields":[0,0,0,0],"id":5464697344098307,"type":105}
@nix {"action":"result","fields":[101,0],"id":5464697344098305,"type":106}
@nix {"action":"result","fields":[100,0],"id":5464697344098305,"type":106}
@nix {"action":"stop","id":5464697344098351}
@nix {"action":"start","fields":["/tmp/obrador-shared-pins-linux/round-3-baseline/chain-round-1-jobs-8/store/q9z6acy245mzxyk1dqs2aqgl47p658n6-leaf-15.drv.drv","/tmp/obrador-shared-pins-linux/round-3-baseline/chain-round-1-jobs-8/store/hqzcqjrjnhyjfw4q47bz3775jkg5f372-leaf-15.drv.drv"],"id":5464697344098352,"level":3,"parent":0,"text":"resolved derivation: '/tmp/obrador-shared-pins-linux/round-3-baseline/chain-round-1-jobs-8/store/q9z6acy245mzxyk1dqs2aqgl47p658n6-leaf-15.drv.drv' -> '/tmp/obrador-shared-pins-linux/round-3-baseline/chain-round-1-jobs-8/store/hqzcqjrjnhyjfw4q47bz3775jkg5f372-leaf-15.drv.drv'","type":111}
@nix {"action":"result","fields":[44,62,0,0],"id":5464697344098306,"type":105}
@nix {"action":"result","fields":[0,0,0,0],"id":5464697344098307,"type":105}
@nix {"action":"result","fields":[101,0],"id":5464697344098305,"type":106}
@nix {"action":"result","fields":[100,0],"id":5464697344098305,"type":106}
@nix {"action":"start","fields":["/tmp/obrador-shared-pins-linux/round-3-baseline/chain-round-1-jobs-8/store/hqzcqjrjnhyjfw4q47bz3775jkg5f372-leaf-15.drv.drv","",1,1],"id":5464697344098353,"level":3,"parent":0,"text":"building '/tmp/obrador-shared-pins-linux/round-3-baseline/chain-round-1-jobs-8/store/hqzcqjrjnhyjfw4q47bz3775jkg5f372-leaf-15.drv.drv'","type":105}
@nix {"action":"result","fields":[44,62,1,0],"id":5464697344098306,"type":105}
@nix {"action":"result","fields":[0,0,0,0],"id":5464697344098307,"type":105}
@nix {"action":"result","fields":[101,0],"id":5464697344098305,"type":106}
@nix {"action":"result","fields":[100,0],"id":5464697344098305,"type":106}
@nix {"action":"result","fields":[45,63,0,0],"id":5464697344098306,"type":105}
@nix {"action":"result","fields":[0,0,0,0],"id":5464697344098307,"type":105}
@nix {"action":"result","fields":[101,0],"id":5464697344098305,"type":106}
@nix {"action":"result","fields":[100,0],"id":5464697344098305,"type":106}
@nix {"action":"stop","id":5464697344098353}
@nix {"action":"result","fields":[46,63,0,0],"id":5464697344098306,"type":105}
@nix {"action":"result","fields":[0,0,0,0],"id":5464697344098307,"type":105}
@nix {"action":"result","fields":[101,0],"id":5464697344098305,"type":106}
@nix {"action":"result","fields":[100,0],"id":5464697344098305,"type":106}
@nix {"action":"stop","id":5464697344098352}
@nix {"action":"result","fields":[46,63,0,0],"id":5464697344098306,"type":105}
@nix {"action":"result","fields":[0,0,0,0],"id":5464697344098307,"type":105}
@nix {"action":"result","fields":[101,0],"id":5464697344098305,"type":106}
@nix {"action":"result","fields":[100,0],"id":5464697344098305,"type":106}
@nix {"action":"start","fields":["/tmp/obrador-shared-pins-linux/round-3-baseline/chain-round-1-jobs-8/store/4kf24wjbx2fbb6vxmbgd5izjrpvq777y-leaf-15.drv","",1,1],"id":5464697344098354,"level":3,"parent":0,"text":"building '/tmp/obrador-shared-pins-linux/round-3-baseline/chain-round-1-jobs-8/store/4kf24wjbx2fbb6vxmbgd5izjrpvq777y-leaf-15.drv'","type":105}
@nix {"action":"result","fields":[46,63,1,0],"id":5464697344098306,"type":105}
@nix {"action":"result","fields":[0,0,0,0],"id":5464697344098307,"type":105}
@nix {"action":"result","fields":[101,0],"id":5464697344098305,"type":106}
@nix {"action":"result","fields":[100,0],"id":5464697344098305,"type":106}
@nix {"action":"result","fields":[47,64,0,0],"id":5464697344098306,"type":105}
@nix {"action":"result","fields":[0,0,0,0],"id":5464697344098307,"type":105}
@nix {"action":"result","fields":[101,0],"id":5464697344098305,"type":106}
@nix {"action":"result","fields":[100,0],"id":5464697344098305,"type":106}
@nix {"action":"stop","id":5464697344098354}
@nix {"action":"start","fields":["/tmp/obrador-shared-pins-linux/round-3-baseline/chain-round-1-jobs-8/store/j56vkzmqa8ky6gj2nx73aizjsl6vkznk-leaf-16.drv.drv","/tmp/obrador-shared-pins-linux/round-3-baseline/chain-round-1-jobs-8/store/f15p5lrcqv7fad01axiyw2xd7xsvx2j8-leaf-16.drv.drv"],"id":5464697344098355,"level":3,"parent":0,"text":"resolved derivation: '/tmp/obrador-shared-pins-linux/round-3-baseline/chain-round-1-jobs-8/store/j56vkzmqa8ky6gj2nx73aizjsl6vkznk-leaf-16.drv.drv' -> '/tmp/obrador-shared-pins-linux/round-3-baseline/chain-round-1-jobs-8/store/f15p5lrcqv7fad01axiyw2xd7xsvx2j8-leaf-16.drv.drv'","type":111}
@nix {"action":"result","fields":[47,64,0,0],"id":5464697344098306,"type":105}
@nix {"action":"result","fields":[0,0,0,0],"id":5464697344098307,"type":105}
@nix {"action":"result","fields":[101,0],"id":5464697344098305,"type":106}
@nix {"action":"result","fields":[100,0],"id":5464697344098305,"type":106}
@nix {"action":"start","fields":["/tmp/obrador-shared-pins-linux/round-3-baseline/chain-round-1-jobs-8/store/f15p5lrcqv7fad01axiyw2xd7xsvx2j8-leaf-16.drv.drv","",1,1],"id":5464697344098356,"level":3,"parent":0,"text":"building '/tmp/obrador-shared-pins-linux/round-3-baseline/chain-round-1-jobs-8/store/f15p5lrcqv7fad01axiyw2xd7xsvx2j8-leaf-16.drv.drv'","type":105}
@nix {"action":"result","fields":[47,64,1,0],"id":5464697344098306,"type":105}
@nix {"action":"result","fields":[0,0,0,0],"id":5464697344098307,"type":105}
@nix {"action":"result","fields":[101,0],"id":5464697344098305,"type":106}
@nix {"action":"result","fields":[100,0],"id":5464697344098305,"type":106}
@nix {"action":"result","fields":[48,65,0,0],"id":5464697344098306,"type":105}
@nix {"action":"result","fields":[0,0,0,0],"id":5464697344098307,"type":105}
@nix {"action":"result","fields":[101,0],"id":5464697344098305,"type":106}
@nix {"action":"result","fields":[100,0],"id":5464697344098305,"type":106}
@nix {"action":"stop","id":5464697344098356}
@nix {"action":"result","fields":[49,65,0,0],"id":5464697344098306,"type":105}
@nix {"action":"result","fields":[0,0,0,0],"id":5464697344098307,"type":105}
@nix {"action":"result","fields":[101,0],"id":5464697344098305,"type":106}
@nix {"action":"result","fields":[100,0],"id":5464697344098305,"type":106}
@nix {"action":"stop","id":5464697344098355}
@nix {"action":"result","fields":[49,65,0,0],"id":5464697344098306,"type":105}
@nix {"action":"result","fields":[0,0,0,0],"id":5464697344098307,"type":105}
@nix {"action":"result","fields":[101,0],"id":5464697344098305,"type":106}
@nix {"action":"result","fields":[100,0],"id":5464697344098305,"type":106}
@nix {"action":"start","fields":["/tmp/obrador-shared-pins-linux/round-3-baseline/chain-round-1-jobs-8/store/q1gn7xzfnaq7mbm1r885z2fddylk2gmb-leaf-16.drv","",1,1],"id":5464697344098357,"level":3,"parent":0,"text":"building '/tmp/obrador-shared-pins-linux/round-3-baseline/chain-round-1-jobs-8/store/q1gn7xzfnaq7mbm1r885z2fddylk2gmb-leaf-16.drv'","type":105}
@nix {"action":"result","fields":[49,65,1,0],"id":5464697344098306,"type":105}
@nix {"action":"result","fields":[0,0,0,0],"id":5464697344098307,"type":105}
@nix {"action":"result","fields":[101,0],"id":5464697344098305,"type":106}
@nix {"action":"result","fields":[100,0],"id":5464697344098305,"type":106}
@nix {"action":"result","fields":[50,66,0,0],"id":5464697344098306,"type":105}
@nix {"action":"result","fields":[0,0,0,0],"id":5464697344098307,"type":105}
@nix {"action":"result","fields":[101,0],"id":5464697344098305,"type":106}
@nix {"action":"result","fields":[100,0],"id":5464697344098305,"type":106}
@nix {"action":"stop","id":5464697344098357}
@nix {"action":"start","fields":["/tmp/obrador-shared-pins-linux/round-3-baseline/chain-round-1-jobs-8/store/vnpf8gkz348rjn1lw5qm4xz9x4gaih3w-leaf-17.drv.drv","/tmp/obrador-shared-pins-linux/round-3-baseline/chain-round-1-jobs-8/store/zdiaa8nq82hglb837yw91gyrbpzsajsl-leaf-17.drv.drv"],"id":5464697344098358,"level":3,"parent":0,"text":"resolved derivation: '/tmp/obrador-shared-pins-linux/round-3-baseline/chain-round-1-jobs-8/store/vnpf8gkz348rjn1lw5qm4xz9x4gaih3w-leaf-17.drv.drv' -> '/tmp/obrador-shared-pins-linux/round-3-baseline/chain-round-1-jobs-8/store/zdiaa8nq82hglb837yw91gyrbpzsajsl-leaf-17.drv.drv'","type":111}
@nix {"action":"result","fields":[50,66,0,0],"id":5464697344098306,"type":105}
@nix {"action":"result","fields":[0,0,0,0],"id":5464697344098307,"type":105}
@nix {"action":"result","fields":[101,0],"id":5464697344098305,"type":106}
@nix {"action":"result","fields":[100,0],"id":5464697344098305,"type":106}
@nix {"action":"start","fields":["/tmp/obrador-shared-pins-linux/round-3-baseline/chain-round-1-jobs-8/store/zdiaa8nq82hglb837yw91gyrbpzsajsl-leaf-17.drv.drv","",1,1],"id":5464697344098359,"level":3,"parent":0,"text":"building '/tmp/obrador-shared-pins-linux/round-3-baseline/chain-round-1-jobs-8/store/zdiaa8nq82hglb837yw91gyrbpzsajsl-leaf-17.drv.drv'","type":105}
@nix {"action":"result","fields":[50,66,1,0],"id":5464697344098306,"type":105}
@nix {"action":"result","fields":[0,0,0,0],"id":5464697344098307,"type":105}
@nix {"action":"result","fields":[101,0],"id":5464697344098305,"type":106}
@nix {"action":"result","fields":[100,0],"id":5464697344098305,"type":106}
@nix {"action":"result","fields":[51,67,0,0],"id":5464697344098306,"type":105}
@nix {"action":"result","fields":[0,0,0,0],"id":5464697344098307,"type":105}
@nix {"action":"result","fields":[101,0],"id":5464697344098305,"type":106}
@nix {"action":"result","fields":[100,0],"id":5464697344098305,"type":106}
@nix {"action":"stop","id":5464697344098359}
@nix {"action":"result","fields":[52,67,0,0],"id":5464697344098306,"type":105}
@nix {"action":"result","fields":[0,0,0,0],"id":5464697344098307,"type":105}
@nix {"action":"result","fields":[101,0],"id":5464697344098305,"type":106}
@nix {"action":"result","fields":[100,0],"id":5464697344098305,"type":106}
@nix {"action":"stop","id":5464697344098358}
@nix {"action":"result","fields":[52,67,0,0],"id":5464697344098306,"type":105}
@nix {"action":"result","fields":[0,0,0,0],"id":5464697344098307,"type":105}
@nix {"action":"result","fields":[101,0],"id":5464697344098305,"type":106}
@nix {"action":"result","fields":[100,0],"id":5464697344098305,"type":106}
@nix {"action":"start","fields":["/tmp/obrador-shared-pins-linux/round-3-baseline/chain-round-1-jobs-8/store/cgyn6wiiqwgbzg1s328kcqk1zn7kihfb-leaf-17.drv","",1,1],"id":5464697344098360,"level":3,"parent":0,"text":"building '/tmp/obrador-shared-pins-linux/round-3-baseline/chain-round-1-jobs-8/store/cgyn6wiiqwgbzg1s328kcqk1zn7kihfb-leaf-17.drv'","type":105}
@nix {"action":"result","fields":[52,67,1,0],"id":5464697344098306,"type":105}
@nix {"action":"result","fields":[0,0,0,0],"id":5464697344098307,"type":105}
@nix {"action":"result","fields":[101,0],"id":5464697344098305,"type":106}
@nix {"action":"result","fields":[100,0],"id":5464697344098305,"type":106}
@nix {"action":"result","fields":[53,68,0,0],"id":5464697344098306,"type":105}
@nix {"action":"result","fields":[0,0,0,0],"id":5464697344098307,"type":105}
@nix {"action":"result","fields":[101,0],"id":5464697344098305,"type":106}
@nix {"action":"result","fields":[100,0],"id":5464697344098305,"type":106}
@nix {"action":"stop","id":5464697344098360}
@nix {"action":"start","fields":["/tmp/obrador-shared-pins-linux/round-3-baseline/chain-round-1-jobs-8/store/y8c7xd99c3lhfrgsxv4cj71rwxf1h2gg-leaf-18.drv.drv","/tmp/obrador-shared-pins-linux/round-3-baseline/chain-round-1-jobs-8/store/jrgx6jn9xakgyb097i73zwa7has0829v-leaf-18.drv.drv"],"id":5464697344098361,"level":3,"parent":0,"text":"resolved derivation: '/tmp/obrador-shared-pins-linux/round-3-baseline/chain-round-1-jobs-8/store/y8c7xd99c3lhfrgsxv4cj71rwxf1h2gg-leaf-18.drv.drv' -> '/tmp/obrador-shared-pins-linux/round-3-baseline/chain-round-1-jobs-8/store/jrgx6jn9xakgyb097i73zwa7has0829v-leaf-18.drv.drv'","type":111}
@nix {"action":"result","fields":[53,68,0,0],"id":5464697344098306,"type":105}
@nix {"action":"result","fields":[0,0,0,0],"id":5464697344098307,"type":105}
@nix {"action":"result","fields":[101,0],"id":5464697344098305,"type":106}
@nix {"action":"result","fields":[100,0],"id":5464697344098305,"type":106}
@nix {"action":"start","fields":["/tmp/obrador-shared-pins-linux/round-3-baseline/chain-round-1-jobs-8/store/jrgx6jn9xakgyb097i73zwa7has0829v-leaf-18.drv.drv","",1,1],"id":5464697344098362,"level":3,"parent":0,"text":"building '/tmp/obrador-shared-pins-linux/round-3-baseline/chain-round-1-jobs-8/store/jrgx6jn9xakgyb097i73zwa7has0829v-leaf-18.drv.drv'","type":105}
@nix {"action":"result","fields":[53,68,1,0],"id":5464697344098306,"type":105}
@nix {"action":"result","fields":[0,0,0,0],"id":5464697344098307,"type":105}
@nix {"action":"result","fields":[101,0],"id":5464697344098305,"type":106}
@nix {"action":"result","fields":[100,0],"id":5464697344098305,"type":106}
@nix {"action":"result","fields":[54,69,0,0],"id":5464697344098306,"type":105}
@nix {"action":"result","fields":[0,0,0,0],"id":5464697344098307,"type":105}
@nix {"action":"result","fields":[101,0],"id":5464697344098305,"type":106}
@nix {"action":"result","fields":[100,0],"id":5464697344098305,"type":106}
@nix {"action":"stop","id":5464697344098362}
@nix {"action":"result","fields":[55,69,0,0],"id":5464697344098306,"type":105}
@nix {"action":"result","fields":[0,0,0,0],"id":5464697344098307,"type":105}
@nix {"action":"result","fields":[101,0],"id":5464697344098305,"type":106}
@nix {"action":"result","fields":[100,0],"id":5464697344098305,"type":106}
@nix {"action":"stop","id":5464697344098361}
@nix {"action":"result","fields":[55,69,0,0],"id":5464697344098306,"type":105}
@nix {"action":"result","fields":[0,0,0,0],"id":5464697344098307,"type":105}
@nix {"action":"result","fields":[101,0],"id":5464697344098305,"type":106}
@nix {"action":"result","fields":[100,0],"id":5464697344098305,"type":106}
@nix {"action":"start","fields":["/tmp/obrador-shared-pins-linux/round-3-baseline/chain-round-1-jobs-8/store/40713hkcy2z37lgdd6wb249f47ch7w70-leaf-18.drv","",1,1],"id":5464697344098363,"level":3,"parent":0,"text":"building '/tmp/obrador-shared-pins-linux/round-3-baseline/chain-round-1-jobs-8/store/40713hkcy2z37lgdd6wb249f47ch7w70-leaf-18.drv'","type":105}
@nix {"action":"result","fields":[55,69,1,0],"id":5464697344098306,"type":105}
@nix {"action":"result","fields":[0,0,0,0],"id":5464697344098307,"type":105}
@nix {"action":"result","fields":[101,0],"id":5464697344098305,"type":106}
@nix {"action":"result","fields":[100,0],"id":5464697344098305,"type":106}
@nix {"action":"result","fields":[56,70,0,0],"id":5464697344098306,"type":105}
@nix {"action":"result","fields":[0,0,0,0],"id":5464697344098307,"type":105}
@nix {"action":"result","fields":[101,0],"id":5464697344098305,"type":106}
@nix {"action":"result","fields":[100,0],"id":5464697344098305,"type":106}
@nix {"action":"stop","id":5464697344098363}
@nix {"action":"start","fields":["/tmp/obrador-shared-pins-linux/round-3-baseline/chain-round-1-jobs-8/store/7kg729qc279xn0fb0b0143h89477kmly-leaf-19.drv.drv","/tmp/obrador-shared-pins-linux/round-3-baseline/chain-round-1-jobs-8/store/mvv4sqdghx1qi87bw8p8syp9550kkdrf-leaf-19.drv.drv"],"id":5464697344098364,"level":3,"parent":0,"text":"resolved derivation: '/tmp/obrador-shared-pins-linux/round-3-baseline/chain-round-1-jobs-8/store/7kg729qc279xn0fb0b0143h89477kmly-leaf-19.drv.drv' -> '/tmp/obrador-shared-pins-linux/round-3-baseline/chain-round-1-jobs-8/store/mvv4sqdghx1qi87bw8p8syp9550kkdrf-leaf-19.drv.drv'","type":111}
@nix {"action":"result","fields":[56,70,0,0],"id":5464697344098306,"type":105}
@nix {"action":"result","fields":[0,0,0,0],"id":5464697344098307,"type":105}
@nix {"action":"result","fields":[101,0],"id":5464697344098305,"type":106}
@nix {"action":"result","fields":[100,0],"id":5464697344098305,"type":106}
@nix {"action":"start","fields":["/tmp/obrador-shared-pins-linux/round-3-baseline/chain-round-1-jobs-8/store/mvv4sqdghx1qi87bw8p8syp9550kkdrf-leaf-19.drv.drv","",1,1],"id":5464697344098365,"level":3,"parent":0,"text":"building '/tmp/obrador-shared-pins-linux/round-3-baseline/chain-round-1-jobs-8/store/mvv4sqdghx1qi87bw8p8syp9550kkdrf-leaf-19.drv.drv'","type":105}
@nix {"action":"result","fields":[56,70,1,0],"id":5464697344098306,"type":105}
@nix {"action":"result","fields":[0,0,0,0],"id":5464697344098307,"type":105}
@nix {"action":"result","fields":[101,0],"id":5464697344098305,"type":106}
@nix {"action":"result","fields":[100,0],"id":5464697344098305,"type":106}
@nix {"action":"result","fields":[57,71,0,0],"id":5464697344098306,"type":105}
@nix {"action":"result","fields":[0,0,0,0],"id":5464697344098307,"type":105}
@nix {"action":"result","fields":[101,0],"id":5464697344098305,"type":106}
@nix {"action":"result","fields":[100,0],"id":5464697344098305,"type":106}
@nix {"action":"stop","id":5464697344098365}
@nix {"action":"result","fields":[58,71,0,0],"id":5464697344098306,"type":105}
@nix {"action":"result","fields":[0,0,0,0],"id":5464697344098307,"type":105}
@nix {"action":"result","fields":[101,0],"id":5464697344098305,"type":106}
@nix {"action":"result","fields":[100,0],"id":5464697344098305,"type":106}
@nix {"action":"stop","id":5464697344098364}
@nix {"action":"result","fields":[58,71,0,0],"id":5464697344098306,"type":105}
@nix {"action":"result","fields":[0,0,0,0],"id":5464697344098307,"type":105}
@nix {"action":"result","fields":[101,0],"id":5464697344098305,"type":106}
@nix {"action":"result","fields":[100,0],"id":5464697344098305,"type":106}
@nix {"action":"start","fields":["/tmp/obrador-shared-pins-linux/round-3-baseline/chain-round-1-jobs-8/store/vxssq23xscv146s4nzc9l5ap0higqqvn-leaf-19.drv","",1,1],"id":5464697344098366,"level":3,"parent":0,"text":"building '/tmp/obrador-shared-pins-linux/round-3-baseline/chain-round-1-jobs-8/store/vxssq23xscv146s4nzc9l5ap0higqqvn-leaf-19.drv'","type":105}
@nix {"action":"result","fields":[58,71,1,0],"id":5464697344098306,"type":105}
@nix {"action":"result","fields":[0,0,0,0],"id":5464697344098307,"type":105}
@nix {"action":"result","fields":[101,0],"id":5464697344098305,"type":106}
@nix {"action":"result","fields":[100,0],"id":5464697344098305,"type":106}
@nix {"action":"result","fields":[59,72,0,0],"id":5464697344098306,"type":105}
@nix {"action":"result","fields":[0,0,0,0],"id":5464697344098307,"type":105}
@nix {"action":"result","fields":[101,0],"id":5464697344098305,"type":106}
@nix {"action":"result","fields":[100,0],"id":5464697344098305,"type":106}
@nix {"action":"stop","id":5464697344098366}
@nix {"action":"start","fields":["/tmp/obrador-shared-pins-linux/round-3-baseline/chain-round-1-jobs-8/store/qqcijn78j4ba4lm2hwb4ff52dsv9aymn-leaf-20.drv.drv","/tmp/obrador-shared-pins-linux/round-3-baseline/chain-round-1-jobs-8/store/zy5m45h2k1bzi3xyjhiwvpy6d62ab2z3-leaf-20.drv.drv"],"id":5464697344098367,"level":3,"parent":0,"text":"resolved derivation: '/tmp/obrador-shared-pins-linux/round-3-baseline/chain-round-1-jobs-8/store/qqcijn78j4ba4lm2hwb4ff52dsv9aymn-leaf-20.drv.drv' -> '/tmp/obrador-shared-pins-linux/round-3-baseline/chain-round-1-jobs-8/store/zy5m45h2k1bzi3xyjhiwvpy6d62ab2z3-leaf-20.drv.drv'","type":111}
@nix {"action":"result","fields":[59,72,0,0],"id":5464697344098306,"type":105}
@nix {"action":"result","fields":[0,0,0,0],"id":5464697344098307,"type":105}
@nix {"action":"result","fields":[101,0],"id":5464697344098305,"type":106}
@nix {"action":"result","fields":[100,0],"id":5464697344098305,"type":106}
@nix {"action":"start","fields":["/tmp/obrador-shared-pins-linux/round-3-baseline/chain-round-1-jobs-8/store/zy5m45h2k1bzi3xyjhiwvpy6d62ab2z3-leaf-20.drv.drv","",1,1],"id":5464697344098368,"level":3,"parent":0,"text":"building '/tmp/obrador-shared-pins-linux/round-3-baseline/chain-round-1-jobs-8/store/zy5m45h2k1bzi3xyjhiwvpy6d62ab2z3-leaf-20.drv.drv'","type":105}
@nix {"action":"result","fields":[59,72,1,0],"id":5464697344098306,"type":105}
@nix {"action":"result","fields":[0,0,0,0],"id":5464697344098307,"type":105}
@nix {"action":"result","fields":[101,0],"id":5464697344098305,"type":106}
@nix {"action":"result","fields":[100,0],"id":5464697344098305,"type":106}
@nix {"action":"result","fields":[60,73,0,0],"id":5464697344098306,"type":105}
@nix {"action":"result","fields":[0,0,0,0],"id":5464697344098307,"type":105}
@nix {"action":"result","fields":[101,0],"id":5464697344098305,"type":106}
@nix {"action":"result","fields":[100,0],"id":5464697344098305,"type":106}
@nix {"action":"stop","id":5464697344098368}
@nix {"action":"result","fields":[61,73,0,0],"id":5464697344098306,"type":105}
@nix {"action":"result","fields":[0,0,0,0],"id":5464697344098307,"type":105}
@nix {"action":"result","fields":[101,0],"id":5464697344098305,"type":106}
@nix {"action":"result","fields":[100,0],"id":5464697344098305,"type":106}
@nix {"action":"stop","id":5464697344098367}
@nix {"action":"result","fields":[61,73,0,0],"id":5464697344098306,"type":105}
@nix {"action":"result","fields":[0,0,0,0],"id":5464697344098307,"type":105}
@nix {"action":"result","fields":[101,0],"id":5464697344098305,"type":106}
@nix {"action":"result","fields":[100,0],"id":5464697344098305,"type":106}
@nix {"action":"start","fields":["/tmp/obrador-shared-pins-linux/round-3-baseline/chain-round-1-jobs-8/store/hh7qgc1l8s09l6f95l1lim4bcha76wsa-leaf-20.drv","",1,1],"id":5464697344098369,"level":3,"parent":0,"text":"building '/tmp/obrador-shared-pins-linux/round-3-baseline/chain-round-1-jobs-8/store/hh7qgc1l8s09l6f95l1lim4bcha76wsa-leaf-20.drv'","type":105}
@nix {"action":"result","fields":[61,73,1,0],"id":5464697344098306,"type":105}
@nix {"action":"result","fields":[0,0,0,0],"id":5464697344098307,"type":105}
@nix {"action":"result","fields":[101,0],"id":5464697344098305,"type":106}
@nix {"action":"result","fields":[100,0],"id":5464697344098305,"type":106}
@nix {"action":"result","fields":[62,74,0,0],"id":5464697344098306,"type":105}
@nix {"action":"result","fields":[0,0,0,0],"id":5464697344098307,"type":105}
@nix {"action":"result","fields":[101,0],"id":5464697344098305,"type":106}
@nix {"action":"result","fields":[100,0],"id":5464697344098305,"type":106}
@nix {"action":"stop","id":5464697344098369}
@nix {"action":"start","fields":["/tmp/obrador-shared-pins-linux/round-3-baseline/chain-round-1-jobs-8/store/qlfi72m5xfqckf7q3cr79hyfhwqdyz9y-leaf-21.drv.drv","/tmp/obrador-shared-pins-linux/round-3-baseline/chain-round-1-jobs-8/store/wk9m6hpfgjbkpkq7vjf4i546j4vl2qsc-leaf-21.drv.drv"],"id":5464697344098370,"level":3,"parent":0,"text":"resolved derivation: '/tmp/obrador-shared-pins-linux/round-3-baseline/chain-round-1-jobs-8/store/qlfi72m5xfqckf7q3cr79hyfhwqdyz9y-leaf-21.drv.drv' -> '/tmp/obrador-shared-pins-linux/round-3-baseline/chain-round-1-jobs-8/store/wk9m6hpfgjbkpkq7vjf4i546j4vl2qsc-leaf-21.drv.drv'","type":111}
@nix {"action":"result","fields":[62,74,0,0],"id":5464697344098306,"type":105}
@nix {"action":"result","fields":[0,0,0,0],"id":5464697344098307,"type":105}
@nix {"action":"result","fields":[101,0],"id":5464697344098305,"type":106}
@nix {"action":"result","fields":[100,0],"id":5464697344098305,"type":106}
@nix {"action":"start","fields":["/tmp/obrador-shared-pins-linux/round-3-baseline/chain-round-1-jobs-8/store/wk9m6hpfgjbkpkq7vjf4i546j4vl2qsc-leaf-21.drv.drv","",1,1],"id":5464697344098371,"level":3,"parent":0,"text":"building '/tmp/obrador-shared-pins-linux/round-3-baseline/chain-round-1-jobs-8/store/wk9m6hpfgjbkpkq7vjf4i546j4vl2qsc-leaf-21.drv.drv'","type":105}
@nix {"action":"result","fields":[62,74,1,0],"id":5464697344098306,"type":105}
@nix {"action":"result","fields":[0,0,0,0],"id":5464697344098307,"type":105}
@nix {"action":"result","fields":[101,0],"id":5464697344098305,"type":106}
@nix {"action":"result","fields":[100,0],"id":5464697344098305,"type":106}
@nix {"action":"result","fields":[63,75,0,0],"id":5464697344098306,"type":105}
@nix {"action":"result","fields":[0,0,0,0],"id":5464697344098307,"type":105}
@nix {"action":"result","fields":[101,0],"id":5464697344098305,"type":106}
@nix {"action":"result","fields":[100,0],"id":5464697344098305,"type":106}
@nix {"action":"stop","id":5464697344098371}
@nix {"action":"result","fields":[64,75,0,0],"id":5464697344098306,"type":105}
@nix {"action":"result","fields":[0,0,0,0],"id":5464697344098307,"type":105}
@nix {"action":"result","fields":[101,0],"id":5464697344098305,"type":106}
@nix {"action":"result","fields":[100,0],"id":5464697344098305,"type":106}
@nix {"action":"stop","id":5464697344098370}
@nix {"action":"result","fields":[64,75,0,0],"id":5464697344098306,"type":105}
@nix {"action":"result","fields":[0,0,0,0],"id":5464697344098307,"type":105}
@nix {"action":"result","fields":[101,0],"id":5464697344098305,"type":106}
@nix {"action":"result","fields":[100,0],"id":5464697344098305,"type":106}
@nix {"action":"start","fields":["/tmp/obrador-shared-pins-linux/round-3-baseline/chain-round-1-jobs-8/store/k38hw03w5fgm4rcvxc7fnbxd6rsd4z6h-leaf-21.drv","",1,1],"id":5464697344098372,"level":3,"parent":0,"text":"building '/tmp/obrador-shared-pins-linux/round-3-baseline/chain-round-1-jobs-8/store/k38hw03w5fgm4rcvxc7fnbxd6rsd4z6h-leaf-21.drv'","type":105}
@nix {"action":"result","fields":[64,75,1,0],"id":5464697344098306,"type":105}
@nix {"action":"result","fields":[0,0,0,0],"id":5464697344098307,"type":105}
@nix {"action":"result","fields":[101,0],"id":5464697344098305,"type":106}
@nix {"action":"result","fields":[100,0],"id":5464697344098305,"type":106}
@nix {"action":"result","fields":[65,76,0,0],"id":5464697344098306,"type":105}
@nix {"action":"result","fields":[0,0,0,0],"id":5464697344098307,"type":105}
@nix {"action":"result","fields":[101,0],"id":5464697344098305,"type":106}
@nix {"action":"result","fields":[100,0],"id":5464697344098305,"type":106}
@nix {"action":"stop","id":5464697344098372}
@nix {"action":"start","fields":["/tmp/obrador-shared-pins-linux/round-3-baseline/chain-round-1-jobs-8/store/7pj554b755pszqxbn2czz93dcr72zpr1-leaf-22.drv.drv","/tmp/obrador-shared-pins-linux/round-3-baseline/chain-round-1-jobs-8/store/wn8vrkw2lrsi1x3zhn3m4xq0zn3ydlv4-leaf-22.drv.drv"],"id":5464697344098373,"level":3,"parent":0,"text":"resolved derivation: '/tmp/obrador-shared-pins-linux/round-3-baseline/chain-round-1-jobs-8/store/7pj554b755pszqxbn2czz93dcr72zpr1-leaf-22.drv.drv' -> '/tmp/obrador-shared-pins-linux/round-3-baseline/chain-round-1-jobs-8/store/wn8vrkw2lrsi1x3zhn3m4xq0zn3ydlv4-leaf-22.drv.drv'","type":111}
@nix {"action":"result","fields":[65,76,0,0],"id":5464697344098306,"type":105}
@nix {"action":"result","fields":[0,0,0,0],"id":5464697344098307,"type":105}
@nix {"action":"result","fields":[101,0],"id":5464697344098305,"type":106}
@nix {"action":"result","fields":[100,0],"id":5464697344098305,"type":106}
@nix {"action":"start","fields":["/tmp/obrador-shared-pins-linux/round-3-baseline/chain-round-1-jobs-8/store/wn8vrkw2lrsi1x3zhn3m4xq0zn3ydlv4-leaf-22.drv.drv","",1,1],"id":5464697344098374,"level":3,"parent":0,"text":"building '/tmp/obrador-shared-pins-linux/round-3-baseline/chain-round-1-jobs-8/store/wn8vrkw2lrsi1x3zhn3m4xq0zn3ydlv4-leaf-22.drv.drv'","type":105}
@nix {"action":"result","fields":[65,76,1,0],"id":5464697344098306,"type":105}
@nix {"action":"result","fields":[0,0,0,0],"id":5464697344098307,"type":105}
@nix {"action":"result","fields":[101,0],"id":5464697344098305,"type":106}
@nix {"action":"result","fields":[100,0],"id":5464697344098305,"type":106}
@nix {"action":"result","fields":[66,77,0,0],"id":5464697344098306,"type":105}
@nix {"action":"result","fields":[0,0,0,0],"id":5464697344098307,"type":105}
@nix {"action":"result","fields":[101,0],"id":5464697344098305,"type":106}
@nix {"action":"result","fields":[100,0],"id":5464697344098305,"type":106}
@nix {"action":"stop","id":5464697344098374}
@nix {"action":"result","fields":[67,77,0,0],"id":5464697344098306,"type":105}
@nix {"action":"result","fields":[0,0,0,0],"id":5464697344098307,"type":105}
@nix {"action":"result","fields":[101,0],"id":5464697344098305,"type":106}
@nix {"action":"result","fields":[100,0],"id":5464697344098305,"type":106}
@nix {"action":"stop","id":5464697344098373}
@nix {"action":"result","fields":[67,77,0,0],"id":5464697344098306,"type":105}
@nix {"action":"result","fields":[0,0,0,0],"id":5464697344098307,"type":105}
@nix {"action":"result","fields":[101,0],"id":5464697344098305,"type":106}
@nix {"action":"result","fields":[100,0],"id":5464697344098305,"type":106}
@nix {"action":"start","fields":["/tmp/obrador-shared-pins-linux/round-3-baseline/chain-round-1-jobs-8/store/p5x66y9i51vp1xdnzr5pr5aqxg3h71gn-leaf-22.drv","",1,1],"id":5464697344098375,"level":3,"parent":0,"text":"building '/tmp/obrador-shared-pins-linux/round-3-baseline/chain-round-1-jobs-8/store/p5x66y9i51vp1xdnzr5pr5aqxg3h71gn-leaf-22.drv'","type":105}
@nix {"action":"result","fields":[67,77,1,0],"id":5464697344098306,"type":105}
@nix {"action":"result","fields":[0,0,0,0],"id":5464697344098307,"type":105}
@nix {"action":"result","fields":[101,0],"id":5464697344098305,"type":106}
@nix {"action":"result","fields":[100,0],"id":5464697344098305,"type":106}
@nix {"action":"result","fields":[68,78,0,0],"id":5464697344098306,"type":105}
@nix {"action":"result","fields":[0,0,0,0],"id":5464697344098307,"type":105}
@nix {"action":"result","fields":[101,0],"id":5464697344098305,"type":106}
@nix {"action":"result","fields":[100,0],"id":5464697344098305,"type":106}
@nix {"action":"stop","id":5464697344098375}
@nix {"action":"start","fields":["/tmp/obrador-shared-pins-linux/round-3-baseline/chain-round-1-jobs-8/store/jvn0dxd4a3skgv0w3sxd544gx0bpn8mk-leaf-23.drv.drv","/tmp/obrador-shared-pins-linux/round-3-baseline/chain-round-1-jobs-8/store/j5mqavn6w9095f7bkc3j04la792sy1h0-leaf-23.drv.drv"],"id":5464697344098376,"level":3,"parent":0,"text":"resolved derivation: '/tmp/obrador-shared-pins-linux/round-3-baseline/chain-round-1-jobs-8/store/jvn0dxd4a3skgv0w3sxd544gx0bpn8mk-leaf-23.drv.drv' -> '/tmp/obrador-shared-pins-linux/round-3-baseline/chain-round-1-jobs-8/store/j5mqavn6w9095f7bkc3j04la792sy1h0-leaf-23.drv.drv'","type":111}
@nix {"action":"result","fields":[68,78,0,0],"id":5464697344098306,"type":105}
@nix {"action":"result","fields":[0,0,0,0],"id":5464697344098307,"type":105}
@nix {"action":"result","fields":[101,0],"id":5464697344098305,"type":106}
@nix {"action":"result","fields":[100,0],"id":5464697344098305,"type":106}
@nix {"action":"start","fields":["/tmp/obrador-shared-pins-linux/round-3-baseline/chain-round-1-jobs-8/store/j5mqavn6w9095f7bkc3j04la792sy1h0-leaf-23.drv.drv","",1,1],"id":5464697344098377,"level":3,"parent":0,"text":"building '/tmp/obrador-shared-pins-linux/round-3-baseline/chain-round-1-jobs-8/store/j5mqavn6w9095f7bkc3j04la792sy1h0-leaf-23.drv.drv'","type":105}
@nix {"action":"result","fields":[68,78,1,0],"id":5464697344098306,"type":105}
@nix {"action":"result","fields":[0,0,0,0],"id":5464697344098307,"type":105}
@nix {"action":"result","fields":[101,0],"id":5464697344098305,"type":106}
@nix {"action":"result","fields":[100,0],"id":5464697344098305,"type":106}
@nix {"action":"result","fields":[69,79,0,0],"id":5464697344098306,"type":105}
@nix {"action":"result","fields":[0,0,0,0],"id":5464697344098307,"type":105}
@nix {"action":"result","fields":[101,0],"id":5464697344098305,"type":106}
@nix {"action":"result","fields":[100,0],"id":5464697344098305,"type":106}
@nix {"action":"stop","id":5464697344098377}
@nix {"action":"result","fields":[70,79,0,0],"id":5464697344098306,"type":105}
@nix {"action":"result","fields":[0,0,0,0],"id":5464697344098307,"type":105}
@nix {"action":"result","fields":[101,0],"id":5464697344098305,"type":106}
@nix {"action":"result","fields":[100,0],"id":5464697344098305,"type":106}
@nix {"action":"stop","id":5464697344098376}
@nix {"action":"result","fields":[70,79,0,0],"id":5464697344098306,"type":105}
@nix {"action":"result","fields":[0,0,0,0],"id":5464697344098307,"type":105}
@nix {"action":"result","fields":[101,0],"id":5464697344098305,"type":106}
@nix {"action":"result","fields":[100,0],"id":5464697344098305,"type":106}
@nix {"action":"start","fields":["/tmp/obrador-shared-pins-linux/round-3-baseline/chain-round-1-jobs-8/store/yfklhrhny50z7g0bf56cnnvplfd5p3gy-leaf-23.drv","",1,1],"id":5464697344098378,"level":3,"parent":0,"text":"building '/tmp/obrador-shared-pins-linux/round-3-baseline/chain-round-1-jobs-8/store/yfklhrhny50z7g0bf56cnnvplfd5p3gy-leaf-23.drv'","type":105}
@nix {"action":"result","fields":[70,79,1,0],"id":5464697344098306,"type":105}
@nix {"action":"result","fields":[0,0,0,0],"id":5464697344098307,"type":105}
@nix {"action":"result","fields":[101,0],"id":5464697344098305,"type":106}
@nix {"action":"result","fields":[100,0],"id":5464697344098305,"type":106}
@nix {"action":"result","fields":[71,80,0,0],"id":5464697344098306,"type":105}
@nix {"action":"result","fields":[0,0,0,0],"id":5464697344098307,"type":105}
@nix {"action":"result","fields":[101,0],"id":5464697344098305,"type":106}
@nix {"action":"result","fields":[100,0],"id":5464697344098305,"type":106}
@nix {"action":"stop","id":5464697344098378}
@nix {"action":"start","fields":["/tmp/obrador-shared-pins-linux/round-3-baseline/chain-round-1-jobs-8/store/zwcwwggrbcvy85cz2nbbflp7jjp7qrzw-leaf-24.drv.drv","/tmp/obrador-shared-pins-linux/round-3-baseline/chain-round-1-jobs-8/store/v862z0kvv1sddlbmqd0x4cprn7shl9h1-leaf-24.drv.drv"],"id":5464697344098379,"level":3,"parent":0,"text":"resolved derivation: '/tmp/obrador-shared-pins-linux/round-3-baseline/chain-round-1-jobs-8/store/zwcwwggrbcvy85cz2nbbflp7jjp7qrzw-leaf-24.drv.drv' -> '/tmp/obrador-shared-pins-linux/round-3-baseline/chain-round-1-jobs-8/store/v862z0kvv1sddlbmqd0x4cprn7shl9h1-leaf-24.drv.drv'","type":111}
@nix {"action":"result","fields":[71,80,0,0],"id":5464697344098306,"type":105}
@nix {"action":"result","fields":[0,0,0,0],"id":5464697344098307,"type":105}
@nix {"action":"result","fields":[101,0],"id":5464697344098305,"type":106}
@nix {"action":"result","fields":[100,0],"id":5464697344098305,"type":106}
@nix {"action":"start","fields":["/tmp/obrador-shared-pins-linux/round-3-baseline/chain-round-1-jobs-8/store/v862z0kvv1sddlbmqd0x4cprn7shl9h1-leaf-24.drv.drv","",1,1],"id":5464697344098380,"level":3,"parent":0,"text":"building '/tmp/obrador-shared-pins-linux/round-3-baseline/chain-round-1-jobs-8/store/v862z0kvv1sddlbmqd0x4cprn7shl9h1-leaf-24.drv.drv'","type":105}
@nix {"action":"result","fields":[71,80,1,0],"id":5464697344098306,"type":105}
@nix {"action":"result","fields":[0,0,0,0],"id":5464697344098307,"type":105}
@nix {"action":"result","fields":[101,0],"id":5464697344098305,"type":106}
@nix {"action":"result","fields":[100,0],"id":5464697344098305,"type":106}
@nix {"action":"result","fields":[72,81,0,0],"id":5464697344098306,"type":105}
@nix {"action":"result","fields":[0,0,0,0],"id":5464697344098307,"type":105}
@nix {"action":"result","fields":[101,0],"id":5464697344098305,"type":106}
@nix {"action":"result","fields":[100,0],"id":5464697344098305,"type":106}
@nix {"action":"stop","id":5464697344098380}
@nix {"action":"result","fields":[73,81,0,0],"id":5464697344098306,"type":105}
@nix {"action":"result","fields":[0,0,0,0],"id":5464697344098307,"type":105}
@nix {"action":"result","fields":[101,0],"id":5464697344098305,"type":106}
@nix {"action":"result","fields":[100,0],"id":5464697344098305,"type":106}
@nix {"action":"stop","id":5464697344098379}
@nix {"action":"result","fields":[73,81,0,0],"id":5464697344098306,"type":105}
@nix {"action":"result","fields":[0,0,0,0],"id":5464697344098307,"type":105}
@nix {"action":"result","fields":[101,0],"id":5464697344098305,"type":106}
@nix {"action":"result","fields":[100,0],"id":5464697344098305,"type":106}
@nix {"action":"start","fields":["/tmp/obrador-shared-pins-linux/round-3-baseline/chain-round-1-jobs-8/store/ylm69d09svbx9vk1hfyvapv9r15r4cxc-leaf-24.drv","",1,1],"id":5464697344098381,"level":3,"parent":0,"text":"building '/tmp/obrador-shared-pins-linux/round-3-baseline/chain-round-1-jobs-8/store/ylm69d09svbx9vk1hfyvapv9r15r4cxc-leaf-24.drv'","type":105}
@nix {"action":"result","fields":[73,81,1,0],"id":5464697344098306,"type":105}
@nix {"action":"result","fields":[0,0,0,0],"id":5464697344098307,"type":105}
@nix {"action":"result","fields":[101,0],"id":5464697344098305,"type":106}
@nix {"action":"result","fields":[100,0],"id":5464697344098305,"type":106}
@nix {"action":"result","fields":[74,82,0,0],"id":5464697344098306,"type":105}
@nix {"action":"result","fields":[0,0,0,0],"id":5464697344098307,"type":105}
@nix {"action":"result","fields":[101,0],"id":5464697344098305,"type":106}
@nix {"action":"result","fields":[100,0],"id":5464697344098305,"type":106}
@nix {"action":"stop","id":5464697344098381}
@nix {"action":"start","fields":["/tmp/obrador-shared-pins-linux/round-3-baseline/chain-round-1-jobs-8/store/2z1nga9xylrxxqypyylz1m50apdc88i2-leaf-25.drv.drv","/tmp/obrador-shared-pins-linux/round-3-baseline/chain-round-1-jobs-8/store/pm7v3igamgjiv0rqn6hy3kaha62cpcr9-leaf-25.drv.drv"],"id":5464697344098382,"level":3,"parent":0,"text":"resolved derivation: '/tmp/obrador-shared-pins-linux/round-3-baseline/chain-round-1-jobs-8/store/2z1nga9xylrxxqypyylz1m50apdc88i2-leaf-25.drv.drv' -> '/tmp/obrador-shared-pins-linux/round-3-baseline/chain-round-1-jobs-8/store/pm7v3igamgjiv0rqn6hy3kaha62cpcr9-leaf-25.drv.drv'","type":111}
@nix {"action":"result","fields":[74,82,0,0],"id":5464697344098306,"type":105}
@nix {"action":"result","fields":[0,0,0,0],"id":5464697344098307,"type":105}
@nix {"action":"result","fields":[101,0],"id":5464697344098305,"type":106}
@nix {"action":"result","fields":[100,0],"id":5464697344098305,"type":106}
@nix {"action":"start","fields":["/tmp/obrador-shared-pins-linux/round-3-baseline/chain-round-1-jobs-8/store/pm7v3igamgjiv0rqn6hy3kaha62cpcr9-leaf-25.drv.drv","",1,1],"id":5464697344098383,"level":3,"parent":0,"text":"building '/tmp/obrador-shared-pins-linux/round-3-baseline/chain-round-1-jobs-8/store/pm7v3igamgjiv0rqn6hy3kaha62cpcr9-leaf-25.drv.drv'","type":105}
@nix {"action":"result","fields":[74,82,1,0],"id":5464697344098306,"type":105}
@nix {"action":"result","fields":[0,0,0,0],"id":5464697344098307,"type":105}
@nix {"action":"result","fields":[101,0],"id":5464697344098305,"type":106}
@nix {"action":"result","fields":[100,0],"id":5464697344098305,"type":106}
@nix {"action":"result","fields":[75,83,0,0],"id":5464697344098306,"type":105}
@nix {"action":"result","fields":[0,0,0,0],"id":5464697344098307,"type":105}
@nix {"action":"result","fields":[101,0],"id":5464697344098305,"type":106}
@nix {"action":"result","fields":[100,0],"id":5464697344098305,"type":106}
@nix {"action":"stop","id":5464697344098383}
@nix {"action":"result","fields":[76,83,0,0],"id":5464697344098306,"type":105}
@nix {"action":"result","fields":[0,0,0,0],"id":5464697344098307,"type":105}
@nix {"action":"result","fields":[101,0],"id":5464697344098305,"type":106}
@nix {"action":"result","fields":[100,0],"id":5464697344098305,"type":106}
@nix {"action":"stop","id":5464697344098382}
@nix {"action":"result","fields":[76,83,0,0],"id":5464697344098306,"type":105}
@nix {"action":"result","fields":[0,0,0,0],"id":5464697344098307,"type":105}
@nix {"action":"result","fields":[101,0],"id":5464697344098305,"type":106}
@nix {"action":"result","fields":[100,0],"id":5464697344098305,"type":106}
@nix {"action":"start","fields":["/tmp/obrador-shared-pins-linux/round-3-baseline/chain-round-1-jobs-8/store/xqh2hgs7smw9amwb534hpkjvlcn62qgk-leaf-25.drv","",1,1],"id":5464697344098384,"level":3,"parent":0,"text":"building '/tmp/obrador-shared-pins-linux/round-3-baseline/chain-round-1-jobs-8/store/xqh2hgs7smw9amwb534hpkjvlcn62qgk-leaf-25.drv'","type":105}
@nix {"action":"result","fields":[76,83,1,0],"id":5464697344098306,"type":105}
@nix {"action":"result","fields":[0,0,0,0],"id":5464697344098307,"type":105}
@nix {"action":"result","fields":[101,0],"id":5464697344098305,"type":106}
@nix {"action":"result","fields":[100,0],"id":5464697344098305,"type":106}
@nix {"action":"result","fields":[77,84,0,0],"id":5464697344098306,"type":105}
@nix {"action":"result","fields":[0,0,0,0],"id":5464697344098307,"type":105}
@nix {"action":"result","fields":[101,0],"id":5464697344098305,"type":106}
@nix {"action":"result","fields":[100,0],"id":5464697344098305,"type":106}
@nix {"action":"stop","id":5464697344098384}
@nix {"action":"start","fields":["/tmp/obrador-shared-pins-linux/round-3-baseline/chain-round-1-jobs-8/store/04bgc2bwzrwvdlj8054fm6vxw5j01wm3-leaf-26.drv.drv","/tmp/obrador-shared-pins-linux/round-3-baseline/chain-round-1-jobs-8/store/mc3672f36lr22lcgn2jmgkip5afifg34-leaf-26.drv.drv"],"id":5464697344098385,"level":3,"parent":0,"text":"resolved derivation: '/tmp/obrador-shared-pins-linux/round-3-baseline/chain-round-1-jobs-8/store/04bgc2bwzrwvdlj8054fm6vxw5j01wm3-leaf-26.drv.drv' -> '/tmp/obrador-shared-pins-linux/round-3-baseline/chain-round-1-jobs-8/store/mc3672f36lr22lcgn2jmgkip5afifg34-leaf-26.drv.drv'","type":111}
@nix {"action":"result","fields":[77,84,0,0],"id":5464697344098306,"type":105}
@nix {"action":"result","fields":[0,0,0,0],"id":5464697344098307,"type":105}
@nix {"action":"result","fields":[101,0],"id":5464697344098305,"type":106}
@nix {"action":"result","fields":[100,0],"id":5464697344098305,"type":106}
@nix {"action":"start","fields":["/tmp/obrador-shared-pins-linux/round-3-baseline/chain-round-1-jobs-8/store/mc3672f36lr22lcgn2jmgkip5afifg34-leaf-26.drv.drv","",1,1],"id":5464697344098386,"level":3,"parent":0,"text":"building '/tmp/obrador-shared-pins-linux/round-3-baseline/chain-round-1-jobs-8/store/mc3672f36lr22lcgn2jmgkip5afifg34-leaf-26.drv.drv'","type":105}
@nix {"action":"result","fields":[77,84,1,0],"id":5464697344098306,"type":105}
@nix {"action":"result","fields":[0,0,0,0],"id":5464697344098307,"type":105}
@nix {"action":"result","fields":[101,0],"id":5464697344098305,"type":106}
@nix {"action":"result","fields":[100,0],"id":5464697344098305,"type":106}
@nix {"action":"result","fields":[78,85,0,0],"id":5464697344098306,"type":105}
@nix {"action":"result","fields":[0,0,0,0],"id":5464697344098307,"type":105}
@nix {"action":"result","fields":[101,0],"id":5464697344098305,"type":106}
@nix {"action":"result","fields":[100,0],"id":5464697344098305,"type":106}
@nix {"action":"stop","id":5464697344098386}
@nix {"action":"result","fields":[79,85,0,0],"id":5464697344098306,"type":105}
@nix {"action":"result","fields":[0,0,0,0],"id":5464697344098307,"type":105}
@nix {"action":"result","fields":[101,0],"id":5464697344098305,"type":106}
@nix {"action":"result","fields":[100,0],"id":5464697344098305,"type":106}
@nix {"action":"stop","id":5464697344098385}
@nix {"action":"result","fields":[79,85,0,0],"id":5464697344098306,"type":105}
@nix {"action":"result","fields":[0,0,0,0],"id":5464697344098307,"type":105}
@nix {"action":"result","fields":[101,0],"id":5464697344098305,"type":106}
@nix {"action":"result","fields":[100,0],"id":5464697344098305,"type":106}
@nix {"action":"start","fields":["/tmp/obrador-shared-pins-linux/round-3-baseline/chain-round-1-jobs-8/store/jsma4py8gzdklkjypwrmwsj708h1r1zx-leaf-26.drv","",1,1],"id":5464697344098387,"level":3,"parent":0,"text":"building '/tmp/obrador-shared-pins-linux/round-3-baseline/chain-round-1-jobs-8/store/jsma4py8gzdklkjypwrmwsj708h1r1zx-leaf-26.drv'","type":105}
@nix {"action":"result","fields":[79,85,1,0],"id":5464697344098306,"type":105}
@nix {"action":"result","fields":[0,0,0,0],"id":5464697344098307,"type":105}
@nix {"action":"result","fields":[101,0],"id":5464697344098305,"type":106}
@nix {"action":"result","fields":[100,0],"id":5464697344098305,"type":106}
@nix {"action":"result","fields":[80,86,0,0],"id":5464697344098306,"type":105}
@nix {"action":"result","fields":[0,0,0,0],"id":5464697344098307,"type":105}
@nix {"action":"result","fields":[101,0],"id":5464697344098305,"type":106}
@nix {"action":"result","fields":[100,0],"id":5464697344098305,"type":106}
@nix {"action":"stop","id":5464697344098387}
@nix {"action":"start","fields":["/tmp/obrador-shared-pins-linux/round-3-baseline/chain-round-1-jobs-8/store/r9d1lchjjb2xqmynbvf6rjdd7c82lmq1-leaf-27.drv.drv","/tmp/obrador-shared-pins-linux/round-3-baseline/chain-round-1-jobs-8/store/86fw76c71v4lsrcm4mpf8axx4zxh727x-leaf-27.drv.drv"],"id":5464697344098388,"level":3,"parent":0,"text":"resolved derivation: '/tmp/obrador-shared-pins-linux/round-3-baseline/chain-round-1-jobs-8/store/r9d1lchjjb2xqmynbvf6rjdd7c82lmq1-leaf-27.drv.drv' -> '/tmp/obrador-shared-pins-linux/round-3-baseline/chain-round-1-jobs-8/store/86fw76c71v4lsrcm4mpf8axx4zxh727x-leaf-27.drv.drv'","type":111}
@nix {"action":"result","fields":[80,86,0,0],"id":5464697344098306,"type":105}
@nix {"action":"result","fields":[0,0,0,0],"id":5464697344098307,"type":105}
@nix {"action":"result","fields":[101,0],"id":5464697344098305,"type":106}
@nix {"action":"result","fields":[100,0],"id":5464697344098305,"type":106}
@nix {"action":"start","fields":["/tmp/obrador-shared-pins-linux/round-3-baseline/chain-round-1-jobs-8/store/86fw76c71v4lsrcm4mpf8axx4zxh727x-leaf-27.drv.drv","",1,1],"id":5464697344098389,"level":3,"parent":0,"text":"building '/tmp/obrador-shared-pins-linux/round-3-baseline/chain-round-1-jobs-8/store/86fw76c71v4lsrcm4mpf8axx4zxh727x-leaf-27.drv.drv'","type":105}
@nix {"action":"result","fields":[80,86,1,0],"id":5464697344098306,"type":105}
@nix {"action":"result","fields":[0,0,0,0],"id":5464697344098307,"type":105}
@nix {"action":"result","fields":[101,0],"id":5464697344098305,"type":106}
@nix {"action":"result","fields":[100,0],"id":5464697344098305,"type":106}
@nix {"action":"result","fields":[81,87,0,0],"id":5464697344098306,"type":105}
@nix {"action":"result","fields":[0,0,0,0],"id":5464697344098307,"type":105}
@nix {"action":"result","fields":[101,0],"id":5464697344098305,"type":106}
@nix {"action":"result","fields":[100,0],"id":5464697344098305,"type":106}
@nix {"action":"stop","id":5464697344098389}
@nix {"action":"result","fields":[82,87,0,0],"id":5464697344098306,"type":105}
@nix {"action":"result","fields":[0,0,0,0],"id":5464697344098307,"type":105}
@nix {"action":"result","fields":[101,0],"id":5464697344098305,"type":106}
@nix {"action":"result","fields":[100,0],"id":5464697344098305,"type":106}
@nix {"action":"stop","id":5464697344098388}
@nix {"action":"result","fields":[82,87,0,0],"id":5464697344098306,"type":105}
@nix {"action":"result","fields":[0,0,0,0],"id":5464697344098307,"type":105}
@nix {"action":"result","fields":[101,0],"id":5464697344098305,"type":106}
@nix {"action":"result","fields":[100,0],"id":5464697344098305,"type":106}
@nix {"action":"start","fields":["/tmp/obrador-shared-pins-linux/round-3-baseline/chain-round-1-jobs-8/store/0z2krwji23qv0ys4z6jpf5b0z935bhm1-leaf-27.drv","",1,1],"id":5464697344098390,"level":3,"parent":0,"text":"building '/tmp/obrador-shared-pins-linux/round-3-baseline/chain-round-1-jobs-8/store/0z2krwji23qv0ys4z6jpf5b0z935bhm1-leaf-27.drv'","type":105}
@nix {"action":"result","fields":[82,87,1,0],"id":5464697344098306,"type":105}
@nix {"action":"result","fields":[0,0,0,0],"id":5464697344098307,"type":105}
@nix {"action":"result","fields":[101,0],"id":5464697344098305,"type":106}
@nix {"action":"result","fields":[100,0],"id":5464697344098305,"type":106}
@nix {"action":"result","fields":[83,88,0,0],"id":5464697344098306,"type":105}
@nix {"action":"result","fields":[0,0,0,0],"id":5464697344098307,"type":105}
@nix {"action":"result","fields":[101,0],"id":5464697344098305,"type":106}
@nix {"action":"result","fields":[100,0],"id":5464697344098305,"type":106}
@nix {"action":"stop","id":5464697344098390}
@nix {"action":"start","fields":["/tmp/obrador-shared-pins-linux/round-3-baseline/chain-round-1-jobs-8/store/yp0zzhmv1i35a5m1j8ig0dsr48srq828-leaf-28.drv.drv","/tmp/obrador-shared-pins-linux/round-3-baseline/chain-round-1-jobs-8/store/x1imarpr0d45y4qcqw8vvnjn8iigskws-leaf-28.drv.drv"],"id":5464697344098391,"level":3,"parent":0,"text":"resolved derivation: '/tmp/obrador-shared-pins-linux/round-3-baseline/chain-round-1-jobs-8/store/yp0zzhmv1i35a5m1j8ig0dsr48srq828-leaf-28.drv.drv' -> '/tmp/obrador-shared-pins-linux/round-3-baseline/chain-round-1-jobs-8/store/x1imarpr0d45y4qcqw8vvnjn8iigskws-leaf-28.drv.drv'","type":111}
@nix {"action":"result","fields":[83,88,0,0],"id":5464697344098306,"type":105}
@nix {"action":"result","fields":[0,0,0,0],"id":5464697344098307,"type":105}
@nix {"action":"result","fields":[101,0],"id":5464697344098305,"type":106}
@nix {"action":"result","fields":[100,0],"id":5464697344098305,"type":106}
@nix {"action":"start","fields":["/tmp/obrador-shared-pins-linux/round-3-baseline/chain-round-1-jobs-8/store/x1imarpr0d45y4qcqw8vvnjn8iigskws-leaf-28.drv.drv","",1,1],"id":5464697344098392,"level":3,"parent":0,"text":"building '/tmp/obrador-shared-pins-linux/round-3-baseline/chain-round-1-jobs-8/store/x1imarpr0d45y4qcqw8vvnjn8iigskws-leaf-28.drv.drv'","type":105}
@nix {"action":"result","fields":[83,88,1,0],"id":5464697344098306,"type":105}
@nix {"action":"result","fields":[0,0,0,0],"id":5464697344098307,"type":105}
@nix {"action":"result","fields":[101,0],"id":5464697344098305,"type":106}
@nix {"action":"result","fields":[100,0],"id":5464697344098305,"type":106}
@nix {"action":"result","fields":[84,89,0,0],"id":5464697344098306,"type":105}
@nix {"action":"result","fields":[0,0,0,0],"id":5464697344098307,"type":105}
@nix {"action":"result","fields":[101,0],"id":5464697344098305,"type":106}
@nix {"action":"result","fields":[100,0],"id":5464697344098305,"type":106}
@nix {"action":"stop","id":5464697344098392}
@nix {"action":"result","fields":[85,89,0,0],"id":5464697344098306,"type":105}
@nix {"action":"result","fields":[0,0,0,0],"id":5464697344098307,"type":105}
@nix {"action":"result","fields":[101,0],"id":5464697344098305,"type":106}
@nix {"action":"result","fields":[100,0],"id":5464697344098305,"type":106}
@nix {"action":"stop","id":5464697344098391}
@nix {"action":"result","fields":[85,89,0,0],"id":5464697344098306,"type":105}
@nix {"action":"result","fields":[0,0,0,0],"id":5464697344098307,"type":105}
@nix {"action":"result","fields":[101,0],"id":5464697344098305,"type":106}
@nix {"action":"result","fields":[100,0],"id":5464697344098305,"type":106}
@nix {"action":"start","fields":["/tmp/obrador-shared-pins-linux/round-3-baseline/chain-round-1-jobs-8/store/83iwvys6kzn2xqi0zn8scalhasbf7c0s-leaf-28.drv","",1,1],"id":5464697344098393,"level":3,"parent":0,"text":"building '/tmp/obrador-shared-pins-linux/round-3-baseline/chain-round-1-jobs-8/store/83iwvys6kzn2xqi0zn8scalhasbf7c0s-leaf-28.drv'","type":105}
@nix {"action":"result","fields":[85,89,1,0],"id":5464697344098306,"type":105}
@nix {"action":"result","fields":[0,0,0,0],"id":5464697344098307,"type":105}
@nix {"action":"result","fields":[101,0],"id":5464697344098305,"type":106}
@nix {"action":"result","fields":[100,0],"id":5464697344098305,"type":106}
@nix {"action":"result","fields":[86,90,0,0],"id":5464697344098306,"type":105}
@nix {"action":"result","fields":[0,0,0,0],"id":5464697344098307,"type":105}
@nix {"action":"result","fields":[101,0],"id":5464697344098305,"type":106}
@nix {"action":"result","fields":[100,0],"id":5464697344098305,"type":106}
@nix {"action":"stop","id":5464697344098393}
@nix {"action":"start","fields":["/tmp/obrador-shared-pins-linux/round-3-baseline/chain-round-1-jobs-8/store/grf1pj993vpwwwmmd0dmxkwy6d7b8zmq-leaf-29.drv.drv","/tmp/obrador-shared-pins-linux/round-3-baseline/chain-round-1-jobs-8/store/4mqwi2clfi4kl3llwcfyrdrq01hi8lmh-leaf-29.drv.drv"],"id":5464697344098394,"level":3,"parent":0,"text":"resolved derivation: '/tmp/obrador-shared-pins-linux/round-3-baseline/chain-round-1-jobs-8/store/grf1pj993vpwwwmmd0dmxkwy6d7b8zmq-leaf-29.drv.drv' -> '/tmp/obrador-shared-pins-linux/round-3-baseline/chain-round-1-jobs-8/store/4mqwi2clfi4kl3llwcfyrdrq01hi8lmh-leaf-29.drv.drv'","type":111}
@nix {"action":"result","fields":[86,90,0,0],"id":5464697344098306,"type":105}
@nix {"action":"result","fields":[0,0,0,0],"id":5464697344098307,"type":105}
@nix {"action":"result","fields":[101,0],"id":5464697344098305,"type":106}
@nix {"action":"result","fields":[100,0],"id":5464697344098305,"type":106}
@nix {"action":"start","fields":["/tmp/obrador-shared-pins-linux/round-3-baseline/chain-round-1-jobs-8/store/4mqwi2clfi4kl3llwcfyrdrq01hi8lmh-leaf-29.drv.drv","",1,1],"id":5464697344098395,"level":3,"parent":0,"text":"building '/tmp/obrador-shared-pins-linux/round-3-baseline/chain-round-1-jobs-8/store/4mqwi2clfi4kl3llwcfyrdrq01hi8lmh-leaf-29.drv.drv'","type":105}
@nix {"action":"result","fields":[86,90,1,0],"id":5464697344098306,"type":105}
@nix {"action":"result","fields":[0,0,0,0],"id":5464697344098307,"type":105}
@nix {"action":"result","fields":[101,0],"id":5464697344098305,"type":106}
@nix {"action":"result","fields":[100,0],"id":5464697344098305,"type":106}
@nix {"action":"result","fields":[87,91,0,0],"id":5464697344098306,"type":105}
@nix {"action":"result","fields":[0,0,0,0],"id":5464697344098307,"type":105}
@nix {"action":"result","fields":[101,0],"id":5464697344098305,"type":106}
@nix {"action":"result","fields":[100,0],"id":5464697344098305,"type":106}
@nix {"action":"stop","id":5464697344098395}
@nix {"action":"result","fields":[88,91,0,0],"id":5464697344098306,"type":105}
@nix {"action":"result","fields":[0,0,0,0],"id":5464697344098307,"type":105}
@nix {"action":"result","fields":[101,0],"id":5464697344098305,"type":106}
@nix {"action":"result","fields":[100,0],"id":5464697344098305,"type":106}
@nix {"action":"stop","id":5464697344098394}
@nix {"action":"result","fields":[88,91,0,0],"id":5464697344098306,"type":105}
@nix {"action":"result","fields":[0,0,0,0],"id":5464697344098307,"type":105}
@nix {"action":"result","fields":[101,0],"id":5464697344098305,"type":106}
@nix {"action":"result","fields":[100,0],"id":5464697344098305,"type":106}
@nix {"action":"start","fields":["/tmp/obrador-shared-pins-linux/round-3-baseline/chain-round-1-jobs-8/store/znsnxgpq9r97l38yc46j89p0yyz5bs4g-leaf-29.drv","",1,1],"id":5464697344098396,"level":3,"parent":0,"text":"building '/tmp/obrador-shared-pins-linux/round-3-baseline/chain-round-1-jobs-8/store/znsnxgpq9r97l38yc46j89p0yyz5bs4g-leaf-29.drv'","type":105}
@nix {"action":"result","fields":[88,91,1,0],"id":5464697344098306,"type":105}
@nix {"action":"result","fields":[0,0,0,0],"id":5464697344098307,"type":105}
@nix {"action":"result","fields":[101,0],"id":5464697344098305,"type":106}
@nix {"action":"result","fields":[100,0],"id":5464697344098305,"type":106}
@nix {"action":"result","fields":[89,92,0,0],"id":5464697344098306,"type":105}
@nix {"action":"result","fields":[0,0,0,0],"id":5464697344098307,"type":105}
@nix {"action":"result","fields":[101,0],"id":5464697344098305,"type":106}
@nix {"action":"result","fields":[100,0],"id":5464697344098305,"type":106}
@nix {"action":"stop","id":5464697344098396}
@nix {"action":"start","fields":["/tmp/obrador-shared-pins-linux/round-3-baseline/chain-round-1-jobs-8/store/pw6wgqhisasxw02dzk0v9d5spmza0df9-leaf-30.drv.drv","/tmp/obrador-shared-pins-linux/round-3-baseline/chain-round-1-jobs-8/store/mai412s4jcnb18kig3v1zi55m77k63hm-leaf-30.drv.drv"],"id":5464697344098397,"level":3,"parent":0,"text":"resolved derivation: '/tmp/obrador-shared-pins-linux/round-3-baseline/chain-round-1-jobs-8/store/pw6wgqhisasxw02dzk0v9d5spmza0df9-leaf-30.drv.drv' -> '/tmp/obrador-shared-pins-linux/round-3-baseline/chain-round-1-jobs-8/store/mai412s4jcnb18kig3v1zi55m77k63hm-leaf-30.drv.drv'","type":111}
@nix {"action":"result","fields":[89,92,0,0],"id":5464697344098306,"type":105}
@nix {"action":"result","fields":[0,0,0,0],"id":5464697344098307,"type":105}
@nix {"action":"result","fields":[101,0],"id":5464697344098305,"type":106}
@nix {"action":"result","fields":[100,0],"id":5464697344098305,"type":106}
@nix {"action":"start","fields":["/tmp/obrador-shared-pins-linux/round-3-baseline/chain-round-1-jobs-8/store/mai412s4jcnb18kig3v1zi55m77k63hm-leaf-30.drv.drv","",1,1],"id":5464697344098398,"level":3,"parent":0,"text":"building '/tmp/obrador-shared-pins-linux/round-3-baseline/chain-round-1-jobs-8/store/mai412s4jcnb18kig3v1zi55m77k63hm-leaf-30.drv.drv'","type":105}
@nix {"action":"result","fields":[89,92,1,0],"id":5464697344098306,"type":105}
@nix {"action":"result","fields":[0,0,0,0],"id":5464697344098307,"type":105}
@nix {"action":"result","fields":[101,0],"id":5464697344098305,"type":106}
@nix {"action":"result","fields":[100,0],"id":5464697344098305,"type":106}
@nix {"action":"result","fields":[90,93,0,0],"id":5464697344098306,"type":105}
@nix {"action":"result","fields":[0,0,0,0],"id":5464697344098307,"type":105}
@nix {"action":"result","fields":[101,0],"id":5464697344098305,"type":106}
@nix {"action":"result","fields":[100,0],"id":5464697344098305,"type":106}
@nix {"action":"stop","id":5464697344098398}
@nix {"action":"result","fields":[91,93,0,0],"id":5464697344098306,"type":105}
@nix {"action":"result","fields":[0,0,0,0],"id":5464697344098307,"type":105}
@nix {"action":"result","fields":[101,0],"id":5464697344098305,"type":106}
@nix {"action":"result","fields":[100,0],"id":5464697344098305,"type":106}
@nix {"action":"stop","id":5464697344098397}
@nix {"action":"result","fields":[91,93,0,0],"id":5464697344098306,"type":105}
@nix {"action":"result","fields":[0,0,0,0],"id":5464697344098307,"type":105}
@nix {"action":"result","fields":[101,0],"id":5464697344098305,"type":106}
@nix {"action":"result","fields":[100,0],"id":5464697344098305,"type":106}
@nix {"action":"start","fields":["/tmp/obrador-shared-pins-linux/round-3-baseline/chain-round-1-jobs-8/store/qi08kxhb8sba524x7gwd62qfyf786cja-leaf-30.drv","",1,1],"id":5464697344098399,"level":3,"parent":0,"text":"building '/tmp/obrador-shared-pins-linux/round-3-baseline/chain-round-1-jobs-8/store/qi08kxhb8sba524x7gwd62qfyf786cja-leaf-30.drv'","type":105}
@nix {"action":"result","fields":[91,93,1,0],"id":5464697344098306,"type":105}
@nix {"action":"result","fields":[0,0,0,0],"id":5464697344098307,"type":105}
@nix {"action":"result","fields":[101,0],"id":5464697344098305,"type":106}
@nix {"action":"result","fields":[100,0],"id":5464697344098305,"type":106}
@nix {"action":"result","fields":[92,94,0,0],"id":5464697344098306,"type":105}
@nix {"action":"result","fields":[0,0,0,0],"id":5464697344098307,"type":105}
@nix {"action":"result","fields":[101,0],"id":5464697344098305,"type":106}
@nix {"action":"result","fields":[100,0],"id":5464697344098305,"type":106}
@nix {"action":"stop","id":5464697344098399}
@nix {"action":"start","fields":["/tmp/obrador-shared-pins-linux/round-3-baseline/chain-round-1-jobs-8/store/a6ilf355alymrffwdnhjj8ry3yk5bja9-leaf-31.drv.drv","/tmp/obrador-shared-pins-linux/round-3-baseline/chain-round-1-jobs-8/store/gcfvdc9g32gvis1xxr9dhwfqj6bfvyyc-leaf-31.drv.drv"],"id":5464697344098400,"level":3,"parent":0,"text":"resolved derivation: '/tmp/obrador-shared-pins-linux/round-3-baseline/chain-round-1-jobs-8/store/a6ilf355alymrffwdnhjj8ry3yk5bja9-leaf-31.drv.drv' -> '/tmp/obrador-shared-pins-linux/round-3-baseline/chain-round-1-jobs-8/store/gcfvdc9g32gvis1xxr9dhwfqj6bfvyyc-leaf-31.drv.drv'","type":111}
@nix {"action":"result","fields":[92,94,0,0],"id":5464697344098306,"type":105}
@nix {"action":"result","fields":[0,0,0,0],"id":5464697344098307,"type":105}
@nix {"action":"result","fields":[101,0],"id":5464697344098305,"type":106}
@nix {"action":"result","fields":[100,0],"id":5464697344098305,"type":106}
@nix {"action":"start","fields":["/tmp/obrador-shared-pins-linux/round-3-baseline/chain-round-1-jobs-8/store/gcfvdc9g32gvis1xxr9dhwfqj6bfvyyc-leaf-31.drv.drv","",1,1],"id":5464697344098401,"level":3,"parent":0,"text":"building '/tmp/obrador-shared-pins-linux/round-3-baseline/chain-round-1-jobs-8/store/gcfvdc9g32gvis1xxr9dhwfqj6bfvyyc-leaf-31.drv.drv'","type":105}
@nix {"action":"result","fields":[92,94,1,0],"id":5464697344098306,"type":105}
@nix {"action":"result","fields":[0,0,0,0],"id":5464697344098307,"type":105}
@nix {"action":"result","fields":[101,0],"id":5464697344098305,"type":106}
@nix {"action":"result","fields":[100,0],"id":5464697344098305,"type":106}
@nix {"action":"result","fields":[93,95,0,0],"id":5464697344098306,"type":105}
@nix {"action":"result","fields":[0,0,0,0],"id":5464697344098307,"type":105}
@nix {"action":"result","fields":[101,0],"id":5464697344098305,"type":106}
@nix {"action":"result","fields":[100,0],"id":5464697344098305,"type":106}
@nix {"action":"stop","id":5464697344098401}
@nix {"action":"result","fields":[94,95,0,0],"id":5464697344098306,"type":105}
@nix {"action":"result","fields":[0,0,0,0],"id":5464697344098307,"type":105}
@nix {"action":"result","fields":[101,0],"id":5464697344098305,"type":106}
@nix {"action":"result","fields":[100,0],"id":5464697344098305,"type":106}
@nix {"action":"stop","id":5464697344098400}
@nix {"action":"result","fields":[94,95,0,0],"id":5464697344098306,"type":105}
@nix {"action":"result","fields":[0,0,0,0],"id":5464697344098307,"type":105}
@nix {"action":"result","fields":[101,0],"id":5464697344098305,"type":106}
@nix {"action":"result","fields":[100,0],"id":5464697344098305,"type":106}
@nix {"action":"start","fields":["/tmp/obrador-shared-pins-linux/round-3-baseline/chain-round-1-jobs-8/store/518d453nxw2lkvq0sgk6hlbjgp3swgyy-leaf-31.drv","",1,1],"id":5464697344098402,"level":3,"parent":0,"text":"building '/tmp/obrador-shared-pins-linux/round-3-baseline/chain-round-1-jobs-8/store/518d453nxw2lkvq0sgk6hlbjgp3swgyy-leaf-31.drv'","type":105}
@nix {"action":"result","fields":[94,95,1,0],"id":5464697344098306,"type":105}
@nix {"action":"result","fields":[0,0,0,0],"id":5464697344098307,"type":105}
@nix {"action":"result","fields":[101,0],"id":5464697344098305,"type":106}
@nix {"action":"result","fields":[100,0],"id":5464697344098305,"type":106}
@nix {"action":"result","fields":[95,96,0,0],"id":5464697344098306,"type":105}
@nix {"action":"result","fields":[0,0,0,0],"id":5464697344098307,"type":105}
@nix {"action":"result","fields":[101,0],"id":5464697344098305,"type":106}
@nix {"action":"result","fields":[100,0],"id":5464697344098305,"type":106}
@nix {"action":"stop","id":5464697344098402}
@nix {"action":"stop","id":5464697344098307}
@nix {"action":"stop","id":5464697344098306}
@nix {"action":"stop","id":5464697344098305}
