@nix {"action":"start","id":5476031762792448,"level":6,"parent":0,"text":"querying info about missing paths","type":0}
@nix {"action":"msg","level":1,"msg":"\u001b[35;1mwarning:\u001b[0m Ignoring dynamic derivation /tmp/obrador-shared-pins-linux/round-3-after/chain-round-1-jobs-8/store/s54xbigvp5jk4wkf96wmp043z39gvgql-leaf-31.drv.drv^out while querying missing paths; not yet implemented"}
@nix {"action":"stop","id":5476031762792448}
@nix {"action":"start","id":5476031762792449,"level":0,"parent":0,"text":"","type":102}
@nix {"action":"start","id":5476031762792450,"level":0,"parent":0,"text":"","type":104}
@nix {"action":"start","id":5476031762792451,"level":0,"parent":0,"text":"","type":103}
@nix {"action":"result","fields":[0,0,0,0],"id":5476031762792450,"type":105}
@nix {"action":"result","fields":[0,0,0,0],"id":5476031762792451,"type":105}
@nix {"action":"result","fields":[101,0],"id":5476031762792449,"type":106}
@nix {"action":"result","fields":[100,0],"id":5476031762792449,"type":106}
@nix {"action":"result","fields":[0,0,0,0],"id":5476031762792450,"type":105}
@nix {"action":"result","fields":[0,0,0,0],"id":5476031762792451,"type":105}
@nix {"action":"result","fields":[101,0],"id":5476031762792449,"type":106}
@nix {"action":"result","fields":[100,0],"id":5476031762792449,"type":106}
@nix {"action":"result","fields":[0,1,0,0],"id":5476031762792450,"type":105}
@nix {"action":"result","fields":[0,0,0,0],"id":5476031762792451,"type":105}
@nix {"action":"result","fields":[101,0],"id":5476031762792449,"type":106}
@nix {"action":"result","fields":[100,0],"id":5476031762792449,"type":106}
@nix {"action":"result","fields":[0,1,0,0],"id":5476031762792450,"type":105}
@nix {"action":"result","fields":[0,0,0,0],"id":5476031762792451,"type":105}
@nix {"action":"result","fields":[101,0],"id":5476031762792449,"type":106}
@nix {"action":"result","fields":[100,0],"id":5476031762792449,"type":106}
@nix {"action":"result","fields":[0,1,0,0],"id":5476031762792450,"type":105}
@nix {"action":"result","fields":[0,0,0,0],"id":5476031762792451,"type":105}
@nix {"action":"result","fields":[101,0],"id":5476031762792449,"type":106}
@nix {"action":"result","fields":[100,0],"id":5476031762792449,"type":106}
@nix {"action":"result","fields":[0,2,0,0],"id":5476031762792450,"type":105}
@nix {"action":"result","fields":[0,0,0,0],"id":5476031762792451,"type":105}
@nix {"action":"result","fields":[101,0],"id":5476031762792449,"type":106}
@nix {"action":"result","fields":[100,0],"id":5476031762792449,"type":106}
@nix {"action":"result","fields":[0,2,0,0],"id":5476031762792450,"type":105}
@nix {"action":"result","fields":[0,0,0,0],"id":5476031762792451,"type":105}
@nix {"action":"result","fields":[101,0],"id":5476031762792449,"type":106}
@nix {"action":"result","fields":[100,0],"id":5476031762792449,"type":106}
@nix {"action":"result","fields":[0,2,0,0],"id":5476031762792450,"type":105}
@nix {"action":"result","fields":[0,0,0,0],"id":5476031762792451,"type":105}
@nix {"action":"result","fields":[101,0],"id":5476031762792449,"type":106}
@nix {"action":"result","fields":[100,0],"id":5476031762792449,"type":106}
@nix {"action":"result","fields":[0,3,0,0],"id":5476031762792450,"type":105}
@nix {"action":"result","fields":[0,0,0,0],"id":5476031762792451,"type":105}
@nix {"action":"result","fields":[101,0],"id":5476031762792449,"type":106}
@nix {"action":"result","fields":[100,0],"id":5476031762792449,"type":106}
@nix {"action":"result","fields":[0,3,0,0],"id":5476031762792450,"type":105}
@nix {"action":"result","fields":[0,0,0,0],"id":5476031762792451,"type":105}
@nix {"action":"result","fields":[101,0],"id":5476031762792449,"type":106}
@nix {"action":"result","fields":[100,0],"id":5476031762792449,"type":106}
@nix {"action":"result","fields":[0,3,0,0],"id":5476031762792450,"type":105}
@nix {"action":"result","fields":[0,0,0,0],"id":5476031762792451,"type":105}
@nix {"action":"result","fields":[101,0],"id":5476031762792449,"type":106}
@nix {"action":"result","fields":[100,0],"id":5476031762792449,"type":106}
@nix {"action":"result","fields":[0,4,0,0],"id":5476031762792450,"type":105}
@nix {"action":"result","fields":[0,0,0,0],"id":5476031762792451,"type":105}
@nix {"action":"result","fields":[101,0],"id":5476031762792449,"type":106}
@nix {"action":"result","fields":[100,0],"id":5476031762792449,"type":106}
@nix {"action":"result","fields":[0,4,0,0],"id":5476031762792450,"type":105}
@nix {"action":"result","fields":[0,0,0,0],"id":5476031762792451,"type":105}
@nix {"action":"result","fields":[101,0],"id":5476031762792449,"type":106}
@nix {"action":"result","fields":[100,0],"id":5476031762792449,"type":106}
@nix {"action":"result","fields":[0,4,0,0],"id":5476031762792450,"type":105}
@nix {"action":"result","fields":[0,0,0,0],"id":5476031762792451,"type":105}
@nix {"action":"result","fields":[101,0],"id":5476031762792449,"type":106}
@nix {"action":"result","fields":[100,0],"id":5476031762792449,"type":106}
@nix {"action":"result","fields":[0,5,0,0],"id":5476031762792450,"type":105}
@nix {"action":"result","fields":[0,0,0,0],"id":5476031762792451,"type":105}
@nix {"action":"result","fields":[101,0],"id":5476031762792449,"type":106}
@nix {"action":"result","fields":[100,0],"id":5476031762792449,"type":106}
@nix {"action":"result","fields":[0,5,0,0],"id":5476031762792450,"type":105}
@nix {"action":"result","fields":[0,0,0,0],"id":5476031762792451,"type":105}
@nix {"action":"result","fields":[101,0],"id":5476031762792449,"type":106}
@nix {"action":"result","fields":[100,0],"id":5476031762792449,"type":106}
@nix {"action":"result","fields":[0,5,0,0],"id":5476031762792450,"type":105}
@nix {"action":"result","fields":[0,0,0,0],"id":5476031762792451,"type":105}
@nix {"action":"result","fields":[101,0],"id":5476031762792449,"type":106}
@nix {"action":"result","fields":[100,0],"id":5476031762792449,"type":106}
@nix {"action":"result","fields":[0,6,0,0],"id":5476031762792450,"type":105}
@nix {"action":"result","fields":[0,0,0,0],"id":5476031762792451,"type":105}
@nix {"action":"result","fields":[101,0],"id":5476031762792449,"type":106}
@nix {"action":"result","fields":[100,0],"id":5476031762792449,"type":106}
@nix {"action":"result","fields":[0,6,0,0],"id":5476031762792450,"type":105}
@nix {"action":"result","fields":[0,0,0,0],"id":5476031762792451,"type":105}
@nix {"action":"result","fields":[101,0],"id":5476031762792449,"type":106}
@nix {"action":"result","fields":[100,0],"id":5476031762792449,"type":106}
@nix {"action":"result","fields":[0,6,0,0],"id":5476031762792450,"type":105}
@nix {"action":"result","fields":[0,0,0,0],"id":5476031762792451,"type":105}
@nix {"action":"result","fields":[101,0],"id":5476031762792449,"type":106}
@nix {"action":"result","fields":[100,0],"id":5476031762792449,"type":106}
@nix {"action":"result","fields":[0,7,0,0],"id":5476031762792450,"type":105}
@nix {"action":"result","fields":[0,0,0,0],"id":5476031762792451,"type":105}
@nix {"action":"result","fields":[101,0],"id":5476031762792449,"type":106}
@nix {"action":"result","fields":[100,0],"id":5476031762792449,"type":106}
@nix {"action":"result","fields":[0,7,0,0],"id":5476031762792450,"type":105}
@nix {"action":"result","fields":[0,0,0,0],"id":5476031762792451,"type":105}
@nix {"action":"result","fields":[101,0],"id":5476031762792449,"type":106}
@nix {"action":"result","fields":[100,0],"id":5476031762792449,"type":106}
@nix {"action":"result","fields":[0,7,0,0],"id":5476031762792450,"type":105}
@nix {"action":"result","fields":[0,0,0,0],"id":5476031762792451,"type":105}
@nix {"action":"result","fields":[101,0],"id":5476031762792449,"type":106}
@nix {"action":"result","fields":[100,0],"id":5476031762792449,"type":106}
@nix {"action":"result","fields":[0,8,0,0],"id":5476031762792450,"type":105}
@nix {"action":"result","fields":[0,0,0,0],"id":5476031762792451,"type":105}
@nix {"action":"result","fields":[101,0],"id":5476031762792449,"type":106}
@nix {"action":"result","fields":[100,0],"id":5476031762792449,"type":106}
@nix {"action":"result","fields":[0,8,0,0],"id":5476031762792450,"type":105}
@nix {"action":"result","fields":[0,0,0,0],"id":5476031762792451,"type":105}
@nix {"action":"result","fields":[101,0],"id":5476031762792449,"type":106}
@nix {"action":"result","fields":[100,0],"id":5476031762792449,"type":106}
@nix {"action":"result","fields":[0,8,0,0],"id":5476031762792450,"type":105}
@nix {"action":"result","fields":[0,0,0,0],"id":5476031762792451,"type":105}
@nix {"action":"result","fields":[101,0],"id":5476031762792449,"type":106}
@nix {"action":"result","fields":[100,0],"id":5476031762792449,"type":106}
@nix {"action":"result","fields":[0,9,0,0],"id":5476031762792450,"type":105}
@nix {"action":"result","fields":[0,0,0,0],"id":5476031762792451,"type":105}
@nix {"action":"result","fields":[101,0],"id":5476031762792449,"type":106}
@nix {"action":"result","fields":[100,0],"id":5476031762792449,"type":106}
@nix {"action":"result","fields":[0,9,0,0],"id":5476031762792450,"type":105}
@nix {"action":"result","fields":[0,0,0,0],"id":5476031762792451,"type":105}
@nix {"action":"result","fields":[101,0],"id":5476031762792449,"type":106}
@nix {"action":"result","fields":[100,0],"id":5476031762792449,"type":106}
@nix {"action":"result","fields":[0,9,0,0],"id":5476031762792450,"type":105}
@nix {"action":"result","fields":[0,0,0,0],"id":5476031762792451,"type":105}
@nix {"action":"result","fields":[101,0],"id":5476031762792449,"type":106}
@nix {"action":"result","fields":[100,0],"id":5476031762792449,"type":106}
@nix {"action":"result","fields":[0,10,0,0],"id":5476031762792450,"type":105}
@nix {"action":"result","fields":[0,0,0,0],"id":5476031762792451,"type":105}
@nix {"action":"result","fields":[101,0],"id":5476031762792449,"type":106}
@nix {"action":"result","fields":[100,0],"id":5476031762792449,"type":106}
@nix {"action":"result","fields":[0,10,0,0],"id":5476031762792450,"type":105}
@nix {"action":"result","fields":[0,0,0,0],"id":5476031762792451,"type":105}
@nix {"action":"result","fields":[101,0],"id":5476031762792449,"type":106}
@nix {"action":"result","fields":[100,0],"id":5476031762792449,"type":106}
@nix {"action":"result","fields":[0,10,0,0],"id":5476031762792450,"type":105}
@nix {"action":"result","fields":[0,0,0,0],"id":5476031762792451,"type":105}
@nix {"action":"result","fields":[101,0],"id":5476031762792449,"type":106}
@nix {"action":"result","fields":[100,0],"id":5476031762792449,"type":106}
@nix {"action":"result","fields":[0,11,0,0],"id":5476031762792450,"type":105}
@nix {"action":"result","fields":[0,0,0,0],"id":5476031762792451,"type":105}
@nix {"action":"result","fields":[101,0],"id":5476031762792449,"type":106}
@nix {"action":"result","fields":[100,0],"id":5476031762792449,"type":106}
@nix {"action":"result","fields":[0,11,0,0],"id":5476031762792450,"type":105}
@nix {"action":"result","fields":[0,0,0,0],"id":5476031762792451,"type":105}
@nix {"action":"result","fields":[101,0],"id":5476031762792449,"type":106}
@nix {"action":"result","fields":[100,0],"id":5476031762792449,"type":106}
@nix {"action":"result","fields":[0,11,0,0],"id":5476031762792450,"type":105}
@nix {"action":"result","fields":[0,0,0,0],"id":5476031762792451,"type":105}
@nix {"action":"result","fields":[101,0],"id":5476031762792449,"type":106}
@nix {"action":"result","fields":[100,0],"id":5476031762792449,"type":106}
@nix {"action":"result","fields":[0,12,0,0],"id":5476031762792450,"type":105}
@nix {"action":"result","fields":[0,0,0,0],"id":5476031762792451,"type":105}
@nix {"action":"result","fields":[101,0],"id":5476031762792449,"type":106}
@nix {"action":"result","fields":[100,0],"id":5476031762792449,"type":106}
@nix {"action":"result","fields":[0,12,0,0],"id":5476031762792450,"type":105}
@nix {"action":"result","fields":[0,0,0,0],"id":5476031762792451,"type":105}
@nix {"action":"result","fields":[101,0],"id":5476031762792449,"type":106}
@nix {"action":"result","fields":[100,0],"id":5476031762792449,"type":106}
@nix {"action":"result","fields":[0,12,0,0],"id":5476031762792450,"type":105}
@nix {"action":"result","fields":[0,0,0,0],"id":5476031762792451,"type":105}
@nix {"action":"result","fields":[101,0],"id":5476031762792449,"type":106}
@nix {"action":"result","fields":[100,0],"id":5476031762792449,"type":106}
@nix {"action":"result","fields":[0,13,0,0],"id":5476031762792450,"type":105}
@nix {"action":"result","fields":[0,0,0,0],"id":5476031762792451,"type":105}
@nix {"action":"result","fields":[101,0],"id":5476031762792449,"type":106}
@nix {"action":"result","fields":[100,0],"id":5476031762792449,"type":106}
@nix {"action":"result","fields":[0,13,0,0],"id":5476031762792450,"type":105}
@nix {"action":"result","fields":[0,0,0,0],"id":5476031762792451,"type":105}
@nix {"action":"result","fields":[101,0],"id":5476031762792449,"type":106}
@nix {"action":"result","fields":[100,0],"id":5476031762792449,"type":106}
@nix {"action":"result","fields":[0,13,0,0],"id":5476031762792450,"type":105}
@nix {"action":"result","fields":[0,0,0,0],"id":5476031762792451,"type":105}
@nix {"action":"result","fields":[101,0],"id":5476031762792449,"type":106}
@nix {"action":"result","fields":[100,0],"id":5476031762792449,"type":106}
@nix {"action":"result","fields":[0,14,0,0],"id":5476031762792450,"type":105}
@nix {"action":"result","fields":[0,0,0,0],"id":5476031762792451,"type":105}
@nix {"action":"result","fields":[101,0],"id":5476031762792449,"type":106}
@nix {"action":"result","fields":[100,0],"id":5476031762792449,"type":106}
@nix {"action":"result","fields":[0,14,0,0],"id":5476031762792450,"type":105}
@nix {"action":"result","fields":[0,0,0,0],"id":5476031762792451,"type":105}
@nix {"action":"result","fields":[101,0],"id":5476031762792449,"type":106}
@nix {"action":"result","fields":[100,0],"id":5476031762792449,"type":106}
@nix {"action":"result","fields":[0,14,0,0],"id":5476031762792450,"type":105}
@nix {"action":"result","fields":[0,0,0,0],"id":5476031762792451,"type":105}
@nix {"action":"result","fields":[101,0],"id":5476031762792449,"type":106}
@nix {"action":"result","fields":[100,0],"id":5476031762792449,"type":106}
@nix {"action":"result","fields":[0,15,0,0],"id":5476031762792450,"type":105}
@nix {"action":"result","fields":[0,0,0,0],"id":5476031762792451,"type":105}
@nix {"action":"result","fields":[101,0],"id":5476031762792449,"type":106}
@nix {"action":"result","fields":[100,0],"id":5476031762792449,"type":106}
@nix {"action":"result","fields":[0,15,0,0],"id":5476031762792450,"type":105}
@nix {"action":"result","fields":[0,0,0,0],"id":5476031762792451,"type":105}
@nix {"action":"result","fields":[101,0],"id":5476031762792449,"type":106}
@nix {"action":"result","fields":[100,0],"id":5476031762792449,"type":106}
@nix {"action":"result","fields":[0,15,0,0],"id":5476031762792450,"type":105}
@nix {"action":"result","fields":[0,0,0,0],"id":5476031762792451,"type":105}
@nix {"action":"result","fields":[101,0],"id":5476031762792449,"type":106}
@nix {"action":"result","fields":[100,0],"id":5476031762792449,"type":106}
@nix {"action":"result","fields":[0,16,0,0],"id":5476031762792450,"type":105}
@nix {"action":"result","fields":[0,0,0,0],"id":5476031762792451,"type":105}
@nix {"action":"result","fields":[101,0],"id":5476031762792449,"type":106}
@nix {"action":"result","fields":[100,0],"id":5476031762792449,"type":106}
@nix {"action":"result","fields":[0,16,0,0],"id":5476031762792450,"type":105}
@nix {"action":"result","fields":[0,0,0,0],"id":5476031762792451,"type":105}
@nix {"action":"result","fields":[101,0],"id":5476031762792449,"type":106}
@nix {"action":"result","fields":[100,0],"id":5476031762792449,"type":106}
@nix {"action":"result","fields":[0,16,0,0],"id":5476031762792450,"type":105}
@nix {"action":"result","fields":[0,0,0,0],"id":5476031762792451,"type":105}
@nix {"action":"result","fields":[101,0],"id":5476031762792449,"type":106}
@nix {"action":"result","fields":[100,0],"id":5476031762792449,"type":106}
@nix {"action":"result","fields":[0,17,0,0],"id":5476031762792450,"type":105}
@nix {"action":"result","fields":[0,0,0,0],"id":5476031762792451,"type":105}
@nix {"action":"result","fields":[101,0],"id":5476031762792449,"type":106}
@nix {"action":"result","fields":[100,0],"id":5476031762792449,"type":106}
@nix {"action":"result","fields":[0,17,0,0],"id":5476031762792450,"type":105}
@nix {"action":"result","fields":[0,0,0,0],"id":5476031762792451,"type":105}
@nix {"action":"result","fields":[101,0],"id":5476031762792449,"type":106}
@nix {"action":"result","fields":[100,0],"id":5476031762792449,"type":106}
@nix {"action":"result","fields":[0,17,0,0],"id":5476031762792450,"type":105}
@nix {"action":"result","fields":[0,0,0,0],"id":5476031762792451,"type":105}
@nix {"action":"result","fields":[101,0],"id":5476031762792449,"type":106}
@nix {"action":"result","fields":[100,0],"id":5476031762792449,"type":106}
@nix {"action":"result","fields":[0,18,0,0],"id":5476031762792450,"type":105}
@nix {"action":"result","fields":[0,0,0,0],"id":5476031762792451,"type":105}
@nix {"action":"result","fields":[101,0],"id":5476031762792449,"type":106}
@nix {"action":"result","fields":[100,0],"id":5476031762792449,"type":106}
@nix {"action":"result","fields":[0,18,0,0],"id":5476031762792450,"type":105}
@nix {"action":"result","fields":[0,0,0,0],"id":5476031762792451,"type":105}
@nix {"action":"result","fields":[101,0],"id":5476031762792449,"type":106}
@nix {"action":"result","fields":[100,0],"id":5476031762792449,"type":106}
@nix {"action":"result","fields":[0,18,0,0],"id":5476031762792450,"type":105}
@nix {"action":"result","fields":[0,0,0,0],"id":5476031762792451,"type":105}
@nix {"action":"result","fields":[101,0],"id":5476031762792449,"type":106}
@nix {"action":"result","fields":[100,0],"id":5476031762792449,"type":106}
@nix {"action":"result","fields":[0,19,0,0],"id":5476031762792450,"type":105}
@nix {"action":"result","fields":[0,0,0,0],"id":5476031762792451,"type":105}
@nix {"action":"result","fields":[101,0],"id":5476031762792449,"type":106}
@nix {"action":"result","fields":[100,0],"id":5476031762792449,"type":106}
@nix {"action":"result","fields":[0,19,0,0],"id":5476031762792450,"type":105}
@nix {"action":"result","fields":[0,0,0,0],"id":5476031762792451,"type":105}
@nix {"action":"result","fields":[101,0],"id":5476031762792449,"type":106}
@nix {"action":"result","fields":[100,0],"id":5476031762792449,"type":106}
@nix {"action":"result","fields":[0,19,0,0],"id":5476031762792450,"type":105}
@nix {"action":"result","fields":[0,0,0,0],"id":5476031762792451,"type":105}
@nix {"action":"result","fields":[101,0],"id":5476031762792449,"type":106}
@nix {"action":"result","fields":[100,0],"id":5476031762792449,"type":106}
@nix {"action":"result","fields":[0,20,0,0],"id":5476031762792450,"type":105}
@nix {"action":"result","fields":[0,0,0,0],"id":5476031762792451,"type":105}
@nix {"action":"result","fields":[101,0],"id":5476031762792449,"type":106}
@nix {"action":"result","fields":[100,0],"id":5476031762792449,"type":106}
@nix {"action":"result","fields":[0,20,0,0],"id":5476031762792450,"type":105}
@nix {"action":"result","fields":[0,0,0,0],"id":5476031762792451,"type":105}
@nix {"action":"result","fields":[101,0],"id":5476031762792449,"type":106}
@nix {"action":"result","fields":[100,0],"id":5476031762792449,"type":106}
@nix {"action":"result","fields":[0,20,0,0],"id":5476031762792450,"type":105}
@nix {"action":"result","fields":[0,0,0,0],"id":5476031762792451,"type":105}
@nix {"action":"result","fields":[101,0],"id":5476031762792449,"type":106}
@nix {"action":"result","fields":[100,0],"id":5476031762792449,"type":106}
@nix {"action":"result","fields":[0,21,0,0],"id":5476031762792450,"type":105}
@nix {"action":"result","fields":[0,0,0,0],"id":5476031762792451,"type":105}
@nix {"action":"result","fields":[101,0],"id":5476031762792449,"type":106}
@nix {"action":"result","fields":[100,0],"id":5476031762792449,"type":106}
@nix {"action":"result","fields":[0,21,0,0],"id":5476031762792450,"type":105}
@nix {"action":"result","fields":[0,0,0,0],"id":5476031762792451,"type":105}
@nix {"action":"result","fields":[101,0],"id":5476031762792449,"type":106}
@nix {"action":"result","fields":[100,0],"id":5476031762792449,"type":106}
@nix {"action":"result","fields":[0,21,0,0],"id":5476031762792450,"type":105}
@nix {"action":"result","fields":[0,0,0,0],"id":5476031762792451,"type":105}
@nix {"action":"result","fields":[101,0],"id":5476031762792449,"type":106}
@nix {"action":"result","fields":[100,0],"id":5476031762792449,"type":106}
@nix {"action":"result","fields":[0,22,0,0],"id":5476031762792450,"type":105}
@nix {"action":"result","fields":[0,0,0,0],"id":5476031762792451,"type":105}
@nix {"action":"result","fields":[101,0],"id":5476031762792449,"type":106}
@nix {"action":"result","fields":[100,0],"id":5476031762792449,"type":106}
@nix {"action":"result","fields":[0,22,0,0],"id":5476031762792450,"type":105}
@nix {"action":"result","fields":[0,0,0,0],"id":5476031762792451,"type":105}
@nix {"action":"result","fields":[101,0],"id":5476031762792449,"type":106}
@nix {"action":"result","fields":[100,0],"id":5476031762792449,"type":106}
@nix {"action":"result","fields":[0,22,0,0],"id":5476031762792450,"type":105}
@nix {"action":"result","fields":[0,0,0,0],"id":5476031762792451,"type":105}
@nix {"action":"result","fields":[101,0],"id":5476031762792449,"type":106}
@nix {"action":"result","fields":[100,0],"id":5476031762792449,"type":106}
@nix {"action":"result","fields":[0,23,0,0],"id":5476031762792450,"type":105}
@nix {"action":"result","fields":[0,0,0,0],"id":5476031762792451,"type":105}
@nix {"action":"result","fields":[101,0],"id":5476031762792449,"type":106}
@nix {"action":"result","fields":[100,0],"id":5476031762792449,"type":106}
@nix {"action":"result","fields":[0,23,0,0],"id":5476031762792450,"type":105}
@nix {"action":"result","fields":[0,0,0,0],"id":5476031762792451,"type":105}
@nix {"action":"result","fields":[101,0],"id":5476031762792449,"type":106}
@nix {"action":"result","fields":[100,0],"id":5476031762792449,"type":106}
@nix {"action":"result","fields":[0,23,0,0],"id":5476031762792450,"type":105}
@nix {"action":"result","fields":[0,0,0,0],"id":5476031762792451,"type":105}
@nix {"action":"result","fields":[101,0],"id":5476031762792449,"type":106}
@nix {"action":"result","fields":[100,0],"id":5476031762792449,"type":106}
@nix {"action":"result","fields":[0,24,0,0],"id":5476031762792450,"type":105}
@nix {"action":"result","fields":[0,0,0,0],"id":5476031762792451,"type":105}
@nix {"action":"result","fields":[101,0],"id":5476031762792449,"type":106}
@nix {"action":"result","fields":[100,0],"id":5476031762792449,"type":106}
@nix {"action":"result","fields":[0,24,0,0],"id":5476031762792450,"type":105}
@nix {"action":"result","fields":[0,0,0,0],"id":5476031762792451,"type":105}
@nix {"action":"result","fields":[101,0],"id":5476031762792449,"type":106}
@nix {"action":"result","fields":[100,0],"id":5476031762792449,"type":106}
@nix {"action":"result","fields":[0,24,0,0],"id":5476031762792450,"type":105}
@nix {"action":"result","fields":[0,0,0,0],"id":5476031762792451,"type":105}
@nix {"action":"result","fields":[101,0],"id":5476031762792449,"type":106}
@nix {"action":"result","fields":[100,0],"id":5476031762792449,"type":106}
@nix {"action":"result","fields":[0,25,0,0],"id":5476031762792450,"type":105}
@nix {"action":"result","fields":[0,0,0,0],"id":5476031762792451,"type":105}
@nix {"action":"result","fields":[101,0],"id":5476031762792449,"type":106}
@nix {"action":"result","fields":[100,0],"id":5476031762792449,"type":106}
@nix {"action":"result","fields":[0,25,0,0],"id":5476031762792450,"type":105}
@nix {"action":"result","fields":[0,0,0,0],"id":5476031762792451,"type":105}
@nix {"action":"result","fields":[101,0],"id":5476031762792449,"type":106}
@nix {"action":"result","fields":[100,0],"id":5476031762792449,"type":106}
@nix {"action":"result","fields":[0,25,0,0],"id":5476031762792450,"type":105}
@nix {"action":"result","fields":[0,0,0,0],"id":5476031762792451,"type":105}
@nix {"action":"result","fields":[101,0],"id":5476031762792449,"type":106}
@nix {"action":"result","fields":[100,0],"id":5476031762792449,"type":106}
@nix {"action":"result","fields":[0,26,0,0],"id":5476031762792450,"type":105}
@nix {"action":"result","fields":[0,0,0,0],"id":5476031762792451,"type":105}
@nix {"action":"result","fields":[101,0],"id":5476031762792449,"type":106}
@nix {"action":"result","fields":[100,0],"id":5476031762792449,"type":106}
@nix {"action":"result","fields":[0,26,0,0],"id":5476031762792450,"type":105}
@nix {"action":"result","fields":[0,0,0,0],"id":5476031762792451,"type":105}
@nix {"action":"result","fields":[101,0],"id":5476031762792449,"type":106}
@nix {"action":"result","fields":[100,0],"id":5476031762792449,"type":106}
@nix {"action":"result","fields":[0,26,0,0],"id":5476031762792450,"type":105}
@nix {"action":"result","fields":[0,0,0,0],"id":5476031762792451,"type":105}
@nix {"action":"result","fields":[101,0],"id":5476031762792449,"type":106}
@nix {"action":"result","fields":[100,0],"id":5476031762792449,"type":106}
@nix {"action":"result","fields":[0,27,0,0],"id":5476031762792450,"type":105}
@nix {"action":"result","fields":[0,0,0,0],"id":5476031762792451,"type":105}
@nix {"action":"result","fields":[101,0],"id":5476031762792449,"type":106}
@nix {"action":"result","fields":[100,0],"id":5476031762792449,"type":106}
@nix {"action":"result","fields":[0,27,0,0],"id":5476031762792450,"type":105}
@nix {"action":"result","fields":[0,0,0,0],"id":5476031762792451,"type":105}
@nix {"action":"result","fields":[101,0],"id":5476031762792449,"type":106}
@nix {"action":"result","fields":[100,0],"id":5476031762792449,"type":106}
@nix {"action":"result","fields":[0,27,0,0],"id":5476031762792450,"type":105}
@nix {"action":"result","fields":[0,0,0,0],"id":5476031762792451,"type":105}
@nix {"action":"result","fields":[101,0],"id":5476031762792449,"type":106}
@nix {"action":"result","fields":[100,0],"id":5476031762792449,"type":106}
@nix {"action":"result","fields":[0,28,0,0],"id":5476031762792450,"type":105}
@nix {"action":"result","fields":[0,0,0,0],"id":5476031762792451,"type":105}
@nix {"action":"result","fields":[101,0],"id":5476031762792449,"type":106}
@nix {"action":"result","fields":[100,0],"id":5476031762792449,"type":106}
@nix {"action":"result","fields":[0,28,0,0],"id":5476031762792450,"type":105}
@nix {"action":"result","fields":[0,0,0,0],"id":5476031762792451,"type":105}
@nix {"action":"result","fields":[101,0],"id":5476031762792449,"type":106}
@nix {"action":"result","fields":[100,0],"id":5476031762792449,"type":106}
@nix {"action":"result","fields":[0,28,0,0],"id":5476031762792450,"type":105}
@nix {"action":"result","fields":[0,0,0,0],"id":5476031762792451,"type":105}
@nix {"action":"result","fields":[101,0],"id":5476031762792449,"type":106}
@nix {"action":"result","fields":[100,0],"id":5476031762792449,"type":106}
@nix {"action":"result","fields":[0,29,0,0],"id":5476031762792450,"type":105}
@nix {"action":"result","fields":[0,0,0,0],"id":5476031762792451,"type":105}
@nix {"action":"result","fields":[101,0],"id":5476031762792449,"type":106}
@nix {"action":"result","fields":[100,0],"id":5476031762792449,"type":106}
@nix {"action":"result","fields":[0,29,0,0],"id":5476031762792450,"type":105}
@nix {"action":"result","fields":[0,0,0,0],"id":5476031762792451,"type":105}
@nix {"action":"result","fields":[101,0],"id":5476031762792449,"type":106}
@nix {"action":"result","fields":[100,0],"id":5476031762792449,"type":106}
@nix {"action":"result","fields":[0,29,0,0],"id":5476031762792450,"type":105}
@nix {"action":"result","fields":[0,0,0,0],"id":5476031762792451,"type":105}
@nix {"action":"result","fields":[101,0],"id":5476031762792449,"type":106}
@nix {"action":"result","fields":[100,0],"id":5476031762792449,"type":106}
@nix {"action":"result","fields":[0,30,0,0],"id":5476031762792450,"type":105}
@nix {"action":"result","fields":[0,0,0,0],"id":5476031762792451,"type":105}
@nix {"action":"result","fields":[101,0],"id":5476031762792449,"type":106}
@nix {"action":"result","fields":[100,0],"id":5476031762792449,"type":106}
@nix {"action":"result","fields":[0,30,0,0],"id":5476031762792450,"type":105}
@nix {"action":"result","fields":[0,0,0,0],"id":5476031762792451,"type":105}
@nix {"action":"result","fields":[101,0],"id":5476031762792449,"type":106}
@nix {"action":"result","fields":[100,0],"id":5476031762792449,"type":106}
@nix {"action":"result","fields":[0,30,0,0],"id":5476031762792450,"type":105}
@nix {"action":"result","fields":[0,0,0,0],"id":5476031762792451,"type":105}
@nix {"action":"result","fields":[101,0],"id":5476031762792449,"type":106}
@nix {"action":"result","fields":[100,0],"id":5476031762792449,"type":106}
@nix {"action":"result","fields":[0,31,0,0],"id":5476031762792450,"type":105}
@nix {"action":"result","fields":[0,0,0,0],"id":5476031762792451,"type":105}
@nix {"action":"result","fields":[101,0],"id":5476031762792449,"type":106}
@nix {"action":"result","fields":[100,0],"id":5476031762792449,"type":106}
@nix {"action":"result","fields":[0,31,0,0],"id":5476031762792450,"type":105}
@nix {"action":"result","fields":[0,0,0,0],"id":5476031762792451,"type":105}
@nix {"action":"result","fields":[101,0],"id":5476031762792449,"type":106}
@nix {"action":"result","fields":[100,0],"id":5476031762792449,"type":106}
@nix {"action":"result","fields":[0,31,0,0],"id":5476031762792450,"type":105}
@nix {"action":"result","fields":[0,0,0,0],"id":5476031762792451,"type":105}
@nix {"action":"result","fields":[101,0],"id":5476031762792449,"type":106}
@nix {"action":"result","fields":[100,0],"id":5476031762792449,"type":106}
@nix {"action":"result","fields":[0,32,0,0],"id":5476031762792450,"type":105}
@nix {"action":"result","fields":[0,0,0,0],"id":5476031762792451,"type":105}
@nix {"action":"result","fields":[101,0],"id":5476031762792449,"type":106}
@nix {"action":"result","fields":[100,0],"id":5476031762792449,"type":106}
@nix {"action":"start","fields":["/tmp/obrador-shared-pins-linux/round-3-after/chain-round-1-jobs-8/store/cf34qcwm4n47b1wxlc1jjlqy153x9nb5-leaf-0.drv.drv","",1,1],"id":5476031762792452,"level":3,"parent":0,"text":"building '/tmp/obrador-shared-pins-linux/round-3-after/chain-round-1-jobs-8/store/cf34qcwm4n47b1wxlc1jjlqy153x9nb5-leaf-0.drv.drv'","type":105}
@nix {"action":"result","fields":[0,32,1,0],"id":5476031762792450,"type":105}
@nix {"action":"result","fields":[0,0,0,0],"id":5476031762792451,"type":105}
@nix {"action":"result","fields":[101,0],"id":5476031762792449,"type":106}
@nix {"action":"result","fields":[100,0],"id":5476031762792449,"type":106}
@nix {"action":"result","fields":[1,33,0,0],"id":5476031762792450,"type":105}
@nix {"action":"result","fields":[0,0,0,0],"id":5476031762792451,"type":105}
@nix {"action":"result","fields":[101,0],"id":5476031762792449,"type":106}
@nix {"action":"result","fields":[100,0],"id":5476031762792449,"type":106}
@nix {"action":"stop","id":5476031762792452}
@nix {"action":"result","fields":[1,33,0,0],"id":5476031762792450,"type":105}
@nix {"action":"result","fields":[0,0,0,0],"id":5476031762792451,"type":105}
@nix {"action":"result","fields":[101,0],"id":5476031762792449,"type":106}
@nix {"action":"result","fields":[100,0],"id":5476031762792449,"type":106}
@nix {"action":"start","fields":["/tmp/obrador-shared-pins-linux/round-3-after/chain-round-1-jobs-8/store/imxiz96mc99x4slfsyyl7s0anh1akf7p-leaf-0.drv","",1,1],"id":5476031762792453,"level":3,"parent":0,"text":"building '/tmp/obrador-shared-pins-linux/round-3-after/chain-round-1-jobs-8/store/imxiz96mc99x4slfsyyl7s0anh1akf7p-leaf-0.drv'","type":105}
@nix {"action":"result","fields":[1,33,1,0],"id":5476031762792450,"type":105}
@nix {"action":"result","fields":[0,0,0,0],"id":5476031762792451,"type":105}
@nix {"action":"result","fields":[101,0],"id":5476031762792449,"type":106}
@nix {"action":"result","fields":[100,0],"id":5476031762792449,"type":106}
@nix {"action":"result","fields":[2,34,0,0],"id":5476031762792450,"type":105}
@nix {"action":"result","fields":[0,0,0,0],"id":5476031762792451,"type":105}
@nix {"action":"result","fields":[101,0],"id":5476031762792449,"type":106}
@nix {"action":"result","fields":[100,0],"id":5476031762792449,"type":106}
@nix {"action":"stop","id":5476031762792453}
@nix {"action":"start","fields":["/tmp/obrador-shared-pins-linux/round-3-after/chain-round-1-jobs-8/store/np6cnyjc1yrbbc52b35f2cg01mbwgpwy-leaf-1.drv.drv","/tmp/obrador-shared-pins-linux/round-3-after/chain-round-1-jobs-8/store/q52gkvd2i1gfkk89vc2sh9d1q17n1773-leaf-1.drv.drv"],"id":5476031762792454,"level":3,"parent":0,"text":"resolved derivation: '/tmp/obrador-shared-pins-linux/round-3-after/chain-round-1-jobs-8/store/np6cnyjc1yrbbc52b35f2cg01mbwgpwy-leaf-1.drv.drv' -> '/tmp/obrador-shared-pins-linux/round-3-after/chain-round-1-jobs-8/store/q52gkvd2i1gfkk89vc2sh9d1q17n1773-leaf-1.drv.drv'","type":111}
@nix {"action":"result","fields":[2,34,0,0],"id":5476031762792450,"type":105}
@nix {"action":"result","fields":[0,0,0,0],"id":5476031762792451,"type":105}
@nix {"action":"result","fields":[101,0],"id":5476031762792449,"type":106}
@nix {"action":"result","fields":[100,0],"id":5476031762792449,"type":106}
@nix {"action":"start","fields":["/tmp/obrador-shared-pins-linux/round-3-after/chain-round-1-jobs-8/store/q52gkvd2i1gfkk89vc2sh9d1q17n1773-leaf-1.drv.drv","",1,1],"id":5476031762792455,"level":3,"parent":0,"text":"building '/tmp/obrador-shared-pins-linux/round-3-after/chain-round-1-jobs-8/store/q52gkvd2i1gfkk89vc2sh9d1q17n1773-leaf-1.drv.drv'","type":105}
@nix {"action":"result","fields":[2,34,1,0],"id":5476031762792450,"type":105}
@nix {"action":"result","fields":[0,0,0,0],"id":5476031762792451,"type":105}
@nix {"action":"result","fields":[101,0],"id":5476031762792449,"type":106}
@nix {"action":"result","fields":[100,0],"id":5476031762792449,"type":106}
@nix {"action":"result","fields":[3,35,0,0],"id":5476031762792450,"type":105}
@nix {"action":"result","fields":[0,0,0,0],"id":5476031762792451,"type":105}
@nix {"action":"result","fields":[101,0],"id":5476031762792449,"type":106}
@nix {"action":"result","fields":[100,0],"id":5476031762792449,"type":106}
@nix {"action":"stop","id":5476031762792455}
@nix {"action":"result","fields":[4,35,0,0],"id":5476031762792450,"type":105}
@nix {"action":"result","fields":[0,0,0,0],"id":5476031762792451,"type":105}
@nix {"action":"result","fields":[101,0],"id":5476031762792449,"type":106}
@nix {"action":"result","fields":[100,0],"id":5476031762792449,"type":106}
@nix {"action":"stop","id":5476031762792454}
@nix {"action":"result","fields":[4,35,0,0],"id":5476031762792450,"type":105}
@nix {"action":"result","fields":[0,0,0,0],"id":5476031762792451,"type":105}
@nix {"action":"result","fields":[101,0],"id":5476031762792449,"type":106}
@nix {"action":"result","fields":[100,0],"id":5476031762792449,"type":106}
@nix {"action":"start","fields":["/tmp/obrador-shared-pins-linux/round-3-after/chain-round-1-jobs-8/store/anv99accv65az1cnrp8qk1h8p6xwnl09-leaf-1.drv","",1,1],"id":5476031762792456,"level":3,"parent":0,"text":"building '/tmp/obrador-shared-pins-linux/round-3-after/chain-round-1-jobs-8/store/anv99accv65az1cnrp8qk1h8p6xwnl09-leaf-1.drv'","type":105}
@nix {"action":"result","fields":[4,35,1,0],"id":5476031762792450,"type":105}
@nix {"action":"result","fields":[0,0,0,0],"id":5476031762792451,"type":105}
@nix {"action":"result","fields":[101,0],"id":5476031762792449,"type":106}
@nix {"action":"result","fields":[100,0],"id":5476031762792449,"type":106}
@nix {"action":"result","fields":[5,36,0,0],"id":5476031762792450,"type":105}
@nix {"action":"result","fields":[0,0,0,0],"id":5476031762792451,"type":105}
@nix {"action":"result","fields":[101,0],"id":5476031762792449,"type":106}
@nix {"action":"result","fields":[100,0],"id":5476031762792449,"type":106}
@nix {"action":"stop","id":5476031762792456}
@nix {"action":"start","fields":["/tmp/obrador-shared-pins-linux/round-3-after/chain-round-1-jobs-8/store/gv9hql94nx4bbn67kaz789m1wy7c8pqz-leaf-2.drv.drv","/tmp/obrador-shared-pins-linux/round-3-after/chain-round-1-jobs-8/store/0ddrcw1hsz1yl1hdfb31q1faldw6yixc-leaf-2.drv.drv"],"id":5476031762792457,"level":3,"parent":0,"text":"resolved derivation: '/tmp/obrador-shared-pins-linux/round-3-after/chain-round-1-jobs-8/store/gv9hql94nx4bbn67kaz789m1wy7c8pqz-leaf-2.drv.drv' -> '/tmp/obrador-shared-pins-linux/round-3-after/chain-round-1-jobs-8/store/0ddrcw1hsz1yl1hdfb31q1faldw6yixc-leaf-2.drv.drv'","type":111}
@nix {"action":"result","fields":[5,36,0,0],"id":5476031762792450,"type":105}
@nix {"action":"result","fields":[0,0,0,0],"id":5476031762792451,"type":105}
@nix {"action":"result","fields":[101,0],"id":5476031762792449,"type":106}
@nix {"action":"result","fields":[100,0],"id":5476031762792449,"type":106}
@nix {"action":"start","fields":["/tmp/obrador-shared-pins-linux/round-3-after/chain-round-1-jobs-8/store/0ddrcw1hsz1yl1hdfb31q1faldw6yixc-leaf-2.drv.drv","",1,1],"id":5476031762792458,"level":3,"parent":0,"text":"building '/tmp/obrador-shared-pins-linux/round-3-after/chain-round-1-jobs-8/store/0ddrcw1hsz1yl1hdfb31q1faldw6yixc-leaf-2.drv.drv'","type":105}
@nix {"action":"result","fields":[5,36,1,0],"id":5476031762792450,"type":105}
@nix {"action":"result","fields":[0,0,0,0],"id":5476031762792451,"type":105}
@nix {"action":"result","fields":[101,0],"id":5476031762792449,"type":106}
@nix {"action":"result","fields":[100,0],"id":5476031762792449,"type":106}
@nix {"action":"result","fields":[6,37,0,0],"id":5476031762792450,"type":105}
@nix {"action":"result","fields":[0,0,0,0],"id":5476031762792451,"type":105}
@nix {"action":"result","fields":[101,0],"id":5476031762792449,"type":106}
@nix {"action":"result","fields":[100,0],"id":5476031762792449,"type":106}
@nix {"action":"stop","id":5476031762792458}
@nix {"action":"result","fields":[7,37,0,0],"id":5476031762792450,"type":105}
@nix {"action":"result","fields":[0,0,0,0],"id":5476031762792451,"type":105}
@nix {"action":"result","fields":[101,0],"id":5476031762792449,"type":106}
@nix {"action":"result","fields":[100,0],"id":5476031762792449,"type":106}
@nix {"action":"stop","id":5476031762792457}
@nix {"action":"result","fields":[7,37,0,0],"id":5476031762792450,"type":105}
@nix {"action":"result","fields":[0,0,0,0],"id":5476031762792451,"type":105}
@nix {"action":"result","fields":[101,0],"id":5476031762792449,"type":106}
@nix {"action":"result","fields":[100,0],"id":5476031762792449,"type":106}
@nix {"action":"start","fields":["/tmp/obrador-shared-pins-linux/round-3-after/chain-round-1-jobs-8/store/1c912pghf3g6lacl7s1ckij3ws1wlxwa-leaf-2.drv","",1,1],"id":5476031762792459,"level":3,"parent":0,"text":"building '/tmp/obrador-shared-pins-linux/round-3-after/chain-round-1-jobs-8/store/1c912pghf3g6lacl7s1ckij3ws1wlxwa-leaf-2.drv'","type":105}
@nix {"action":"result","fields":[7,37,1,0],"id":5476031762792450,"type":105}
@nix {"action":"result","fields":[0,0,0,0],"id":5476031762792451,"type":105}
@nix {"action":"result","fields":[101,0],"id":5476031762792449,"type":106}
@nix {"action":"result","fields":[100,0],"id":5476031762792449,"type":106}
@nix {"action":"result","fields":[8,38,0,0],"id":5476031762792450,"type":105}
@nix {"action":"result","fields":[0,0,0,0],"id":5476031762792451,"type":105}
@nix {"action":"result","fields":[101,0],"id":5476031762792449,"type":106}
@nix {"action":"result","fields":[100,0],"id":5476031762792449,"type":106}
@nix {"action":"stop","id":5476031762792459}
@nix {"action":"start","fields":["/tmp/obrador-shared-pins-linux/round-3-after/chain-round-1-jobs-8/store/yjwqlqk5b6ly3ic4i8wlkw79v710zmzn-leaf-3.drv.drv","/tmp/obrador-shared-pins-linux/round-3-after/chain-round-1-jobs-8/store/zj74p66c6l4rnk1dlijvjn5gpv52msbn-leaf-3.drv.drv"],"id":5476031762792460,"level":3,"parent":0,"text":"resolved derivation: '/tmp/obrador-shared-pins-linux/round-3-after/chain-round-1-jobs-8/store/yjwqlqk5b6ly3ic4i8wlkw79v710zmzn-leaf-3.drv.drv' -> '/tmp/obrador-shared-pins-linux/round-3-after/chain-round-1-jobs-8/store/zj74p66c6l4rnk1dlijvjn5gpv52msbn-leaf-3.drv.drv'","type":111}
@nix {"action":"result","fields":[8,38,0,0],"id":5476031762792450,"type":105}
@nix {"action":"result","fields":[0,0,0,0],"id":5476031762792451,"type":105}
@nix {"action":"result","fields":[101,0],"id":5476031762792449,"type":106}
@nix {"action":"result","fields":[100,0],"id":5476031762792449,"type":106}
@nix {"action":"start","fields":["/tmp/obrador-shared-pins-linux/round-3-after/chain-round-1-jobs-8/store/zj74p66c6l4rnk1dlijvjn5gpv52msbn-leaf-3.drv.drv","",1,1],"id":5476031762792461,"level":3,"parent":0,"text":"building '/tmp/obrador-shared-pins-linux/round-3-after/chain-round-1-jobs-8/store/zj74p66c6l4rnk1dlijvjn5gpv52msbn-leaf-3.drv.drv'","type":105}
@nix {"action":"result","fields":[8,38,1,0],"id":5476031762792450,"type":105}
@nix {"action":"result","fields":[0,0,0,0],"id":5476031762792451,"type":105}
@nix {"action":"result","fields":[101,0],"id":5476031762792449,"type":106}
@nix {"action":"result","fields":[100,0],"id":5476031762792449,"type":106}
@nix {"action":"result","fields":[9,39,0,0],"id":5476031762792450,"type":105}
@nix {"action":"result","fields":[0,0,0,0],"id":5476031762792451,"type":105}
@nix {"action":"result","fields":[101,0],"id":5476031762792449,"type":106}
@nix {"action":"result","fields":[100,0],"id":5476031762792449,"type":106}
@nix {"action":"stop","id":5476031762792461}
@nix {"action":"result","fields":[10,39,0,0],"id":5476031762792450,"type":105}
@nix {"action":"result","fields":[0,0,0,0],"id":5476031762792451,"type":105}
@nix {"action":"result","fields":[101,0],"id":5476031762792449,"type":106}
@nix {"action":"result","fields":[100,0],"id":5476031762792449,"type":106}
@nix {"action":"stop","id":5476031762792460}
@nix {"action":"result","fields":[10,39,0,0],"id":5476031762792450,"type":105}
@nix {"action":"result","fields":[0,0,0,0],"id":5476031762792451,"type":105}
@nix {"action":"result","fields":[101,0],"id":5476031762792449,"type":106}
@nix {"action":"result","fields":[100,0],"id":5476031762792449,"type":106}
@nix {"action":"start","fields":["/tmp/obrador-shared-pins-linux/round-3-after/chain-round-1-jobs-8/store/2japixirgafm1wsrqk88ch6pl0j71xgv-leaf-3.drv","",1,1],"id":5476031762792462,"level":3,"parent":0,"text":"building '/tmp/obrador-shared-pins-linux/round-3-after/chain-round-1-jobs-8/store/2japixirgafm1wsrqk88ch6pl0j71xgv-leaf-3.drv'","type":105}
@nix {"action":"result","fields":[10,39,1,0],"id":5476031762792450,"type":105}
@nix {"action":"result","fields":[0,0,0,0],"id":5476031762792451,"type":105}
@nix {"action":"result","fields":[101,0],"id":5476031762792449,"type":106}
@nix {"action":"result","fields":[100,0],"id":5476031762792449,"type":106}
@nix {"action":"result","fields":[11,40,0,0],"id":5476031762792450,"type":105}
@nix {"action":"result","fields":[0,0,0,0],"id":5476031762792451,"type":105}
@nix {"action":"result","fields":[101,0],"id":5476031762792449,"type":106}
@nix {"action":"result","fields":[100,0],"id":5476031762792449,"type":106}
@nix {"action":"stop","id":5476031762792462}
@nix {"action":"start","fields":["/tmp/obrador-shared-pins-linux/round-3-after/chain-round-1-jobs-8/store/xhxcgj3hwj0x421hqhrs1a23sc9ksw5i-leaf-4.drv.drv","/tmp/obrador-shared-pins-linux/round-3-after/chain-round-1-jobs-8/store/ib9lxpark483d7k4dn3ximqw9y0jxi7p-leaf-4.drv.drv"],"id":5476031762792463,"level":3,"parent":0,"text":"resolved derivation: '/tmp/obrador-shared-pins-linux/round-3-after/chain-round-1-jobs-8/store/xhxcgj3hwj0x421hqhrs1a23sc9ksw5i-leaf-4.drv.drv' -> '/tmp/obrador-shared-pins-linux/round-3-after/chain-round-1-jobs-8/store/ib9lxpark483d7k4dn3ximqw9y0jxi7p-leaf-4.drv.drv'","type":111}
@nix {"action":"result","fields":[11,40,0,0],"id":5476031762792450,"type":105}
@nix {"action":"result","fields":[0,0,0,0],"id":5476031762792451,"type":105}
@nix {"action":"result","fields":[101,0],"id":5476031762792449,"type":106}
@nix {"action":"result","fields":[100,0],"id":5476031762792449,"type":106}
@nix {"action":"start","fields":["/tmp/obrador-shared-pins-linux/round-3-after/chain-round-1-jobs-8/store/ib9lxpark483d7k4dn3ximqw9y0jxi7p-leaf-4.drv.drv","",1,1],"id":5476031762792464,"level":3,"parent":0,"text":"building '/tmp/obrador-shared-pins-linux/round-3-after/chain-round-1-jobs-8/store/ib9lxpark483d7k4dn3ximqw9y0jxi7p-leaf-4.drv.drv'","type":105}
@nix {"action":"result","fields":[11,40,1,0],"id":5476031762792450,"type":105}
@nix {"action":"result","fields":[0,0,0,0],"id":5476031762792451,"type":105}
@nix {"action":"result","fields":[101,0],"id":5476031762792449,"type":106}
@nix {"action":"result","fields":[100,0],"id":5476031762792449,"type":106}
@nix {"action":"result","fields":[12,41,0,0],"id":5476031762792450,"type":105}
@nix {"action":"result","fields":[0,0,0,0],"id":5476031762792451,"type":105}
@nix {"action":"result","fields":[101,0],"id":5476031762792449,"type":106}
@nix {"action":"result","fields":[100,0],"id":5476031762792449,"type":106}
@nix {"action":"stop","id":5476031762792464}
@nix {"action":"result","fields":[13,41,0,0],"id":5476031762792450,"type":105}
@nix {"action":"result","fields":[0,0,0,0],"id":5476031762792451,"type":105}
@nix {"action":"result","fields":[101,0],"id":5476031762792449,"type":106}
@nix {"action":"result","fields":[100,0],"id":5476031762792449,"type":106}
@nix {"action":"stop","id":5476031762792463}
@nix {"action":"result","fields":[13,41,0,0],"id":5476031762792450,"type":105}
@nix {"action":"result","fields":[0,0,0,0],"id":5476031762792451,"type":105}
@nix {"action":"result","fields":[101,0],"id":5476031762792449,"type":106}
@nix {"action":"result","fields":[100,0],"id":5476031762792449,"type":106}
@nix {"action":"start","fields":["/tmp/obrador-shared-pins-linux/round-3-after/chain-round-1-jobs-8/store/8yliplx3chjq20m33v7l92fjppdb504p-leaf-4.drv","",1,1],"id":5476031762792465,"level":3,"parent":0,"text":"building '/tmp/obrador-shared-pins-linux/round-3-after/chain-round-1-jobs-8/store/8yliplx3chjq20m33v7l92fjppdb504p-leaf-4.drv'","type":105}
@nix {"action":"result","fields":[13,41,1,0],"id":5476031762792450,"type":105}
@nix {"action":"result","fields":[0,0,0,0],"id":5476031762792451,"type":105}
@nix {"action":"result","fields":[101,0],"id":5476031762792449,"type":106}
@nix {"action":"result","fields":[100,0],"id":5476031762792449,"type":106}
@nix {"action":"result","fields":[14,42,0,0],"id":5476031762792450,"type":105}
@nix {"action":"result","fields":[0,0,0,0],"id":5476031762792451,"type":105}
@nix {"action":"result","fields":[101,0],"id":5476031762792449,"type":106}
@nix {"action":"result","fields":[100,0],"id":5476031762792449,"type":106}
@nix {"action":"stop","id":5476031762792465}
@nix {"action":"start","fields":["/tmp/obrador-shared-pins-linux/round-3-after/chain-round-1-jobs-8/store/r1d76a6pjh9bwp65qyx98bzzqqklm1c9-leaf-5.drv.drv","/tmp/obrador-shared-pins-linux/round-3-after/chain-round-1-jobs-8/store/gl4s3x6w5yvzrxxcks2nyzd7wca133w1-leaf-5.drv.drv"],"id":5476031762792466,"level":3,"parent":0,"text":"resolved derivation: '/tmp/obrador-shared-pins-linux/round-3-after/chain-round-1-jobs-8/store/r1d76a6pjh9bwp65qyx98bzzqqklm1c9-leaf-5.drv.drv' -> '/tmp/obrador-shared-pins-linux/round-3-after/chain-round-1-jobs-8/store/gl4s3x6w5yvzrxxcks2nyzd7wca133w1-leaf-5.drv.drv'","type":111}
@nix {"action":"result","fields":[14,42,0,0],"id":5476031762792450,"type":105}
@nix {"action":"result","fields":[0,0,0,0],"id":5476031762792451,"type":105}
@nix {"action":"result","fields":[101,0],"id":5476031762792449,"type":106}
@nix {"action":"result","fields":[100,0],"id":5476031762792449,"type":106}
@nix {"action":"start","fields":["/tmp/obrador-shared-pins-linux/round-3-after/chain-round-1-jobs-8/store/gl4s3x6w5yvzrxxcks2nyzd7wca133w1-leaf-5.drv.drv","",1,1],"id":5476031762792467,"level":3,"parent":0,"text":"building '/tmp/obrador-shared-pins-linux/round-3-after/chain-round-1-jobs-8/store/gl4s3x6w5yvzrxxcks2nyzd7wca133w1-leaf-5.drv.drv'","type":105}
@nix {"action":"result","fields":[14,42,1,0],"id":5476031762792450,"type":105}
@nix {"action":"result","fields":[0,0,0,0],"id":5476031762792451,"type":105}
@nix {"action":"result","fields":[101,0],"id":5476031762792449,"type":106}
@nix {"action":"result","fields":[100,0],"id":5476031762792449,"type":106}
@nix {"action":"result","fields":[15,43,0,0],"id":5476031762792450,"type":105}
@nix {"action":"result","fields":[0,0,0,0],"id":5476031762792451,"type":105}
@nix {"action":"result","fields":[101,0],"id":5476031762792449,"type":106}
@nix {"action":"result","fields":[100,0],"id":5476031762792449,"type":106}
@nix {"action":"stop","id":5476031762792467}
@nix {"action":"result","fields":[16,43,0,0],"id":5476031762792450,"type":105}
@nix {"action":"result","fields":[0,0,0,0],"id":5476031762792451,"type":105}
@nix {"action":"result","fields":[101,0],"id":5476031762792449,"type":106}
@nix {"action":"result","fields":[100,0],"id":5476031762792449,"type":106}
@nix {"action":"stop","id":5476031762792466}
@nix {"action":"result","fields":[16,43,0,0],"id":5476031762792450,"type":105}
@nix {"action":"result","fields":[0,0,0,0],"id":5476031762792451,"type":105}
@nix {"action":"result","fields":[101,0],"id":5476031762792449,"type":106}
@nix {"action":"result","fields":[100,0],"id":5476031762792449,"type":106}
@nix {"action":"start","fields":["/tmp/obrador-shared-pins-linux/round-3-after/chain-round-1-jobs-8/store/8n9pzmqfz2hc1j2df59vjgg4wfq85i4b-leaf-5.drv","",1,1],"id":5476031762792468,"level":3,"parent":0,"text":"building '/tmp/obrador-shared-pins-linux/round-3-after/chain-round-1-jobs-8/store/8n9pzmqfz2hc1j2df59vjgg4wfq85i4b-leaf-5.drv'","type":105}
@nix {"action":"result","fields":[16,43,1,0],"id":5476031762792450,"type":105}
@nix {"action":"result","fields":[0,0,0,0],"id":5476031762792451,"type":105}
@nix {"action":"result","fields":[101,0],"id":5476031762792449,"type":106}
@nix {"action":"result","fields":[100,0],"id":5476031762792449,"type":106}
@nix {"action":"result","fields":[17,44,0,0],"id":5476031762792450,"type":105}
@nix {"action":"result","fields":[0,0,0,0],"id":5476031762792451,"type":105}
@nix {"action":"result","fields":[101,0],"id":5476031762792449,"type":106}
@nix {"action":"result","fields":[100,0],"id":5476031762792449,"type":106}
@nix {"action":"stop","id":5476031762792468}
@nix {"action":"start","fields":["/tmp/obrador-shared-pins-linux/round-3-after/chain-round-1-jobs-8/store/z7r0l60538aadvxd8pb9bmzalidy1jad-leaf-6.drv.drv","/tmp/obrador-shared-pins-linux/round-3-after/chain-round-1-jobs-8/store/c7871ljlhg2f148rhihyz8ib48pq8v7s-leaf-6.drv.drv"],"id":5476031762792469,"level":3,"parent":0,"text":"resolved derivation: '/tmp/obrador-shared-pins-linux/round-3-after/chain-round-1-jobs-8/store/z7r0l60538aadvxd8pb9bmzalidy1jad-leaf-6.drv.drv' -> '/tmp/obrador-shared-pins-linux/round-3-after/chain-round-1-jobs-8/store/c7871ljlhg2f148rhihyz8ib48pq8v7s-leaf-6.drv.drv'","type":111}
@nix {"action":"result","fields":[17,44,0,0],"id":5476031762792450,"type":105}
@nix {"action":"result","fields":[0,0,0,0],"id":5476031762792451,"type":105}
@nix {"action":"result","fields":[101,0],"id":5476031762792449,"type":106}
@nix {"action":"result","fields":[100,0],"id":5476031762792449,"type":106}
@nix {"action":"start","fields":["/tmp/obrador-shared-pins-linux/round-3-after/chain-round-1-jobs-8/store/c7871ljlhg2f148rhihyz8ib48pq8v7s-leaf-6.drv.drv","",1,1],"id":5476031762792470,"level":3,"parent":0,"text":"building '/tmp/obrador-shared-pins-linux/round-3-after/chain-round-1-jobs-8/store/c7871ljlhg2f148rhihyz8ib48pq8v7s-leaf-6.drv.drv'","type":105}
@nix {"action":"result","fields":[17,44,1,0],"id":5476031762792450,"type":105}
@nix {"action":"result","fields":[0,0,0,0],"id":5476031762792451,"type":105}
@nix {"action":"result","fields":[101,0],"id":5476031762792449,"type":106}
@nix {"action":"result","fields":[100,0],"id":5476031762792449,"type":106}
@nix {"action":"result","fields":[18,45,0,0],"id":5476031762792450,"type":105}
@nix {"action":"result","fields":[0,0,0,0],"id":5476031762792451,"type":105}
@nix {"action":"result","fields":[101,0],"id":5476031762792449,"type":106}
@nix {"action":"result","fields":[100,0],"id":5476031762792449,"type":106}
@nix {"action":"stop","id":5476031762792470}
@nix {"action":"result","fields":[19,45,0,0],"id":5476031762792450,"type":105}
@nix {"action":"result","fields":[0,0,0,0],"id":5476031762792451,"type":105}
@nix {"action":"result","fields":[101,0],"id":5476031762792449,"type":106}
@nix {"action":"result","fields":[100,0],"id":5476031762792449,"type":106}
@nix {"action":"stop","id":5476031762792469}
@nix {"action":"result","fields":[19,45,0,0],"id":5476031762792450,"type":105}
@nix {"action":"result","fields":[0,0,0,0],"id":5476031762792451,"type":105}
@nix {"action":"result","fields":[101,0],"id":5476031762792449,"type":106}
@nix {"action":"result","fields":[100,0],"id":5476031762792449,"type":106}
@nix {"action":"start","fields":["/tmp/obrador-shared-pins-linux/round-3-after/chain-round-1-jobs-8/store/dpi2mrg5qrgar6vs6gpwgw32wjwndkqk-leaf-6.drv","",1,1],"id":5476031762792471,"level":3,"parent":0,"text":"building '/tmp/obrador-shared-pins-linux/round-3-after/chain-round-1-jobs-8/store/dpi2mrg5qrgar6vs6gpwgw32wjwndkqk-leaf-6.drv'","type":105}
@nix {"action":"result","fields":[19,45,1,0],"id":5476031762792450,"type":105}
@nix {"action":"result","fields":[0,0,0,0],"id":5476031762792451,"type":105}
@nix {"action":"result","fields":[101,0],"id":5476031762792449,"type":106}
@nix {"action":"result","fields":[100,0],"id":5476031762792449,"type":106}
@nix {"action":"result","fields":[20,46,0,0],"id":5476031762792450,"type":105}
@nix {"action":"result","fields":[0,0,0,0],"id":5476031762792451,"type":105}
@nix {"action":"result","fields":[101,0],"id":5476031762792449,"type":106}
@nix {"action":"result","fields":[100,0],"id":5476031762792449,"type":106}
@nix {"action":"stop","id":5476031762792471}
@nix {"action":"start","fields":["/tmp/obrador-shared-pins-linux/round-3-after/chain-round-1-jobs-8/store/yp0cf5jbh5x8fb68whjvnrxb161zslxd-leaf-7.drv.drv","/tmp/obrador-shared-pins-linux/round-3-after/chain-round-1-jobs-8/store/1v08i8c02xa64lj2w53xr6m6s173c6pv-leaf-7.drv.drv"],"id":5476031762792472,"level":3,"parent":0,"text":"resolved derivation: '/tmp/obrador-shared-pins-linux/round-3-after/chain-round-1-jobs-8/store/yp0cf5jbh5x8fb68whjvnrxb161zslxd-leaf-7.drv.drv' -> '/tmp/obrador-shared-pins-linux/round-3-after/chain-round-1-jobs-8/store/1v08i8c02xa64lj2w53xr6m6s173c6pv-leaf-7.drv.drv'","type":111}
@nix {"action":"result","fields":[20,46,0,0],"id":5476031762792450,"type":105}
@nix {"action":"result","fields":[0,0,0,0],"id":5476031762792451,"type":105}
@nix {"action":"result","fields":[101,0],"id":5476031762792449,"type":106}
@nix {"action":"result","fields":[100,0],"id":5476031762792449,"type":106}
@nix {"action":"start","fields":["/tmp/obrador-shared-pins-linux/round-3-after/chain-round-1-jobs-8/store/1v08i8c02xa64lj2w53xr6m6s173c6pv-leaf-7.drv.drv","",1,1],"id":5476031762792473,"level":3,"parent":0,"text":"building '/tmp/obrador-shared-pins-linux/round-3-after/chain-round-1-jobs-8/store/1v08i8c02xa64lj2w53xr6m6s173c6pv-leaf-7.drv.drv'","type":105}
@nix {"action":"result","fields":[20,46,1,0],"id":5476031762792450,"type":105}
@nix {"action":"result","fields":[0,0,0,0],"id":5476031762792451,"type":105}
@nix {"action":"result","fields":[101,0],"id":5476031762792449,"type":106}
@nix {"action":"result","fields":[100,0],"id":5476031762792449,"type":106}
@nix {"action":"result","fields":[21,47,0,0],"id":5476031762792450,"type":105}
@nix {"action":"result","fields":[0,0,0,0],"id":5476031762792451,"type":105}
@nix {"action":"result","fields":[101,0],"id":5476031762792449,"type":106}
@nix {"action":"result","fields":[100,0],"id":5476031762792449,"type":106}
@nix {"action":"stop","id":5476031762792473}
@nix {"action":"result","fields":[22,47,0,0],"id":5476031762792450,"type":105}
@nix {"action":"result","fields":[0,0,0,0],"id":5476031762792451,"type":105}
@nix {"action":"result","fields":[101,0],"id":5476031762792449,"type":106}
@nix {"action":"result","fields":[100,0],"id":5476031762792449,"type":106}
@nix {"action":"stop","id":5476031762792472}
@nix {"action":"result","fields":[22,47,0,0],"id":5476031762792450,"type":105}
@nix {"action":"result","fields":[0,0,0,0],"id":5476031762792451,"type":105}
@nix {"action":"result","fields":[101,0],"id":5476031762792449,"type":106}
@nix {"action":"result","fields":[100,0],"id":5476031762792449,"type":106}
@nix {"action":"start","fields":["/tmp/obrador-shared-pins-linux/round-3-after/chain-round-1-jobs-8/store/787rnp5l81zym4lsyxi0zpx4nn08nqyf-leaf-7.drv","",1,1],"id":5476031762792474,"level":3,"parent":0,"text":"building '/tmp/obrador-shared-pins-linux/round-3-after/chain-round-1-jobs-8/store/787rnp5l81zym4lsyxi0zpx4nn08nqyf-leaf-7.drv'","type":105}
@nix {"action":"result","fields":[22,47,1,0],"id":5476031762792450,"type":105}
@nix {"action":"result","fields":[0,0,0,0],"id":5476031762792451,"type":105}
@nix {"action":"result","fields":[101,0],"id":5476031762792449,"type":106}
@nix {"action":"result","fields":[100,0],"id":5476031762792449,"type":106}
@nix {"action":"result","fields":[23,48,0,0],"id":5476031762792450,"type":105}
@nix {"action":"result","fields":[0,0,0,0],"id":5476031762792451,"type":105}
@nix {"action":"result","fields":[101,0],"id":5476031762792449,"type":106}
@nix {"action":"result","fields":[100,0],"id":5476031762792449,"type":106}
@nix {"action":"stop","id":5476031762792474}
@nix {"action":"start","fields":["/tmp/obrador-shared-pins-linux/round-3-after/chain-round-1-jobs-8/store/9ay1fiyxd8940f1017crp1c91xka6h0x-leaf-8.drv.drv","/tmp/obrador-shared-pins-linux/round-3-after/chain-round-1-jobs-8/store/pbbxzjgs7inxsyrs131rdazwx9miqw8s-leaf-8.drv.drv"],"id":5476031762792475,"level":3,"parent":0,"text":"resolved derivation: '/tmp/obrador-shared-pins-linux/round-3-after/chain-round-1-jobs-8/store/9ay1fiyxd8940f1017crp1c91xka6h0x-leaf-8.drv.drv' -> '/tmp/obrador-shared-pins-linux/round-3-after/chain-round-1-jobs-8/store/pbbxzjgs7inxsyrs131rdazwx9miqw8s-leaf-8.drv.drv'","type":111}
@nix {"action":"result","fields":[23,48,0,0],"id":5476031762792450,"type":105}
@nix {"action":"result","fields":[0,0,0,0],"id":5476031762792451,"type":105}
@nix {"action":"result","fields":[101,0],"id":5476031762792449,"type":106}
@nix {"action":"result","fields":[100,0],"id":5476031762792449,"type":106}
@nix {"action":"start","fields":["/tmp/obrador-shared-pins-linux/round-3-after/chain-round-1-jobs-8/store/pbbxzjgs7inxsyrs131rdazwx9miqw8s-leaf-8.drv.drv","",1,1],"id":5476031762792476,"level":3,"parent":0,"text":"building '/tmp/obrador-shared-pins-linux/round-3-after/chain-round-1-jobs-8/store/pbbxzjgs7inxsyrs131rdazwx9miqw8s-leaf-8.drv.drv'","type":105}
@nix {"action":"result","fields":[23,48,1,0],"id":5476031762792450,"type":105}
@nix {"action":"result","fields":[0,0,0,0],"id":5476031762792451,"type":105}
@nix {"action":"result","fields":[101,0],"id":5476031762792449,"type":106}
@nix {"action":"result","fields":[100,0],"id":5476031762792449,"type":106}
@nix {"action":"result","fields":[24,49,0,0],"id":5476031762792450,"type":105}
@nix {"action":"result","fields":[0,0,0,0],"id":5476031762792451,"type":105}
@nix {"action":"result","fields":[101,0],"id":5476031762792449,"type":106}
@nix {"action":"result","fields":[100,0],"id":5476031762792449,"type":106}
@nix {"action":"stop","id":5476031762792476}
@nix {"action":"result","fields":[25,49,0,0],"id":5476031762792450,"type":105}
@nix {"action":"result","fields":[0,0,0,0],"id":5476031762792451,"type":105}
@nix {"action":"result","fields":[101,0],"id":5476031762792449,"type":106}
@nix {"action":"result","fields":[100,0],"id":5476031762792449,"type":106}
@nix {"action":"stop","id":5476031762792475}
@nix {"action":"result","fields":[25,49,0,0],"id":5476031762792450,"type":105}
@nix {"action":"result","fields":[0,0,0,0],"id":5476031762792451,"type":105}
@nix {"action":"result","fields":[101,0],"id":5476031762792449,"type":106}
@nix {"action":"result","fields":[100,0],"id":5476031762792449,"type":106}
@nix {"action":"start","fields":["/tmp/obrador-shared-pins-linux/round-3-after/chain-round-1-jobs-8/store/swwnjlv3q7gqz8n5rnn0was6x6ic7w64-leaf-8.drv","",1,1],"id":5476031762792477,"level":3,"parent":0,"text":"building '/tmp/obrador-shared-pins-linux/round-3-after/chain-round-1-jobs-8/store/swwnjlv3q7gqz8n5rnn0was6x6ic7w64-leaf-8.drv'","type":105}
@nix {"action":"result","fields":[25,49,1,0],"id":5476031762792450,"type":105}
@nix {"action":"result","fields":[0,0,0,0],"id":5476031762792451,"type":105}
@nix {"action":"result","fields":[101,0],"id":5476031762792449,"type":106}
@nix {"action":"result","fields":[100,0],"id":5476031762792449,"type":106}
@nix {"action":"result","fields":[26,50,0,0],"id":5476031762792450,"type":105}
@nix {"action":"result","fields":[0,0,0,0],"id":5476031762792451,"type":105}
@nix {"action":"result","fields":[101,0],"id":5476031762792449,"type":106}
@nix {"action":"result","fields":[100,0],"id":5476031762792449,"type":106}
@nix {"action":"stop","id":5476031762792477}
@nix {"action":"start","fields":["/tmp/obrador-shared-pins-linux/round-3-after/chain-round-1-jobs-8/store/f0wb8cjgl4lx2sqvcdnpi4s49pkadwqd-leaf-9.drv.drv","/tmp/obrador-shared-pins-linux/round-3-after/chain-round-1-jobs-8/store/4gdkqki0g4mwmrnxhqxiv0s0kxwbl29g-leaf-9.drv.drv"],"id":5476031762792478,"level":3,"parent":0,"text":"resolved derivation: '/tmp/obrador-shared-pins-linux/round-3-after/chain-round-1-jobs-8/store/f0wb8cjgl4lx2sqvcdnpi4s49pkadwqd-leaf-9.drv.drv' -> '/tmp/obrador-shared-pins-linux/round-3-after/chain-round-1-jobs-8/store/4gdkqki0g4mwmrnxhqxiv0s0kxwbl29g-leaf-9.drv.drv'","type":111}
@nix {"action":"result","fields":[26,50,0,0],"id":5476031762792450,"type":105}
@nix {"action":"result","fields":[0,0,0,0],"id":5476031762792451,"type":105}
@nix {"action":"result","fields":[101,0],"id":5476031762792449,"type":106}
@nix {"action":"result","fields":[100,0],"id":5476031762792449,"type":106}
@nix {"action":"start","fields":["/tmp/obrador-shared-pins-linux/round-3-after/chain-round-1-jobs-8/store/4gdkqki0g4mwmrnxhqxiv0s0kxwbl29g-leaf-9.drv.drv","",1,1],"id":5476031762792479,"level":3,"parent":0,"text":"building '/tmp/obrador-shared-pins-linux/round-3-after/chain-round-1-jobs-8/store/4gdkqki0g4mwmrnxhqxiv0s0kxwbl29g-leaf-9.drv.drv'","type":105}
@nix {"action":"result","fields":[26,50,1,0],"id":5476031762792450,"type":105}
@nix {"action":"result","fields":[0,0,0,0],"id":5476031762792451,"type":105}
@nix {"action":"result","fields":[101,0],"id":5476031762792449,"type":106}
@nix {"action":"result","fields":[100,0],"id":5476031762792449,"type":106}
@nix {"action":"result","fields":[27,51,0,0],"id":5476031762792450,"type":105}
@nix {"action":"result","fields":[0,0,0,0],"id":5476031762792451,"type":105}
@nix {"action":"result","fields":[101,0],"id":5476031762792449,"type":106}
@nix {"action":"result","fields":[100,0],"id":5476031762792449,"type":106}
@nix {"action":"stop","id":5476031762792479}
@nix {"action":"result","fields":[28,51,0,0],"id":5476031762792450,"type":105}
@nix {"action":"result","fields":[0,0,0,0],"id":5476031762792451,"type":105}
@nix {"action":"result","fields":[101,0],"id":5476031762792449,"type":106}
@nix {"action":"result","fields":[100,0],"id":5476031762792449,"type":106}
@nix {"action":"stop","id":5476031762792478}
@nix {"action":"result","fields":[28,51,0,0],"id":5476031762792450,"type":105}
@nix {"action":"result","fields":[0,0,0,0],"id":5476031762792451,"type":105}
@nix {"action":"result","fields":[101,0],"id":5476031762792449,"type":106}
@nix {"action":"result","fields":[100,0],"id":5476031762792449,"type":106}
@nix {"action":"start","fields":["/tmp/obrador-shared-pins-linux/round-3-after/chain-round-1-jobs-8/store/crswyadl06v6ajq571b6rdqdgaqg8qv1-leaf-9.drv","",1,1],"id":5476031762792480,"level":3,"parent":0,"text":"building '/tmp/obrador-shared-pins-linux/round-3-after/chain-round-1-jobs-8/store/crswyadl06v6ajq571b6rdqdgaqg8qv1-leaf-9.drv'","type":105}
@nix {"action":"result","fields":[28,51,1,0],"id":5476031762792450,"type":105}
@nix {"action":"result","fields":[0,0,0,0],"id":5476031762792451,"type":105}
@nix {"action":"result","fields":[101,0],"id":5476031762792449,"type":106}
@nix {"action":"result","fields":[100,0],"id":5476031762792449,"type":106}
@nix {"action":"result","fields":[29,52,0,0],"id":5476031762792450,"type":105}
@nix {"action":"result","fields":[0,0,0,0],"id":5476031762792451,"type":105}
@nix {"action":"result","fields":[101,0],"id":5476031762792449,"type":106}
@nix {"action":"result","fields":[100,0],"id":5476031762792449,"type":106}
@nix {"action":"stop","id":5476031762792480}
@nix {"action":"start","fields":["/tmp/obrador-shared-pins-linux/round-3-after/chain-round-1-jobs-8/store/wpr825zjlzz1d6q5w2qn34vr1n08m3sd-leaf-10.drv.drv","/tmp/obrador-shared-pins-linux/round-3-after/chain-round-1-jobs-8/store/kv6cr6qhw0jmjqdazidl7lbr64zqyf4c-leaf-10.drv.drv"],"id":5476031762792481,"level":3,"parent":0,"text":"resolved derivation: '/tmp/obrador-shared-pins-linux/round-3-after/chain-round-1-jobs-8/store/wpr825zjlzz1d6q5w2qn34vr1n08m3sd-leaf-10.drv.drv' -> '/tmp/obrador-shared-pins-linux/round-3-after/chain-round-1-jobs-8/store/kv6cr6qhw0jmjqdazidl7lbr64zqyf4c-leaf-10.drv.drv'","type":111}
@nix {"action":"result","fields":[29,52,0,0],"id":5476031762792450,"type":105}
@nix {"action":"result","fields":[0,0,0,0],"id":5476031762792451,"type":105}
@nix {"action":"result","fields":[101,0],"id":5476031762792449,"type":106}
@nix {"action":"result","fields":[100,0],"id":5476031762792449,"type":106}
@nix {"action":"start","fields":["/tmp/obrador-shared-pins-linux/round-3-after/chain-round-1-jobs-8/store/kv6cr6qhw0jmjqdazidl7lbr64zqyf4c-leaf-10.drv.drv","",1,1],"id":5476031762792482,"level":3,"parent":0,"text":"building '/tmp/obrador-shared-pins-linux/round-3-after/chain-round-1-jobs-8/store/kv6cr6qhw0jmjqdazidl7lbr64zqyf4c-leaf-10.drv.drv'","type":105}
@nix {"action":"result","fields":[29,52,1,0],"id":5476031762792450,"type":105}
@nix {"action":"result","fields":[0,0,0,0],"id":5476031762792451,"type":105}
@nix {"action":"result","fields":[101,0],"id":5476031762792449,"type":106}
@nix {"action":"result","fields":[100,0],"id":5476031762792449,"type":106}
@nix {"action":"result","fields":[30,53,0,0],"id":5476031762792450,"type":105}
@nix {"action":"result","fields":[0,0,0,0],"id":5476031762792451,"type":105}
@nix {"action":"result","fields":[101,0],"id":5476031762792449,"type":106}
@nix {"action":"result","fields":[100,0],"id":5476031762792449,"type":106}
@nix {"action":"stop","id":5476031762792482}
@nix {"action":"result","fields":[31,53,0,0],"id":5476031762792450,"type":105}
@nix {"action":"result","fields":[0,0,0,0],"id":5476031762792451,"type":105}
@nix {"action":"result","fields":[101,0],"id":5476031762792449,"type":106}
@nix {"action":"result","fields":[100,0],"id":5476031762792449,"type":106}
@nix {"action":"stop","id":5476031762792481}
@nix {"action":"result","fields":[31,53,0,0],"id":5476031762792450,"type":105}
@nix {"action":"result","fields":[0,0,0,0],"id":5476031762792451,"type":105}
@nix {"action":"result","fields":[101,0],"id":5476031762792449,"type":106}
@nix {"action":"result","fields":[100,0],"id":5476031762792449,"type":106}
@nix {"action":"start","fields":["/tmp/obrador-shared-pins-linux/round-3-after/chain-round-1-jobs-8/store/6sgp9isxlgprwrxwg82frbx2mqfgq4zi-leaf-10.drv","",1,1],"id":5476031762792483,"level":3,"parent":0,"text":"building '/tmp/obrador-shared-pins-linux/round-3-after/chain-round-1-jobs-8/store/6sgp9isxlgprwrxwg82frbx2mqfgq4zi-leaf-10.drv'","type":105}
@nix {"action":"result","fields":[31,53,1,0],"id":5476031762792450,"type":105}
@nix {"action":"result","fields":[0,0,0,0],"id":5476031762792451,"type":105}
@nix {"action":"result","fields":[101,0],"id":5476031762792449,"type":106}
@nix {"action":"result","fields":[100,0],"id":5476031762792449,"type":106}
@nix {"action":"result","fields":[32,54,0,0],"id":5476031762792450,"type":105}
@nix {"action":"result","fields":[0,0,0,0],"id":5476031762792451,"type":105}
@nix {"action":"result","fields":[101,0],"id":5476031762792449,"type":106}
@nix {"action":"result","fields":[100,0],"id":5476031762792449,"type":106}
@nix {"action":"stop","id":5476031762792483}
@nix {"action":"start","fields":["/tmp/obrador-shared-pins-linux/round-3-after/chain-round-1-jobs-8/store/xc1612lr5aavf6lkcb7r4xl5sf0a76x1-leaf-11.drv.drv","/tmp/obrador-shared-pins-linux/round-3-after/chain-round-1-jobs-8/store/83mn9idsxi6w3gs1m3ggd5x35cfd5mc0-leaf-11.drv.drv"],"id":5476031762792484,"level":3,"parent":0,"text":"resolved derivation: '/tmp/obrador-shared-pins-linux/round-3-after/chain-round-1-jobs-8/store/xc1612lr5aavf6lkcb7r4xl5sf0a76x1-leaf-11.drv.drv' -> '/tmp/obrador-shared-pins-linux/round-3-after/chain-round-1-jobs-8/store/83mn9idsxi6w3gs1m3ggd5x35cfd5mc0-leaf-11.drv.drv'","type":111}
@nix {"action":"result","fields":[32,54,0,0],"id":5476031762792450,"type":105}
@nix {"action":"result","fields":[0,0,0,0],"id":5476031762792451,"type":105}
@nix {"action":"result","fields":[101,0],"id":5476031762792449,"type":106}
@nix {"action":"result","fields":[100,0],"id":5476031762792449,"type":106}
@nix {"action":"start","fields":["/tmp/obrador-shared-pins-linux/round-3-after/chain-round-1-jobs-8/store/83mn9idsxi6w3gs1m3ggd5x35cfd5mc0-leaf-11.drv.drv","",1,1],"id":5476031762792485,"level":3,"parent":0,"text":"building '/tmp/obrador-shared-pins-linux/round-3-after/chain-round-1-jobs-8/store/83mn9idsxi6w3gs1m3ggd5x35cfd5mc0-leaf-11.drv.drv'","type":105}
@nix {"action":"result","fields":[32,54,1,0],"id":5476031762792450,"type":105}
@nix {"action":"result","fields":[0,0,0,0],"id":5476031762792451,"type":105}
@nix {"action":"result","fields":[101,0],"id":5476031762792449,"type":106}
@nix {"action":"result","fields":[100,0],"id":5476031762792449,"type":106}
@nix {"action":"result","fields":[33,55,0,0],"id":5476031762792450,"type":105}
@nix {"action":"result","fields":[0,0,0,0],"id":5476031762792451,"type":105}
@nix {"action":"result","fields":[101,0],"id":5476031762792449,"type":106}
@nix {"action":"result","fields":[100,0],"id":5476031762792449,"type":106}
@nix {"action":"stop","id":5476031762792485}
@nix {"action":"result","fields":[34,55,0,0],"id":5476031762792450,"type":105}
@nix {"action":"result","fields":[0,0,0,0],"id":5476031762792451,"type":105}
@nix {"action":"result","fields":[101,0],"id":5476031762792449,"type":106}
@nix {"action":"result","fields":[100,0],"id":5476031762792449,"type":106}
@nix {"action":"stop","id":5476031762792484}
@nix {"action":"result","fields":[34,55,0,0],"id":5476031762792450,"type":105}
@nix {"action":"result","fields":[0,0,0,0],"id":5476031762792451,"type":105}
@nix {"action":"result","fields":[101,0],"id":5476031762792449,"type":106}
@nix {"action":"result","fields":[100,0],"id":5476031762792449,"type":106}
@nix {"action":"start","fields":["/tmp/obrador-shared-pins-linux/round-3-after/chain-round-1-jobs-8/store/pj396lmmhxg14jjx869yd5pmfd8fc4iw-leaf-11.drv","",1,1],"id":5476031762792486,"level":3,"parent":0,"text":"building '/tmp/obrador-shared-pins-linux/round-3-after/chain-round-1-jobs-8/store/pj396lmmhxg14jjx869yd5pmfd8fc4iw-leaf-11.drv'","type":105}
@nix {"action":"result","fields":[34,55,1,0],"id":5476031762792450,"type":105}
@nix {"action":"result","fields":[0,0,0,0],"id":5476031762792451,"type":105}
@nix {"action":"result","fields":[101,0],"id":5476031762792449,"type":106}
@nix {"action":"result","fields":[100,0],"id":5476031762792449,"type":106}
@nix {"action":"result","fields":[35,56,0,0],"id":5476031762792450,"type":105}
@nix {"action":"result","fields":[0,0,0,0],"id":5476031762792451,"type":105}
@nix {"action":"result","fields":[101,0],"id":5476031762792449,"type":106}
@nix {"action":"result","fields":[100,0],"id":5476031762792449,"type":106}
@nix {"action":"stop","id":5476031762792486}
@nix {"action":"start","fields":["/tmp/obrador-shared-pins-linux/round-3-after/chain-round-1-jobs-8/store/r104anbx1m1fk8sn0k2zaz2m8rkqp8ak-leaf-12.drv.drv","/tmp/obrador-shared-pins-linux/round-3-after/chain-round-1-jobs-8/store/xwc9y8d2b91wi0mj4wabbklygk4w8swc-leaf-12.drv.drv"],"id":5476031762792487,"level":3,"parent":0,"text":"resolved derivation: '/tmp/obrador-shared-pins-linux/round-3-after/chain-round-1-jobs-8/store/r104anbx1m1fk8sn0k2zaz2m8rkqp8ak-leaf-12.drv.drv' -> '/tmp/obrador-shared-pins-linux/round-3-after/chain-round-1-jobs-8/store/xwc9y8d2b91wi0mj4wabbklygk4w8swc-leaf-12.drv.drv'","type":111}
@nix {"action":"result","fields":[35,56,0,0],"id":5476031762792450,"type":105}
@nix {"action":"result","fields":[0,0,0,0],"id":5476031762792451,"type":105}
@nix {"action":"result","fields":[101,0],"id":5476031762792449,"type":106}
@nix {"action":"result","fields":[100,0],"id":5476031762792449,"type":106}
@nix {"action":"start","fields":["/tmp/obrador-shared-pins-linux/round-3-after/chain-round-1-jobs-8/store/xwc9y8d2b91wi0mj4wabbklygk4w8swc-leaf-12.drv.drv","",1,1],"id":5476031762792488,"level":3,"parent":0,"text":"building '/tmp/obrador-shared-pins-linux/round-3-after/chain-round-1-jobs-8/store/xwc9y8d2b91wi0mj4wabbklygk4w8swc-leaf-12.drv.drv'","type":105}
@nix {"action":"result","fields":[35,56,1,0],"id":5476031762792450,"type":105}
@nix {"action":"result","fields":[0,0,0,0],"id":5476031762792451,"type":105}
@nix {"action":"result","fields":[101,0],"id":5476031762792449,"type":106}
@nix {"action":"result","fields":[100,0],"id":5476031762792449,"type":106}
@nix {"action":"result","fields":[36,57,0,0],"id":5476031762792450,"type":105}
@nix {"action":"result","fields":[0,0,0,0],"id":5476031762792451,"type":105}
@nix {"action":"result","fields":[101,0],"id":5476031762792449,"type":106}
@nix {"action":"result","fields":[100,0],"id":5476031762792449,"type":106}
@nix {"action":"stop","id":5476031762792488}
@nix {"action":"result","fields":[37,57,0,0],"id":5476031762792450,"type":105}
@nix {"action":"result","fields":[0,0,0,0],"id":5476031762792451,"type":105}
@nix {"action":"result","fields":[101,0],"id":5476031762792449,"type":106}
@nix {"action":"result","fields":[100,0],"id":5476031762792449,"type":106}
@nix {"action":"stop","id":5476031762792487}
@nix {"action":"result","fields":[37,57,0,0],"id":5476031762792450,"type":105}
@nix {"action":"result","fields":[0,0,0,0],"id":5476031762792451,"type":105}
@nix {"action":"result","fields":[101,0],"id":5476031762792449,"type":106}
@nix {"action":"result","fields":[100,0],"id":5476031762792449,"type":106}
@nix {"action":"start","fields":["/tmp/obrador-shared-pins-linux/round-3-after/chain-round-1-jobs-8/store/pi06z1ajkk5r41qwqkpdqb9fdjsivfm8-leaf-12.drv","",1,1],"id":5476031762792489,"level":3,"parent":0,"text":"building '/tmp/obrador-shared-pins-linux/round-3-after/chain-round-1-jobs-8/store/pi06z1ajkk5r41qwqkpdqb9fdjsivfm8-leaf-12.drv'","type":105}
@nix {"action":"result","fields":[37,57,1,0],"id":5476031762792450,"type":105}
@nix {"action":"result","fields":[0,0,0,0],"id":5476031762792451,"type":105}
@nix {"action":"result","fields":[101,0],"id":5476031762792449,"type":106}
@nix {"action":"result","fields":[100,0],"id":5476031762792449,"type":106}
@nix {"action":"result","fields":[38,58,0,0],"id":5476031762792450,"type":105}
@nix {"action":"result","fields":[0,0,0,0],"id":5476031762792451,"type":105}
@nix {"action":"result","fields":[101,0],"id":5476031762792449,"type":106}
@nix {"action":"result","fields":[100,0],"id":5476031762792449,"type":106}
@nix {"action":"stop","id":5476031762792489}
@nix {"action":"start","fields":["/tmp/obrador-shared-pins-linux/round-3-after/chain-round-1-jobs-8/store/1y98mq3zfj5s219awbj9c9f5jrs63kxc-leaf-13.drv.drv","/tmp/obrador-shared-pins-linux/round-3-after/chain-round-1-jobs-8/store/7y6p0l0yh06bjr65qv053w884vwvl8q5-leaf-13.drv.drv"],"id":5476031762792490,"level":3,"parent":0,"text":"resolved derivation: '/tmp/obrador-shared-pins-linux/round-3-after/chain-round-1-jobs-8/store/1y98mq3zfj5s219awbj9c9f5jrs63kxc-leaf-13.drv.drv' -> '/tmp/obrador-shared-pins-linux/round-3-after/chain-round-1-jobs-8/store/7y6p0l0yh06bjr65qv053w884vwvl8q5-leaf-13.drv.drv'","type":111}
@nix {"action":"result","fields":[38,58,0,0],"id":5476031762792450,"type":105}
@nix {"action":"result","fields":[0,0,0,0],"id":5476031762792451,"type":105}
@nix {"action":"result","fields":[101,0],"id":5476031762792449,"type":106}
@nix {"action":"result","fields":[100,0],"id":5476031762792449,"type":106}
@nix {"action":"start","fields":["/tmp/obrador-shared-pins-linux/round-3-after/chain-round-1-jobs-8/store/7y6p0l0yh06bjr65qv053w884vwvl8q5-leaf-13.drv.drv","",1,1],"id":5476031762792491,"level":3,"parent":0,"text":"building '/tmp/obrador-shared-pins-linux/round-3-after/chain-round-1-jobs-8/store/7y6p0l0yh06bjr65qv053w884vwvl8q5-leaf-13.drv.drv'","type":105}
@nix {"action":"result","fields":[38,58,1,0],"id":5476031762792450,"type":105}
@nix {"action":"result","fields":[0,0,0,0],"id":5476031762792451,"type":105}
@nix {"action":"result","fields":[101,0],"id":5476031762792449,"type":106}
@nix {"action":"result","fields":[100,0],"id":5476031762792449,"type":106}
@nix {"action":"result","fields":[39,59,0,0],"id":5476031762792450,"type":105}
@nix {"action":"result","fields":[0,0,0,0],"id":5476031762792451,"type":105}
@nix {"action":"result","fields":[101,0],"id":5476031762792449,"type":106}
@nix {"action":"result","fields":[100,0],"id":5476031762792449,"type":106}
@nix {"action":"stop","id":5476031762792491}
@nix {"action":"result","fields":[40,59,0,0],"id":5476031762792450,"type":105}
@nix {"action":"result","fields":[0,0,0,0],"id":5476031762792451,"type":105}
@nix {"action":"result","fields":[101,0],"id":5476031762792449,"type":106}
@nix {"action":"result","fields":[100,0],"id":5476031762792449,"type":106}
@nix {"action":"stop","id":5476031762792490}
@nix {"action":"result","fields":[40,59,0,0],"id":5476031762792450,"type":105}
@nix {"action":"result","fields":[0,0,0,0],"id":5476031762792451,"type":105}
@nix {"action":"result","fields":[101,0],"id":5476031762792449,"type":106}
@nix {"action":"result","fields":[100,0],"id":5476031762792449,"type":106}
@nix {"action":"start","fields":["/tmp/obrador-shared-pins-linux/round-3-after/chain-round-1-jobs-8/store/hcnwxm4j990hcaakyzanp8496qg9k69r-leaf-13.drv","",1,1],"id":5476031762792492,"level":3,"parent":0,"text":"building '/tmp/obrador-shared-pins-linux/round-3-after/chain-round-1-jobs-8/store/hcnwxm4j990hcaakyzanp8496qg9k69r-leaf-13.drv'","type":105}
@nix {"action":"result","fields":[40,59,1,0],"id":5476031762792450,"type":105}
@nix {"action":"result","fields":[0,0,0,0],"id":5476031762792451,"type":105}
@nix {"action":"result","fields":[101,0],"id":5476031762792449,"type":106}
@nix {"action":"result","fields":[100,0],"id":5476031762792449,"type":106}
@nix {"action":"result","fields":[41,60,0,0],"id":5476031762792450,"type":105}
@nix {"action":"result","fields":[0,0,0,0],"id":5476031762792451,"type":105}
@nix {"action":"result","fields":[101,0],"id":5476031762792449,"type":106}
@nix {"action":"result","fields":[100,0],"id":5476031762792449,"type":106}
@nix {"action":"stop","id":5476031762792492}
@nix {"action":"start","fields":["/tmp/obrador-shared-pins-linux/round-3-after/chain-round-1-jobs-8/store/b70cm7nq5h3g62prmbmrvnqhn8qq733v-leaf-14.drv.drv","/tmp/obrador-shared-pins-linux/round-3-after/chain-round-1-jobs-8/store/cj5y2rk741qn1y2vlajzig496kbq8i3m-leaf-14.drv.drv"],"id":5476031762792493,"level":3,"parent":0,"text":"resolved derivation: '/tmp/obrador-shared-pins-linux/round-3-after/chain-round-1-jobs-8/store/b70cm7nq5h3g62prmbmrvnqhn8qq733v-leaf-14.drv.drv' -> '/tmp/obrador-shared-pins-linux/round-3-after/chain-round-1-jobs-8/store/cj5y2rk741qn1y2vlajzig496kbq8i3m-leaf-14.drv.drv'","type":111}
@nix {"action":"result","fields":[41,60,0,0],"id":5476031762792450,"type":105}
@nix {"action":"result","fields":[0,0,0,0],"id":5476031762792451,"type":105}
@nix {"action":"result","fields":[101,0],"id":5476031762792449,"type":106}
@nix {"action":"result","fields":[100,0],"id":5476031762792449,"type":106}
@nix {"action":"start","fields":["/tmp/obrador-shared-pins-linux/round-3-after/chain-round-1-jobs-8/store/cj5y2rk741qn1y2vlajzig496kbq8i3m-leaf-14.drv.drv","",1,1],"id":5476031762792494,"level":3,"parent":0,"text":"building '/tmp/obrador-shared-pins-linux/round-3-after/chain-round-1-jobs-8/store/cj5y2rk741qn1y2vlajzig496kbq8i3m-leaf-14.drv.drv'","type":105}
@nix {"action":"result","fields":[41,60,1,0],"id":5476031762792450,"type":105}
@nix {"action":"result","fields":[0,0,0,0],"id":5476031762792451,"type":105}
@nix {"action":"result","fields":[101,0],"id":5476031762792449,"type":106}
@nix {"action":"result","fields":[100,0],"id":5476031762792449,"type":106}
@nix {"action":"result","fields":[42,61,0,0],"id":5476031762792450,"type":105}
@nix {"action":"result","fields":[0,0,0,0],"id":5476031762792451,"type":105}
@nix {"action":"result","fields":[101,0],"id":5476031762792449,"type":106}
@nix {"action":"result","fields":[100,0],"id":5476031762792449,"type":106}
@nix {"action":"stop","id":5476031762792494}
@nix {"action":"result","fields":[43,61,0,0],"id":5476031762792450,"type":105}
@nix {"action":"result","fields":[0,0,0,0],"id":5476031762792451,"type":105}
@nix {"action":"result","fields":[101,0],"id":5476031762792449,"type":106}
@nix {"action":"result","fields":[100,0],"id":5476031762792449,"type":106}
@nix {"action":"stop","id":5476031762792493}
@nix {"action":"result","fields":[43,61,0,0],"id":5476031762792450,"type":105}
@nix {"action":"result","fields":[0,0,0,0],"id":5476031762792451,"type":105}
@nix {"action":"result","fields":[101,0],"id":5476031762792449,"type":106}
@nix {"action":"result","fields":[100,0],"id":5476031762792449,"type":106}
@nix {"action":"start","fields":["/tmp/obrador-shared-pins-linux/round-3-after/chain-round-1-jobs-8/store/nz3v8l5d94vyw0yfkc7gfcrbp8ba2jwb-leaf-14.drv","",1,1],"id":5476031762792495,"level":3,"parent":0,"text":"building '/tmp/obrador-shared-pins-linux/round-3-after/chain-round-1-jobs-8/store/nz3v8l5d94vyw0yfkc7gfcrbp8ba2jwb-leaf-14.drv'","type":105}
@nix {"action":"result","fields":[43,61,1,0],"id":5476031762792450,"type":105}
@nix {"action":"result","fields":[0,0,0,0],"id":5476031762792451,"type":105}
@nix {"action":"result","fields":[101,0],"id":5476031762792449,"type":106}
@nix {"action":"result","fields":[100,0],"id":5476031762792449,"type":106}
@nix {"action":"result","fields":[44,62,0,0],"id":5476031762792450,"type":105}
@nix {"action":"result","fields":[0,0,0,0],"id":5476031762792451,"type":105}
@nix {"action":"result","fields":[101,0],"id":5476031762792449,"type":106}
@nix {"action":"result","fields":[100,0],"id":5476031762792449,"type":106}
@nix {"action":"stop","id":5476031762792495}
@nix {"action":"start","fields":["/tmp/obrador-shared-pins-linux/round-3-after/chain-round-1-jobs-8/store/g49z1kmv4apsc7xn3dfpac4q3qdmci1f-leaf-15.drv.drv","/tmp/obrador-shared-pins-linux/round-3-after/chain-round-1-jobs-8/store/3v437wwi8s8nd1fbhjw2d0mz4dhjyqdi-leaf-15.drv.drv"],"id":5476031762792496,"level":3,"parent":0,"text":"resolved derivation: '/tmp/obrador-shared-pins-linux/round-3-after/chain-round-1-jobs-8/store/g49z1kmv4apsc7xn3dfpac4q3qdmci1f-leaf-15.drv.drv' -> '/tmp/obrador-shared-pins-linux/round-3-after/chain-round-1-jobs-8/store/3v437wwi8s8nd1fbhjw2d0mz4dhjyqdi-leaf-15.drv.drv'","type":111}
@nix {"action":"result","fields":[44,62,0,0],"id":5476031762792450,"type":105}
@nix {"action":"result","fields":[0,0,0,0],"id":5476031762792451,"type":105}
@nix {"action":"result","fields":[101,0],"id":5476031762792449,"type":106}
@nix {"action":"result","fields":[100,0],"id":5476031762792449,"type":106}
@nix {"action":"start","fields":["/tmp/obrador-shared-pins-linux/round-3-after/chain-round-1-jobs-8/store/3v437wwi8s8nd1fbhjw2d0mz4dhjyqdi-leaf-15.drv.drv","",1,1],"id":5476031762792497,"level":3,"parent":0,"text":"building '/tmp/obrador-shared-pins-linux/round-3-after/chain-round-1-jobs-8/store/3v437wwi8s8nd1fbhjw2d0mz4dhjyqdi-leaf-15.drv.drv'","type":105}
@nix {"action":"result","fields":[44,62,1,0],"id":5476031762792450,"type":105}
@nix {"action":"result","fields":[0,0,0,0],"id":5476031762792451,"type":105}
@nix {"action":"result","fields":[101,0],"id":5476031762792449,"type":106}
@nix {"action":"result","fields":[100,0],"id":5476031762792449,"type":106}
@nix {"action":"result","fields":[45,63,0,0],"id":5476031762792450,"type":105}
@nix {"action":"result","fields":[0,0,0,0],"id":5476031762792451,"type":105}
@nix {"action":"result","fields":[101,0],"id":5476031762792449,"type":106}
@nix {"action":"result","fields":[100,0],"id":5476031762792449,"type":106}
@nix {"action":"stop","id":5476031762792497}
@nix {"action":"result","fields":[46,63,0,0],"id":5476031762792450,"type":105}
@nix {"action":"result","fields":[0,0,0,0],"id":5476031762792451,"type":105}
@nix {"action":"result","fields":[101,0],"id":5476031762792449,"type":106}
@nix {"action":"result","fields":[100,0],"id":5476031762792449,"type":106}
@nix {"action":"stop","id":5476031762792496}
@nix {"action":"result","fields":[46,63,0,0],"id":5476031762792450,"type":105}
@nix {"action":"result","fields":[0,0,0,0],"id":5476031762792451,"type":105}
@nix {"action":"result","fields":[101,0],"id":5476031762792449,"type":106}
@nix {"action":"result","fields":[100,0],"id":5476031762792449,"type":106}
@nix {"action":"start","fields":["/tmp/obrador-shared-pins-linux/round-3-after/chain-round-1-jobs-8/store/mvj61a1dznbk3s9zz3m6ax82yy636sw7-leaf-15.drv","",1,1],"id":5476031762792498,"level":3,"parent":0,"text":"building '/tmp/obrador-shared-pins-linux/round-3-after/chain-round-1-jobs-8/store/mvj61a1dznbk3s9zz3m6ax82yy636sw7-leaf-15.drv'","type":105}
@nix {"action":"result","fields":[46,63,1,0],"id":5476031762792450,"type":105}
@nix {"action":"result","fields":[0,0,0,0],"id":5476031762792451,"type":105}
@nix {"action":"result","fields":[101,0],"id":5476031762792449,"type":106}
@nix {"action":"result","fields":[100,0],"id":5476031762792449,"type":106}
@nix {"action":"result","fields":[47,64,0,0],"id":5476031762792450,"type":105}
@nix {"action":"result","fields":[0,0,0,0],"id":5476031762792451,"type":105}
@nix {"action":"result","fields":[101,0],"id":5476031762792449,"type":106}
@nix {"action":"result","fields":[100,0],"id":5476031762792449,"type":106}
@nix {"action":"stop","id":5476031762792498}
@nix {"action":"start","fields":["/tmp/obrador-shared-pins-linux/round-3-after/chain-round-1-jobs-8/store/5gv55bhnajav71scb4hmnfyc0scdy4is-leaf-16.drv.drv","/tmp/obrador-shared-pins-linux/round-3-after/chain-round-1-jobs-8/store/hq6wwbxqhyjvsyahchhnw481b8a8dj4d-leaf-16.drv.drv"],"id":5476031762792499,"level":3,"parent":0,"text":"resolved derivation: '/tmp/obrador-shared-pins-linux/round-3-after/chain-round-1-jobs-8/store/5gv55bhnajav71scb4hmnfyc0scdy4is-leaf-16.drv.drv' -> '/tmp/obrador-shared-pins-linux/round-3-after/chain-round-1-jobs-8/store/hq6wwbxqhyjvsyahchhnw481b8a8dj4d-leaf-16.drv.drv'","type":111}
@nix {"action":"result","fields":[47,64,0,0],"id":5476031762792450,"type":105}
@nix {"action":"result","fields":[0,0,0,0],"id":5476031762792451,"type":105}
@nix {"action":"result","fields":[101,0],"id":5476031762792449,"type":106}
@nix {"action":"result","fields":[100,0],"id":5476031762792449,"type":106}
@nix {"action":"start","fields":["/tmp/obrador-shared-pins-linux/round-3-after/chain-round-1-jobs-8/store/hq6wwbxqhyjvsyahchhnw481b8a8dj4d-leaf-16.drv.drv","",1,1],"id":5476031762792500,"level":3,"parent":0,"text":"building '/tmp/obrador-shared-pins-linux/round-3-after/chain-round-1-jobs-8/store/hq6wwbxqhyjvsyahchhnw481b8a8dj4d-leaf-16.drv.drv'","type":105}
@nix {"action":"result","fields":[47,64,1,0],"id":5476031762792450,"type":105}
@nix {"action":"result","fields":[0,0,0,0],"id":5476031762792451,"type":105}
@nix {"action":"result","fields":[101,0],"id":5476031762792449,"type":106}
@nix {"action":"result","fields":[100,0],"id":5476031762792449,"type":106}
@nix {"action":"result","fields":[48,65,0,0],"id":5476031762792450,"type":105}
@nix {"action":"result","fields":[0,0,0,0],"id":5476031762792451,"type":105}
@nix {"action":"result","fields":[101,0],"id":5476031762792449,"type":106}
@nix {"action":"result","fields":[100,0],"id":5476031762792449,"type":106}
@nix {"action":"stop","id":5476031762792500}
@nix {"action":"result","fields":[49,65,0,0],"id":5476031762792450,"type":105}
@nix {"action":"result","fields":[0,0,0,0],"id":5476031762792451,"type":105}
@nix {"action":"result","fields":[101,0],"id":5476031762792449,"type":106}
@nix {"action":"result","fields":[100,0],"id":5476031762792449,"type":106}
@nix {"action":"stop","id":5476031762792499}
@nix {"action":"result","fields":[49,65,0,0],"id":5476031762792450,"type":105}
@nix {"action":"result","fields":[0,0,0,0],"id":5476031762792451,"type":105}
@nix {"action":"result","fields":[101,0],"id":5476031762792449,"type":106}
@nix {"action":"result","fields":[100,0],"id":5476031762792449,"type":106}
@nix {"action":"start","fields":["/tmp/obrador-shared-pins-linux/round-3-after/chain-round-1-jobs-8/store/fmzl6lw3r43sh94ppf8bq0wgxq91djbm-leaf-16.drv","",1,1],"id":5476031762792501,"level":3,"parent":0,"text":"building '/tmp/obrador-shared-pins-linux/round-3-after/chain-round-1-jobs-8/store/fmzl6lw3r43sh94ppf8bq0wgxq91djbm-leaf-16.drv'","type":105}
@nix {"action":"result","fields":[49,65,1,0],"id":5476031762792450,"type":105}
@nix {"action":"result","fields":[0,0,0,0],"id":5476031762792451,"type":105}
@nix {"action":"result","fields":[101,0],"id":5476031762792449,"type":106}
@nix {"action":"result","fields":[100,0],"id":5476031762792449,"type":106}
@nix {"action":"result","fields":[50,66,0,0],"id":5476031762792450,"type":105}
@nix {"action":"result","fields":[0,0,0,0],"id":5476031762792451,"type":105}
@nix {"action":"result","fields":[101,0],"id":5476031762792449,"type":106}
@nix {"action":"result","fields":[100,0],"id":5476031762792449,"type":106}
@nix {"action":"stop","id":5476031762792501}
@nix {"action":"start","fields":["/tmp/obrador-shared-pins-linux/round-3-after/chain-round-1-jobs-8/store/bhj7hiddx25gb544j6n2z3r5p6ddddws-leaf-17.drv.drv","/tmp/obrador-shared-pins-linux/round-3-after/chain-round-1-jobs-8/store/fnbm7hzhdj46dhxr4sg2db1mb8crfdxd-leaf-17.drv.drv"],"id":5476031762792502,"level":3,"parent":0,"text":"resolved derivation: '/tmp/obrador-shared-pins-linux/round-3-after/chain-round-1-jobs-8/store/bhj7hiddx25gb544j6n2z3r5p6ddddws-leaf-17.drv.drv' -> '/tmp/obrador-shared-pins-linux/round-3-after/chain-round-1-jobs-8/store/fnbm7hzhdj46dhxr4sg2db1mb8crfdxd-leaf-17.drv.drv'","type":111}
@nix {"action":"result","fields":[50,66,0,0],"id":5476031762792450,"type":105}
@nix {"action":"result","fields":[0,0,0,0],"id":5476031762792451,"type":105}
@nix {"action":"result","fields":[101,0],"id":5476031762792449,"type":106}
@nix {"action":"result","fields":[100,0],"id":5476031762792449,"type":106}
@nix {"action":"start","fields":["/tmp/obrador-shared-pins-linux/round-3-after/chain-round-1-jobs-8/store/fnbm7hzhdj46dhxr4sg2db1mb8crfdxd-leaf-17.drv.drv","",1,1],"id":5476031762792503,"level":3,"parent":0,"text":"building '/tmp/obrador-shared-pins-linux/round-3-after/chain-round-1-jobs-8/store/fnbm7hzhdj46dhxr4sg2db1mb8crfdxd-leaf-17.drv.drv'","type":105}
@nix {"action":"result","fields":[50,66,1,0],"id":5476031762792450,"type":105}
@nix {"action":"result","fields":[0,0,0,0],"id":5476031762792451,"type":105}
@nix {"action":"result","fields":[101,0],"id":5476031762792449,"type":106}
@nix {"action":"result","fields":[100,0],"id":5476031762792449,"type":106}
@nix {"action":"result","fields":[51,67,0,0],"id":5476031762792450,"type":105}
@nix {"action":"result","fields":[0,0,0,0],"id":5476031762792451,"type":105}
@nix {"action":"result","fields":[101,0],"id":5476031762792449,"type":106}
@nix {"action":"result","fields":[100,0],"id":5476031762792449,"type":106}
@nix {"action":"stop","id":5476031762792503}
@nix {"action":"result","fields":[52,67,0,0],"id":5476031762792450,"type":105}
@nix {"action":"result","fields":[0,0,0,0],"id":5476031762792451,"type":105}
@nix {"action":"result","fields":[101,0],"id":5476031762792449,"type":106}
@nix {"action":"result","fields":[100,0],"id":5476031762792449,"type":106}
@nix {"action":"stop","id":5476031762792502}
@nix {"action":"result","fields":[52,67,0,0],"id":5476031762792450,"type":105}
@nix {"action":"result","fields":[0,0,0,0],"id":5476031762792451,"type":105}
@nix {"action":"result","fields":[101,0],"id":5476031762792449,"type":106}
@nix {"action":"result","fields":[100,0],"id":5476031762792449,"type":106}
@nix {"action":"start","fields":["/tmp/obrador-shared-pins-linux/round-3-after/chain-round-1-jobs-8/store/13f6q3a6faf8gfn2883a22q67gbakhv6-leaf-17.drv","",1,1],"id":5476031762792504,"level":3,"parent":0,"text":"building '/tmp/obrador-shared-pins-linux/round-3-after/chain-round-1-jobs-8/store/13f6q3a6faf8gfn2883a22q67gbakhv6-leaf-17.drv'","type":105}
@nix {"action":"result","fields":[52,67,1,0],"id":5476031762792450,"type":105}
@nix {"action":"result","fields":[0,0,0,0],"id":5476031762792451,"type":105}
@nix {"action":"result","fields":[101,0],"id":5476031762792449,"type":106}
@nix {"action":"result","fields":[100,0],"id":5476031762792449,"type":106}
@nix {"action":"result","fields":[53,68,0,0],"id":5476031762792450,"type":105}
@nix {"action":"result","fields":[0,0,0,0],"id":5476031762792451,"type":105}
@nix {"action":"result","fields":[101,0],"id":5476031762792449,"type":106}
@nix {"action":"result","fields":[100,0],"id":5476031762792449,"type":106}
@nix {"action":"stop","id":5476031762792504}
@nix {"action":"start","fields":["/tmp/obrador-shared-pins-linux/round-3-after/chain-round-1-jobs-8/store/a0pzzjj7bnaz2wrs0wysy6n1j139lfza-leaf-18.drv.drv","/tmp/obrador-shared-pins-linux/round-3-after/chain-round-1-jobs-8/store/4imx026xff5iyzr57bcs13wq1dyrx6fg-leaf-18.drv.drv"],"id":5476031762792505,"level":3,"parent":0,"text":"resolved derivation: '/tmp/obrador-shared-pins-linux/round-3-after/chain-round-1-jobs-8/store/a0pzzjj7bnaz2wrs0wysy6n1j139lfza-leaf-18.drv.drv' -> '/tmp/obrador-shared-pins-linux/round-3-after/chain-round-1-jobs-8/store/4imx026xff5iyzr57bcs13wq1dyrx6fg-leaf-18.drv.drv'","type":111}
@nix {"action":"result","fields":[53,68,0,0],"id":5476031762792450,"type":105}
@nix {"action":"result","fields":[0,0,0,0],"id":5476031762792451,"type":105}
@nix {"action":"result","fields":[101,0],"id":5476031762792449,"type":106}
@nix {"action":"result","fields":[100,0],"id":5476031762792449,"type":106}
@nix {"action":"start","fields":["/tmp/obrador-shared-pins-linux/round-3-after/chain-round-1-jobs-8/store/4imx026xff5iyzr57bcs13wq1dyrx6fg-leaf-18.drv.drv","",1,1],"id":5476031762792506,"level":3,"parent":0,"text":"building '/tmp/obrador-shared-pins-linux/round-3-after/chain-round-1-jobs-8/store/4imx026xff5iyzr57bcs13wq1dyrx6fg-leaf-18.drv.drv'","type":105}
@nix {"action":"result","fields":[53,68,1,0],"id":5476031762792450,"type":105}
@nix {"action":"result","fields":[0,0,0,0],"id":5476031762792451,"type":105}
@nix {"action":"result","fields":[101,0],"id":5476031762792449,"type":106}
@nix {"action":"result","fields":[100,0],"id":5476031762792449,"type":106}
@nix {"action":"result","fields":[54,69,0,0],"id":5476031762792450,"type":105}
@nix {"action":"result","fields":[0,0,0,0],"id":5476031762792451,"type":105}
@nix {"action":"result","fields":[101,0],"id":5476031762792449,"type":106}
@nix {"action":"result","fields":[100,0],"id":5476031762792449,"type":106}
@nix {"action":"stop","id":5476031762792506}
@nix {"action":"result","fields":[55,69,0,0],"id":5476031762792450,"type":105}
@nix {"action":"result","fields":[0,0,0,0],"id":5476031762792451,"type":105}
@nix {"action":"result","fields":[101,0],"id":5476031762792449,"type":106}
@nix {"action":"result","fields":[100,0],"id":5476031762792449,"type":106}
@nix {"action":"stop","id":5476031762792505}
@nix {"action":"result","fields":[55,69,0,0],"id":5476031762792450,"type":105}
@nix {"action":"result","fields":[0,0,0,0],"id":5476031762792451,"type":105}
@nix {"action":"result","fields":[101,0],"id":5476031762792449,"type":106}
@nix {"action":"result","fields":[100,0],"id":5476031762792449,"type":106}
@nix {"action":"start","fields":["/tmp/obrador-shared-pins-linux/round-3-after/chain-round-1-jobs-8/store/3n5j23cmi9ynnsr0nkxda28cxswfb3q6-leaf-18.drv","",1,1],"id":5476031762792507,"level":3,"parent":0,"text":"building '/tmp/obrador-shared-pins-linux/round-3-after/chain-round-1-jobs-8/store/3n5j23cmi9ynnsr0nkxda28cxswfb3q6-leaf-18.drv'","type":105}
@nix {"action":"result","fields":[55,69,1,0],"id":5476031762792450,"type":105}
@nix {"action":"result","fields":[0,0,0,0],"id":5476031762792451,"type":105}
@nix {"action":"result","fields":[101,0],"id":5476031762792449,"type":106}
@nix {"action":"result","fields":[100,0],"id":5476031762792449,"type":106}
@nix {"action":"result","fields":[56,70,0,0],"id":5476031762792450,"type":105}
@nix {"action":"result","fields":[0,0,0,0],"id":5476031762792451,"type":105}
@nix {"action":"result","fields":[101,0],"id":5476031762792449,"type":106}
@nix {"action":"result","fields":[100,0],"id":5476031762792449,"type":106}
@nix {"action":"stop","id":5476031762792507}
@nix {"action":"start","fields":["/tmp/obrador-shared-pins-linux/round-3-after/chain-round-1-jobs-8/store/bg6nlf8b5ng0gdcf5syf0zqfvi2zynsf-leaf-19.drv.drv","/tmp/obrador-shared-pins-linux/round-3-after/chain-round-1-jobs-8/store/7jaxi1xkzj1jlg5rrna6hkjlpr6msmrl-leaf-19.drv.drv"],"id":5476031762792508,"level":3,"parent":0,"text":"resolved derivation: '/tmp/obrador-shared-pins-linux/round-3-after/chain-round-1-jobs-8/store/bg6nlf8b5ng0gdcf5syf0zqfvi2zynsf-leaf-19.drv.drv' -> '/tmp/obrador-shared-pins-linux/round-3-after/chain-round-1-jobs-8/store/7jaxi1xkzj1jlg5rrna6hkjlpr6msmrl-leaf-19.drv.drv'","type":111}
@nix {"action":"result","fields":[56,70,0,0],"id":5476031762792450,"type":105}
@nix {"action":"result","fields":[0,0,0,0],"id":5476031762792451,"type":105}
@nix {"action":"result","fields":[101,0],"id":5476031762792449,"type":106}
@nix {"action":"result","fields":[100,0],"id":5476031762792449,"type":106}
@nix {"action":"start","fields":["/tmp/obrador-shared-pins-linux/round-3-after/chain-round-1-jobs-8/store/7jaxi1xkzj1jlg5rrna6hkjlpr6msmrl-leaf-19.drv.drv","",1,1],"id":5476031762792509,"level":3,"parent":0,"text":"building '/tmp/obrador-shared-pins-linux/round-3-after/chain-round-1-jobs-8/store/7jaxi1xkzj1jlg5rrna6hkjlpr6msmrl-leaf-19.drv.drv'","type":105}
@nix {"action":"result","fields":[56,70,1,0],"id":5476031762792450,"type":105}
@nix {"action":"result","fields":[0,0,0,0],"id":5476031762792451,"type":105}
@nix {"action":"result","fields":[101,0],"id":5476031762792449,"type":106}
@nix {"action":"result","fields":[100,0],"id":5476031762792449,"type":106}
@nix {"action":"result","fields":[57,71,0,0],"id":5476031762792450,"type":105}
@nix {"action":"result","fields":[0,0,0,0],"id":5476031762792451,"type":105}
@nix {"action":"result","fields":[101,0],"id":5476031762792449,"type":106}
@nix {"action":"result","fields":[100,0],"id":5476031762792449,"type":106}
@nix {"action":"stop","id":5476031762792509}
@nix {"action":"result","fields":[58,71,0,0],"id":5476031762792450,"type":105}
@nix {"action":"result","fields":[0,0,0,0],"id":5476031762792451,"type":105}
@nix {"action":"result","fields":[101,0],"id":5476031762792449,"type":106}
@nix {"action":"result","fields":[100,0],"id":5476031762792449,"type":106}
@nix {"action":"stop","id":5476031762792508}
@nix {"action":"result","fields":[58,71,0,0],"id":5476031762792450,"type":105}
@nix {"action":"result","fields":[0,0,0,0],"id":5476031762792451,"type":105}
@nix {"action":"result","fields":[101,0],"id":5476031762792449,"type":106}
@nix {"action":"result","fields":[100,0],"id":5476031762792449,"type":106}
@nix {"action":"start","fields":["/tmp/obrador-shared-pins-linux/round-3-after/chain-round-1-jobs-8/store/85x5dgm02msb47bd2qk5c6h26p162cbz-leaf-19.drv","",1,1],"id":5476031762792510,"level":3,"parent":0,"text":"building '/tmp/obrador-shared-pins-linux/round-3-after/chain-round-1-jobs-8/store/85x5dgm02msb47bd2qk5c6h26p162cbz-leaf-19.drv'","type":105}
@nix {"action":"result","fields":[58,71,1,0],"id":5476031762792450,"type":105}
@nix {"action":"result","fields":[0,0,0,0],"id":5476031762792451,"type":105}
@nix {"action":"result","fields":[101,0],"id":5476031762792449,"type":106}
@nix {"action":"result","fields":[100,0],"id":5476031762792449,"type":106}
@nix {"action":"result","fields":[59,72,0,0],"id":5476031762792450,"type":105}
@nix {"action":"result","fields":[0,0,0,0],"id":5476031762792451,"type":105}
@nix {"action":"result","fields":[101,0],"id":5476031762792449,"type":106}
@nix {"action":"result","fields":[100,0],"id":5476031762792449,"type":106}
@nix {"action":"stop","id":5476031762792510}
@nix {"action":"start","fields":["/tmp/obrador-shared-pins-linux/round-3-after/chain-round-1-jobs-8/store/l0rl5hg1if30zasc67r5d5jg6lk4qd0l-leaf-20.drv.drv","/tmp/obrador-shared-pins-linux/round-3-after/chain-round-1-jobs-8/store/27s466ypb20m7rmdwi7hhd7is4f5fr2h-leaf-20.drv.drv"],"id":5476031762792511,"level":3,"parent":0,"text":"resolved derivation: '/tmp/obrador-shared-pins-linux/round-3-after/chain-round-1-jobs-8/store/l0rl5hg1if30zasc67r5d5jg6lk4qd0l-leaf-20.drv.drv' -> '/tmp/obrador-shared-pins-linux/round-3-after/chain-round-1-jobs-8/store/27s466ypb20m7rmdwi7hhd7is4f5fr2h-leaf-20.drv.drv'","type":111}
@nix {"action":"result","fields":[59,72,0,0],"id":5476031762792450,"type":105}
@nix {"action":"result","fields":[0,0,0,0],"id":5476031762792451,"type":105}
@nix {"action":"result","fields":[101,0],"id":5476031762792449,"type":106}
@nix {"action":"result","fields":[100,0],"id":5476031762792449,"type":106}
@nix {"action":"start","fields":["/tmp/obrador-shared-pins-linux/round-3-after/chain-round-1-jobs-8/store/27s466ypb20m7rmdwi7hhd7is4f5fr2h-leaf-20.drv.drv","",1,1],"id":5476031762792512,"level":3,"parent":0,"text":"building '/tmp/obrador-shared-pins-linux/round-3-after/chain-round-1-jobs-8/store/27s466ypb20m7rmdwi7hhd7is4f5fr2h-leaf-20.drv.drv'","type":105}
@nix {"action":"result","fields":[59,72,1,0],"id":5476031762792450,"type":105}
@nix {"action":"result","fields":[0,0,0,0],"id":5476031762792451,"type":105}
@nix {"action":"result","fields":[101,0],"id":5476031762792449,"type":106}
@nix {"action":"result","fields":[100,0],"id":5476031762792449,"type":106}
@nix {"action":"result","fields":[60,73,0,0],"id":5476031762792450,"type":105}
@nix {"action":"result","fields":[0,0,0,0],"id":5476031762792451,"type":105}
@nix {"action":"result","fields":[101,0],"id":5476031762792449,"type":106}
@nix {"action":"result","fields":[100,0],"id":5476031762792449,"type":106}
@nix {"action":"stop","id":5476031762792512}
@nix {"action":"result","fields":[61,73,0,0],"id":5476031762792450,"type":105}
@nix {"action":"result","fields":[0,0,0,0],"id":5476031762792451,"type":105}
@nix {"action":"result","fields":[101,0],"id":5476031762792449,"type":106}
@nix {"action":"result","fields":[100,0],"id":5476031762792449,"type":106}
@nix {"action":"stop","id":5476031762792511}
@nix {"action":"result","fields":[61,73,0,0],"id":5476031762792450,"type":105}
@nix {"action":"result","fields":[0,0,0,0],"id":5476031762792451,"type":105}
@nix {"action":"result","fields":[101,0],"id":5476031762792449,"type":106}
@nix {"action":"result","fields":[100,0],"id":5476031762792449,"type":106}
@nix {"action":"start","fields":["/tmp/obrador-shared-pins-linux/round-3-after/chain-round-1-jobs-8/store/asdc015inqvslgvp4fygvhfbd38nh3ig-leaf-20.drv","",1,1],"id":5476031762792513,"level":3,"parent":0,"text":"building '/tmp/obrador-shared-pins-linux/round-3-after/chain-round-1-jobs-8/store/asdc015inqvslgvp4fygvhfbd38nh3ig-leaf-20.drv'","type":105}
@nix {"action":"result","fields":[61,73,1,0],"id":5476031762792450,"type":105}
@nix {"action":"result","fields":[0,0,0,0],"id":5476031762792451,"type":105}
@nix {"action":"result","fields":[101,0],"id":5476031762792449,"type":106}
@nix {"action":"result","fields":[100,0],"id":5476031762792449,"type":106}
@nix {"action":"result","fields":[62,74,0,0],"id":5476031762792450,"type":105}
@nix {"action":"result","fields":[0,0,0,0],"id":5476031762792451,"type":105}
@nix {"action":"result","fields":[101,0],"id":5476031762792449,"type":106}
@nix {"action":"result","fields":[100,0],"id":5476031762792449,"type":106}
@nix {"action":"stop","id":5476031762792513}
@nix {"action":"start","fields":["/tmp/obrador-shared-pins-linux/round-3-after/chain-round-1-jobs-8/store/jh64x4f2k16ga2b5gnnw3jm8xcrfjl26-leaf-21.drv.drv","/tmp/obrador-shared-pins-linux/round-3-after/chain-round-1-jobs-8/store/qwq4nxmm5f9hx8svwnk69cb7g6a48gbd-leaf-21.drv.drv"],"id":5476031762792514,"level":3,"parent":0,"text":"resolved derivation: '/tmp/obrador-shared-pins-linux/round-3-after/chain-round-1-jobs-8/store/jh64x4f2k16ga2b5gnnw3jm8xcrfjl26-leaf-21.drv.drv' -> '/tmp/obrador-shared-pins-linux/round-3-after/chain-round-1-jobs-8/store/qwq4nxmm5f9hx8svwnk69cb7g6a48gbd-leaf-21.drv.drv'","type":111}
@nix {"action":"result","fields":[62,74,0,0],"id":5476031762792450,"type":105}
@nix {"action":"result","fields":[0,0,0,0],"id":5476031762792451,"type":105}
@nix {"action":"result","fields":[101,0],"id":5476031762792449,"type":106}
@nix {"action":"result","fields":[100,0],"id":5476031762792449,"type":106}
@nix {"action":"start","fields":["/tmp/obrador-shared-pins-linux/round-3-after/chain-round-1-jobs-8/store/qwq4nxmm5f9hx8svwnk69cb7g6a48gbd-leaf-21.drv.drv","",1,1],"id":5476031762792515,"level":3,"parent":0,"text":"building '/tmp/obrador-shared-pins-linux/round-3-after/chain-round-1-jobs-8/store/qwq4nxmm5f9hx8svwnk69cb7g6a48gbd-leaf-21.drv.drv'","type":105}
@nix {"action":"result","fields":[62,74,1,0],"id":5476031762792450,"type":105}
@nix {"action":"result","fields":[0,0,0,0],"id":5476031762792451,"type":105}
@nix {"action":"result","fields":[101,0],"id":5476031762792449,"type":106}
@nix {"action":"result","fields":[100,0],"id":5476031762792449,"type":106}
@nix {"action":"result","fields":[63,75,0,0],"id":5476031762792450,"type":105}
@nix {"action":"result","fields":[0,0,0,0],"id":5476031762792451,"type":105}
@nix {"action":"result","fields":[101,0],"id":5476031762792449,"type":106}
@nix {"action":"result","fields":[100,0],"id":5476031762792449,"type":106}
@nix {"action":"stop","id":5476031762792515}
@nix {"action":"result","fields":[64,75,0,0],"id":5476031762792450,"type":105}
@nix {"action":"result","fields":[0,0,0,0],"id":5476031762792451,"type":105}
@nix {"action":"result","fields":[101,0],"id":5476031762792449,"type":106}
@nix {"action":"result","fields":[100,0],"id":5476031762792449,"type":106}
@nix {"action":"stop","id":5476031762792514}
@nix {"action":"result","fields":[64,75,0,0],"id":5476031762792450,"type":105}
@nix {"action":"result","fields":[0,0,0,0],"id":5476031762792451,"type":105}
@nix {"action":"result","fields":[101,0],"id":5476031762792449,"type":106}
@nix {"action":"result","fields":[100,0],"id":5476031762792449,"type":106}
@nix {"action":"start","fields":["/tmp/obrador-shared-pins-linux/round-3-after/chain-round-1-jobs-8/store/nqggfj5f714p1ai80lpzqgfzy75bhqwv-leaf-21.drv","",1,1],"id":5476031762792516,"level":3,"parent":0,"text":"building '/tmp/obrador-shared-pins-linux/round-3-after/chain-round-1-jobs-8/store/nqggfj5f714p1ai80lpzqgfzy75bhqwv-leaf-21.drv'","type":105}
@nix {"action":"result","fields":[64,75,1,0],"id":5476031762792450,"type":105}
@nix {"action":"result","fields":[0,0,0,0],"id":5476031762792451,"type":105}
@nix {"action":"result","fields":[101,0],"id":5476031762792449,"type":106}
@nix {"action":"result","fields":[100,0],"id":5476031762792449,"type":106}
@nix {"action":"result","fields":[65,76,0,0],"id":5476031762792450,"type":105}
@nix {"action":"result","fields":[0,0,0,0],"id":5476031762792451,"type":105}
@nix {"action":"result","fields":[101,0],"id":5476031762792449,"type":106}
@nix {"action":"result","fields":[100,0],"id":5476031762792449,"type":106}
@nix {"action":"stop","id":5476031762792516}
@nix {"action":"start","fields":["/tmp/obrador-shared-pins-linux/round-3-after/chain-round-1-jobs-8/store/4bqvhzq8xplwa3vap2rz5prh2l1g8nri-leaf-22.drv.drv","/tmp/obrador-shared-pins-linux/round-3-after/chain-round-1-jobs-8/store/iq74xvcldjjfp0nmj2ygg4qymijr6sfi-leaf-22.drv.drv"],"id":5476031762792517,"level":3,"parent":0,"text":"resolved derivation: '/tmp/obrador-shared-pins-linux/round-3-after/chain-round-1-jobs-8/store/4bqvhzq8xplwa3vap2rz5prh2l1g8nri-leaf-22.drv.drv' -> '/tmp/obrador-shared-pins-linux/round-3-after/chain-round-1-jobs-8/store/iq74xvcldjjfp0nmj2ygg4qymijr6sfi-leaf-22.drv.drv'","type":111}
@nix {"action":"result","fields":[65,76,0,0],"id":5476031762792450,"type":105}
@nix {"action":"result","fields":[0,0,0,0],"id":5476031762792451,"type":105}
@nix {"action":"result","fields":[101,0],"id":5476031762792449,"type":106}
@nix {"action":"result","fields":[100,0],"id":5476031762792449,"type":106}
@nix {"action":"start","fields":["/tmp/obrador-shared-pins-linux/round-3-after/chain-round-1-jobs-8/store/iq74xvcldjjfp0nmj2ygg4qymijr6sfi-leaf-22.drv.drv","",1,1],"id":5476031762792518,"level":3,"parent":0,"text":"building '/tmp/obrador-shared-pins-linux/round-3-after/chain-round-1-jobs-8/store/iq74xvcldjjfp0nmj2ygg4qymijr6sfi-leaf-22.drv.drv'","type":105}
@nix {"action":"result","fields":[65,76,1,0],"id":5476031762792450,"type":105}
@nix {"action":"result","fields":[0,0,0,0],"id":5476031762792451,"type":105}
@nix {"action":"result","fields":[101,0],"id":5476031762792449,"type":106}
@nix {"action":"result","fields":[100,0],"id":5476031762792449,"type":106}
@nix {"action":"result","fields":[66,77,0,0],"id":5476031762792450,"type":105}
@nix {"action":"result","fields":[0,0,0,0],"id":5476031762792451,"type":105}
@nix {"action":"result","fields":[101,0],"id":5476031762792449,"type":106}
@nix {"action":"result","fields":[100,0],"id":5476031762792449,"type":106}
@nix {"action":"stop","id":5476031762792518}
@nix {"action":"result","fields":[67,77,0,0],"id":5476031762792450,"type":105}
@nix {"action":"result","fields":[0,0,0,0],"id":5476031762792451,"type":105}
@nix {"action":"result","fields":[101,0],"id":5476031762792449,"type":106}
@nix {"action":"result","fields":[100,0],"id":5476031762792449,"type":106}
@nix {"action":"stop","id":5476031762792517}
@nix {"action":"result","fields":[67,77,0,0],"id":5476031762792450,"type":105}
@nix {"action":"result","fields":[0,0,0,0],"id":5476031762792451,"type":105}
@nix {"action":"result","fields":[101,0],"id":5476031762792449,"type":106}
@nix {"action":"result","fields":[100,0],"id":5476031762792449,"type":106}
@nix {"action":"start","fields":["/tmp/obrador-shared-pins-linux/round-3-after/chain-round-1-jobs-8/store/1qhxiqmjdj2hqzyd2snxdxglrqjnk7bq-leaf-22.drv","",1,1],"id":5476031762792519,"level":3,"parent":0,"text":"building '/tmp/obrador-shared-pins-linux/round-3-after/chain-round-1-jobs-8/store/1qhxiqmjdj2hqzyd2snxdxglrqjnk7bq-leaf-22.drv'","type":105}
@nix {"action":"result","fields":[67,77,1,0],"id":5476031762792450,"type":105}
@nix {"action":"result","fields":[0,0,0,0],"id":5476031762792451,"type":105}
@nix {"action":"result","fields":[101,0],"id":5476031762792449,"type":106}
@nix {"action":"result","fields":[100,0],"id":5476031762792449,"type":106}
@nix {"action":"result","fields":[68,78,0,0],"id":5476031762792450,"type":105}
@nix {"action":"result","fields":[0,0,0,0],"id":5476031762792451,"type":105}
@nix {"action":"result","fields":[101,0],"id":5476031762792449,"type":106}
@nix {"action":"result","fields":[100,0],"id":5476031762792449,"type":106}
@nix {"action":"stop","id":5476031762792519}
@nix {"action":"start","fields":["/tmp/obrador-shared-pins-linux/round-3-after/chain-round-1-jobs-8/store/3hz7sdvkaz27ml9qv0inrfk5spqpw0yp-leaf-23.drv.drv","/tmp/obrador-shared-pins-linux/round-3-after/chain-round-1-jobs-8/store/9zr1fkjbvyc1qvkkwfsq7d1l8pgd32hm-leaf-23.drv.drv"],"id":5476031762792520,"level":3,"parent":0,"text":"resolved derivation: '/tmp/obrador-shared-pins-linux/round-3-after/chain-round-1-jobs-8/store/3hz7sdvkaz27ml9qv0inrfk5spqpw0yp-leaf-23.drv.drv' -> '/tmp/obrador-shared-pins-linux/round-3-after/chain-round-1-jobs-8/store/9zr1fkjbvyc1qvkkwfsq7d1l8pgd32hm-leaf-23.drv.drv'","type":111}
@nix {"action":"result","fields":[68,78,0,0],"id":5476031762792450,"type":105}
@nix {"action":"result","fields":[0,0,0,0],"id":5476031762792451,"type":105}
@nix {"action":"result","fields":[101,0],"id":5476031762792449,"type":106}
@nix {"action":"result","fields":[100,0],"id":5476031762792449,"type":106}
@nix {"action":"start","fields":["/tmp/obrador-shared-pins-linux/round-3-after/chain-round-1-jobs-8/store/9zr1fkjbvyc1qvkkwfsq7d1l8pgd32hm-leaf-23.drv.drv","",1,1],"id":5476031762792521,"level":3,"parent":0,"text":"building '/tmp/obrador-shared-pins-linux/round-3-after/chain-round-1-jobs-8/store/9zr1fkjbvyc1qvkkwfsq7d1l8pgd32hm-leaf-23.drv.drv'","type":105}
@nix {"action":"result","fields":[68,78,1,0],"id":5476031762792450,"type":105}
@nix {"action":"result","fields":[0,0,0,0],"id":5476031762792451,"type":105}
@nix {"action":"result","fields":[101,0],"id":5476031762792449,"type":106}
@nix {"action":"result","fields":[100,0],"id":5476031762792449,"type":106}
@nix {"action":"result","fields":[69,79,0,0],"id":5476031762792450,"type":105}
@nix {"action":"result","fields":[0,0,0,0],"id":5476031762792451,"type":105}
@nix {"action":"result","fields":[101,0],"id":5476031762792449,"type":106}
@nix {"action":"result","fields":[100,0],"id":5476031762792449,"type":106}
@nix {"action":"stop","id":5476031762792521}
@nix {"action":"result","fields":[70,79,0,0],"id":5476031762792450,"type":105}
@nix {"action":"result","fields":[0,0,0,0],"id":5476031762792451,"type":105}
@nix {"action":"result","fields":[101,0],"id":5476031762792449,"type":106}
@nix {"action":"result","fields":[100,0],"id":5476031762792449,"type":106}
@nix {"action":"stop","id":5476031762792520}
@nix {"action":"result","fields":[70,79,0,0],"id":5476031762792450,"type":105}
@nix {"action":"result","fields":[0,0,0,0],"id":5476031762792451,"type":105}
@nix {"action":"result","fields":[101,0],"id":5476031762792449,"type":106}
@nix {"action":"result","fields":[100,0],"id":5476031762792449,"type":106}
@nix {"action":"start","fields":["/tmp/obrador-shared-pins-linux/round-3-after/chain-round-1-jobs-8/store/wh3dpdwvh8ajs9kw6nhcnv0mli21wh67-leaf-23.drv","",1,1],"id":5476031762792522,"level":3,"parent":0,"text":"building '/tmp/obrador-shared-pins-linux/round-3-after/chain-round-1-jobs-8/store/wh3dpdwvh8ajs9kw6nhcnv0mli21wh67-leaf-23.drv'","type":105}
@nix {"action":"result","fields":[70,79,1,0],"id":5476031762792450,"type":105}
@nix {"action":"result","fields":[0,0,0,0],"id":5476031762792451,"type":105}
@nix {"action":"result","fields":[101,0],"id":5476031762792449,"type":106}
@nix {"action":"result","fields":[100,0],"id":5476031762792449,"type":106}
@nix {"action":"result","fields":[71,80,0,0],"id":5476031762792450,"type":105}
@nix {"action":"result","fields":[0,0,0,0],"id":5476031762792451,"type":105}
@nix {"action":"result","fields":[101,0],"id":5476031762792449,"type":106}
@nix {"action":"result","fields":[100,0],"id":5476031762792449,"type":106}
@nix {"action":"stop","id":5476031762792522}
@nix {"action":"start","fields":["/tmp/obrador-shared-pins-linux/round-3-after/chain-round-1-jobs-8/store/b989rlnqvwc2zrbxkb2l5wl73khh2ik0-leaf-24.drv.drv","/tmp/obrador-shared-pins-linux/round-3-after/chain-round-1-jobs-8/store/jx8qywwy09c02fhzvklpdxc48xwr0azq-leaf-24.drv.drv"],"id":5476031762792523,"level":3,"parent":0,"text":"resolved derivation: '/tmp/obrador-shared-pins-linux/round-3-after/chain-round-1-jobs-8/store/b989rlnqvwc2zrbxkb2l5wl73khh2ik0-leaf-24.drv.drv' -> '/tmp/obrador-shared-pins-linux/round-3-after/chain-round-1-jobs-8/store/jx8qywwy09c02fhzvklpdxc48xwr0azq-leaf-24.drv.drv'","type":111}
@nix {"action":"result","fields":[71,80,0,0],"id":5476031762792450,"type":105}
@nix {"action":"result","fields":[0,0,0,0],"id":5476031762792451,"type":105}
@nix {"action":"result","fields":[101,0],"id":5476031762792449,"type":106}
@nix {"action":"result","fields":[100,0],"id":5476031762792449,"type":106}
@nix {"action":"start","fields":["/tmp/obrador-shared-pins-linux/round-3-after/chain-round-1-jobs-8/store/jx8qywwy09c02fhzvklpdxc48xwr0azq-leaf-24.drv.drv","",1,1],"id":5476031762792524,"level":3,"parent":0,"text":"building '/tmp/obrador-shared-pins-linux/round-3-after/chain-round-1-jobs-8/store/jx8qywwy09c02fhzvklpdxc48xwr0azq-leaf-24.drv.drv'","type":105}
@nix {"action":"result","fields":[71,80,1,0],"id":5476031762792450,"type":105}
@nix {"action":"result","fields":[0,0,0,0],"id":5476031762792451,"type":105}
@nix {"action":"result","fields":[101,0],"id":5476031762792449,"type":106}
@nix {"action":"result","fields":[100,0],"id":5476031762792449,"type":106}
@nix {"action":"result","fields":[72,81,0,0],"id":5476031762792450,"type":105}
@nix {"action":"result","fields":[0,0,0,0],"id":5476031762792451,"type":105}
@nix {"action":"result","fields":[101,0],"id":5476031762792449,"type":106}
@nix {"action":"result","fields":[100,0],"id":5476031762792449,"type":106}
@nix {"action":"stop","id":5476031762792524}
@nix {"action":"result","fields":[73,81,0,0],"id":5476031762792450,"type":105}
@nix {"action":"result","fields":[0,0,0,0],"id":5476031762792451,"type":105}
@nix {"action":"result","fields":[101,0],"id":5476031762792449,"type":106}
@nix {"action":"result","fields":[100,0],"id":5476031762792449,"type":106}
@nix {"action":"stop","id":5476031762792523}
@nix {"action":"result","fields":[73,81,0,0],"id":5476031762792450,"type":105}
@nix {"action":"result","fields":[0,0,0,0],"id":5476031762792451,"type":105}
@nix {"action":"result","fields":[101,0],"id":5476031762792449,"type":106}
@nix {"action":"result","fields":[100,0],"id":5476031762792449,"type":106}
@nix {"action":"start","fields":["/tmp/obrador-shared-pins-linux/round-3-after/chain-round-1-jobs-8/store/n49spvbh4r6f43686kyfia6dsaqwwijh-leaf-24.drv","",1,1],"id":5476031762792525,"level":3,"parent":0,"text":"building '/tmp/obrador-shared-pins-linux/round-3-after/chain-round-1-jobs-8/store/n49spvbh4r6f43686kyfia6dsaqwwijh-leaf-24.drv'","type":105}
@nix {"action":"result","fields":[73,81,1,0],"id":5476031762792450,"type":105}
@nix {"action":"result","fields":[0,0,0,0],"id":5476031762792451,"type":105}
@nix {"action":"result","fields":[101,0],"id":5476031762792449,"type":106}
@nix {"action":"result","fields":[100,0],"id":5476031762792449,"type":106}
@nix {"action":"result","fields":[74,82,0,0],"id":5476031762792450,"type":105}
@nix {"action":"result","fields":[0,0,0,0],"id":5476031762792451,"type":105}
@nix {"action":"result","fields":[101,0],"id":5476031762792449,"type":106}
@nix {"action":"result","fields":[100,0],"id":5476031762792449,"type":106}
@nix {"action":"stop","id":5476031762792525}
@nix {"action":"start","fields":["/tmp/obrador-shared-pins-linux/round-3-after/chain-round-1-jobs-8/store/mfnar8v5by0zqkfdss4lb1xviqcnk4zf-leaf-25.drv.drv","/tmp/obrador-shared-pins-linux/round-3-after/chain-round-1-jobs-8/store/zpkc287z2yhqzbjbz8kjxl3day2jc4a9-leaf-25.drv.drv"],"id":5476031762792526,"level":3,"parent":0,"text":"resolved derivation: '/tmp/obrador-shared-pins-linux/round-3-after/chain-round-1-jobs-8/store/mfnar8v5by0zqkfdss4lb1xviqcnk4zf-leaf-25.drv.drv' -> '/tmp/obrador-shared-pins-linux/round-3-after/chain-round-1-jobs-8/store/zpkc287z2yhqzbjbz8kjxl3day2jc4a9-leaf-25.drv.drv'","type":111}
@nix {"action":"result","fields":[74,82,0,0],"id":5476031762792450,"type":105}
@nix {"action":"result","fields":[0,0,0,0],"id":5476031762792451,"type":105}
@nix {"action":"result","fields":[101,0],"id":5476031762792449,"type":106}
@nix {"action":"result","fields":[100,0],"id":5476031762792449,"type":106}
@nix {"action":"start","fields":["/tmp/obrador-shared-pins-linux/round-3-after/chain-round-1-jobs-8/store/zpkc287z2yhqzbjbz8kjxl3day2jc4a9-leaf-25.drv.drv","",1,1],"id":5476031762792527,"level":3,"parent":0,"text":"building '/tmp/obrador-shared-pins-linux/round-3-after/chain-round-1-jobs-8/store/zpkc287z2yhqzbjbz8kjxl3day2jc4a9-leaf-25.drv.drv'","type":105}
@nix {"action":"result","fields":[74,82,1,0],"id":5476031762792450,"type":105}
@nix {"action":"result","fields":[0,0,0,0],"id":5476031762792451,"type":105}
@nix {"action":"result","fields":[101,0],"id":5476031762792449,"type":106}
@nix {"action":"result","fields":[100,0],"id":5476031762792449,"type":106}
@nix {"action":"result","fields":[75,83,0,0],"id":5476031762792450,"type":105}
@nix {"action":"result","fields":[0,0,0,0],"id":5476031762792451,"type":105}
@nix {"action":"result","fields":[101,0],"id":5476031762792449,"type":106}
@nix {"action":"result","fields":[100,0],"id":5476031762792449,"type":106}
@nix {"action":"stop","id":5476031762792527}
@nix {"action":"result","fields":[76,83,0,0],"id":5476031762792450,"type":105}
@nix {"action":"result","fields":[0,0,0,0],"id":5476031762792451,"type":105}
@nix {"action":"result","fields":[101,0],"id":5476031762792449,"type":106}
@nix {"action":"result","fields":[100,0],"id":5476031762792449,"type":106}
@nix {"action":"stop","id":5476031762792526}
@nix {"action":"result","fields":[76,83,0,0],"id":5476031762792450,"type":105}
@nix {"action":"result","fields":[0,0,0,0],"id":5476031762792451,"type":105}
@nix {"action":"result","fields":[101,0],"id":5476031762792449,"type":106}
@nix {"action":"result","fields":[100,0],"id":5476031762792449,"type":106}
@nix {"action":"start","fields":["/tmp/obrador-shared-pins-linux/round-3-after/chain-round-1-jobs-8/store/g5h9js7c7q18npdkvd9ypwambbxk73xz-leaf-25.drv","",1,1],"id":5476031762792528,"level":3,"parent":0,"text":"building '/tmp/obrador-shared-pins-linux/round-3-after/chain-round-1-jobs-8/store/g5h9js7c7q18npdkvd9ypwambbxk73xz-leaf-25.drv'","type":105}
@nix {"action":"result","fields":[76,83,1,0],"id":5476031762792450,"type":105}
@nix {"action":"result","fields":[0,0,0,0],"id":5476031762792451,"type":105}
@nix {"action":"result","fields":[101,0],"id":5476031762792449,"type":106}
@nix {"action":"result","fields":[100,0],"id":5476031762792449,"type":106}
@nix {"action":"result","fields":[77,84,0,0],"id":5476031762792450,"type":105}
@nix {"action":"result","fields":[0,0,0,0],"id":5476031762792451,"type":105}
@nix {"action":"result","fields":[101,0],"id":5476031762792449,"type":106}
@nix {"action":"result","fields":[100,0],"id":5476031762792449,"type":106}
@nix {"action":"stop","id":5476031762792528}
@nix {"action":"start","fields":["/tmp/obrador-shared-pins-linux/round-3-after/chain-round-1-jobs-8/store/4w615dmkpy98fvlczkmibh43ag8h2qxx-leaf-26.drv.drv","/tmp/obrador-shared-pins-linux/round-3-after/chain-round-1-jobs-8/store/16k7gi1jn5qamsfbr9m6x1pgj6hl46np-leaf-26.drv.drv"],"id":5476031762792529,"level":3,"parent":0,"text":"resolved derivation: '/tmp/obrador-shared-pins-linux/round-3-after/chain-round-1-jobs-8/store/4w615dmkpy98fvlczkmibh43ag8h2qxx-leaf-26.drv.drv' -> '/tmp/obrador-shared-pins-linux/round-3-after/chain-round-1-jobs-8/store/16k7gi1jn5qamsfbr9m6x1pgj6hl46np-leaf-26.drv.drv'","type":111}
@nix {"action":"result","fields":[77,84,0,0],"id":5476031762792450,"type":105}
@nix {"action":"result","fields":[0,0,0,0],"id":5476031762792451,"type":105}
@nix {"action":"result","fields":[101,0],"id":5476031762792449,"type":106}
@nix {"action":"result","fields":[100,0],"id":5476031762792449,"type":106}
@nix {"action":"start","fields":["/tmp/obrador-shared-pins-linux/round-3-after/chain-round-1-jobs-8/store/16k7gi1jn5qamsfbr9m6x1pgj6hl46np-leaf-26.drv.drv","",1,1],"id":5476031762792530,"level":3,"parent":0,"text":"building '/tmp/obrador-shared-pins-linux/round-3-after/chain-round-1-jobs-8/store/16k7gi1jn5qamsfbr9m6x1pgj6hl46np-leaf-26.drv.drv'","type":105}
@nix {"action":"result","fields":[77,84,1,0],"id":5476031762792450,"type":105}
@nix {"action":"result","fields":[0,0,0,0],"id":5476031762792451,"type":105}
@nix {"action":"result","fields":[101,0],"id":5476031762792449,"type":106}
@nix {"action":"result","fields":[100,0],"id":5476031762792449,"type":106}
@nix {"action":"result","fields":[78,85,0,0],"id":5476031762792450,"type":105}
@nix {"action":"result","fields":[0,0,0,0],"id":5476031762792451,"type":105}
@nix {"action":"result","fields":[101,0],"id":5476031762792449,"type":106}
@nix {"action":"result","fields":[100,0],"id":5476031762792449,"type":106}
@nix {"action":"stop","id":5476031762792530}
@nix {"action":"result","fields":[79,85,0,0],"id":5476031762792450,"type":105}
@nix {"action":"result","fields":[0,0,0,0],"id":5476031762792451,"type":105}
@nix {"action":"result","fields":[101,0],"id":5476031762792449,"type":106}
@nix {"action":"result","fields":[100,0],"id":5476031762792449,"type":106}
@nix {"action":"stop","id":5476031762792529}
@nix {"action":"result","fields":[79,85,0,0],"id":5476031762792450,"type":105}
@nix {"action":"result","fields":[0,0,0,0],"id":5476031762792451,"type":105}
@nix {"action":"result","fields":[101,0],"id":5476031762792449,"type":106}
@nix {"action":"result","fields":[100,0],"id":5476031762792449,"type":106}
@nix {"action":"start","fields":["/tmp/obrador-shared-pins-linux/round-3-after/chain-round-1-jobs-8/store/1gav8l1v1jpim9mdh4cnbp2gx633mcrm-leaf-26.drv","",1,1],"id":5476031762792531,"level":3,"parent":0,"text":"building '/tmp/obrador-shared-pins-linux/round-3-after/chain-round-1-jobs-8/store/1gav8l1v1jpim9mdh4cnbp2gx633mcrm-leaf-26.drv'","type":105}
@nix {"action":"result","fields":[79,85,1,0],"id":5476031762792450,"type":105}
@nix {"action":"result","fields":[0,0,0,0],"id":5476031762792451,"type":105}
@nix {"action":"result","fields":[101,0],"id":5476031762792449,"type":106}
@nix {"action":"result","fields":[100,0],"id":5476031762792449,"type":106}
@nix {"action":"result","fields":[80,86,0,0],"id":5476031762792450,"type":105}
@nix {"action":"result","fields":[0,0,0,0],"id":5476031762792451,"type":105}
@nix {"action":"result","fields":[101,0],"id":5476031762792449,"type":106}
@nix {"action":"result","fields":[100,0],"id":5476031762792449,"type":106}
@nix {"action":"stop","id":5476031762792531}
@nix {"action":"start","fields":["/tmp/obrador-shared-pins-linux/round-3-after/chain-round-1-jobs-8/store/csh90bsr793lgbbh03n2ks5sxc3gw7sq-leaf-27.drv.drv","/tmp/obrador-shared-pins-linux/round-3-after/chain-round-1-jobs-8/store/irxm44ffirlx4qialfsxvfsfjs5qkqic-leaf-27.drv.drv"],"id":5476031762792532,"level":3,"parent":0,"text":"resolved derivation: '/tmp/obrador-shared-pins-linux/round-3-after/chain-round-1-jobs-8/store/csh90bsr793lgbbh03n2ks5sxc3gw7sq-leaf-27.drv.drv' -> '/tmp/obrador-shared-pins-linux/round-3-after/chain-round-1-jobs-8/store/irxm44ffirlx4qialfsxvfsfjs5qkqic-leaf-27.drv.drv'","type":111}
@nix {"action":"result","fields":[80,86,0,0],"id":5476031762792450,"type":105}
@nix {"action":"result","fields":[0,0,0,0],"id":5476031762792451,"type":105}
@nix {"action":"result","fields":[101,0],"id":5476031762792449,"type":106}
@nix {"action":"result","fields":[100,0],"id":5476031762792449,"type":106}
@nix {"action":"start","fields":["/tmp/obrador-shared-pins-linux/round-3-after/chain-round-1-jobs-8/store/irxm44ffirlx4qialfsxvfsfjs5qkqic-leaf-27.drv.drv","",1,1],"id":5476031762792533,"level":3,"parent":0,"text":"building '/tmp/obrador-shared-pins-linux/round-3-after/chain-round-1-jobs-8/store/irxm44ffirlx4qialfsxvfsfjs5qkqic-leaf-27.drv.drv'","type":105}
@nix {"action":"result","fields":[80,86,1,0],"id":5476031762792450,"type":105}
@nix {"action":"result","fields":[0,0,0,0],"id":5476031762792451,"type":105}
@nix {"action":"result","fields":[101,0],"id":5476031762792449,"type":106}
@nix {"action":"result","fields":[100,0],"id":5476031762792449,"type":106}
@nix {"action":"result","fields":[81,87,0,0],"id":5476031762792450,"type":105}
@nix {"action":"result","fields":[0,0,0,0],"id":5476031762792451,"type":105}
@nix {"action":"result","fields":[101,0],"id":5476031762792449,"type":106}
@nix {"action":"result","fields":[100,0],"id":5476031762792449,"type":106}
@nix {"action":"stop","id":5476031762792533}
@nix {"action":"result","fields":[82,87,0,0],"id":5476031762792450,"type":105}
@nix {"action":"result","fields":[0,0,0,0],"id":5476031762792451,"type":105}
@nix {"action":"result","fields":[101,0],"id":5476031762792449,"type":106}
@nix {"action":"result","fields":[100,0],"id":5476031762792449,"type":106}
@nix {"action":"stop","id":5476031762792532}
@nix {"action":"result","fields":[82,87,0,0],"id":5476031762792450,"type":105}
@nix {"action":"result","fields":[0,0,0,0],"id":5476031762792451,"type":105}
@nix {"action":"result","fields":[101,0],"id":5476031762792449,"type":106}
@nix {"action":"result","fields":[100,0],"id":5476031762792449,"type":106}
@nix {"action":"start","fields":["/tmp/obrador-shared-pins-linux/round-3-after/chain-round-1-jobs-8/store/2kml45cxbbm2xwsik2wmdgbx65idkllw-leaf-27.drv","",1,1],"id":5476031762792534,"level":3,"parent":0,"text":"building '/tmp/obrador-shared-pins-linux/round-3-after/chain-round-1-jobs-8/store/2kml45cxbbm2xwsik2wmdgbx65idkllw-leaf-27.drv'","type":105}
@nix {"action":"result","fields":[82,87,1,0],"id":5476031762792450,"type":105}
@nix {"action":"result","fields":[0,0,0,0],"id":5476031762792451,"type":105}
@nix {"action":"result","fields":[101,0],"id":5476031762792449,"type":106}
@nix {"action":"result","fields":[100,0],"id":5476031762792449,"type":106}
@nix {"action":"result","fields":[83,88,0,0],"id":5476031762792450,"type":105}
@nix {"action":"result","fields":[0,0,0,0],"id":5476031762792451,"type":105}
@nix {"action":"result","fields":[101,0],"id":5476031762792449,"type":106}
@nix {"action":"result","fields":[100,0],"id":5476031762792449,"type":106}
@nix {"action":"stop","id":5476031762792534}
@nix {"action":"start","fields":["/tmp/obrador-shared-pins-linux/round-3-after/chain-round-1-jobs-8/store/znp3cykk0i0g77vq6m4bf6wspm127lz1-leaf-28.drv.drv","/tmp/obrador-shared-pins-linux/round-3-after/chain-round-1-jobs-8/store/0sncmy7ncnixzkqz4pjsc0vp7s1i0x7l-leaf-28.drv.drv"],"id":5476031762792535,"level":3,"parent":0,"text":"resolved derivation: '/tmp/obrador-shared-pins-linux/round-3-after/chain-round-1-jobs-8/store/znp3cykk0i0g77vq6m4bf6wspm127lz1-leaf-28.drv.drv' -> '/tmp/obrador-shared-pins-linux/round-3-after/chain-round-1-jobs-8/store/0sncmy7ncnixzkqz4pjsc0vp7s1i0x7l-leaf-28.drv.drv'","type":111}
@nix {"action":"result","fields":[83,88,0,0],"id":5476031762792450,"type":105}
@nix {"action":"result","fields":[0,0,0,0],"id":5476031762792451,"type":105}
@nix {"action":"result","fields":[101,0],"id":5476031762792449,"type":106}
@nix {"action":"result","fields":[100,0],"id":5476031762792449,"type":106}
@nix {"action":"start","fields":["/tmp/obrador-shared-pins-linux/round-3-after/chain-round-1-jobs-8/store/0sncmy7ncnixzkqz4pjsc0vp7s1i0x7l-leaf-28.drv.drv","",1,1],"id":5476031762792536,"level":3,"parent":0,"text":"building '/tmp/obrador-shared-pins-linux/round-3-after/chain-round-1-jobs-8/store/0sncmy7ncnixzkqz4pjsc0vp7s1i0x7l-leaf-28.drv.drv'","type":105}
@nix {"action":"result","fields":[83,88,1,0],"id":5476031762792450,"type":105}
@nix {"action":"result","fields":[0,0,0,0],"id":5476031762792451,"type":105}
@nix {"action":"result","fields":[101,0],"id":5476031762792449,"type":106}
@nix {"action":"result","fields":[100,0],"id":5476031762792449,"type":106}
@nix {"action":"result","fields":[84,89,0,0],"id":5476031762792450,"type":105}
@nix {"action":"result","fields":[0,0,0,0],"id":5476031762792451,"type":105}
@nix {"action":"result","fields":[101,0],"id":5476031762792449,"type":106}
@nix {"action":"result","fields":[100,0],"id":5476031762792449,"type":106}
@nix {"action":"stop","id":5476031762792536}
@nix {"action":"result","fields":[85,89,0,0],"id":5476031762792450,"type":105}
@nix {"action":"result","fields":[0,0,0,0],"id":5476031762792451,"type":105}
@nix {"action":"result","fields":[101,0],"id":5476031762792449,"type":106}
@nix {"action":"result","fields":[100,0],"id":5476031762792449,"type":106}
@nix {"action":"stop","id":5476031762792535}
@nix {"action":"result","fields":[85,89,0,0],"id":5476031762792450,"type":105}
@nix {"action":"result","fields":[0,0,0,0],"id":5476031762792451,"type":105}
@nix {"action":"result","fields":[101,0],"id":5476031762792449,"type":106}
@nix {"action":"result","fields":[100,0],"id":5476031762792449,"type":106}
@nix {"action":"start","fields":["/tmp/obrador-shared-pins-linux/round-3-after/chain-round-1-jobs-8/store/rwj6m842byp1gxhk7mw4q2aygzg3wk3l-leaf-28.drv","",1,1],"id":5476031762792537,"level":3,"parent":0,"text":"building '/tmp/obrador-shared-pins-linux/round-3-after/chain-round-1-jobs-8/store/rwj6m842byp1gxhk7mw4q2aygzg3wk3l-leaf-28.drv'","type":105}
@nix {"action":"result","fields":[85,89,1,0],"id":5476031762792450,"type":105}
@nix {"action":"result","fields":[0,0,0,0],"id":5476031762792451,"type":105}
@nix {"action":"result","fields":[101,0],"id":5476031762792449,"type":106}
@nix {"action":"result","fields":[100,0],"id":5476031762792449,"type":106}
@nix {"action":"result","fields":[86,90,0,0],"id":5476031762792450,"type":105}
@nix {"action":"result","fields":[0,0,0,0],"id":5476031762792451,"type":105}
@nix {"action":"result","fields":[101,0],"id":5476031762792449,"type":106}
@nix {"action":"result","fields":[100,0],"id":5476031762792449,"type":106}
@nix {"action":"stop","id":5476031762792537}
@nix {"action":"start","fields":["/tmp/obrador-shared-pins-linux/round-3-after/chain-round-1-jobs-8/store/miq2csdw0p8hqj7s0j54blcs1sg3py9m-leaf-29.drv.drv","/tmp/obrador-shared-pins-linux/round-3-after/chain-round-1-jobs-8/store/qdc2qpwmpdxqidnkz7vdb22m7dzqi1db-leaf-29.drv.drv"],"id":5476031762792538,"level":3,"parent":0,"text":"resolved derivation: '/tmp/obrador-shared-pins-linux/round-3-after/chain-round-1-jobs-8/store/miq2csdw0p8hqj7s0j54blcs1sg3py9m-leaf-29.drv.drv' -> '/tmp/obrador-shared-pins-linux/round-3-after/chain-round-1-jobs-8/store/qdc2qpwmpdxqidnkz7vdb22m7dzqi1db-leaf-29.drv.drv'","type":111}
@nix {"action":"result","fields":[86,90,0,0],"id":5476031762792450,"type":105}
@nix {"action":"result","fields":[0,0,0,0],"id":5476031762792451,"type":105}
@nix {"action":"result","fields":[101,0],"id":5476031762792449,"type":106}
@nix {"action":"result","fields":[100,0],"id":5476031762792449,"type":106}
@nix {"action":"start","fields":["/tmp/obrador-shared-pins-linux/round-3-after/chain-round-1-jobs-8/store/qdc2qpwmpdxqidnkz7vdb22m7dzqi1db-leaf-29.drv.drv","",1,1],"id":5476031762792539,"level":3,"parent":0,"text":"building '/tmp/obrador-shared-pins-linux/round-3-after/chain-round-1-jobs-8/store/qdc2qpwmpdxqidnkz7vdb22m7dzqi1db-leaf-29.drv.drv'","type":105}
@nix {"action":"result","fields":[86,90,1,0],"id":5476031762792450,"type":105}
@nix {"action":"result","fields":[0,0,0,0],"id":5476031762792451,"type":105}
@nix {"action":"result","fields":[101,0],"id":5476031762792449,"type":106}
@nix {"action":"result","fields":[100,0],"id":5476031762792449,"type":106}
@nix {"action":"result","fields":[87,91,0,0],"id":5476031762792450,"type":105}
@nix {"action":"result","fields":[0,0,0,0],"id":5476031762792451,"type":105}
@nix {"action":"result","fields":[101,0],"id":5476031762792449,"type":106}
@nix {"action":"result","fields":[100,0],"id":5476031762792449,"type":106}
@nix {"action":"stop","id":5476031762792539}
@nix {"action":"result","fields":[88,91,0,0],"id":5476031762792450,"type":105}
@nix {"action":"result","fields":[0,0,0,0],"id":5476031762792451,"type":105}
@nix {"action":"result","fields":[101,0],"id":5476031762792449,"type":106}
@nix {"action":"result","fields":[100,0],"id":5476031762792449,"type":106}
@nix {"action":"stop","id":5476031762792538}
@nix {"action":"result","fields":[88,91,0,0],"id":5476031762792450,"type":105}
@nix {"action":"result","fields":[0,0,0,0],"id":5476031762792451,"type":105}
@nix {"action":"result","fields":[101,0],"id":5476031762792449,"type":106}
@nix {"action":"result","fields":[100,0],"id":5476031762792449,"type":106}
@nix {"action":"start","fields":["/tmp/obrador-shared-pins-linux/round-3-after/chain-round-1-jobs-8/store/4v15h07vnwgcf421i9qql20hbf29zmbv-leaf-29.drv","",1,1],"id":5476031762792540,"level":3,"parent":0,"text":"building '/tmp/obrador-shared-pins-linux/round-3-after/chain-round-1-jobs-8/store/4v15h07vnwgcf421i9qql20hbf29zmbv-leaf-29.drv'","type":105}
@nix {"action":"result","fields":[88,91,1,0],"id":5476031762792450,"type":105}
@nix {"action":"result","fields":[0,0,0,0],"id":5476031762792451,"type":105}
@nix {"action":"result","fields":[101,0],"id":5476031762792449,"type":106}
@nix {"action":"result","fields":[100,0],"id":5476031762792449,"type":106}
@nix {"action":"result","fields":[89,92,0,0],"id":5476031762792450,"type":105}
@nix {"action":"result","fields":[0,0,0,0],"id":5476031762792451,"type":105}
@nix {"action":"result","fields":[101,0],"id":5476031762792449,"type":106}
@nix {"action":"result","fields":[100,0],"id":5476031762792449,"type":106}
@nix {"action":"stop","id":5476031762792540}
@nix {"action":"start","fields":["/tmp/obrador-shared-pins-linux/round-3-after/chain-round-1-jobs-8/store/7dfsq73jcz16jsm1xnkli6cp3q9rk27b-leaf-30.drv.drv","/tmp/obrador-shared-pins-linux/round-3-after/chain-round-1-jobs-8/store/g15kjnv8p4ad9h6qikngfvy3qjc334mh-leaf-30.drv.drv"],"id":5476031762792541,"level":3,"parent":0,"text":"resolved derivation: '/tmp/obrador-shared-pins-linux/round-3-after/chain-round-1-jobs-8/store/7dfsq73jcz16jsm1xnkli6cp3q9rk27b-leaf-30.drv.drv' -> '/tmp/obrador-shared-pins-linux/round-3-after/chain-round-1-jobs-8/store/g15kjnv8p4ad9h6qikngfvy3qjc334mh-leaf-30.drv.drv'","type":111}
@nix {"action":"result","fields":[89,92,0,0],"id":5476031762792450,"type":105}
@nix {"action":"result","fields":[0,0,0,0],"id":5476031762792451,"type":105}
@nix {"action":"result","fields":[101,0],"id":5476031762792449,"type":106}
@nix {"action":"result","fields":[100,0],"id":5476031762792449,"type":106}
@nix {"action":"start","fields":["/tmp/obrador-shared-pins-linux/round-3-after/chain-round-1-jobs-8/store/g15kjnv8p4ad9h6qikngfvy3qjc334mh-leaf-30.drv.drv","",1,1],"id":5476031762792542,"level":3,"parent":0,"text":"building '/tmp/obrador-shared-pins-linux/round-3-after/chain-round-1-jobs-8/store/g15kjnv8p4ad9h6qikngfvy3qjc334mh-leaf-30.drv.drv'","type":105}
@nix {"action":"result","fields":[89,92,1,0],"id":5476031762792450,"type":105}
@nix {"action":"result","fields":[0,0,0,0],"id":5476031762792451,"type":105}
@nix {"action":"result","fields":[101,0],"id":5476031762792449,"type":106}
@nix {"action":"result","fields":[100,0],"id":5476031762792449,"type":106}
@nix {"action":"result","fields":[90,93,0,0],"id":5476031762792450,"type":105}
@nix {"action":"result","fields":[0,0,0,0],"id":5476031762792451,"type":105}
@nix {"action":"result","fields":[101,0],"id":5476031762792449,"type":106}
@nix {"action":"result","fields":[100,0],"id":5476031762792449,"type":106}
@nix {"action":"stop","id":5476031762792542}
@nix {"action":"result","fields":[91,93,0,0],"id":5476031762792450,"type":105}
@nix {"action":"result","fields":[0,0,0,0],"id":5476031762792451,"type":105}
@nix {"action":"result","fields":[101,0],"id":5476031762792449,"type":106}
@nix {"action":"result","fields":[100,0],"id":5476031762792449,"type":106}
@nix {"action":"stop","id":5476031762792541}
@nix {"action":"result","fields":[91,93,0,0],"id":5476031762792450,"type":105}
@nix {"action":"result","fields":[0,0,0,0],"id":5476031762792451,"type":105}
@nix {"action":"result","fields":[101,0],"id":5476031762792449,"type":106}
@nix {"action":"result","fields":[100,0],"id":5476031762792449,"type":106}
@nix {"action":"start","fields":["/tmp/obrador-shared-pins-linux/round-3-after/chain-round-1-jobs-8/store/g6x0wnqzj8wwk453p9ijpvyj9jz2kr0v-leaf-30.drv","",1,1],"id":5476031762792543,"level":3,"parent":0,"text":"building '/tmp/obrador-shared-pins-linux/round-3-after/chain-round-1-jobs-8/store/g6x0wnqzj8wwk453p9ijpvyj9jz2kr0v-leaf-30.drv'","type":105}
@nix {"action":"result","fields":[91,93,1,0],"id":5476031762792450,"type":105}
@nix {"action":"result","fields":[0,0,0,0],"id":5476031762792451,"type":105}
@nix {"action":"result","fields":[101,0],"id":5476031762792449,"type":106}
@nix {"action":"result","fields":[100,0],"id":5476031762792449,"type":106}
@nix {"action":"result","fields":[92,94,0,0],"id":5476031762792450,"type":105}
@nix {"action":"result","fields":[0,0,0,0],"id":5476031762792451,"type":105}
@nix {"action":"result","fields":[101,0],"id":5476031762792449,"type":106}
@nix {"action":"result","fields":[100,0],"id":5476031762792449,"type":106}
@nix {"action":"stop","id":5476031762792543}
@nix {"action":"start","fields":["/tmp/obrador-shared-pins-linux/round-3-after/chain-round-1-jobs-8/store/s54xbigvp5jk4wkf96wmp043z39gvgql-leaf-31.drv.drv","/tmp/obrador-shared-pins-linux/round-3-after/chain-round-1-jobs-8/store/d8w87i208y73f7x230rvmn24sapnfqk0-leaf-31.drv.drv"],"id":5476031762792544,"level":3,"parent":0,"text":"resolved derivation: '/tmp/obrador-shared-pins-linux/round-3-after/chain-round-1-jobs-8/store/s54xbigvp5jk4wkf96wmp043z39gvgql-leaf-31.drv.drv' -> '/tmp/obrador-shared-pins-linux/round-3-after/chain-round-1-jobs-8/store/d8w87i208y73f7x230rvmn24sapnfqk0-leaf-31.drv.drv'","type":111}
@nix {"action":"result","fields":[92,94,0,0],"id":5476031762792450,"type":105}
@nix {"action":"result","fields":[0,0,0,0],"id":5476031762792451,"type":105}
@nix {"action":"result","fields":[101,0],"id":5476031762792449,"type":106}
@nix {"action":"result","fields":[100,0],"id":5476031762792449,"type":106}
@nix {"action":"start","fields":["/tmp/obrador-shared-pins-linux/round-3-after/chain-round-1-jobs-8/store/d8w87i208y73f7x230rvmn24sapnfqk0-leaf-31.drv.drv","",1,1],"id":5476031762792545,"level":3,"parent":0,"text":"building '/tmp/obrador-shared-pins-linux/round-3-after/chain-round-1-jobs-8/store/d8w87i208y73f7x230rvmn24sapnfqk0-leaf-31.drv.drv'","type":105}
@nix {"action":"result","fields":[92,94,1,0],"id":5476031762792450,"type":105}
@nix {"action":"result","fields":[0,0,0,0],"id":5476031762792451,"type":105}
@nix {"action":"result","fields":[101,0],"id":5476031762792449,"type":106}
@nix {"action":"result","fields":[100,0],"id":5476031762792449,"type":106}
@nix {"action":"result","fields":[93,95,0,0],"id":5476031762792450,"type":105}
@nix {"action":"result","fields":[0,0,0,0],"id":5476031762792451,"type":105}
@nix {"action":"result","fields":[101,0],"id":5476031762792449,"type":106}
@nix {"action":"result","fields":[100,0],"id":5476031762792449,"type":106}
@nix {"action":"stop","id":5476031762792545}
@nix {"action":"result","fields":[94,95,0,0],"id":5476031762792450,"type":105}
@nix {"action":"result","fields":[0,0,0,0],"id":5476031762792451,"type":105}
@nix {"action":"result","fields":[101,0],"id":5476031762792449,"type":106}
@nix {"action":"result","fields":[100,0],"id":5476031762792449,"type":106}
@nix {"action":"stop","id":5476031762792544}
@nix {"action":"result","fields":[94,95,0,0],"id":5476031762792450,"type":105}
@nix {"action":"result","fields":[0,0,0,0],"id":5476031762792451,"type":105}
@nix {"action":"result","fields":[101,0],"id":5476031762792449,"type":106}
@nix {"action":"result","fields":[100,0],"id":5476031762792449,"type":106}
@nix {"action":"start","fields":["/tmp/obrador-shared-pins-linux/round-3-after/chain-round-1-jobs-8/store/khp5g4fvqgxps7r52m2y2mig2ysqli7v-leaf-31.drv","",1,1],"id":5476031762792546,"level":3,"parent":0,"text":"building '/tmp/obrador-shared-pins-linux/round-3-after/chain-round-1-jobs-8/store/khp5g4fvqgxps7r52m2y2mig2ysqli7v-leaf-31.drv'","type":105}
@nix {"action":"result","fields":[94,95,1,0],"id":5476031762792450,"type":105}
@nix {"action":"result","fields":[0,0,0,0],"id":5476031762792451,"type":105}
@nix {"action":"result","fields":[101,0],"id":5476031762792449,"type":106}
@nix {"action":"result","fields":[100,0],"id":5476031762792449,"type":106}
@nix {"action":"result","fields":[95,96,0,0],"id":5476031762792450,"type":105}
@nix {"action":"result","fields":[0,0,0,0],"id":5476031762792451,"type":105}
@nix {"action":"result","fields":[101,0],"id":5476031762792449,"type":106}
@nix {"action":"result","fields":[100,0],"id":5476031762792449,"type":106}
@nix {"action":"stop","id":5476031762792546}
@nix {"action":"stop","id":5476031762792451}
@nix {"action":"stop","id":5476031762792450}
@nix {"action":"stop","id":5476031762792449}
